<gpx xmlns:ns3="http://www.garmin.com/xmlschemas/TrackPointExtension/v1" xmlns="http://www.topografix.com/GPX/1/1" xmlns:xsi="http://www.w3.org/2001/XMLSchema-instance" xmlns:ns2="http://www.garmin.com/xmlschemas/GpxExtensions/v3" creator="Garmin Connect" version="1.1" xsi:schemaLocation="http://www.topografix.com/GPX/1/1 http://www.topografix.com/GPX/11.xsd">
  <extensions>
<distance>7006.9</distance>
<average_hr>143.0</average_hr>
<average_speed>3.4189999103546143</average_speed>
<start_time>2026-04-10T14:21:30+00:00</start_time>
<end_time>2026-04-10T14:55:39.275000+00:00</end_time>
<moving_time>2040.265</moving_time>
<elapsed_time>2049.275</elapsed_time>
</extensions>
<metadata>
    <link href="connect.garmin.com">
      <text>Garmin Connect</text>
    </link>
    <time>2026-04-10T14:21:30.000Z</time>
  </metadata>
  <trk>
    <name>Running</name>
    <type>running</type>
    <trkseg>
      <trkpt lat="37.4817572347819805145263671875" lon="126.949927322566509246826171875">
        <ele>44.799999237060546875</ele>
        <time>2026-04-10T14:21:30.000Z</time>
        <extensions>
          <ns3:TrackPointExtension>
            <ns3:hr>76</ns3:hr>
            <ns3:cad>0</ns3:cad>
          </ns3:TrackPointExtension>
        </extensions>
      </trkpt>
      <trkpt lat="37.481746338307857513427734375" lon="126.94991734810173511505126953125">
        <ele>44.799999237060546875</ele>
        <time>2026-04-10T14:21:31.000Z</time>
        <extensions>
          <ns3:TrackPointExtension>
            <ns3:hr>78</ns3:hr>
            <ns3:cad>0</ns3:cad>
          </ns3:TrackPointExtension>
        </extensions>
      </trkpt>
      <trkpt lat="37.481746338307857513427734375" lon="126.9499248079955577850341796875">
        <ele>44.799999237060546875</ele>
        <time>2026-04-10T14:21:32.000Z</time>
        <extensions>
          <ns3:TrackPointExtension>
            <ns3:hr>80</ns3:hr>
            <ns3:cad>0</ns3:cad>
          </ns3:TrackPointExtension>
        </extensions>
      </trkpt>
      <trkpt lat="37.4817491881549358367919921875" lon="126.949950791895389556884765625">
        <ele>44.799999237060546875</ele>
        <time>2026-04-10T14:21:33.000Z</time>
        <extensions>
          <ns3:TrackPointExtension>
            <ns3:hr>81</ns3:hr>
            <ns3:cad>0</ns3:cad>
          </ns3:TrackPointExtension>
        </extensions>
      </trkpt>
      <trkpt lat="37.48175027780234813690185546875" lon="126.94997685961425304412841796875">
        <ele>44.799999237060546875</ele>
        <time>2026-04-10T14:21:34.000Z</time>
        <extensions>
          <ns3:TrackPointExtension>
            <ns3:hr>82</ns3:hr>
            <ns3:cad>0</ns3:cad>
          </ns3:TrackPointExtension>
        </extensions>
      </trkpt>
      <trkpt lat="37.4817501939833164215087890625" lon="126.95000938139855861663818359375">
        <ele>44.799999237060546875</ele>
        <time>2026-04-10T14:21:35.000Z</time>
        <extensions>
          <ns3:TrackPointExtension>
            <ns3:hr>84</ns3:hr>
            <ns3:cad>0</ns3:cad>
          </ns3:TrackPointExtension>
        </extensions>
      </trkpt>
      <trkpt lat="37.4817495234310626983642578125" lon="126.95005414076149463653564453125">
        <ele>44.799999237060546875</ele>
        <time>2026-04-10T14:21:36.000Z</time>
        <extensions>
          <ns3:TrackPointExtension>
            <ns3:hr>84</ns3:hr>
            <ns3:cad>0</ns3:cad>
          </ns3:TrackPointExtension>
        </extensions>
      </trkpt>
      <trkpt lat="37.48174491338431835174560546875" lon="126.95009403862059116363525390625">
        <ele>44.799999237060546875</ele>
        <time>2026-04-10T14:21:37.000Z</time>
        <extensions>
          <ns3:TrackPointExtension>
            <ns3:hr>85</ns3:hr>
            <ns3:cad>83</ns3:cad>
          </ns3:TrackPointExtension>
        </extensions>
      </trkpt>
      <trkpt lat="37.48174038715660572052001953125" lon="126.95013485848903656005859375">
        <ele>44.799999237060546875</ele>
        <time>2026-04-10T14:21:38.000Z</time>
        <extensions>
          <ns3:TrackPointExtension>
            <ns3:hr>86</ns3:hr>
            <ns3:cad>82</ns3:cad>
          </ns3:TrackPointExtension>
        </extensions>
      </trkpt>
      <trkpt lat="37.48173552565276622772216796875" lon="126.9501771032810211181640625">
        <ele>45</ele>
        <time>2026-04-10T14:21:39.000Z</time>
        <extensions>
          <ns3:TrackPointExtension>
            <ns3:hr>87</ns3:hr>
            <ns3:cad>82</ns3:cad>
          </ns3:TrackPointExtension>
        </extensions>
      </trkpt>
      <trkpt lat="37.4817364476621150970458984375" lon="126.95020803250372409820556640625">
        <ele>45</ele>
        <time>2026-04-10T14:21:40.000Z</time>
        <extensions>
          <ns3:TrackPointExtension>
            <ns3:hr>88</ns3:hr>
            <ns3:cad>82</ns3:cad>
          </ns3:TrackPointExtension>
        </extensions>
      </trkpt>
      <trkpt lat="37.4817290715873241424560546875" lon="126.9502530433237552642822265625">
        <ele>45</ele>
        <time>2026-04-10T14:21:41.000Z</time>
        <extensions>
          <ns3:TrackPointExtension>
            <ns3:hr>89</ns3:hr>
            <ns3:cad>82</ns3:cad>
          </ns3:TrackPointExtension>
        </extensions>
      </trkpt>
      <trkpt lat="37.4817238748073577880859375" lon="126.95028983987867832183837890625">
        <ele>45</ele>
        <time>2026-04-10T14:21:42.000Z</time>
        <extensions>
          <ns3:TrackPointExtension>
            <ns3:hr>91</ns3:hr>
            <ns3:cad>82</ns3:cad>
          </ns3:TrackPointExtension>
        </extensions>
      </trkpt>
      <trkpt lat="37.48171876184642314910888671875" lon="126.9503284804522991180419921875">
        <ele>45.200000762939453125</ele>
        <time>2026-04-10T14:21:43.000Z</time>
        <extensions>
          <ns3:TrackPointExtension>
            <ns3:hr>92</ns3:hr>
            <ns3:cad>82</ns3:cad>
          </ns3:TrackPointExtension>
        </extensions>
      </trkpt>
      <trkpt lat="37.48171155340969562530517578125" lon="126.95036930032074451446533203125">
        <ele>45</ele>
        <time>2026-04-10T14:21:44.000Z</time>
        <extensions>
          <ns3:TrackPointExtension>
            <ns3:hr>94</ns3:hr>
            <ns3:cad>82</ns3:cad>
          </ns3:TrackPointExtension>
        </extensions>
      </trkpt>
      <trkpt lat="37.4817099608480930328369140625" lon="126.95040081627666950225830078125">
        <ele>45</ele>
        <time>2026-04-10T14:21:45.000Z</time>
        <extensions>
          <ns3:TrackPointExtension>
            <ns3:hr>95</ns3:hr>
            <ns3:cad>82</ns3:cad>
          </ns3:TrackPointExtension>
        </extensions>
      </trkpt>
      <trkpt lat="37.4817050993442535400390625" lon="126.9504345953464508056640625">
        <ele>44.799999237060546875</ele>
        <time>2026-04-10T14:21:46.000Z</time>
        <extensions>
          <ns3:TrackPointExtension>
            <ns3:hr>97</ns3:hr>
            <ns3:cad>83</ns3:cad>
          </ns3:TrackPointExtension>
        </extensions>
      </trkpt>
      <trkpt lat="37.4817005731165409088134765625" lon="126.95047507993876934051513671875">
        <ele>44.799999237060546875</ele>
        <time>2026-04-10T14:21:47.000Z</time>
        <extensions>
          <ns3:TrackPointExtension>
            <ns3:hr>98</ns3:hr>
            <ns3:cad>83</ns3:cad>
          </ns3:TrackPointExtension>
        </extensions>
      </trkpt>
      <trkpt lat="37.48169914819300174713134765625" lon="126.95051212795078754425048828125">
        <ele>44.799999237060546875</ele>
        <time>2026-04-10T14:21:48.000Z</time>
        <extensions>
          <ns3:TrackPointExtension>
            <ns3:hr>100</ns3:hr>
            <ns3:cad>83</ns3:cad>
          </ns3:TrackPointExtension>
        </extensions>
      </trkpt>
      <trkpt lat="37.48169244267046451568603515625" lon="126.95056040771305561065673828125">
        <ele>45</ele>
        <time>2026-04-10T14:21:49.000Z</time>
        <extensions>
          <ns3:TrackPointExtension>
            <ns3:hr>101</ns3:hr>
            <ns3:cad>83</ns3:cad>
          </ns3:TrackPointExtension>
        </extensions>
      </trkpt>
      <trkpt lat="37.48169101774692535400390625" lon="126.95059661753475666046142578125">
        <ele>45</ele>
        <time>2026-04-10T14:21:50.000Z</time>
        <extensions>
          <ns3:TrackPointExtension>
            <ns3:hr>103</ns3:hr>
            <ns3:cad>83</ns3:cad>
          </ns3:TrackPointExtension>
        </extensions>
      </trkpt>
      <trkpt lat="37.4816901795566082000732421875" lon="126.95063282735645771026611328125">
        <ele>45</ele>
        <time>2026-04-10T14:21:51.000Z</time>
        <extensions>
          <ns3:TrackPointExtension>
            <ns3:hr>104</ns3:hr>
            <ns3:cad>82</ns3:cad>
          </ns3:TrackPointExtension>
        </extensions>
      </trkpt>
      <trkpt lat="37.48168959282338619232177734375" lon="126.9506707973778247833251953125">
        <ele>45.200000762939453125</ele>
        <time>2026-04-10T14:21:52.000Z</time>
        <extensions>
          <ns3:TrackPointExtension>
            <ns3:hr>105</ns3:hr>
            <ns3:cad>81</ns3:cad>
          </ns3:TrackPointExtension>
        </extensions>
      </trkpt>
      <trkpt lat="37.4816931970417499542236328125" lon="126.9507023133337497711181640625">
        <ele>45.200000762939453125</ele>
        <time>2026-04-10T14:21:53.000Z</time>
        <extensions>
          <ns3:TrackPointExtension>
            <ns3:hr>107</ns3:hr>
            <ns3:cad>81</ns3:cad>
          </ns3:TrackPointExtension>
        </extensions>
      </trkpt>
      <trkpt lat="37.4816921912133693695068359375" lon="126.9507415406405925750732421875">
        <ele>45.200000762939453125</ele>
        <time>2026-04-10T14:21:54.000Z</time>
        <extensions>
          <ns3:TrackPointExtension>
            <ns3:hr>108</ns3:hr>
            <ns3:cad>81</ns3:cad>
          </ns3:TrackPointExtension>
        </extensions>
      </trkpt>
      <trkpt lat="37.48169210739433765411376953125" lon="126.9507821090519428253173828125">
        <ele>45.40000152587890625</ele>
        <time>2026-04-10T14:21:55.000Z</time>
        <extensions>
          <ns3:TrackPointExtension>
            <ns3:hr>109</ns3:hr>
            <ns3:cad>81</ns3:cad>
          </ns3:TrackPointExtension>
        </extensions>
      </trkpt>
      <trkpt lat="37.48169546015560626983642578125" lon="126.9507993757724761962890625">
        <ele>45.59999847412109375</ele>
        <time>2026-04-10T14:21:56.000Z</time>
        <extensions>
          <ns3:TrackPointExtension>
            <ns3:hr>111</ns3:hr>
            <ns3:cad>81</ns3:cad>
          </ns3:TrackPointExtension>
        </extensions>
      </trkpt>
      <trkpt lat="37.48169395141303539276123046875" lon="126.9508226774632930755615234375">
        <ele>45.59999847412109375</ele>
        <time>2026-04-10T14:21:57.000Z</time>
        <extensions>
          <ns3:TrackPointExtension>
            <ns3:hr>112</ns3:hr>
            <ns3:cad>0</ns3:cad>
          </ns3:TrackPointExtension>
        </extensions>
      </trkpt>
      <trkpt lat="37.4816928617656230926513671875" lon="126.9508568756282329559326171875">
        <ele>45.59999847412109375</ele>
        <time>2026-04-10T14:21:58.000Z</time>
        <extensions>
          <ns3:TrackPointExtension>
            <ns3:hr>113</ns3:hr>
            <ns3:cad>0</ns3:cad>
          </ns3:TrackPointExtension>
        </extensions>
      </trkpt>
      <trkpt lat="37.4816972203552722930908203125" lon="126.95088579319417476654052734375">
        <ele>45.59999847412109375</ele>
        <time>2026-04-10T14:21:59.000Z</time>
        <extensions>
          <ns3:TrackPointExtension>
            <ns3:hr>115</ns3:hr>
            <ns3:cad>0</ns3:cad>
          </ns3:TrackPointExtension>
        </extensions>
      </trkpt>
      <trkpt lat="37.48168573714792728424072265625" lon="126.95092141628265380859375">
        <ele>45.59999847412109375</ele>
        <time>2026-04-10T14:22:00.000Z</time>
        <extensions>
          <ns3:TrackPointExtension>
            <ns3:hr>115</ns3:hr>
            <ns3:cad>0</ns3:cad>
          </ns3:TrackPointExtension>
        </extensions>
      </trkpt>
      <trkpt lat="37.48168699443340301513671875" lon="126.95094631053507328033447265625">
        <ele>45.799999237060546875</ele>
        <time>2026-04-10T14:22:01.000Z</time>
        <extensions>
          <ns3:TrackPointExtension>
            <ns3:hr>116</ns3:hr>
            <ns3:cad>0</ns3:cad>
          </ns3:TrackPointExtension>
        </extensions>
      </trkpt>
      <trkpt lat="37.48168372549116611480712890625" lon="126.95097732357680797576904296875">
        <ele>46</ele>
        <time>2026-04-10T14:22:02.000Z</time>
        <extensions>
          <ns3:TrackPointExtension>
            <ns3:hr>117</ns3:hr>
            <ns3:cad>0</ns3:cad>
          </ns3:TrackPointExtension>
        </extensions>
      </trkpt>
      <trkpt lat="37.48168104328215122222900390625" lon="126.9510067440569400787353515625">
        <ele>46</ele>
        <time>2026-04-10T14:22:03.000Z</time>
        <extensions>
          <ns3:TrackPointExtension>
            <ns3:hr>117</ns3:hr>
            <ns3:cad>82</ns3:cad>
          </ns3:TrackPointExtension>
        </extensions>
      </trkpt>
      <trkpt lat="37.4816767685115337371826171875" lon="126.95103314705193042755126953125">
        <ele>46</ele>
        <time>2026-04-10T14:22:04.000Z</time>
        <extensions>
          <ns3:TrackPointExtension>
            <ns3:hr>118</ns3:hr>
            <ns3:cad>82</ns3:cad>
          </ns3:TrackPointExtension>
        </extensions>
      </trkpt>
      <trkpt lat="37.48167349956929683685302734375" lon="126.95105527527630329132080078125">
        <ele>46.200000762939453125</ele>
        <time>2026-04-10T14:22:05.000Z</time>
        <extensions>
          <ns3:TrackPointExtension>
            <ns3:hr>119</ns3:hr>
            <ns3:cad>82</ns3:cad>
          </ns3:TrackPointExtension>
        </extensions>
      </trkpt>
      <trkpt lat="37.48167601414024829864501953125" lon="126.9510898925364017486572265625">
        <ele>46.200000762939453125</ele>
        <time>2026-04-10T14:22:06.000Z</time>
        <extensions>
          <ns3:TrackPointExtension>
            <ns3:hr>121</ns3:hr>
            <ns3:cad>82</ns3:cad>
          </ns3:TrackPointExtension>
        </extensions>
      </trkpt>
      <trkpt lat="37.48167718760669231414794921875" lon="126.951112188398838043212890625">
        <ele>46.200000762939453125</ele>
        <time>2026-04-10T14:22:07.000Z</time>
        <extensions>
          <ns3:TrackPointExtension>
            <ns3:hr>122</ns3:hr>
            <ns3:cad>82</ns3:cad>
          </ns3:TrackPointExtension>
        </extensions>
      </trkpt>
      <trkpt lat="37.4816703982651233673095703125" lon="126.95115217007696628570556640625">
        <ele>46.200000762939453125</ele>
        <time>2026-04-10T14:22:08.000Z</time>
        <extensions>
          <ns3:TrackPointExtension>
            <ns3:hr>123</ns3:hr>
            <ns3:cad>82</ns3:cad>
          </ns3:TrackPointExtension>
        </extensions>
      </trkpt>
      <trkpt lat="37.4816643632948398590087890625" lon="126.9511856138706207275390625">
        <ele>46.200000762939453125</ele>
        <time>2026-04-10T14:22:09.000Z</time>
        <extensions>
          <ns3:TrackPointExtension>
            <ns3:hr>125</ns3:hr>
            <ns3:cad>82</ns3:cad>
          </ns3:TrackPointExtension>
        </extensions>
      </trkpt>
      <trkpt lat="37.48166109435260295867919921875" lon="126.9512263499200344085693359375">
        <ele>46.200000762939453125</ele>
        <time>2026-04-10T14:22:10.000Z</time>
        <extensions>
          <ns3:TrackPointExtension>
            <ns3:hr>126</ns3:hr>
            <ns3:cad>82</ns3:cad>
          </ns3:TrackPointExtension>
        </extensions>
      </trkpt>
      <trkpt lat="37.4816543050110340118408203125" lon="126.95126985199749469757080078125">
        <ele>46.200000762939453125</ele>
        <time>2026-04-10T14:22:11.000Z</time>
        <extensions>
          <ns3:TrackPointExtension>
            <ns3:hr>126</ns3:hr>
            <ns3:cad>83</ns3:cad>
          </ns3:TrackPointExtension>
        </extensions>
      </trkpt>
      <trkpt lat="37.4816502816975116729736328125" lon="126.95130505599081516265869140625">
        <ele>46.200000762939453125</ele>
        <time>2026-04-10T14:22:12.000Z</time>
        <extensions>
          <ns3:TrackPointExtension>
            <ns3:hr>127</ns3:hr>
            <ns3:cad>83</ns3:cad>
          </ns3:TrackPointExtension>
        </extensions>
      </trkpt>
      <trkpt lat="37.48164466582238674163818359375" lon="126.9513406790792942047119140625">
        <ele>46.200000762939453125</ele>
        <time>2026-04-10T14:22:13.000Z</time>
        <extensions>
          <ns3:TrackPointExtension>
            <ns3:hr>128</ns3:hr>
            <ns3:cad>83</ns3:cad>
          </ns3:TrackPointExtension>
        </extensions>
      </trkpt>
      <trkpt lat="37.48163695447146892547607421875" lon="126.9513755477964878082275390625">
        <ele>46.40000152587890625</ele>
        <time>2026-04-10T14:22:14.000Z</time>
        <extensions>
          <ns3:TrackPointExtension>
            <ns3:hr>129</ns3:hr>
            <ns3:cad>82</ns3:cad>
          </ns3:TrackPointExtension>
        </extensions>
      </trkpt>
      <trkpt lat="37.48163762502372264862060546875" lon="126.95140513591468334197998046875">
        <ele>46.40000152587890625</ele>
        <time>2026-04-10T14:22:15.000Z</time>
        <extensions>
          <ns3:TrackPointExtension>
            <ns3:hr>130</ns3:hr>
            <ns3:cad>82</ns3:cad>
          </ns3:TrackPointExtension>
        </extensions>
      </trkpt>
      <trkpt lat="37.4816291593015193939208984375" lon="126.9514439441263675689697265625">
        <ele>46.40000152587890625</ele>
        <time>2026-04-10T14:22:16.000Z</time>
        <extensions>
          <ns3:TrackPointExtension>
            <ns3:hr>131</ns3:hr>
            <ns3:cad>82</ns3:cad>
          </ns3:TrackPointExtension>
        </extensions>
      </trkpt>
      <trkpt lat="37.48162857256829738616943359375" lon="126.9514811597764492034912109375">
        <ele>46.40000152587890625</ele>
        <time>2026-04-10T14:22:17.000Z</time>
        <extensions>
          <ns3:TrackPointExtension>
            <ns3:hr>132</ns3:hr>
            <ns3:cad>82</ns3:cad>
          </ns3:TrackPointExtension>
        </extensions>
      </trkpt>
      <trkpt lat="37.48162354342639446258544921875" lon="126.9515180401504039764404296875">
        <ele>46.40000152587890625</ele>
        <time>2026-04-10T14:22:18.000Z</time>
        <extensions>
          <ns3:TrackPointExtension>
            <ns3:hr>132</ns3:hr>
            <ns3:cad>82</ns3:cad>
          </ns3:TrackPointExtension>
        </extensions>
      </trkpt>
      <trkpt lat="37.48162488453090190887451171875" lon="126.95156849920749664306640625">
        <ele>46.40000152587890625</ele>
        <time>2026-04-10T14:22:19.000Z</time>
        <extensions>
          <ns3:TrackPointExtension>
            <ns3:hr>133</ns3:hr>
            <ns3:cad>82</ns3:cad>
          </ns3:TrackPointExtension>
        </extensions>
      </trkpt>
      <trkpt lat="37.481626309454441070556640625" lon="126.951605714857578277587890625">
        <ele>46.40000152587890625</ele>
        <time>2026-04-10T14:22:20.000Z</time>
        <extensions>
          <ns3:TrackPointExtension>
            <ns3:hr>134</ns3:hr>
            <ns3:cad>82</ns3:cad>
          </ns3:TrackPointExtension>
        </extensions>
      </trkpt>
      <trkpt lat="37.48162304051220417022705078125" lon="126.95164469070732593536376953125">
        <ele>46.40000152587890625</ele>
        <time>2026-04-10T14:22:21.000Z</time>
        <extensions>
          <ns3:TrackPointExtension>
            <ns3:hr>134</ns3:hr>
            <ns3:cad>82</ns3:cad>
          </ns3:TrackPointExtension>
        </extensions>
      </trkpt>
      <trkpt lat="37.4816217832267284393310546875" lon="126.95167805068194866180419921875">
        <ele>46.40000152587890625</ele>
        <time>2026-04-10T14:22:22.000Z</time>
        <extensions>
          <ns3:TrackPointExtension>
            <ns3:hr>135</ns3:hr>
            <ns3:cad>82</ns3:cad>
          </ns3:TrackPointExtension>
        </extensions>
      </trkpt>
      <trkpt lat="37.48161968775093555450439453125" lon="126.951696574687957763671875">
        <ele>46.40000152587890625</ele>
        <time>2026-04-10T14:22:23.000Z</time>
        <extensions>
          <ns3:TrackPointExtension>
            <ns3:hr>136</ns3:hr>
            <ns3:cad>82</ns3:cad>
          </ns3:TrackPointExtension>
        </extensions>
      </trkpt>
      <trkpt lat="37.48161331750452518463134765625" lon="126.95173353888094425201416015625">
        <ele>46.40000152587890625</ele>
        <time>2026-04-10T14:22:24.000Z</time>
        <extensions>
          <ns3:TrackPointExtension>
            <ns3:hr>136</ns3:hr>
            <ns3:cad>82</ns3:cad>
          </ns3:TrackPointExtension>
        </extensions>
      </trkpt>
      <trkpt lat="37.48161046765744686126708984375" lon="126.9517671503126621246337890625">
        <ele>46.40000152587890625</ele>
        <time>2026-04-10T14:22:25.000Z</time>
        <extensions>
          <ns3:TrackPointExtension>
            <ns3:hr>137</ns3:hr>
            <ns3:cad>82</ns3:cad>
          </ns3:TrackPointExtension>
        </extensions>
      </trkpt>
      <trkpt lat="37.4816050194203853607177734375" lon="126.9517949782311916351318359375">
        <ele>46.40000152587890625</ele>
        <time>2026-04-10T14:22:26.000Z</time>
        <extensions>
          <ns3:TrackPointExtension>
            <ns3:hr>137</ns3:hr>
            <ns3:cad>82</ns3:cad>
          </ns3:TrackPointExtension>
        </extensions>
      </trkpt>
      <trkpt lat="37.48159839771687984466552734375" lon="126.95183001458644866943359375">
        <ele>46.59999847412109375</ele>
        <time>2026-04-10T14:22:27.000Z</time>
        <extensions>
          <ns3:TrackPointExtension>
            <ns3:hr>137</ns3:hr>
            <ns3:cad>82</ns3:cad>
          </ns3:TrackPointExtension>
        </extensions>
      </trkpt>
      <trkpt lat="37.48159437440335750579833984375" lon="126.95185742340981960296630859375">
        <ele>46.59999847412109375</ele>
        <time>2026-04-10T14:22:28.000Z</time>
        <extensions>
          <ns3:TrackPointExtension>
            <ns3:hr>138</ns3:hr>
            <ns3:cad>82</ns3:cad>
          </ns3:TrackPointExtension>
        </extensions>
      </trkpt>
      <trkpt lat="37.48158699832856655120849609375" lon="126.95190469734370708465576171875">
        <ele>46.799999237060546875</ele>
        <time>2026-04-10T14:22:29.000Z</time>
        <extensions>
          <ns3:TrackPointExtension>
            <ns3:hr>137</ns3:hr>
            <ns3:cad>81</ns3:cad>
          </ns3:TrackPointExtension>
        </extensions>
      </trkpt>
      <trkpt lat="37.48158649541437625885009765625" lon="126.95194861851632595062255859375">
        <ele>46.799999237060546875</ele>
        <time>2026-04-10T14:22:30.000Z</time>
        <extensions>
          <ns3:TrackPointExtension>
            <ns3:hr>136</ns3:hr>
            <ns3:cad>81</ns3:cad>
          </ns3:TrackPointExtension>
        </extensions>
      </trkpt>
      <trkpt lat="37.48159169219434261322021484375" lon="126.95198558270931243896484375">
        <ele>46.799999237060546875</ele>
        <time>2026-04-10T14:22:31.000Z</time>
        <extensions>
          <ns3:TrackPointExtension>
            <ns3:hr>134</ns3:hr>
            <ns3:cad>81</ns3:cad>
          </ns3:TrackPointExtension>
        </extensions>
      </trkpt>
      <trkpt lat="37.4815902672708034515380859375" lon="126.95203210227191448211669921875">
        <ele>46.799999237060546875</ele>
        <time>2026-04-10T14:22:32.000Z</time>
        <extensions>
          <ns3:TrackPointExtension>
            <ns3:hr>132</ns3:hr>
            <ns3:cad>82</ns3:cad>
          </ns3:TrackPointExtension>
        </extensions>
      </trkpt>
      <trkpt lat="37.48158766888082027435302734375" lon="126.9520626962184906005859375">
        <ele>46.799999237060546875</ele>
        <time>2026-04-10T14:22:33.000Z</time>
        <extensions>
          <ns3:TrackPointExtension>
            <ns3:hr>131</ns3:hr>
            <ns3:cad>82</ns3:cad>
          </ns3:TrackPointExtension>
        </extensions>
      </trkpt>
      <trkpt lat="37.481588087975978851318359375" lon="126.95209966041147708892822265625">
        <ele>46.799999237060546875</ele>
        <time>2026-04-10T14:22:34.000Z</time>
        <extensions>
          <ns3:TrackPointExtension>
            <ns3:hr>131</ns3:hr>
            <ns3:cad>82</ns3:cad>
          </ns3:TrackPointExtension>
        </extensions>
      </trkpt>
      <trkpt lat="37.48158582486212253570556640625" lon="126.952136121690273284912109375">
        <ele>47</ele>
        <time>2026-04-10T14:22:35.000Z</time>
        <extensions>
          <ns3:TrackPointExtension>
            <ns3:hr>132</ns3:hr>
            <ns3:cad>82</ns3:cad>
          </ns3:TrackPointExtension>
        </extensions>
      </trkpt>
      <trkpt lat="37.48158129863440990447998046875" lon="126.95217912085354328155517578125">
        <ele>47</ele>
        <time>2026-04-10T14:22:36.000Z</time>
        <extensions>
          <ns3:TrackPointExtension>
            <ns3:hr>132</ns3:hr>
            <ns3:cad>82</ns3:cad>
          </ns3:TrackPointExtension>
        </extensions>
      </trkpt>
      <trkpt lat="37.48156973160803318023681640625" lon="126.95222471840679645538330078125">
        <ele>47.200000762939453125</ele>
        <time>2026-04-10T14:22:37.000Z</time>
        <extensions>
          <ns3:TrackPointExtension>
            <ns3:hr>133</ns3:hr>
            <ns3:cad>83</ns3:cad>
          </ns3:TrackPointExtension>
        </extensions>
      </trkpt>
      <trkpt lat="37.4815610982477664947509765625" lon="126.952266208827495574951171875">
        <ele>47.200000762939453125</ele>
        <time>2026-04-10T14:22:38.000Z</time>
        <extensions>
          <ns3:TrackPointExtension>
            <ns3:hr>133</ns3:hr>
            <ns3:cad>83</ns3:cad>
          </ns3:TrackPointExtension>
        </extensions>
      </trkpt>
      <trkpt lat="37.481551207602024078369140625" lon="126.95229713805019855499267578125">
        <ele>47.40000152587890625</ele>
        <time>2026-04-10T14:22:39.000Z</time>
        <extensions>
          <ns3:TrackPointExtension>
            <ns3:hr>133</ns3:hr>
            <ns3:cad>83</ns3:cad>
          </ns3:TrackPointExtension>
        </extensions>
      </trkpt>
      <trkpt lat="37.48153544962406158447265625" lon="126.95234491489827632904052734375">
        <ele>47.40000152587890625</ele>
        <time>2026-04-10T14:22:40.000Z</time>
        <extensions>
          <ns3:TrackPointExtension>
            <ns3:hr>134</ns3:hr>
            <ns3:cad>83</ns3:cad>
          </ns3:TrackPointExtension>
        </extensions>
      </trkpt>
      <trkpt lat="37.48153083957731723785400390625" lon="126.952381543815135955810546875">
        <ele>47.59999847412109375</ele>
        <time>2026-04-10T14:22:41.000Z</time>
        <extensions>
          <ns3:TrackPointExtension>
            <ns3:hr>134</ns3:hr>
            <ns3:cad>83</ns3:cad>
          </ns3:TrackPointExtension>
        </extensions>
      </trkpt>
      <trkpt lat="37.48152337968349456787109375" lon="126.95243242196738719940185546875">
        <ele>47.59999847412109375</ele>
        <time>2026-04-10T14:22:42.000Z</time>
        <extensions>
          <ns3:TrackPointExtension>
            <ns3:hr>135</ns3:hr>
            <ns3:cad>83</ns3:cad>
          </ns3:TrackPointExtension>
        </extensions>
      </trkpt>
      <trkpt lat="37.481515668332576751708984375" lon="126.95248237811028957366943359375">
        <ele>47.59999847412109375</ele>
        <time>2026-04-10T14:22:43.000Z</time>
        <extensions>
          <ns3:TrackPointExtension>
            <ns3:hr>136</ns3:hr>
            <ns3:cad>83</ns3:cad>
          </ns3:TrackPointExtension>
        </extensions>
      </trkpt>
      <trkpt lat="37.4815138243138790130615234375" lon="126.95251489989459514617919921875">
        <ele>47.59999847412109375</ele>
        <time>2026-04-10T14:22:44.000Z</time>
        <extensions>
          <ns3:TrackPointExtension>
            <ns3:hr>136</ns3:hr>
            <ns3:cad>83</ns3:cad>
          </ns3:TrackPointExtension>
        </extensions>
      </trkpt>
      <trkpt lat="37.48150669969618320465087890625" lon="126.952548511326313018798828125">
        <ele>47.59999847412109375</ele>
        <time>2026-04-10T14:22:45.000Z</time>
        <extensions>
          <ns3:TrackPointExtension>
            <ns3:hr>136</ns3:hr>
            <ns3:cad>83</ns3:cad>
          </ns3:TrackPointExtension>
        </extensions>
      </trkpt>
      <trkpt lat="37.4815041013062000274658203125" lon="126.9525910913944244384765625">
        <ele>47.40000152587890625</ele>
        <time>2026-04-10T14:22:46.000Z</time>
        <extensions>
          <ns3:TrackPointExtension>
            <ns3:hr>136</ns3:hr>
            <ns3:cad>82</ns3:cad>
          </ns3:TrackPointExtension>
        </extensions>
      </trkpt>
      <trkpt lat="37.48150653205811977386474609375" lon="126.95261011831462383270263671875">
        <ele>47.40000152587890625</ele>
        <time>2026-04-10T14:22:47.000Z</time>
        <extensions>
          <ns3:TrackPointExtension>
            <ns3:hr>136</ns3:hr>
            <ns3:cad>82</ns3:cad>
          </ns3:TrackPointExtension>
        </extensions>
      </trkpt>
      <trkpt lat="37.48150049708783626556396484375" lon="126.95264833979308605194091796875">
        <ele>47.200000762939453125</ele>
        <time>2026-04-10T14:22:48.000Z</time>
        <extensions>
          <ns3:TrackPointExtension>
            <ns3:hr>136</ns3:hr>
            <ns3:cad>82</ns3:cad>
          </ns3:TrackPointExtension>
        </extensions>
      </trkpt>
      <trkpt lat="37.48149680905044078826904296875" lon="126.95269343443214893341064453125">
        <ele>47.40000152587890625</ele>
        <time>2026-04-10T14:22:49.000Z</time>
        <extensions>
          <ns3:TrackPointExtension>
            <ns3:hr>136</ns3:hr>
            <ns3:cad>81</ns3:cad>
          </ns3:TrackPointExtension>
        </extensions>
      </trkpt>
      <trkpt lat="37.48149312101304531097412109375" lon="126.9527206756174564361572265625">
        <ele>47.40000152587890625</ele>
        <time>2026-04-10T14:22:50.000Z</time>
        <extensions>
          <ns3:TrackPointExtension>
            <ns3:hr>135</ns3:hr>
            <ns3:cad>81</ns3:cad>
          </ns3:TrackPointExtension>
        </extensions>
      </trkpt>
      <trkpt lat="37.481481134891510009765625" lon="126.95276878774166107177734375">
        <ele>47.40000152587890625</ele>
        <time>2026-04-10T14:22:51.000Z</time>
        <extensions>
          <ns3:TrackPointExtension>
            <ns3:hr>135</ns3:hr>
            <ns3:cad>81</ns3:cad>
          </ns3:TrackPointExtension>
        </extensions>
      </trkpt>
      <trkpt lat="37.48147183097898960113525390625" lon="126.9528056681156158447265625">
        <ele>47.40000152587890625</ele>
        <time>2026-04-10T14:22:52.000Z</time>
        <extensions>
          <ns3:TrackPointExtension>
            <ns3:hr>135</ns3:hr>
            <ns3:cad>81</ns3:cad>
          </ns3:TrackPointExtension>
        </extensions>
      </trkpt>
      <trkpt lat="37.48146093450486660003662109375" lon="126.95284347049891948699951171875">
        <ele>47.40000152587890625</ele>
        <time>2026-04-10T14:22:53.000Z</time>
        <extensions>
          <ns3:TrackPointExtension>
            <ns3:hr>135</ns3:hr>
            <ns3:cad>80</ns3:cad>
          </ns3:TrackPointExtension>
        </extensions>
      </trkpt>
      <trkpt lat="37.481443248689174652099609375" lon="126.9528852961957454681396484375">
        <ele>47.40000152587890625</ele>
        <time>2026-04-10T14:22:54.000Z</time>
        <extensions>
          <ns3:TrackPointExtension>
            <ns3:hr>136</ns3:hr>
            <ns3:cad>80</ns3:cad>
          </ns3:TrackPointExtension>
        </extensions>
      </trkpt>
      <trkpt lat="37.48141835443675518035888671875" lon="126.9529131241142749786376953125">
        <ele>47.59999847412109375</ele>
        <time>2026-04-10T14:22:55.000Z</time>
        <extensions>
          <ns3:TrackPointExtension>
            <ns3:hr>136</ns3:hr>
            <ns3:cad>81</ns3:cad>
          </ns3:TrackPointExtension>
        </extensions>
      </trkpt>
      <trkpt lat="37.48138549737632274627685546875" lon="126.95294556207954883575439453125">
        <ele>47.799999237060546875</ele>
        <time>2026-04-10T14:22:56.000Z</time>
        <extensions>
          <ns3:TrackPointExtension>
            <ns3:hr>137</ns3:hr>
            <ns3:cad>81</ns3:cad>
          </ns3:TrackPointExtension>
        </extensions>
      </trkpt>
      <trkpt lat="37.48136647045612335205078125" lon="126.95298026315867900848388671875">
        <ele>47.799999237060546875</ele>
        <time>2026-04-10T14:22:57.000Z</time>
        <extensions>
          <ns3:TrackPointExtension>
            <ns3:hr>137</ns3:hr>
            <ns3:cad>81</ns3:cad>
          </ns3:TrackPointExtension>
        </extensions>
      </trkpt>
      <trkpt lat="37.48134224675595760345458984375" lon="126.95301664061844348907470703125">
        <ele>47.799999237060546875</ele>
        <time>2026-04-10T14:22:58.000Z</time>
        <extensions>
          <ns3:TrackPointExtension>
            <ns3:hr>137</ns3:hr>
            <ns3:cad>81</ns3:cad>
          </ns3:TrackPointExtension>
        </extensions>
      </trkpt>
      <trkpt lat="37.48131123371422290802001953125" lon="126.9530593045055866241455078125">
        <ele>47.59999847412109375</ele>
        <time>2026-04-10T14:22:59.000Z</time>
        <extensions>
          <ns3:TrackPointExtension>
            <ns3:hr>138</ns3:hr>
            <ns3:cad>81</ns3:cad>
          </ns3:TrackPointExtension>
        </extensions>
      </trkpt>
      <trkpt lat="37.48128055594861507415771484375" lon="126.95309475995600223541259765625">
        <ele>47.59999847412109375</ele>
        <time>2026-04-10T14:23:00.000Z</time>
        <extensions>
          <ns3:TrackPointExtension>
            <ns3:hr>137</ns3:hr>
            <ns3:cad>81</ns3:cad>
          </ns3:TrackPointExtension>
        </extensions>
      </trkpt>
      <trkpt lat="37.4812627024948596954345703125" lon="126.9531186483800411224365234375">
        <ele>47.40000152587890625</ele>
        <time>2026-04-10T14:23:01.000Z</time>
        <extensions>
          <ns3:TrackPointExtension>
            <ns3:hr>137</ns3:hr>
            <ns3:cad>80</ns3:cad>
          </ns3:TrackPointExtension>
        </extensions>
      </trkpt>
      <trkpt lat="37.48123277910053730010986328125" lon="126.95315360091626644134521484375">
        <ele>47.200000762939453125</ele>
        <time>2026-04-10T14:23:02.000Z</time>
        <extensions>
          <ns3:TrackPointExtension>
            <ns3:hr>137</ns3:hr>
            <ns3:cad>80</ns3:cad>
          </ns3:TrackPointExtension>
        </extensions>
      </trkpt>
      <trkpt lat="37.48121199198067188262939453125" lon="126.95318411104381084442138671875">
        <ele>47.200000762939453125</ele>
        <time>2026-04-10T14:23:03.000Z</time>
        <extensions>
          <ns3:TrackPointExtension>
            <ns3:hr>138</ns3:hr>
            <ns3:cad>81</ns3:cad>
          </ns3:TrackPointExtension>
        </extensions>
      </trkpt>
      <trkpt lat="37.48120361007750034332275390625" lon="126.95321395061910152435302734375">
        <ele>47.200000762939453125</ele>
        <time>2026-04-10T14:23:04.000Z</time>
        <extensions>
          <ns3:TrackPointExtension>
            <ns3:hr>138</ns3:hr>
            <ns3:cad>81</ns3:cad>
          </ns3:TrackPointExtension>
        </extensions>
      </trkpt>
      <trkpt lat="37.4812103994190692901611328125" lon="126.95324932225048542022705078125">
        <ele>47.200000762939453125</ele>
        <time>2026-04-10T14:23:05.000Z</time>
        <extensions>
          <ns3:TrackPointExtension>
            <ns3:hr>138</ns3:hr>
            <ns3:cad>81</ns3:cad>
          </ns3:TrackPointExtension>
        </extensions>
      </trkpt>
      <trkpt lat="37.48121559619903564453125" lon="126.953281424939632415771484375">
        <ele>47.200000762939453125</ele>
        <time>2026-04-10T14:23:06.000Z</time>
        <extensions>
          <ns3:TrackPointExtension>
            <ns3:hr>138</ns3:hr>
            <ns3:cad>81</ns3:cad>
          </ns3:TrackPointExtension>
        </extensions>
      </trkpt>
      <trkpt lat="37.48121065087616443634033203125" lon="126.9533151201903820037841796875">
        <ele>47.200000762939453125</ele>
        <time>2026-04-10T14:23:07.000Z</time>
        <extensions>
          <ns3:TrackPointExtension>
            <ns3:hr>139</ns3:hr>
            <ns3:cad>81</ns3:cad>
          </ns3:TrackPointExtension>
        </extensions>
      </trkpt>
      <trkpt lat="37.48120377771556377410888671875" lon="126.953347809612751007080078125">
        <ele>47.200000762939453125</ele>
        <time>2026-04-10T14:23:08.000Z</time>
        <extensions>
          <ns3:TrackPointExtension>
            <ns3:hr>138</ns3:hr>
            <ns3:cad>81</ns3:cad>
          </ns3:TrackPointExtension>
        </extensions>
      </trkpt>
      <trkpt lat="37.481199838221073150634765625" lon="126.95336935110390186309814453125">
        <ele>47.200000762939453125</ele>
        <time>2026-04-10T14:23:09.000Z</time>
        <extensions>
          <ns3:TrackPointExtension>
            <ns3:hr>138</ns3:hr>
            <ns3:cad>81</ns3:cad>
          </ns3:TrackPointExtension>
        </extensions>
      </trkpt>
      <trkpt lat="37.48119154013693332672119140625" lon="126.9534049741923809051513671875">
        <ele>47.200000762939453125</ele>
        <time>2026-04-10T14:23:10.000Z</time>
        <extensions>
          <ns3:TrackPointExtension>
            <ns3:hr>138</ns3:hr>
            <ns3:cad>81</ns3:cad>
          </ns3:TrackPointExtension>
        </extensions>
      </trkpt>
      <trkpt lat="37.48118097893893718719482421875" lon="126.953433640301227569580078125">
        <ele>47.200000762939453125</ele>
        <time>2026-04-10T14:23:11.000Z</time>
        <extensions>
          <ns3:TrackPointExtension>
            <ns3:hr>139</ns3:hr>
            <ns3:cad>81</ns3:cad>
          </ns3:TrackPointExtension>
        </extensions>
      </trkpt>
      <trkpt lat="37.48116555623710155487060546875" lon="126.9534556008875370025634765625">
        <ele>47.200000762939453125</ele>
        <time>2026-04-10T14:23:12.000Z</time>
        <extensions>
          <ns3:TrackPointExtension>
            <ns3:hr>138</ns3:hr>
            <ns3:cad>82</ns3:cad>
          </ns3:TrackPointExtension>
        </extensions>
      </trkpt>
      <trkpt lat="37.48115264810621738433837890625" lon="126.95348921231925487518310546875">
        <ele>47.200000762939453125</ele>
        <time>2026-04-10T14:23:13.000Z</time>
        <extensions>
          <ns3:TrackPointExtension>
            <ns3:hr>138</ns3:hr>
            <ns3:cad>82</ns3:cad>
          </ns3:TrackPointExtension>
        </extensions>
      </trkpt>
      <trkpt lat="37.48113772831857204437255859375" lon="126.95352642796933650970458984375">
        <ele>47.200000762939453125</ele>
        <time>2026-04-10T14:23:14.000Z</time>
        <extensions>
          <ns3:TrackPointExtension>
            <ns3:hr>139</ns3:hr>
            <ns3:cad>82</ns3:cad>
          </ns3:TrackPointExtension>
        </extensions>
      </trkpt>
      <trkpt lat="37.4811235629022121429443359375" lon="126.9535638950765132904052734375">
        <ele>47.40000152587890625</ele>
        <time>2026-04-10T14:23:15.000Z</time>
        <extensions>
          <ns3:TrackPointExtension>
            <ns3:hr>138</ns3:hr>
            <ns3:cad>82</ns3:cad>
          </ns3:TrackPointExtension>
        </extensions>
      </trkpt>
      <trkpt lat="37.48110520653426647186279296875" lon="126.953601278364658355712890625">
        <ele>47.40000152587890625</ele>
        <time>2026-04-10T14:23:16.000Z</time>
        <extensions>
          <ns3:TrackPointExtension>
            <ns3:hr>139</ns3:hr>
            <ns3:cad>82</ns3:cad>
          </ns3:TrackPointExtension>
        </extensions>
      </trkpt>
      <trkpt lat="37.4811016023159027099609375" lon="126.95362751372158527374267578125">
        <ele>47.40000152587890625</ele>
        <time>2026-04-10T14:23:17.000Z</time>
        <extensions>
          <ns3:TrackPointExtension>
            <ns3:hr>139</ns3:hr>
            <ns3:cad>82</ns3:cad>
          </ns3:TrackPointExtension>
        </extensions>
      </trkpt>
      <trkpt lat="37.48109548352658748626708984375" lon="126.95366456173360347747802734375">
        <ele>47.40000152587890625</ele>
        <time>2026-04-10T14:23:18.000Z</time>
        <extensions>
          <ns3:TrackPointExtension>
            <ns3:hr>139</ns3:hr>
            <ns3:cad>82</ns3:cad>
          </ns3:TrackPointExtension>
        </extensions>
      </trkpt>
      <trkpt lat="37.4810860119760036468505859375" lon="126.9536953233182430267333984375">
        <ele>47.40000152587890625</ele>
        <time>2026-04-10T14:23:19.000Z</time>
        <extensions>
          <ns3:TrackPointExtension>
            <ns3:hr>139</ns3:hr>
            <ns3:cad>82</ns3:cad>
          </ns3:TrackPointExtension>
        </extensions>
      </trkpt>
      <trkpt lat="37.48108685016632080078125" lon="126.9537181220948696136474609375">
        <ele>47.40000152587890625</ele>
        <time>2026-04-10T14:23:20.000Z</time>
        <extensions>
          <ns3:TrackPointExtension>
            <ns3:hr>139</ns3:hr>
            <ns3:cad>82</ns3:cad>
          </ns3:TrackPointExtension>
        </extensions>
      </trkpt>
      <trkpt lat="37.48107989318668842315673828125" lon="126.953764893114566802978515625">
        <ele>47.40000152587890625</ele>
        <time>2026-04-10T14:23:21.000Z</time>
        <extensions>
          <ns3:TrackPointExtension>
            <ns3:hr>139</ns3:hr>
            <ns3:cad>82</ns3:cad>
          </ns3:TrackPointExtension>
        </extensions>
      </trkpt>
      <trkpt lat="37.481077127158641815185546875" lon="126.9538022764027118682861328125">
        <ele>47.40000152587890625</ele>
        <time>2026-04-10T14:23:22.000Z</time>
        <extensions>
          <ns3:TrackPointExtension>
            <ns3:hr>139</ns3:hr>
            <ns3:cad>82</ns3:cad>
          </ns3:TrackPointExtension>
        </extensions>
      </trkpt>
      <trkpt lat="37.48106698505580425262451171875" lon="126.953836642205715179443359375">
        <ele>47.40000152587890625</ele>
        <time>2026-04-10T14:23:23.000Z</time>
        <extensions>
          <ns3:TrackPointExtension>
            <ns3:hr>139</ns3:hr>
            <ns3:cad>82</ns3:cad>
          </ns3:TrackPointExtension>
        </extensions>
      </trkpt>
      <trkpt lat="37.4810441024601459503173828125" lon="126.95387922227382659912109375">
        <ele>47.40000152587890625</ele>
        <time>2026-04-10T14:23:24.000Z</time>
        <extensions>
          <ns3:TrackPointExtension>
            <ns3:hr>140</ns3:hr>
            <ns3:cad>82</ns3:cad>
          </ns3:TrackPointExtension>
        </extensions>
      </trkpt>
      <trkpt lat="37.4810372292995452880859375" lon="126.9539159350097179412841796875">
        <ele>47.59999847412109375</ele>
        <time>2026-04-10T14:23:25.000Z</time>
        <extensions>
          <ns3:TrackPointExtension>
            <ns3:hr>140</ns3:hr>
            <ns3:cad>82</ns3:cad>
          </ns3:TrackPointExtension>
        </extensions>
      </trkpt>
      <trkpt lat="37.4810327030718326568603515625" lon="126.95395541377365589141845703125">
        <ele>47.40000152587890625</ele>
        <time>2026-04-10T14:23:26.000Z</time>
        <extensions>
          <ns3:TrackPointExtension>
            <ns3:hr>140</ns3:hr>
            <ns3:cad>82</ns3:cad>
          </ns3:TrackPointExtension>
        </extensions>
      </trkpt>
      <trkpt lat="37.48102121986448764801025390625" lon="126.95399430580437183380126953125">
        <ele>47.40000152587890625</ele>
        <time>2026-04-10T14:23:27.000Z</time>
        <extensions>
          <ns3:TrackPointExtension>
            <ns3:hr>139</ns3:hr>
            <ns3:cad>81</ns3:cad>
          </ns3:TrackPointExtension>
        </extensions>
      </trkpt>
      <trkpt lat="37.48100730590522289276123046875" lon="126.95402112789452075958251953125">
        <ele>47.40000152587890625</ele>
        <time>2026-04-10T14:23:28.000Z</time>
        <extensions>
          <ns3:TrackPointExtension>
            <ns3:hr>140</ns3:hr>
            <ns3:cad>81</ns3:cad>
          </ns3:TrackPointExtension>
        </extensions>
      </trkpt>
      <trkpt lat="37.4809916317462921142578125" lon="126.95406538434326648712158203125">
        <ele>47.40000152587890625</ele>
        <time>2026-04-10T14:23:29.000Z</time>
        <extensions>
          <ns3:TrackPointExtension>
            <ns3:hr>140</ns3:hr>
            <ns3:cad>81</ns3:cad>
          </ns3:TrackPointExtension>
        </extensions>
      </trkpt>
      <trkpt lat="37.48098065145313739776611328125" lon="126.95409907959401607513427734375">
        <ele>47.40000152587890625</ele>
        <time>2026-04-10T14:23:30.000Z</time>
        <extensions>
          <ns3:TrackPointExtension>
            <ns3:hr>140</ns3:hr>
            <ns3:cad>83</ns3:cad>
          </ns3:TrackPointExtension>
        </extensions>
      </trkpt>
      <trkpt lat="37.48096874915063381195068359375" lon="126.9541231356561183929443359375">
        <ele>47.40000152587890625</ele>
        <time>2026-04-10T14:23:31.000Z</time>
        <extensions>
          <ns3:TrackPointExtension>
            <ns3:hr>140</ns3:hr>
            <ns3:cad>83</ns3:cad>
          </ns3:TrackPointExtension>
        </extensions>
      </trkpt>
      <trkpt lat="37.48094276525080204010009765625" lon="126.95415138266980648040771484375">
        <ele>47.59999847412109375</ele>
        <time>2026-04-10T14:23:32.000Z</time>
        <extensions>
          <ns3:TrackPointExtension>
            <ns3:hr>140</ns3:hr>
            <ns3:cad>83</ns3:cad>
          </ns3:TrackPointExtension>
        </extensions>
      </trkpt>
      <trkpt lat="37.480933628976345062255859375" lon="126.9541717506945133209228515625">
        <ele>47.59999847412109375</ele>
        <time>2026-04-10T14:23:33.000Z</time>
        <extensions>
          <ns3:TrackPointExtension>
            <ns3:hr>140</ns3:hr>
            <ns3:cad>83</ns3:cad>
          </ns3:TrackPointExtension>
        </extensions>
      </trkpt>
      <trkpt lat="37.48091988265514373779296875" lon="126.954194717109203338623046875">
        <ele>47.59999847412109375</ele>
        <time>2026-04-10T14:23:34.000Z</time>
        <extensions>
          <ns3:TrackPointExtension>
            <ns3:hr>140</ns3:hr>
            <ns3:cad>83</ns3:cad>
          </ns3:TrackPointExtension>
        </extensions>
      </trkpt>
      <trkpt lat="37.4808999337255954742431640625" lon="126.9542253948748111724853515625">
        <ele>47.59999847412109375</ele>
        <time>2026-04-10T14:23:35.000Z</time>
        <extensions>
          <ns3:TrackPointExtension>
            <ns3:hr>140</ns3:hr>
            <ns3:cad>82</ns3:cad>
          </ns3:TrackPointExtension>
        </extensions>
      </trkpt>
      <trkpt lat="37.480885684490203857421875" lon="126.9542505405843257904052734375">
        <ele>47.59999847412109375</ele>
        <time>2026-04-10T14:23:36.000Z</time>
        <extensions>
          <ns3:TrackPointExtension>
            <ns3:hr>140</ns3:hr>
            <ns3:cad>82</ns3:cad>
          </ns3:TrackPointExtension>
        </extensions>
      </trkpt>
      <trkpt lat="37.48086833395063877105712890625" lon="126.95428960025310516357421875">
        <ele>47.59999847412109375</ele>
        <time>2026-04-10T14:23:37.000Z</time>
        <extensions>
          <ns3:TrackPointExtension>
            <ns3:hr>139</ns3:hr>
            <ns3:cad>82</ns3:cad>
          </ns3:TrackPointExtension>
        </extensions>
      </trkpt>
      <trkpt lat="37.48085819184780120849609375" lon="126.95432245731353759765625">
        <ele>47.40000152587890625</ele>
        <time>2026-04-10T14:23:38.000Z</time>
        <extensions>
          <ns3:TrackPointExtension>
            <ns3:hr>139</ns3:hr>
            <ns3:cad>81</ns3:cad>
          </ns3:TrackPointExtension>
        </extensions>
      </trkpt>
      <trkpt lat="37.480841092765331268310546875" lon="126.95435036905109882354736328125">
        <ele>47.40000152587890625</ele>
        <time>2026-04-10T14:23:39.000Z</time>
        <extensions>
          <ns3:TrackPointExtension>
            <ns3:hr>139</ns3:hr>
            <ns3:cad>82</ns3:cad>
          </ns3:TrackPointExtension>
        </extensions>
      </trkpt>
      <trkpt lat="37.48082064092159271240234375" lon="126.95438507013022899627685546875">
        <ele>47.40000152587890625</ele>
        <time>2026-04-10T14:23:40.000Z</time>
        <extensions>
          <ns3:TrackPointExtension>
            <ns3:hr>139</ns3:hr>
            <ns3:cad>82</ns3:cad>
          </ns3:TrackPointExtension>
        </extensions>
      </trkpt>
      <trkpt lat="37.48080412857234477996826171875" lon="126.9544121436774730682373046875">
        <ele>47.40000152587890625</ele>
        <time>2026-04-10T14:23:41.000Z</time>
        <extensions>
          <ns3:TrackPointExtension>
            <ns3:hr>139</ns3:hr>
            <ns3:cad>81</ns3:cad>
          </ns3:TrackPointExtension>
        </extensions>
      </trkpt>
      <trkpt lat="37.4807879514992237091064453125" lon="126.95444240234792232513427734375">
        <ele>47.59999847412109375</ele>
        <time>2026-04-10T14:23:42.000Z</time>
        <extensions>
          <ns3:TrackPointExtension>
            <ns3:hr>139</ns3:hr>
            <ns3:cad>81</ns3:cad>
          </ns3:TrackPointExtension>
        </extensions>
      </trkpt>
      <trkpt lat="37.4807688407599925994873046875" lon="126.95447576232254505157470703125">
        <ele>47.59999847412109375</ele>
        <time>2026-04-10T14:23:43.000Z</time>
        <extensions>
          <ns3:TrackPointExtension>
            <ns3:hr>139</ns3:hr>
            <ns3:cad>81</ns3:cad>
          </ns3:TrackPointExtension>
        </extensions>
      </trkpt>
      <trkpt lat="37.48075383715331554412841796875" lon="126.95450241677463054656982421875">
        <ele>47.799999237060546875</ele>
        <time>2026-04-10T14:23:44.000Z</time>
        <extensions>
          <ns3:TrackPointExtension>
            <ns3:hr>138</ns3:hr>
            <ns3:cad>81</ns3:cad>
          </ns3:TrackPointExtension>
        </extensions>
      </trkpt>
      <trkpt lat="37.48073279857635498046875" lon="126.95453627966344356536865234375">
        <ele>47.799999237060546875</ele>
        <time>2026-04-10T14:23:45.000Z</time>
        <extensions>
          <ns3:TrackPointExtension>
            <ns3:hr>138</ns3:hr>
            <ns3:cad>83</ns3:cad>
          </ns3:TrackPointExtension>
        </extensions>
      </trkpt>
      <trkpt lat="37.480713687837123870849609375" lon="126.95457450114190578460693359375">
        <ele>47.799999237060546875</ele>
        <time>2026-04-10T14:23:46.000Z</time>
        <extensions>
          <ns3:TrackPointExtension>
            <ns3:hr>138</ns3:hr>
            <ns3:cad>83</ns3:cad>
          </ns3:TrackPointExtension>
        </extensions>
      </trkpt>
      <trkpt lat="37.480696253478527069091796875" lon="126.95460735820233821868896484375">
        <ele>47.59999847412109375</ele>
        <time>2026-04-10T14:23:47.000Z</time>
        <extensions>
          <ns3:TrackPointExtension>
            <ns3:hr>138</ns3:hr>
            <ns3:cad>83</ns3:cad>
          </ns3:TrackPointExtension>
        </extensions>
      </trkpt>
      <trkpt lat="37.48067018575966358184814453125" lon="126.95464306510984897613525390625">
        <ele>47.59999847412109375</ele>
        <time>2026-04-10T14:23:48.000Z</time>
        <extensions>
          <ns3:TrackPointExtension>
            <ns3:hr>137</ns3:hr>
            <ns3:cad>83</ns3:cad>
          </ns3:TrackPointExtension>
        </extensions>
      </trkpt>
      <trkpt lat="37.48065694235265254974365234375" lon="126.95467055775225162506103515625">
        <ele>47.59999847412109375</ele>
        <time>2026-04-10T14:23:49.000Z</time>
        <extensions>
          <ns3:TrackPointExtension>
            <ns3:hr>137</ns3:hr>
            <ns3:cad>83</ns3:cad>
          </ns3:TrackPointExtension>
        </extensions>
      </trkpt>
      <trkpt lat="37.48063950799405574798583984375" lon="126.9547073543071746826171875">
        <ele>47.59999847412109375</ele>
        <time>2026-04-10T14:23:50.000Z</time>
        <extensions>
          <ns3:TrackPointExtension>
            <ns3:hr>137</ns3:hr>
            <ns3:cad>82</ns3:cad>
          </ns3:TrackPointExtension>
        </extensions>
      </trkpt>
      <trkpt lat="37.48061972670257091522216796875" lon="126.95474616251885890960693359375">
        <ele>47.799999237060546875</ele>
        <time>2026-04-10T14:23:51.000Z</time>
        <extensions>
          <ns3:TrackPointExtension>
            <ns3:hr>137</ns3:hr>
            <ns3:cad>82</ns3:cad>
          </ns3:TrackPointExtension>
        </extensions>
      </trkpt>
      <trkpt lat="37.48060480691492557525634765625" lon="126.9547782652080059051513671875">
        <ele>47.799999237060546875</ele>
        <time>2026-04-10T14:23:52.000Z</time>
        <extensions>
          <ns3:TrackPointExtension>
            <ns3:hr>137</ns3:hr>
            <ns3:cad>82</ns3:cad>
          </ns3:TrackPointExtension>
        </extensions>
      </trkpt>
      <trkpt lat="37.48057982884347438812255859375" lon="126.95482880808413028717041015625">
        <ele>47.799999237060546875</ele>
        <time>2026-04-10T14:23:53.000Z</time>
        <extensions>
          <ns3:TrackPointExtension>
            <ns3:hr>137</ns3:hr>
            <ns3:cad>83</ns3:cad>
          </ns3:TrackPointExtension>
        </extensions>
      </trkpt>
      <trkpt lat="37.48056306503713130950927734375" lon="126.95486761629581451416015625">
        <ele>47.799999237060546875</ele>
        <time>2026-04-10T14:23:54.000Z</time>
        <extensions>
          <ns3:TrackPointExtension>
            <ns3:hr>137</ns3:hr>
            <ns3:cad>83</ns3:cad>
          </ns3:TrackPointExtension>
        </extensions>
      </trkpt>
      <trkpt lat="37.4805490672588348388671875" lon="126.95490608923137187957763671875">
        <ele>47.799999237060546875</ele>
        <time>2026-04-10T14:23:55.000Z</time>
        <extensions>
          <ns3:TrackPointExtension>
            <ns3:hr>136</ns3:hr>
            <ns3:cad>83</ns3:cad>
          </ns3:TrackPointExtension>
        </extensions>
      </trkpt>
      <trkpt lat="37.4805284477770328521728515625" lon="126.9549475796520709991455078125">
        <ele>47.799999237060546875</ele>
        <time>2026-04-10T14:23:56.000Z</time>
        <extensions>
          <ns3:TrackPointExtension>
            <ns3:hr>136</ns3:hr>
            <ns3:cad>83</ns3:cad>
          </ns3:TrackPointExtension>
        </extensions>
      </trkpt>
      <trkpt lat="37.48051411472260951995849609375" lon="126.954979933798313140869140625">
        <ele>47.799999237060546875</ele>
        <time>2026-04-10T14:23:57.000Z</time>
        <extensions>
          <ns3:TrackPointExtension>
            <ns3:hr>137</ns3:hr>
            <ns3:cad>83</ns3:cad>
          </ns3:TrackPointExtension>
        </extensions>
      </trkpt>
      <trkpt lat="37.48050372116267681121826171875" lon="126.9550144672393798828125">
        <ele>48</ele>
        <time>2026-04-10T14:23:58.000Z</time>
        <extensions>
          <ns3:TrackPointExtension>
            <ns3:hr>137</ns3:hr>
            <ns3:cad>83</ns3:cad>
          </ns3:TrackPointExtension>
        </extensions>
      </trkpt>
      <trkpt lat="37.4804908968508243560791015625" lon="126.95505193434655666351318359375">
        <ele>48</ele>
        <time>2026-04-10T14:23:59.000Z</time>
        <extensions>
          <ns3:TrackPointExtension>
            <ns3:hr>137</ns3:hr>
            <ns3:cad>82</ns3:cad>
          </ns3:TrackPointExtension>
        </extensions>
      </trkpt>
      <trkpt lat="37.480475641787052154541015625" lon="126.955074481666088104248046875">
        <ele>48</ele>
        <time>2026-04-10T14:24:00.000Z</time>
        <extensions>
          <ns3:TrackPointExtension>
            <ns3:hr>137</ns3:hr>
            <ns3:cad>82</ns3:cad>
          </ns3:TrackPointExtension>
        </extensions>
      </trkpt>
      <trkpt lat="37.48045611195266246795654296875" lon="126.955115385353565216064453125">
        <ele>48</ele>
        <time>2026-04-10T14:24:01.000Z</time>
        <extensions>
          <ns3:TrackPointExtension>
            <ns3:hr>136</ns3:hr>
            <ns3:cad>82</ns3:cad>
          </ns3:TrackPointExtension>
        </extensions>
      </trkpt>
      <trkpt lat="37.480440773069858551025390625" lon="126.9551410339772701263427734375">
        <ele>48</ele>
        <time>2026-04-10T14:24:02.000Z</time>
        <extensions>
          <ns3:TrackPointExtension>
            <ns3:hr>137</ns3:hr>
            <ns3:cad>82</ns3:cad>
          </ns3:TrackPointExtension>
        </extensions>
      </trkpt>
      <trkpt lat="37.48042694292962551116943359375" lon="126.95517783053219318389892578125">
        <ele>48.200000762939453125</ele>
        <time>2026-04-10T14:24:03.000Z</time>
        <extensions>
          <ns3:TrackPointExtension>
            <ns3:hr>136</ns3:hr>
            <ns3:cad>82</ns3:cad>
          </ns3:TrackPointExtension>
        </extensions>
      </trkpt>
      <trkpt lat="37.48040699400007724761962890625" lon="126.95521588437259197235107421875">
        <ele>48.200000762939453125</ele>
        <time>2026-04-10T14:24:04.000Z</time>
        <extensions>
          <ns3:TrackPointExtension>
            <ns3:hr>136</ns3:hr>
            <ns3:cad>83</ns3:cad>
          </ns3:TrackPointExtension>
        </extensions>
      </trkpt>
      <trkpt lat="37.48039039783179759979248046875" lon="126.95524044334888458251953125">
        <ele>48.40000152587890625</ele>
        <time>2026-04-10T14:24:05.000Z</time>
        <extensions>
          <ns3:TrackPointExtension>
            <ns3:hr>136</ns3:hr>
            <ns3:cad>82</ns3:cad>
          </ns3:TrackPointExtension>
        </extensions>
      </trkpt>
      <trkpt lat="37.48037531040608882904052734375" lon="126.9552801735699176788330078125">
        <ele>48.40000152587890625</ele>
        <time>2026-04-10T14:24:06.000Z</time>
        <extensions>
          <ns3:TrackPointExtension>
            <ns3:hr>136</ns3:hr>
            <ns3:cad>82</ns3:cad>
          </ns3:TrackPointExtension>
        </extensions>
      </trkpt>
      <trkpt lat="37.48036206699907779693603515625" lon="126.9553187303245067596435546875">
        <ele>48.40000152587890625</ele>
        <time>2026-04-10T14:24:07.000Z</time>
        <extensions>
          <ns3:TrackPointExtension>
            <ns3:hr>136</ns3:hr>
            <ns3:cad>82</ns3:cad>
          </ns3:TrackPointExtension>
        </extensions>
      </trkpt>
      <trkpt lat="37.4803490750491619110107421875" lon="126.95535686798393726348876953125">
        <ele>48.40000152587890625</ele>
        <time>2026-04-10T14:24:08.000Z</time>
        <extensions>
          <ns3:TrackPointExtension>
            <ns3:hr>136</ns3:hr>
            <ns3:cad>83</ns3:cad>
          </ns3:TrackPointExtension>
        </extensions>
      </trkpt>
      <trkpt lat="37.4803299643099308013916015625" lon="126.95539492182433605194091796875">
        <ele>48.40000152587890625</ele>
        <time>2026-04-10T14:24:09.000Z</time>
        <extensions>
          <ns3:TrackPointExtension>
            <ns3:hr>135</ns3:hr>
            <ns3:cad>83</ns3:cad>
          </ns3:TrackPointExtension>
        </extensions>
      </trkpt>
      <trkpt lat="37.4803210794925689697265625" lon="126.955421157181262969970703125">
        <ele>48.40000152587890625</ele>
        <time>2026-04-10T14:24:10.000Z</time>
        <extensions>
          <ns3:TrackPointExtension>
            <ns3:hr>136</ns3:hr>
            <ns3:cad>83</ns3:cad>
          </ns3:TrackPointExtension>
        </extensions>
      </trkpt>
      <trkpt lat="37.48030791990458965301513671875" lon="126.955445967614650726318359375">
        <ele>48.40000152587890625</ele>
        <time>2026-04-10T14:24:11.000Z</time>
        <extensions>
          <ns3:TrackPointExtension>
            <ns3:hr>135</ns3:hr>
            <ns3:cad>83</ns3:cad>
          </ns3:TrackPointExtension>
        </extensions>
      </trkpt>
      <trkpt lat="37.48028679750859737396240234375" lon="126.95548041723668575286865234375">
        <ele>48.59999847412109375</ele>
        <time>2026-04-10T14:24:12.000Z</time>
        <extensions>
          <ns3:TrackPointExtension>
            <ns3:hr>135</ns3:hr>
            <ns3:cad>83</ns3:cad>
          </ns3:TrackPointExtension>
        </extensions>
      </trkpt>
      <trkpt lat="37.48027254827320575714111328125" lon="126.95550975389778614044189453125">
        <ele>48.59999847412109375</ele>
        <time>2026-04-10T14:24:13.000Z</time>
        <extensions>
          <ns3:TrackPointExtension>
            <ns3:hr>135</ns3:hr>
            <ns3:cad>82</ns3:cad>
          </ns3:TrackPointExtension>
        </extensions>
      </trkpt>
      <trkpt lat="37.4802528508007526397705078125" lon="126.9555510766804218292236328125">
        <ele>48.799999237060546875</ele>
        <time>2026-04-10T14:24:14.000Z</time>
        <extensions>
          <ns3:TrackPointExtension>
            <ns3:hr>136</ns3:hr>
            <ns3:cad>82</ns3:cad>
          </ns3:TrackPointExtension>
        </extensions>
      </trkpt>
      <trkpt lat="37.4802360869944095611572265625" lon="126.95558234117925167083740234375">
        <ele>48.799999237060546875</ele>
        <time>2026-04-10T14:24:15.000Z</time>
        <extensions>
          <ns3:TrackPointExtension>
            <ns3:hr>135</ns3:hr>
            <ns3:cad>82</ns3:cad>
          </ns3:TrackPointExtension>
        </extensions>
      </trkpt>
      <trkpt lat="37.48022695071995258331298828125" lon="126.95560631342232227325439453125">
        <ele>48.59999847412109375</ele>
        <time>2026-04-10T14:24:16.000Z</time>
        <extensions>
          <ns3:TrackPointExtension>
            <ns3:hr>135</ns3:hr>
            <ns3:cad>82</ns3:cad>
          </ns3:TrackPointExtension>
        </extensions>
      </trkpt>
      <trkpt lat="37.480211444199085235595703125" lon="126.9556365720927715301513671875">
        <ele>48.59999847412109375</ele>
        <time>2026-04-10T14:24:17.000Z</time>
        <extensions>
          <ns3:TrackPointExtension>
            <ns3:hr>135</ns3:hr>
            <ns3:cad>82</ns3:cad>
          </ns3:TrackPointExtension>
        </extensions>
      </trkpt>
      <trkpt lat="37.4801945127546787261962890625" lon="126.955661214888095855712890625">
        <ele>48.799999237060546875</ele>
        <time>2026-04-10T14:24:18.000Z</time>
        <extensions>
          <ns3:TrackPointExtension>
            <ns3:hr>135</ns3:hr>
            <ns3:cad>82</ns3:cad>
          </ns3:TrackPointExtension>
        </extensions>
      </trkpt>
      <trkpt lat="37.48017213307321071624755859375" lon="126.95569365285336971282958984375">
        <ele>48.799999237060546875</ele>
        <time>2026-04-10T14:24:19.000Z</time>
        <extensions>
          <ns3:TrackPointExtension>
            <ns3:hr>136</ns3:hr>
            <ns3:cad>82</ns3:cad>
          </ns3:TrackPointExtension>
        </extensions>
      </trkpt>
      <trkpt lat="37.48014899902045726776123046875" lon="126.9557321257889270782470703125">
        <ele>48.799999237060546875</ele>
        <time>2026-04-10T14:24:20.000Z</time>
        <extensions>
          <ns3:TrackPointExtension>
            <ns3:hr>135</ns3:hr>
            <ns3:cad>82</ns3:cad>
          </ns3:TrackPointExtension>
        </extensions>
      </trkpt>
      <trkpt lat="37.48012653551995754241943359375" lon="126.955755762755870819091796875">
        <ele>48.799999237060546875</ele>
        <time>2026-04-10T14:24:21.000Z</time>
        <extensions>
          <ns3:TrackPointExtension>
            <ns3:hr>135</ns3:hr>
            <ns3:cad>82</ns3:cad>
          </ns3:TrackPointExtension>
        </extensions>
      </trkpt>
      <trkpt lat="37.48009149916470050811767578125" lon="126.95578333921730518341064453125">
        <ele>48.799999237060546875</ele>
        <time>2026-04-10T14:24:22.000Z</time>
        <extensions>
          <ns3:TrackPointExtension>
            <ns3:hr>135</ns3:hr>
            <ns3:cad>83</ns3:cad>
          </ns3:TrackPointExtension>
        </extensions>
      </trkpt>
      <trkpt lat="37.48006031848490238189697265625" lon="126.95580303668975830078125">
        <ele>48.799999237060546875</ele>
        <time>2026-04-10T14:24:23.000Z</time>
        <extensions>
          <ns3:TrackPointExtension>
            <ns3:hr>135</ns3:hr>
            <ns3:cad>83</ns3:cad>
          </ns3:TrackPointExtension>
        </extensions>
      </trkpt>
      <trkpt lat="37.4800241924822330474853515625" lon="126.95581971667706966400146484375">
        <ele>48.799999237060546875</ele>
        <time>2026-04-10T14:24:24.000Z</time>
        <extensions>
          <ns3:TrackPointExtension>
            <ns3:hr>136</ns3:hr>
            <ns3:cad>83</ns3:cad>
          </ns3:TrackPointExtension>
        </extensions>
      </trkpt>
      <trkpt lat="37.47998001985251903533935546875" lon="126.9558276794850826263427734375">
        <ele>49</ele>
        <time>2026-04-10T14:24:25.000Z</time>
        <extensions>
          <ns3:TrackPointExtension>
            <ns3:hr>135</ns3:hr>
            <ns3:cad>83</ns3:cad>
          </ns3:TrackPointExtension>
        </extensions>
      </trkpt>
      <trkpt lat="37.4799428880214691162109375" lon="126.955842934548854827880859375">
        <ele>49</ele>
        <time>2026-04-10T14:24:26.000Z</time>
        <extensions>
          <ns3:TrackPointExtension>
            <ns3:hr>135</ns3:hr>
            <ns3:cad>81</ns3:cad>
          </ns3:TrackPointExtension>
        </extensions>
      </trkpt>
      <trkpt lat="37.479906342923641204833984375" lon="126.955852322280406951904296875">
        <ele>49.200000762939453125</ele>
        <time>2026-04-10T14:24:27.000Z</time>
        <extensions>
          <ns3:TrackPointExtension>
            <ns3:hr>135</ns3:hr>
            <ns3:cad>81</ns3:cad>
          </ns3:TrackPointExtension>
        </extensions>
      </trkpt>
      <trkpt lat="37.47987248003482818603515625" lon="126.95585726760327816009521484375">
        <ele>49.200000762939453125</ele>
        <time>2026-04-10T14:24:28.000Z</time>
        <extensions>
          <ns3:TrackPointExtension>
            <ns3:hr>135</ns3:hr>
            <ns3:cad>81</ns3:cad>
          </ns3:TrackPointExtension>
        </extensions>
      </trkpt>
      <trkpt lat="37.47983685694634914398193359375" lon="126.955862380564212799072265625">
        <ele>49.200000762939453125</ele>
        <time>2026-04-10T14:24:29.000Z</time>
        <extensions>
          <ns3:TrackPointExtension>
            <ns3:hr>136</ns3:hr>
            <ns3:cad>82</ns3:cad>
          </ns3:TrackPointExtension>
        </extensions>
      </trkpt>
      <trkpt lat="37.47979897074401378631591796875" lon="126.9558662362396717071533203125">
        <ele>49.200000762939453125</ele>
        <time>2026-04-10T14:24:30.000Z</time>
        <extensions>
          <ns3:TrackPointExtension>
            <ns3:hr>135</ns3:hr>
            <ns3:cad>82</ns3:cad>
          </ns3:TrackPointExtension>
        </extensions>
      </trkpt>
      <trkpt lat="37.4797680415213108062744140625" lon="126.955871097743511199951171875">
        <ele>49.200000762939453125</ele>
        <time>2026-04-10T14:24:31.000Z</time>
        <extensions>
          <ns3:TrackPointExtension>
            <ns3:hr>135</ns3:hr>
            <ns3:cad>82</ns3:cad>
          </ns3:TrackPointExtension>
        </extensions>
      </trkpt>
      <trkpt lat="37.4797133915126323699951171875" lon="126.9558714330196380615234375">
        <ele>49.200000762939453125</ele>
        <time>2026-04-10T14:24:32.000Z</time>
        <extensions>
          <ns3:TrackPointExtension>
            <ns3:hr>136</ns3:hr>
            <ns3:cad>82</ns3:cad>
          </ns3:TrackPointExtension>
        </extensions>
      </trkpt>
      <trkpt lat="37.4796446599066257476806640625" lon="126.95587889291346073150634765625">
        <ele>49.200000762939453125</ele>
        <time>2026-04-10T14:24:33.000Z</time>
        <extensions>
          <ns3:TrackPointExtension>
            <ns3:hr>136</ns3:hr>
            <ns3:cad>82</ns3:cad>
          </ns3:TrackPointExtension>
        </extensions>
      </trkpt>
      <trkpt lat="37.47959344647824764251708984375" lon="126.95589683018624782562255859375">
        <ele>49.200000762939453125</ele>
        <time>2026-04-10T14:24:34.000Z</time>
        <extensions>
          <ns3:TrackPointExtension>
            <ns3:hr>137</ns3:hr>
            <ns3:cad>82</ns3:cad>
          </ns3:TrackPointExtension>
        </extensions>
      </trkpt>
      <trkpt lat="37.4795615114271640777587890625" lon="126.95590789429843425750732421875">
        <ele>49.200000762939453125</ele>
        <time>2026-04-10T14:24:35.000Z</time>
        <extensions>
          <ns3:TrackPointExtension>
            <ns3:hr>137</ns3:hr>
            <ns3:cad>81</ns3:cad>
          </ns3:TrackPointExtension>
        </extensions>
      </trkpt>
      <trkpt lat="37.4795320071280002593994140625" lon="126.955922730267047882080078125">
        <ele>49.40000152587890625</ele>
        <time>2026-04-10T14:24:36.000Z</time>
        <extensions>
          <ns3:TrackPointExtension>
            <ns3:hr>138</ns3:hr>
            <ns3:cad>81</ns3:cad>
          </ns3:TrackPointExtension>
        </extensions>
      </trkpt>
      <trkpt lat="37.47950996272265911102294921875" lon="126.9559363089501857757568359375">
        <ele>49.40000152587890625</ele>
        <time>2026-04-10T14:24:37.000Z</time>
        <extensions>
          <ns3:TrackPointExtension>
            <ns3:hr>139</ns3:hr>
            <ns3:cad>81</ns3:cad>
          </ns3:TrackPointExtension>
        </extensions>
      </trkpt>
      <trkpt lat="37.47947710566222667694091796875" lon="126.95595181547105312347412109375">
        <ele>49.40000152587890625</ele>
        <time>2026-04-10T14:24:38.000Z</time>
        <extensions>
          <ns3:TrackPointExtension>
            <ns3:hr>140</ns3:hr>
            <ns3:cad>81</ns3:cad>
          </ns3:TrackPointExtension>
        </extensions>
      </trkpt>
      <trkpt lat="37.479449696838855743408203125" lon="126.955964304506778717041015625">
        <ele>49.200000762939453125</ele>
        <time>2026-04-10T14:24:39.000Z</time>
        <extensions>
          <ns3:TrackPointExtension>
            <ns3:hr>141</ns3:hr>
            <ns3:cad>81</ns3:cad>
          </ns3:TrackPointExtension>
        </extensions>
      </trkpt>
      <trkpt lat="37.4794270657002925872802734375" lon="126.95596589706838130950927734375">
        <ele>49.200000762939453125</ele>
        <time>2026-04-10T14:24:40.000Z</time>
        <extensions>
          <ns3:TrackPointExtension>
            <ns3:hr>141</ns3:hr>
            <ns3:cad>81</ns3:cad>
          </ns3:TrackPointExtension>
        </extensions>
      </trkpt>
      <trkpt lat="37.4793952144682407379150390625" lon="126.955968998372554779052734375">
        <ele>49.200000762939453125</ele>
        <time>2026-04-10T14:24:41.000Z</time>
        <extensions>
          <ns3:TrackPointExtension>
            <ns3:hr>141</ns3:hr>
            <ns3:cad>81</ns3:cad>
          </ns3:TrackPointExtension>
        </extensions>
      </trkpt>
      <trkpt lat="37.479370571672916412353515625" lon="126.9559772126376628875732421875">
        <ele>49.200000762939453125</ele>
        <time>2026-04-10T14:24:42.000Z</time>
        <extensions>
          <ns3:TrackPointExtension>
            <ns3:hr>142</ns3:hr>
            <ns3:cad>82</ns3:cad>
          </ns3:TrackPointExtension>
        </extensions>
      </trkpt>
      <trkpt lat="37.4793415702879428863525390625" lon="126.95597964338958263397216796875">
        <ele>49.200000762939453125</ele>
        <time>2026-04-10T14:24:43.000Z</time>
        <extensions>
          <ns3:TrackPointExtension>
            <ns3:hr>142</ns3:hr>
            <ns3:cad>82</ns3:cad>
          </ns3:TrackPointExtension>
        </extensions>
      </trkpt>
      <trkpt lat="37.4793112277984619140625" lon="126.955983750522136688232421875">
        <ele>49.200000762939453125</ele>
        <time>2026-04-10T14:24:44.000Z</time>
        <extensions>
          <ns3:TrackPointExtension>
            <ns3:hr>141</ns3:hr>
            <ns3:cad>82</ns3:cad>
          </ns3:TrackPointExtension>
        </extensions>
      </trkpt>
      <trkpt lat="37.47928985394537448883056640625" lon="126.95599280297756195068359375">
        <ele>49.200000762939453125</ele>
        <time>2026-04-10T14:24:45.000Z</time>
        <extensions>
          <ns3:TrackPointExtension>
            <ns3:hr>142</ns3:hr>
            <ns3:cad>82</ns3:cad>
          </ns3:TrackPointExtension>
        </extensions>
      </trkpt>
      <trkpt lat="37.4792567454278469085693359375" lon="126.95600998587906360626220703125">
        <ele>49.40000152587890625</ele>
        <time>2026-04-10T14:24:46.000Z</time>
        <extensions>
          <ns3:TrackPointExtension>
            <ns3:hr>142</ns3:hr>
            <ns3:cad>82</ns3:cad>
          </ns3:TrackPointExtension>
        </extensions>
      </trkpt>
      <trkpt lat="37.479228079319000244140625" lon="126.95602004416286945343017578125">
        <ele>49.200000762939453125</ele>
        <time>2026-04-10T14:24:47.000Z</time>
        <extensions>
          <ns3:TrackPointExtension>
            <ns3:hr>142</ns3:hr>
            <ns3:cad>82</ns3:cad>
          </ns3:TrackPointExtension>
        </extensions>
      </trkpt>
      <trkpt lat="37.47920737601816654205322265625" lon="126.9560296833515167236328125">
        <ele>49.200000762939453125</ele>
        <time>2026-04-10T14:24:48.000Z</time>
        <extensions>
          <ns3:TrackPointExtension>
            <ns3:hr>141</ns3:hr>
            <ns3:cad>82</ns3:cad>
          </ns3:TrackPointExtension>
        </extensions>
      </trkpt>
      <trkpt lat="37.4791746027767658233642578125" lon="126.9560553319752216339111328125">
        <ele>49.200000762939453125</ele>
        <time>2026-04-10T14:24:49.000Z</time>
        <extensions>
          <ns3:TrackPointExtension>
            <ns3:hr>141</ns3:hr>
            <ns3:cad>82</ns3:cad>
          </ns3:TrackPointExtension>
        </extensions>
      </trkpt>
      <trkpt lat="37.47915641404688358306884765625" lon="126.95606765337288379669189453125">
        <ele>49.200000762939453125</ele>
        <time>2026-04-10T14:24:50.000Z</time>
        <extensions>
          <ns3:TrackPointExtension>
            <ns3:hr>142</ns3:hr>
            <ns3:cad>82</ns3:cad>
          </ns3:TrackPointExtension>
        </extensions>
      </trkpt>
      <trkpt lat="37.47914836741983890533447265625" lon="126.95608341135084629058837890625">
        <ele>49</ele>
        <time>2026-04-10T14:24:51.000Z</time>
        <extensions>
          <ns3:TrackPointExtension>
            <ns3:hr>142</ns3:hr>
            <ns3:cad>82</ns3:cad>
          </ns3:TrackPointExtension>
        </extensions>
      </trkpt>
      <trkpt lat="37.479131855070590972900390625" lon="126.95611576549708843231201171875">
        <ele>49.200000762939453125</ele>
        <time>2026-04-10T14:24:52.000Z</time>
        <extensions>
          <ns3:TrackPointExtension>
            <ns3:hr>142</ns3:hr>
            <ns3:cad>82</ns3:cad>
          </ns3:TrackPointExtension>
        </extensions>
      </trkpt>
      <trkpt lat="37.47912573628127574920654296875" lon="126.9561314396560192108154296875">
        <ele>49.200000762939453125</ele>
        <time>2026-04-10T14:24:53.000Z</time>
        <extensions>
          <ns3:TrackPointExtension>
            <ns3:hr>141</ns3:hr>
            <ns3:cad>82</ns3:cad>
          </ns3:TrackPointExtension>
        </extensions>
      </trkpt>
      <trkpt lat="37.4791065417230129241943359375" lon="126.95617577992379665374755859375">
        <ele>49.200000762939453125</ele>
        <time>2026-04-10T14:24:54.000Z</time>
        <extensions>
          <ns3:TrackPointExtension>
            <ns3:hr>142</ns3:hr>
            <ns3:cad>0</ns3:cad>
          </ns3:TrackPointExtension>
        </extensions>
      </trkpt>
      <trkpt lat="37.479094304144382476806640625" lon="126.95621064864099025726318359375">
        <ele>49.200000762939453125</ele>
        <time>2026-04-10T14:24:55.000Z</time>
        <extensions>
          <ns3:TrackPointExtension>
            <ns3:hr>142</ns3:hr>
            <ns3:cad>0</ns3:cad>
          </ns3:TrackPointExtension>
        </extensions>
      </trkpt>
      <trkpt lat="37.4790991656482219696044921875" lon="126.956231184303760528564453125">
        <ele>49.40000152587890625</ele>
        <time>2026-04-10T14:24:56.000Z</time>
        <extensions>
          <ns3:TrackPointExtension>
            <ns3:hr>141</ns3:hr>
            <ns3:cad>0</ns3:cad>
          </ns3:TrackPointExtension>
        </extensions>
      </trkpt>
      <trkpt lat="37.4790901131927967071533203125" lon="126.95627049542963504791259765625">
        <ele>49.40000152587890625</ele>
        <time>2026-04-10T14:24:57.000Z</time>
        <extensions>
          <ns3:TrackPointExtension>
            <ns3:hr>141</ns3:hr>
            <ns3:cad>0</ns3:cad>
          </ns3:TrackPointExtension>
        </extensions>
      </trkpt>
      <trkpt lat="37.4790864251554012298583984375" lon="126.95629094727337360382080078125">
        <ele>49.40000152587890625</ele>
        <time>2026-04-10T14:24:58.000Z</time>
        <extensions>
          <ns3:TrackPointExtension>
            <ns3:hr>141</ns3:hr>
            <ns3:cad>83</ns3:cad>
          </ns3:TrackPointExtension>
        </extensions>
      </trkpt>
      <trkpt lat="37.47907594777643680572509765625" lon="126.95632715709507465362548828125">
        <ele>49.59999847412109375</ele>
        <time>2026-04-10T14:24:59.000Z</time>
        <extensions>
          <ns3:TrackPointExtension>
            <ns3:hr>141</ns3:hr>
            <ns3:cad>83</ns3:cad>
          </ns3:TrackPointExtension>
        </extensions>
      </trkpt>
      <trkpt lat="37.479062788188457489013671875" lon="126.95636889897286891937255859375">
        <ele>49.59999847412109375</ele>
        <time>2026-04-10T14:25:00.000Z</time>
        <extensions>
          <ns3:TrackPointExtension>
            <ns3:hr>140</ns3:hr>
            <ns3:cad>83</ns3:cad>
          </ns3:TrackPointExtension>
        </extensions>
      </trkpt>
      <trkpt lat="37.4790602736175060272216796875" lon="126.95639404468238353729248046875">
        <ele>49.59999847412109375</ele>
        <time>2026-04-10T14:25:01.000Z</time>
        <extensions>
          <ns3:TrackPointExtension>
            <ns3:hr>139</ns3:hr>
            <ns3:cad>83</ns3:cad>
          </ns3:TrackPointExtension>
        </extensions>
      </trkpt>
      <trkpt lat="37.47905977070331573486328125" lon="126.9564325176179409027099609375">
        <ele>49.59999847412109375</ele>
        <time>2026-04-10T14:25:02.000Z</time>
        <extensions>
          <ns3:TrackPointExtension>
            <ns3:hr>139</ns3:hr>
            <ns3:cad>83</ns3:cad>
          </ns3:TrackPointExtension>
        </extensions>
      </trkpt>
      <trkpt lat="37.47905164025723934173583984375" lon="126.9564563222229480743408203125">
        <ele>49.59999847412109375</ele>
        <time>2026-04-10T14:25:03.000Z</time>
        <extensions>
          <ns3:TrackPointExtension>
            <ns3:hr>138</ns3:hr>
            <ns3:cad>83</ns3:cad>
          </ns3:TrackPointExtension>
        </extensions>
      </trkpt>
      <trkpt lat="37.4790465272963047027587890625" lon="126.9564972259104251861572265625">
        <ele>49.59999847412109375</ele>
        <time>2026-04-10T14:25:04.000Z</time>
        <extensions>
          <ns3:TrackPointExtension>
            <ns3:hr>138</ns3:hr>
            <ns3:cad>83</ns3:cad>
          </ns3:TrackPointExtension>
        </extensions>
      </trkpt>
      <trkpt lat="37.479035966098308563232421875" lon="126.9565331004559993743896484375">
        <ele>49.59999847412109375</ele>
        <time>2026-04-10T14:25:05.000Z</time>
        <extensions>
          <ns3:TrackPointExtension>
            <ns3:hr>138</ns3:hr>
            <ns3:cad>83</ns3:cad>
          </ns3:TrackPointExtension>
        </extensions>
      </trkpt>
      <trkpt lat="37.479025907814502716064453125" lon="126.9565522111952304840087890625">
        <ele>49.59999847412109375</ele>
        <time>2026-04-10T14:25:06.000Z</time>
        <extensions>
          <ns3:TrackPointExtension>
            <ns3:hr>138</ns3:hr>
            <ns3:cad>82</ns3:cad>
          </ns3:TrackPointExtension>
        </extensions>
      </trkpt>
      <trkpt lat="37.47900788672268390655517578125" lon="126.95659051649272441864013671875">
        <ele>49.59999847412109375</ele>
        <time>2026-04-10T14:25:07.000Z</time>
        <extensions>
          <ns3:TrackPointExtension>
            <ns3:hr>138</ns3:hr>
            <ns3:cad>82</ns3:cad>
          </ns3:TrackPointExtension>
        </extensions>
      </trkpt>
      <trkpt lat="37.478997074067592620849609375" lon="126.95662915706634521484375">
        <ele>49.799999237060546875</ele>
        <time>2026-04-10T14:25:08.000Z</time>
        <extensions>
          <ns3:TrackPointExtension>
            <ns3:hr>138</ns3:hr>
            <ns3:cad>82</ns3:cad>
          </ns3:TrackPointExtension>
        </extensions>
      </trkpt>
      <trkpt lat="37.47898827306926250457763671875" lon="126.95666335523128509521484375">
        <ele>49.799999237060546875</ele>
        <time>2026-04-10T14:25:09.000Z</time>
        <extensions>
          <ns3:TrackPointExtension>
            <ns3:hr>137</ns3:hr>
            <ns3:cad>82</ns3:cad>
          </ns3:TrackPointExtension>
        </extensions>
      </trkpt>
      <trkpt lat="37.47897083871066570281982421875" lon="126.9567030854523181915283203125">
        <ele>49.799999237060546875</ele>
        <time>2026-04-10T14:25:10.000Z</time>
        <extensions>
          <ns3:TrackPointExtension>
            <ns3:hr>137</ns3:hr>
            <ns3:cad>82</ns3:cad>
          </ns3:TrackPointExtension>
        </extensions>
      </trkpt>
      <trkpt lat="37.47896245680749416351318359375" lon="126.9567282311618328094482421875">
        <ele>49.799999237060546875</ele>
        <time>2026-04-10T14:25:11.000Z</time>
        <extensions>
          <ns3:TrackPointExtension>
            <ns3:hr>137</ns3:hr>
            <ns3:cad>82</ns3:cad>
          </ns3:TrackPointExtension>
        </extensions>
      </trkpt>
      <trkpt lat="37.47894443571567535400390625" lon="126.9567610882222652435302734375">
        <ele>49.799999237060546875</ele>
        <time>2026-04-10T14:25:12.000Z</time>
        <extensions>
          <ns3:TrackPointExtension>
            <ns3:hr>137</ns3:hr>
            <ns3:cad>82</ns3:cad>
          </ns3:TrackPointExtension>
        </extensions>
      </trkpt>
      <trkpt lat="37.47893345542252063751220703125" lon="126.95679268799722194671630859375">
        <ele>49.799999237060546875</ele>
        <time>2026-04-10T14:25:13.000Z</time>
        <extensions>
          <ns3:TrackPointExtension>
            <ns3:hr>137</ns3:hr>
            <ns3:cad>82</ns3:cad>
          </ns3:TrackPointExtension>
        </extensions>
      </trkpt>
      <trkpt lat="37.47892775572836399078369140625" lon="126.95681531913578510284423828125">
        <ele>49.799999237060546875</ele>
        <time>2026-04-10T14:25:14.000Z</time>
        <extensions>
          <ns3:TrackPointExtension>
            <ns3:hr>138</ns3:hr>
            <ns3:cad>82</ns3:cad>
          </ns3:TrackPointExtension>
        </extensions>
      </trkpt>
      <trkpt lat="37.4789127521216869354248046875" lon="126.956848092377185821533203125">
        <ele>49.799999237060546875</ele>
        <time>2026-04-10T14:25:15.000Z</time>
        <extensions>
          <ns3:TrackPointExtension>
            <ns3:hr>138</ns3:hr>
            <ns3:cad>82</ns3:cad>
          </ns3:TrackPointExtension>
        </extensions>
      </trkpt>
      <trkpt lat="37.47890126891434192657470703125" lon="126.95687416009604930877685546875">
        <ele>49.799999237060546875</ele>
        <time>2026-04-10T14:25:16.000Z</time>
        <extensions>
          <ns3:TrackPointExtension>
            <ns3:hr>138</ns3:hr>
            <ns3:cad>82</ns3:cad>
          </ns3:TrackPointExtension>
        </extensions>
      </trkpt>
      <trkpt lat="37.47888634912669658660888671875" lon="126.95690366439521312713623046875">
        <ele>50</ele>
        <time>2026-04-10T14:25:17.000Z</time>
        <extensions>
          <ns3:TrackPointExtension>
            <ns3:hr>138</ns3:hr>
            <ns3:cad>82</ns3:cad>
          </ns3:TrackPointExtension>
        </extensions>
      </trkpt>
      <trkpt lat="37.47887193225324153900146484375" lon="126.956939287483692169189453125">
        <ele>50</ele>
        <time>2026-04-10T14:25:18.000Z</time>
        <extensions>
          <ns3:TrackPointExtension>
            <ns3:hr>139</ns3:hr>
            <ns3:cad>83</ns3:cad>
          </ns3:TrackPointExtension>
        </extensions>
      </trkpt>
      <trkpt lat="37.47886589728295803070068359375" lon="126.9569652713835239410400390625">
        <ele>50</ele>
        <time>2026-04-10T14:25:19.000Z</time>
        <extensions>
          <ns3:TrackPointExtension>
            <ns3:hr>140</ns3:hr>
            <ns3:cad>83</ns3:cad>
          </ns3:TrackPointExtension>
        </extensions>
      </trkpt>
      <trkpt lat="37.478846199810504913330078125" lon="126.95700743235647678375244140625">
        <ele>50</ele>
        <time>2026-04-10T14:25:20.000Z</time>
        <extensions>
          <ns3:TrackPointExtension>
            <ns3:hr>141</ns3:hr>
            <ns3:cad>83</ns3:cad>
          </ns3:TrackPointExtension>
        </extensions>
      </trkpt>
      <trkpt lat="37.47883538715541362762451171875" lon="126.957049258053302764892578125">
        <ele>50</ele>
        <time>2026-04-10T14:25:21.000Z</time>
        <extensions>
          <ns3:TrackPointExtension>
            <ns3:hr>141</ns3:hr>
            <ns3:cad>83</ns3:cad>
          </ns3:TrackPointExtension>
        </extensions>
      </trkpt>
      <trkpt lat="37.478829436004161834716796875" lon="126.9570735655725002288818359375">
        <ele>50</ele>
        <time>2026-04-10T14:25:22.000Z</time>
        <extensions>
          <ns3:TrackPointExtension>
            <ns3:hr>142</ns3:hr>
            <ns3:cad>83</ns3:cad>
          </ns3:TrackPointExtension>
        </extensions>
      </trkpt>
      <trkpt lat="37.47881543822586536407470703125" lon="126.95711287669837474822998046875">
        <ele>50</ele>
        <time>2026-04-10T14:25:23.000Z</time>
        <extensions>
          <ns3:TrackPointExtension>
            <ns3:hr>142</ns3:hr>
            <ns3:cad>83</ns3:cad>
          </ns3:TrackPointExtension>
        </extensions>
      </trkpt>
      <trkpt lat="37.4788071401417255401611328125" lon="126.9571386091411113739013671875">
        <ele>50</ele>
        <time>2026-04-10T14:25:24.000Z</time>
        <extensions>
          <ns3:TrackPointExtension>
            <ns3:hr>143</ns3:hr>
            <ns3:cad>83</ns3:cad>
          </ns3:TrackPointExtension>
        </extensions>
      </trkpt>
      <trkpt lat="37.4787893705070018768310546875" lon="126.9571805186569690704345703125">
        <ele>50</ele>
        <time>2026-04-10T14:25:25.000Z</time>
        <extensions>
          <ns3:TrackPointExtension>
            <ns3:hr>143</ns3:hr>
            <ns3:cad>83</ns3:cad>
          </ns3:TrackPointExtension>
        </extensions>
      </trkpt>
      <trkpt lat="37.478777803480625152587890625" lon="126.95721798576414585113525390625">
        <ele>50</ele>
        <time>2026-04-10T14:25:26.000Z</time>
        <extensions>
          <ns3:TrackPointExtension>
            <ns3:hr>143</ns3:hr>
            <ns3:cad>83</ns3:cad>
          </ns3:TrackPointExtension>
        </extensions>
      </trkpt>
      <trkpt lat="37.4787734448909759521484375" lon="126.9572474062442779541015625">
        <ele>50</ele>
        <time>2026-04-10T14:25:27.000Z</time>
        <extensions>
          <ns3:TrackPointExtension>
            <ns3:hr>144</ns3:hr>
            <ns3:cad>83</ns3:cad>
          </ns3:TrackPointExtension>
        </extensions>
      </trkpt>
      <trkpt lat="37.47875844128429889678955078125" lon="126.9572857953608036041259765625">
        <ele>50</ele>
        <time>2026-04-10T14:25:28.000Z</time>
        <extensions>
          <ns3:TrackPointExtension>
            <ns3:hr>144</ns3:hr>
            <ns3:cad>83</ns3:cad>
          </ns3:TrackPointExtension>
        </extensions>
      </trkpt>
      <trkpt lat="37.4787501432001590728759765625" lon="126.95731488056480884552001953125">
        <ele>50</ele>
        <time>2026-04-10T14:25:29.000Z</time>
        <extensions>
          <ns3:TrackPointExtension>
            <ns3:hr>143</ns3:hr>
            <ns3:cad>83</ns3:cad>
          </ns3:TrackPointExtension>
        </extensions>
      </trkpt>
      <trkpt lat="37.47873480431735515594482421875" lon="126.95734941400587558746337890625">
        <ele>50</ele>
        <time>2026-04-10T14:25:30.000Z</time>
        <extensions>
          <ns3:TrackPointExtension>
            <ns3:hr>143</ns3:hr>
            <ns3:cad>83</ns3:cad>
          </ns3:TrackPointExtension>
        </extensions>
      </trkpt>
      <trkpt lat="37.478718794882297515869140625" lon="126.95738411508500576019287109375">
        <ele>50</ele>
        <time>2026-04-10T14:25:31.000Z</time>
        <extensions>
          <ns3:TrackPointExtension>
            <ns3:hr>143</ns3:hr>
            <ns3:cad>83</ns3:cad>
          </ns3:TrackPointExtension>
        </extensions>
      </trkpt>
      <trkpt lat="37.4787089042365550994873046875" lon="126.957409344613552093505859375">
        <ele>50</ele>
        <time>2026-04-10T14:25:32.000Z</time>
        <extensions>
          <ns3:TrackPointExtension>
            <ns3:hr>142</ns3:hr>
            <ns3:cad>83</ns3:cad>
          </ns3:TrackPointExtension>
        </extensions>
      </trkpt>
      <trkpt lat="37.478697001934051513671875" lon="126.95745150558650493621826171875">
        <ele>50</ele>
        <time>2026-04-10T14:25:33.000Z</time>
        <extensions>
          <ns3:TrackPointExtension>
            <ns3:hr>142</ns3:hr>
            <ns3:cad>83</ns3:cad>
          </ns3:TrackPointExtension>
        </extensions>
      </trkpt>
      <trkpt lat="37.47868702746927738189697265625" lon="126.9574789144098758697509765625">
        <ele>50</ele>
        <time>2026-04-10T14:25:34.000Z</time>
        <extensions>
          <ns3:TrackPointExtension>
            <ns3:hr>142</ns3:hr>
            <ns3:cad>83</ns3:cad>
          </ns3:TrackPointExtension>
        </extensions>
      </trkpt>
      <trkpt lat="37.47867763973772525787353515625" lon="126.95751495659351348876953125">
        <ele>50</ele>
        <time>2026-04-10T14:25:35.000Z</time>
        <extensions>
          <ns3:TrackPointExtension>
            <ns3:hr>143</ns3:hr>
            <ns3:cad>83</ns3:cad>
          </ns3:TrackPointExtension>
        </extensions>
      </trkpt>
      <trkpt lat="37.478659451007843017578125" lon="126.95755912922322750091552734375">
        <ele>50.200000762939453125</ele>
        <time>2026-04-10T14:25:36.000Z</time>
        <extensions>
          <ns3:TrackPointExtension>
            <ns3:hr>142</ns3:hr>
            <ns3:cad>83</ns3:cad>
          </ns3:TrackPointExtension>
        </extensions>
      </trkpt>
      <trkpt lat="37.47865685261785984039306640625" lon="126.9575888849794864654541015625">
        <ele>50.200000762939453125</ele>
        <time>2026-04-10T14:25:37.000Z</time>
        <extensions>
          <ns3:TrackPointExtension>
            <ns3:hr>142</ns3:hr>
            <ns3:cad>83</ns3:cad>
          </ns3:TrackPointExtension>
        </extensions>
      </trkpt>
      <trkpt lat="37.478637993335723876953125" lon="126.95763322524726390838623046875">
        <ele>50.200000762939453125</ele>
        <time>2026-04-10T14:25:38.000Z</time>
        <extensions>
          <ns3:TrackPointExtension>
            <ns3:hr>142</ns3:hr>
            <ns3:cad>83</ns3:cad>
          </ns3:TrackPointExtension>
        </extensions>
      </trkpt>
      <trkpt lat="37.478628270328044891357421875" lon="126.95766775868833065032958984375">
        <ele>50.40000152587890625</ele>
        <time>2026-04-10T14:25:39.000Z</time>
        <extensions>
          <ns3:TrackPointExtension>
            <ns3:hr>141</ns3:hr>
            <ns3:cad>83</ns3:cad>
          </ns3:TrackPointExtension>
        </extensions>
      </trkpt>
      <trkpt lat="37.47861980460584163665771484375" lon="126.9576966762542724609375">
        <ele>50.200000762939453125</ele>
        <time>2026-04-10T14:25:40.000Z</time>
        <extensions>
          <ns3:TrackPointExtension>
            <ns3:hr>142</ns3:hr>
            <ns3:cad>83</ns3:cad>
          </ns3:TrackPointExtension>
        </extensions>
      </trkpt>
      <trkpt lat="37.47860186733305454254150390625" lon="126.95773498155176639556884765625">
        <ele>50.200000762939453125</ele>
        <time>2026-04-10T14:25:41.000Z</time>
        <extensions>
          <ns3:TrackPointExtension>
            <ns3:hr>142</ns3:hr>
            <ns3:cad>83</ns3:cad>
          </ns3:TrackPointExtension>
        </extensions>
      </trkpt>
      <trkpt lat="37.4785937368869781494140625" lon="126.95776364766061305999755859375">
        <ele>50.200000762939453125</ele>
        <time>2026-04-10T14:25:42.000Z</time>
        <extensions>
          <ns3:TrackPointExtension>
            <ns3:hr>142</ns3:hr>
            <ns3:cad>83</ns3:cad>
          </ns3:TrackPointExtension>
        </extensions>
      </trkpt>
      <trkpt lat="37.4785776436328887939453125" lon="126.957801282405853271484375">
        <ele>50.40000152587890625</ele>
        <time>2026-04-10T14:25:43.000Z</time>
        <extensions>
          <ns3:TrackPointExtension>
            <ns3:hr>142</ns3:hr>
            <ns3:cad>83</ns3:cad>
          </ns3:TrackPointExtension>
        </extensions>
      </trkpt>
      <trkpt lat="37.4785657413303852081298828125" lon="126.957833804190158843994140625">
        <ele>50.40000152587890625</ele>
        <time>2026-04-10T14:25:44.000Z</time>
        <extensions>
          <ns3:TrackPointExtension>
            <ns3:hr>142</ns3:hr>
            <ns3:cad>83</ns3:cad>
          </ns3:TrackPointExtension>
        </extensions>
      </trkpt>
      <trkpt lat="37.4785593710839748382568359375" lon="126.957861296832561492919921875">
        <ele>50.40000152587890625</ele>
        <time>2026-04-10T14:25:45.000Z</time>
        <extensions>
          <ns3:TrackPointExtension>
            <ns3:hr>141</ns3:hr>
            <ns3:cad>83</ns3:cad>
          </ns3:TrackPointExtension>
        </extensions>
      </trkpt>
      <trkpt lat="37.47854134999215602874755859375" lon="126.957903541624546051025390625">
        <ele>50.40000152587890625</ele>
        <time>2026-04-10T14:25:46.000Z</time>
        <extensions>
          <ns3:TrackPointExtension>
            <ns3:hr>142</ns3:hr>
            <ns3:cad>83</ns3:cad>
          </ns3:TrackPointExtension>
        </extensions>
      </trkpt>
      <trkpt lat="37.4785352312028408050537109375" lon="126.9579224847257137298583984375">
        <ele>50.40000152587890625</ele>
        <time>2026-04-10T14:25:47.000Z</time>
        <extensions>
          <ns3:TrackPointExtension>
            <ns3:hr>142</ns3:hr>
            <ns3:cad>83</ns3:cad>
          </ns3:TrackPointExtension>
        </extensions>
      </trkpt>
      <trkpt lat="37.478524334728717803955078125" lon="126.95794721134006977081298828125">
        <ele>50.40000152587890625</ele>
        <time>2026-04-10T14:25:48.000Z</time>
        <extensions>
          <ns3:TrackPointExtension>
            <ns3:hr>142</ns3:hr>
            <ns3:cad>83</ns3:cad>
          </ns3:TrackPointExtension>
        </extensions>
      </trkpt>
      <trkpt lat="37.4785050563514232635498046875" lon="126.9579823315143585205078125">
        <ele>50.59999847412109375</ele>
        <time>2026-04-10T14:25:49.000Z</time>
        <extensions>
          <ns3:TrackPointExtension>
            <ns3:hr>142</ns3:hr>
            <ns3:cad>83</ns3:cad>
          </ns3:TrackPointExtension>
        </extensions>
      </trkpt>
      <trkpt lat="37.478494159877300262451171875" lon="126.95800705812871456146240234375">
        <ele>50.59999847412109375</ele>
        <time>2026-04-10T14:25:50.000Z</time>
        <extensions>
          <ns3:TrackPointExtension>
            <ns3:hr>142</ns3:hr>
            <ns3:cad>83</ns3:cad>
          </ns3:TrackPointExtension>
        </extensions>
      </trkpt>
      <trkpt lat="37.4784745462238788604736328125" lon="126.95804745890200138092041015625">
        <ele>50.59999847412109375</ele>
        <time>2026-04-10T14:25:51.000Z</time>
        <extensions>
          <ns3:TrackPointExtension>
            <ns3:hr>142</ns3:hr>
            <ns3:cad>83</ns3:cad>
          </ns3:TrackPointExtension>
        </extensions>
      </trkpt>
      <trkpt lat="37.4784614704549312591552734375" lon="126.95808098651468753814697265625">
        <ele>50.59999847412109375</ele>
        <time>2026-04-10T14:25:52.000Z</time>
        <extensions>
          <ns3:TrackPointExtension>
            <ns3:hr>142</ns3:hr>
            <ns3:cad>83</ns3:cad>
          </ns3:TrackPointExtension>
        </extensions>
      </trkpt>
      <trkpt lat="37.47844931669533252716064453125" lon="126.9581105746328830718994140625">
        <ele>50.59999847412109375</ele>
        <time>2026-04-10T14:25:53.000Z</time>
        <extensions>
          <ns3:TrackPointExtension>
            <ns3:hr>142</ns3:hr>
            <ns3:cad>83</ns3:cad>
          </ns3:TrackPointExtension>
        </extensions>
      </trkpt>
      <trkpt lat="37.47842584736645221710205078125" lon="126.9581531547009944915771484375">
        <ele>50.59999847412109375</ele>
        <time>2026-04-10T14:25:54.000Z</time>
        <extensions>
          <ns3:TrackPointExtension>
            <ns3:hr>142</ns3:hr>
            <ns3:cad>83</ns3:cad>
          </ns3:TrackPointExtension>
        </extensions>
      </trkpt>
      <trkpt lat="37.4784158729016780853271484375" lon="126.9581769593060016632080078125">
        <ele>50.59999847412109375</ele>
        <time>2026-04-10T14:25:55.000Z</time>
        <extensions>
          <ns3:TrackPointExtension>
            <ns3:hr>143</ns3:hr>
            <ns3:cad>83</ns3:cad>
          </ns3:TrackPointExtension>
        </extensions>
      </trkpt>
      <trkpt lat="37.4783974327147006988525390625" lon="126.9582091458141803741455078125">
        <ele>50.799999237060546875</ele>
        <time>2026-04-10T14:25:56.000Z</time>
        <extensions>
          <ns3:TrackPointExtension>
            <ns3:hr>142</ns3:hr>
            <ns3:cad>83</ns3:cad>
          </ns3:TrackPointExtension>
        </extensions>
      </trkpt>
      <trkpt lat="37.4783786572515964508056640625" lon="126.95824183523654937744140625">
        <ele>50.799999237060546875</ele>
        <time>2026-04-10T14:25:57.000Z</time>
        <extensions>
          <ns3:TrackPointExtension>
            <ns3:hr>142</ns3:hr>
            <ns3:cad>82</ns3:cad>
          </ns3:TrackPointExtension>
        </extensions>
      </trkpt>
      <trkpt lat="37.478368096053600311279296875" lon="126.9582715071737766265869140625">
        <ele>50.799999237060546875</ele>
        <time>2026-04-10T14:25:58.000Z</time>
        <extensions>
          <ns3:TrackPointExtension>
            <ns3:hr>143</ns3:hr>
            <ns3:cad>82</ns3:cad>
          </ns3:TrackPointExtension>
        </extensions>
      </trkpt>
      <trkpt lat="37.478348314762115478515625" lon="126.958315260708332061767578125">
        <ele>50.799999237060546875</ele>
        <time>2026-04-10T14:25:59.000Z</time>
        <extensions>
          <ns3:TrackPointExtension>
            <ns3:hr>143</ns3:hr>
            <ns3:cad>82</ns3:cad>
          </ns3:TrackPointExtension>
        </extensions>
      </trkpt>
      <trkpt lat="37.47833448462188243865966796875" lon="126.95835423655807971954345703125">
        <ele>50.799999237060546875</ele>
        <time>2026-04-10T14:26:00.000Z</time>
        <extensions>
          <ns3:TrackPointExtension>
            <ns3:hr>143</ns3:hr>
            <ns3:cad>82</ns3:cad>
          </ns3:TrackPointExtension>
        </extensions>
      </trkpt>
      <trkpt lat="37.47830967418849468231201171875" lon="126.95838524959981441497802734375">
        <ele>50.799999237060546875</ele>
        <time>2026-04-10T14:26:01.000Z</time>
        <extensions>
          <ns3:TrackPointExtension>
            <ns3:hr>143</ns3:hr>
            <ns3:cad>82</ns3:cad>
          </ns3:TrackPointExtension>
        </extensions>
      </trkpt>
      <trkpt lat="37.47828938998281955718994140625" lon="126.958420537412166595458984375">
        <ele>50.799999237060546875</ele>
        <time>2026-04-10T14:26:02.000Z</time>
        <extensions>
          <ns3:TrackPointExtension>
            <ns3:hr>143</ns3:hr>
            <ns3:cad>83</ns3:cad>
          </ns3:TrackPointExtension>
        </extensions>
      </trkpt>
      <trkpt lat="37.4782777391374111175537109375" lon="126.95844610221683979034423828125">
        <ele>50.799999237060546875</ele>
        <time>2026-04-10T14:26:03.000Z</time>
        <extensions>
          <ns3:TrackPointExtension>
            <ns3:hr>143</ns3:hr>
            <ns3:cad>83</ns3:cad>
          </ns3:TrackPointExtension>
        </extensions>
      </trkpt>
      <trkpt lat="37.47825234197080135345458984375" lon="126.958480887115001678466796875">
        <ele>50.799999237060546875</ele>
        <time>2026-04-10T14:26:04.000Z</time>
        <extensions>
          <ns3:TrackPointExtension>
            <ns3:hr>144</ns3:hr>
            <ns3:cad>83</ns3:cad>
          </ns3:TrackPointExtension>
        </extensions>
      </trkpt>
      <trkpt lat="37.4782271124422550201416015625" lon="126.958515085279941558837890625">
        <ele>50.799999237060546875</ele>
        <time>2026-04-10T14:26:05.000Z</time>
        <extensions>
          <ns3:TrackPointExtension>
            <ns3:hr>143</ns3:hr>
            <ns3:cad>83</ns3:cad>
          </ns3:TrackPointExtension>
        </extensions>
      </trkpt>
      <trkpt lat="37.4781999550759792327880859375" lon="126.95853796787559986114501953125">
        <ele>51</ele>
        <time>2026-04-10T14:26:06.000Z</time>
        <extensions>
          <ns3:TrackPointExtension>
            <ns3:hr>143</ns3:hr>
            <ns3:cad>83</ns3:cad>
          </ns3:TrackPointExtension>
        </extensions>
      </trkpt>
      <trkpt lat="37.478166259825229644775390625" lon="126.95856034755706787109375">
        <ele>51</ele>
        <time>2026-04-10T14:26:07.000Z</time>
        <extensions>
          <ns3:TrackPointExtension>
            <ns3:hr>144</ns3:hr>
            <ns3:cad>83</ns3:cad>
          </ns3:TrackPointExtension>
        </extensions>
      </trkpt>
      <trkpt lat="37.4781422875821590423583984375" lon="126.95858113467693328857421875">
        <ele>51</ele>
        <time>2026-04-10T14:26:08.000Z</time>
        <extensions>
          <ns3:TrackPointExtension>
            <ns3:hr>144</ns3:hr>
            <ns3:cad>82</ns3:cad>
          </ns3:TrackPointExtension>
        </extensions>
      </trkpt>
      <trkpt lat="37.47810490429401397705078125" lon="126.95859949104487895965576171875">
        <ele>51.200000762939453125</ele>
        <time>2026-04-10T14:26:09.000Z</time>
        <extensions>
          <ns3:TrackPointExtension>
            <ns3:hr>144</ns3:hr>
            <ns3:cad>82</ns3:cad>
          </ns3:TrackPointExtension>
        </extensions>
      </trkpt>
      <trkpt lat="37.4780772440135478973388671875" lon="126.9586104713380336761474609375">
        <ele>51.200000762939453125</ele>
        <time>2026-04-10T14:26:10.000Z</time>
        <extensions>
          <ns3:TrackPointExtension>
            <ns3:hr>144</ns3:hr>
            <ns3:cad>82</ns3:cad>
          </ns3:TrackPointExtension>
        </extensions>
      </trkpt>
      <trkpt lat="37.47804681770503520965576171875" lon="126.95861876942217350006103515625">
        <ele>51.200000762939453125</ele>
        <time>2026-04-10T14:26:11.000Z</time>
        <extensions>
          <ns3:TrackPointExtension>
            <ns3:hr>143</ns3:hr>
            <ns3:cad>83</ns3:cad>
          </ns3:TrackPointExtension>
        </extensions>
      </trkpt>
      <trkpt lat="37.47800658456981182098388671875" lon="126.9586287438869476318359375">
        <ele>51</ele>
        <time>2026-04-10T14:26:12.000Z</time>
        <extensions>
          <ns3:TrackPointExtension>
            <ns3:hr>144</ns3:hr>
            <ns3:cad>83</ns3:cad>
          </ns3:TrackPointExtension>
        </extensions>
      </trkpt>
      <trkpt lat="37.47797749936580657958984375" lon="126.95862941443920135498046875">
        <ele>51.200000762939453125</ele>
        <time>2026-04-10T14:26:13.000Z</time>
        <extensions>
          <ns3:TrackPointExtension>
            <ns3:hr>144</ns3:hr>
            <ns3:cad>83</ns3:cad>
          </ns3:TrackPointExtension>
        </extensions>
      </trkpt>
      <trkpt lat="37.4779473245143890380859375" lon="126.95862748660147190093994140625">
        <ele>51.200000762939453125</ele>
        <time>2026-04-10T14:26:14.000Z</time>
        <extensions>
          <ns3:TrackPointExtension>
            <ns3:hr>144</ns3:hr>
            <ns3:cad>83</ns3:cad>
          </ns3:TrackPointExtension>
        </extensions>
      </trkpt>
      <trkpt lat="37.4779189936816692352294921875" lon="126.95863150991499423980712890625">
        <ele>51.40000152587890625</ele>
        <time>2026-04-10T14:26:15.000Z</time>
        <extensions>
          <ns3:TrackPointExtension>
            <ns3:hr>144</ns3:hr>
            <ns3:cad>83</ns3:cad>
          </ns3:TrackPointExtension>
        </extensions>
      </trkpt>
      <trkpt lat="37.477894015610218048095703125" lon="126.95863989181816577911376953125">
        <ele>51.40000152587890625</ele>
        <time>2026-04-10T14:26:16.000Z</time>
        <extensions>
          <ns3:TrackPointExtension>
            <ns3:hr>144</ns3:hr>
            <ns3:cad>83</ns3:cad>
          </ns3:TrackPointExtension>
        </extensions>
      </trkpt>
      <trkpt lat="37.47785889543592929840087890625" lon="126.95865380577743053436279296875">
        <ele>51.40000152587890625</ele>
        <time>2026-04-10T14:26:17.000Z</time>
        <extensions>
          <ns3:TrackPointExtension>
            <ns3:hr>144</ns3:hr>
            <ns3:cad>83</ns3:cad>
          </ns3:TrackPointExtension>
        </extensions>
      </trkpt>
      <trkpt lat="37.47782905586063861846923828125" lon="126.95866017602384090423583984375">
        <ele>51.40000152587890625</ele>
        <time>2026-04-10T14:26:18.000Z</time>
        <extensions>
          <ns3:TrackPointExtension>
            <ns3:hr>144</ns3:hr>
            <ns3:cad>83</ns3:cad>
          </ns3:TrackPointExtension>
        </extensions>
      </trkpt>
      <trkpt lat="37.47780055738985538482666015625" lon="126.95867191068828105926513671875">
        <ele>51.200000762939453125</ele>
        <time>2026-04-10T14:26:19.000Z</time>
        <extensions>
          <ns3:TrackPointExtension>
            <ns3:hr>144</ns3:hr>
            <ns3:cad>83</ns3:cad>
          </ns3:TrackPointExtension>
        </extensions>
      </trkpt>
      <trkpt lat="37.47776962816715240478515625" lon="126.95868632756173610687255859375">
        <ele>51.40000152587890625</ele>
        <time>2026-04-10T14:26:20.000Z</time>
        <extensions>
          <ns3:TrackPointExtension>
            <ns3:hr>144</ns3:hr>
            <ns3:cad>83</ns3:cad>
          </ns3:TrackPointExtension>
        </extensions>
      </trkpt>
      <trkpt lat="37.47774817049503326416015625" lon="126.95869722403585910797119140625">
        <ele>51.59999847412109375</ele>
        <time>2026-04-10T14:26:21.000Z</time>
        <extensions>
          <ns3:TrackPointExtension>
            <ns3:hr>144</ns3:hr>
            <ns3:cad>83</ns3:cad>
          </ns3:TrackPointExtension>
        </extensions>
      </trkpt>
      <trkpt lat="37.47771539725363254547119140625" lon="126.95871817879378795623779296875">
        <ele>51.799999237060546875</ele>
        <time>2026-04-10T14:26:22.000Z</time>
        <extensions>
          <ns3:TrackPointExtension>
            <ns3:hr>144</ns3:hr>
            <ns3:cad>83</ns3:cad>
          </ns3:TrackPointExtension>
        </extensions>
      </trkpt>
      <trkpt lat="37.47768505476415157318115234375" lon="126.9587325118482112884521484375">
        <ele>51.799999237060546875</ele>
        <time>2026-04-10T14:26:23.000Z</time>
        <extensions>
          <ns3:TrackPointExtension>
            <ns3:hr>144</ns3:hr>
            <ns3:cad>82</ns3:cad>
          </ns3:TrackPointExtension>
        </extensions>
      </trkpt>
      <trkpt lat="37.47766041196882724761962890625" lon="126.958745084702968597412109375">
        <ele>51.799999237060546875</ele>
        <time>2026-04-10T14:26:24.000Z</time>
        <extensions>
          <ns3:TrackPointExtension>
            <ns3:hr>144</ns3:hr>
            <ns3:cad>82</ns3:cad>
          </ns3:TrackPointExtension>
        </extensions>
      </trkpt>
      <trkpt lat="37.4776259623467922210693359375" lon="126.95875891484320163726806640625">
        <ele>51.799999237060546875</ele>
        <time>2026-04-10T14:26:25.000Z</time>
        <extensions>
          <ns3:TrackPointExtension>
            <ns3:hr>144</ns3:hr>
            <ns3:cad>82</ns3:cad>
          </ns3:TrackPointExtension>
        </extensions>
      </trkpt>
      <trkpt lat="37.47760123573243618011474609375" lon="126.9587673805654048919677734375">
        <ele>51.799999237060546875</ele>
        <time>2026-04-10T14:26:26.000Z</time>
        <extensions>
          <ns3:TrackPointExtension>
            <ns3:hr>144</ns3:hr>
            <ns3:cad>84</ns3:cad>
          </ns3:TrackPointExtension>
        </extensions>
      </trkpt>
      <trkpt lat="37.4775666184723377227783203125" lon="126.9587834738194942474365234375">
        <ele>52</ele>
        <time>2026-04-10T14:26:27.000Z</time>
        <extensions>
          <ns3:TrackPointExtension>
            <ns3:hr>144</ns3:hr>
            <ns3:cad>84</ns3:cad>
          </ns3:TrackPointExtension>
        </extensions>
      </trkpt>
      <trkpt lat="37.47753703035414218902587890625" lon="126.9587955437600612640380859375">
        <ele>52</ele>
        <time>2026-04-10T14:26:28.000Z</time>
        <extensions>
          <ns3:TrackPointExtension>
            <ns3:hr>144</ns3:hr>
            <ns3:cad>84</ns3:cad>
          </ns3:TrackPointExtension>
        </extensions>
      </trkpt>
      <trkpt lat="37.47751490212976932525634765625" lon="126.95881105028092861175537109375">
        <ele>52</ele>
        <time>2026-04-10T14:26:29.000Z</time>
        <extensions>
          <ns3:TrackPointExtension>
            <ns3:hr>144</ns3:hr>
            <ns3:cad>83</ns3:cad>
          </ns3:TrackPointExtension>
        </extensions>
      </trkpt>
      <trkpt lat="37.4774817936122417449951171875" lon="126.95882320404052734375">
        <ele>52</ele>
        <time>2026-04-10T14:26:30.000Z</time>
        <extensions>
          <ns3:TrackPointExtension>
            <ns3:hr>144</ns3:hr>
            <ns3:cad>83</ns3:cad>
          </ns3:TrackPointExtension>
        </extensions>
      </trkpt>
      <trkpt lat="37.47745522297918796539306640625" lon="126.9588344357907772064208984375">
        <ele>52</ele>
        <time>2026-04-10T14:26:31.000Z</time>
        <extensions>
          <ns3:TrackPointExtension>
            <ns3:hr>144</ns3:hr>
            <ns3:cad>83</ns3:cad>
          </ns3:TrackPointExtension>
        </extensions>
      </trkpt>
      <trkpt lat="37.477422617375850677490234375" lon="126.9588511995971202850341796875">
        <ele>52</ele>
        <time>2026-04-10T14:26:32.000Z</time>
        <extensions>
          <ns3:TrackPointExtension>
            <ns3:hr>144</ns3:hr>
            <ns3:cad>83</ns3:cad>
          </ns3:TrackPointExtension>
        </extensions>
      </trkpt>
      <trkpt lat="37.4773969687521457672119140625" lon="126.9588620960712432861328125">
        <ele>52.200000762939453125</ele>
        <time>2026-04-10T14:26:33.000Z</time>
        <extensions>
          <ns3:TrackPointExtension>
            <ns3:hr>144</ns3:hr>
            <ns3:cad>83</ns3:cad>
          </ns3:TrackPointExtension>
        </extensions>
      </trkpt>
      <trkpt lat="37.47737760655581951141357421875" lon="126.9588723219931125640869140625">
        <ele>52.200000762939453125</ele>
        <time>2026-04-10T14:26:34.000Z</time>
        <extensions>
          <ns3:TrackPointExtension>
            <ns3:hr>143</ns3:hr>
            <ns3:cad>83</ns3:cad>
          </ns3:TrackPointExtension>
        </extensions>
      </trkpt>
      <trkpt lat="37.47734122909605503082275390625" lon="126.9588900916278362274169921875">
        <ele>52</ele>
        <time>2026-04-10T14:26:35.000Z</time>
        <extensions>
          <ns3:TrackPointExtension>
            <ns3:hr>144</ns3:hr>
            <ns3:cad>83</ns3:cad>
          </ns3:TrackPointExtension>
        </extensions>
      </trkpt>
      <trkpt lat="37.47731767594814300537109375" lon="126.95890693925321102142333984375">
        <ele>52</ele>
        <time>2026-04-10T14:26:36.000Z</time>
        <extensions>
          <ns3:TrackPointExtension>
            <ns3:hr>143</ns3:hr>
            <ns3:cad>84</ns3:cad>
          </ns3:TrackPointExtension>
        </extensions>
      </trkpt>
      <trkpt lat="37.47728724963963031768798828125" lon="126.958919428288936614990234375">
        <ele>52</ele>
        <time>2026-04-10T14:26:37.000Z</time>
        <extensions>
          <ns3:TrackPointExtension>
            <ns3:hr>143</ns3:hr>
            <ns3:cad>84</ns3:cad>
          </ns3:TrackPointExtension>
        </extensions>
      </trkpt>
      <trkpt lat="37.47725372202694416046142578125" lon="126.95893107913434505462646484375">
        <ele>52</ele>
        <time>2026-04-10T14:26:38.000Z</time>
        <extensions>
          <ns3:TrackPointExtension>
            <ns3:hr>143</ns3:hr>
            <ns3:cad>84</ns3:cad>
          </ns3:TrackPointExtension>
        </extensions>
      </trkpt>
      <trkpt lat="37.47723528183996677398681640625" lon="126.958942897617816925048828125">
        <ele>52.200000762939453125</ele>
        <time>2026-04-10T14:26:39.000Z</time>
        <extensions>
          <ns3:TrackPointExtension>
            <ns3:hr>143</ns3:hr>
            <ns3:cad>84</ns3:cad>
          </ns3:TrackPointExtension>
        </extensions>
      </trkpt>
      <trkpt lat="37.47719965875148773193359375" lon="126.958962343633174896240234375">
        <ele>52.200000762939453125</ele>
        <time>2026-04-10T14:26:40.000Z</time>
        <extensions>
          <ns3:TrackPointExtension>
            <ns3:hr>142</ns3:hr>
            <ns3:cad>84</ns3:cad>
          </ns3:TrackPointExtension>
        </extensions>
      </trkpt>
      <trkpt lat="37.47717124409973621368408203125" lon="126.9589789398014545440673828125">
        <ele>52.200000762939453125</ele>
        <time>2026-04-10T14:26:41.000Z</time>
        <extensions>
          <ns3:TrackPointExtension>
            <ns3:hr>142</ns3:hr>
            <ns3:cad>83</ns3:cad>
          </ns3:TrackPointExtension>
        </extensions>
      </trkpt>
      <trkpt lat="37.47714442200958728790283203125" lon="126.9589883275330066680908203125">
        <ele>52.40000152587890625</ele>
        <time>2026-04-10T14:26:42.000Z</time>
        <extensions>
          <ns3:TrackPointExtension>
            <ns3:hr>142</ns3:hr>
            <ns3:cad>83</ns3:cad>
          </ns3:TrackPointExtension>
        </extensions>
      </trkpt>
      <trkpt lat="37.47710645198822021484375" lon="126.95899679325520992279052734375">
        <ele>52.40000152587890625</ele>
        <time>2026-04-10T14:26:43.000Z</time>
        <extensions>
          <ns3:TrackPointExtension>
            <ns3:hr>141</ns3:hr>
            <ns3:cad>83</ns3:cad>
          </ns3:TrackPointExtension>
        </extensions>
      </trkpt>
      <trkpt lat="37.47707887552678585052490234375" lon="126.9590007327497005462646484375">
        <ele>52.40000152587890625</ele>
        <time>2026-04-10T14:26:44.000Z</time>
        <extensions>
          <ns3:TrackPointExtension>
            <ns3:hr>141</ns3:hr>
            <ns3:cad>83</ns3:cad>
          </ns3:TrackPointExtension>
        </extensions>
      </trkpt>
      <trkpt lat="37.477051801979541778564453125" lon="126.95900819264352321624755859375">
        <ele>52.40000152587890625</ele>
        <time>2026-04-10T14:26:45.000Z</time>
        <extensions>
          <ns3:TrackPointExtension>
            <ns3:hr>140</ns3:hr>
            <ns3:cad>83</ns3:cad>
          </ns3:TrackPointExtension>
        </extensions>
      </trkpt>
      <trkpt lat="37.477023638784885406494140625" lon="126.95899779908359050750732421875">
        <ele>52.40000152587890625</ele>
        <time>2026-04-10T14:26:46.000Z</time>
        <extensions>
          <ns3:TrackPointExtension>
            <ns3:hr>140</ns3:hr>
            <ns3:cad>83</ns3:cad>
          </ns3:TrackPointExtension>
        </extensions>
      </trkpt>
      <trkpt lat="37.47700075618922710418701171875" lon="126.95899193175137042999267578125">
        <ele>52.40000152587890625</ele>
        <time>2026-04-10T14:26:47.000Z</time>
        <extensions>
          <ns3:TrackPointExtension>
            <ns3:hr>140</ns3:hr>
            <ns3:cad>82</ns3:cad>
          </ns3:TrackPointExtension>
        </extensions>
      </trkpt>
      <trkpt lat="37.4769656360149383544921875" lon="126.95898170582950115203857421875">
        <ele>52.40000152587890625</ele>
        <time>2026-04-10T14:26:48.000Z</time>
        <extensions>
          <ns3:TrackPointExtension>
            <ns3:hr>140</ns3:hr>
            <ns3:cad>82</ns3:cad>
          </ns3:TrackPointExtension>
        </extensions>
      </trkpt>
      <trkpt lat="37.47693889774382114410400390625" lon="126.958973407745361328125">
        <ele>52.40000152587890625</ele>
        <time>2026-04-10T14:26:49.000Z</time>
        <extensions>
          <ns3:TrackPointExtension>
            <ns3:hr>140</ns3:hr>
            <ns3:cad>82</ns3:cad>
          </ns3:TrackPointExtension>
        </extensions>
      </trkpt>
      <trkpt lat="37.47690838761627674102783203125" lon="126.95896309800446033477783203125">
        <ele>52.59999847412109375</ele>
        <time>2026-04-10T14:26:50.000Z</time>
        <extensions>
          <ns3:TrackPointExtension>
            <ns3:hr>140</ns3:hr>
            <ns3:cad>82</ns3:cad>
          </ns3:TrackPointExtension>
        </extensions>
      </trkpt>
      <trkpt lat="37.47688290663063526153564453125" lon="126.95895069278776645660400390625">
        <ele>52.59999847412109375</ele>
        <time>2026-04-10T14:26:51.000Z</time>
        <extensions>
          <ns3:TrackPointExtension>
            <ns3:hr>140</ns3:hr>
            <ns3:cad>82</ns3:cad>
          </ns3:TrackPointExtension>
        </extensions>
      </trkpt>
      <trkpt lat="37.47685767710208892822265625" lon="126.95894415490329265594482421875">
        <ele>52.59999847412109375</ele>
        <time>2026-04-10T14:26:52.000Z</time>
        <extensions>
          <ns3:TrackPointExtension>
            <ns3:hr>140</ns3:hr>
            <ns3:cad>82</ns3:cad>
          </ns3:TrackPointExtension>
        </extensions>
      </trkpt>
      <trkpt lat="37.47682825662195682525634765625" lon="126.9589383713901042938232421875">
        <ele>52.799999237060546875</ele>
        <time>2026-04-10T14:26:53.000Z</time>
        <extensions>
          <ns3:TrackPointExtension>
            <ns3:hr>141</ns3:hr>
            <ns3:cad>82</ns3:cad>
          </ns3:TrackPointExtension>
        </extensions>
      </trkpt>
      <trkpt lat="37.47679875232279300689697265625" lon="126.958932839334011077880859375">
        <ele>52.799999237060546875</ele>
        <time>2026-04-10T14:26:54.000Z</time>
        <extensions>
          <ns3:TrackPointExtension>
            <ns3:hr>141</ns3:hr>
            <ns3:cad>82</ns3:cad>
          </ns3:TrackPointExtension>
        </extensions>
      </trkpt>
      <trkpt lat="37.47677461244165897369384765625" lon="126.95892403833568096160888671875">
        <ele>52.799999237060546875</ele>
        <time>2026-04-10T14:26:55.000Z</time>
        <extensions>
          <ns3:TrackPointExtension>
            <ns3:hr>141</ns3:hr>
            <ns3:cad>82</ns3:cad>
          </ns3:TrackPointExtension>
        </extensions>
      </trkpt>
      <trkpt lat="37.4767411686480045318603515625" lon="126.958917416632175445556640625">
        <ele>52.59999847412109375</ele>
        <time>2026-04-10T14:26:56.000Z</time>
        <extensions>
          <ns3:TrackPointExtension>
            <ns3:hr>141</ns3:hr>
            <ns3:cad>83</ns3:cad>
          </ns3:TrackPointExtension>
        </extensions>
      </trkpt>
      <trkpt lat="37.476714514195919036865234375" lon="126.95891347713768482208251953125">
        <ele>52.59999847412109375</ele>
        <time>2026-04-10T14:26:57.000Z</time>
        <extensions>
          <ns3:TrackPointExtension>
            <ns3:hr>141</ns3:hr>
            <ns3:cad>83</ns3:cad>
          </ns3:TrackPointExtension>
        </extensions>
      </trkpt>
      <trkpt lat="37.47668341733515262603759765625" lon="126.95891364477574825286865234375">
        <ele>52.59999847412109375</ele>
        <time>2026-04-10T14:26:58.000Z</time>
        <extensions>
          <ns3:TrackPointExtension>
            <ns3:hr>141</ns3:hr>
            <ns3:cad>83</ns3:cad>
          </ns3:TrackPointExtension>
        </extensions>
      </trkpt>
      <trkpt lat="37.47665525414049625396728515625" lon="126.9589085318148136138916015625">
        <ele>52.799999237060546875</ele>
        <time>2026-04-10T14:26:59.000Z</time>
        <extensions>
          <ns3:TrackPointExtension>
            <ns3:hr>141</ns3:hr>
            <ns3:cad>83</ns3:cad>
          </ns3:TrackPointExtension>
        </extensions>
      </trkpt>
      <trkpt lat="37.4766362272202968597412109375" lon="126.95890962146222591400146484375">
        <ele>52.799999237060546875</ele>
        <time>2026-04-10T14:27:00.000Z</time>
        <extensions>
          <ns3:TrackPointExtension>
            <ns3:hr>142</ns3:hr>
            <ns3:cad>83</ns3:cad>
          </ns3:TrackPointExtension>
        </extensions>
      </trkpt>
      <trkpt lat="37.4766037054359912872314453125" lon="126.95891079492866992950439453125">
        <ele>52.799999237060546875</ele>
        <time>2026-04-10T14:27:01.000Z</time>
        <extensions>
          <ns3:TrackPointExtension>
            <ns3:hr>142</ns3:hr>
            <ns3:cad>83</ns3:cad>
          </ns3:TrackPointExtension>
        </extensions>
      </trkpt>
      <trkpt lat="37.47657394967973232269287109375" lon="126.95891280658543109893798828125">
        <ele>53</ele>
        <time>2026-04-10T14:27:02.000Z</time>
        <extensions>
          <ns3:TrackPointExtension>
            <ns3:hr>142</ns3:hr>
            <ns3:cad>83</ns3:cad>
          </ns3:TrackPointExtension>
        </extensions>
      </trkpt>
      <trkpt lat="37.47655299492180347442626953125" lon="126.9589169137179851531982421875">
        <ele>53</ele>
        <time>2026-04-10T14:27:03.000Z</time>
        <extensions>
          <ns3:TrackPointExtension>
            <ns3:hr>143</ns3:hr>
            <ns3:cad>83</ns3:cad>
          </ns3:TrackPointExtension>
        </extensions>
      </trkpt>
      <trkpt lat="37.47652013786137104034423828125" lon="126.95892035029828548431396484375">
        <ele>53.200000762939453125</ele>
        <time>2026-04-10T14:27:04.000Z</time>
        <extensions>
          <ns3:TrackPointExtension>
            <ns3:hr>143</ns3:hr>
            <ns3:cad>83</ns3:cad>
          </ns3:TrackPointExtension>
        </extensions>
      </trkpt>
      <trkpt lat="37.47649784199893474578857421875" lon="126.9589232839643955230712890625">
        <ele>53.200000762939453125</ele>
        <time>2026-04-10T14:27:05.000Z</time>
        <extensions>
          <ns3:TrackPointExtension>
            <ns3:hr>143</ns3:hr>
            <ns3:cad>83</ns3:cad>
          </ns3:TrackPointExtension>
        </extensions>
      </trkpt>
      <trkpt lat="37.47646230272948741912841796875" lon="126.95893074385821819305419921875">
        <ele>53.200000762939453125</ele>
        <time>2026-04-10T14:27:06.000Z</time>
        <extensions>
          <ns3:TrackPointExtension>
            <ns3:hr>143</ns3:hr>
            <ns3:cad>83</ns3:cad>
          </ns3:TrackPointExtension>
        </extensions>
      </trkpt>
      <trkpt lat="37.4764353968203067779541015625" lon="126.95892588235437870025634765625">
        <ele>53.40000152587890625</ele>
        <time>2026-04-10T14:27:07.000Z</time>
        <extensions>
          <ns3:TrackPointExtension>
            <ns3:hr>142</ns3:hr>
            <ns3:cad>83</ns3:cad>
          </ns3:TrackPointExtension>
        </extensions>
      </trkpt>
      <trkpt lat="37.4764089100062847137451171875" lon="126.958926804363727569580078125">
        <ele>53.40000152587890625</ele>
        <time>2026-04-10T14:27:08.000Z</time>
        <extensions>
          <ns3:TrackPointExtension>
            <ns3:hr>143</ns3:hr>
            <ns3:cad>83</ns3:cad>
          </ns3:TrackPointExtension>
        </extensions>
      </trkpt>
      <trkpt lat="37.47637110762298107147216796875" lon="126.95892873220145702362060546875">
        <ele>53.40000152587890625</ele>
        <time>2026-04-10T14:27:09.000Z</time>
        <extensions>
          <ns3:TrackPointExtension>
            <ns3:hr>143</ns3:hr>
            <ns3:cad>83</ns3:cad>
          </ns3:TrackPointExtension>
        </extensions>
      </trkpt>
      <trkpt lat="37.476347386837005615234375" lon="126.9589350186288356781005859375">
        <ele>53.40000152587890625</ele>
        <time>2026-04-10T14:27:10.000Z</time>
        <extensions>
          <ns3:TrackPointExtension>
            <ns3:hr>143</ns3:hr>
            <ns3:cad>82</ns3:cad>
          </ns3:TrackPointExtension>
        </extensions>
      </trkpt>
      <trkpt lat="37.47632249258458614349365234375" lon="126.9589412212371826171875">
        <ele>53.40000152587890625</ele>
        <time>2026-04-10T14:27:11.000Z</time>
        <extensions>
          <ns3:TrackPointExtension>
            <ns3:hr>143</ns3:hr>
            <ns3:cad>82</ns3:cad>
          </ns3:TrackPointExtension>
        </extensions>
      </trkpt>
      <trkpt lat="37.4762856960296630859375" lon="126.95893585681915283203125">
        <ele>53.40000152587890625</ele>
        <time>2026-04-10T14:27:12.000Z</time>
        <extensions>
          <ns3:TrackPointExtension>
            <ns3:hr>143</ns3:hr>
            <ns3:cad>82</ns3:cad>
          </ns3:TrackPointExtension>
        </extensions>
      </trkpt>
      <trkpt lat="37.47626264579594135284423828125" lon="126.95893946103751659393310546875">
        <ele>53.40000152587890625</ele>
        <time>2026-04-10T14:27:13.000Z</time>
        <extensions>
          <ns3:TrackPointExtension>
            <ns3:hr>143</ns3:hr>
            <ns3:cad>82</ns3:cad>
          </ns3:TrackPointExtension>
        </extensions>
      </trkpt>
      <trkpt lat="37.47623096220195293426513671875" lon="126.9589457474648952484130859375">
        <ele>53.40000152587890625</ele>
        <time>2026-04-10T14:27:14.000Z</time>
        <extensions>
          <ns3:TrackPointExtension>
            <ns3:hr>143</ns3:hr>
            <ns3:cad>82</ns3:cad>
          </ns3:TrackPointExtension>
        </extensions>
      </trkpt>
      <trkpt lat="37.47620296664535999298095703125" lon="126.95894725620746612548828125">
        <ele>53.40000152587890625</ele>
        <time>2026-04-10T14:27:15.000Z</time>
        <extensions>
          <ns3:TrackPointExtension>
            <ns3:hr>143</ns3:hr>
            <ns3:cad>82</ns3:cad>
          </ns3:TrackPointExtension>
        </extensions>
      </trkpt>
      <trkpt lat="37.47617949731647968292236328125" lon="126.95895153097808361053466796875">
        <ele>53.40000152587890625</ele>
        <time>2026-04-10T14:27:16.000Z</time>
        <extensions>
          <ns3:TrackPointExtension>
            <ns3:hr>143</ns3:hr>
            <ns3:cad>82</ns3:cad>
          </ns3:TrackPointExtension>
        </extensions>
      </trkpt>
      <trkpt lat="37.4761437065899372100830078125" lon="126.95895823650062084197998046875">
        <ele>53.40000152587890625</ele>
        <time>2026-04-10T14:27:17.000Z</time>
        <extensions>
          <ns3:TrackPointExtension>
            <ns3:hr>144</ns3:hr>
            <ns3:cad>82</ns3:cad>
          </ns3:TrackPointExtension>
        </extensions>
      </trkpt>
      <trkpt lat="37.47612551786005496978759765625" lon="126.95896812714636325836181640625">
        <ele>53.40000152587890625</ele>
        <time>2026-04-10T14:27:18.000Z</time>
        <extensions>
          <ns3:TrackPointExtension>
            <ns3:hr>144</ns3:hr>
            <ns3:cad>82</ns3:cad>
          </ns3:TrackPointExtension>
        </extensions>
      </trkpt>
      <trkpt lat="37.47610221616923809051513671875" lon="126.958973072469234466552734375">
        <ele>53.40000152587890625</ele>
        <time>2026-04-10T14:27:19.000Z</time>
        <extensions>
          <ns3:TrackPointExtension>
            <ns3:hr>144</ns3:hr>
            <ns3:cad>82</ns3:cad>
          </ns3:TrackPointExtension>
        </extensions>
      </trkpt>
      <trkpt lat="37.47607355006039142608642578125" lon="126.95897617377340793609619140625">
        <ele>53.59999847412109375</ele>
        <time>2026-04-10T14:27:20.000Z</time>
        <extensions>
          <ns3:TrackPointExtension>
            <ns3:hr>144</ns3:hr>
            <ns3:cad>82</ns3:cad>
          </ns3:TrackPointExtension>
        </extensions>
      </trkpt>
      <trkpt lat="37.47605544514954090118408203125" lon="126.95897868834435939788818359375">
        <ele>53.799999237060546875</ele>
        <time>2026-04-10T14:27:21.000Z</time>
        <extensions>
          <ns3:TrackPointExtension>
            <ns3:hr>144</ns3:hr>
            <ns3:cad>82</ns3:cad>
          </ns3:TrackPointExtension>
        </extensions>
      </trkpt>
      <trkpt lat="37.4760256893932819366455078125" lon="126.95898036472499370574951171875">
        <ele>54</ele>
        <time>2026-04-10T14:27:22.000Z</time>
        <extensions>
          <ns3:TrackPointExtension>
            <ns3:hr>144</ns3:hr>
            <ns3:cad>82</ns3:cad>
          </ns3:TrackPointExtension>
        </extensions>
      </trkpt>
      <trkpt lat="37.47599911876022815704345703125" lon="126.95898874662816524505615234375">
        <ele>54.200000762939453125</ele>
        <time>2026-04-10T14:27:23.000Z</time>
        <extensions>
          <ns3:TrackPointExtension>
            <ns3:hr>143</ns3:hr>
            <ns3:cad>82</ns3:cad>
          </ns3:TrackPointExtension>
        </extensions>
      </trkpt>
      <trkpt lat="37.4759710393846035003662109375" lon="126.95898975245654582977294921875">
        <ele>54.200000762939453125</ele>
        <time>2026-04-10T14:27:24.000Z</time>
        <extensions>
          <ns3:TrackPointExtension>
            <ns3:hr>143</ns3:hr>
            <ns3:cad>82</ns3:cad>
          </ns3:TrackPointExtension>
        </extensions>
      </trkpt>
      <trkpt lat="37.47593608684837818145751953125" lon="126.9589816220104694366455078125">
        <ele>54.40000152587890625</ele>
        <time>2026-04-10T14:27:25.000Z</time>
        <extensions>
          <ns3:TrackPointExtension>
            <ns3:hr>143</ns3:hr>
            <ns3:cad>82</ns3:cad>
          </ns3:TrackPointExtension>
        </extensions>
      </trkpt>
      <trkpt lat="37.47591488063335418701171875" lon="126.9589889980852603912353515625">
        <ele>54.59999847412109375</ele>
        <time>2026-04-10T14:27:26.000Z</time>
        <extensions>
          <ns3:TrackPointExtension>
            <ns3:hr>143</ns3:hr>
            <ns3:cad>83</ns3:cad>
          </ns3:TrackPointExtension>
        </extensions>
      </trkpt>
      <trkpt lat="37.475889064371585845947265625" lon="126.95898883044719696044921875">
        <ele>54.59999847412109375</ele>
        <time>2026-04-10T14:27:27.000Z</time>
        <extensions>
          <ns3:TrackPointExtension>
            <ns3:hr>143</ns3:hr>
            <ns3:cad>83</ns3:cad>
          </ns3:TrackPointExtension>
        </extensions>
      </trkpt>
      <trkpt lat="37.47586132027208805084228515625" lon="126.9589881598949432373046875">
        <ele>54.799999237060546875</ele>
        <time>2026-04-10T14:27:28.000Z</time>
        <extensions>
          <ns3:TrackPointExtension>
            <ns3:hr>143</ns3:hr>
            <ns3:cad>82</ns3:cad>
          </ns3:TrackPointExtension>
        </extensions>
      </trkpt>
      <trkpt lat="37.475836761295795440673828125" lon="126.95898841135203838348388671875">
        <ele>54.799999237060546875</ele>
        <time>2026-04-10T14:27:29.000Z</time>
        <extensions>
          <ns3:TrackPointExtension>
            <ns3:hr>143</ns3:hr>
            <ns3:cad>82</ns3:cad>
          </ns3:TrackPointExtension>
        </extensions>
      </trkpt>
      <trkpt lat="37.47580851428210735321044921875" lon="126.95898254401981830596923828125">
        <ele>55</ele>
        <time>2026-04-10T14:27:30.000Z</time>
        <extensions>
          <ns3:TrackPointExtension>
            <ns3:hr>143</ns3:hr>
            <ns3:cad>82</ns3:cad>
          </ns3:TrackPointExtension>
        </extensions>
      </trkpt>
      <trkpt lat="37.47578739188611507415771484375" lon="126.95898019708693027496337890625">
        <ele>55</ele>
        <time>2026-04-10T14:27:31.000Z</time>
        <extensions>
          <ns3:TrackPointExtension>
            <ns3:hr>143</ns3:hr>
            <ns3:cad>83</ns3:cad>
          </ns3:TrackPointExtension>
        </extensions>
      </trkpt>
      <trkpt lat="37.4757618270814418792724609375" lon="126.9589769281446933746337890625">
        <ele>55.200000762939453125</ele>
        <time>2026-04-10T14:27:32.000Z</time>
        <extensions>
          <ns3:TrackPointExtension>
            <ns3:hr>144</ns3:hr>
            <ns3:cad>83</ns3:cad>
          </ns3:TrackPointExtension>
        </extensions>
      </trkpt>
      <trkpt lat="37.47573408298194408416748046875" lon="126.95896795950829982757568359375">
        <ele>55.40000152587890625</ele>
        <time>2026-04-10T14:27:33.000Z</time>
        <extensions>
          <ns3:TrackPointExtension>
            <ns3:hr>144</ns3:hr>
            <ns3:cad>83</ns3:cad>
          </ns3:TrackPointExtension>
        </extensions>
      </trkpt>
      <trkpt lat="37.4757115356624126434326171875" lon="126.9589645229279994964599609375">
        <ele>55.59999847412109375</ele>
        <time>2026-04-10T14:27:34.000Z</time>
        <extensions>
          <ns3:TrackPointExtension>
            <ns3:hr>145</ns3:hr>
            <ns3:cad>83</ns3:cad>
          </ns3:TrackPointExtension>
        </extensions>
      </trkpt>
      <trkpt lat="37.4756813608109951019287109375" lon="126.958961673080921173095703125">
        <ele>55.59999847412109375</ele>
        <time>2026-04-10T14:27:35.000Z</time>
        <extensions>
          <ns3:TrackPointExtension>
            <ns3:hr>145</ns3:hr>
            <ns3:cad>83</ns3:cad>
          </ns3:TrackPointExtension>
        </extensions>
      </trkpt>
      <trkpt lat="37.475655376911163330078125" lon="126.95895932614803314208984375">
        <ele>55.799999237060546875</ele>
        <time>2026-04-10T14:27:36.000Z</time>
        <extensions>
          <ns3:TrackPointExtension>
            <ns3:hr>146</ns3:hr>
            <ns3:cad>83</ns3:cad>
          </ns3:TrackPointExtension>
        </extensions>
      </trkpt>
      <trkpt lat="37.47562763281166553497314453125" lon="126.9589559733867645263671875">
        <ele>56</ele>
        <time>2026-04-10T14:27:37.000Z</time>
        <extensions>
          <ns3:TrackPointExtension>
            <ns3:hr>146</ns3:hr>
            <ns3:cad>83</ns3:cad>
          </ns3:TrackPointExtension>
        </extensions>
      </trkpt>
      <trkpt lat="37.4755990505218505859375" lon="126.95895337499678134918212890625">
        <ele>56.200000762939453125</ele>
        <time>2026-04-10T14:27:38.000Z</time>
        <extensions>
          <ns3:TrackPointExtension>
            <ns3:hr>146</ns3:hr>
            <ns3:cad>83</ns3:cad>
          </ns3:TrackPointExtension>
        </extensions>
      </trkpt>
      <trkpt lat="37.47557817958295345306396484375" lon="126.95896041579544544219970703125">
        <ele>56.40000152587890625</ele>
        <time>2026-04-10T14:27:39.000Z</time>
        <extensions>
          <ns3:TrackPointExtension>
            <ns3:hr>146</ns3:hr>
            <ns3:cad>83</ns3:cad>
          </ns3:TrackPointExtension>
        </extensions>
      </trkpt>
      <trkpt lat="37.47555219568312168121337890625" lon="126.95896645076572895050048828125">
        <ele>56.59999847412109375</ele>
        <time>2026-04-10T14:27:40.000Z</time>
        <extensions>
          <ns3:TrackPointExtension>
            <ns3:hr>146</ns3:hr>
            <ns3:cad>83</ns3:cad>
          </ns3:TrackPointExtension>
        </extensions>
      </trkpt>
      <trkpt lat="37.47552906163036823272705078125" lon="126.95897114463150501251220703125">
        <ele>56.799999237060546875</ele>
        <time>2026-04-10T14:27:41.000Z</time>
        <extensions>
          <ns3:TrackPointExtension>
            <ns3:hr>146</ns3:hr>
            <ns3:cad>83</ns3:cad>
          </ns3:TrackPointExtension>
        </extensions>
      </trkpt>
      <trkpt lat="37.4755086936056613922119140625" lon="126.9589749164879322052001953125">
        <ele>56.799999237060546875</ele>
        <time>2026-04-10T14:27:42.000Z</time>
        <extensions>
          <ns3:TrackPointExtension>
            <ns3:hr>146</ns3:hr>
            <ns3:cad>83</ns3:cad>
          </ns3:TrackPointExtension>
        </extensions>
      </trkpt>
      <trkpt lat="37.475481368601322174072265625" lon="126.95897583849728107452392578125">
        <ele>57</ele>
        <time>2026-04-10T14:27:43.000Z</time>
        <extensions>
          <ns3:TrackPointExtension>
            <ns3:hr>146</ns3:hr>
            <ns3:cad>83</ns3:cad>
          </ns3:TrackPointExtension>
        </extensions>
      </trkpt>
      <trkpt lat="37.47546334750950336456298828125" lon="126.958977095782756805419921875">
        <ele>57</ele>
        <time>2026-04-10T14:27:44.000Z</time>
        <extensions>
          <ns3:TrackPointExtension>
            <ns3:hr>147</ns3:hr>
            <ns3:cad>83</ns3:cad>
          </ns3:TrackPointExtension>
        </extensions>
      </trkpt>
      <trkpt lat="37.4754302389919757843017578125" lon="126.9589747488498687744140625">
        <ele>57.200000762939453125</ele>
        <time>2026-04-10T14:27:45.000Z</time>
        <extensions>
          <ns3:TrackPointExtension>
            <ns3:hr>147</ns3:hr>
            <ns3:cad>83</ns3:cad>
          </ns3:TrackPointExtension>
        </extensions>
      </trkpt>
      <trkpt lat="37.4754084460437297821044921875" lon="126.95896946825087070465087890625">
        <ele>57.40000152587890625</ele>
        <time>2026-04-10T14:27:46.000Z</time>
        <extensions>
          <ns3:TrackPointExtension>
            <ns3:hr>147</ns3:hr>
            <ns3:cad>83</ns3:cad>
          </ns3:TrackPointExtension>
        </extensions>
      </trkpt>
      <trkpt lat="37.47539361007511615753173828125" lon="126.95896678604185581207275390625">
        <ele>57.59999847412109375</ele>
        <time>2026-04-10T14:27:47.000Z</time>
        <extensions>
          <ns3:TrackPointExtension>
            <ns3:hr>147</ns3:hr>
            <ns3:cad>83</ns3:cad>
          </ns3:TrackPointExtension>
        </extensions>
      </trkpt>
      <trkpt lat="37.47536628507077693939208984375" lon="126.95896225981414318084716796875">
        <ele>57.799999237060546875</ele>
        <time>2026-04-10T14:27:48.000Z</time>
        <extensions>
          <ns3:TrackPointExtension>
            <ns3:hr>147</ns3:hr>
            <ns3:cad>83</ns3:cad>
          </ns3:TrackPointExtension>
        </extensions>
      </trkpt>
      <trkpt lat="37.4753517843782901763916015625" lon="126.95895471610128879547119140625">
        <ele>57.799999237060546875</ele>
        <time>2026-04-10T14:27:49.000Z</time>
        <extensions>
          <ns3:TrackPointExtension>
            <ns3:hr>146</ns3:hr>
            <ns3:cad>83</ns3:cad>
          </ns3:TrackPointExtension>
        </extensions>
      </trkpt>
      <trkpt lat="37.47532906942069530487060546875" lon="126.95895236916840076446533203125">
        <ele>58</ele>
        <time>2026-04-10T14:27:50.000Z</time>
        <extensions>
          <ns3:TrackPointExtension>
            <ns3:hr>147</ns3:hr>
            <ns3:cad>83</ns3:cad>
          </ns3:TrackPointExtension>
        </extensions>
      </trkpt>
      <trkpt lat="37.47529788874089717864990234375" lon="126.95894767530262470245361328125">
        <ele>58.200000762939453125</ele>
        <time>2026-04-10T14:27:51.000Z</time>
        <extensions>
          <ns3:TrackPointExtension>
            <ns3:hr>146</ns3:hr>
            <ns3:cad>83</ns3:cad>
          </ns3:TrackPointExtension>
        </extensions>
      </trkpt>
      <trkpt lat="37.4752729944884777069091796875" lon="126.958949603140354156494140625">
        <ele>58.40000152587890625</ele>
        <time>2026-04-10T14:27:52.000Z</time>
        <extensions>
          <ns3:TrackPointExtension>
            <ns3:hr>146</ns3:hr>
            <ns3:cad>83</ns3:cad>
          </ns3:TrackPointExtension>
        </extensions>
      </trkpt>
      <trkpt lat="37.47523250989615917205810546875" lon="126.95895404554903507232666015625">
        <ele>58.40000152587890625</ele>
        <time>2026-04-10T14:27:53.000Z</time>
        <extensions>
          <ns3:TrackPointExtension>
            <ns3:hr>146</ns3:hr>
            <ns3:cad>83</ns3:cad>
          </ns3:TrackPointExtension>
        </extensions>
      </trkpt>
      <trkpt lat="37.4752015806734561920166015625" lon="126.95897114463150501251220703125">
        <ele>58.59999847412109375</ele>
        <time>2026-04-10T14:27:54.000Z</time>
        <extensions>
          <ns3:TrackPointExtension>
            <ns3:hr>146</ns3:hr>
            <ns3:cad>83</ns3:cad>
          </ns3:TrackPointExtension>
        </extensions>
      </trkpt>
      <trkpt lat="37.4751841463148593902587890625" lon="126.95900517515838146209716796875">
        <ele>58.59999847412109375</ele>
        <time>2026-04-10T14:27:55.000Z</time>
        <extensions>
          <ns3:TrackPointExtension>
            <ns3:hr>146</ns3:hr>
            <ns3:cad>83</ns3:cad>
          </ns3:TrackPointExtension>
        </extensions>
      </trkpt>
      <trkpt lat="37.47516159899532794952392578125" lon="126.95903719402849674224853515625">
        <ele>58.799999237060546875</ele>
        <time>2026-04-10T14:27:56.000Z</time>
        <extensions>
          <ns3:TrackPointExtension>
            <ns3:hr>146</ns3:hr>
            <ns3:cad>83</ns3:cad>
          </ns3:TrackPointExtension>
        </extensions>
      </trkpt>
      <trkpt lat="37.47515070252120494842529296875" lon="126.9590651057660579681396484375">
        <ele>58.799999237060546875</ele>
        <time>2026-04-10T14:27:57.000Z</time>
        <extensions>
          <ns3:TrackPointExtension>
            <ns3:hr>146</ns3:hr>
            <ns3:cad>82</ns3:cad>
          </ns3:TrackPointExtension>
        </extensions>
      </trkpt>
      <trkpt lat="37.47512631118297576904296875" lon="126.9590879045426845550537109375">
        <ele>59</ele>
        <time>2026-04-10T14:27:58.000Z</time>
        <extensions>
          <ns3:TrackPointExtension>
            <ns3:hr>147</ns3:hr>
            <ns3:cad>82</ns3:cad>
          </ns3:TrackPointExtension>
        </extensions>
      </trkpt>
      <trkpt lat="37.475097477436065673828125" lon="126.95910709910094738006591796875">
        <ele>59.200000762939453125</ele>
        <time>2026-04-10T14:27:59.000Z</time>
        <extensions>
          <ns3:TrackPointExtension>
            <ns3:hr>146</ns3:hr>
            <ns3:cad>82</ns3:cad>
          </ns3:TrackPointExtension>
        </extensions>
      </trkpt>
      <trkpt lat="37.47507610358297824859619140625" lon="126.9591237790882587432861328125">
        <ele>59.200000762939453125</ele>
        <time>2026-04-10T14:28:00.000Z</time>
        <extensions>
          <ns3:TrackPointExtension>
            <ns3:hr>146</ns3:hr>
            <ns3:cad>82</ns3:cad>
          </ns3:TrackPointExtension>
        </extensions>
      </trkpt>
      <trkpt lat="37.47504056431353092193603515625" lon="126.95915353484451770782470703125">
        <ele>59.200000762939453125</ele>
        <time>2026-04-10T14:28:01.000Z</time>
        <extensions>
          <ns3:TrackPointExtension>
            <ns3:hr>146</ns3:hr>
            <ns3:cad>83</ns3:cad>
          </ns3:TrackPointExtension>
        </extensions>
      </trkpt>
      <trkpt lat="37.47501223348081111907958984375" lon="126.95917264558374881744384765625">
        <ele>59.40000152587890625</ele>
        <time>2026-04-10T14:28:02.000Z</time>
        <extensions>
          <ns3:TrackPointExtension>
            <ns3:hr>145</ns3:hr>
            <ns3:cad>83</ns3:cad>
          </ns3:TrackPointExtension>
        </extensions>
      </trkpt>
      <trkpt lat="37.47497610747814178466796875" lon="126.95919024758040904998779296875">
        <ele>59.59999847412109375</ele>
        <time>2026-04-10T14:28:03.000Z</time>
        <extensions>
          <ns3:TrackPointExtension>
            <ns3:hr>144</ns3:hr>
            <ns3:cad>83</ns3:cad>
          </ns3:TrackPointExtension>
        </extensions>
      </trkpt>
      <trkpt lat="37.4749387241899967193603515625" lon="126.9591973721981048583984375">
        <ele>59.59999847412109375</ele>
        <time>2026-04-10T14:28:04.000Z</time>
        <extensions>
          <ns3:TrackPointExtension>
            <ns3:hr>144</ns3:hr>
            <ns3:cad>83</ns3:cad>
          </ns3:TrackPointExtension>
        </extensions>
      </trkpt>
      <trkpt lat="37.474909387528896331787109375" lon="126.9592089392244815826416015625">
        <ele>59.799999237060546875</ele>
        <time>2026-04-10T14:28:05.000Z</time>
        <extensions>
          <ns3:TrackPointExtension>
            <ns3:hr>144</ns3:hr>
            <ns3:cad>83</ns3:cad>
          </ns3:TrackPointExtension>
        </extensions>
      </trkpt>
      <trkpt lat="37.474870495498180389404296875" lon="126.95921170525252819061279296875">
        <ele>60</ele>
        <time>2026-04-10T14:28:06.000Z</time>
        <extensions>
          <ns3:TrackPointExtension>
            <ns3:hr>145</ns3:hr>
            <ns3:cad>83</ns3:cad>
          </ns3:TrackPointExtension>
        </extensions>
      </trkpt>
      <trkpt lat="37.47484333813190460205078125" lon="126.95921011269092559814453125">
        <ele>60</ele>
        <time>2026-04-10T14:28:07.000Z</time>
        <extensions>
          <ns3:TrackPointExtension>
            <ns3:hr>144</ns3:hr>
            <ns3:cad>83</ns3:cad>
          </ns3:TrackPointExtension>
        </extensions>
      </trkpt>
      <trkpt lat="37.474815510213375091552734375" lon="126.9592189975082874298095703125">
        <ele>60.200000762939453125</ele>
        <time>2026-04-10T14:28:08.000Z</time>
        <extensions>
          <ns3:TrackPointExtension>
            <ns3:hr>144</ns3:hr>
            <ns3:cad>83</ns3:cad>
          </ns3:TrackPointExtension>
        </extensions>
      </trkpt>
      <trkpt lat="37.47478139586746692657470703125" lon="126.9592215120792388916015625">
        <ele>60.40000152587890625</ele>
        <time>2026-04-10T14:28:09.000Z</time>
        <extensions>
          <ns3:TrackPointExtension>
            <ns3:hr>145</ns3:hr>
            <ns3:cad>83</ns3:cad>
          </ns3:TrackPointExtension>
        </extensions>
      </trkpt>
      <trkpt lat="37.47476153075695037841796875" lon="126.95922595448791980743408203125">
        <ele>60.40000152587890625</ele>
        <time>2026-04-10T14:28:10.000Z</time>
        <extensions>
          <ns3:TrackPointExtension>
            <ns3:hr>145</ns3:hr>
            <ns3:cad>83</ns3:cad>
          </ns3:TrackPointExtension>
        </extensions>
      </trkpt>
      <trkpt lat="37.47472775168716907501220703125" lon="126.959231905639171600341796875">
        <ele>60.59999847412109375</ele>
        <time>2026-04-10T14:28:11.000Z</time>
        <extensions>
          <ns3:TrackPointExtension>
            <ns3:hr>145</ns3:hr>
            <ns3:cad>83</ns3:cad>
          </ns3:TrackPointExtension>
        </extensions>
      </trkpt>
      <trkpt lat="37.4746969901025295257568359375" lon="126.95923936553299427032470703125">
        <ele>60.59999847412109375</ele>
        <time>2026-04-10T14:28:12.000Z</time>
        <extensions>
          <ns3:TrackPointExtension>
            <ns3:hr>145</ns3:hr>
            <ns3:cad>84</ns3:cad>
          </ns3:TrackPointExtension>
        </extensions>
      </trkpt>
      <trkpt lat="37.47467176057398319244384765625" lon="126.95924338884651660919189453125">
        <ele>60.59999847412109375</ele>
        <time>2026-04-10T14:28:13.000Z</time>
        <extensions>
          <ns3:TrackPointExtension>
            <ns3:hr>145</ns3:hr>
            <ns3:cad>84</ns3:cad>
          </ns3:TrackPointExtension>
        </extensions>
      </trkpt>
      <trkpt lat="37.47463756240904331207275390625" lon="126.95924372412264347076416015625">
        <ele>60.799999237060546875</ele>
        <time>2026-04-10T14:28:14.000Z</time>
        <extensions>
          <ns3:TrackPointExtension>
            <ns3:hr>145</ns3:hr>
            <ns3:cad>84</ns3:cad>
          </ns3:TrackPointExtension>
        </extensions>
      </trkpt>
      <trkpt lat="37.47461409308016300201416015625" lon="126.95925026200711727142333984375">
        <ele>60.799999237060546875</ele>
        <time>2026-04-10T14:28:15.000Z</time>
        <extensions>
          <ns3:TrackPointExtension>
            <ns3:hr>145</ns3:hr>
            <ns3:cad>83</ns3:cad>
          </ns3:TrackPointExtension>
        </extensions>
      </trkpt>
      <trkpt lat="37.47458006255328655242919921875" lon="126.959256045520305633544921875">
        <ele>61</ele>
        <time>2026-04-10T14:28:16.000Z</time>
        <extensions>
          <ns3:TrackPointExtension>
            <ns3:hr>145</ns3:hr>
            <ns3:cad>83</ns3:cad>
          </ns3:TrackPointExtension>
        </extensions>
      </trkpt>
      <trkpt lat="37.4745457805693149566650390625" lon="126.95925428532063961029052734375">
        <ele>61</ele>
        <time>2026-04-10T14:28:17.000Z</time>
        <extensions>
          <ns3:TrackPointExtension>
            <ns3:hr>146</ns3:hr>
            <ns3:cad>83</ns3:cad>
          </ns3:TrackPointExtension>
        </extensions>
      </trkpt>
      <trkpt lat="37.47452189214527606964111328125" lon="126.959262751042842864990234375">
        <ele>61.200000762939453125</ele>
        <time>2026-04-10T14:28:18.000Z</time>
        <extensions>
          <ns3:TrackPointExtension>
            <ns3:hr>146</ns3:hr>
            <ns3:cad>83</ns3:cad>
          </ns3:TrackPointExtension>
        </extensions>
      </trkpt>
      <trkpt lat="37.47448660433292388916015625" lon="126.95926149375736713409423828125">
        <ele>61.200000762939453125</ele>
        <time>2026-04-10T14:28:19.000Z</time>
        <extensions>
          <ns3:TrackPointExtension>
            <ns3:hr>147</ns3:hr>
            <ns3:cad>83</ns3:cad>
          </ns3:TrackPointExtension>
        </extensions>
      </trkpt>
      <trkpt lat="37.4744643084704875946044921875" lon="126.95927289314568042755126953125">
        <ele>61.200000762939453125</ele>
        <time>2026-04-10T14:28:20.000Z</time>
        <extensions>
          <ns3:TrackPointExtension>
            <ns3:hr>148</ns3:hr>
            <ns3:cad>83</ns3:cad>
          </ns3:TrackPointExtension>
        </extensions>
      </trkpt>
      <trkpt lat="37.47443153522908687591552734375" lon="126.95928395725786685943603515625">
        <ele>61.200000762939453125</ele>
        <time>2026-04-10T14:28:21.000Z</time>
        <extensions>
          <ns3:TrackPointExtension>
            <ns3:hr>149</ns3:hr>
            <ns3:cad>83</ns3:cad>
          </ns3:TrackPointExtension>
        </extensions>
      </trkpt>
      <trkpt lat="37.47440001927316188812255859375" lon="126.959289573132991790771484375">
        <ele>61.40000152587890625</ele>
        <time>2026-04-10T14:28:22.000Z</time>
        <extensions>
          <ns3:TrackPointExtension>
            <ns3:hr>149</ns3:hr>
            <ns3:cad>84</ns3:cad>
          </ns3:TrackPointExtension>
        </extensions>
      </trkpt>
      <trkpt lat="37.47437797486782073974609375" lon="126.95929602719843387603759765625">
        <ele>61.59999847412109375</ele>
        <time>2026-04-10T14:28:23.000Z</time>
        <extensions>
          <ns3:TrackPointExtension>
            <ns3:hr>149</ns3:hr>
            <ns3:cad>84</ns3:cad>
          </ns3:TrackPointExtension>
        </extensions>
      </trkpt>
      <trkpt lat="37.474344782531261444091796875" lon="126.95929518900811672210693359375">
        <ele>61.59999847412109375</ele>
        <time>2026-04-10T14:28:24.000Z</time>
        <extensions>
          <ns3:TrackPointExtension>
            <ns3:hr>150</ns3:hr>
            <ns3:cad>84</ns3:cad>
          </ns3:TrackPointExtension>
        </extensions>
      </trkpt>
      <trkpt lat="37.47431938536465167999267578125" lon="126.95930399000644683837890625">
        <ele>61.799999237060546875</ele>
        <time>2026-04-10T14:28:25.000Z</time>
        <extensions>
          <ns3:TrackPointExtension>
            <ns3:hr>150</ns3:hr>
            <ns3:cad>83</ns3:cad>
          </ns3:TrackPointExtension>
        </extensions>
      </trkpt>
      <trkpt lat="37.47428904287517070770263671875" lon="126.9593081809580326080322265625">
        <ele>62</ele>
        <time>2026-04-10T14:28:26.000Z</time>
        <extensions>
          <ns3:TrackPointExtension>
            <ns3:hr>150</ns3:hr>
            <ns3:cad>83</ns3:cad>
          </ns3:TrackPointExtension>
        </extensions>
      </trkpt>
      <trkpt lat="37.47426188550889492034912109375" lon="126.9593068398535251617431640625">
        <ele>62.200000762939453125</ele>
        <time>2026-04-10T14:28:27.000Z</time>
        <extensions>
          <ns3:TrackPointExtension>
            <ns3:hr>150</ns3:hr>
            <ns3:cad>83</ns3:cad>
          </ns3:TrackPointExtension>
        </extensions>
      </trkpt>
      <trkpt lat="37.47424378059804439544677734375" lon="126.9593071751296520233154296875">
        <ele>62.40000152587890625</ele>
        <time>2026-04-10T14:28:28.000Z</time>
        <extensions>
          <ns3:TrackPointExtension>
            <ns3:hr>150</ns3:hr>
            <ns3:cad>83</ns3:cad>
          </ns3:TrackPointExtension>
        </extensions>
      </trkpt>
      <trkpt lat="37.4742083251476287841796875" lon="126.9593073427677154541015625">
        <ele>62.59999847412109375</ele>
        <time>2026-04-10T14:28:29.000Z</time>
        <extensions>
          <ns3:TrackPointExtension>
            <ns3:hr>150</ns3:hr>
            <ns3:cad>83</ns3:cad>
          </ns3:TrackPointExtension>
        </extensions>
      </trkpt>
      <trkpt lat="37.47418351471424102783203125" lon="126.959315724670886993408203125">
        <ele>62.59999847412109375</ele>
        <time>2026-04-10T14:28:30.000Z</time>
        <extensions>
          <ns3:TrackPointExtension>
            <ns3:hr>150</ns3:hr>
            <ns3:cad>83</ns3:cad>
          </ns3:TrackPointExtension>
        </extensions>
      </trkpt>
      <trkpt lat="37.4741558544337749481201171875" lon="126.95932100526988506317138671875">
        <ele>62.59999847412109375</ele>
        <time>2026-04-10T14:28:31.000Z</time>
        <extensions>
          <ns3:TrackPointExtension>
            <ns3:hr>151</ns3:hr>
            <ns3:cad>83</ns3:cad>
          </ns3:TrackPointExtension>
        </extensions>
      </trkpt>
      <trkpt lat="37.4741243384778499603271484375" lon="126.95931983180344104766845703125">
        <ele>62.59999847412109375</ele>
        <time>2026-04-10T14:28:32.000Z</time>
        <extensions>
          <ns3:TrackPointExtension>
            <ns3:hr>151</ns3:hr>
            <ns3:cad>83</ns3:cad>
          </ns3:TrackPointExtension>
        </extensions>
      </trkpt>
      <trkpt lat="37.47410447336733341217041015625" lon="126.95932469330728054046630859375">
        <ele>62.799999237060546875</ele>
        <time>2026-04-10T14:28:33.000Z</time>
        <extensions>
          <ns3:TrackPointExtension>
            <ns3:hr>151</ns3:hr>
            <ns3:cad>83</ns3:cad>
          </ns3:TrackPointExtension>
        </extensions>
      </trkpt>
      <trkpt lat="37.47407077811658382415771484375" lon="126.9593252800405025482177734375">
        <ele>62.799999237060546875</ele>
        <time>2026-04-10T14:28:34.000Z</time>
        <extensions>
          <ns3:TrackPointExtension>
            <ns3:hr>151</ns3:hr>
            <ns3:cad>83</ns3:cad>
          </ns3:TrackPointExtension>
        </extensions>
      </trkpt>
      <trkpt lat="37.47404211200773715972900390625" lon="126.959321089088916778564453125">
        <ele>63</ele>
        <time>2026-04-10T14:28:35.000Z</time>
        <extensions>
          <ns3:TrackPointExtension>
            <ns3:hr>152</ns3:hr>
            <ns3:cad>83</ns3:cad>
          </ns3:TrackPointExtension>
        </extensions>
      </trkpt>
      <trkpt lat="37.474016882479190826416015625" lon="126.95932410657405853271484375">
        <ele>63</ele>
        <time>2026-04-10T14:28:36.000Z</time>
        <extensions>
          <ns3:TrackPointExtension>
            <ns3:hr>152</ns3:hr>
            <ns3:cad>83</ns3:cad>
          </ns3:TrackPointExtension>
        </extensions>
      </trkpt>
      <trkpt lat="37.47398436069488525390625" lon="126.9593229331076145172119140625">
        <ele>63</ele>
        <time>2026-04-10T14:28:37.000Z</time>
        <extensions>
          <ns3:TrackPointExtension>
            <ns3:hr>153</ns3:hr>
            <ns3:cad>83</ns3:cad>
          </ns3:TrackPointExtension>
        </extensions>
      </trkpt>
      <trkpt lat="37.4739583767950534820556640625" lon="126.95932720787823200225830078125">
        <ele>63</ele>
        <time>2026-04-10T14:28:38.000Z</time>
        <extensions>
          <ns3:TrackPointExtension>
            <ns3:hr>153</ns3:hr>
            <ns3:cad>83</ns3:cad>
          </ns3:TrackPointExtension>
        </extensions>
      </trkpt>
      <trkpt lat="37.47392468154430389404296875" lon="126.95932620204985141754150390625">
        <ele>63.200000762939453125</ele>
        <time>2026-04-10T14:28:39.000Z</time>
        <extensions>
          <ns3:TrackPointExtension>
            <ns3:hr>152</ns3:hr>
            <ns3:cad>83</ns3:cad>
          </ns3:TrackPointExtension>
        </extensions>
      </trkpt>
      <trkpt lat="37.47389492578804492950439453125" lon="126.95931949652731418609619140625">
        <ele>63.200000762939453125</ele>
        <time>2026-04-10T14:28:40.000Z</time>
        <extensions>
          <ns3:TrackPointExtension>
            <ns3:hr>152</ns3:hr>
            <ns3:cad>83</ns3:cad>
          </ns3:TrackPointExtension>
        </extensions>
      </trkpt>
      <trkpt lat="37.4738725461065769195556640625" lon="126.95931882597506046295166015625">
        <ele>63.200000762939453125</ele>
        <time>2026-04-10T14:28:41.000Z</time>
        <extensions>
          <ns3:TrackPointExtension>
            <ns3:hr>152</ns3:hr>
            <ns3:cad>83</ns3:cad>
          </ns3:TrackPointExtension>
        </extensions>
      </trkpt>
      <trkpt lat="37.47384061105549335479736328125" lon="126.9593091867864131927490234375">
        <ele>63.40000152587890625</ele>
        <time>2026-04-10T14:28:42.000Z</time>
        <extensions>
          <ns3:TrackPointExtension>
            <ns3:hr>152</ns3:hr>
            <ns3:cad>83</ns3:cad>
          </ns3:TrackPointExtension>
        </extensions>
      </trkpt>
      <trkpt lat="37.47381865046918392181396484375" lon="126.9593100249767303466796875">
        <ele>63.40000152587890625</ele>
        <time>2026-04-10T14:28:43.000Z</time>
        <extensions>
          <ns3:TrackPointExtension>
            <ns3:hr>152</ns3:hr>
            <ns3:cad>84</ns3:cad>
          </ns3:TrackPointExtension>
        </extensions>
      </trkpt>
      <trkpt lat="37.4737833626568317413330078125" lon="126.95931061170995235443115234375">
        <ele>63.40000152587890625</ele>
        <time>2026-04-10T14:28:44.000Z</time>
        <extensions>
          <ns3:TrackPointExtension>
            <ns3:hr>151</ns3:hr>
            <ns3:cad>84</ns3:cad>
          </ns3:TrackPointExtension>
        </extensions>
      </trkpt>
      <trkpt lat="37.47375159524381160736083984375" lon="126.95930474437773227691650390625">
        <ele>63.40000152587890625</ele>
        <time>2026-04-10T14:28:45.000Z</time>
        <extensions>
          <ns3:TrackPointExtension>
            <ns3:hr>152</ns3:hr>
            <ns3:cad>84</ns3:cad>
          </ns3:TrackPointExtension>
        </extensions>
      </trkpt>
      <trkpt lat="37.47372728772461414337158203125" lon="126.95930139161646366119384765625">
        <ele>63.59999847412109375</ele>
        <time>2026-04-10T14:28:46.000Z</time>
        <extensions>
          <ns3:TrackPointExtension>
            <ns3:hr>151</ns3:hr>
            <ns3:cad>84</ns3:cad>
          </ns3:TrackPointExtension>
        </extensions>
      </trkpt>
      <trkpt lat="37.47369074262678623199462890625" lon="126.95928965695202350616455078125">
        <ele>63.59999847412109375</ele>
        <time>2026-04-10T14:28:47.000Z</time>
        <extensions>
          <ns3:TrackPointExtension>
            <ns3:hr>151</ns3:hr>
            <ns3:cad>84</ns3:cad>
          </ns3:TrackPointExtension>
        </extensions>
      </trkpt>
      <trkpt lat="37.47366316616535186767578125" lon="126.9592914171516895294189453125">
        <ele>63.799999237060546875</ele>
        <time>2026-04-10T14:28:48.000Z</time>
        <extensions>
          <ns3:TrackPointExtension>
            <ns3:hr>150</ns3:hr>
            <ns3:cad>83</ns3:cad>
          </ns3:TrackPointExtension>
        </extensions>
      </trkpt>
      <trkpt lat="37.47363056056201457977294921875" lon="126.959286220371723175048828125">
        <ele>63.799999237060546875</ele>
        <time>2026-04-10T14:28:49.000Z</time>
        <extensions>
          <ns3:TrackPointExtension>
            <ns3:hr>150</ns3:hr>
            <ns3:cad>83</ns3:cad>
          </ns3:TrackPointExtension>
        </extensions>
      </trkpt>
      <trkpt lat="37.47360281646251678466796875" lon="126.9592729769647121429443359375">
        <ele>64</ele>
        <time>2026-04-10T14:28:50.000Z</time>
        <extensions>
          <ns3:TrackPointExtension>
            <ns3:hr>149</ns3:hr>
            <ns3:cad>83</ns3:cad>
          </ns3:TrackPointExtension>
        </extensions>
      </trkpt>
      <trkpt lat="37.473583705723285675048828125" lon="126.95926886983215808868408203125">
        <ele>64.1999969482421875</ele>
        <time>2026-04-10T14:28:51.000Z</time>
        <extensions>
          <ns3:TrackPointExtension>
            <ns3:hr>149</ns3:hr>
            <ns3:cad>83</ns3:cad>
          </ns3:TrackPointExtension>
        </extensions>
      </trkpt>
      <trkpt lat="37.4735485017299652099609375" lon="126.9592572189867496490478515625">
        <ele>64.1999969482421875</ele>
        <time>2026-04-10T14:28:52.000Z</time>
        <extensions>
          <ns3:TrackPointExtension>
            <ns3:hr>149</ns3:hr>
            <ns3:cad>83</ns3:cad>
          </ns3:TrackPointExtension>
        </extensions>
      </trkpt>
      <trkpt lat="37.47352209873497486114501953125" lon="126.95925529114902019500732421875">
        <ele>64.1999969482421875</ele>
        <time>2026-04-10T14:28:53.000Z</time>
        <extensions>
          <ns3:TrackPointExtension>
            <ns3:hr>149</ns3:hr>
            <ns3:cad>83</ns3:cad>
          </ns3:TrackPointExtension>
        </extensions>
      </trkpt>
      <trkpt lat="37.47349125333130359649658203125" lon="126.9592511840164661407470703125">
        <ele>64.1999969482421875</ele>
        <time>2026-04-10T14:28:54.000Z</time>
        <extensions>
          <ns3:TrackPointExtension>
            <ns3:hr>149</ns3:hr>
            <ns3:cad>83</ns3:cad>
          </ns3:TrackPointExtension>
        </extensions>
      </trkpt>
      <trkpt lat="37.47346158139407634735107421875" lon="126.95923668332397937774658203125">
        <ele>64.1999969482421875</ele>
        <time>2026-04-10T14:28:55.000Z</time>
        <extensions>
          <ns3:TrackPointExtension>
            <ns3:hr>149</ns3:hr>
            <ns3:cad>84</ns3:cad>
          </ns3:TrackPointExtension>
        </extensions>
      </trkpt>
      <trkpt lat="37.47344029136002063751220703125" lon="126.959233246743679046630859375">
        <ele>64.1999969482421875</ele>
        <time>2026-04-10T14:28:56.000Z</time>
        <extensions>
          <ns3:TrackPointExtension>
            <ns3:hr>149</ns3:hr>
            <ns3:cad>84</ns3:cad>
          </ns3:TrackPointExtension>
        </extensions>
      </trkpt>
      <trkpt lat="37.47340701520442962646484375" lon="126.959222517907619476318359375">
        <ele>64.40000152587890625</ele>
        <time>2026-04-10T14:28:57.000Z</time>
        <extensions>
          <ns3:TrackPointExtension>
            <ns3:hr>149</ns3:hr>
            <ns3:cad>84</ns3:cad>
          </ns3:TrackPointExtension>
        </extensions>
      </trkpt>
      <trkpt lat="37.47337818145751953125" lon="126.95922109298408031463623046875">
        <ele>64.40000152587890625</ele>
        <time>2026-04-10T14:28:58.000Z</time>
        <extensions>
          <ns3:TrackPointExtension>
            <ns3:hr>149</ns3:hr>
            <ns3:cad>84</ns3:cad>
          </ns3:TrackPointExtension>
        </extensions>
      </trkpt>
      <trkpt lat="37.473351024091243743896484375" lon="126.95921673439443111419677734375">
        <ele>64.40000152587890625</ele>
        <time>2026-04-10T14:28:59.000Z</time>
        <extensions>
          <ns3:TrackPointExtension>
            <ns3:hr>148</ns3:hr>
            <ns3:cad>84</ns3:cad>
          </ns3:TrackPointExtension>
        </extensions>
      </trkpt>
      <trkpt lat="37.47332009486854076385498046875" lon="126.95920181460678577423095703125">
        <ele>64.40000152587890625</ele>
        <time>2026-04-10T14:29:00.000Z</time>
        <extensions>
          <ns3:TrackPointExtension>
            <ns3:hr>149</ns3:hr>
            <ns3:cad>84</ns3:cad>
          </ns3:TrackPointExtension>
        </extensions>
      </trkpt>
      <trkpt lat="37.4732990562915802001953125" lon="126.95920080877840518951416015625">
        <ele>64.40000152587890625</ele>
        <time>2026-04-10T14:29:01.000Z</time>
        <extensions>
          <ns3:TrackPointExtension>
            <ns3:hr>148</ns3:hr>
            <ns3:cad>84</ns3:cad>
          </ns3:TrackPointExtension>
        </extensions>
      </trkpt>
      <trkpt lat="37.4732668697834014892578125" lon="126.95919443853199481964111328125">
        <ele>64.40000152587890625</ele>
        <time>2026-04-10T14:29:02.000Z</time>
        <extensions>
          <ns3:TrackPointExtension>
            <ns3:hr>148</ns3:hr>
            <ns3:cad>84</ns3:cad>
          </ns3:TrackPointExtension>
        </extensions>
      </trkpt>
      <trkpt lat="37.47324532829225063323974609375" lon="126.95918806828558444976806640625">
        <ele>64.40000152587890625</ele>
        <time>2026-04-10T14:29:03.000Z</time>
        <extensions>
          <ns3:TrackPointExtension>
            <ns3:hr>148</ns3:hr>
            <ns3:cad>83</ns3:cad>
          </ns3:TrackPointExtension>
        </extensions>
      </trkpt>
      <trkpt lat="37.473222948610782623291015625" lon="126.9591844640672206878662109375">
        <ele>64.40000152587890625</ele>
        <time>2026-04-10T14:29:04.000Z</time>
        <extensions>
          <ns3:TrackPointExtension>
            <ns3:hr>148</ns3:hr>
            <ns3:cad>83</ns3:cad>
          </ns3:TrackPointExtension>
        </extensions>
      </trkpt>
      <trkpt lat="37.47319243848323822021484375" lon="126.95917314849793910980224609375">
        <ele>64.40000152587890625</ele>
        <time>2026-04-10T14:29:05.000Z</time>
        <extensions>
          <ns3:TrackPointExtension>
            <ns3:hr>149</ns3:hr>
            <ns3:cad>83</ns3:cad>
          </ns3:TrackPointExtension>
        </extensions>
      </trkpt>
      <trkpt lat="37.473166622221469879150390625" lon="126.95917398668825626373291015625">
        <ele>64.40000152587890625</ele>
        <time>2026-04-10T14:29:06.000Z</time>
        <extensions>
          <ns3:TrackPointExtension>
            <ns3:hr>148</ns3:hr>
            <ns3:cad>83</ns3:cad>
          </ns3:TrackPointExtension>
        </extensions>
      </trkpt>
      <trkpt lat="37.4731329269707202911376953125" lon="126.9591677002608776092529296875">
        <ele>64.40000152587890625</ele>
        <time>2026-04-10T14:29:07.000Z</time>
        <extensions>
          <ns3:TrackPointExtension>
            <ns3:hr>148</ns3:hr>
            <ns3:cad>83</ns3:cad>
          </ns3:TrackPointExtension>
        </extensions>
      </trkpt>
      <trkpt lat="37.4731064401566982269287109375" lon="126.95915806107223033905029296875">
        <ele>64.40000152587890625</ele>
        <time>2026-04-10T14:29:08.000Z</time>
        <extensions>
          <ns3:TrackPointExtension>
            <ns3:hr>148</ns3:hr>
            <ns3:cad>83</ns3:cad>
          </ns3:TrackPointExtension>
        </extensions>
      </trkpt>
      <trkpt lat="37.4730823002755641937255859375" lon="126.95915336720645427703857421875">
        <ele>64.40000152587890625</ele>
        <time>2026-04-10T14:29:09.000Z</time>
        <extensions>
          <ns3:TrackPointExtension>
            <ns3:hr>147</ns3:hr>
            <ns3:cad>83</ns3:cad>
          </ns3:TrackPointExtension>
        </extensions>
      </trkpt>
      <trkpt lat="37.4730464257299900054931640625" lon="126.9591381959617137908935546875">
        <ele>64.40000152587890625</ele>
        <time>2026-04-10T14:29:10.000Z</time>
        <extensions>
          <ns3:TrackPointExtension>
            <ns3:hr>147</ns3:hr>
            <ns3:cad>83</ns3:cad>
          </ns3:TrackPointExtension>
        </extensions>
      </trkpt>
      <trkpt lat="37.473023124039173126220703125" lon="126.95914171636104583740234375">
        <ele>64.40000152587890625</ele>
        <time>2026-04-10T14:29:11.000Z</time>
        <extensions>
          <ns3:TrackPointExtension>
            <ns3:hr>147</ns3:hr>
            <ns3:cad>83</ns3:cad>
          </ns3:TrackPointExtension>
        </extensions>
      </trkpt>
      <trkpt lat="37.47299118898808956146240234375" lon="126.959137357771396636962890625">
        <ele>64.59999847412109375</ele>
        <time>2026-04-10T14:29:12.000Z</time>
        <extensions>
          <ns3:TrackPointExtension>
            <ns3:hr>147</ns3:hr>
            <ns3:cad>83</ns3:cad>
          </ns3:TrackPointExtension>
        </extensions>
      </trkpt>
      <trkpt lat="37.472962774336338043212890625" lon="126.95912386290729045867919921875">
        <ele>64.59999847412109375</ele>
        <time>2026-04-10T14:29:13.000Z</time>
        <extensions>
          <ns3:TrackPointExtension>
            <ns3:hr>147</ns3:hr>
            <ns3:cad>83</ns3:cad>
          </ns3:TrackPointExtension>
        </extensions>
      </trkpt>
      <trkpt lat="37.47294307686388492584228515625" lon="126.95911732502281665802001953125">
        <ele>64.59999847412109375</ele>
        <time>2026-04-10T14:29:14.000Z</time>
        <extensions>
          <ns3:TrackPointExtension>
            <ns3:hr>147</ns3:hr>
            <ns3:cad>83</ns3:cad>
          </ns3:TrackPointExtension>
        </extensions>
      </trkpt>
      <trkpt lat="37.47290636412799358367919921875" lon="126.95910206995904445648193359375">
        <ele>64.59999847412109375</ele>
        <time>2026-04-10T14:29:15.000Z</time>
        <extensions>
          <ns3:TrackPointExtension>
            <ns3:hr>147</ns3:hr>
            <ns3:cad>83</ns3:cad>
          </ns3:TrackPointExtension>
        </extensions>
      </trkpt>
      <trkpt lat="37.47288071550428867340087890625" lon="126.95909888483583927154541015625">
        <ele>64.59999847412109375</ele>
        <time>2026-04-10T14:29:16.000Z</time>
        <extensions>
          <ns3:TrackPointExtension>
            <ns3:hr>146</ns3:hr>
            <ns3:cad>83</ns3:cad>
          </ns3:TrackPointExtension>
        </extensions>
      </trkpt>
      <trkpt lat="37.47285087592899799346923828125" lon="126.959091760218143463134765625">
        <ele>64.59999847412109375</ele>
        <time>2026-04-10T14:29:17.000Z</time>
        <extensions>
          <ns3:TrackPointExtension>
            <ns3:hr>146</ns3:hr>
            <ns3:cad>84</ns3:cad>
          </ns3:TrackPointExtension>
        </extensions>
      </trkpt>
      <trkpt lat="37.47282237745821475982666015625" lon="126.95907600224018096923828125">
        <ele>64.59999847412109375</ele>
        <time>2026-04-10T14:29:18.000Z</time>
        <extensions>
          <ns3:TrackPointExtension>
            <ns3:hr>146</ns3:hr>
            <ns3:cad>84</ns3:cad>
          </ns3:TrackPointExtension>
        </extensions>
      </trkpt>
      <trkpt lat="37.4728006683290004730224609375" lon="126.95906904526054859161376953125">
        <ele>64.59999847412109375</ele>
        <time>2026-04-10T14:29:19.000Z</time>
        <extensions>
          <ns3:TrackPointExtension>
            <ns3:hr>146</ns3:hr>
            <ns3:cad>84</ns3:cad>
          </ns3:TrackPointExtension>
        </extensions>
      </trkpt>
      <trkpt lat="37.4727691523730754852294921875" lon="126.95905664004385471343994140625">
        <ele>64.8000030517578125</ele>
        <time>2026-04-10T14:29:20.000Z</time>
        <extensions>
          <ns3:TrackPointExtension>
            <ns3:hr>145</ns3:hr>
            <ns3:cad>83</ns3:cad>
          </ns3:TrackPointExtension>
        </extensions>
      </trkpt>
      <trkpt lat="37.47274048626422882080078125" lon="126.95904138498008251190185546875">
        <ele>64.8000030517578125</ele>
        <time>2026-04-10T14:29:21.000Z</time>
        <extensions>
          <ns3:TrackPointExtension>
            <ns3:hr>145</ns3:hr>
            <ns3:cad>83</ns3:cad>
          </ns3:TrackPointExtension>
        </extensions>
      </trkpt>
      <trkpt lat="37.47271860949695110321044921875" lon="126.9590312428772449493408203125">
        <ele>64.59999847412109375</ele>
        <time>2026-04-10T14:29:22.000Z</time>
        <extensions>
          <ns3:TrackPointExtension>
            <ns3:hr>145</ns3:hr>
            <ns3:cad>83</ns3:cad>
          </ns3:TrackPointExtension>
        </extensions>
      </trkpt>
      <trkpt lat="37.47269086539745330810546875" lon="126.9590144790709018707275390625">
        <ele>64.59999847412109375</ele>
        <time>2026-04-10T14:29:23.000Z</time>
        <extensions>
          <ns3:TrackPointExtension>
            <ns3:hr>145</ns3:hr>
            <ns3:cad>83</ns3:cad>
          </ns3:TrackPointExtension>
        </extensions>
      </trkpt>
      <trkpt lat="37.47267208993434906005859375" lon="126.95900618098676204681396484375">
        <ele>64.59999847412109375</ele>
        <time>2026-04-10T14:29:24.000Z</time>
        <extensions>
          <ns3:TrackPointExtension>
            <ns3:hr>146</ns3:hr>
            <ns3:cad>83</ns3:cad>
          </ns3:TrackPointExtension>
        </extensions>
      </trkpt>
      <trkpt lat="37.472640909254550933837890625" lon="126.958991847932338714599609375">
        <ele>64.40000152587890625</ele>
        <time>2026-04-10T14:29:25.000Z</time>
        <extensions>
          <ns3:TrackPointExtension>
            <ns3:hr>145</ns3:hr>
            <ns3:cad>83</ns3:cad>
          </ns3:TrackPointExtension>
        </extensions>
      </trkpt>
      <trkpt lat="37.472612075507640838623046875" lon="126.95897835306823253631591796875">
        <ele>64.40000152587890625</ele>
        <time>2026-04-10T14:29:26.000Z</time>
        <extensions>
          <ns3:TrackPointExtension>
            <ns3:hr>145</ns3:hr>
            <ns3:cad>82</ns3:cad>
          </ns3:TrackPointExtension>
        </extensions>
      </trkpt>
      <trkpt lat="37.47258634306490421295166015625" lon="126.9589688815176486968994140625">
        <ele>64.40000152587890625</ele>
        <time>2026-04-10T14:29:27.000Z</time>
        <extensions>
          <ns3:TrackPointExtension>
            <ns3:hr>144</ns3:hr>
            <ns3:cad>83</ns3:cad>
          </ns3:TrackPointExtension>
        </extensions>
      </trkpt>
      <trkpt lat="37.472551725804805755615234375" lon="126.9589544646441936492919921875">
        <ele>64.40000152587890625</ele>
        <time>2026-04-10T14:29:28.000Z</time>
        <extensions>
          <ns3:TrackPointExtension>
            <ns3:hr>143</ns3:hr>
            <ns3:cad>83</ns3:cad>
          </ns3:TrackPointExtension>
        </extensions>
      </trkpt>
      <trkpt lat="37.47252850793302059173583984375" lon="126.958951614797115325927734375">
        <ele>64.40000152587890625</ele>
        <time>2026-04-10T14:29:29.000Z</time>
        <extensions>
          <ns3:TrackPointExtension>
            <ns3:hr>143</ns3:hr>
            <ns3:cad>83</ns3:cad>
          </ns3:TrackPointExtension>
        </extensions>
      </trkpt>
      <trkpt lat="37.472506798803806304931640625" lon="126.95894323289394378662109375">
        <ele>64.40000152587890625</ele>
        <time>2026-04-10T14:29:30.000Z</time>
        <extensions>
          <ns3:TrackPointExtension>
            <ns3:hr>143</ns3:hr>
            <ns3:cad>83</ns3:cad>
          </ns3:TrackPointExtension>
        </extensions>
      </trkpt>
      <trkpt lat="37.47247637249529361724853515625" lon="126.9589273072779178619384765625">
        <ele>64.40000152587890625</ele>
        <time>2026-04-10T14:29:31.000Z</time>
        <extensions>
          <ns3:TrackPointExtension>
            <ns3:hr>143</ns3:hr>
            <ns3:cad>83</ns3:cad>
          </ns3:TrackPointExtension>
        </extensions>
      </trkpt>
      <trkpt lat="37.4724543280899524688720703125" lon="126.95891909301280975341796875">
        <ele>64.59999847412109375</ele>
        <time>2026-04-10T14:29:32.000Z</time>
        <extensions>
          <ns3:TrackPointExtension>
            <ns3:hr>143</ns3:hr>
            <ns3:cad>83</ns3:cad>
          </ns3:TrackPointExtension>
        </extensions>
      </trkpt>
      <trkpt lat="37.47242105193436145782470703125" lon="126.95891062729060649871826171875">
        <ele>64.59999847412109375</ele>
        <time>2026-04-10T14:29:33.000Z</time>
        <extensions>
          <ns3:TrackPointExtension>
            <ns3:hr>143</ns3:hr>
            <ns3:cad>83</ns3:cad>
          </ns3:TrackPointExtension>
        </extensions>
      </trkpt>
      <trkpt lat="37.47239406220614910125732421875" lon="126.95891347713768482208251953125">
        <ele>64.59999847412109375</ele>
        <time>2026-04-10T14:29:34.000Z</time>
        <extensions>
          <ns3:TrackPointExtension>
            <ns3:hr>143</ns3:hr>
            <ns3:cad>83</ns3:cad>
          </ns3:TrackPointExtension>
        </extensions>
      </trkpt>
      <trkpt lat="37.47236589901149272918701171875" lon="126.958917416632175445556640625">
        <ele>64.59999847412109375</ele>
        <time>2026-04-10T14:29:35.000Z</time>
        <extensions>
          <ns3:TrackPointExtension>
            <ns3:hr>143</ns3:hr>
            <ns3:cad>83</ns3:cad>
          </ns3:TrackPointExtension>
        </extensions>
      </trkpt>
      <trkpt lat="37.4723319523036479949951171875" lon="126.958926804363727569580078125">
        <ele>64.59999847412109375</ele>
        <time>2026-04-10T14:29:36.000Z</time>
        <extensions>
          <ns3:TrackPointExtension>
            <ns3:hr>142</ns3:hr>
            <ns3:cad>83</ns3:cad>
          </ns3:TrackPointExtension>
        </extensions>
      </trkpt>
      <trkpt lat="37.47230865061283111572265625" lon="126.95893962867558002471923828125">
        <ele>64.40000152587890625</ele>
        <time>2026-04-10T14:29:37.000Z</time>
        <extensions>
          <ns3:TrackPointExtension>
            <ns3:hr>142</ns3:hr>
            <ns3:cad>83</ns3:cad>
          </ns3:TrackPointExtension>
        </extensions>
      </trkpt>
      <trkpt lat="37.47227646410465240478515625" lon="126.9589568115770816802978515625">
        <ele>64.40000152587890625</ele>
        <time>2026-04-10T14:29:38.000Z</time>
        <extensions>
          <ns3:TrackPointExtension>
            <ns3:hr>142</ns3:hr>
            <ns3:cad>83</ns3:cad>
          </ns3:TrackPointExtension>
        </extensions>
      </trkpt>
      <trkpt lat="37.47224620543420314788818359375" lon="126.95896762423217296600341796875">
        <ele>64.1999969482421875</ele>
        <time>2026-04-10T14:29:39.000Z</time>
        <extensions>
          <ns3:TrackPointExtension>
            <ns3:hr>142</ns3:hr>
            <ns3:cad>83</ns3:cad>
          </ns3:TrackPointExtension>
        </extensions>
      </trkpt>
      <trkpt lat="37.47222374193370342254638671875" lon="126.9589846394956111907958984375">
        <ele>64.1999969482421875</ele>
        <time>2026-04-10T14:29:40.000Z</time>
        <extensions>
          <ns3:TrackPointExtension>
            <ns3:hr>143</ns3:hr>
            <ns3:cad>83</ns3:cad>
          </ns3:TrackPointExtension>
        </extensions>
      </trkpt>
      <trkpt lat="37.47219071723520755767822265625" lon="126.95900199003517627716064453125">
        <ele>64.1999969482421875</ele>
        <time>2026-04-10T14:29:41.000Z</time>
        <extensions>
          <ns3:TrackPointExtension>
            <ns3:hr>142</ns3:hr>
            <ns3:cad>83</ns3:cad>
          </ns3:TrackPointExtension>
        </extensions>
      </trkpt>
      <trkpt lat="37.47216875664889812469482421875" lon="126.95901305414736270904541015625">
        <ele>64.1999969482421875</ele>
        <time>2026-04-10T14:29:42.000Z</time>
        <extensions>
          <ns3:TrackPointExtension>
            <ns3:hr>142</ns3:hr>
            <ns3:cad>83</ns3:cad>
          </ns3:TrackPointExtension>
        </extensions>
      </trkpt>
      <trkpt lat="37.47214562259614467620849609375" lon="126.95902244187891483306884765625">
        <ele>64.1999969482421875</ele>
        <time>2026-04-10T14:29:43.000Z</time>
        <extensions>
          <ns3:TrackPointExtension>
            <ns3:hr>141</ns3:hr>
            <ns3:cad>83</ns3:cad>
          </ns3:TrackPointExtension>
        </extensions>
      </trkpt>
      <trkpt lat="37.47211678884923458099365234375" lon="126.9590275548398494720458984375">
        <ele>64.1999969482421875</ele>
        <time>2026-04-10T14:29:44.000Z</time>
        <extensions>
          <ns3:TrackPointExtension>
            <ns3:hr>141</ns3:hr>
            <ns3:cad>83</ns3:cad>
          </ns3:TrackPointExtension>
        </extensions>
      </trkpt>
      <trkpt lat="37.47209868393838405609130859375" lon="126.95903685875236988067626953125">
        <ele>64.1999969482421875</ele>
        <time>2026-04-10T14:29:45.000Z</time>
        <extensions>
          <ns3:TrackPointExtension>
            <ns3:hr>141</ns3:hr>
            <ns3:cad>83</ns3:cad>
          </ns3:TrackPointExtension>
        </extensions>
      </trkpt>
      <trkpt lat="37.4720677547156810760498046875" lon="126.9590527005493640899658203125">
        <ele>64.1999969482421875</ele>
        <time>2026-04-10T14:29:46.000Z</time>
        <extensions>
          <ns3:TrackPointExtension>
            <ns3:hr>140</ns3:hr>
            <ns3:cad>83</ns3:cad>
          </ns3:TrackPointExtension>
        </extensions>
      </trkpt>
      <trkpt lat="37.472039759159088134765625" lon="126.95906954817473888397216796875">
        <ele>64</ele>
        <time>2026-04-10T14:29:47.000Z</time>
        <extensions>
          <ns3:TrackPointExtension>
            <ns3:hr>140</ns3:hr>
            <ns3:cad>84</ns3:cad>
          </ns3:TrackPointExtension>
        </extensions>
      </trkpt>
      <trkpt lat="37.4720080755650997161865234375" lon="126.95908538997173309326171875">
        <ele>64</ele>
        <time>2026-04-10T14:29:48.000Z</time>
        <extensions>
          <ns3:TrackPointExtension>
            <ns3:hr>139</ns3:hr>
            <ns3:cad>84</ns3:cad>
          </ns3:TrackPointExtension>
        </extensions>
      </trkpt>
      <trkpt lat="37.4719728715717792510986328125" lon="126.959103830158710479736328125">
        <ele>63.799999237060546875</ele>
        <time>2026-04-10T14:29:49.000Z</time>
        <extensions>
          <ns3:TrackPointExtension>
            <ns3:hr>139</ns3:hr>
            <ns3:cad>84</ns3:cad>
          </ns3:TrackPointExtension>
        </extensions>
      </trkpt>
      <trkpt lat="37.4719490669667720794677734375" lon="126.9591142237186431884765625">
        <ele>63.799999237060546875</ele>
        <time>2026-04-10T14:29:50.000Z</time>
        <extensions>
          <ns3:TrackPointExtension>
            <ns3:hr>139</ns3:hr>
            <ns3:cad>83</ns3:cad>
          </ns3:TrackPointExtension>
        </extensions>
      </trkpt>
      <trkpt lat="37.47190824709832668304443359375" lon="126.95912905968725681304931640625">
        <ele>63.799999237060546875</ele>
        <time>2026-04-10T14:29:51.000Z</time>
        <extensions>
          <ns3:TrackPointExtension>
            <ns3:hr>139</ns3:hr>
            <ns3:cad>83</ns3:cad>
          </ns3:TrackPointExtension>
        </extensions>
      </trkpt>
      <trkpt lat="37.47187656350433826446533203125" lon="126.95913911797106266021728515625">
        <ele>63.799999237060546875</ele>
        <time>2026-04-10T14:29:52.000Z</time>
        <extensions>
          <ns3:TrackPointExtension>
            <ns3:hr>139</ns3:hr>
            <ns3:cad>83</ns3:cad>
          </ns3:TrackPointExtension>
        </extensions>
      </trkpt>
      <trkpt lat="37.47185125015676021575927734375" lon="126.95914934389293193817138671875">
        <ele>63.59999847412109375</ele>
        <time>2026-04-10T14:29:53.000Z</time>
        <extensions>
          <ns3:TrackPointExtension>
            <ns3:hr>138</ns3:hr>
            <ns3:cad>83</ns3:cad>
          </ns3:TrackPointExtension>
        </extensions>
      </trkpt>
      <trkpt lat="37.47181646525859832763671875" lon="126.95916057564318180084228515625">
        <ele>63.799999237060546875</ele>
        <time>2026-04-10T14:29:54.000Z</time>
        <extensions>
          <ns3:TrackPointExtension>
            <ns3:hr>138</ns3:hr>
            <ns3:cad>83</ns3:cad>
          </ns3:TrackPointExtension>
        </extensions>
      </trkpt>
      <trkpt lat="37.47179324738681316375732421875" lon="126.9591732323169708251953125">
        <ele>63.799999237060546875</ele>
        <time>2026-04-10T14:29:55.000Z</time>
        <extensions>
          <ns3:TrackPointExtension>
            <ns3:hr>138</ns3:hr>
            <ns3:cad>83</ns3:cad>
          </ns3:TrackPointExtension>
        </extensions>
      </trkpt>
      <trkpt lat="37.47176282107830047607421875" lon="126.9591894932091236114501953125">
        <ele>63.799999237060546875</ele>
        <time>2026-04-10T14:29:56.000Z</time>
        <extensions>
          <ns3:TrackPointExtension>
            <ns3:hr>138</ns3:hr>
            <ns3:cad>83</ns3:cad>
          </ns3:TrackPointExtension>
        </extensions>
      </trkpt>
      <trkpt lat="37.47173155657947063446044921875" lon="126.95919745601713657379150390625">
        <ele>63.799999237060546875</ele>
        <time>2026-04-10T14:29:57.000Z</time>
        <extensions>
          <ns3:TrackPointExtension>
            <ns3:hr>138</ns3:hr>
            <ns3:cad>83</ns3:cad>
          </ns3:TrackPointExtension>
        </extensions>
      </trkpt>
      <trkpt lat="37.47171043418347835540771484375" lon="126.9592122919857501983642578125">
        <ele>63.59999847412109375</ele>
        <time>2026-04-10T14:29:58.000Z</time>
        <extensions>
          <ns3:TrackPointExtension>
            <ns3:hr>138</ns3:hr>
            <ns3:cad>83</ns3:cad>
          </ns3:TrackPointExtension>
        </extensions>
      </trkpt>
      <trkpt lat="37.4716811813414096832275390625" lon="126.959225870668888092041015625">
        <ele>63.59999847412109375</ele>
        <time>2026-04-10T14:29:59.000Z</time>
        <extensions>
          <ns3:TrackPointExtension>
            <ns3:hr>138</ns3:hr>
            <ns3:cad>84</ns3:cad>
          </ns3:TrackPointExtension>
        </extensions>
      </trkpt>
      <trkpt lat="37.47165377251803874969482421875" lon="126.959237270057201385498046875">
        <ele>63.59999847412109375</ele>
        <time>2026-04-10T14:30:00.000Z</time>
        <extensions>
          <ns3:TrackPointExtension>
            <ns3:hr>138</ns3:hr>
            <ns3:cad>84</ns3:cad>
          </ns3:TrackPointExtension>
        </extensions>
      </trkpt>
      <trkpt lat="37.47162242420017719268798828125" lon="126.95925344713032245635986328125">
        <ele>63.59999847412109375</ele>
        <time>2026-04-10T14:30:01.000Z</time>
        <extensions>
          <ns3:TrackPointExtension>
            <ns3:hr>138</ns3:hr>
            <ns3:cad>84</ns3:cad>
          </ns3:TrackPointExtension>
        </extensions>
      </trkpt>
      <trkpt lat="37.47159518301486968994140625" lon="126.959269456565380096435546875">
        <ele>63.59999847412109375</ele>
        <time>2026-04-10T14:30:02.000Z</time>
        <extensions>
          <ns3:TrackPointExtension>
            <ns3:hr>137</ns3:hr>
            <ns3:cad>83</ns3:cad>
          </ns3:TrackPointExtension>
        </extensions>
      </trkpt>
      <trkpt lat="37.47157230041921138763427734375" lon="126.95928295142948627471923828125">
        <ele>63.59999847412109375</ele>
        <time>2026-04-10T14:30:03.000Z</time>
        <extensions>
          <ns3:TrackPointExtension>
            <ns3:hr>138</ns3:hr>
            <ns3:cad>83</ns3:cad>
          </ns3:TrackPointExtension>
        </extensions>
      </trkpt>
      <trkpt lat="37.47154095210134983062744140625" lon="126.95929686538875102996826171875">
        <ele>63.799999237060546875</ele>
        <time>2026-04-10T14:30:04.000Z</time>
        <extensions>
          <ns3:TrackPointExtension>
            <ns3:hr>138</ns3:hr>
            <ns3:cad>83</ns3:cad>
          </ns3:TrackPointExtension>
        </extensions>
      </trkpt>
      <trkpt lat="37.4715122021734714508056640625" lon="126.9593100249767303466796875">
        <ele>63.799999237060546875</ele>
        <time>2026-04-10T14:30:05.000Z</time>
        <extensions>
          <ns3:TrackPointExtension>
            <ns3:hr>137</ns3:hr>
            <ns3:cad>83</ns3:cad>
          </ns3:TrackPointExtension>
        </extensions>
      </trkpt>
      <trkpt lat="37.4714837037026882171630859375" lon="126.95932536385953426361083984375">
        <ele>63.799999237060546875</ele>
        <time>2026-04-10T14:30:06.000Z</time>
        <extensions>
          <ns3:TrackPointExtension>
            <ns3:hr>137</ns3:hr>
            <ns3:cad>83</ns3:cad>
          </ns3:TrackPointExtension>
        </extensions>
      </trkpt>
      <trkpt lat="37.471454031765460968017578125" lon="126.9593427143990993499755859375">
        <ele>63.799999237060546875</ele>
        <time>2026-04-10T14:30:07.000Z</time>
        <extensions>
          <ns3:TrackPointExtension>
            <ns3:hr>137</ns3:hr>
            <ns3:cad>83</ns3:cad>
          </ns3:TrackPointExtension>
        </extensions>
      </trkpt>
      <trkpt lat="37.4714317359030246734619140625" lon="126.9593564607203006744384765625">
        <ele>64</ele>
        <time>2026-04-10T14:30:08.000Z</time>
        <extensions>
          <ns3:TrackPointExtension>
            <ns3:hr>137</ns3:hr>
            <ns3:cad>83</ns3:cad>
          </ns3:TrackPointExtension>
        </extensions>
      </trkpt>
      <trkpt lat="37.47140265069901943206787109375" lon="126.95937029086053371429443359375">
        <ele>64.1999969482421875</ele>
        <time>2026-04-10T14:30:09.000Z</time>
        <extensions>
          <ns3:TrackPointExtension>
            <ns3:hr>136</ns3:hr>
            <ns3:cad>83</ns3:cad>
          </ns3:TrackPointExtension>
        </extensions>
      </trkpt>
      <trkpt lat="37.4713718891143798828125" lon="126.95937850512564182281494140625">
        <ele>64.1999969482421875</ele>
        <time>2026-04-10T14:30:10.000Z</time>
        <extensions>
          <ns3:TrackPointExtension>
            <ns3:hr>136</ns3:hr>
            <ns3:cad>83</ns3:cad>
          </ns3:TrackPointExtension>
        </extensions>
      </trkpt>
      <trkpt lat="37.471342720091342926025390625" lon="126.959386803209781646728515625">
        <ele>64</ele>
        <time>2026-04-10T14:30:11.000Z</time>
        <extensions>
          <ns3:TrackPointExtension>
            <ns3:hr>136</ns3:hr>
            <ns3:cad>83</ns3:cad>
          </ns3:TrackPointExtension>
        </extensions>
      </trkpt>
      <trkpt lat="37.4713043309748172760009765625" lon="126.95937850512564182281494140625">
        <ele>64</ele>
        <time>2026-04-10T14:30:12.000Z</time>
        <extensions>
          <ns3:TrackPointExtension>
            <ns3:hr>137</ns3:hr>
            <ns3:cad>83</ns3:cad>
          </ns3:TrackPointExtension>
        </extensions>
      </trkpt>
      <trkpt lat="37.47127558104693889617919921875" lon="126.95937816984951496124267578125">
        <ele>64</ele>
        <time>2026-04-10T14:30:13.000Z</time>
        <extensions>
          <ns3:TrackPointExtension>
            <ns3:hr>136</ns3:hr>
            <ns3:cad>83</ns3:cad>
          </ns3:TrackPointExtension>
        </extensions>
      </trkpt>
      <trkpt lat="37.47124037705361843109130859375" lon="126.95937196724116802215576171875">
        <ele>64</ele>
        <time>2026-04-10T14:30:14.000Z</time>
        <extensions>
          <ns3:TrackPointExtension>
            <ns3:hr>136</ns3:hr>
            <ns3:cad>83</ns3:cad>
          </ns3:TrackPointExtension>
        </extensions>
      </trkpt>
      <trkpt lat="37.4712104536592960357666015625" lon="126.95935805328190326690673828125">
        <ele>64</ele>
        <time>2026-04-10T14:30:15.000Z</time>
        <extensions>
          <ns3:TrackPointExtension>
            <ns3:hr>137</ns3:hr>
            <ns3:cad>83</ns3:cad>
          </ns3:TrackPointExtension>
        </extensions>
      </trkpt>
      <trkpt lat="37.471185810863971710205078125" lon="126.959351599216461181640625">
        <ele>64</ele>
        <time>2026-04-10T14:30:16.000Z</time>
        <extensions>
          <ns3:TrackPointExtension>
            <ns3:hr>137</ns3:hr>
            <ns3:cad>83</ns3:cad>
          </ns3:TrackPointExtension>
        </extensions>
      </trkpt>
      <trkpt lat="37.4711484275758266448974609375" lon="126.9593296386301517486572265625">
        <ele>64.1999969482421875</ele>
        <time>2026-04-10T14:30:17.000Z</time>
        <extensions>
          <ns3:TrackPointExtension>
            <ns3:hr>138</ns3:hr>
            <ns3:cad>83</ns3:cad>
          </ns3:TrackPointExtension>
        </extensions>
      </trkpt>
      <trkpt lat="37.47112437151372432708740234375" lon="126.95931874215602874755859375">
        <ele>64.1999969482421875</ele>
        <time>2026-04-10T14:30:18.000Z</time>
        <extensions>
          <ns3:TrackPointExtension>
            <ns3:hr>139</ns3:hr>
            <ns3:cad>83</ns3:cad>
          </ns3:TrackPointExtension>
        </extensions>
      </trkpt>
      <trkpt lat="37.47109671123325824737548828125" lon="126.95930507965385913848876953125">
        <ele>64.40000152587890625</ele>
        <time>2026-04-10T14:30:19.000Z</time>
        <extensions>
          <ns3:TrackPointExtension>
            <ns3:hr>139</ns3:hr>
            <ns3:cad>83</ns3:cad>
          </ns3:TrackPointExtension>
        </extensions>
      </trkpt>
      <trkpt lat="37.47107340954244136810302734375" lon="126.95928110741078853607177734375">
        <ele>64.40000152587890625</ele>
        <time>2026-04-10T14:30:20.000Z</time>
        <extensions>
          <ns3:TrackPointExtension>
            <ns3:hr>140</ns3:hr>
            <ns3:cad>83</ns3:cad>
          </ns3:TrackPointExtension>
        </extensions>
      </trkpt>
      <trkpt lat="37.471055723726749420166015625" lon="126.9592702947556972503662109375">
        <ele>64.40000152587890625</ele>
        <time>2026-04-10T14:30:21.000Z</time>
        <extensions>
          <ns3:TrackPointExtension>
            <ns3:hr>140</ns3:hr>
            <ns3:cad>83</ns3:cad>
          </ns3:TrackPointExtension>
        </extensions>
      </trkpt>
      <trkpt lat="37.47103099711239337921142578125" lon="126.959246657788753509521484375">
        <ele>64.40000152587890625</ele>
        <time>2026-04-10T14:30:22.000Z</time>
        <extensions>
          <ns3:TrackPointExtension>
            <ns3:hr>140</ns3:hr>
            <ns3:cad>83</ns3:cad>
          </ns3:TrackPointExtension>
        </extensions>
      </trkpt>
      <trkpt lat="37.47100702486932277679443359375" lon="126.9592226855456829071044921875">
        <ele>64.40000152587890625</ele>
        <time>2026-04-10T14:30:23.000Z</time>
        <extensions>
          <ns3:TrackPointExtension>
            <ns3:hr>140</ns3:hr>
            <ns3:cad>83</ns3:cad>
          </ns3:TrackPointExtension>
        </extensions>
      </trkpt>
      <trkpt lat="37.47098322026431560516357421875" lon="126.959198378026485443115234375">
        <ele>64.40000152587890625</ele>
        <time>2026-04-10T14:30:24.000Z</time>
        <extensions>
          <ns3:TrackPointExtension>
            <ns3:hr>140</ns3:hr>
            <ns3:cad>83</ns3:cad>
          </ns3:TrackPointExtension>
        </extensions>
      </trkpt>
      <trkpt lat="37.4709641933441162109375" lon="126.9591606594622135162353515625">
        <ele>64.40000152587890625</ele>
        <time>2026-04-10T14:30:25.000Z</time>
        <extensions>
          <ns3:TrackPointExtension>
            <ns3:hr>141</ns3:hr>
            <ns3:cad>83</ns3:cad>
          </ns3:TrackPointExtension>
        </extensions>
      </trkpt>
      <trkpt lat="37.47094633989036083221435546875" lon="126.9591415487229824066162109375">
        <ele>64.40000152587890625</ele>
        <time>2026-04-10T14:30:26.000Z</time>
        <extensions>
          <ns3:TrackPointExtension>
            <ns3:hr>140</ns3:hr>
            <ns3:cad>83</ns3:cad>
          </ns3:TrackPointExtension>
        </extensions>
      </trkpt>
      <trkpt lat="37.47092521749436855316162109375" lon="126.959104835987091064453125">
        <ele>64.40000152587890625</ele>
        <time>2026-04-10T14:30:27.000Z</time>
        <extensions>
          <ns3:TrackPointExtension>
            <ns3:hr>141</ns3:hr>
            <ns3:cad>83</ns3:cad>
          </ns3:TrackPointExtension>
        </extensions>
      </trkpt>
      <trkpt lat="37.47091113589704036712646484375" lon="126.95907332003116607666015625">
        <ele>64.59999847412109375</ele>
        <time>2026-04-10T14:30:28.000Z</time>
        <extensions>
          <ns3:TrackPointExtension>
            <ns3:hr>140</ns3:hr>
            <ns3:cad>83</ns3:cad>
          </ns3:TrackPointExtension>
        </extensions>
      </trkpt>
      <trkpt lat="37.47089646756649017333984375" lon="126.95904389955103397369384765625">
        <ele>64.59999847412109375</ele>
        <time>2026-04-10T14:30:29.000Z</time>
        <extensions>
          <ns3:TrackPointExtension>
            <ns3:hr>140</ns3:hr>
            <ns3:cad>83</ns3:cad>
          </ns3:TrackPointExtension>
        </extensions>
      </trkpt>
      <trkpt lat="37.47087861411273479461669921875" lon="126.9590057618916034698486328125">
        <ele>64.59999847412109375</ele>
        <time>2026-04-10T14:30:30.000Z</time>
        <extensions>
          <ns3:TrackPointExtension>
            <ns3:hr>141</ns3:hr>
            <ns3:cad>83</ns3:cad>
          </ns3:TrackPointExtension>
        </extensions>
      </trkpt>
      <trkpt lat="37.47086470015347003936767578125" lon="126.9589849747717380523681640625">
        <ele>64.59999847412109375</ele>
        <time>2026-04-10T14:30:31.000Z</time>
        <extensions>
          <ns3:TrackPointExtension>
            <ns3:hr>141</ns3:hr>
            <ns3:cad>82</ns3:cad>
          </ns3:TrackPointExtension>
        </extensions>
      </trkpt>
      <trkpt lat="37.47084491886198520660400390625" lon="126.95895270444452762603759765625">
        <ele>64.8000030517578125</ele>
        <time>2026-04-10T14:30:32.000Z</time>
        <extensions>
          <ns3:TrackPointExtension>
            <ns3:hr>141</ns3:hr>
            <ns3:cad>82</ns3:cad>
          </ns3:TrackPointExtension>
        </extensions>
      </trkpt>
      <trkpt lat="37.47082765214145183563232421875" lon="126.958921439945697784423828125">
        <ele>64.8000030517578125</ele>
        <time>2026-04-10T14:30:33.000Z</time>
        <extensions>
          <ns3:TrackPointExtension>
            <ns3:hr>141</ns3:hr>
            <ns3:cad>82</ns3:cad>
          </ns3:TrackPointExtension>
        </extensions>
      </trkpt>
      <trkpt lat="37.4708165042102336883544921875" lon="126.95889922790229320526123046875">
        <ele>65</ele>
        <time>2026-04-10T14:30:34.000Z</time>
        <extensions>
          <ns3:TrackPointExtension>
            <ns3:hr>141</ns3:hr>
            <ns3:cad>82</ns3:cad>
          </ns3:TrackPointExtension>
        </extensions>
      </trkpt>
      <trkpt lat="37.47079529799520969390869140625" lon="126.95886402390897274017333984375">
        <ele>65.1999969482421875</ele>
        <time>2026-04-10T14:30:35.000Z</time>
        <extensions>
          <ns3:TrackPointExtension>
            <ns3:hr>141</ns3:hr>
            <ns3:cad>83</ns3:cad>
          </ns3:TrackPointExtension>
        </extensions>
      </trkpt>
      <trkpt lat="37.4707750976085662841796875" lon="126.958842985332012176513671875">
        <ele>65.1999969482421875</ele>
        <time>2026-04-10T14:30:36.000Z</time>
        <extensions>
          <ns3:TrackPointExtension>
            <ns3:hr>141</ns3:hr>
            <ns3:cad>83</ns3:cad>
          </ns3:TrackPointExtension>
        </extensions>
      </trkpt>
      <trkpt lat="37.47075573541224002838134765625" lon="126.958820521831512451171875">
        <ele>65.40000152587890625</ele>
        <time>2026-04-10T14:30:37.000Z</time>
        <extensions>
          <ns3:TrackPointExtension>
            <ns3:hr>141</ns3:hr>
            <ns3:cad>83</ns3:cad>
          </ns3:TrackPointExtension>
        </extensions>
      </trkpt>
      <trkpt lat="37.470738552510738372802734375" lon="126.95879177190363407135009765625">
        <ele>65.40000152587890625</ele>
        <time>2026-04-10T14:30:38.000Z</time>
        <extensions>
          <ns3:TrackPointExtension>
            <ns3:hr>141</ns3:hr>
            <ns3:cad>83</ns3:cad>
          </ns3:TrackPointExtension>
        </extensions>
      </trkpt>
      <trkpt lat="37.470721788704395294189453125" lon="126.95877769030630588531494140625">
        <ele>65.40000152587890625</ele>
        <time>2026-04-10T14:30:39.000Z</time>
        <extensions>
          <ns3:TrackPointExtension>
            <ns3:hr>141</ns3:hr>
            <ns3:cad>83</ns3:cad>
          </ns3:TrackPointExtension>
        </extensions>
      </trkpt>
      <trkpt lat="37.47069790028035640716552734375" lon="126.95874718017876148223876953125">
        <ele>65.59999847412109375</ele>
        <time>2026-04-10T14:30:40.000Z</time>
        <extensions>
          <ns3:TrackPointExtension>
            <ns3:hr>141</ns3:hr>
            <ns3:cad>82</ns3:cad>
          </ns3:TrackPointExtension>
        </extensions>
      </trkpt>
      <trkpt lat="37.4706850759685039520263671875" lon="126.9587150774896144866943359375">
        <ele>65.59999847412109375</ele>
        <time>2026-04-10T14:30:41.000Z</time>
        <extensions>
          <ns3:TrackPointExtension>
            <ns3:hr>141</ns3:hr>
            <ns3:cad>82</ns3:cad>
          </ns3:TrackPointExtension>
        </extensions>
      </trkpt>
      <trkpt lat="37.470669485628604888916015625" lon="126.9586859084665775299072265625">
        <ele>65.59999847412109375</ele>
        <time>2026-04-10T14:30:42.000Z</time>
        <extensions>
          <ns3:TrackPointExtension>
            <ns3:hr>141</ns3:hr>
            <ns3:cad>82</ns3:cad>
          </ns3:TrackPointExtension>
        </extensions>
      </trkpt>
      <trkpt lat="37.4706517159938812255859375" lon="126.9586517103016376495361328125">
        <ele>65.59999847412109375</ele>
        <time>2026-04-10T14:30:43.000Z</time>
        <extensions>
          <ns3:TrackPointExtension>
            <ns3:hr>141</ns3:hr>
            <ns3:cad>83</ns3:cad>
          </ns3:TrackPointExtension>
        </extensions>
      </trkpt>
      <trkpt lat="37.47063654474914073944091796875" lon="126.958624385297298431396484375">
        <ele>65.8000030517578125</ele>
        <time>2026-04-10T14:30:44.000Z</time>
        <extensions>
          <ns3:TrackPointExtension>
            <ns3:hr>141</ns3:hr>
            <ns3:cad>83</ns3:cad>
          </ns3:TrackPointExtension>
        </extensions>
      </trkpt>
      <trkpt lat="37.47061659581959247589111328125" lon="126.958596222102642059326171875">
        <ele>65.8000030517578125</ele>
        <time>2026-04-10T14:30:45.000Z</time>
        <extensions>
          <ns3:TrackPointExtension>
            <ns3:hr>141</ns3:hr>
            <ns3:cad>83</ns3:cad>
          </ns3:TrackPointExtension>
        </extensions>
      </trkpt>
      <trkpt lat="37.47060284949839115142822265625" lon="126.9585688970983028411865234375">
        <ele>66</ele>
        <time>2026-04-10T14:30:46.000Z</time>
        <extensions>
          <ns3:TrackPointExtension>
            <ns3:hr>141</ns3:hr>
            <ns3:cad>83</ns3:cad>
          </ns3:TrackPointExtension>
        </extensions>
      </trkpt>
      <trkpt lat="37.4705871753394603729248046875" lon="126.958546936511993408203125">
        <ele>66</ele>
        <time>2026-04-10T14:30:47.000Z</time>
        <extensions>
          <ns3:TrackPointExtension>
            <ns3:hr>141</ns3:hr>
            <ns3:cad>83</ns3:cad>
          </ns3:TrackPointExtension>
        </extensions>
      </trkpt>
      <trkpt lat="37.47056814841926097869873046875" lon="126.9585149176418781280517578125">
        <ele>66</ele>
        <time>2026-04-10T14:30:48.000Z</time>
        <extensions>
          <ns3:TrackPointExtension>
            <ns3:hr>142</ns3:hr>
            <ns3:cad>83</ns3:cad>
          </ns3:TrackPointExtension>
        </extensions>
      </trkpt>
      <trkpt lat="37.47055138461291790008544921875" lon="126.95848449133336544036865234375">
        <ele>66.1999969482421875</ele>
        <time>2026-04-10T14:30:49.000Z</time>
        <extensions>
          <ns3:TrackPointExtension>
            <ns3:hr>141</ns3:hr>
            <ns3:cad>83</ns3:cad>
          </ns3:TrackPointExtension>
        </extensions>
      </trkpt>
      <trkpt lat="37.470540069043636322021484375" lon="126.958452053368091583251953125">
        <ele>66.1999969482421875</ele>
        <time>2026-04-10T14:30:50.000Z</time>
        <extensions>
          <ns3:TrackPointExtension>
            <ns3:hr>141</ns3:hr>
            <ns3:cad>83</ns3:cad>
          </ns3:TrackPointExtension>
        </extensions>
      </trkpt>
      <trkpt lat="37.47053964994847774505615234375" lon="126.9584061205387115478515625">
        <ele>66.1999969482421875</ele>
        <time>2026-04-10T14:30:51.000Z</time>
        <extensions>
          <ns3:TrackPointExtension>
            <ns3:hr>142</ns3:hr>
            <ns3:cad>83</ns3:cad>
          </ns3:TrackPointExtension>
        </extensions>
      </trkpt>
      <trkpt lat="37.4705613590776920318603515625" lon="126.958382315933704376220703125">
        <ele>66.1999969482421875</ele>
        <time>2026-04-10T14:30:52.000Z</time>
        <extensions>
          <ns3:TrackPointExtension>
            <ns3:hr>142</ns3:hr>
            <ns3:cad>83</ns3:cad>
          </ns3:TrackPointExtension>
        </extensions>
      </trkpt>
      <trkpt lat="37.4705891869962215423583984375" lon="126.95836278609931468963623046875">
        <ele>66.1999969482421875</ele>
        <time>2026-04-10T14:30:53.000Z</time>
        <extensions>
          <ns3:TrackPointExtension>
            <ns3:hr>142</ns3:hr>
            <ns3:cad>83</ns3:cad>
          </ns3:TrackPointExtension>
        </extensions>
      </trkpt>
      <trkpt lat="37.4706208705902099609375" lon="126.958368234336376190185546875">
        <ele>66.1999969482421875</ele>
        <time>2026-04-10T14:30:54.000Z</time>
        <extensions>
          <ns3:TrackPointExtension>
            <ns3:hr>142</ns3:hr>
            <ns3:cad>83</ns3:cad>
          </ns3:TrackPointExtension>
        </extensions>
      </trkpt>
      <trkpt lat="37.4706488661468029022216796875" lon="126.9583685696125030517578125">
        <ele>66.1999969482421875</ele>
        <time>2026-04-10T14:30:55.000Z</time>
        <extensions>
          <ns3:TrackPointExtension>
            <ns3:hr>143</ns3:hr>
            <ns3:cad>82</ns3:cad>
          </ns3:TrackPointExtension>
        </extensions>
      </trkpt>
      <trkpt lat="37.4706864170730113983154296875" lon="126.95837787352502346038818359375">
        <ele>66</ele>
        <time>2026-04-10T14:30:56.000Z</time>
        <extensions>
          <ns3:TrackPointExtension>
            <ns3:hr>143</ns3:hr>
            <ns3:cad>82</ns3:cad>
          </ns3:TrackPointExtension>
        </extensions>
      </trkpt>
      <trkpt lat="37.47071952559053897857666015625" lon="126.95838156156241893768310546875">
        <ele>66</ele>
        <time>2026-04-10T14:30:57.000Z</time>
        <extensions>
          <ns3:TrackPointExtension>
            <ns3:hr>143</ns3:hr>
            <ns3:cad>82</ns3:cad>
          </ns3:TrackPointExtension>
        </extensions>
      </trkpt>
      <trkpt lat="37.47075162827968597412109375" lon="126.95838826708495616912841796875">
        <ele>66</ele>
        <time>2026-04-10T14:30:58.000Z</time>
        <extensions>
          <ns3:TrackPointExtension>
            <ns3:hr>144</ns3:hr>
            <ns3:cad>82</ns3:cad>
          </ns3:TrackPointExtension>
        </extensions>
      </trkpt>
      <trkpt lat="37.47078607790172100067138671875" lon="126.9584036059677600860595703125">
        <ele>66</ele>
        <time>2026-04-10T14:30:59.000Z</time>
        <extensions>
          <ns3:TrackPointExtension>
            <ns3:hr>144</ns3:hr>
            <ns3:cad>82</ns3:cad>
          </ns3:TrackPointExtension>
        </extensions>
      </trkpt>
      <trkpt lat="37.47080795466899871826171875" lon="126.958409138023853302001953125">
        <ele>66</ele>
        <time>2026-04-10T14:31:00.000Z</time>
        <extensions>
          <ns3:TrackPointExtension>
            <ns3:hr>145</ns3:hr>
            <ns3:cad>82</ns3:cad>
          </ns3:TrackPointExtension>
        </extensions>
      </trkpt>
      <trkpt lat="37.470838129520416259765625" lon="126.95841978304088115692138671875">
        <ele>66</ele>
        <time>2026-04-10T14:31:01.000Z</time>
        <extensions>
          <ns3:TrackPointExtension>
            <ns3:hr>145</ns3:hr>
            <ns3:cad>82</ns3:cad>
          </ns3:TrackPointExtension>
        </extensions>
      </trkpt>
      <trkpt lat="37.470864951610565185546875" lon="126.958425231277942657470703125">
        <ele>66</ele>
        <time>2026-04-10T14:31:02.000Z</time>
        <extensions>
          <ns3:TrackPointExtension>
            <ns3:hr>146</ns3:hr>
            <ns3:cad>82</ns3:cad>
          </ns3:TrackPointExtension>
        </extensions>
      </trkpt>
      <trkpt lat="37.4708936177194118499755859375" lon="126.9584290869534015655517578125">
        <ele>65.8000030517578125</ele>
        <time>2026-04-10T14:31:03.000Z</time>
        <extensions>
          <ns3:TrackPointExtension>
            <ns3:hr>147</ns3:hr>
            <ns3:cad>82</ns3:cad>
          </ns3:TrackPointExtension>
        </extensions>
      </trkpt>
      <trkpt lat="37.4709264747798442840576171875" lon="126.95845046080648899078369140625">
        <ele>65.8000030517578125</ele>
        <time>2026-04-10T14:31:04.000Z</time>
        <extensions>
          <ns3:TrackPointExtension>
            <ns3:hr>147</ns3:hr>
            <ns3:cad>83</ns3:cad>
          </ns3:TrackPointExtension>
        </extensions>
      </trkpt>
      <trkpt lat="37.470949776470661163330078125" lon="126.95845775306224822998046875">
        <ele>65.8000030517578125</ele>
        <time>2026-04-10T14:31:05.000Z</time>
        <extensions>
          <ns3:TrackPointExtension>
            <ns3:hr>148</ns3:hr>
            <ns3:cad>83</ns3:cad>
          </ns3:TrackPointExtension>
        </extensions>
      </trkpt>
      <trkpt lat="37.4709856510162353515625" lon="126.95847024209797382354736328125">
        <ele>65.59999847412109375</ele>
        <time>2026-04-10T14:31:06.000Z</time>
        <extensions>
          <ns3:TrackPointExtension>
            <ns3:hr>148</ns3:hr>
            <ns3:cad>83</ns3:cad>
          </ns3:TrackPointExtension>
        </extensions>
      </trkpt>
      <trkpt lat="37.4710153229534626007080078125" lon="126.95848063565790653228759765625">
        <ele>65.59999847412109375</ele>
        <time>2026-04-10T14:31:07.000Z</time>
        <extensions>
          <ns3:TrackPointExtension>
            <ns3:hr>148</ns3:hr>
            <ns3:cad>83</ns3:cad>
          </ns3:TrackPointExtension>
        </extensions>
      </trkpt>
      <trkpt lat="37.4710404686629772186279296875" lon="126.9584874249994754791259765625">
        <ele>65.59999847412109375</ele>
        <time>2026-04-10T14:31:08.000Z</time>
        <extensions>
          <ns3:TrackPointExtension>
            <ns3:hr>149</ns3:hr>
            <ns3:cad>83</ns3:cad>
          </ns3:TrackPointExtension>
        </extensions>
      </trkpt>
      <trkpt lat="37.47107885777950286865234375" lon="126.958508379757404327392578125">
        <ele>65.59999847412109375</ele>
        <time>2026-04-10T14:31:09.000Z</time>
        <extensions>
          <ns3:TrackPointExtension>
            <ns3:hr>149</ns3:hr>
            <ns3:cad>83</ns3:cad>
          </ns3:TrackPointExtension>
        </extensions>
      </trkpt>
      <trkpt lat="37.4711008183658123016357421875" lon="126.9585132412612438201904296875">
        <ele>65.59999847412109375</ele>
        <time>2026-04-10T14:31:10.000Z</time>
        <extensions>
          <ns3:TrackPointExtension>
            <ns3:hr>148</ns3:hr>
            <ns3:cad>83</ns3:cad>
          </ns3:TrackPointExtension>
        </extensions>
      </trkpt>
      <trkpt lat="37.47113392688333988189697265625" lon="126.95851801894605159759521484375">
        <ele>65.59999847412109375</ele>
        <time>2026-04-10T14:31:11.000Z</time>
        <extensions>
          <ns3:TrackPointExtension>
            <ns3:hr>148</ns3:hr>
            <ns3:cad>83</ns3:cad>
          </ns3:TrackPointExtension>
        </extensions>
      </trkpt>
      <trkpt lat="37.47116493992507457733154296875" lon="126.95852958597242832183837890625">
        <ele>65.59999847412109375</ele>
        <time>2026-04-10T14:31:12.000Z</time>
        <extensions>
          <ns3:TrackPointExtension>
            <ns3:hr>148</ns3:hr>
            <ns3:cad>83</ns3:cad>
          </ns3:TrackPointExtension>
        </extensions>
      </trkpt>
      <trkpt lat="37.471191175282001495361328125" lon="126.9585316814482212066650390625">
        <ele>65.59999847412109375</ele>
        <time>2026-04-10T14:31:13.000Z</time>
        <extensions>
          <ns3:TrackPointExtension>
            <ns3:hr>148</ns3:hr>
            <ns3:cad>82</ns3:cad>
          </ns3:TrackPointExtension>
        </extensions>
      </trkpt>
      <trkpt lat="37.47122847475111484527587890625" lon="126.95853847078979015350341796875">
        <ele>65.40000152587890625</ele>
        <time>2026-04-10T14:31:14.000Z</time>
        <extensions>
          <ns3:TrackPointExtension>
            <ns3:hr>148</ns3:hr>
            <ns3:cad>82</ns3:cad>
          </ns3:TrackPointExtension>
        </extensions>
      </trkpt>
      <trkpt lat="37.47125529684126377105712890625" lon="126.95853461511433124542236328125">
        <ele>65.40000152587890625</ele>
        <time>2026-04-10T14:31:15.000Z</time>
        <extensions>
          <ns3:TrackPointExtension>
            <ns3:hr>148</ns3:hr>
            <ns3:cad>82</ns3:cad>
          </ns3:TrackPointExtension>
        </extensions>
      </trkpt>
      <trkpt lat="37.47128781862556934356689453125" lon="126.95853545330464839935302734375">
        <ele>65.1999969482421875</ele>
        <time>2026-04-10T14:31:16.000Z</time>
        <extensions>
          <ns3:TrackPointExtension>
            <ns3:hr>148</ns3:hr>
            <ns3:cad>83</ns3:cad>
          </ns3:TrackPointExtension>
        </extensions>
      </trkpt>
      <trkpt lat="37.47132025659084320068359375" lon="126.9585514627397060394287109375">
        <ele>65.1999969482421875</ele>
        <time>2026-04-10T14:31:17.000Z</time>
        <extensions>
          <ns3:TrackPointExtension>
            <ns3:hr>148</ns3:hr>
            <ns3:cad>83</ns3:cad>
          </ns3:TrackPointExtension>
        </extensions>
      </trkpt>
      <trkpt lat="37.47134280391037464141845703125" lon="126.95855238474905490875244140625">
        <ele>65.1999969482421875</ele>
        <time>2026-04-10T14:31:18.000Z</time>
        <extensions>
          <ns3:TrackPointExtension>
            <ns3:hr>148</ns3:hr>
            <ns3:cad>83</ns3:cad>
          </ns3:TrackPointExtension>
        </extensions>
      </trkpt>
      <trkpt lat="37.47137750498950481414794921875" lon="126.9585591740906238555908203125">
        <ele>65</ele>
        <time>2026-04-10T14:31:19.000Z</time>
        <extensions>
          <ns3:TrackPointExtension>
            <ns3:hr>148</ns3:hr>
            <ns3:cad>83</ns3:cad>
          </ns3:TrackPointExtension>
        </extensions>
      </trkpt>
      <trkpt lat="37.47140499763190746307373046875" lon="126.9585585035383701324462890625">
        <ele>65</ele>
        <time>2026-04-10T14:31:20.000Z</time>
        <extensions>
          <ns3:TrackPointExtension>
            <ns3:hr>147</ns3:hr>
            <ns3:cad>83</ns3:cad>
          </ns3:TrackPointExtension>
        </extensions>
      </trkpt>
      <trkpt lat="37.471431232988834381103515625" lon="126.9585601799190044403076171875">
        <ele>64.8000030517578125</ele>
        <time>2026-04-10T14:31:21.000Z</time>
        <extensions>
          <ns3:TrackPointExtension>
            <ns3:hr>147</ns3:hr>
            <ns3:cad>83</ns3:cad>
          </ns3:TrackPointExtension>
        </extensions>
      </trkpt>
      <trkpt lat="37.4714686162769794464111328125" lon="126.95857216604053974151611328125">
        <ele>64.8000030517578125</ele>
        <time>2026-04-10T14:31:22.000Z</time>
        <extensions>
          <ns3:TrackPointExtension>
            <ns3:hr>147</ns3:hr>
            <ns3:cad>83</ns3:cad>
          </ns3:TrackPointExtension>
        </extensions>
      </trkpt>
      <trkpt lat="37.47149669565260410308837890625" lon="126.95857836864888668060302734375">
        <ele>64.8000030517578125</ele>
        <time>2026-04-10T14:31:23.000Z</time>
        <extensions>
          <ns3:TrackPointExtension>
            <ns3:hr>147</ns3:hr>
            <ns3:cad>83</ns3:cad>
          </ns3:TrackPointExtension>
        </extensions>
      </trkpt>
      <trkpt lat="37.4715328216552734375" lon="126.958587504923343658447265625">
        <ele>64.8000030517578125</ele>
        <time>2026-04-10T14:31:24.000Z</time>
        <extensions>
          <ns3:TrackPointExtension>
            <ns3:hr>147</ns3:hr>
            <ns3:cad>83</ns3:cad>
          </ns3:TrackPointExtension>
        </extensions>
      </trkpt>
      <trkpt lat="37.47155964374542236328125" lon="126.95859412662684917449951171875">
        <ele>64.8000030517578125</ele>
        <time>2026-04-10T14:31:25.000Z</time>
        <extensions>
          <ns3:TrackPointExtension>
            <ns3:hr>147</ns3:hr>
            <ns3:cad>83</ns3:cad>
          </ns3:TrackPointExtension>
        </extensions>
      </trkpt>
      <trkpt lat="37.47158336453139781951904296875" lon="126.9585980661213397979736328125">
        <ele>64.59999847412109375</ele>
        <time>2026-04-10T14:31:26.000Z</time>
        <extensions>
          <ns3:TrackPointExtension>
            <ns3:hr>147</ns3:hr>
            <ns3:cad>83</ns3:cad>
          </ns3:TrackPointExtension>
        </extensions>
      </trkpt>
      <trkpt lat="37.47161664068698883056640625" lon="126.95861524902284145355224609375">
        <ele>64.59999847412109375</ele>
        <time>2026-04-10T14:31:27.000Z</time>
        <extensions>
          <ns3:TrackPointExtension>
            <ns3:hr>146</ns3:hr>
            <ns3:cad>83</ns3:cad>
          </ns3:TrackPointExtension>
        </extensions>
      </trkpt>
      <trkpt lat="37.471645139157772064208984375" lon="126.9586155004799365997314453125">
        <ele>64.40000152587890625</ele>
        <time>2026-04-10T14:31:28.000Z</time>
        <extensions>
          <ns3:TrackPointExtension>
            <ns3:hr>146</ns3:hr>
            <ns3:cad>84</ns3:cad>
          </ns3:TrackPointExtension>
        </extensions>
      </trkpt>
      <trkpt lat="37.47167657129466533660888671875" lon="126.9586175121366977691650390625">
        <ele>64.1999969482421875</ele>
        <time>2026-04-10T14:31:29.000Z</time>
        <extensions>
          <ns3:TrackPointExtension>
            <ns3:hr>146</ns3:hr>
            <ns3:cad>84</ns3:cad>
          </ns3:TrackPointExtension>
        </extensions>
      </trkpt>
      <trkpt lat="37.47170674614608287811279296875" lon="126.95862581022083759307861328125">
        <ele>64.1999969482421875</ele>
        <time>2026-04-10T14:31:30.000Z</time>
        <extensions>
          <ns3:TrackPointExtension>
            <ns3:hr>146</ns3:hr>
            <ns3:cad>84</ns3:cad>
          </ns3:TrackPointExtension>
        </extensions>
      </trkpt>
      <trkpt lat="37.4717344902455806732177734375" lon="126.9586312584578990936279296875">
        <ele>64.1999969482421875</ele>
        <time>2026-04-10T14:31:31.000Z</time>
        <extensions>
          <ns3:TrackPointExtension>
            <ns3:hr>146</ns3:hr>
            <ns3:cad>83</ns3:cad>
          </ns3:TrackPointExtension>
        </extensions>
      </trkpt>
      <trkpt lat="37.4717676825821399688720703125" lon="126.95864173583686351776123046875">
        <ele>64.1999969482421875</ele>
        <time>2026-04-10T14:31:32.000Z</time>
        <extensions>
          <ns3:TrackPointExtension>
            <ns3:hr>145</ns3:hr>
            <ns3:cad>83</ns3:cad>
          </ns3:TrackPointExtension>
        </extensions>
      </trkpt>
      <trkpt lat="37.47179358266294002532958984375" lon="126.95864357985556125640869140625">
        <ele>64</ele>
        <time>2026-04-10T14:31:33.000Z</time>
        <extensions>
          <ns3:TrackPointExtension>
            <ns3:hr>145</ns3:hr>
            <ns3:cad>83</ns3:cad>
          </ns3:TrackPointExtension>
        </extensions>
      </trkpt>
      <trkpt lat="37.47182861901819705963134765625" lon="126.95865196175873279571533203125">
        <ele>64</ele>
        <time>2026-04-10T14:31:34.000Z</time>
        <extensions>
          <ns3:TrackPointExtension>
            <ns3:hr>145</ns3:hr>
            <ns3:cad>82</ns3:cad>
          </ns3:TrackPointExtension>
        </extensions>
      </trkpt>
      <trkpt lat="37.47185803949832916259765625" lon="126.95866654627025127410888671875">
        <ele>63.799999237060546875</ele>
        <time>2026-04-10T14:31:35.000Z</time>
        <extensions>
          <ns3:TrackPointExtension>
            <ns3:hr>145</ns3:hr>
            <ns3:cad>82</ns3:cad>
          </ns3:TrackPointExtension>
        </extensions>
      </trkpt>
      <trkpt lat="37.47188217937946319580078125" lon="126.95867258124053478240966796875">
        <ele>63.799999237060546875</ele>
        <time>2026-04-10T14:31:36.000Z</time>
        <extensions>
          <ns3:TrackPointExtension>
            <ns3:hr>145</ns3:hr>
            <ns3:cad>83</ns3:cad>
          </ns3:TrackPointExtension>
        </extensions>
      </trkpt>
      <trkpt lat="37.47191964648663997650146484375" lon="126.9586845673620700836181640625">
        <ele>63.799999237060546875</ele>
        <time>2026-04-10T14:31:37.000Z</time>
        <extensions>
          <ns3:TrackPointExtension>
            <ns3:hr>145</ns3:hr>
            <ns3:cad>83</ns3:cad>
          </ns3:TrackPointExtension>
        </extensions>
      </trkpt>
      <trkpt lat="37.4719473905861377716064453125" lon="126.958691775798797607421875">
        <ele>63.59999847412109375</ele>
        <time>2026-04-10T14:31:38.000Z</time>
        <extensions>
          <ns3:TrackPointExtension>
            <ns3:hr>144</ns3:hr>
            <ns3:cad>83</ns3:cad>
          </ns3:TrackPointExtension>
        </extensions>
      </trkpt>
      <trkpt lat="37.4719742126762866973876953125" lon="126.95870191790163516998291015625">
        <ele>63.40000152587890625</ele>
        <time>2026-04-10T14:31:39.000Z</time>
        <extensions>
          <ns3:TrackPointExtension>
            <ns3:hr>144</ns3:hr>
            <ns3:cad>83</ns3:cad>
          </ns3:TrackPointExtension>
        </extensions>
      </trkpt>
      <trkpt lat="37.4720100872218608856201171875" lon="126.95871784351766109466552734375">
        <ele>63.40000152587890625</ele>
        <time>2026-04-10T14:31:40.000Z</time>
        <extensions>
          <ns3:TrackPointExtension>
            <ns3:hr>144</ns3:hr>
            <ns3:cad>83</ns3:cad>
          </ns3:TrackPointExtension>
        </extensions>
      </trkpt>
      <trkpt lat="37.472038082778453826904296875" lon="126.95872387848794460296630859375">
        <ele>63.200000762939453125</ele>
        <time>2026-04-10T14:31:41.000Z</time>
        <extensions>
          <ns3:TrackPointExtension>
            <ns3:hr>144</ns3:hr>
            <ns3:cad>83</ns3:cad>
          </ns3:TrackPointExtension>
        </extensions>
      </trkpt>
      <trkpt lat="37.472078986465930938720703125" lon="126.95873125456273555755615234375">
        <ele>63.200000762939453125</ele>
        <time>2026-04-10T14:31:42.000Z</time>
        <extensions>
          <ns3:TrackPointExtension>
            <ns3:hr>143</ns3:hr>
            <ns3:cad>83</ns3:cad>
          </ns3:TrackPointExtension>
        </extensions>
      </trkpt>
      <trkpt lat="37.4721083231270313262939453125" lon="126.958743073046207427978515625">
        <ele>63</ele>
        <time>2026-04-10T14:31:43.000Z</time>
        <extensions>
          <ns3:TrackPointExtension>
            <ns3:hr>143</ns3:hr>
            <ns3:cad>83</ns3:cad>
          </ns3:TrackPointExtension>
        </extensions>
      </trkpt>
      <trkpt lat="37.47213439084589481353759765625" lon="126.95875539444386959075927734375">
        <ele>63</ele>
        <time>2026-04-10T14:31:44.000Z</time>
        <extensions>
          <ns3:TrackPointExtension>
            <ns3:hr>143</ns3:hr>
            <ns3:cad>83</ns3:cad>
          </ns3:TrackPointExtension>
        </extensions>
      </trkpt>
      <trkpt lat="37.47216976247727870941162109375" lon="126.95878364145755767822265625">
        <ele>63</ele>
        <time>2026-04-10T14:31:45.000Z</time>
        <extensions>
          <ns3:TrackPointExtension>
            <ns3:hr>143</ns3:hr>
            <ns3:cad>83</ns3:cad>
          </ns3:TrackPointExtension>
        </extensions>
      </trkpt>
      <trkpt lat="37.472192309796810150146484375" lon="126.958803422749042510986328125">
        <ele>63</ele>
        <time>2026-04-10T14:31:46.000Z</time>
        <extensions>
          <ns3:TrackPointExtension>
            <ns3:hr>143</ns3:hr>
            <ns3:cad>84</ns3:cad>
          </ns3:TrackPointExtension>
        </extensions>
      </trkpt>
      <trkpt lat="37.472209073603153228759765625" lon="126.9588406383991241455078125">
        <ele>63</ele>
        <time>2026-04-10T14:31:47.000Z</time>
        <extensions>
          <ns3:TrackPointExtension>
            <ns3:hr>142</ns3:hr>
            <ns3:cad>84</ns3:cad>
          </ns3:TrackPointExtension>
        </extensions>
      </trkpt>
      <trkpt lat="37.47221921570599079132080078125" lon="126.95888631977140903472900390625">
        <ele>63</ele>
        <time>2026-04-10T14:31:48.000Z</time>
        <extensions>
          <ns3:TrackPointExtension>
            <ns3:hr>142</ns3:hr>
            <ns3:cad>83</ns3:cad>
          </ns3:TrackPointExtension>
        </extensions>
      </trkpt>
      <trkpt lat="37.4722186289727687835693359375" lon="126.95892269723117351531982421875">
        <ele>63</ele>
        <time>2026-04-10T14:31:49.000Z</time>
        <extensions>
          <ns3:TrackPointExtension>
            <ns3:hr>142</ns3:hr>
            <ns3:cad>83</ns3:cad>
          </ns3:TrackPointExtension>
        </extensions>
      </trkpt>
      <trkpt lat="37.47221452184021472930908203125" lon="126.958963014185428619384765625">
        <ele>62.799999237060546875</ele>
        <time>2026-04-10T14:31:50.000Z</time>
        <extensions>
          <ns3:TrackPointExtension>
            <ns3:hr>142</ns3:hr>
            <ns3:cad>83</ns3:cad>
          </ns3:TrackPointExtension>
        </extensions>
      </trkpt>
      <trkpt lat="37.47219541110098361968994140625" lon="126.95898908190429210662841796875">
        <ele>62.799999237060546875</ele>
        <time>2026-04-10T14:31:51.000Z</time>
        <extensions>
          <ns3:TrackPointExtension>
            <ns3:hr>142</ns3:hr>
            <ns3:cad>83</ns3:cad>
          </ns3:TrackPointExtension>
        </extensions>
      </trkpt>
      <trkpt lat="37.47216691263020038604736328125" lon="126.959017328917980194091796875">
        <ele>62.799999237060546875</ele>
        <time>2026-04-10T14:31:52.000Z</time>
        <extensions>
          <ns3:TrackPointExtension>
            <ns3:hr>141</ns3:hr>
            <ns3:cad>83</ns3:cad>
          </ns3:TrackPointExtension>
        </extensions>
      </trkpt>
      <trkpt lat="37.47213841415941715240478515625" lon="126.959026716649532318115234375">
        <ele>62.59999847412109375</ele>
        <time>2026-04-10T14:31:53.000Z</time>
        <extensions>
          <ns3:TrackPointExtension>
            <ns3:hr>141</ns3:hr>
            <ns3:cad>83</ns3:cad>
          </ns3:TrackPointExtension>
        </extensions>
      </trkpt>
      <trkpt lat="37.472113855183124542236328125" lon="126.95903970859944820404052734375">
        <ele>62.59999847412109375</ele>
        <time>2026-04-10T14:31:54.000Z</time>
        <extensions>
          <ns3:TrackPointExtension>
            <ns3:hr>141</ns3:hr>
            <ns3:cad>82</ns3:cad>
          </ns3:TrackPointExtension>
        </extensions>
      </trkpt>
      <trkpt lat="37.47208057902753353118896484375" lon="126.9590587355196475982666015625">
        <ele>62.40000152587890625</ele>
        <time>2026-04-10T14:31:55.000Z</time>
        <extensions>
          <ns3:TrackPointExtension>
            <ns3:hr>141</ns3:hr>
            <ns3:cad>82</ns3:cad>
          </ns3:TrackPointExtension>
        </extensions>
      </trkpt>
      <trkpt lat="37.47204353101551532745361328125" lon="126.9590724818408489227294921875">
        <ele>62.40000152587890625</ele>
        <time>2026-04-10T14:31:56.000Z</time>
        <extensions>
          <ns3:TrackPointExtension>
            <ns3:hr>141</ns3:hr>
            <ns3:cad>82</ns3:cad>
          </ns3:TrackPointExtension>
        </extensions>
      </trkpt>
      <trkpt lat="37.47201318852603435516357421875" lon="126.95909016765654087066650390625">
        <ele>62.200000762939453125</ele>
        <time>2026-04-10T14:31:57.000Z</time>
        <extensions>
          <ns3:TrackPointExtension>
            <ns3:hr>141</ns3:hr>
            <ns3:cad>83</ns3:cad>
          </ns3:TrackPointExtension>
        </extensions>
      </trkpt>
      <trkpt lat="37.471973709762096405029296875" lon="126.95910894311964511871337890625">
        <ele>62.200000762939453125</ele>
        <time>2026-04-10T14:31:58.000Z</time>
        <extensions>
          <ns3:TrackPointExtension>
            <ns3:hr>141</ns3:hr>
            <ns3:cad>83</ns3:cad>
          </ns3:TrackPointExtension>
        </extensions>
      </trkpt>
      <trkpt lat="37.47194864787161350250244140625" lon="126.95912403054535388946533203125">
        <ele>62.200000762939453125</ele>
        <time>2026-04-10T14:31:59.000Z</time>
        <extensions>
          <ns3:TrackPointExtension>
            <ns3:hr>141</ns3:hr>
            <ns3:cad>83</ns3:cad>
          </ns3:TrackPointExtension>
        </extensions>
      </trkpt>
      <trkpt lat="37.47190958820283412933349609375" lon="126.9591381959617137908935546875">
        <ele>62</ele>
        <time>2026-04-10T14:32:00.000Z</time>
        <extensions>
          <ns3:TrackPointExtension>
            <ns3:hr>141</ns3:hr>
            <ns3:cad>83</ns3:cad>
          </ns3:TrackPointExtension>
        </extensions>
      </trkpt>
      <trkpt lat="37.47187840752303600311279296875" lon="126.959153115749359130859375">
        <ele>62</ele>
        <time>2026-04-10T14:32:01.000Z</time>
        <extensions>
          <ns3:TrackPointExtension>
            <ns3:hr>141</ns3:hr>
            <ns3:cad>83</ns3:cad>
          </ns3:TrackPointExtension>
        </extensions>
      </trkpt>
      <trkpt lat="37.47185778804123401641845703125" lon="126.9591680355370044708251953125">
        <ele>62</ele>
        <time>2026-04-10T14:32:02.000Z</time>
        <extensions>
          <ns3:TrackPointExtension>
            <ns3:hr>141</ns3:hr>
            <ns3:cad>83</ns3:cad>
          </ns3:TrackPointExtension>
        </extensions>
      </trkpt>
      <trkpt lat="37.471822835505008697509765625" lon="126.959182284772396087646484375">
        <ele>62</ele>
        <time>2026-04-10T14:32:03.000Z</time>
        <extensions>
          <ns3:TrackPointExtension>
            <ns3:hr>141</ns3:hr>
            <ns3:cad>83</ns3:cad>
          </ns3:TrackPointExtension>
        </extensions>
      </trkpt>
      <trkpt lat="37.47179634869098663330078125" lon="126.959193684160709381103515625">
        <ele>62</ele>
        <time>2026-04-10T14:32:04.000Z</time>
        <extensions>
          <ns3:TrackPointExtension>
            <ns3:hr>141</ns3:hr>
            <ns3:cad>83</ns3:cad>
          </ns3:TrackPointExtension>
        </extensions>
      </trkpt>
      <trkpt lat="37.471766173839569091796875" lon="126.9592054188251495361328125">
        <ele>62</ele>
        <time>2026-04-10T14:32:05.000Z</time>
        <extensions>
          <ns3:TrackPointExtension>
            <ns3:hr>141</ns3:hr>
            <ns3:cad>83</ns3:cad>
          </ns3:TrackPointExtension>
        </extensions>
      </trkpt>
      <trkpt lat="37.47173474170267581939697265625" lon="126.95921505801379680633544921875">
        <ele>62</ele>
        <time>2026-04-10T14:32:06.000Z</time>
        <extensions>
          <ns3:TrackPointExtension>
            <ns3:hr>141</ns3:hr>
            <ns3:cad>83</ns3:cad>
          </ns3:TrackPointExtension>
        </extensions>
      </trkpt>
      <trkpt lat="37.47171588242053985595703125" lon="126.95923215709626674652099609375">
        <ele>61.799999237060546875</ele>
        <time>2026-04-10T14:32:07.000Z</time>
        <extensions>
          <ns3:TrackPointExtension>
            <ns3:hr>140</ns3:hr>
            <ns3:cad>83</ns3:cad>
          </ns3:TrackPointExtension>
        </extensions>
      </trkpt>
      <trkpt lat="37.47168361209332942962646484375" lon="126.95924364030361175537109375">
        <ele>61.799999237060546875</ele>
        <time>2026-04-10T14:32:08.000Z</time>
        <extensions>
          <ns3:TrackPointExtension>
            <ns3:hr>140</ns3:hr>
            <ns3:cad>83</ns3:cad>
          </ns3:TrackPointExtension>
        </extensions>
      </trkpt>
      <trkpt lat="37.47165561653673648834228515625" lon="126.959252022206783294677734375">
        <ele>61.799999237060546875</ele>
        <time>2026-04-10T14:32:09.000Z</time>
        <extensions>
          <ns3:TrackPointExtension>
            <ns3:hr>140</ns3:hr>
            <ns3:cad>83</ns3:cad>
          </ns3:TrackPointExtension>
        </extensions>
      </trkpt>
      <trkpt lat="37.4716280400753021240234375" lon="126.95926115848124027252197265625">
        <ele>61.799999237060546875</ele>
        <time>2026-04-10T14:32:10.000Z</time>
        <extensions>
          <ns3:TrackPointExtension>
            <ns3:hr>140</ns3:hr>
            <ns3:cad>83</ns3:cad>
          </ns3:TrackPointExtension>
        </extensions>
      </trkpt>
      <trkpt lat="37.4715943448245525360107421875" lon="126.95927138440310955047607421875">
        <ele>61.799999237060546875</ele>
        <time>2026-04-10T14:32:11.000Z</time>
        <extensions>
          <ns3:TrackPointExtension>
            <ns3:hr>140</ns3:hr>
            <ns3:cad>83</ns3:cad>
          </ns3:TrackPointExtension>
        </extensions>
      </trkpt>
      <trkpt lat="37.471572048962116241455078125" lon="126.95928747765719890594482421875">
        <ele>61.799999237060546875</ele>
        <time>2026-04-10T14:32:12.000Z</time>
        <extensions>
          <ns3:TrackPointExtension>
            <ns3:hr>139</ns3:hr>
            <ns3:cad>83</ns3:cad>
          </ns3:TrackPointExtension>
        </extensions>
      </trkpt>
      <trkpt lat="37.47153885662555694580078125" lon="126.959299631416797637939453125">
        <ele>61.799999237060546875</ele>
        <time>2026-04-10T14:32:13.000Z</time>
        <extensions>
          <ns3:TrackPointExtension>
            <ns3:hr>140</ns3:hr>
            <ns3:cad>83</ns3:cad>
          </ns3:TrackPointExtension>
        </extensions>
      </trkpt>
      <trkpt lat="37.471509017050266265869140625" lon="126.9593101926147937774658203125">
        <ele>62</ele>
        <time>2026-04-10T14:32:14.000Z</time>
        <extensions>
          <ns3:TrackPointExtension>
            <ns3:hr>140</ns3:hr>
            <ns3:cad>83</ns3:cad>
          </ns3:TrackPointExtension>
        </extensions>
      </trkpt>
      <trkpt lat="37.47148328460752964019775390625" lon="126.95932083763182163238525390625">
        <ele>62</ele>
        <time>2026-04-10T14:32:15.000Z</time>
        <extensions>
          <ns3:TrackPointExtension>
            <ns3:hr>139</ns3:hr>
            <ns3:cad>82</ns3:cad>
          </ns3:TrackPointExtension>
        </extensions>
      </trkpt>
      <trkpt lat="37.4714498408138751983642578125" lon="126.95933458395302295684814453125">
        <ele>62</ele>
        <time>2026-04-10T14:32:16.000Z</time>
        <extensions>
          <ns3:TrackPointExtension>
            <ns3:hr>139</ns3:hr>
            <ns3:cad>82</ns3:cad>
          </ns3:TrackPointExtension>
        </extensions>
      </trkpt>
      <trkpt lat="37.471425198018550872802734375" lon="126.95934749208390712738037109375">
        <ele>62.200000762939453125</ele>
        <time>2026-04-10T14:32:17.000Z</time>
        <extensions>
          <ns3:TrackPointExtension>
            <ns3:hr>139</ns3:hr>
            <ns3:cad>82</ns3:cad>
          </ns3:TrackPointExtension>
        </extensions>
      </trkpt>
      <trkpt lat="37.47139401733875274658203125" lon="126.95935822091996669769287109375">
        <ele>62.40000152587890625</ele>
        <time>2026-04-10T14:32:18.000Z</time>
        <extensions>
          <ns3:TrackPointExtension>
            <ns3:hr>139</ns3:hr>
            <ns3:cad>83</ns3:cad>
          </ns3:TrackPointExtension>
        </extensions>
      </trkpt>
      <trkpt lat="37.47135872952640056610107421875" lon="126.95935671217739582061767578125">
        <ele>62.40000152587890625</ele>
        <time>2026-04-10T14:32:19.000Z</time>
        <extensions>
          <ns3:TrackPointExtension>
            <ns3:hr>140</ns3:hr>
            <ns3:cad>83</ns3:cad>
          </ns3:TrackPointExtension>
        </extensions>
      </trkpt>
      <trkpt lat="37.47133190743625164031982421875" lon="126.9593614898622035980224609375">
        <ele>62.40000152587890625</ele>
        <time>2026-04-10T14:32:20.000Z</time>
        <extensions>
          <ns3:TrackPointExtension>
            <ns3:hr>139</ns3:hr>
            <ns3:cad>83</ns3:cad>
          </ns3:TrackPointExtension>
        </extensions>
      </trkpt>
      <trkpt lat="37.47129016555845737457275390625" lon="126.9593584723770618438720703125">
        <ele>62.200000762939453125</ele>
        <time>2026-04-10T14:32:21.000Z</time>
        <extensions>
          <ns3:TrackPointExtension>
            <ns3:hr>139</ns3:hr>
            <ns3:cad>83</ns3:cad>
          </ns3:TrackPointExtension>
        </extensions>
      </trkpt>
      <trkpt lat="37.47126451693475246429443359375" lon="126.9593544490635395050048828125">
        <ele>62.200000762939453125</ele>
        <time>2026-04-10T14:32:22.000Z</time>
        <extensions>
          <ns3:TrackPointExtension>
            <ns3:hr>140</ns3:hr>
            <ns3:cad>83</ns3:cad>
          </ns3:TrackPointExtension>
        </extensions>
      </trkpt>
      <trkpt lat="37.47123065404593944549560546875" lon="126.95934916846454143524169921875">
        <ele>62.40000152587890625</ele>
        <time>2026-04-10T14:32:23.000Z</time>
        <extensions>
          <ns3:TrackPointExtension>
            <ns3:hr>139</ns3:hr>
            <ns3:cad>83</ns3:cad>
          </ns3:TrackPointExtension>
        </extensions>
      </trkpt>
      <trkpt lat="37.47119762934744358062744140625" lon="126.9593333266675472259521484375">
        <ele>62.40000152587890625</ele>
        <time>2026-04-10T14:32:24.000Z</time>
        <extensions>
          <ns3:TrackPointExtension>
            <ns3:hr>139</ns3:hr>
            <ns3:cad>83</ns3:cad>
          </ns3:TrackPointExtension>
        </extensions>
      </trkpt>
      <trkpt lat="37.47117583639919757843017578125" lon="126.95932544767856597900390625">
        <ele>62.40000152587890625</ele>
        <time>2026-04-10T14:32:25.000Z</time>
        <extensions>
          <ns3:TrackPointExtension>
            <ns3:hr>140</ns3:hr>
            <ns3:cad>83</ns3:cad>
          </ns3:TrackPointExtension>
        </extensions>
      </trkpt>
      <trkpt lat="37.471138872206211090087890625" lon="126.95930910296738147735595703125">
        <ele>62.59999847412109375</ele>
        <time>2026-04-10T14:32:26.000Z</time>
        <extensions>
          <ns3:TrackPointExtension>
            <ns3:hr>140</ns3:hr>
            <ns3:cad>83</ns3:cad>
          </ns3:TrackPointExtension>
        </extensions>
      </trkpt>
      <trkpt lat="37.47111230157315731048583984375" lon="126.95929334498941898345947265625">
        <ele>62.59999847412109375</ele>
        <time>2026-04-10T14:32:27.000Z</time>
        <extensions>
          <ns3:TrackPointExtension>
            <ns3:hr>140</ns3:hr>
            <ns3:cad>83</ns3:cad>
          </ns3:TrackPointExtension>
        </extensions>
      </trkpt>
      <trkpt lat="37.471085228025913238525390625" lon="126.9592780061066150665283203125">
        <ele>62.59999847412109375</ele>
        <time>2026-04-10T14:32:28.000Z</time>
        <extensions>
          <ns3:TrackPointExtension>
            <ns3:hr>139</ns3:hr>
            <ns3:cad>83</ns3:cad>
          </ns3:TrackPointExtension>
        </extensions>
      </trkpt>
      <trkpt lat="37.47106075286865234375" lon="126.9592431373894214630126953125">
        <ele>62.59999847412109375</ele>
        <time>2026-04-10T14:32:29.000Z</time>
        <extensions>
          <ns3:TrackPointExtension>
            <ns3:hr>140</ns3:hr>
            <ns3:cad>84</ns3:cad>
          </ns3:TrackPointExtension>
        </extensions>
      </trkpt>
      <trkpt lat="37.47104398906230926513671875" lon="126.95923148654401302337646484375">
        <ele>62.59999847412109375</ele>
        <time>2026-04-10T14:32:30.000Z</time>
        <extensions>
          <ns3:TrackPointExtension>
            <ns3:hr>140</ns3:hr>
            <ns3:cad>84</ns3:cad>
          </ns3:TrackPointExtension>
        </extensions>
      </trkpt>
      <trkpt lat="37.47101892717182636260986328125" lon="126.95919938385486602783203125">
        <ele>62.59999847412109375</ele>
        <time>2026-04-10T14:32:31.000Z</time>
        <extensions>
          <ns3:TrackPointExtension>
            <ns3:hr>140</ns3:hr>
            <ns3:cad>84</ns3:cad>
          </ns3:TrackPointExtension>
        </extensions>
      </trkpt>
      <trkpt lat="37.47099948115646839141845703125" lon="126.9591750763356685638427734375">
        <ele>62.40000152587890625</ele>
        <time>2026-04-10T14:32:32.000Z</time>
        <extensions>
          <ns3:TrackPointExtension>
            <ns3:hr>139</ns3:hr>
            <ns3:cad>84</ns3:cad>
          </ns3:TrackPointExtension>
        </extensions>
      </trkpt>
      <trkpt lat="37.47098221443593502044677734375" lon="126.95914682932198047637939453125">
        <ele>62.59999847412109375</ele>
        <time>2026-04-10T14:32:33.000Z</time>
        <extensions>
          <ns3:TrackPointExtension>
            <ns3:hr>140</ns3:hr>
            <ns3:cad>84</ns3:cad>
          </ns3:TrackPointExtension>
        </extensions>
      </trkpt>
      <trkpt lat="37.47096125967800617218017578125" lon="126.9591127149760723114013671875">
        <ele>62.59999847412109375</ele>
        <time>2026-04-10T14:32:34.000Z</time>
        <extensions>
          <ns3:TrackPointExtension>
            <ns3:hr>140</ns3:hr>
            <ns3:cad>84</ns3:cad>
          </ns3:TrackPointExtension>
        </extensions>
      </trkpt>
      <trkpt lat="37.47094416059553623199462890625" lon="126.95909167639911174774169921875">
        <ele>62.59999847412109375</ele>
        <time>2026-04-10T14:32:35.000Z</time>
        <extensions>
          <ns3:TrackPointExtension>
            <ns3:hr>140</ns3:hr>
            <ns3:cad>83</ns3:cad>
          </ns3:TrackPointExtension>
        </extensions>
      </trkpt>
      <trkpt lat="37.47091750614345073699951171875" lon="126.95905948989093303680419921875">
        <ele>62.799999237060546875</ele>
        <time>2026-04-10T14:32:36.000Z</time>
        <extensions>
          <ns3:TrackPointExtension>
            <ns3:hr>139</ns3:hr>
            <ns3:cad>83</ns3:cad>
          </ns3:TrackPointExtension>
        </extensions>
      </trkpt>
      <trkpt lat="37.47090007178485393524169921875" lon="126.9590252079069614410400390625">
        <ele>62.799999237060546875</ele>
        <time>2026-04-10T14:32:37.000Z</time>
        <extensions>
          <ns3:TrackPointExtension>
            <ns3:hr>140</ns3:hr>
            <ns3:cad>83</ns3:cad>
          </ns3:TrackPointExtension>
        </extensions>
      </trkpt>
      <trkpt lat="37.47088347561657428741455078125" lon="126.95900064893066883087158203125">
        <ele>62.799999237060546875</ele>
        <time>2026-04-10T14:32:38.000Z</time>
        <extensions>
          <ns3:TrackPointExtension>
            <ns3:hr>140</ns3:hr>
            <ns3:cad>82</ns3:cad>
          </ns3:TrackPointExtension>
        </extensions>
      </trkpt>
      <trkpt lat="37.47085967101156711578369140625" lon="126.95896561257541179656982421875">
        <ele>62.799999237060546875</ele>
        <time>2026-04-10T14:32:39.000Z</time>
        <extensions>
          <ns3:TrackPointExtension>
            <ns3:hr>140</ns3:hr>
            <ns3:cad>83</ns3:cad>
          </ns3:TrackPointExtension>
        </extensions>
      </trkpt>
      <trkpt lat="37.47084072791039943695068359375" lon="126.95894457399845123291015625">
        <ele>63</ele>
        <time>2026-04-10T14:32:40.000Z</time>
        <extensions>
          <ns3:TrackPointExtension>
            <ns3:hr>140</ns3:hr>
            <ns3:cad>83</ns3:cad>
          </ns3:TrackPointExtension>
        </extensions>
      </trkpt>
      <trkpt lat="37.47081742621958255767822265625" lon="126.95891641080379486083984375">
        <ele>63.200000762939453125</ele>
        <time>2026-04-10T14:32:41.000Z</time>
        <extensions>
          <ns3:TrackPointExtension>
            <ns3:hr>139</ns3:hr>
            <ns3:cad>83</ns3:cad>
          </ns3:TrackPointExtension>
        </extensions>
      </trkpt>
      <trkpt lat="37.4708047695457935333251953125" lon="126.9588808715343475341796875">
        <ele>63.200000762939453125</ele>
        <time>2026-04-10T14:32:42.000Z</time>
        <extensions>
          <ns3:TrackPointExtension>
            <ns3:hr>140</ns3:hr>
            <ns3:cad>83</ns3:cad>
          </ns3:TrackPointExtension>
        </extensions>
      </trkpt>
      <trkpt lat="37.4707893468439579010009765625" lon="126.95885966531932353973388671875">
        <ele>63.40000152587890625</ele>
        <time>2026-04-10T14:32:43.000Z</time>
        <extensions>
          <ns3:TrackPointExtension>
            <ns3:hr>139</ns3:hr>
            <ns3:cad>83</ns3:cad>
          </ns3:TrackPointExtension>
        </extensions>
      </trkpt>
      <trkpt lat="37.47076495550572872161865234375" lon="126.95882387459278106689453125">
        <ele>63.40000152587890625</ele>
        <time>2026-04-10T14:32:44.000Z</time>
        <extensions>
          <ns3:TrackPointExtension>
            <ns3:hr>138</ns3:hr>
            <ns3:cad>83</ns3:cad>
          </ns3:TrackPointExtension>
        </extensions>
      </trkpt>
      <trkpt lat="37.4707464314997196197509765625" lon="126.95880099199712276458740234375">
        <ele>63.40000152587890625</ele>
        <time>2026-04-10T14:32:45.000Z</time>
        <extensions>
          <ns3:TrackPointExtension>
            <ns3:hr>138</ns3:hr>
            <ns3:cad>83</ns3:cad>
          </ns3:TrackPointExtension>
        </extensions>
      </trkpt>
      <trkpt lat="37.4707313440740108489990234375" lon="126.95877249352633953094482421875">
        <ele>63.40000152587890625</ele>
        <time>2026-04-10T14:32:46.000Z</time>
        <extensions>
          <ns3:TrackPointExtension>
            <ns3:hr>137</ns3:hr>
            <ns3:cad>83</ns3:cad>
          </ns3:TrackPointExtension>
        </extensions>
      </trkpt>
      <trkpt lat="37.470713742077350616455078125" lon="126.9587335176765918731689453125">
        <ele>63.40000152587890625</ele>
        <time>2026-04-10T14:32:47.000Z</time>
        <extensions>
          <ns3:TrackPointExtension>
            <ns3:hr>137</ns3:hr>
            <ns3:cad>82</ns3:cad>
          </ns3:TrackPointExtension>
        </extensions>
      </trkpt>
      <trkpt lat="37.4707004986703395843505859375" lon="126.9587123952805995941162109375">
        <ele>63.59999847412109375</ele>
        <time>2026-04-10T14:32:48.000Z</time>
        <extensions>
          <ns3:TrackPointExtension>
            <ns3:hr>136</ns3:hr>
            <ns3:cad>82</ns3:cad>
          </ns3:TrackPointExtension>
        </extensions>
      </trkpt>
      <trkpt lat="37.47067987918853759765625" lon="126.95868230424821376800537109375">
        <ele>63.59999847412109375</ele>
        <time>2026-04-10T14:32:49.000Z</time>
        <extensions>
          <ns3:TrackPointExtension>
            <ns3:hr>136</ns3:hr>
            <ns3:cad>82</ns3:cad>
          </ns3:TrackPointExtension>
        </extensions>
      </trkpt>
      <trkpt lat="37.47066588141024112701416015625" lon="126.95864944718778133392333984375">
        <ele>63.59999847412109375</ele>
        <time>2026-04-10T14:32:50.000Z</time>
        <extensions>
          <ns3:TrackPointExtension>
            <ns3:hr>136</ns3:hr>
            <ns3:cad>82</ns3:cad>
          </ns3:TrackPointExtension>
        </extensions>
      </trkpt>
      <trkpt lat="37.47065045870840549468994140625" lon="126.9586272351443767547607421875">
        <ele>63.59999847412109375</ele>
        <time>2026-04-10T14:32:51.000Z</time>
        <extensions>
          <ns3:TrackPointExtension>
            <ns3:hr>136</ns3:hr>
            <ns3:cad>82</ns3:cad>
          </ns3:TrackPointExtension>
        </extensions>
      </trkpt>
      <trkpt lat="37.4706337787210941314697265625" lon="126.9585938751697540283203125">
        <ele>63.799999237060546875</ele>
        <time>2026-04-10T14:32:52.000Z</time>
        <extensions>
          <ns3:TrackPointExtension>
            <ns3:hr>136</ns3:hr>
            <ns3:cad>82</ns3:cad>
          </ns3:TrackPointExtension>
        </extensions>
      </trkpt>
      <trkpt lat="37.47061642818152904510498046875" lon="126.95857367478311061859130859375">
        <ele>63.799999237060546875</ele>
        <time>2026-04-10T14:32:53.000Z</time>
        <extensions>
          <ns3:TrackPointExtension>
            <ns3:hr>136</ns3:hr>
            <ns3:cad>82</ns3:cad>
          </ns3:TrackPointExtension>
        </extensions>
      </trkpt>
      <trkpt lat="37.4705948866903781890869140625" lon="126.95854182355105876922607421875">
        <ele>64</ele>
        <time>2026-04-10T14:32:54.000Z</time>
        <extensions>
          <ns3:TrackPointExtension>
            <ns3:hr>136</ns3:hr>
            <ns3:cad>83</ns3:cad>
          </ns3:TrackPointExtension>
        </extensions>
      </trkpt>
      <trkpt lat="37.47057770378887653350830078125" lon="126.9585092179477214813232421875">
        <ele>64.1999969482421875</ele>
        <time>2026-04-10T14:32:55.000Z</time>
        <extensions>
          <ns3:TrackPointExtension>
            <ns3:hr>137</ns3:hr>
            <ns3:cad>83</ns3:cad>
          </ns3:TrackPointExtension>
        </extensions>
      </trkpt>
      <trkpt lat="37.4705632030963897705078125" lon="126.9584830664098262786865234375">
        <ele>64.1999969482421875</ele>
        <time>2026-04-10T14:32:56.000Z</time>
        <extensions>
          <ns3:TrackPointExtension>
            <ns3:hr>137</ns3:hr>
            <ns3:cad>83</ns3:cad>
          </ns3:TrackPointExtension>
        </extensions>
      </trkpt>
      <trkpt lat="37.47055121697485446929931640625" lon="126.95843570865690708160400390625">
        <ele>64.1999969482421875</ele>
        <time>2026-04-10T14:32:57.000Z</time>
        <extensions>
          <ns3:TrackPointExtension>
            <ns3:hr>137</ns3:hr>
            <ns3:cad>83</ns3:cad>
          </ns3:TrackPointExtension>
        </extensions>
      </trkpt>
      <trkpt lat="37.4705551564693450927734375" lon="126.9583953917026519775390625">
        <ele>64.1999969482421875</ele>
        <time>2026-04-10T14:32:58.000Z</time>
        <extensions>
          <ns3:TrackPointExtension>
            <ns3:hr>138</ns3:hr>
            <ns3:cad>82</ns3:cad>
          </ns3:TrackPointExtension>
        </extensions>
      </trkpt>
      <trkpt lat="37.470577619969844818115234375" lon="126.95836949162185192108154296875">
        <ele>64.40000152587890625</ele>
        <time>2026-04-10T14:32:59.000Z</time>
        <extensions>
          <ns3:TrackPointExtension>
            <ns3:hr>139</ns3:hr>
            <ns3:cad>83</ns3:cad>
          </ns3:TrackPointExtension>
        </extensions>
      </trkpt>
      <trkpt lat="37.4706046096980571746826171875" lon="126.9583556614816188812255859375">
        <ele>64.40000152587890625</ele>
        <time>2026-04-10T14:33:00.000Z</time>
        <extensions>
          <ns3:TrackPointExtension>
            <ns3:hr>140</ns3:hr>
            <ns3:cad>83</ns3:cad>
          </ns3:TrackPointExtension>
        </extensions>
      </trkpt>
      <trkpt lat="37.47063226997852325439453125" lon="126.95835239253938198089599609375">
        <ele>64.1999969482421875</ele>
        <time>2026-04-10T14:33:01.000Z</time>
        <extensions>
          <ns3:TrackPointExtension>
            <ns3:hr>140</ns3:hr>
            <ns3:cad>83</ns3:cad>
          </ns3:TrackPointExtension>
        </extensions>
      </trkpt>
      <trkpt lat="37.47066873125731945037841796875" lon="126.958356164395809173583984375">
        <ele>64.1999969482421875</ele>
        <time>2026-04-10T14:33:02.000Z</time>
        <extensions>
          <ns3:TrackPointExtension>
            <ns3:hr>140</ns3:hr>
            <ns3:cad>82</ns3:cad>
          </ns3:TrackPointExtension>
        </extensions>
      </trkpt>
      <trkpt lat="37.47069873847067356109619140625" lon="126.95836228318512439727783203125">
        <ele>64</ele>
        <time>2026-04-10T14:33:03.000Z</time>
        <extensions>
          <ns3:TrackPointExtension>
            <ns3:hr>140</ns3:hr>
            <ns3:cad>82</ns3:cad>
          </ns3:TrackPointExtension>
        </extensions>
      </trkpt>
      <trkpt lat="37.47072556056082248687744140625" lon="126.9583657197654247283935546875">
        <ele>63.799999237060546875</ele>
        <time>2026-04-10T14:33:04.000Z</time>
        <extensions>
          <ns3:TrackPointExtension>
            <ns3:hr>141</ns3:hr>
            <ns3:cad>82</ns3:cad>
          </ns3:TrackPointExtension>
        </extensions>
      </trkpt>
      <trkpt lat="37.47076327912509441375732421875" lon="126.958377622067928314208984375">
        <ele>63.799999237060546875</ele>
        <time>2026-04-10T14:33:05.000Z</time>
        <extensions>
          <ns3:TrackPointExtension>
            <ns3:hr>141</ns3:hr>
            <ns3:cad>82</ns3:cad>
          </ns3:TrackPointExtension>
        </extensions>
      </trkpt>
      <trkpt lat="37.47078926302492618560791015625" lon="126.95837938226759433746337890625">
        <ele>63.799999237060546875</ele>
        <time>2026-04-10T14:33:06.000Z</time>
        <extensions>
          <ns3:TrackPointExtension>
            <ns3:hr>141</ns3:hr>
            <ns3:cad>82</ns3:cad>
          </ns3:TrackPointExtension>
        </extensions>
      </trkpt>
      <trkpt lat="37.4708218686282634735107421875" lon="126.9583875127136707305908203125">
        <ele>63.799999237060546875</ele>
        <time>2026-04-10T14:33:07.000Z</time>
        <extensions>
          <ns3:TrackPointExtension>
            <ns3:hr>141</ns3:hr>
            <ns3:cad>82</ns3:cad>
          </ns3:TrackPointExtension>
        </extensions>
      </trkpt>
      <trkpt lat="37.47085128910839557647705078125" lon="126.95840083993971347808837890625">
        <ele>63.799999237060546875</ele>
        <time>2026-04-10T14:33:08.000Z</time>
        <extensions>
          <ns3:TrackPointExtension>
            <ns3:hr>142</ns3:hr>
            <ns3:cad>84</ns3:cad>
          </ns3:TrackPointExtension>
        </extensions>
      </trkpt>
      <trkpt lat="37.4708768539130687713623046875" lon="126.95840855129063129425048828125">
        <ele>63.799999237060546875</ele>
        <time>2026-04-10T14:33:09.000Z</time>
        <extensions>
          <ns3:TrackPointExtension>
            <ns3:hr>142</ns3:hr>
            <ns3:cad>84</ns3:cad>
          </ns3:TrackPointExtension>
        </extensions>
      </trkpt>
      <trkpt lat="37.47090979479253292083740234375" lon="126.95842782966792583465576171875">
        <ele>63.799999237060546875</ele>
        <time>2026-04-10T14:33:10.000Z</time>
        <extensions>
          <ns3:TrackPointExtension>
            <ns3:hr>142</ns3:hr>
            <ns3:cad>83</ns3:cad>
          </ns3:TrackPointExtension>
        </extensions>
      </trkpt>
      <trkpt lat="37.470937706530094146728515625" lon="126.95843688212335109710693359375">
        <ele>63.799999237060546875</ele>
        <time>2026-04-10T14:33:11.000Z</time>
        <extensions>
          <ns3:TrackPointExtension>
            <ns3:hr>142</ns3:hr>
            <ns3:cad>83</ns3:cad>
          </ns3:TrackPointExtension>
        </extensions>
      </trkpt>
      <trkpt lat="37.470969222486019134521484375" lon="126.958445012569427490234375">
        <ele>63.799999237060546875</ele>
        <time>2026-04-10T14:33:12.000Z</time>
        <extensions>
          <ns3:TrackPointExtension>
            <ns3:hr>142</ns3:hr>
            <ns3:cad>83</ns3:cad>
          </ns3:TrackPointExtension>
        </extensions>
      </trkpt>
      <trkpt lat="37.4710029177367687225341796875" lon="126.95846085436642169952392578125">
        <ele>63.799999237060546875</ele>
        <time>2026-04-10T14:33:13.000Z</time>
        <extensions>
          <ns3:TrackPointExtension>
            <ns3:hr>143</ns3:hr>
            <ns3:cad>83</ns3:cad>
          </ns3:TrackPointExtension>
        </extensions>
      </trkpt>
      <trkpt lat="37.47102521359920501708984375" lon="126.9584704935550689697265625">
        <ele>63.59999847412109375</ele>
        <time>2026-04-10T14:33:14.000Z</time>
        <extensions>
          <ns3:TrackPointExtension>
            <ns3:hr>142</ns3:hr>
            <ns3:cad>83</ns3:cad>
          </ns3:TrackPointExtension>
        </extensions>
      </trkpt>
      <trkpt lat="37.47105781920254230499267578125" lon="126.95848633535206317901611328125">
        <ele>63.59999847412109375</ele>
        <time>2026-04-10T14:33:15.000Z</time>
        <extensions>
          <ns3:TrackPointExtension>
            <ns3:hr>143</ns3:hr>
            <ns3:cad>83</ns3:cad>
          </ns3:TrackPointExtension>
        </extensions>
      </trkpt>
      <trkpt lat="37.47108866460621356964111328125" lon="126.95849605835974216461181640625">
        <ele>63.40000152587890625</ele>
        <time>2026-04-10T14:33:16.000Z</time>
        <extensions>
          <ns3:TrackPointExtension>
            <ns3:hr>143</ns3:hr>
            <ns3:cad>83</ns3:cad>
          </ns3:TrackPointExtension>
        </extensions>
      </trkpt>
      <trkpt lat="37.47111364267766475677490234375" lon="126.95850008167326450347900390625">
        <ele>63.200000762939453125</ele>
        <time>2026-04-10T14:33:17.000Z</time>
        <extensions>
          <ns3:TrackPointExtension>
            <ns3:hr>144</ns3:hr>
            <ns3:cad>83</ns3:cad>
          </ns3:TrackPointExtension>
        </extensions>
      </trkpt>
      <trkpt lat="37.47114851139485836029052734375" lon="126.95851282216608524322509765625">
        <ele>63.200000762939453125</ele>
        <time>2026-04-10T14:33:18.000Z</time>
        <extensions>
          <ns3:TrackPointExtension>
            <ns3:hr>144</ns3:hr>
            <ns3:cad>83</ns3:cad>
          </ns3:TrackPointExtension>
        </extensions>
      </trkpt>
      <trkpt lat="37.47117147780954837799072265625" lon="126.95851818658411502838134765625">
        <ele>63.200000762939453125</ele>
        <time>2026-04-10T14:33:19.000Z</time>
        <extensions>
          <ns3:TrackPointExtension>
            <ns3:hr>144</ns3:hr>
            <ns3:cad>83</ns3:cad>
          </ns3:TrackPointExtension>
        </extensions>
      </trkpt>
      <trkpt lat="37.47120232321321964263916015625" lon="126.95852019824087619781494140625">
        <ele>63.200000762939453125</ele>
        <time>2026-04-10T14:33:20.000Z</time>
        <extensions>
          <ns3:TrackPointExtension>
            <ns3:hr>144</ns3:hr>
            <ns3:cad>83</ns3:cad>
          </ns3:TrackPointExtension>
        </extensions>
      </trkpt>
      <trkpt lat="37.47123568318784236907958984375" lon="126.95852137170732021331787109375">
        <ele>63.200000762939453125</ele>
        <time>2026-04-10T14:33:21.000Z</time>
        <extensions>
          <ns3:TrackPointExtension>
            <ns3:hr>144</ns3:hr>
            <ns3:cad>83</ns3:cad>
          </ns3:TrackPointExtension>
        </extensions>
      </trkpt>
      <trkpt lat="37.4712597392499446868896484375" lon="126.958525478839874267578125">
        <ele>63</ele>
        <time>2026-04-10T14:33:22.000Z</time>
        <extensions>
          <ns3:TrackPointExtension>
            <ns3:hr>143</ns3:hr>
            <ns3:cad>83</ns3:cad>
          </ns3:TrackPointExtension>
        </extensions>
      </trkpt>
      <trkpt lat="37.47129905037581920623779296875" lon="126.95853151381015777587890625">
        <ele>63</ele>
        <time>2026-04-10T14:33:23.000Z</time>
        <extensions>
          <ns3:TrackPointExtension>
            <ns3:hr>144</ns3:hr>
            <ns3:cad>82</ns3:cad>
          </ns3:TrackPointExtension>
        </extensions>
      </trkpt>
      <trkpt lat="37.4713254533708095550537109375" lon="126.958527825772762298583984375">
        <ele>63</ele>
        <time>2026-04-10T14:33:24.000Z</time>
        <extensions>
          <ns3:TrackPointExtension>
            <ns3:hr>144</ns3:hr>
            <ns3:cad>82</ns3:cad>
          </ns3:TrackPointExtension>
        </extensions>
      </trkpt>
      <trkpt lat="37.4713542871177196502685546875" lon="126.95852807722985744476318359375">
        <ele>63</ele>
        <time>2026-04-10T14:33:25.000Z</time>
        <extensions>
          <ns3:TrackPointExtension>
            <ns3:hr>144</ns3:hr>
            <ns3:cad>83</ns3:cad>
          </ns3:TrackPointExtension>
        </extensions>
      </trkpt>
      <trkpt lat="37.47138840146362781524658203125" lon="126.9585400633513927459716796875">
        <ele>63</ele>
        <time>2026-04-10T14:33:26.000Z</time>
        <extensions>
          <ns3:TrackPointExtension>
            <ns3:hr>144</ns3:hr>
            <ns3:cad>83</ns3:cad>
          </ns3:TrackPointExtension>
        </extensions>
      </trkpt>
      <trkpt lat="37.471411786973476409912109375" lon="126.95853964425623416900634765625">
        <ele>63</ele>
        <time>2026-04-10T14:33:27.000Z</time>
        <extensions>
          <ns3:TrackPointExtension>
            <ns3:hr>143</ns3:hr>
            <ns3:cad>83</ns3:cad>
          </ns3:TrackPointExtension>
        </extensions>
      </trkpt>
      <trkpt lat="37.4714511819183826446533203125" lon="126.95853964425623416900634765625">
        <ele>62.799999237060546875</ele>
        <time>2026-04-10T14:33:28.000Z</time>
        <extensions>
          <ns3:TrackPointExtension>
            <ns3:hr>144</ns3:hr>
            <ns3:cad>82</ns3:cad>
          </ns3:TrackPointExtension>
        </extensions>
      </trkpt>
      <trkpt lat="37.47148177586495876312255859375" lon="126.95854282937943935394287109375">
        <ele>62.799999237060546875</ele>
        <time>2026-04-10T14:33:29.000Z</time>
        <extensions>
          <ns3:TrackPointExtension>
            <ns3:hr>144</ns3:hr>
            <ns3:cad>82</ns3:cad>
          </ns3:TrackPointExtension>
        </extensions>
      </trkpt>
      <trkpt lat="37.4715101905167102813720703125" lon="126.95854492485523223876953125">
        <ele>62.799999237060546875</ele>
        <time>2026-04-10T14:33:30.000Z</time>
        <extensions>
          <ns3:TrackPointExtension>
            <ns3:hr>144</ns3:hr>
            <ns3:cad>82</ns3:cad>
          </ns3:TrackPointExtension>
        </extensions>
      </trkpt>
      <trkpt lat="37.4715460650622844696044921875" lon="126.9585581682622432708740234375">
        <ele>62.59999847412109375</ele>
        <time>2026-04-10T14:33:31.000Z</time>
        <extensions>
          <ns3:TrackPointExtension>
            <ns3:hr>144</ns3:hr>
            <ns3:cad>82</ns3:cad>
          </ns3:TrackPointExtension>
        </extensions>
      </trkpt>
      <trkpt lat="37.4715735577046871185302734375" lon="126.95856370031833648681640625">
        <ele>62.59999847412109375</ele>
        <time>2026-04-10T14:33:32.000Z</time>
        <extensions>
          <ns3:TrackPointExtension>
            <ns3:hr>143</ns3:hr>
            <ns3:cad>82</ns3:cad>
          </ns3:TrackPointExtension>
        </extensions>
      </trkpt>
      <trkpt lat="37.47160247527062892913818359375" lon="126.958570070564746856689453125">
        <ele>62.59999847412109375</ele>
        <time>2026-04-10T14:33:33.000Z</time>
        <extensions>
          <ns3:TrackPointExtension>
            <ns3:hr>144</ns3:hr>
            <ns3:cad>82</ns3:cad>
          </ns3:TrackPointExtension>
        </extensions>
      </trkpt>
      <trkpt lat="37.471631728112697601318359375" lon="126.95858180522918701171875">
        <ele>62.59999847412109375</ele>
        <time>2026-04-10T14:33:34.000Z</time>
        <extensions>
          <ns3:TrackPointExtension>
            <ns3:hr>144</ns3:hr>
            <ns3:cad>82</ns3:cad>
          </ns3:TrackPointExtension>
        </extensions>
      </trkpt>
      <trkpt lat="37.47165595181286334991455078125" lon="126.95858792401850223541259765625">
        <ele>62.40000152587890625</ele>
        <time>2026-04-10T14:33:35.000Z</time>
        <extensions>
          <ns3:TrackPointExtension>
            <ns3:hr>144</ns3:hr>
            <ns3:cad>82</ns3:cad>
          </ns3:TrackPointExtension>
        </extensions>
      </trkpt>
      <trkpt lat="37.4716950953006744384765625" lon="126.95860485546290874481201171875">
        <ele>62.40000152587890625</ele>
        <time>2026-04-10T14:33:36.000Z</time>
        <extensions>
          <ns3:TrackPointExtension>
            <ns3:hr>143</ns3:hr>
            <ns3:cad>82</ns3:cad>
          </ns3:TrackPointExtension>
        </extensions>
      </trkpt>
      <trkpt lat="37.4717204086482524871826171875" lon="126.95860988460481166839599609375">
        <ele>62.200000762939453125</ele>
        <time>2026-04-10T14:33:37.000Z</time>
        <extensions>
          <ns3:TrackPointExtension>
            <ns3:hr>144</ns3:hr>
            <ns3:cad>83</ns3:cad>
          </ns3:TrackPointExtension>
        </extensions>
      </trkpt>
      <trkpt lat="37.47174739837646484375" lon="126.95861826650798320770263671875">
        <ele>62.200000762939453125</ele>
        <time>2026-04-10T14:33:38.000Z</time>
        <extensions>
          <ns3:TrackPointExtension>
            <ns3:hr>143</ns3:hr>
            <ns3:cad>83</ns3:cad>
          </ns3:TrackPointExtension>
        </extensions>
      </trkpt>
      <trkpt lat="37.47177665121853351593017578125" lon="126.95863503031432628631591796875">
        <ele>62</ele>
        <time>2026-04-10T14:33:39.000Z</time>
        <extensions>
          <ns3:TrackPointExtension>
            <ns3:hr>143</ns3:hr>
            <ns3:cad>83</ns3:cad>
          </ns3:TrackPointExtension>
        </extensions>
      </trkpt>
      <trkpt lat="37.47179827652871608734130859375" lon="126.9586439989507198333740234375">
        <ele>62</ele>
        <time>2026-04-10T14:33:40.000Z</time>
        <extensions>
          <ns3:TrackPointExtension>
            <ns3:hr>143</ns3:hr>
            <ns3:cad>83</ns3:cad>
          </ns3:TrackPointExtension>
        </extensions>
      </trkpt>
      <trkpt lat="37.47183230705559253692626953125" lon="126.95865087211132049560546875">
        <ele>62</ele>
        <time>2026-04-10T14:33:41.000Z</time>
        <extensions>
          <ns3:TrackPointExtension>
            <ns3:hr>142</ns3:hr>
            <ns3:cad>83</ns3:cad>
          </ns3:TrackPointExtension>
        </extensions>
      </trkpt>
      <trkpt lat="37.4718588776886463165283203125" lon="126.9586567394435405731201171875">
        <ele>62</ele>
        <time>2026-04-10T14:33:42.000Z</time>
        <extensions>
          <ns3:TrackPointExtension>
            <ns3:hr>142</ns3:hr>
            <ns3:cad>83</ns3:cad>
          </ns3:TrackPointExtension>
        </extensions>
      </trkpt>
      <trkpt lat="37.47188360430300235748291015625" lon="126.95866168476641178131103515625">
        <ele>61.799999237060546875</ele>
        <time>2026-04-10T14:33:43.000Z</time>
        <extensions>
          <ns3:TrackPointExtension>
            <ns3:hr>142</ns3:hr>
            <ns3:cad>83</ns3:cad>
          </ns3:TrackPointExtension>
        </extensions>
      </trkpt>
      <trkpt lat="37.471915371716022491455078125" lon="126.95868163369596004486083984375">
        <ele>61.799999237060546875</ele>
        <time>2026-04-10T14:33:44.000Z</time>
        <extensions>
          <ns3:TrackPointExtension>
            <ns3:hr>142</ns3:hr>
            <ns3:cad>83</ns3:cad>
          </ns3:TrackPointExtension>
        </extensions>
      </trkpt>
      <trkpt lat="37.47193657793104648590087890625" lon="126.9586850702762603759765625">
        <ele>61.799999237060546875</ele>
        <time>2026-04-10T14:33:45.000Z</time>
        <extensions>
          <ns3:TrackPointExtension>
            <ns3:hr>141</ns3:hr>
            <ns3:cad>82</ns3:cad>
          </ns3:TrackPointExtension>
        </extensions>
      </trkpt>
      <trkpt lat="37.4719701893627643585205078125" lon="126.9586944580078125">
        <ele>61.799999237060546875</ele>
        <time>2026-04-10T14:33:46.000Z</time>
        <extensions>
          <ns3:TrackPointExtension>
            <ns3:hr>141</ns3:hr>
            <ns3:cad>81</ns3:cad>
          </ns3:TrackPointExtension>
        </extensions>
      </trkpt>
      <trkpt lat="37.4720020405948162078857421875" lon="126.95871013216674327850341796875">
        <ele>61.59999847412109375</ele>
        <time>2026-04-10T14:33:47.000Z</time>
        <extensions>
          <ns3:TrackPointExtension>
            <ns3:hr>141</ns3:hr>
            <ns3:cad>81</ns3:cad>
          </ns3:TrackPointExtension>
        </extensions>
      </trkpt>
      <trkpt lat="37.4720285274088382720947265625" lon="126.95871801115572452545166015625">
        <ele>61.59999847412109375</ele>
        <time>2026-04-10T14:33:48.000Z</time>
        <extensions>
          <ns3:TrackPointExtension>
            <ns3:hr>141</ns3:hr>
            <ns3:cad>81</ns3:cad>
          </ns3:TrackPointExtension>
        </extensions>
      </trkpt>
      <trkpt lat="37.47206347994506359100341796875" lon="126.95873209275305271148681640625">
        <ele>61.59999847412109375</ele>
        <time>2026-04-10T14:33:49.000Z</time>
        <extensions>
          <ns3:TrackPointExtension>
            <ns3:hr>141</ns3:hr>
            <ns3:cad>81</ns3:cad>
          </ns3:TrackPointExtension>
        </extensions>
      </trkpt>
      <trkpt lat="37.472094409167766571044921875" lon="126.958742402493953704833984375">
        <ele>61.59999847412109375</ele>
        <time>2026-04-10T14:33:50.000Z</time>
        <extensions>
          <ns3:TrackPointExtension>
            <ns3:hr>141</ns3:hr>
            <ns3:cad>81</ns3:cad>
          </ns3:TrackPointExtension>
        </extensions>
      </trkpt>
      <trkpt lat="37.472126595675945281982421875" lon="126.9587526284158229827880859375">
        <ele>61.40000152587890625</ele>
        <time>2026-04-10T14:33:51.000Z</time>
        <extensions>
          <ns3:TrackPointExtension>
            <ns3:hr>141</ns3:hr>
            <ns3:cad>81</ns3:cad>
          </ns3:TrackPointExtension>
        </extensions>
      </trkpt>
      <trkpt lat="37.4721591174602508544921875" lon="126.9587703980505466461181640625">
        <ele>61.40000152587890625</ele>
        <time>2026-04-10T14:33:52.000Z</time>
        <extensions>
          <ns3:TrackPointExtension>
            <ns3:hr>141</ns3:hr>
            <ns3:cad>81</ns3:cad>
          </ns3:TrackPointExtension>
        </extensions>
      </trkpt>
      <trkpt lat="37.4721859395503997802734375" lon="126.9587851502001285552978515625">
        <ele>61.40000152587890625</ele>
        <time>2026-04-10T14:33:53.000Z</time>
        <extensions>
          <ns3:TrackPointExtension>
            <ns3:hr>141</ns3:hr>
            <ns3:cad>81</ns3:cad>
          </ns3:TrackPointExtension>
        </extensions>
      </trkpt>
      <trkpt lat="37.47221301309764385223388671875" lon="126.9588139839470386505126953125">
        <ele>61.40000152587890625</ele>
        <time>2026-04-10T14:33:54.000Z</time>
        <extensions>
          <ns3:TrackPointExtension>
            <ns3:hr>141</ns3:hr>
            <ns3:cad>81</ns3:cad>
          </ns3:TrackPointExtension>
        </extensions>
      </trkpt>
      <trkpt lat="37.47223111800849437713623046875" lon="126.95885832421481609344482421875">
        <ele>61.40000152587890625</ele>
        <time>2026-04-10T14:33:55.000Z</time>
        <extensions>
          <ns3:TrackPointExtension>
            <ns3:hr>141</ns3:hr>
            <ns3:cad>82</ns3:cad>
          </ns3:TrackPointExtension>
        </extensions>
      </trkpt>
      <trkpt lat="37.47223681770265102386474609375" lon="126.95889654569327831268310546875">
        <ele>61.40000152587890625</ele>
        <time>2026-04-10T14:33:56.000Z</time>
        <extensions>
          <ns3:TrackPointExtension>
            <ns3:hr>140</ns3:hr>
            <ns3:cad>82</ns3:cad>
          </ns3:TrackPointExtension>
        </extensions>
      </trkpt>
      <trkpt lat="37.4722310341894626617431640625" lon="126.9589450769126415252685546875">
        <ele>61.200000762939453125</ele>
        <time>2026-04-10T14:33:57.000Z</time>
        <extensions>
          <ns3:TrackPointExtension>
            <ns3:hr>141</ns3:hr>
            <ns3:cad>83</ns3:cad>
          </ns3:TrackPointExtension>
        </extensions>
      </trkpt>
      <trkpt lat="37.472205720841884613037109375" lon="126.958977766335010528564453125">
        <ele>61.200000762939453125</ele>
        <time>2026-04-10T14:33:58.000Z</time>
        <extensions>
          <ns3:TrackPointExtension>
            <ns3:hr>141</ns3:hr>
            <ns3:cad>83</ns3:cad>
          </ns3:TrackPointExtension>
        </extensions>
      </trkpt>
      <trkpt lat="37.472174875438213348388671875" lon="126.95900349877774715423583984375">
        <ele>61.200000762939453125</ele>
        <time>2026-04-10T14:33:59.000Z</time>
        <extensions>
          <ns3:TrackPointExtension>
            <ns3:hr>141</ns3:hr>
            <ns3:cad>83</ns3:cad>
          </ns3:TrackPointExtension>
        </extensions>
      </trkpt>
      <trkpt lat="37.4721388332545757293701171875" lon="126.9590231962502002716064453125">
        <ele>61</ele>
        <time>2026-04-10T14:34:00.000Z</time>
        <extensions>
          <ns3:TrackPointExtension>
            <ns3:hr>140</ns3:hr>
            <ns3:cad>83</ns3:cad>
          </ns3:TrackPointExtension>
        </extensions>
      </trkpt>
      <trkpt lat="37.47211377136409282684326171875" lon="126.95903903804719448089599609375">
        <ele>61</ele>
        <time>2026-04-10T14:34:01.000Z</time>
        <extensions>
          <ns3:TrackPointExtension>
            <ns3:hr>140</ns3:hr>
            <ns3:cad>83</ns3:cad>
          </ns3:TrackPointExtension>
        </extensions>
      </trkpt>
      <trkpt lat="37.4720744602382183074951171875" lon="126.95905664004385471343994140625">
        <ele>61</ele>
        <time>2026-04-10T14:34:02.000Z</time>
        <extensions>
          <ns3:TrackPointExtension>
            <ns3:hr>140</ns3:hr>
            <ns3:cad>83</ns3:cad>
          </ns3:TrackPointExtension>
        </extensions>
      </trkpt>
      <trkpt lat="37.4720409326255321502685546875" lon="126.9590714760124683380126953125">
        <ele>60.799999237060546875</ele>
        <time>2026-04-10T14:34:03.000Z</time>
        <extensions>
          <ns3:TrackPointExtension>
            <ns3:hr>139</ns3:hr>
            <ns3:cad>83</ns3:cad>
          </ns3:TrackPointExtension>
        </extensions>
      </trkpt>
      <trkpt lat="37.4720117636024951934814453125" lon="126.95908849127590656280517578125">
        <ele>60.799999237060546875</ele>
        <time>2026-04-10T14:34:04.000Z</time>
        <extensions>
          <ns3:TrackPointExtension>
            <ns3:hr>139</ns3:hr>
            <ns3:cad>83</ns3:cad>
          </ns3:TrackPointExtension>
        </extensions>
      </trkpt>
      <trkpt lat="37.47197563759982585906982421875" lon="126.95910190232098102569580078125">
        <ele>60.799999237060546875</ele>
        <time>2026-04-10T14:34:05.000Z</time>
        <extensions>
          <ns3:TrackPointExtension>
            <ns3:hr>139</ns3:hr>
            <ns3:cad>83</ns3:cad>
          </ns3:TrackPointExtension>
        </extensions>
      </trkpt>
      <trkpt lat="37.47195133008062839508056640625" lon="126.95911514572799205780029296875">
        <ele>60.799999237060546875</ele>
        <time>2026-04-10T14:34:06.000Z</time>
        <extensions>
          <ns3:TrackPointExtension>
            <ns3:hr>139</ns3:hr>
            <ns3:cad>82</ns3:cad>
          </ns3:TrackPointExtension>
        </extensions>
      </trkpt>
      <trkpt lat="37.47191277332603931427001953125" lon="126.9591331668198108673095703125">
        <ele>60.799999237060546875</ele>
        <time>2026-04-10T14:34:07.000Z</time>
        <extensions>
          <ns3:TrackPointExtension>
            <ns3:hr>139</ns3:hr>
            <ns3:cad>82</ns3:cad>
          </ns3:TrackPointExtension>
        </extensions>
      </trkpt>
      <trkpt lat="37.4718813411891460418701171875" lon="126.95914263837039470672607421875">
        <ele>60.799999237060546875</ele>
        <time>2026-04-10T14:34:08.000Z</time>
        <extensions>
          <ns3:TrackPointExtension>
            <ns3:hr>139</ns3:hr>
            <ns3:cad>82</ns3:cad>
          </ns3:TrackPointExtension>
        </extensions>
      </trkpt>
      <trkpt lat="37.47185862623155117034912109375" lon="126.95915378630161285400390625">
        <ele>60.799999237060546875</ele>
        <time>2026-04-10T14:34:09.000Z</time>
        <extensions>
          <ns3:TrackPointExtension>
            <ns3:hr>139</ns3:hr>
            <ns3:cad>82</ns3:cad>
          </ns3:TrackPointExtension>
        </extensions>
      </trkpt>
      <trkpt lat="37.47182107530534267425537109375" lon="126.95916451513767242431640625">
        <ele>60.799999237060546875</ele>
        <time>2026-04-10T14:34:10.000Z</time>
        <extensions>
          <ns3:TrackPointExtension>
            <ns3:hr>139</ns3:hr>
            <ns3:cad>82</ns3:cad>
          </ns3:TrackPointExtension>
        </extensions>
      </trkpt>
      <trkpt lat="37.47179693542420864105224609375" lon="126.9591757468879222869873046875">
        <ele>60.799999237060546875</ele>
        <time>2026-04-10T14:34:11.000Z</time>
        <extensions>
          <ns3:TrackPointExtension>
            <ns3:hr>139</ns3:hr>
            <ns3:cad>82</ns3:cad>
          </ns3:TrackPointExtension>
        </extensions>
      </trkpt>
      <trkpt lat="37.47176642529666423797607421875" lon="126.95919024758040904998779296875">
        <ele>60.799999237060546875</ele>
        <time>2026-04-10T14:34:12.000Z</time>
        <extensions>
          <ns3:TrackPointExtension>
            <ns3:hr>140</ns3:hr>
            <ns3:cad>82</ns3:cad>
          </ns3:TrackPointExtension>
        </extensions>
      </trkpt>
      <trkpt lat="37.47172937728464603424072265625" lon="126.959205083549022674560546875">
        <ele>60.59999847412109375</ele>
        <time>2026-04-10T14:34:13.000Z</time>
        <extensions>
          <ns3:TrackPointExtension>
            <ns3:hr>139</ns3:hr>
            <ns3:cad>83</ns3:cad>
          </ns3:TrackPointExtension>
        </extensions>
      </trkpt>
      <trkpt lat="37.47170976363122463226318359375" lon="126.95922620594501495361328125">
        <ele>60.59999847412109375</ele>
        <time>2026-04-10T14:34:14.000Z</time>
        <extensions>
          <ns3:TrackPointExtension>
            <ns3:hr>139</ns3:hr>
            <ns3:cad>83</ns3:cad>
          </ns3:TrackPointExtension>
        </extensions>
      </trkpt>
      <trkpt lat="37.47167824767529964447021484375" lon="126.95923827588558197021484375">
        <ele>60.40000152587890625</ele>
        <time>2026-04-10T14:34:15.000Z</time>
        <extensions>
          <ns3:TrackPointExtension>
            <ns3:hr>140</ns3:hr>
            <ns3:cad>83</ns3:cad>
          </ns3:TrackPointExtension>
        </extensions>
      </trkpt>
      <trkpt lat="37.4716486595571041107177734375" lon="126.959245316684246063232421875">
        <ele>60.40000152587890625</ele>
        <time>2026-04-10T14:34:16.000Z</time>
        <extensions>
          <ns3:TrackPointExtension>
            <ns3:hr>140</ns3:hr>
            <ns3:cad>83</ns3:cad>
          </ns3:TrackPointExtension>
        </extensions>
      </trkpt>
      <trkpt lat="37.47162376530468463897705078125" lon="126.95925981737673282623291015625">
        <ele>60.40000152587890625</ele>
        <time>2026-04-10T14:34:17.000Z</time>
        <extensions>
          <ns3:TrackPointExtension>
            <ns3:hr>140</ns3:hr>
            <ns3:cad>83</ns3:cad>
          </ns3:TrackPointExtension>
        </extensions>
      </trkpt>
      <trkpt lat="37.4715903215110301971435546875" lon="126.959274820983409881591796875">
        <ele>60.40000152587890625</ele>
        <time>2026-04-10T14:34:18.000Z</time>
        <extensions>
          <ns3:TrackPointExtension>
            <ns3:hr>140</ns3:hr>
            <ns3:cad>83</ns3:cad>
          </ns3:TrackPointExtension>
        </extensions>
      </trkpt>
      <trkpt lat="37.471573054790496826171875" lon="126.9592823646962642669677734375">
        <ele>60.40000152587890625</ele>
        <time>2026-04-10T14:34:19.000Z</time>
        <extensions>
          <ns3:TrackPointExtension>
            <ns3:hr>139</ns3:hr>
            <ns3:cad>83</ns3:cad>
          </ns3:TrackPointExtension>
        </extensions>
      </trkpt>
      <trkpt lat="37.47154061682522296905517578125" lon="126.95929418317973613739013671875">
        <ele>60.40000152587890625</ele>
        <time>2026-04-10T14:34:20.000Z</time>
        <extensions>
          <ns3:TrackPointExtension>
            <ns3:hr>139</ns3:hr>
            <ns3:cad>83</ns3:cad>
          </ns3:TrackPointExtension>
        </extensions>
      </trkpt>
      <trkpt lat="37.47150943614542484283447265625" lon="126.95930558256804943084716796875">
        <ele>60.59999847412109375</ele>
        <time>2026-04-10T14:34:21.000Z</time>
        <extensions>
          <ns3:TrackPointExtension>
            <ns3:hr>139</ns3:hr>
            <ns3:cad>82</ns3:cad>
          </ns3:TrackPointExtension>
        </extensions>
      </trkpt>
      <trkpt lat="37.47148663736879825592041015625" lon="126.95931631140410900115966796875">
        <ele>60.799999237060546875</ele>
        <time>2026-04-10T14:34:22.000Z</time>
        <extensions>
          <ns3:TrackPointExtension>
            <ns3:hr>140</ns3:hr>
            <ns3:cad>82</ns3:cad>
          </ns3:TrackPointExtension>
        </extensions>
      </trkpt>
      <trkpt lat="37.4714511819183826446533203125" lon="126.9593279622495174407958984375">
        <ele>60.799999237060546875</ele>
        <time>2026-04-10T14:34:23.000Z</time>
        <extensions>
          <ns3:TrackPointExtension>
            <ns3:hr>140</ns3:hr>
            <ns3:cad>82</ns3:cad>
          </ns3:TrackPointExtension>
        </extensions>
      </trkpt>
      <trkpt lat="37.4714268743991851806640625" lon="126.959337852895259857177734375">
        <ele>60.799999237060546875</ele>
        <time>2026-04-10T14:34:24.000Z</time>
        <extensions>
          <ns3:TrackPointExtension>
            <ns3:hr>139</ns3:hr>
            <ns3:cad>83</ns3:cad>
          </ns3:TrackPointExtension>
        </extensions>
      </trkpt>
      <trkpt lat="37.471395693719387054443359375" lon="126.95935386233031749725341796875">
        <ele>60.799999237060546875</ele>
        <time>2026-04-10T14:34:25.000Z</time>
        <extensions>
          <ns3:TrackPointExtension>
            <ns3:hr>139</ns3:hr>
            <ns3:cad>83</ns3:cad>
          </ns3:TrackPointExtension>
        </extensions>
      </trkpt>
      <trkpt lat="37.47136241756379604339599609375" lon="126.95935763418674468994140625">
        <ele>60.799999237060546875</ele>
        <time>2026-04-10T14:34:26.000Z</time>
        <extensions>
          <ns3:TrackPointExtension>
            <ns3:hr>139</ns3:hr>
            <ns3:cad>83</ns3:cad>
          </ns3:TrackPointExtension>
        </extensions>
      </trkpt>
      <trkpt lat="37.47133945114910602569580078125" lon="126.9593661837279796600341796875">
        <ele>60.799999237060546875</ele>
        <time>2026-04-10T14:34:27.000Z</time>
        <extensions>
          <ns3:TrackPointExtension>
            <ns3:hr>140</ns3:hr>
            <ns3:cad>83</ns3:cad>
          </ns3:TrackPointExtension>
        </extensions>
      </trkpt>
      <trkpt lat="37.47130173258483409881591796875" lon="126.9593618251383304595947265625">
        <ele>60.799999237060546875</ele>
        <time>2026-04-10T14:34:28.000Z</time>
        <extensions>
          <ns3:TrackPointExtension>
            <ns3:hr>139</ns3:hr>
            <ns3:cad>82</ns3:cad>
          </ns3:TrackPointExtension>
        </extensions>
      </trkpt>
      <trkpt lat="37.47127323411405086517333984375" lon="126.95935386233031749725341796875">
        <ele>61</ele>
        <time>2026-04-10T14:34:29.000Z</time>
        <extensions>
          <ns3:TrackPointExtension>
            <ns3:hr>140</ns3:hr>
            <ns3:cad>82</ns3:cad>
          </ns3:TrackPointExtension>
        </extensions>
      </trkpt>
      <trkpt lat="37.47125160880386829376220703125" lon="126.959354616701602935791015625">
        <ele>60.799999237060546875</ele>
        <time>2026-04-10T14:34:30.000Z</time>
        <extensions>
          <ns3:TrackPointExtension>
            <ns3:hr>140</ns3:hr>
            <ns3:cad>82</ns3:cad>
          </ns3:TrackPointExtension>
        </extensions>
      </trkpt>
      <trkpt lat="37.47121992520987987518310546875" lon="126.95933911018073558807373046875">
        <ele>60.799999237060546875</ele>
        <time>2026-04-10T14:34:31.000Z</time>
        <extensions>
          <ns3:TrackPointExtension>
            <ns3:hr>140</ns3:hr>
            <ns3:cad>83</ns3:cad>
          </ns3:TrackPointExtension>
        </extensions>
      </trkpt>
      <trkpt lat="37.47119008563458919525146484375" lon="126.95933726616203784942626953125">
        <ele>61</ele>
        <time>2026-04-10T14:34:32.000Z</time>
        <extensions>
          <ns3:TrackPointExtension>
            <ns3:hr>140</ns3:hr>
            <ns3:cad>83</ns3:cad>
          </ns3:TrackPointExtension>
        </extensions>
      </trkpt>
      <trkpt lat="37.47115530073642730712890625" lon="126.95932989008724689483642578125">
        <ele>61</ele>
        <time>2026-04-10T14:34:33.000Z</time>
        <extensions>
          <ns3:TrackPointExtension>
            <ns3:hr>140</ns3:hr>
            <ns3:cad>83</ns3:cad>
          </ns3:TrackPointExtension>
        </extensions>
      </trkpt>
      <trkpt lat="37.4711273051798343658447265625" lon="126.95930860005319118499755859375">
        <ele>61</ele>
        <time>2026-04-10T14:34:34.000Z</time>
        <extensions>
          <ns3:TrackPointExtension>
            <ns3:hr>140</ns3:hr>
            <ns3:cad>83</ns3:cad>
          </ns3:TrackPointExtension>
        </extensions>
      </trkpt>
      <trkpt lat="37.47110609896481037139892578125" lon="126.95929787121713161468505859375">
        <ele>61</ele>
        <time>2026-04-10T14:34:35.000Z</time>
        <extensions>
          <ns3:TrackPointExtension>
            <ns3:hr>139</ns3:hr>
            <ns3:cad>83</ns3:cad>
          </ns3:TrackPointExtension>
        </extensions>
      </trkpt>
      <trkpt lat="37.47107692994177341461181640625" lon="126.95927691645920276641845703125">
        <ele>61.200000762939453125</ele>
        <time>2026-04-10T14:34:36.000Z</time>
        <extensions>
          <ns3:TrackPointExtension>
            <ns3:hr>140</ns3:hr>
            <ns3:cad>83</ns3:cad>
          </ns3:TrackPointExtension>
        </extensions>
      </trkpt>
      <trkpt lat="37.47105496935546398162841796875" lon="126.95925361476838588714599609375">
        <ele>61.200000762939453125</ele>
        <time>2026-04-10T14:34:37.000Z</time>
        <extensions>
          <ns3:TrackPointExtension>
            <ns3:hr>139</ns3:hr>
            <ns3:cad>83</ns3:cad>
          </ns3:TrackPointExtension>
        </extensions>
      </trkpt>
      <trkpt lat="37.4710357747972011566162109375" lon="126.95923316292464733123779296875">
        <ele>61.200000762939453125</ele>
        <time>2026-04-10T14:34:38.000Z</time>
        <extensions>
          <ns3:TrackPointExtension>
            <ns3:hr>139</ns3:hr>
            <ns3:cad>83</ns3:cad>
          </ns3:TrackPointExtension>
        </extensions>
      </trkpt>
      <trkpt lat="37.471013478934764862060546875" lon="126.95919879712164402008056640625">
        <ele>61.40000152587890625</ele>
        <time>2026-04-10T14:34:39.000Z</time>
        <extensions>
          <ns3:TrackPointExtension>
            <ns3:hr>139</ns3:hr>
            <ns3:cad>83</ns3:cad>
          </ns3:TrackPointExtension>
        </extensions>
      </trkpt>
      <trkpt lat="37.4709928594529628753662109375" lon="126.95917985402047634124755859375">
        <ele>61.59999847412109375</ele>
        <time>2026-04-10T14:34:40.000Z</time>
        <extensions>
          <ns3:TrackPointExtension>
            <ns3:hr>140</ns3:hr>
            <ns3:cad>83</ns3:cad>
          </ns3:TrackPointExtension>
        </extensions>
      </trkpt>
      <trkpt lat="37.47097098268568515777587890625" lon="126.95915604941546916961669921875">
        <ele>61.59999847412109375</ele>
        <time>2026-04-10T14:34:41.000Z</time>
        <extensions>
          <ns3:TrackPointExtension>
            <ns3:hr>140</ns3:hr>
            <ns3:cad>83</ns3:cad>
          </ns3:TrackPointExtension>
        </extensions>
      </trkpt>
      <trkpt lat="37.47095455415546894073486328125" lon="126.959123276174068450927734375">
        <ele>61.59999847412109375</ele>
        <time>2026-04-10T14:34:42.000Z</time>
        <extensions>
          <ns3:TrackPointExtension>
            <ns3:hr>140</ns3:hr>
            <ns3:cad>82</ns3:cad>
          </ns3:TrackPointExtension>
        </extensions>
      </trkpt>
      <trkpt lat="37.47094072401523590087890625" lon="126.959098465740680694580078125">
        <ele>61.59999847412109375</ele>
        <time>2026-04-10T14:34:43.000Z</time>
        <extensions>
          <ns3:TrackPointExtension>
            <ns3:hr>140</ns3:hr>
            <ns3:cad>82</ns3:cad>
          </ns3:TrackPointExtension>
        </extensions>
      </trkpt>
      <trkpt lat="37.47091834433376789093017578125" lon="126.959063597023487091064453125">
        <ele>61.59999847412109375</ele>
        <time>2026-04-10T14:34:44.000Z</time>
        <extensions>
          <ns3:TrackPointExtension>
            <ns3:hr>140</ns3:hr>
            <ns3:cad>82</ns3:cad>
          </ns3:TrackPointExtension>
        </extensions>
      </trkpt>
      <trkpt lat="37.47090275399386882781982421875" lon="126.95903602056205272674560546875">
        <ele>61.59999847412109375</ele>
        <time>2026-04-10T14:34:45.000Z</time>
        <extensions>
          <ns3:TrackPointExtension>
            <ns3:hr>139</ns3:hr>
            <ns3:cad>82</ns3:cad>
          </ns3:TrackPointExtension>
        </extensions>
      </trkpt>
      <trkpt lat="37.47087894938886165618896484375" lon="126.95900626480579376220703125">
        <ele>61.59999847412109375</ele>
        <time>2026-04-10T14:34:46.000Z</time>
        <extensions>
          <ns3:TrackPointExtension>
            <ns3:hr>140</ns3:hr>
            <ns3:cad>82</ns3:cad>
          </ns3:TrackPointExtension>
        </extensions>
      </trkpt>
      <trkpt lat="37.4708584137260913848876953125" lon="126.9589698873460292816162109375">
        <ele>61.799999237060546875</ele>
        <time>2026-04-10T14:34:47.000Z</time>
        <extensions>
          <ns3:TrackPointExtension>
            <ns3:hr>140</ns3:hr>
            <ns3:cad>82</ns3:cad>
          </ns3:TrackPointExtension>
        </extensions>
      </trkpt>
      <trkpt lat="37.47084307484328746795654296875" lon="126.958944238722324371337890625">
        <ele>61.799999237060546875</ele>
        <time>2026-04-10T14:34:48.000Z</time>
        <extensions>
          <ns3:TrackPointExtension>
            <ns3:hr>139</ns3:hr>
            <ns3:cad>82</ns3:cad>
          </ns3:TrackPointExtension>
        </extensions>
      </trkpt>
      <trkpt lat="37.47081709094345569610595703125" lon="126.95890543051064014434814453125">
        <ele>62</ele>
        <time>2026-04-10T14:34:49.000Z</time>
        <extensions>
          <ns3:TrackPointExtension>
            <ns3:hr>140</ns3:hr>
            <ns3:cad>82</ns3:cad>
          </ns3:TrackPointExtension>
        </extensions>
      </trkpt>
      <trkpt lat="37.4707965552806854248046875" lon="126.95887349545955657958984375">
        <ele>62.200000762939453125</ele>
        <time>2026-04-10T14:34:50.000Z</time>
        <extensions>
          <ns3:TrackPointExtension>
            <ns3:hr>140</ns3:hr>
            <ns3:cad>83</ns3:cad>
          </ns3:TrackPointExtension>
        </extensions>
      </trkpt>
      <trkpt lat="37.470779120922088623046875" lon="126.95884474553167819976806640625">
        <ele>62.200000762939453125</ele>
        <time>2026-04-10T14:34:51.000Z</time>
        <extensions>
          <ns3:TrackPointExtension>
            <ns3:hr>139</ns3:hr>
            <ns3:cad>83</ns3:cad>
          </ns3:TrackPointExtension>
        </extensions>
      </trkpt>
      <trkpt lat="37.47076244093477725982666015625" lon="126.9588076137006282806396484375">
        <ele>62.200000762939453125</ele>
        <time>2026-04-10T14:34:52.000Z</time>
        <extensions>
          <ns3:TrackPointExtension>
            <ns3:hr>139</ns3:hr>
            <ns3:cad>83</ns3:cad>
          </ns3:TrackPointExtension>
        </extensions>
      </trkpt>
      <trkpt lat="37.470747269690036773681640625" lon="126.958784647285938262939453125">
        <ele>62.40000152587890625</ele>
        <time>2026-04-10T14:34:53.000Z</time>
        <extensions>
          <ns3:TrackPointExtension>
            <ns3:hr>139</ns3:hr>
            <ns3:cad>83</ns3:cad>
          </ns3:TrackPointExtension>
        </extensions>
      </trkpt>
      <trkpt lat="37.470726482570171356201171875" lon="126.9587516225874423980712890625">
        <ele>62.59999847412109375</ele>
        <time>2026-04-10T14:34:54.000Z</time>
        <extensions>
          <ns3:TrackPointExtension>
            <ns3:hr>140</ns3:hr>
            <ns3:cad>83</ns3:cad>
          </ns3:TrackPointExtension>
        </extensions>
      </trkpt>
      <trkpt lat="37.47070846147835254669189453125" lon="126.958716250956058502197265625">
        <ele>62.799999237060546875</ele>
        <time>2026-04-10T14:34:55.000Z</time>
        <extensions>
          <ns3:TrackPointExtension>
            <ns3:hr>140</ns3:hr>
            <ns3:cad>83</ns3:cad>
          </ns3:TrackPointExtension>
        </extensions>
      </trkpt>
      <trkpt lat="37.470691613852977752685546875" lon="126.9586872495710849761962890625">
        <ele>62.799999237060546875</ele>
        <time>2026-04-10T14:34:56.000Z</time>
        <extensions>
          <ns3:TrackPointExtension>
            <ns3:hr>140</ns3:hr>
            <ns3:cad>83</ns3:cad>
          </ns3:TrackPointExtension>
        </extensions>
      </trkpt>
      <trkpt lat="37.4706743471324443817138671875" lon="126.9586490280926227569580078125">
        <ele>62.799999237060546875</ele>
        <time>2026-04-10T14:34:57.000Z</time>
        <extensions>
          <ns3:TrackPointExtension>
            <ns3:hr>140</ns3:hr>
            <ns3:cad>83</ns3:cad>
          </ns3:TrackPointExtension>
        </extensions>
      </trkpt>
      <trkpt lat="37.4706582538783550262451171875" lon="126.95862405002117156982421875">
        <ele>62.799999237060546875</ele>
        <time>2026-04-10T14:34:58.000Z</time>
        <extensions>
          <ns3:TrackPointExtension>
            <ns3:hr>140</ns3:hr>
            <ns3:cad>83</ns3:cad>
          </ns3:TrackPointExtension>
        </extensions>
      </trkpt>
      <trkpt lat="37.47063268907368183135986328125" lon="126.95858641527593135833740234375">
        <ele>62.799999237060546875</ele>
        <time>2026-04-10T14:34:59.000Z</time>
        <extensions>
          <ns3:TrackPointExtension>
            <ns3:hr>140</ns3:hr>
            <ns3:cad>83</ns3:cad>
          </ns3:TrackPointExtension>
        </extensions>
      </trkpt>
      <trkpt lat="37.470612823963165283203125" lon="126.95855422876775264739990234375">
        <ele>63</ele>
        <time>2026-04-10T14:35:00.000Z</time>
        <extensions>
          <ns3:TrackPointExtension>
            <ns3:hr>141</ns3:hr>
            <ns3:cad>84</ns3:cad>
          </ns3:TrackPointExtension>
        </extensions>
      </trkpt>
      <trkpt lat="37.4705925397574901580810546875" lon="126.95852455683052539825439453125">
        <ele>63</ele>
        <time>2026-04-10T14:35:01.000Z</time>
        <extensions>
          <ns3:TrackPointExtension>
            <ns3:hr>141</ns3:hr>
            <ns3:cad>84</ns3:cad>
          </ns3:TrackPointExtension>
        </extensions>
      </trkpt>
      <trkpt lat="37.47057016007602214813232421875" lon="126.9584901072084903717041015625">
        <ele>63</ele>
        <time>2026-04-10T14:35:02.000Z</time>
        <extensions>
          <ns3:TrackPointExtension>
            <ns3:hr>142</ns3:hr>
            <ns3:cad>84</ns3:cad>
          </ns3:TrackPointExtension>
        </extensions>
      </trkpt>
      <trkpt lat="37.47055490501224994659423828125" lon="126.95845934562385082244873046875">
        <ele>63.200000762939453125</ele>
        <time>2026-04-10T14:35:03.000Z</time>
        <extensions>
          <ns3:TrackPointExtension>
            <ns3:hr>143</ns3:hr>
            <ns3:cad>84</ns3:cad>
          </ns3:TrackPointExtension>
        </extensions>
      </trkpt>
      <trkpt lat="37.4705499596893787384033203125" lon="126.95841215550899505615234375">
        <ele>63.200000762939453125</ele>
        <time>2026-04-10T14:35:04.000Z</time>
        <extensions>
          <ns3:TrackPointExtension>
            <ns3:hr>144</ns3:hr>
            <ns3:cad>84</ns3:cad>
          </ns3:TrackPointExtension>
        </extensions>
      </trkpt>
      <trkpt lat="37.47056923806667327880859375" lon="126.95837854407727718353271484375">
        <ele>63.200000762939453125</ele>
        <time>2026-04-10T14:35:05.000Z</time>
        <extensions>
          <ns3:TrackPointExtension>
            <ns3:hr>144</ns3:hr>
            <ns3:cad>83</ns3:cad>
          </ns3:TrackPointExtension>
        </extensions>
      </trkpt>
      <trkpt lat="37.4705953896045684814453125" lon="126.95836597122251987457275390625">
        <ele>63.200000762939453125</ele>
        <time>2026-04-10T14:35:06.000Z</time>
        <extensions>
          <ns3:TrackPointExtension>
            <ns3:hr>145</ns3:hr>
            <ns3:cad>83</ns3:cad>
          </ns3:TrackPointExtension>
        </extensions>
      </trkpt>
      <trkpt lat="37.47062816284596920013427734375" lon="126.9583553262054920196533203125">
        <ele>63.200000762939453125</ele>
        <time>2026-04-10T14:35:07.000Z</time>
        <extensions>
          <ns3:TrackPointExtension>
            <ns3:hr>145</ns3:hr>
            <ns3:cad>83</ns3:cad>
          </ns3:TrackPointExtension>
        </extensions>
      </trkpt>
      <trkpt lat="37.47066286392509937286376953125" lon="126.958353482186794281005859375">
        <ele>63.200000762939453125</ele>
        <time>2026-04-10T14:35:08.000Z</time>
        <extensions>
          <ns3:TrackPointExtension>
            <ns3:hr>145</ns3:hr>
            <ns3:cad>82</ns3:cad>
          </ns3:TrackPointExtension>
        </extensions>
      </trkpt>
      <trkpt lat="37.47069890610873699188232421875" lon="126.95835608057677745819091796875">
        <ele>63</ele>
        <time>2026-04-10T14:35:09.000Z</time>
        <extensions>
          <ns3:TrackPointExtension>
            <ns3:hr>146</ns3:hr>
            <ns3:cad>82</ns3:cad>
          </ns3:TrackPointExtension>
        </extensions>
      </trkpt>
      <trkpt lat="37.470738887786865234375" lon="126.95837569423019886016845703125">
        <ele>63</ele>
        <time>2026-04-10T14:35:10.000Z</time>
        <extensions>
          <ns3:TrackPointExtension>
            <ns3:hr>146</ns3:hr>
            <ns3:cad>82</ns3:cad>
          </ns3:TrackPointExtension>
        </extensions>
      </trkpt>
      <trkpt lat="37.47076579369604587554931640625" lon="126.958382986485958099365234375">
        <ele>63</ele>
        <time>2026-04-10T14:35:11.000Z</time>
        <extensions>
          <ns3:TrackPointExtension>
            <ns3:hr>146</ns3:hr>
            <ns3:cad>83</ns3:cad>
          </ns3:TrackPointExtension>
        </extensions>
      </trkpt>
      <trkpt lat="37.47080770321190357208251953125" lon="126.95839346386492252349853515625">
        <ele>62.799999237060546875</ele>
        <time>2026-04-10T14:35:12.000Z</time>
        <extensions>
          <ns3:TrackPointExtension>
            <ns3:hr>145</ns3:hr>
            <ns3:cad>83</ns3:cad>
          </ns3:TrackPointExtension>
        </extensions>
      </trkpt>
      <trkpt lat="37.47084123082458972930908203125" lon="126.95840033702552318572998046875">
        <ele>62.799999237060546875</ele>
        <time>2026-04-10T14:35:13.000Z</time>
        <extensions>
          <ns3:TrackPointExtension>
            <ns3:hr>146</ns3:hr>
            <ns3:cad>83</ns3:cad>
          </ns3:TrackPointExtension>
        </extensions>
      </trkpt>
      <trkpt lat="37.47087123803794384002685546875" lon="126.95840871892869472503662109375">
        <ele>62.799999237060546875</ele>
        <time>2026-04-10T14:35:14.000Z</time>
        <extensions>
          <ns3:TrackPointExtension>
            <ns3:hr>145</ns3:hr>
            <ns3:cad>83</ns3:cad>
          </ns3:TrackPointExtension>
        </extensions>
      </trkpt>
      <trkpt lat="37.4709073640406131744384765625" lon="126.95842087268829345703125">
        <ele>62.799999237060546875</ele>
        <time>2026-04-10T14:35:15.000Z</time>
        <extensions>
          <ns3:TrackPointExtension>
            <ns3:hr>145</ns3:hr>
            <ns3:cad>83</ns3:cad>
          </ns3:TrackPointExtension>
        </extensions>
      </trkpt>
      <trkpt lat="37.47093410231173038482666015625" lon="126.9584247283637523651123046875">
        <ele>62.799999237060546875</ele>
        <time>2026-04-10T14:35:16.000Z</time>
        <extensions>
          <ns3:TrackPointExtension>
            <ns3:hr>146</ns3:hr>
            <ns3:cad>83</ns3:cad>
          </ns3:TrackPointExtension>
        </extensions>
      </trkpt>
      <trkpt lat="37.470966540277004241943359375" lon="126.9584341160953044891357421875">
        <ele>62.799999237060546875</ele>
        <time>2026-04-10T14:35:17.000Z</time>
        <extensions>
          <ns3:TrackPointExtension>
            <ns3:hr>146</ns3:hr>
            <ns3:cad>83</ns3:cad>
          </ns3:TrackPointExtension>
        </extensions>
      </trkpt>
      <trkpt lat="37.47100048698484897613525390625" lon="126.95844073779881000518798828125">
        <ele>62.799999237060546875</ele>
        <time>2026-04-10T14:35:18.000Z</time>
        <extensions>
          <ns3:TrackPointExtension>
            <ns3:hr>146</ns3:hr>
            <ns3:cad>83</ns3:cad>
          </ns3:TrackPointExtension>
        </extensions>
      </trkpt>
      <trkpt lat="37.4710263870656490325927734375" lon="126.95845347829163074493408203125">
        <ele>62.799999237060546875</ele>
        <time>2026-04-10T14:35:19.000Z</time>
        <extensions>
          <ns3:TrackPointExtension>
            <ns3:hr>146</ns3:hr>
            <ns3:cad>83</ns3:cad>
          </ns3:TrackPointExtension>
        </extensions>
      </trkpt>
      <trkpt lat="37.471062429249286651611328125" lon="126.95847108028829097747802734375">
        <ele>62.59999847412109375</ele>
        <time>2026-04-10T14:35:20.000Z</time>
        <extensions>
          <ns3:TrackPointExtension>
            <ns3:hr>145</ns3:hr>
            <ns3:cad>83</ns3:cad>
          </ns3:TrackPointExtension>
        </extensions>
      </trkpt>
      <trkpt lat="37.47108648531138896942138671875" lon="126.95847384631633758544921875">
        <ele>62.40000152587890625</ele>
        <time>2026-04-10T14:35:21.000Z</time>
        <extensions>
          <ns3:TrackPointExtension>
            <ns3:hr>146</ns3:hr>
            <ns3:cad>83</ns3:cad>
          </ns3:TrackPointExtension>
        </extensions>
      </trkpt>
      <trkpt lat="37.47112269513309001922607421875" lon="126.95848164148628711700439453125">
        <ele>62.40000152587890625</ele>
        <time>2026-04-10T14:35:22.000Z</time>
        <extensions>
          <ns3:TrackPointExtension>
            <ns3:hr>145</ns3:hr>
            <ns3:cad>83</ns3:cad>
          </ns3:TrackPointExtension>
        </extensions>
      </trkpt>
      <trkpt lat="37.4711581505835056304931640625" lon="126.95849136449396610260009765625">
        <ele>62.200000762939453125</ele>
        <time>2026-04-10T14:35:23.000Z</time>
        <extensions>
          <ns3:TrackPointExtension>
            <ns3:hr>145</ns3:hr>
            <ns3:cad>83</ns3:cad>
          </ns3:TrackPointExtension>
        </extensions>
      </trkpt>
      <trkpt lat="37.471182458102703094482421875" lon="126.95849798619747161865234375">
        <ele>62.200000762939453125</ele>
        <time>2026-04-10T14:35:24.000Z</time>
        <extensions>
          <ns3:TrackPointExtension>
            <ns3:hr>146</ns3:hr>
            <ns3:cad>83</ns3:cad>
          </ns3:TrackPointExtension>
        </extensions>
      </trkpt>
      <trkpt lat="37.471219338476657867431640625" lon="126.9585115648806095123291015625">
        <ele>62.200000762939453125</ele>
        <time>2026-04-10T14:35:25.000Z</time>
        <extensions>
          <ns3:TrackPointExtension>
            <ns3:hr>146</ns3:hr>
            <ns3:cad>84</ns3:cad>
          </ns3:TrackPointExtension>
        </extensions>
      </trkpt>
      <trkpt lat="37.471246160566806793212890625" lon="126.9585142470896244049072265625">
        <ele>62.200000762939453125</ele>
        <time>2026-04-10T14:35:26.000Z</time>
        <extensions>
          <ns3:TrackPointExtension>
            <ns3:hr>146</ns3:hr>
            <ns3:cad>85</ns3:cad>
          </ns3:TrackPointExtension>
        </extensions>
      </trkpt>
      <trkpt lat="37.471277676522731781005859375" lon="126.95852170698344707489013671875">
        <ele>62.200000762939453125</ele>
        <time>2026-04-10T14:35:27.000Z</time>
        <extensions>
          <ns3:TrackPointExtension>
            <ns3:hr>147</ns3:hr>
            <ns3:cad>85</ns3:cad>
          </ns3:TrackPointExtension>
        </extensions>
      </trkpt>
      <trkpt lat="37.4713107012212276458740234375" lon="126.95852338336408138275146484375">
        <ele>62.200000762939453125</ele>
        <time>2026-04-10T14:35:28.000Z</time>
        <extensions>
          <ns3:TrackPointExtension>
            <ns3:hr>147</ns3:hr>
            <ns3:cad>85</ns3:cad>
          </ns3:TrackPointExtension>
        </extensions>
      </trkpt>
      <trkpt lat="37.471336014568805694580078125" lon="126.958520449697971343994140625">
        <ele>62.200000762939453125</ele>
        <time>2026-04-10T14:35:29.000Z</time>
        <extensions>
          <ns3:TrackPointExtension>
            <ns3:hr>147</ns3:hr>
            <ns3:cad>85</ns3:cad>
          </ns3:TrackPointExtension>
        </extensions>
      </trkpt>
      <trkpt lat="37.47137482278048992156982421875" lon="126.9585310108959674835205078125">
        <ele>62.200000762939453125</ele>
        <time>2026-04-10T14:35:30.000Z</time>
        <extensions>
          <ns3:TrackPointExtension>
            <ns3:hr>147</ns3:hr>
            <ns3:cad>85</ns3:cad>
          </ns3:TrackPointExtension>
        </extensions>
      </trkpt>
      <trkpt lat="37.47139996849000453948974609375" lon="126.95852757431566715240478515625">
        <ele>62.200000762939453125</ele>
        <time>2026-04-10T14:35:31.000Z</time>
        <extensions>
          <ns3:TrackPointExtension>
            <ns3:hr>147</ns3:hr>
            <ns3:cad>83</ns3:cad>
          </ns3:TrackPointExtension>
        </extensions>
      </trkpt>
      <trkpt lat="37.47143735177814960479736328125" lon="126.9585293345153331756591796875">
        <ele>62</ele>
        <time>2026-04-10T14:35:32.000Z</time>
        <extensions>
          <ns3:TrackPointExtension>
            <ns3:hr>147</ns3:hr>
            <ns3:cad>83</ns3:cad>
          </ns3:TrackPointExtension>
        </extensions>
      </trkpt>
      <trkpt lat="37.471472136676311492919921875" lon="126.95853696204721927642822265625">
        <ele>62</ele>
        <time>2026-04-10T14:35:33.000Z</time>
        <extensions>
          <ns3:TrackPointExtension>
            <ns3:hr>147</ns3:hr>
            <ns3:cad>83</ns3:cad>
          </ns3:TrackPointExtension>
        </extensions>
      </trkpt>
      <trkpt lat="37.4715019762516021728515625" lon="126.9585400633513927459716796875">
        <ele>62</ele>
        <time>2026-04-10T14:35:34.000Z</time>
        <extensions>
          <ns3:TrackPointExtension>
            <ns3:hr>147</ns3:hr>
            <ns3:cad>83</ns3:cad>
          </ns3:TrackPointExtension>
        </extensions>
      </trkpt>
      <trkpt lat="37.47153818607330322265625" lon="126.95854769088327884674072265625">
        <ele>61.799999237060546875</ele>
        <time>2026-04-10T14:35:35.000Z</time>
        <extensions>
          <ns3:TrackPointExtension>
            <ns3:hr>147</ns3:hr>
            <ns3:cad>83</ns3:cad>
          </ns3:TrackPointExtension>
        </extensions>
      </trkpt>
      <trkpt lat="37.4715648405253887176513671875" lon="126.95855255238711833953857421875">
        <ele>61.799999237060546875</ele>
        <time>2026-04-10T14:35:36.000Z</time>
        <extensions>
          <ns3:TrackPointExtension>
            <ns3:hr>146</ns3:hr>
            <ns3:cad>83</ns3:cad>
          </ns3:TrackPointExtension>
        </extensions>
      </trkpt>
      <trkpt lat="37.471595518290996551513671875" lon="126.95856059901416301727294921875">
        <ele>61.59999847412109375</ele>
        <time>2026-04-10T14:35:37.000Z</time>
        <extensions>
          <ns3:TrackPointExtension>
            <ns3:hr>147</ns3:hr>
            <ns3:cad>83</ns3:cad>
          </ns3:TrackPointExtension>
        </extensions>
      </trkpt>
      <trkpt lat="37.47162544168531894683837890625" lon="126.95857685990631580352783203125">
        <ele>61.59999847412109375</ele>
        <time>2026-04-10T14:35:38.000Z</time>
        <extensions>
          <ns3:TrackPointExtension>
            <ns3:hr>147</ns3:hr>
            <ns3:cad>83</ns3:cad>
          </ns3:TrackPointExtension>
        </extensions>
      </trkpt>
      <trkpt lat="37.471647821366786956787109375" lon="126.95858440361917018890380859375">
        <ele>61.59999847412109375</ele>
        <time>2026-04-10T14:35:39.000Z</time>
        <extensions>
          <ns3:TrackPointExtension>
            <ns3:hr>147</ns3:hr>
            <ns3:cad>83</ns3:cad>
          </ns3:TrackPointExtension>
        </extensions>
      </trkpt>
      <trkpt lat="37.4716862104833126068115234375" lon="126.95859882049262523651123046875">
        <ele>61.59999847412109375</ele>
        <time>2026-04-10T14:35:40.000Z</time>
        <extensions>
          <ns3:TrackPointExtension>
            <ns3:hr>147</ns3:hr>
            <ns3:cad>84</ns3:cad>
          </ns3:TrackPointExtension>
        </extensions>
      </trkpt>
      <trkpt lat="37.47171026654541492462158203125" lon="126.95860016159713268280029296875">
        <ele>61.59999847412109375</ele>
        <time>2026-04-10T14:35:41.000Z</time>
        <extensions>
          <ns3:TrackPointExtension>
            <ns3:hr>147</ns3:hr>
            <ns3:cad>84</ns3:cad>
          </ns3:TrackPointExtension>
        </extensions>
      </trkpt>
      <trkpt lat="37.47173859737813472747802734375" lon="126.95860569365322589874267578125">
        <ele>61.40000152587890625</ele>
        <time>2026-04-10T14:35:42.000Z</time>
        <extensions>
          <ns3:TrackPointExtension>
            <ns3:hr>147</ns3:hr>
            <ns3:cad>84</ns3:cad>
          </ns3:TrackPointExtension>
        </extensions>
      </trkpt>
      <trkpt lat="37.4717760644853115081787109375" lon="126.9586275704205036163330078125">
        <ele>61.40000152587890625</ele>
        <time>2026-04-10T14:35:43.000Z</time>
        <extensions>
          <ns3:TrackPointExtension>
            <ns3:hr>147</ns3:hr>
            <ns3:cad>84</ns3:cad>
          </ns3:TrackPointExtension>
        </extensions>
      </trkpt>
      <trkpt lat="37.471803724765777587890625" lon="126.95863544940948486328125">
        <ele>61.200000762939453125</ele>
        <time>2026-04-10T14:35:44.000Z</time>
        <extensions>
          <ns3:TrackPointExtension>
            <ns3:hr>146</ns3:hr>
            <ns3:cad>84</ns3:cad>
          </ns3:TrackPointExtension>
        </extensions>
      </trkpt>
      <trkpt lat="37.47183884494006633758544921875" lon="126.958649195730686187744140625">
        <ele>61.200000762939453125</ele>
        <time>2026-04-10T14:35:45.000Z</time>
        <extensions>
          <ns3:TrackPointExtension>
            <ns3:hr>147</ns3:hr>
            <ns3:cad>84</ns3:cad>
          </ns3:TrackPointExtension>
        </extensions>
      </trkpt>
      <trkpt lat="37.4718712829053401947021484375" lon="126.9586621038615703582763671875">
        <ele>61</ele>
        <time>2026-04-10T14:35:46.000Z</time>
        <extensions>
          <ns3:TrackPointExtension>
            <ns3:hr>147</ns3:hr>
            <ns3:cad>83</ns3:cad>
          </ns3:TrackPointExtension>
        </extensions>
      </trkpt>
      <trkpt lat="37.4718957580626010894775390625" lon="126.958671994507312774658203125">
        <ele>61</ele>
        <time>2026-04-10T14:35:47.000Z</time>
        <extensions>
          <ns3:TrackPointExtension>
            <ns3:hr>147</ns3:hr>
            <ns3:cad>83</ns3:cad>
          </ns3:TrackPointExtension>
        </extensions>
      </trkpt>
      <trkpt lat="37.47193004004657268524169921875" lon="126.95868683047592639923095703125">
        <ele>60.799999237060546875</ele>
        <time>2026-04-10T14:35:48.000Z</time>
        <extensions>
          <ns3:TrackPointExtension>
            <ns3:hr>147</ns3:hr>
            <ns3:cad>83</ns3:cad>
          </ns3:TrackPointExtension>
        </extensions>
      </trkpt>
      <trkpt lat="37.47195334173738956451416015625" lon="126.958696134388446807861328125">
        <ele>60.799999237060546875</ele>
        <time>2026-04-10T14:35:49.000Z</time>
        <extensions>
          <ns3:TrackPointExtension>
            <ns3:hr>146</ns3:hr>
            <ns3:cad>83</ns3:cad>
          </ns3:TrackPointExtension>
        </extensions>
      </trkpt>
      <trkpt lat="37.471987791359424591064453125" lon="126.95870879106223583221435546875">
        <ele>60.799999237060546875</ele>
        <time>2026-04-10T14:35:50.000Z</time>
        <extensions>
          <ns3:TrackPointExtension>
            <ns3:hr>146</ns3:hr>
            <ns3:cad>83</ns3:cad>
          </ns3:TrackPointExtension>
        </extensions>
      </trkpt>
      <trkpt lat="37.47202433645725250244140625" lon="126.9587214477360248565673828125">
        <ele>60.799999237060546875</ele>
        <time>2026-04-10T14:35:51.000Z</time>
        <extensions>
          <ns3:TrackPointExtension>
            <ns3:hr>146</ns3:hr>
            <ns3:cad>83</ns3:cad>
          </ns3:TrackPointExtension>
        </extensions>
      </trkpt>
      <trkpt lat="37.47204981744289398193359375" lon="126.9587253034114837646484375">
        <ele>60.799999237060546875</ele>
        <time>2026-04-10T14:35:52.000Z</time>
        <extensions>
          <ns3:TrackPointExtension>
            <ns3:hr>145</ns3:hr>
            <ns3:cad>83</ns3:cad>
          </ns3:TrackPointExtension>
        </extensions>
      </trkpt>
      <trkpt lat="37.47208929620683193206787109375" lon="126.9587351940572261810302734375">
        <ele>60.59999847412109375</ele>
        <time>2026-04-10T14:35:53.000Z</time>
        <extensions>
          <ns3:TrackPointExtension>
            <ns3:hr>145</ns3:hr>
            <ns3:cad>83</ns3:cad>
          </ns3:TrackPointExtension>
        </extensions>
      </trkpt>
      <trkpt lat="37.472117207944393157958984375" lon="126.95873796008527278900146484375">
        <ele>60.59999847412109375</ele>
        <time>2026-04-10T14:35:54.000Z</time>
        <extensions>
          <ns3:TrackPointExtension>
            <ns3:hr>145</ns3:hr>
            <ns3:cad>83</ns3:cad>
          </ns3:TrackPointExtension>
        </extensions>
      </trkpt>
      <trkpt lat="37.4721512384712696075439453125" lon="126.9587516225874423980712890625">
        <ele>60.59999847412109375</ele>
        <time>2026-04-10T14:35:55.000Z</time>
        <extensions>
          <ns3:TrackPointExtension>
            <ns3:hr>145</ns3:hr>
            <ns3:cad>83</ns3:cad>
          </ns3:TrackPointExtension>
        </extensions>
      </trkpt>
      <trkpt lat="37.47218736447393894195556640625" lon="126.958782970905303955078125">
        <ele>60.59999847412109375</ele>
        <time>2026-04-10T14:35:56.000Z</time>
        <extensions>
          <ns3:TrackPointExtension>
            <ns3:hr>146</ns3:hr>
            <ns3:cad>83</ns3:cad>
          </ns3:TrackPointExtension>
        </extensions>
      </trkpt>
      <trkpt lat="37.47220831923186779022216796875" lon="126.95880719460546970367431640625">
        <ele>60.40000152587890625</ele>
        <time>2026-04-10T14:35:57.000Z</time>
        <extensions>
          <ns3:TrackPointExtension>
            <ns3:hr>145</ns3:hr>
            <ns3:cad>83</ns3:cad>
          </ns3:TrackPointExtension>
        </extensions>
      </trkpt>
      <trkpt lat="37.47222818434238433837890625" lon="126.9588444940745830535888671875">
        <ele>60.40000152587890625</ele>
        <time>2026-04-10T14:35:58.000Z</time>
        <extensions>
          <ns3:TrackPointExtension>
            <ns3:hr>145</ns3:hr>
            <ns3:cad>83</ns3:cad>
          </ns3:TrackPointExtension>
        </extensions>
      </trkpt>
      <trkpt lat="37.47223732061684131622314453125" lon="126.958884894847869873046875">
        <ele>60.40000152587890625</ele>
        <time>2026-04-10T14:35:59.000Z</time>
        <extensions>
          <ns3:TrackPointExtension>
            <ns3:hr>145</ns3:hr>
            <ns3:cad>83</ns3:cad>
          </ns3:TrackPointExtension>
        </extensions>
      </trkpt>
      <trkpt lat="37.4722239933907985687255859375" lon="126.95893225260078907012939453125">
        <ele>60.40000152587890625</ele>
        <time>2026-04-10T14:36:00.000Z</time>
        <extensions>
          <ns3:TrackPointExtension>
            <ns3:hr>144</ns3:hr>
            <ns3:cad>83</ns3:cad>
          </ns3:TrackPointExtension>
        </extensions>
      </trkpt>
      <trkpt lat="37.47220194898545742034912109375" lon="126.95897030644118785858154296875">
        <ele>60.200000762939453125</ele>
        <time>2026-04-10T14:36:01.000Z</time>
        <extensions>
          <ns3:TrackPointExtension>
            <ns3:hr>144</ns3:hr>
            <ns3:cad>83</ns3:cad>
          </ns3:TrackPointExtension>
        </extensions>
      </trkpt>
      <trkpt lat="37.4721780605614185333251953125" lon="126.95899444632232189178466796875">
        <ele>60.200000762939453125</ele>
        <time>2026-04-10T14:36:02.000Z</time>
        <extensions>
          <ns3:TrackPointExtension>
            <ns3:hr>144</ns3:hr>
            <ns3:cad>83</ns3:cad>
          </ns3:TrackPointExtension>
        </extensions>
      </trkpt>
      <trkpt lat="37.4721458740532398223876953125" lon="126.95902026258409023284912109375">
        <ele>60.200000762939453125</ele>
        <time>2026-04-10T14:36:03.000Z</time>
        <extensions>
          <ns3:TrackPointExtension>
            <ns3:hr>143</ns3:hr>
            <ns3:cad>83</ns3:cad>
          </ns3:TrackPointExtension>
        </extensions>
      </trkpt>
      <trkpt lat="37.47211326844990253448486328125" lon="126.95903518237173557281494140625">
        <ele>60</ele>
        <time>2026-04-10T14:36:04.000Z</time>
        <extensions>
          <ns3:TrackPointExtension>
            <ns3:hr>143</ns3:hr>
            <ns3:cad>83</ns3:cad>
          </ns3:TrackPointExtension>
        </extensions>
      </trkpt>
      <trkpt lat="37.4720905534923076629638671875" lon="126.95904909633100032806396484375">
        <ele>60</ele>
        <time>2026-04-10T14:36:05.000Z</time>
        <extensions>
          <ns3:TrackPointExtension>
            <ns3:hr>143</ns3:hr>
            <ns3:cad>83</ns3:cad>
          </ns3:TrackPointExtension>
        </extensions>
      </trkpt>
      <trkpt lat="37.47205392457544803619384765625" lon="126.9590714760124683380126953125">
        <ele>60</ele>
        <time>2026-04-10T14:36:06.000Z</time>
        <extensions>
          <ns3:TrackPointExtension>
            <ns3:hr>143</ns3:hr>
            <ns3:cad>83</ns3:cad>
          </ns3:TrackPointExtension>
        </extensions>
      </trkpt>
      <trkpt lat="37.472023665904998779296875" lon="126.95908983238041400909423828125">
        <ele>60</ele>
        <time>2026-04-10T14:36:07.000Z</time>
        <extensions>
          <ns3:TrackPointExtension>
            <ns3:hr>144</ns3:hr>
            <ns3:cad>83</ns3:cad>
          </ns3:TrackPointExtension>
        </extensions>
      </trkpt>
      <trkpt lat="37.47198821045458316802978515625" lon="126.95910844020545482635498046875">
        <ele>60</ele>
        <time>2026-04-10T14:36:08.000Z</time>
        <extensions>
          <ns3:TrackPointExtension>
            <ns3:hr>144</ns3:hr>
            <ns3:cad>83</ns3:cad>
          </ns3:TrackPointExtension>
        </extensions>
      </trkpt>
      <trkpt lat="37.47195300646126270294189453125" lon="126.9591207616031169891357421875">
        <ele>59.799999237060546875</ele>
        <time>2026-04-10T14:36:09.000Z</time>
        <extensions>
          <ns3:TrackPointExtension>
            <ns3:hr>145</ns3:hr>
            <ns3:cad>83</ns3:cad>
          </ns3:TrackPointExtension>
        </extensions>
      </trkpt>
      <trkpt lat="37.47193238697946071624755859375" lon="126.9591365195810794830322265625">
        <ele>59.799999237060546875</ele>
        <time>2026-04-10T14:36:10.000Z</time>
        <extensions>
          <ns3:TrackPointExtension>
            <ns3:hr>145</ns3:hr>
            <ns3:cad>82</ns3:cad>
          </ns3:TrackPointExtension>
        </extensions>
      </trkpt>
      <trkpt lat="37.4718957580626010894775390625" lon="126.959152780473232269287109375">
        <ele>59.799999237060546875</ele>
        <time>2026-04-10T14:36:11.000Z</time>
        <extensions>
          <ns3:TrackPointExtension>
            <ns3:hr>145</ns3:hr>
            <ns3:cad>82</ns3:cad>
          </ns3:TrackPointExtension>
        </extensions>
      </trkpt>
      <trkpt lat="37.47186667285859584808349609375" lon="126.959167532622814178466796875">
        <ele>59.799999237060546875</ele>
        <time>2026-04-10T14:36:12.000Z</time>
        <extensions>
          <ns3:TrackPointExtension>
            <ns3:hr>146</ns3:hr>
            <ns3:cad>82</ns3:cad>
          </ns3:TrackPointExtension>
        </extensions>
      </trkpt>
      <trkpt lat="37.471836917102336883544921875" lon="126.9591831229627132415771484375">
        <ele>59.799999237060546875</ele>
        <time>2026-04-10T14:36:13.000Z</time>
        <extensions>
          <ns3:TrackPointExtension>
            <ns3:hr>146</ns3:hr>
            <ns3:cad>82</ns3:cad>
          </ns3:TrackPointExtension>
        </extensions>
      </trkpt>
      <trkpt lat="37.47180095873773097991943359375" lon="126.95919812656939029693603515625">
        <ele>59.799999237060546875</ele>
        <time>2026-04-10T14:36:14.000Z</time>
        <extensions>
          <ns3:TrackPointExtension>
            <ns3:hr>146</ns3:hr>
            <ns3:cad>82</ns3:cad>
          </ns3:TrackPointExtension>
        </extensions>
      </trkpt>
      <trkpt lat="37.4717774055898189544677734375" lon="126.9592161476612091064453125">
        <ele>60</ele>
        <time>2026-04-10T14:36:15.000Z</time>
        <extensions>
          <ns3:TrackPointExtension>
            <ns3:hr>146</ns3:hr>
            <ns3:cad>82</ns3:cad>
          </ns3:TrackPointExtension>
        </extensions>
      </trkpt>
      <trkpt lat="37.471749745309352874755859375" lon="126.9592230208218097686767578125">
        <ele>59.799999237060546875</ele>
        <time>2026-04-10T14:36:16.000Z</time>
        <extensions>
          <ns3:TrackPointExtension>
            <ns3:hr>146</ns3:hr>
            <ns3:cad>82</ns3:cad>
          </ns3:TrackPointExtension>
        </extensions>
      </trkpt>
      <trkpt lat="37.4717160500586032867431640625" lon="126.95923157036304473876953125">
        <ele>59.59999847412109375</ele>
        <time>2026-04-10T14:36:17.000Z</time>
        <extensions>
          <ns3:TrackPointExtension>
            <ns3:hr>146</ns3:hr>
            <ns3:cad>82</ns3:cad>
          </ns3:TrackPointExtension>
        </extensions>
      </trkpt>
      <trkpt lat="37.47169249691069126129150390625" lon="126.95924741216003894805908203125">
        <ele>59.59999847412109375</ele>
        <time>2026-04-10T14:36:18.000Z</time>
        <extensions>
          <ns3:TrackPointExtension>
            <ns3:hr>146</ns3:hr>
            <ns3:cad>82</ns3:cad>
          </ns3:TrackPointExtension>
        </extensions>
      </trkpt>
      <trkpt lat="37.47165762819349765777587890625" lon="126.9592595659196376800537109375">
        <ele>59.40000152587890625</ele>
        <time>2026-04-10T14:36:19.000Z</time>
        <extensions>
          <ns3:TrackPointExtension>
            <ns3:hr>145</ns3:hr>
            <ns3:cad>82</ns3:cad>
          </ns3:TrackPointExtension>
        </extensions>
      </trkpt>
      <trkpt lat="37.47163298539817333221435546875" lon="126.9592706300318241119384765625">
        <ele>59.40000152587890625</ele>
        <time>2026-04-10T14:36:20.000Z</time>
        <extensions>
          <ns3:TrackPointExtension>
            <ns3:hr>146</ns3:hr>
            <ns3:cad>82</ns3:cad>
          </ns3:TrackPointExtension>
        </extensions>
      </trkpt>
      <trkpt lat="37.47160314582288265228271484375" lon="126.9592873938381671905517578125">
        <ele>59.40000152587890625</ele>
        <time>2026-04-10T14:36:21.000Z</time>
        <extensions>
          <ns3:TrackPointExtension>
            <ns3:hr>146</ns3:hr>
            <ns3:cad>82</ns3:cad>
          </ns3:TrackPointExtension>
        </extensions>
      </trkpt>
      <trkpt lat="37.4715717136859893798828125" lon="126.95929502137005329132080078125">
        <ele>59.59999847412109375</ele>
        <time>2026-04-10T14:36:22.000Z</time>
        <extensions>
          <ns3:TrackPointExtension>
            <ns3:hr>145</ns3:hr>
            <ns3:cad>82</ns3:cad>
          </ns3:TrackPointExtension>
        </extensions>
      </trkpt>
      <trkpt lat="37.47154916636645793914794921875" lon="126.95930390618741512298583984375">
        <ele>59.59999847412109375</ele>
        <time>2026-04-10T14:36:23.000Z</time>
        <extensions>
          <ns3:TrackPointExtension>
            <ns3:hr>145</ns3:hr>
            <ns3:cad>82</ns3:cad>
          </ns3:TrackPointExtension>
        </extensions>
      </trkpt>
      <trkpt lat="37.47151597402989864349365234375" lon="126.9593172334134578704833984375">
        <ele>59.799999237060546875</ele>
        <time>2026-04-10T14:36:24.000Z</time>
        <extensions>
          <ns3:TrackPointExtension>
            <ns3:hr>145</ns3:hr>
            <ns3:cad>82</ns3:cad>
          </ns3:TrackPointExtension>
        </extensions>
      </trkpt>
      <trkpt lat="37.47148781083524227142333984375" lon="126.9593323208391666412353515625">
        <ele>59.799999237060546875</ele>
        <time>2026-04-10T14:36:25.000Z</time>
        <extensions>
          <ns3:TrackPointExtension>
            <ns3:hr>146</ns3:hr>
            <ns3:cad>83</ns3:cad>
          </ns3:TrackPointExtension>
        </extensions>
      </trkpt>
      <trkpt lat="37.47146216221153736114501953125" lon="126.95934900082647800445556640625">
        <ele>59.799999237060546875</ele>
        <time>2026-04-10T14:36:26.000Z</time>
        <extensions>
          <ns3:TrackPointExtension>
            <ns3:hr>145</ns3:hr>
            <ns3:cad>83</ns3:cad>
          </ns3:TrackPointExtension>
        </extensions>
      </trkpt>
      <trkpt lat="37.4714273773133754730224609375" lon="126.9593571312725543975830078125">
        <ele>59.799999237060546875</ele>
        <time>2026-04-10T14:36:27.000Z</time>
        <extensions>
          <ns3:TrackPointExtension>
            <ns3:hr>145</ns3:hr>
            <ns3:cad>83</ns3:cad>
          </ns3:TrackPointExtension>
        </extensions>
      </trkpt>
      <trkpt lat="37.4714012257754802703857421875" lon="126.9593631662428379058837890625">
        <ele>60</ele>
        <time>2026-04-10T14:36:28.000Z</time>
        <extensions>
          <ns3:TrackPointExtension>
            <ns3:hr>146</ns3:hr>
            <ns3:cad>83</ns3:cad>
          </ns3:TrackPointExtension>
        </extensions>
      </trkpt>
      <trkpt lat="37.47136459685862064361572265625" lon="126.95936576463282108306884765625">
        <ele>60</ele>
        <time>2026-04-10T14:36:29.000Z</time>
        <extensions>
          <ns3:TrackPointExtension>
            <ns3:hr>145</ns3:hr>
            <ns3:cad>83</ns3:cad>
          </ns3:TrackPointExtension>
        </extensions>
      </trkpt>
      <trkpt lat="37.47133090160787105560302734375" lon="126.95936509408056735992431640625">
        <ele>60</ele>
        <time>2026-04-10T14:36:30.000Z</time>
        <extensions>
          <ns3:TrackPointExtension>
            <ns3:hr>146</ns3:hr>
            <ns3:cad>83</ns3:cad>
          </ns3:TrackPointExtension>
        </extensions>
      </trkpt>
      <trkpt lat="37.4713050015270709991455078125" lon="126.9593663513660430908203125">
        <ele>60</ele>
        <time>2026-04-10T14:36:31.000Z</time>
        <extensions>
          <ns3:TrackPointExtension>
            <ns3:hr>146</ns3:hr>
            <ns3:cad>83</ns3:cad>
          </ns3:TrackPointExtension>
        </extensions>
      </trkpt>
      <trkpt lat="37.47127063572406768798828125" lon="126.959360651671886444091796875">
        <ele>59.799999237060546875</ele>
        <time>2026-04-10T14:36:32.000Z</time>
        <extensions>
          <ns3:TrackPointExtension>
            <ns3:hr>146</ns3:hr>
            <ns3:cad>83</ns3:cad>
          </ns3:TrackPointExtension>
        </extensions>
      </trkpt>
      <trkpt lat="37.47124205343425273895263671875" lon="126.95935570634901523590087890625">
        <ele>59.59999847412109375</ele>
        <time>2026-04-10T14:36:33.000Z</time>
        <extensions>
          <ns3:TrackPointExtension>
            <ns3:hr>146</ns3:hr>
            <ns3:cad>83</ns3:cad>
          </ns3:TrackPointExtension>
        </extensions>
      </trkpt>
      <trkpt lat="37.47121104039251804351806640625" lon="126.95934833027422428131103515625">
        <ele>59.59999847412109375</ele>
        <time>2026-04-10T14:36:34.000Z</time>
        <extensions>
          <ns3:TrackPointExtension>
            <ns3:hr>145</ns3:hr>
            <ns3:cad>83</ns3:cad>
          </ns3:TrackPointExtension>
        </extensions>
      </trkpt>
      <trkpt lat="37.47118019498884677886962890625" lon="126.95932972244918346405029296875">
        <ele>59.59999847412109375</ele>
        <time>2026-04-10T14:36:35.000Z</time>
        <extensions>
          <ns3:TrackPointExtension>
            <ns3:hr>146</ns3:hr>
            <ns3:cad>83</ns3:cad>
          </ns3:TrackPointExtension>
        </extensions>
      </trkpt>
      <trkpt lat="37.47115194797515869140625" lon="126.9593266211450099945068359375">
        <ele>59.59999847412109375</ele>
        <time>2026-04-10T14:36:36.000Z</time>
        <extensions>
          <ns3:TrackPointExtension>
            <ns3:hr>146</ns3:hr>
            <ns3:cad>83</ns3:cad>
          </ns3:TrackPointExtension>
        </extensions>
      </trkpt>
      <trkpt lat="37.47111900709569454193115234375" lon="126.95930424146354198455810546875">
        <ele>59.59999847412109375</ele>
        <time>2026-04-10T14:36:37.000Z</time>
        <extensions>
          <ns3:TrackPointExtension>
            <ns3:hr>146</ns3:hr>
            <ns3:cad>83</ns3:cad>
          </ns3:TrackPointExtension>
        </extensions>
      </trkpt>
      <trkpt lat="37.47109218500554561614990234375" lon="126.9592860527336597442626953125">
        <ele>59.799999237060546875</ele>
        <time>2026-04-10T14:36:38.000Z</time>
        <extensions>
          <ns3:TrackPointExtension>
            <ns3:hr>146</ns3:hr>
            <ns3:cad>83</ns3:cad>
          </ns3:TrackPointExtension>
        </extensions>
      </trkpt>
      <trkpt lat="37.47106284834444522857666015625" lon="126.959264762699604034423828125">
        <ele>59.799999237060546875</ele>
        <time>2026-04-10T14:36:39.000Z</time>
        <extensions>
          <ns3:TrackPointExtension>
            <ns3:hr>146</ns3:hr>
            <ns3:cad>83</ns3:cad>
          </ns3:TrackPointExtension>
        </extensions>
      </trkpt>
      <trkpt lat="37.4710414744913578033447265625" lon="126.95923232473433017730712890625">
        <ele>59.799999237060546875</ele>
        <time>2026-04-10T14:36:40.000Z</time>
        <extensions>
          <ns3:TrackPointExtension>
            <ns3:hr>145</ns3:hr>
            <ns3:cad>83</ns3:cad>
          </ns3:TrackPointExtension>
        </extensions>
      </trkpt>
      <trkpt lat="37.471018172800540924072265625" lon="126.95921019650995731353759765625">
        <ele>59.799999237060546875</ele>
        <time>2026-04-10T14:36:41.000Z</time>
        <extensions>
          <ns3:TrackPointExtension>
            <ns3:hr>146</ns3:hr>
            <ns3:cad>83</ns3:cad>
          </ns3:TrackPointExtension>
        </extensions>
      </trkpt>
      <trkpt lat="37.4709988944232463836669921875" lon="126.95917147211730480194091796875">
        <ele>60</ele>
        <time>2026-04-10T14:36:42.000Z</time>
        <extensions>
          <ns3:TrackPointExtension>
            <ns3:hr>146</ns3:hr>
            <ns3:cad>83</ns3:cad>
          </ns3:TrackPointExtension>
        </extensions>
      </trkpt>
      <trkpt lat="37.470975257456302642822265625" lon="126.95914532057940959930419921875">
        <ele>60</ele>
        <time>2026-04-10T14:36:43.000Z</time>
        <extensions>
          <ns3:TrackPointExtension>
            <ns3:hr>145</ns3:hr>
            <ns3:cad>83</ns3:cad>
          </ns3:TrackPointExtension>
        </extensions>
      </trkpt>
      <trkpt lat="37.47095036320388317108154296875" lon="126.95911212824285030364990234375">
        <ele>60</ele>
        <time>2026-04-10T14:36:44.000Z</time>
        <extensions>
          <ns3:TrackPointExtension>
            <ns3:hr>145</ns3:hr>
            <ns3:cad>83</ns3:cad>
          </ns3:TrackPointExtension>
        </extensions>
      </trkpt>
      <trkpt lat="37.47093460522592067718505859375" lon="126.95908044464886188507080078125">
        <ele>60.200000762939453125</ele>
        <time>2026-04-10T14:36:45.000Z</time>
        <extensions>
          <ns3:TrackPointExtension>
            <ns3:hr>145</ns3:hr>
            <ns3:cad>83</ns3:cad>
          </ns3:TrackPointExtension>
        </extensions>
      </trkpt>
      <trkpt lat="37.4709130637347698211669921875" lon="126.9590580649673938751220703125">
        <ele>60.40000152587890625</ele>
        <time>2026-04-10T14:36:46.000Z</time>
        <extensions>
          <ns3:TrackPointExtension>
            <ns3:hr>145</ns3:hr>
            <ns3:cad>83</ns3:cad>
          </ns3:TrackPointExtension>
        </extensions>
      </trkpt>
      <trkpt lat="37.470890097320079803466796875" lon="126.9590203464031219482421875">
        <ele>60.40000152587890625</ele>
        <time>2026-04-10T14:36:47.000Z</time>
        <extensions>
          <ns3:TrackPointExtension>
            <ns3:hr>146</ns3:hr>
            <ns3:cad>83</ns3:cad>
          </ns3:TrackPointExtension>
        </extensions>
      </trkpt>
      <trkpt lat="37.47086570598185062408447265625" lon="126.95899243466556072235107421875">
        <ele>60.59999847412109375</ele>
        <time>2026-04-10T14:36:48.000Z</time>
        <extensions>
          <ns3:TrackPointExtension>
            <ns3:hr>146</ns3:hr>
            <ns3:cad>84</ns3:cad>
          </ns3:TrackPointExtension>
        </extensions>
      </trkpt>
      <trkpt lat="37.47084441594779491424560546875" lon="126.9589655287563800811767578125">
        <ele>60.799999237060546875</ele>
        <time>2026-04-10T14:36:49.000Z</time>
        <extensions>
          <ns3:TrackPointExtension>
            <ns3:hr>146</ns3:hr>
            <ns3:cad>84</ns3:cad>
          </ns3:TrackPointExtension>
        </extensions>
      </trkpt>
      <trkpt lat="37.47082899324595928192138671875" lon="126.9589299894869327545166015625">
        <ele>60.799999237060546875</ele>
        <time>2026-04-10T14:36:50.000Z</time>
        <extensions>
          <ns3:TrackPointExtension>
            <ns3:hr>145</ns3:hr>
            <ns3:cad>84</ns3:cad>
          </ns3:TrackPointExtension>
        </extensions>
      </trkpt>
      <trkpt lat="37.47080904431641101837158203125" lon="126.95890836417675018310546875">
        <ele>61</ele>
        <time>2026-04-10T14:36:51.000Z</time>
        <extensions>
          <ns3:TrackPointExtension>
            <ns3:hr>146</ns3:hr>
            <ns3:cad>83</ns3:cad>
          </ns3:TrackPointExtension>
        </extensions>
      </trkpt>
      <trkpt lat="37.470791526138782501220703125" lon="126.958876512944698333740234375">
        <ele>61</ele>
        <time>2026-04-10T14:36:52.000Z</time>
        <extensions>
          <ns3:TrackPointExtension>
            <ns3:hr>146</ns3:hr>
            <ns3:cad>83</ns3:cad>
          </ns3:TrackPointExtension>
        </extensions>
      </trkpt>
      <trkpt lat="37.4707710742950439453125" lon="126.9588418118655681610107421875">
        <ele>61.200000762939453125</ele>
        <time>2026-04-10T14:36:53.000Z</time>
        <extensions>
          <ns3:TrackPointExtension>
            <ns3:hr>145</ns3:hr>
            <ns3:cad>83</ns3:cad>
          </ns3:TrackPointExtension>
        </extensions>
      </trkpt>
      <trkpt lat="37.47075506485998630523681640625" lon="126.95881582796573638916015625">
        <ele>61.40000152587890625</ele>
        <time>2026-04-10T14:36:54.000Z</time>
        <extensions>
          <ns3:TrackPointExtension>
            <ns3:hr>145</ns3:hr>
            <ns3:cad>83</ns3:cad>
          </ns3:TrackPointExtension>
        </extensions>
      </trkpt>
      <trkpt lat="37.47073628939688205718994140625" lon="126.9587834738194942474365234375">
        <ele>61.40000152587890625</ele>
        <time>2026-04-10T14:36:55.000Z</time>
        <extensions>
          <ns3:TrackPointExtension>
            <ns3:hr>145</ns3:hr>
            <ns3:cad>83</ns3:cad>
          </ns3:TrackPointExtension>
        </extensions>
      </trkpt>
      <trkpt lat="37.47071751393377780914306640625" lon="126.95875908248126506805419921875">
        <ele>61.59999847412109375</ele>
        <time>2026-04-10T14:36:56.000Z</time>
        <extensions>
          <ns3:TrackPointExtension>
            <ns3:hr>145</ns3:hr>
            <ns3:cad>83</ns3:cad>
          </ns3:TrackPointExtension>
        </extensions>
      </trkpt>
      <trkpt lat="37.470693625509738922119140625" lon="126.958727650344371795654296875">
        <ele>61.799999237060546875</ele>
        <time>2026-04-10T14:36:57.000Z</time>
        <extensions>
          <ns3:TrackPointExtension>
            <ns3:hr>146</ns3:hr>
            <ns3:cad>83</ns3:cad>
          </ns3:TrackPointExtension>
        </extensions>
      </trkpt>
      <trkpt lat="37.47067560441792011260986328125" lon="126.9586929492652416229248046875">
        <ele>61.799999237060546875</ele>
        <time>2026-04-10T14:36:58.000Z</time>
        <extensions>
          <ns3:TrackPointExtension>
            <ns3:hr>145</ns3:hr>
            <ns3:cad>83</ns3:cad>
          </ns3:TrackPointExtension>
        </extensions>
      </trkpt>
      <trkpt lat="37.47066051699221134185791015625" lon="126.95866839028894901275634765625">
        <ele>62</ele>
        <time>2026-04-10T14:36:59.000Z</time>
        <extensions>
          <ns3:TrackPointExtension>
            <ns3:hr>145</ns3:hr>
            <ns3:cad>83</ns3:cad>
          </ns3:TrackPointExtension>
        </extensions>
      </trkpt>
      <trkpt lat="37.47064433991909027099609375" lon="126.95863268338143825531005859375">
        <ele>62</ele>
        <time>2026-04-10T14:37:00.000Z</time>
        <extensions>
          <ns3:TrackPointExtension>
            <ns3:hr>145</ns3:hr>
            <ns3:cad>82</ns3:cad>
          </ns3:TrackPointExtension>
        </extensions>
      </trkpt>
      <trkpt lat="37.47062732465565204620361328125" lon="126.9586071185767650604248046875">
        <ele>62.200000762939453125</ele>
        <time>2026-04-10T14:37:01.000Z</time>
        <extensions>
          <ns3:TrackPointExtension>
            <ns3:hr>145</ns3:hr>
            <ns3:cad>82</ns3:cad>
          </ns3:TrackPointExtension>
        </extensions>
      </trkpt>
      <trkpt lat="37.47060720808804035186767578125" lon="126.95857786573469638824462890625">
        <ele>62.200000762939453125</ele>
        <time>2026-04-10T14:37:02.000Z</time>
        <extensions>
          <ns3:TrackPointExtension>
            <ns3:hr>145</ns3:hr>
            <ns3:cad>82</ns3:cad>
          </ns3:TrackPointExtension>
        </extensions>
      </trkpt>
      <trkpt lat="37.47059346176683902740478515625" lon="126.95854232646524906158447265625">
        <ele>62.200000762939453125</ele>
        <time>2026-04-10T14:37:03.000Z</time>
        <extensions>
          <ns3:TrackPointExtension>
            <ns3:hr>145</ns3:hr>
            <ns3:cad>83</ns3:cad>
          </ns3:TrackPointExtension>
        </extensions>
      </trkpt>
      <trkpt lat="37.47057418338954448699951171875" lon="126.9585160911083221435546875">
        <ele>62.40000152587890625</ele>
        <time>2026-04-10T14:37:04.000Z</time>
        <extensions>
          <ns3:TrackPointExtension>
            <ns3:hr>145</ns3:hr>
            <ns3:cad>83</ns3:cad>
          </ns3:TrackPointExtension>
        </extensions>
      </trkpt>
      <trkpt lat="37.470552138984203338623046875" lon="126.95847393013536930084228515625">
        <ele>62.59999847412109375</ele>
        <time>2026-04-10T14:37:05.000Z</time>
        <extensions>
          <ns3:TrackPointExtension>
            <ns3:hr>145</ns3:hr>
            <ns3:cad>83</ns3:cad>
          </ns3:TrackPointExtension>
        </extensions>
      </trkpt>
      <trkpt lat="37.47053747065365314483642578125" lon="126.95843654684722423553466796875">
        <ele>62.59999847412109375</ele>
        <time>2026-04-10T14:37:06.000Z</time>
        <extensions>
          <ns3:TrackPointExtension>
            <ns3:hr>145</ns3:hr>
            <ns3:cad>83</ns3:cad>
          </ns3:TrackPointExtension>
        </extensions>
      </trkpt>
      <trkpt lat="37.47054618783295154571533203125" lon="126.95839497260749340057373046875">
        <ele>62.799999237060546875</ele>
        <time>2026-04-10T14:37:07.000Z</time>
        <extensions>
          <ns3:TrackPointExtension>
            <ns3:hr>145</ns3:hr>
            <ns3:cad>83</ns3:cad>
          </ns3:TrackPointExtension>
        </extensions>
      </trkpt>
      <trkpt lat="37.47056630440056324005126953125" lon="126.95837217383086681365966796875">
        <ele>62.799999237060546875</ele>
        <time>2026-04-10T14:37:08.000Z</time>
        <extensions>
          <ns3:TrackPointExtension>
            <ns3:hr>145</ns3:hr>
            <ns3:cad>83</ns3:cad>
          </ns3:TrackPointExtension>
        </extensions>
      </trkpt>
      <trkpt lat="37.4705873429775238037109375" lon="126.95835708640515804290771484375">
        <ele>62.799999237060546875</ele>
        <time>2026-04-10T14:37:09.000Z</time>
        <extensions>
          <ns3:TrackPointExtension>
            <ns3:hr>145</ns3:hr>
            <ns3:cad>83</ns3:cad>
          </ns3:TrackPointExtension>
        </extensions>
      </trkpt>
      <trkpt lat="37.4706248939037322998046875" lon="126.95835448801517486572265625">
        <ele>62.799999237060546875</ele>
        <time>2026-04-10T14:37:10.000Z</time>
        <extensions>
          <ns3:TrackPointExtension>
            <ns3:hr>146</ns3:hr>
            <ns3:cad>83</ns3:cad>
          </ns3:TrackPointExtension>
        </extensions>
      </trkpt>
      <trkpt lat="37.4706597626209259033203125" lon="126.9583600200712680816650390625">
        <ele>62.59999847412109375</ele>
        <time>2026-04-10T14:37:11.000Z</time>
        <extensions>
          <ns3:TrackPointExtension>
            <ns3:hr>146</ns3:hr>
            <ns3:cad>83</ns3:cad>
          </ns3:TrackPointExtension>
        </extensions>
      </trkpt>
      <trkpt lat="37.47069102711975574493408203125" lon="126.958363540470600128173828125">
        <ele>62.59999847412109375</ele>
        <time>2026-04-10T14:37:12.000Z</time>
        <extensions>
          <ns3:TrackPointExtension>
            <ns3:hr>147</ns3:hr>
            <ns3:cad>82</ns3:cad>
          </ns3:TrackPointExtension>
        </extensions>
      </trkpt>
      <trkpt lat="37.47072824276983737945556640625" lon="126.95838407613337039947509765625">
        <ele>62.59999847412109375</ele>
        <time>2026-04-10T14:37:13.000Z</time>
        <extensions>
          <ns3:TrackPointExtension>
            <ns3:hr>147</ns3:hr>
            <ns3:cad>82</ns3:cad>
          </ns3:TrackPointExtension>
        </extensions>
      </trkpt>
      <trkpt lat="37.4707534722983837127685546875" lon="126.95838742889463901519775390625">
        <ele>62.59999847412109375</ele>
        <time>2026-04-10T14:37:14.000Z</time>
        <extensions>
          <ns3:TrackPointExtension>
            <ns3:hr>148</ns3:hr>
            <ns3:cad>82</ns3:cad>
          </ns3:TrackPointExtension>
        </extensions>
      </trkpt>
      <trkpt lat="37.47078993357717990875244140625" lon="126.9583928771317005157470703125">
        <ele>62.59999847412109375</ele>
        <time>2026-04-10T14:37:15.000Z</time>
        <extensions>
          <ns3:TrackPointExtension>
            <ns3:hr>148</ns3:hr>
            <ns3:cad>83</ns3:cad>
          </ns3:TrackPointExtension>
        </extensions>
      </trkpt>
      <trkpt lat="37.47082161717116832733154296875" lon="126.95840519852936267852783203125">
        <ele>62.59999847412109375</ele>
        <time>2026-04-10T14:37:16.000Z</time>
        <extensions>
          <ns3:TrackPointExtension>
            <ns3:hr>149</ns3:hr>
            <ns3:cad>83</ns3:cad>
          </ns3:TrackPointExtension>
        </extensions>
      </trkpt>
      <trkpt lat="37.4708443321287631988525390625" lon="126.95841014385223388671875">
        <ele>62.59999847412109375</ele>
        <time>2026-04-10T14:37:17.000Z</time>
        <extensions>
          <ns3:TrackPointExtension>
            <ns3:hr>149</ns3:hr>
            <ns3:cad>83</ns3:cad>
          </ns3:TrackPointExtension>
        </extensions>
      </trkpt>
      <trkpt lat="37.4708798713982105255126953125" lon="126.95842330344021320343017578125">
        <ele>62.59999847412109375</ele>
        <time>2026-04-10T14:37:18.000Z</time>
        <extensions>
          <ns3:TrackPointExtension>
            <ns3:hr>149</ns3:hr>
            <ns3:cad>83</ns3:cad>
          </ns3:TrackPointExtension>
        </extensions>
      </trkpt>
      <trkpt lat="37.4709006585180759429931640625" lon="126.95842397399246692657470703125">
        <ele>62.59999847412109375</ele>
        <time>2026-04-10T14:37:19.000Z</time>
        <extensions>
          <ns3:TrackPointExtension>
            <ns3:hr>150</ns3:hr>
            <ns3:cad>83</ns3:cad>
          </ns3:TrackPointExtension>
        </extensions>
      </trkpt>
      <trkpt lat="37.47093527577817440032958984375" lon="126.958428584039211273193359375">
        <ele>62.59999847412109375</ele>
        <time>2026-04-10T14:37:20.000Z</time>
        <extensions>
          <ns3:TrackPointExtension>
            <ns3:hr>150</ns3:hr>
            <ns3:cad>83</ns3:cad>
          </ns3:TrackPointExtension>
        </extensions>
      </trkpt>
      <trkpt lat="37.4709693901240825653076171875" lon="126.9584445096552371978759765625">
        <ele>62.59999847412109375</ele>
        <time>2026-04-10T14:37:21.000Z</time>
        <extensions>
          <ns3:TrackPointExtension>
            <ns3:hr>150</ns3:hr>
            <ns3:cad>83</ns3:cad>
          </ns3:TrackPointExtension>
        </extensions>
      </trkpt>
      <trkpt lat="37.47099394910037517547607421875" lon="126.95845113135874271392822265625">
        <ele>62.59999847412109375</ele>
        <time>2026-04-10T14:37:22.000Z</time>
        <extensions>
          <ns3:TrackPointExtension>
            <ns3:hr>150</ns3:hr>
            <ns3:cad>83</ns3:cad>
          </ns3:TrackPointExtension>
        </extensions>
      </trkpt>
      <trkpt lat="37.47103166766464710235595703125" lon="126.95846135728061199188232421875">
        <ele>62.59999847412109375</ele>
        <time>2026-04-10T14:37:23.000Z</time>
        <extensions>
          <ns3:TrackPointExtension>
            <ns3:hr>150</ns3:hr>
            <ns3:cad>83</ns3:cad>
          </ns3:TrackPointExtension>
        </extensions>
      </trkpt>
      <trkpt lat="37.47106234543025493621826171875" lon="126.95846772752702236175537109375">
        <ele>62.40000152587890625</ele>
        <time>2026-04-10T14:37:24.000Z</time>
        <extensions>
          <ns3:TrackPointExtension>
            <ns3:hr>150</ns3:hr>
            <ns3:cad>83</ns3:cad>
          </ns3:TrackPointExtension>
        </extensions>
      </trkpt>
      <trkpt lat="37.47109050862491130828857421875" lon="126.95847460068762302398681640625">
        <ele>62.40000152587890625</ele>
        <time>2026-04-10T14:37:25.000Z</time>
        <extensions>
          <ns3:TrackPointExtension>
            <ns3:hr>150</ns3:hr>
            <ns3:cad>83</ns3:cad>
          </ns3:TrackPointExtension>
        </extensions>
      </trkpt>
      <trkpt lat="37.47112713754177093505859375" lon="126.95848633535206317901611328125">
        <ele>62.200000762939453125</ele>
        <time>2026-04-10T14:37:26.000Z</time>
        <extensions>
          <ns3:TrackPointExtension>
            <ns3:hr>150</ns3:hr>
            <ns3:cad>83</ns3:cad>
          </ns3:TrackPointExtension>
        </extensions>
      </trkpt>
      <trkpt lat="37.4711537919938564300537109375" lon="126.95849019102752208709716796875">
        <ele>62</ele>
        <time>2026-04-10T14:37:27.000Z</time>
        <extensions>
          <ns3:TrackPointExtension>
            <ns3:hr>150</ns3:hr>
            <ns3:cad>83</ns3:cad>
          </ns3:TrackPointExtension>
        </extensions>
      </trkpt>
      <trkpt lat="37.47119260020554065704345703125" lon="126.958499662578105926513671875">
        <ele>62</ele>
        <time>2026-04-10T14:37:28.000Z</time>
        <extensions>
          <ns3:TrackPointExtension>
            <ns3:hr>150</ns3:hr>
            <ns3:cad>83</ns3:cad>
          </ns3:TrackPointExtension>
        </extensions>
      </trkpt>
      <trkpt lat="37.47122243978083133697509765625" lon="126.958508379757404327392578125">
        <ele>61.799999237060546875</ele>
        <time>2026-04-10T14:37:29.000Z</time>
        <extensions>
          <ns3:TrackPointExtension>
            <ns3:hr>150</ns3:hr>
            <ns3:cad>82</ns3:cad>
          </ns3:TrackPointExtension>
        </extensions>
      </trkpt>
      <trkpt lat="37.471251189708709716796875" lon="126.95851349271833896636962890625">
        <ele>61.799999237060546875</ele>
        <time>2026-04-10T14:37:30.000Z</time>
        <extensions>
          <ns3:TrackPointExtension>
            <ns3:hr>149</ns3:hr>
            <ns3:cad>82</ns3:cad>
          </ns3:TrackPointExtension>
        </extensions>
      </trkpt>
      <trkpt lat="37.47128781862556934356689453125" lon="126.95853017270565032958984375">
        <ele>62</ele>
        <time>2026-04-10T14:37:31.000Z</time>
        <extensions>
          <ns3:TrackPointExtension>
            <ns3:hr>150</ns3:hr>
            <ns3:cad>82</ns3:cad>
          </ns3:TrackPointExtension>
        </extensions>
      </trkpt>
      <trkpt lat="37.471310198307037353515625" lon="126.95852891542017459869384765625">
        <ele>62</ele>
        <time>2026-04-10T14:37:32.000Z</time>
        <extensions>
          <ns3:TrackPointExtension>
            <ns3:hr>149</ns3:hr>
            <ns3:cad>83</ns3:cad>
          </ns3:TrackPointExtension>
        </extensions>
      </trkpt>
      <trkpt lat="37.47133995406329631805419921875" lon="126.95852522738277912139892578125">
        <ele>62</ele>
        <time>2026-04-10T14:37:33.000Z</time>
        <extensions>
          <ns3:TrackPointExtension>
            <ns3:hr>149</ns3:hr>
            <ns3:cad>83</ns3:cad>
          </ns3:TrackPointExtension>
        </extensions>
      </trkpt>
      <trkpt lat="37.471368201076984405517578125" lon="126.9585276581346988677978515625">
        <ele>62</ele>
        <time>2026-04-10T14:37:34.000Z</time>
        <extensions>
          <ns3:TrackPointExtension>
            <ns3:hr>149</ns3:hr>
            <ns3:cad>83</ns3:cad>
          </ns3:TrackPointExtension>
        </extensions>
      </trkpt>
      <trkpt lat="37.47139091603457927703857421875" lon="126.9585249759256839752197265625">
        <ele>62</ele>
        <time>2026-04-10T14:37:35.000Z</time>
        <extensions>
          <ns3:TrackPointExtension>
            <ns3:hr>149</ns3:hr>
            <ns3:cad>82</ns3:cad>
          </ns3:TrackPointExtension>
        </extensions>
      </trkpt>
      <trkpt lat="37.47142762877047061920166015625" lon="126.95853226818144321441650390625">
        <ele>61.799999237060546875</ele>
        <time>2026-04-10T14:37:36.000Z</time>
        <extensions>
          <ns3:TrackPointExtension>
            <ns3:hr>148</ns3:hr>
            <ns3:cad>83</ns3:cad>
          </ns3:TrackPointExtension>
        </extensions>
      </trkpt>
      <trkpt lat="37.4714515171945095062255859375" lon="126.95852505974471569061279296875">
        <ele>61.799999237060546875</ele>
        <time>2026-04-10T14:37:37.000Z</time>
        <extensions>
          <ns3:TrackPointExtension>
            <ns3:hr>148</ns3:hr>
            <ns3:cad>83</ns3:cad>
          </ns3:TrackPointExtension>
        </extensions>
      </trkpt>
      <trkpt lat="37.4714806862175464630126953125" lon="126.95852690376341342926025390625">
        <ele>61.799999237060546875</ele>
        <time>2026-04-10T14:37:38.000Z</time>
        <extensions>
          <ns3:TrackPointExtension>
            <ns3:hr>148</ns3:hr>
            <ns3:cad>83</ns3:cad>
          </ns3:TrackPointExtension>
        </extensions>
      </trkpt>
      <trkpt lat="37.47151345945894718170166015625" lon="126.95853780023753643035888671875">
        <ele>61.59999847412109375</ele>
        <time>2026-04-10T14:37:39.000Z</time>
        <extensions>
          <ns3:TrackPointExtension>
            <ns3:hr>149</ns3:hr>
            <ns3:cad>83</ns3:cad>
          </ns3:TrackPointExtension>
        </extensions>
      </trkpt>
      <trkpt lat="37.47153692878782749176025390625" lon="126.9585407339036464691162109375">
        <ele>61.59999847412109375</ele>
        <time>2026-04-10T14:37:40.000Z</time>
        <extensions>
          <ns3:TrackPointExtension>
            <ns3:hr>148</ns3:hr>
            <ns3:cad>83</ns3:cad>
          </ns3:TrackPointExtension>
        </extensions>
      </trkpt>
      <trkpt lat="37.47157045640051364898681640625" lon="126.95855305530130863189697265625">
        <ele>61.59999847412109375</ele>
        <time>2026-04-10T14:37:41.000Z</time>
        <extensions>
          <ns3:TrackPointExtension>
            <ns3:hr>148</ns3:hr>
            <ns3:cad>83</ns3:cad>
          </ns3:TrackPointExtension>
        </extensions>
      </trkpt>
      <trkpt lat="37.47159845195710659027099609375" lon="126.95855942554771900177001953125">
        <ele>61.40000152587890625</ele>
        <time>2026-04-10T14:37:42.000Z</time>
        <extensions>
          <ns3:TrackPointExtension>
            <ns3:hr>148</ns3:hr>
            <ns3:cad>83</ns3:cad>
          </ns3:TrackPointExtension>
        </extensions>
      </trkpt>
      <trkpt lat="37.47162426821887493133544921875" lon="126.95856638252735137939453125">
        <ele>61.200000762939453125</ele>
        <time>2026-04-10T14:37:43.000Z</time>
        <extensions>
          <ns3:TrackPointExtension>
            <ns3:hr>147</ns3:hr>
            <ns3:cad>83</ns3:cad>
          </ns3:TrackPointExtension>
        </extensions>
      </trkpt>
      <trkpt lat="37.4716597236692905426025390625" lon="126.9585900194942951202392578125">
        <ele>61</ele>
        <time>2026-04-10T14:37:44.000Z</time>
        <extensions>
          <ns3:TrackPointExtension>
            <ns3:hr>147</ns3:hr>
            <ns3:cad>83</ns3:cad>
          </ns3:TrackPointExtension>
        </extensions>
      </trkpt>
      <trkpt lat="37.47168377973139286041259765625" lon="126.95859345607459545135498046875">
        <ele>61</ele>
        <time>2026-04-10T14:37:45.000Z</time>
        <extensions>
          <ns3:TrackPointExtension>
            <ns3:hr>147</ns3:hr>
            <ns3:cad>83</ns3:cad>
          </ns3:TrackPointExtension>
        </extensions>
      </trkpt>
      <trkpt lat="37.47171915136277675628662109375" lon="126.9585990719497203826904296875">
        <ele>61</ele>
        <time>2026-04-10T14:37:46.000Z</time>
        <extensions>
          <ns3:TrackPointExtension>
            <ns3:hr>147</ns3:hr>
            <ns3:cad>83</ns3:cad>
          </ns3:TrackPointExtension>
        </extensions>
      </trkpt>
      <trkpt lat="37.47175200842320919036865234375" lon="126.95861239917576313018798828125">
        <ele>61</ele>
        <time>2026-04-10T14:37:47.000Z</time>
        <extensions>
          <ns3:TrackPointExtension>
            <ns3:hr>146</ns3:hr>
            <ns3:cad>83</ns3:cad>
          </ns3:TrackPointExtension>
        </extensions>
      </trkpt>
      <trkpt lat="37.47177514247596263885498046875" lon="126.95861994288861751556396484375">
        <ele>61</ele>
        <time>2026-04-10T14:37:48.000Z</time>
        <extensions>
          <ns3:TrackPointExtension>
            <ns3:hr>146</ns3:hr>
            <ns3:cad>83</ns3:cad>
          </ns3:TrackPointExtension>
        </extensions>
      </trkpt>
      <trkpt lat="37.47180934064090251922607421875" lon="126.95863519795238971710205078125">
        <ele>60.799999237060546875</ele>
        <time>2026-04-10T14:37:49.000Z</time>
        <extensions>
          <ns3:TrackPointExtension>
            <ns3:hr>146</ns3:hr>
            <ns3:cad>83</ns3:cad>
          </ns3:TrackPointExtension>
        </extensions>
      </trkpt>
      <trkpt lat="37.47183255851268768310546875" lon="126.95864274166524410247802734375">
        <ele>60.799999237060546875</ele>
        <time>2026-04-10T14:37:50.000Z</time>
        <extensions>
          <ns3:TrackPointExtension>
            <ns3:hr>146</ns3:hr>
            <ns3:cad>83</ns3:cad>
          </ns3:TrackPointExtension>
        </extensions>
      </trkpt>
      <trkpt lat="37.47185996733605861663818359375" lon="126.95865179412066936492919921875">
        <ele>60.799999237060546875</ele>
        <time>2026-04-10T14:37:51.000Z</time>
        <extensions>
          <ns3:TrackPointExtension>
            <ns3:hr>145</ns3:hr>
            <ns3:cad>83</ns3:cad>
          </ns3:TrackPointExtension>
        </extensions>
      </trkpt>
      <trkpt lat="37.47189030982553958892822265625" lon="126.95867459289729595184326171875">
        <ele>60.59999847412109375</ele>
        <time>2026-04-10T14:37:52.000Z</time>
        <extensions>
          <ns3:TrackPointExtension>
            <ns3:hr>145</ns3:hr>
            <ns3:cad>84</ns3:cad>
          </ns3:TrackPointExtension>
        </extensions>
      </trkpt>
      <trkpt lat="37.4719138629734516143798828125" lon="126.95868331007659435272216796875">
        <ele>60.59999847412109375</ele>
        <time>2026-04-10T14:37:53.000Z</time>
        <extensions>
          <ns3:TrackPointExtension>
            <ns3:hr>145</ns3:hr>
            <ns3:cad>83</ns3:cad>
          </ns3:TrackPointExtension>
        </extensions>
      </trkpt>
      <trkpt lat="37.47194563038647174835205078125" lon="126.95869915187358856201171875">
        <ele>60.59999847412109375</ele>
        <time>2026-04-10T14:37:54.000Z</time>
        <extensions>
          <ns3:TrackPointExtension>
            <ns3:hr>145</ns3:hr>
            <ns3:cad>83</ns3:cad>
          </ns3:TrackPointExtension>
        </extensions>
      </trkpt>
      <trkpt lat="37.471975386142730712890625" lon="126.9587083719670772552490234375">
        <ele>60.59999847412109375</ele>
        <time>2026-04-10T14:37:55.000Z</time>
        <extensions>
          <ns3:TrackPointExtension>
            <ns3:hr>146</ns3:hr>
            <ns3:cad>83</ns3:cad>
          </ns3:TrackPointExtension>
        </extensions>
      </trkpt>
      <trkpt lat="37.47200564481317996978759765625" lon="126.9587177596986293792724609375">
        <ele>60.40000152587890625</ele>
        <time>2026-04-10T14:37:56.000Z</time>
        <extensions>
          <ns3:TrackPointExtension>
            <ns3:hr>145</ns3:hr>
            <ns3:cad>83</ns3:cad>
          </ns3:TrackPointExtension>
        </extensions>
      </trkpt>
      <trkpt lat="37.47204579412937164306640625" lon="126.95873963646590709686279296875">
        <ele>60.40000152587890625</ele>
        <time>2026-04-10T14:37:57.000Z</time>
        <extensions>
          <ns3:TrackPointExtension>
            <ns3:hr>145</ns3:hr>
            <ns3:cad>83</ns3:cad>
          </ns3:TrackPointExtension>
        </extensions>
      </trkpt>
      <trkpt lat="37.47206834144890308380126953125" lon="126.95874315686523914337158203125">
        <ele>60.200000762939453125</ele>
        <time>2026-04-10T14:37:58.000Z</time>
        <extensions>
          <ns3:TrackPointExtension>
            <ns3:hr>145</ns3:hr>
            <ns3:cad>83</ns3:cad>
          </ns3:TrackPointExtension>
        </extensions>
      </trkpt>
      <trkpt lat="37.47210555709898471832275390625" lon="126.95874919183552265167236328125">
        <ele>60.200000762939453125</ele>
        <time>2026-04-10T14:37:59.000Z</time>
        <extensions>
          <ns3:TrackPointExtension>
            <ns3:hr>145</ns3:hr>
            <ns3:cad>83</ns3:cad>
          </ns3:TrackPointExtension>
        </extensions>
      </trkpt>
      <trkpt lat="37.47213690541684627532958984375" lon="126.95875908248126506805419921875">
        <ele>60</ele>
        <time>2026-04-10T14:38:00.000Z</time>
        <extensions>
          <ns3:TrackPointExtension>
            <ns3:hr>144</ns3:hr>
            <ns3:cad>83</ns3:cad>
          </ns3:TrackPointExtension>
        </extensions>
      </trkpt>
      <trkpt lat="37.47216045856475830078125" lon="126.958772577345371246337890625">
        <ele>60</ele>
        <time>2026-04-10T14:38:01.000Z</time>
        <extensions>
          <ns3:TrackPointExtension>
            <ns3:hr>144</ns3:hr>
            <ns3:cad>83</ns3:cad>
          </ns3:TrackPointExtension>
        </extensions>
      </trkpt>
      <trkpt lat="37.4721978418529033660888671875" lon="126.95880099199712276458740234375">
        <ele>60</ele>
        <time>2026-04-10T14:38:02.000Z</time>
        <extensions>
          <ns3:TrackPointExtension>
            <ns3:hr>144</ns3:hr>
            <ns3:cad>83</ns3:cad>
          </ns3:TrackPointExtension>
        </extensions>
      </trkpt>
      <trkpt lat="37.472213096916675567626953125" lon="126.95883058011531829833984375">
        <ele>60.200000762939453125</ele>
        <time>2026-04-10T14:38:03.000Z</time>
        <extensions>
          <ns3:TrackPointExtension>
            <ns3:hr>144</ns3:hr>
            <ns3:cad>83</ns3:cad>
          </ns3:TrackPointExtension>
        </extensions>
      </trkpt>
      <trkpt lat="37.47222483158111572265625" lon="126.95887190289795398712158203125">
        <ele>60.200000762939453125</ele>
        <time>2026-04-10T14:38:04.000Z</time>
        <extensions>
          <ns3:TrackPointExtension>
            <ns3:hr>144</ns3:hr>
            <ns3:cad>83</ns3:cad>
          </ns3:TrackPointExtension>
        </extensions>
      </trkpt>
      <trkpt lat="37.47221703641116619110107421875" lon="126.95892035029828548431396484375">
        <ele>60.40000152587890625</ele>
        <time>2026-04-10T14:38:05.000Z</time>
        <extensions>
          <ns3:TrackPointExtension>
            <ns3:hr>144</ns3:hr>
            <ns3:cad>83</ns3:cad>
          </ns3:TrackPointExtension>
        </extensions>
      </trkpt>
      <trkpt lat="37.47220345772802829742431640625" lon="126.958954967558383941650390625">
        <ele>60.40000152587890625</ele>
        <time>2026-04-10T14:38:06.000Z</time>
        <extensions>
          <ns3:TrackPointExtension>
            <ns3:hr>144</ns3:hr>
            <ns3:cad>83</ns3:cad>
          </ns3:TrackPointExtension>
        </extensions>
      </trkpt>
      <trkpt lat="37.472182251513004302978515625" lon="126.95898958481848239898681640625">
        <ele>60.40000152587890625</ele>
        <time>2026-04-10T14:38:07.000Z</time>
        <extensions>
          <ns3:TrackPointExtension>
            <ns3:hr>144</ns3:hr>
            <ns3:cad>83</ns3:cad>
          </ns3:TrackPointExtension>
        </extensions>
      </trkpt>
      <trkpt lat="37.4721562676131725311279296875" lon="126.9590104557573795318603515625">
        <ele>60.200000762939453125</ele>
        <time>2026-04-10T14:38:08.000Z</time>
        <extensions>
          <ns3:TrackPointExtension>
            <ns3:hr>144</ns3:hr>
            <ns3:cad>83</ns3:cad>
          </ns3:TrackPointExtension>
        </extensions>
      </trkpt>
      <trkpt lat="37.47213187627494335174560546875" lon="126.959024704992771148681640625">
        <ele>60</ele>
        <time>2026-04-10T14:38:09.000Z</time>
        <extensions>
          <ns3:TrackPointExtension>
            <ns3:hr>143</ns3:hr>
            <ns3:cad>83</ns3:cad>
          </ns3:TrackPointExtension>
        </extensions>
      </trkpt>
      <trkpt lat="37.47209985740482807159423828125" lon="126.95903711020946502685546875">
        <ele>59.799999237060546875</ele>
        <time>2026-04-10T14:38:10.000Z</time>
        <extensions>
          <ns3:TrackPointExtension>
            <ns3:hr>144</ns3:hr>
            <ns3:cad>82</ns3:cad>
          </ns3:TrackPointExtension>
        </extensions>
      </trkpt>
      <trkpt lat="37.47207932174205780029296875" lon="126.95905043743550777435302734375">
        <ele>59.799999237060546875</ele>
        <time>2026-04-10T14:38:11.000Z</time>
        <extensions>
          <ns3:TrackPointExtension>
            <ns3:hr>144</ns3:hr>
            <ns3:cad>82</ns3:cad>
          </ns3:TrackPointExtension>
        </extensions>
      </trkpt>
      <trkpt lat="37.47204369865357875823974609375" lon="126.9590694643557071685791015625">
        <ele>59.59999847412109375</ele>
        <time>2026-04-10T14:38:12.000Z</time>
        <extensions>
          <ns3:TrackPointExtension>
            <ns3:hr>144</ns3:hr>
            <ns3:cad>82</ns3:cad>
          </ns3:TrackPointExtension>
        </extensions>
      </trkpt>
      <trkpt lat="37.47201452963054180145263671875" lon="126.95908111520111560821533203125">
        <ele>59.59999847412109375</ele>
        <time>2026-04-10T14:38:13.000Z</time>
        <extensions>
          <ns3:TrackPointExtension>
            <ns3:hr>143</ns3:hr>
            <ns3:cad>82</ns3:cad>
          </ns3:TrackPointExtension>
        </extensions>
      </trkpt>
      <trkpt lat="37.47198603115975856781005859375" lon="126.95909880101680755615234375">
        <ele>59.59999847412109375</ele>
        <time>2026-04-10T14:38:14.000Z</time>
        <extensions>
          <ns3:TrackPointExtension>
            <ns3:hr>143</ns3:hr>
            <ns3:cad>82</ns3:cad>
          </ns3:TrackPointExtension>
        </extensions>
      </trkpt>
      <trkpt lat="37.4719487316906452178955078125" lon="126.95911548100411891937255859375">
        <ele>59.59999847412109375</ele>
        <time>2026-04-10T14:38:15.000Z</time>
        <extensions>
          <ns3:TrackPointExtension>
            <ns3:hr>142</ns3:hr>
            <ns3:cad>82</ns3:cad>
          </ns3:TrackPointExtension>
        </extensions>
      </trkpt>
      <trkpt lat="37.47192509472370147705078125" lon="126.95912688039243221282958984375">
        <ele>59.59999847412109375</ele>
        <time>2026-04-10T14:38:16.000Z</time>
        <extensions>
          <ns3:TrackPointExtension>
            <ns3:hr>142</ns3:hr>
            <ns3:cad>83</ns3:cad>
          </ns3:TrackPointExtension>
        </extensions>
      </trkpt>
      <trkpt lat="37.47189098037779331207275390625" lon="126.9591435603797435760498046875">
        <ele>59.59999847412109375</ele>
        <time>2026-04-10T14:38:17.000Z</time>
        <extensions>
          <ns3:TrackPointExtension>
            <ns3:hr>142</ns3:hr>
            <ns3:cad>83</ns3:cad>
          </ns3:TrackPointExtension>
        </extensions>
      </trkpt>
      <trkpt lat="37.47185728512704372406005859375" lon="126.95915621705353260040283203125">
        <ele>59.59999847412109375</ele>
        <time>2026-04-10T14:38:18.000Z</time>
        <extensions>
          <ns3:TrackPointExtension>
            <ns3:hr>142</ns3:hr>
            <ns3:cad>83</ns3:cad>
          </ns3:TrackPointExtension>
        </extensions>
      </trkpt>
      <trkpt lat="37.4718367494642734527587890625" lon="126.9591720588505268096923828125">
        <ele>59.59999847412109375</ele>
        <time>2026-04-10T14:38:19.000Z</time>
        <extensions>
          <ns3:TrackPointExtension>
            <ns3:hr>142</ns3:hr>
            <ns3:cad>83</ns3:cad>
          </ns3:TrackPointExtension>
        </extensions>
      </trkpt>
      <trkpt lat="37.47180439531803131103515625" lon="126.95918974466621875762939453125">
        <ele>59.59999847412109375</ele>
        <time>2026-04-10T14:38:20.000Z</time>
        <extensions>
          <ns3:TrackPointExtension>
            <ns3:hr>142</ns3:hr>
            <ns3:cad>83</ns3:cad>
          </ns3:TrackPointExtension>
        </extensions>
      </trkpt>
      <trkpt lat="37.47177279554307460784912109375" lon="126.95920147933065891265869140625">
        <ele>59.59999847412109375</ele>
        <time>2026-04-10T14:38:21.000Z</time>
        <extensions>
          <ns3:TrackPointExtension>
            <ns3:hr>142</ns3:hr>
            <ns3:cad>82</ns3:cad>
          </ns3:TrackPointExtension>
        </extensions>
      </trkpt>
      <trkpt lat="37.4717499129474163055419921875" lon="126.95921354927122592926025390625">
        <ele>59.40000152587890625</ele>
        <time>2026-04-10T14:38:22.000Z</time>
        <extensions>
          <ns3:TrackPointExtension>
            <ns3:hr>142</ns3:hr>
            <ns3:cad>82</ns3:cad>
          </ns3:TrackPointExtension>
        </extensions>
      </trkpt>
      <trkpt lat="37.47171311639249324798583984375" lon="126.95922696031630039215087890625">
        <ele>59.40000152587890625</ele>
        <time>2026-04-10T14:38:23.000Z</time>
        <extensions>
          <ns3:TrackPointExtension>
            <ns3:hr>142</ns3:hr>
            <ns3:cad>82</ns3:cad>
          </ns3:TrackPointExtension>
        </extensions>
      </trkpt>
      <trkpt lat="37.471686042845249176025390625" lon="126.9592424668371677398681640625">
        <ele>59.200000762939453125</ele>
        <time>2026-04-10T14:38:24.000Z</time>
        <extensions>
          <ns3:TrackPointExtension>
            <ns3:hr>142</ns3:hr>
            <ns3:cad>81</ns3:cad>
          </ns3:TrackPointExtension>
        </extensions>
      </trkpt>
      <trkpt lat="37.47165679000318050384521484375" lon="126.95925713516771793365478515625">
        <ele>59.200000762939453125</ele>
        <time>2026-04-10T14:38:25.000Z</time>
        <extensions>
          <ns3:TrackPointExtension>
            <ns3:hr>141</ns3:hr>
            <ns3:cad>81</ns3:cad>
          </ns3:TrackPointExtension>
        </extensions>
      </trkpt>
      <trkpt lat="37.4716238491237163543701171875" lon="126.95927205495536327362060546875">
        <ele>59.200000762939453125</ele>
        <time>2026-04-10T14:38:26.000Z</time>
        <extensions>
          <ns3:TrackPointExtension>
            <ns3:hr>142</ns3:hr>
            <ns3:cad>81</ns3:cad>
          </ns3:TrackPointExtension>
        </extensions>
      </trkpt>
      <trkpt lat="37.471606247127056121826171875" lon="126.95927808992564678192138671875">
        <ele>59.200000762939453125</ele>
        <time>2026-04-10T14:38:27.000Z</time>
        <extensions>
          <ns3:TrackPointExtension>
            <ns3:hr>142</ns3:hr>
            <ns3:cad>81</ns3:cad>
          </ns3:TrackPointExtension>
        </extensions>
      </trkpt>
      <trkpt lat="37.47157582081854343414306640625" lon="126.9592917524278163909912109375">
        <ele>59.40000152587890625</ele>
        <time>2026-04-10T14:38:28.000Z</time>
        <extensions>
          <ns3:TrackPointExtension>
            <ns3:hr>142</ns3:hr>
            <ns3:cad>82</ns3:cad>
          </ns3:TrackPointExtension>
        </extensions>
      </trkpt>
      <trkpt lat="37.47154832817614078521728515625" lon="126.95930323563516139984130859375">
        <ele>59.59999847412109375</ele>
        <time>2026-04-10T14:38:29.000Z</time>
        <extensions>
          <ns3:TrackPointExtension>
            <ns3:hr>142</ns3:hr>
            <ns3:cad>82</ns3:cad>
          </ns3:TrackPointExtension>
        </extensions>
      </trkpt>
      <trkpt lat="37.47152854688465595245361328125" lon="126.95931874215602874755859375">
        <ele>59.59999847412109375</ele>
        <time>2026-04-10T14:38:30.000Z</time>
        <extensions>
          <ns3:TrackPointExtension>
            <ns3:hr>142</ns3:hr>
            <ns3:cad>82</ns3:cad>
          </ns3:TrackPointExtension>
        </extensions>
      </trkpt>
      <trkpt lat="37.4714927561581134796142578125" lon="126.959335841238498687744140625">
        <ele>59.59999847412109375</ele>
        <time>2026-04-10T14:38:31.000Z</time>
        <extensions>
          <ns3:TrackPointExtension>
            <ns3:hr>142</ns3:hr>
            <ns3:cad>82</ns3:cad>
          </ns3:TrackPointExtension>
        </extensions>
      </trkpt>
      <trkpt lat="37.47147004120051860809326171875" lon="126.95934824645519256591796875">
        <ele>59.59999847412109375</ele>
        <time>2026-04-10T14:38:32.000Z</time>
        <extensions>
          <ns3:TrackPointExtension>
            <ns3:hr>142</ns3:hr>
            <ns3:cad>82</ns3:cad>
          </ns3:TrackPointExtension>
        </extensions>
      </trkpt>
      <trkpt lat="37.47143827378749847412109375" lon="126.95936107076704502105712890625">
        <ele>59.59999847412109375</ele>
        <time>2026-04-10T14:38:33.000Z</time>
        <extensions>
          <ns3:TrackPointExtension>
            <ns3:hr>142</ns3:hr>
            <ns3:cad>82</ns3:cad>
          </ns3:TrackPointExtension>
        </extensions>
      </trkpt>
      <trkpt lat="37.47140365652740001678466796875" lon="126.95936358533799648284912109375">
        <ele>59.59999847412109375</ele>
        <time>2026-04-10T14:38:34.000Z</time>
        <extensions>
          <ns3:TrackPointExtension>
            <ns3:hr>143</ns3:hr>
            <ns3:cad>82</ns3:cad>
          </ns3:TrackPointExtension>
        </extensions>
      </trkpt>
      <trkpt lat="37.47138286940753459930419921875" lon="126.95937263779342174530029296875">
        <ele>59.59999847412109375</ele>
        <time>2026-04-10T14:38:35.000Z</time>
        <extensions>
          <ns3:TrackPointExtension>
            <ns3:hr>142</ns3:hr>
            <ns3:cad>82</ns3:cad>
          </ns3:TrackPointExtension>
        </extensions>
      </trkpt>
      <trkpt lat="37.47134649194777011871337890625" lon="126.95937850512564182281494140625">
        <ele>59.799999237060546875</ele>
        <time>2026-04-10T14:38:36.000Z</time>
        <extensions>
          <ns3:TrackPointExtension>
            <ns3:hr>142</ns3:hr>
            <ns3:cad>82</ns3:cad>
          </ns3:TrackPointExtension>
        </extensions>
      </trkpt>
      <trkpt lat="37.4713177420198917388916015625" lon="126.95937682874500751495361328125">
        <ele>59.799999237060546875</ele>
        <time>2026-04-10T14:38:37.000Z</time>
        <extensions>
          <ns3:TrackPointExtension>
            <ns3:hr>142</ns3:hr>
            <ns3:cad>82</ns3:cad>
          </ns3:TrackPointExtension>
        </extensions>
      </trkpt>
      <trkpt lat="37.4712909199297428131103515625" lon="126.95937615819275379180908203125">
        <ele>60</ele>
        <time>2026-04-10T14:38:38.000Z</time>
        <extensions>
          <ns3:TrackPointExtension>
            <ns3:hr>142</ns3:hr>
            <ns3:cad>82</ns3:cad>
          </ns3:TrackPointExtension>
        </extensions>
      </trkpt>
      <trkpt lat="37.47125546447932720184326171875" lon="126.95936568081378936767578125">
        <ele>60</ele>
        <time>2026-04-10T14:38:39.000Z</time>
        <extensions>
          <ns3:TrackPointExtension>
            <ns3:hr>142</ns3:hr>
            <ns3:cad>82</ns3:cad>
          </ns3:TrackPointExtension>
        </extensions>
      </trkpt>
      <trkpt lat="37.47122964821755886077880859375" lon="126.9593567959964275360107421875">
        <ele>60</ele>
        <time>2026-04-10T14:38:40.000Z</time>
        <extensions>
          <ns3:TrackPointExtension>
            <ns3:hr>142</ns3:hr>
            <ns3:cad>82</ns3:cad>
          </ns3:TrackPointExtension>
        </extensions>
      </trkpt>
      <trkpt lat="37.4711980484426021575927734375" lon="126.95934682153165340423583984375">
        <ele>60</ele>
        <time>2026-04-10T14:38:41.000Z</time>
        <extensions>
          <ns3:TrackPointExtension>
            <ns3:hr>142</ns3:hr>
            <ns3:cad>83</ns3:cad>
          </ns3:TrackPointExtension>
        </extensions>
      </trkpt>
      <trkpt lat="37.47117063961923122406005859375" lon="126.95932553149759769439697265625">
        <ele>60</ele>
        <time>2026-04-10T14:38:42.000Z</time>
        <extensions>
          <ns3:TrackPointExtension>
            <ns3:hr>142</ns3:hr>
            <ns3:cad>83</ns3:cad>
          </ns3:TrackPointExtension>
        </extensions>
      </trkpt>
      <trkpt lat="37.47114859521389007568359375" lon="126.9593172334134578704833984375">
        <ele>60</ele>
        <time>2026-04-10T14:38:43.000Z</time>
        <extensions>
          <ns3:TrackPointExtension>
            <ns3:hr>141</ns3:hr>
            <ns3:cad>83</ns3:cad>
          </ns3:TrackPointExtension>
        </extensions>
      </trkpt>
      <trkpt lat="37.471112720668315887451171875" lon="126.959292925894260406494140625">
        <ele>60</ele>
        <time>2026-04-10T14:38:44.000Z</time>
        <extensions>
          <ns3:TrackPointExtension>
            <ns3:hr>141</ns3:hr>
            <ns3:cad>82</ns3:cad>
          </ns3:TrackPointExtension>
        </extensions>
      </trkpt>
      <trkpt lat="37.47108547948300838470458984375" lon="126.95927591063082218170166015625">
        <ele>60.200000762939453125</ele>
        <time>2026-04-10T14:38:45.000Z</time>
        <extensions>
          <ns3:TrackPointExtension>
            <ns3:hr>141</ns3:hr>
            <ns3:cad>82</ns3:cad>
          </ns3:TrackPointExtension>
        </extensions>
      </trkpt>
      <trkpt lat="37.47106008231639862060546875" lon="126.95926065556704998016357421875">
        <ele>60.200000762939453125</ele>
        <time>2026-04-10T14:38:46.000Z</time>
        <extensions>
          <ns3:TrackPointExtension>
            <ns3:hr>141</ns3:hr>
            <ns3:cad>82</ns3:cad>
          </ns3:TrackPointExtension>
        </extensions>
      </trkpt>
      <trkpt lat="37.47103317640721797943115234375" lon="126.95923768915235996246337890625">
        <ele>60.200000762939453125</ele>
        <time>2026-04-10T14:38:47.000Z</time>
        <extensions>
          <ns3:TrackPointExtension>
            <ns3:hr>141</ns3:hr>
            <ns3:cad>83</ns3:cad>
          </ns3:TrackPointExtension>
        </extensions>
      </trkpt>
      <trkpt lat="37.47101247310638427734375" lon="126.959217488765716552734375">
        <ele>60.40000152587890625</ele>
        <time>2026-04-10T14:38:48.000Z</time>
        <extensions>
          <ns3:TrackPointExtension>
            <ns3:hr>141</ns3:hr>
            <ns3:cad>83</ns3:cad>
          </ns3:TrackPointExtension>
        </extensions>
      </trkpt>
      <trkpt lat="37.4709896743297576904296875" lon="126.9591847993433475494384765625">
        <ele>60.40000152587890625</ele>
        <time>2026-04-10T14:38:49.000Z</time>
        <extensions>
          <ns3:TrackPointExtension>
            <ns3:hr>141</ns3:hr>
            <ns3:cad>83</ns3:cad>
          </ns3:TrackPointExtension>
        </extensions>
      </trkpt>
      <trkpt lat="37.47096964158117771148681640625" lon="126.95915068499743938446044921875">
        <ele>60.59999847412109375</ele>
        <time>2026-04-10T14:38:50.000Z</time>
        <extensions>
          <ns3:TrackPointExtension>
            <ns3:hr>141</ns3:hr>
            <ns3:cad>83</ns3:cad>
          </ns3:TrackPointExtension>
        </extensions>
      </trkpt>
      <trkpt lat="37.47095187194645404815673828125" lon="126.95912788622081279754638671875">
        <ele>60.59999847412109375</ele>
        <time>2026-04-10T14:38:51.000Z</time>
        <extensions>
          <ns3:TrackPointExtension>
            <ns3:hr>141</ns3:hr>
            <ns3:cad>83</ns3:cad>
          </ns3:TrackPointExtension>
        </extensions>
      </trkpt>
      <trkpt lat="37.47093292884528636932373046875" lon="126.95909519679844379425048828125">
        <ele>60.59999847412109375</ele>
        <time>2026-04-10T14:38:52.000Z</time>
        <extensions>
          <ns3:TrackPointExtension>
            <ns3:hr>141</ns3:hr>
            <ns3:cad>83</ns3:cad>
          </ns3:TrackPointExtension>
        </extensions>
      </trkpt>
      <trkpt lat="37.47091616503894329071044921875" lon="126.9590694643557071685791015625">
        <ele>60.799999237060546875</ele>
        <time>2026-04-10T14:38:53.000Z</time>
        <extensions>
          <ns3:TrackPointExtension>
            <ns3:hr>142</ns3:hr>
            <ns3:cad>83</ns3:cad>
          </ns3:TrackPointExtension>
        </extensions>
      </trkpt>
      <trkpt lat="37.470897138118743896484375" lon="126.95904247462749481201171875">
        <ele>60.799999237060546875</ele>
        <time>2026-04-10T14:38:54.000Z</time>
        <extensions>
          <ns3:TrackPointExtension>
            <ns3:hr>142</ns3:hr>
            <ns3:cad>83</ns3:cad>
          </ns3:TrackPointExtension>
        </extensions>
      </trkpt>
      <trkpt lat="37.47088079340755939483642578125" lon="126.95900852791965007781982421875">
        <ele>60.799999237060546875</ele>
        <time>2026-04-10T14:38:55.000Z</time>
        <extensions>
          <ns3:TrackPointExtension>
            <ns3:hr>142</ns3:hr>
            <ns3:cad>83</ns3:cad>
          </ns3:TrackPointExtension>
        </extensions>
      </trkpt>
      <trkpt lat="37.47086553834378719329833984375" lon="126.95898757316172122955322265625">
        <ele>60.799999237060546875</ele>
        <time>2026-04-10T14:38:56.000Z</time>
        <extensions>
          <ns3:TrackPointExtension>
            <ns3:hr>142</ns3:hr>
            <ns3:cad>82</ns3:cad>
          </ns3:TrackPointExtension>
        </extensions>
      </trkpt>
      <trkpt lat="37.47084206901490688323974609375" lon="126.9589559733867645263671875">
        <ele>60.799999237060546875</ele>
        <time>2026-04-10T14:38:57.000Z</time>
        <extensions>
          <ns3:TrackPointExtension>
            <ns3:hr>142</ns3:hr>
            <ns3:cad>82</ns3:cad>
          </ns3:TrackPointExtension>
        </extensions>
      </trkpt>
      <trkpt lat="37.4708260595798492431640625" lon="126.9589263014495372772216796875">
        <ele>61</ele>
        <time>2026-04-10T14:38:58.000Z</time>
        <extensions>
          <ns3:TrackPointExtension>
            <ns3:hr>143</ns3:hr>
            <ns3:cad>82</ns3:cad>
          </ns3:TrackPointExtension>
        </extensions>
      </trkpt>
      <trkpt lat="37.4708091281354427337646484375" lon="126.9589041732251644134521484375">
        <ele>61</ele>
        <time>2026-04-10T14:38:59.000Z</time>
        <extensions>
          <ns3:TrackPointExtension>
            <ns3:hr>143</ns3:hr>
            <ns3:cad>82</ns3:cad>
          </ns3:TrackPointExtension>
        </extensions>
      </trkpt>
      <trkpt lat="37.47079228051006793975830078125" lon="126.95886787958443164825439453125">
        <ele>61.200000762939453125</ele>
        <time>2026-04-10T14:39:00.000Z</time>
        <extensions>
          <ns3:TrackPointExtension>
            <ns3:hr>143</ns3:hr>
            <ns3:cad>82</ns3:cad>
          </ns3:TrackPointExtension>
        </extensions>
      </trkpt>
      <trkpt lat="37.47077266685664653778076171875" lon="126.95884776301681995391845703125">
        <ele>61.200000762939453125</ele>
        <time>2026-04-10T14:39:01.000Z</time>
        <extensions>
          <ns3:TrackPointExtension>
            <ns3:hr>142</ns3:hr>
            <ns3:cad>83</ns3:cad>
          </ns3:TrackPointExtension>
        </extensions>
      </trkpt>
      <trkpt lat="37.4707536399364471435546875" lon="126.9588164985179901123046875">
        <ele>61.200000762939453125</ele>
        <time>2026-04-10T14:39:02.000Z</time>
        <extensions>
          <ns3:TrackPointExtension>
            <ns3:hr>143</ns3:hr>
            <ns3:cad>83</ns3:cad>
          </ns3:TrackPointExtension>
        </extensions>
      </trkpt>
      <trkpt lat="37.470738552510738372802734375" lon="126.958783306181430816650390625">
        <ele>61.200000762939453125</ele>
        <time>2026-04-10T14:39:03.000Z</time>
        <extensions>
          <ns3:TrackPointExtension>
            <ns3:hr>143</ns3:hr>
            <ns3:cad>83</ns3:cad>
          </ns3:TrackPointExtension>
        </extensions>
      </trkpt>
      <trkpt lat="37.47072748839855194091796875" lon="126.95875841192901134490966796875">
        <ele>61.200000762939453125</ele>
        <time>2026-04-10T14:39:04.000Z</time>
        <extensions>
          <ns3:TrackPointExtension>
            <ns3:hr>143</ns3:hr>
            <ns3:cad>82</ns3:cad>
          </ns3:TrackPointExtension>
        </extensions>
      </trkpt>
      <trkpt lat="37.47070795856416225433349609375" lon="126.95871868170797824859619140625">
        <ele>61.200000762939453125</ele>
        <time>2026-04-10T14:39:05.000Z</time>
        <extensions>
          <ns3:TrackPointExtension>
            <ns3:hr>144</ns3:hr>
            <ns3:cad>82</ns3:cad>
          </ns3:TrackPointExtension>
        </extensions>
      </trkpt>
      <trkpt lat="37.4706857465207576751708984375" lon="126.958696134388446807861328125">
        <ele>61.40000152587890625</ele>
        <time>2026-04-10T14:39:06.000Z</time>
        <extensions>
          <ns3:TrackPointExtension>
            <ns3:hr>144</ns3:hr>
            <ns3:cad>82</ns3:cad>
          </ns3:TrackPointExtension>
        </extensions>
      </trkpt>
      <trkpt lat="37.47066839598119258880615234375" lon="126.95866973139345645904541015625">
        <ele>61.40000152587890625</ele>
        <time>2026-04-10T14:39:07.000Z</time>
        <extensions>
          <ns3:TrackPointExtension>
            <ns3:hr>144</ns3:hr>
            <ns3:cad>82</ns3:cad>
          </ns3:TrackPointExtension>
        </extensions>
      </trkpt>
      <trkpt lat="37.4706535600125789642333984375" lon="126.9586329348385334014892578125">
        <ele>61.59999847412109375</ele>
        <time>2026-04-10T14:39:08.000Z</time>
        <extensions>
          <ns3:TrackPointExtension>
            <ns3:hr>144</ns3:hr>
            <ns3:cad>83</ns3:cad>
          </ns3:TrackPointExtension>
        </extensions>
      </trkpt>
      <trkpt lat="37.47063721530139446258544921875" lon="126.95860636420547962188720703125">
        <ele>61.799999237060546875</ele>
        <time>2026-04-10T14:39:09.000Z</time>
        <extensions>
          <ns3:TrackPointExtension>
            <ns3:hr>145</ns3:hr>
            <ns3:cad>83</ns3:cad>
          </ns3:TrackPointExtension>
        </extensions>
      </trkpt>
      <trkpt lat="37.47061408124864101409912109375" lon="126.958573423326015472412109375">
        <ele>61.799999237060546875</ele>
        <time>2026-04-10T14:39:10.000Z</time>
        <extensions>
          <ns3:TrackPointExtension>
            <ns3:hr>145</ns3:hr>
            <ns3:cad>83</ns3:cad>
          </ns3:TrackPointExtension>
        </extensions>
      </trkpt>
      <trkpt lat="37.47059865854680538177490234375" lon="126.9585417397320270538330078125">
        <ele>61.799999237060546875</ele>
        <time>2026-04-10T14:39:11.000Z</time>
        <extensions>
          <ns3:TrackPointExtension>
            <ns3:hr>145</ns3:hr>
            <ns3:cad>83</ns3:cad>
          </ns3:TrackPointExtension>
        </extensions>
      </trkpt>
      <trkpt lat="37.47058172710239887237548828125" lon="126.958519108593463897705078125">
        <ele>61.799999237060546875</ele>
        <time>2026-04-10T14:39:12.000Z</time>
        <extensions>
          <ns3:TrackPointExtension>
            <ns3:hr>145</ns3:hr>
            <ns3:cad>83</ns3:cad>
          </ns3:TrackPointExtension>
        </extensions>
      </trkpt>
      <trkpt lat="37.47055792249739170074462890625" lon="126.95848449133336544036865234375">
        <ele>62</ele>
        <time>2026-04-10T14:39:13.000Z</time>
        <extensions>
          <ns3:TrackPointExtension>
            <ns3:hr>145</ns3:hr>
            <ns3:cad>83</ns3:cad>
          </ns3:TrackPointExtension>
        </extensions>
      </trkpt>
      <trkpt lat="37.47053663246333599090576171875" lon="126.9584559090435504913330078125">
        <ele>62</ele>
        <time>2026-04-10T14:39:14.000Z</time>
        <extensions>
          <ns3:TrackPointExtension>
            <ns3:hr>145</ns3:hr>
            <ns3:cad>83</ns3:cad>
          </ns3:TrackPointExtension>
        </extensions>
      </trkpt>
      <trkpt lat="37.4705221317708492279052734375" lon="126.95841743610799312591552734375">
        <ele>62.200000762939453125</ele>
        <time>2026-04-10T14:39:15.000Z</time>
        <extensions>
          <ns3:TrackPointExtension>
            <ns3:hr>145</ns3:hr>
            <ns3:cad>83</ns3:cad>
          </ns3:TrackPointExtension>
        </extensions>
      </trkpt>
      <trkpt lat="37.4705350399017333984375" lon="126.95837720297276973724365234375">
        <ele>62.40000152587890625</ele>
        <time>2026-04-10T14:39:16.000Z</time>
        <extensions>
          <ns3:TrackPointExtension>
            <ns3:hr>146</ns3:hr>
            <ns3:cad>83</ns3:cad>
          </ns3:TrackPointExtension>
        </extensions>
      </trkpt>
      <trkpt lat="37.47056043706834316253662109375" lon="126.958356834948062896728515625">
        <ele>62.40000152587890625</ele>
        <time>2026-04-10T14:39:17.000Z</time>
        <extensions>
          <ns3:TrackPointExtension>
            <ns3:hr>146</ns3:hr>
            <ns3:cad>83</ns3:cad>
          </ns3:TrackPointExtension>
        </extensions>
      </trkpt>
      <trkpt lat="37.47058927081525325775146484375" lon="126.95834652520716190338134765625">
        <ele>62.40000152587890625</ele>
        <time>2026-04-10T14:39:18.000Z</time>
        <extensions>
          <ns3:TrackPointExtension>
            <ns3:hr>146</ns3:hr>
            <ns3:cad>82</ns3:cad>
          </ns3:TrackPointExtension>
        </extensions>
      </trkpt>
      <trkpt lat="37.47062623500823974609375" lon="126.95835306309163570404052734375">
        <ele>62.200000762939453125</ele>
        <time>2026-04-10T14:39:19.000Z</time>
        <extensions>
          <ns3:TrackPointExtension>
            <ns3:hr>146</ns3:hr>
            <ns3:cad>82</ns3:cad>
          </ns3:TrackPointExtension>
        </extensions>
      </trkpt>
      <trkpt lat="37.4706565774977207183837890625" lon="126.95835691876709461212158203125">
        <ele>62</ele>
        <time>2026-04-10T14:39:20.000Z</time>
        <extensions>
          <ns3:TrackPointExtension>
            <ns3:hr>145</ns3:hr>
            <ns3:cad>82</ns3:cad>
          </ns3:TrackPointExtension>
        </extensions>
      </trkpt>
      <trkpt lat="37.47069857083261013031005859375" lon="126.958370245993137359619140625">
        <ele>62</ele>
        <time>2026-04-10T14:39:21.000Z</time>
        <extensions>
          <ns3:TrackPointExtension>
            <ns3:hr>146</ns3:hr>
            <ns3:cad>82</ns3:cad>
          </ns3:TrackPointExtension>
        </extensions>
      </trkpt>
      <trkpt lat="37.47072338126599788665771484375" lon="126.9583690725266933441162109375">
        <ele>61.799999237060546875</ele>
        <time>2026-04-10T14:39:22.000Z</time>
        <extensions>
          <ns3:TrackPointExtension>
            <ns3:hr>146</ns3:hr>
            <ns3:cad>83</ns3:cad>
          </ns3:TrackPointExtension>
        </extensions>
      </trkpt>
      <trkpt lat="37.47075741179287433624267578125" lon="126.95837468840181827545166015625">
        <ele>61.799999237060546875</ele>
        <time>2026-04-10T14:39:23.000Z</time>
        <extensions>
          <ns3:TrackPointExtension>
            <ns3:hr>145</ns3:hr>
            <ns3:cad>83</ns3:cad>
          </ns3:TrackPointExtension>
        </extensions>
      </trkpt>
      <trkpt lat="37.4707920290529727935791015625" lon="126.958386339247226715087890625">
        <ele>61.799999237060546875</ele>
        <time>2026-04-10T14:39:24.000Z</time>
        <extensions>
          <ns3:TrackPointExtension>
            <ns3:hr>145</ns3:hr>
            <ns3:cad>83</ns3:cad>
          </ns3:TrackPointExtension>
        </extensions>
      </trkpt>
      <trkpt lat="37.47081306762993335723876953125" lon="126.95838935673236846923828125">
        <ele>61.799999237060546875</ele>
        <time>2026-04-10T14:39:25.000Z</time>
        <extensions>
          <ns3:TrackPointExtension>
            <ns3:hr>145</ns3:hr>
            <ns3:cad>83</ns3:cad>
          </ns3:TrackPointExtension>
        </extensions>
      </trkpt>
      <trkpt lat="37.47085112147033214569091796875" lon="126.95840368978679180145263671875">
        <ele>61.799999237060546875</ele>
        <time>2026-04-10T14:39:26.000Z</time>
        <extensions>
          <ns3:TrackPointExtension>
            <ns3:hr>144</ns3:hr>
            <ns3:cad>83</ns3:cad>
          </ns3:TrackPointExtension>
        </extensions>
      </trkpt>
      <trkpt lat="37.47087727300822734832763671875" lon="126.958409808576107025146484375">
        <ele>61.799999237060546875</ele>
        <time>2026-04-10T14:39:27.000Z</time>
        <extensions>
          <ns3:TrackPointExtension>
            <ns3:hr>144</ns3:hr>
            <ns3:cad>84</ns3:cad>
          </ns3:TrackPointExtension>
        </extensions>
      </trkpt>
      <trkpt lat="37.47090644203126430511474609375" lon="126.958423219621181488037109375">
        <ele>61.799999237060546875</ele>
        <time>2026-04-10T14:39:28.000Z</time>
        <extensions>
          <ns3:TrackPointExtension>
            <ns3:hr>143</ns3:hr>
            <ns3:cad>84</ns3:cad>
          </ns3:TrackPointExtension>
        </extensions>
      </trkpt>
      <trkpt lat="37.47093644924461841583251953125" lon="126.95844157598912715911865234375">
        <ele>61.799999237060546875</ele>
        <time>2026-04-10T14:39:29.000Z</time>
        <extensions>
          <ns3:TrackPointExtension>
            <ns3:hr>143</ns3:hr>
            <ns3:cad>83</ns3:cad>
          </ns3:TrackPointExtension>
        </extensions>
      </trkpt>
      <trkpt lat="37.47096075676381587982177734375" lon="126.9584502093493938446044921875">
        <ele>61.799999237060546875</ele>
        <time>2026-04-10T14:39:30.000Z</time>
        <extensions>
          <ns3:TrackPointExtension>
            <ns3:hr>143</ns3:hr>
            <ns3:cad>83</ns3:cad>
          </ns3:TrackPointExtension>
        </extensions>
      </trkpt>
      <trkpt lat="37.47099294327199459075927734375" lon="126.958468817174434661865234375">
        <ele>61.59999847412109375</ele>
        <time>2026-04-10T14:39:31.000Z</time>
        <extensions>
          <ns3:TrackPointExtension>
            <ns3:hr>142</ns3:hr>
            <ns3:cad>83</ns3:cad>
          </ns3:TrackPointExtension>
        </extensions>
      </trkpt>
      <trkpt lat="37.471021525561809539794921875" lon="126.95847510360181331634521484375">
        <ele>61.59999847412109375</ele>
        <time>2026-04-10T14:39:32.000Z</time>
        <extensions>
          <ns3:TrackPointExtension>
            <ns3:hr>142</ns3:hr>
            <ns3:cad>83</ns3:cad>
          </ns3:TrackPointExtension>
        </extensions>
      </trkpt>
      <trkpt lat="37.471052706241607666015625" lon="126.95848901756107807159423828125">
        <ele>61.40000152587890625</ele>
        <time>2026-04-10T14:39:33.000Z</time>
        <extensions>
          <ns3:TrackPointExtension>
            <ns3:hr>142</ns3:hr>
            <ns3:cad>83</ns3:cad>
          </ns3:TrackPointExtension>
        </extensions>
      </trkpt>
      <trkpt lat="37.471087239682674407958984375" lon="126.958504356443881988525390625">
        <ele>61.40000152587890625</ele>
        <time>2026-04-10T14:39:34.000Z</time>
        <extensions>
          <ns3:TrackPointExtension>
            <ns3:hr>142</ns3:hr>
            <ns3:cad>83</ns3:cad>
          </ns3:TrackPointExtension>
        </extensions>
      </trkpt>
      <trkpt lat="37.47111531905829906463623046875" lon="126.958507038652896881103515625">
        <ele>61.40000152587890625</ele>
        <time>2026-04-10T14:39:35.000Z</time>
        <extensions>
          <ns3:TrackPointExtension>
            <ns3:hr>142</ns3:hr>
            <ns3:cad>83</ns3:cad>
          </ns3:TrackPointExtension>
        </extensions>
      </trkpt>
      <trkpt lat="37.47115169651806354522705078125" lon="126.95851868949830532073974609375">
        <ele>61.40000152587890625</ele>
        <time>2026-04-10T14:39:36.000Z</time>
        <extensions>
          <ns3:TrackPointExtension>
            <ns3:hr>142</ns3:hr>
            <ns3:cad>83</ns3:cad>
          </ns3:TrackPointExtension>
        </extensions>
      </trkpt>
      <trkpt lat="37.4711782671511173248291015625" lon="126.95851885713636875152587890625">
        <ele>61.40000152587890625</ele>
        <time>2026-04-10T14:39:37.000Z</time>
        <extensions>
          <ns3:TrackPointExtension>
            <ns3:hr>142</ns3:hr>
            <ns3:cad>83</ns3:cad>
          </ns3:TrackPointExtension>
        </extensions>
      </trkpt>
      <trkpt lat="37.47120349667966365814208984375" lon="126.958522796630859375">
        <ele>61.40000152587890625</ele>
        <time>2026-04-10T14:39:38.000Z</time>
        <extensions>
          <ns3:TrackPointExtension>
            <ns3:hr>142</ns3:hr>
            <ns3:cad>84</ns3:cad>
          </ns3:TrackPointExtension>
        </extensions>
      </trkpt>
      <trkpt lat="37.4712396226823329925537109375" lon="126.958535201847553253173828125">
        <ele>61.59999847412109375</ele>
        <time>2026-04-10T14:39:39.000Z</time>
        <extensions>
          <ns3:TrackPointExtension>
            <ns3:hr>142</ns3:hr>
            <ns3:cad>84</ns3:cad>
          </ns3:TrackPointExtension>
        </extensions>
      </trkpt>
      <trkpt lat="37.47126124799251556396484375" lon="126.9585330225527286529541015625">
        <ele>61.799999237060546875</ele>
        <time>2026-04-10T14:39:40.000Z</time>
        <extensions>
          <ns3:TrackPointExtension>
            <ns3:hr>142</ns3:hr>
            <ns3:cad>84</ns3:cad>
          </ns3:TrackPointExtension>
        </extensions>
      </trkpt>
      <trkpt lat="37.4712996371090412139892578125" lon="126.958533190190792083740234375">
        <ele>61.799999237060546875</ele>
        <time>2026-04-10T14:39:41.000Z</time>
        <extensions>
          <ns3:TrackPointExtension>
            <ns3:hr>141</ns3:hr>
            <ns3:cad>84</ns3:cad>
          </ns3:TrackPointExtension>
        </extensions>
      </trkpt>
      <trkpt lat="37.47133106924593448638916015625" lon="126.95853260345757007598876953125">
        <ele>61.799999237060546875</ele>
        <time>2026-04-10T14:39:42.000Z</time>
        <extensions>
          <ns3:TrackPointExtension>
            <ns3:hr>142</ns3:hr>
            <ns3:cad>84</ns3:cad>
          </ns3:TrackPointExtension>
        </extensions>
      </trkpt>
      <trkpt lat="37.4713522754609584808349609375" lon="126.95853545330464839935302734375">
        <ele>61.799999237060546875</ele>
        <time>2026-04-10T14:39:43.000Z</time>
        <extensions>
          <ns3:TrackPointExtension>
            <ns3:hr>142</ns3:hr>
            <ns3:cad>83</ns3:cad>
          </ns3:TrackPointExtension>
        </extensions>
      </trkpt>
      <trkpt lat="37.4713915027678012847900390625" lon="126.9585482776165008544921875">
        <ele>61.59999847412109375</ele>
        <time>2026-04-10T14:39:44.000Z</time>
        <extensions>
          <ns3:TrackPointExtension>
            <ns3:hr>142</ns3:hr>
            <ns3:cad>83</ns3:cad>
          </ns3:TrackPointExtension>
        </extensions>
      </trkpt>
      <trkpt lat="37.47141270898282527923583984375" lon="126.95853662677109241485595703125">
        <ele>61.59999847412109375</ele>
        <time>2026-04-10T14:39:45.000Z</time>
        <extensions>
          <ns3:TrackPointExtension>
            <ns3:hr>142</ns3:hr>
            <ns3:cad>83</ns3:cad>
          </ns3:TrackPointExtension>
        </extensions>
      </trkpt>
      <trkpt lat="37.47144103981554508209228515625" lon="126.95853025652468204498291015625">
        <ele>61.59999847412109375</ele>
        <time>2026-04-10T14:39:46.000Z</time>
        <extensions>
          <ns3:TrackPointExtension>
            <ns3:hr>141</ns3:hr>
            <ns3:cad>83</ns3:cad>
          </ns3:TrackPointExtension>
        </extensions>
      </trkpt>
      <trkpt lat="37.471470795571804046630859375" lon="126.95854417048394680023193359375">
        <ele>61.59999847412109375</ele>
        <time>2026-04-10T14:39:47.000Z</time>
        <extensions>
          <ns3:TrackPointExtension>
            <ns3:hr>141</ns3:hr>
            <ns3:cad>83</ns3:cad>
          </ns3:TrackPointExtension>
        </extensions>
      </trkpt>
      <trkpt lat="37.4714991264045238494873046875" lon="126.9585454277694225311279296875">
        <ele>61.40000152587890625</ele>
        <time>2026-04-10T14:39:48.000Z</time>
        <extensions>
          <ns3:TrackPointExtension>
            <ns3:hr>141</ns3:hr>
            <ns3:cad>83</ns3:cad>
          </ns3:TrackPointExtension>
        </extensions>
      </trkpt>
      <trkpt lat="37.47153357602655887603759765625" lon="126.9585558213293552398681640625">
        <ele>61.200000762939453125</ele>
        <time>2026-04-10T14:39:49.000Z</time>
        <extensions>
          <ns3:TrackPointExtension>
            <ns3:hr>141</ns3:hr>
            <ns3:cad>83</ns3:cad>
          </ns3:TrackPointExtension>
        </extensions>
      </trkpt>
      <trkpt lat="37.47156324796378612518310546875" lon="126.9585618562996387481689453125">
        <ele>61</ele>
        <time>2026-04-10T14:39:50.000Z</time>
        <extensions>
          <ns3:TrackPointExtension>
            <ns3:hr>141</ns3:hr>
            <ns3:cad>83</ns3:cad>
          </ns3:TrackPointExtension>
        </extensions>
      </trkpt>
      <trkpt lat="37.4715919978916645050048828125" lon="126.95856629870831966400146484375">
        <ele>60.799999237060546875</ele>
        <time>2026-04-10T14:39:51.000Z</time>
        <extensions>
          <ns3:TrackPointExtension>
            <ns3:hr>141</ns3:hr>
            <ns3:cad>83</ns3:cad>
          </ns3:TrackPointExtension>
        </extensions>
      </trkpt>
      <trkpt lat="37.471619658172130584716796875" lon="126.95858272723853588104248046875">
        <ele>60.799999237060546875</ele>
        <time>2026-04-10T14:39:52.000Z</time>
        <extensions>
          <ns3:TrackPointExtension>
            <ns3:hr>140</ns3:hr>
            <ns3:cad>82</ns3:cad>
          </ns3:TrackPointExtension>
        </extensions>
      </trkpt>
      <trkpt lat="37.47164287604391574859619140625" lon="126.95858172141015529632568359375">
        <ele>60.799999237060546875</ele>
        <time>2026-04-10T14:39:53.000Z</time>
        <extensions>
          <ns3:TrackPointExtension>
            <ns3:hr>140</ns3:hr>
            <ns3:cad>82</ns3:cad>
          </ns3:TrackPointExtension>
        </extensions>
      </trkpt>
      <trkpt lat="37.47167296707630157470703125" lon="126.95859253406524658203125">
        <ele>61</ele>
        <time>2026-04-10T14:39:54.000Z</time>
        <extensions>
          <ns3:TrackPointExtension>
            <ns3:hr>140</ns3:hr>
            <ns3:cad>82</ns3:cad>
          </ns3:TrackPointExtension>
        </extensions>
      </trkpt>
      <trkpt lat="37.471702806651592254638671875" lon="126.9586067833006381988525390625">
        <ele>61</ele>
        <time>2026-04-10T14:39:55.000Z</time>
        <extensions>
          <ns3:TrackPointExtension>
            <ns3:hr>139</ns3:hr>
            <ns3:cad>82</ns3:cad>
          </ns3:TrackPointExtension>
        </extensions>
      </trkpt>
      <trkpt lat="37.47172770090401172637939453125" lon="126.95861256681382656097412109375">
        <ele>60.799999237060546875</ele>
        <time>2026-04-10T14:39:56.000Z</time>
        <extensions>
          <ns3:TrackPointExtension>
            <ns3:hr>139</ns3:hr>
            <ns3:cad>82</ns3:cad>
          </ns3:TrackPointExtension>
        </extensions>
      </trkpt>
      <trkpt lat="37.4717567861080169677734375" lon="126.958622373640537261962890625">
        <ele>60.799999237060546875</ele>
        <time>2026-04-10T14:39:57.000Z</time>
        <extensions>
          <ns3:TrackPointExtension>
            <ns3:hr>139</ns3:hr>
            <ns3:cad>82</ns3:cad>
          </ns3:TrackPointExtension>
        </extensions>
      </trkpt>
      <trkpt lat="37.47178285382688045501708984375" lon="126.95862966589629650115966796875">
        <ele>60.59999847412109375</ele>
        <time>2026-04-10T14:39:58.000Z</time>
        <extensions>
          <ns3:TrackPointExtension>
            <ns3:hr>139</ns3:hr>
            <ns3:cad>82</ns3:cad>
          </ns3:TrackPointExtension>
        </extensions>
      </trkpt>
      <trkpt lat="37.4718104302883148193359375" lon="126.95863838307559490203857421875">
        <ele>60.59999847412109375</ele>
        <time>2026-04-10T14:39:59.000Z</time>
        <extensions>
          <ns3:TrackPointExtension>
            <ns3:hr>140</ns3:hr>
            <ns3:cad>82</ns3:cad>
          </ns3:TrackPointExtension>
        </extensions>
      </trkpt>
      <trkpt lat="37.47184328734874725341796875" lon="126.9586567394435405731201171875">
        <ele>60.59999847412109375</ele>
        <time>2026-04-10T14:40:00.000Z</time>
        <extensions>
          <ns3:TrackPointExtension>
            <ns3:hr>139</ns3:hr>
            <ns3:cad>83</ns3:cad>
          </ns3:TrackPointExtension>
        </extensions>
      </trkpt>
      <trkpt lat="37.4718640744686126708984375" lon="126.958663277328014373779296875">
        <ele>60.59999847412109375</ele>
        <time>2026-04-10T14:40:01.000Z</time>
        <extensions>
          <ns3:TrackPointExtension>
            <ns3:hr>139</ns3:hr>
            <ns3:cad>83</ns3:cad>
          </ns3:TrackPointExtension>
        </extensions>
      </trkpt>
      <trkpt lat="37.47189533896744251251220703125" lon="126.95867761038243770599365234375">
        <ele>60.59999847412109375</ele>
        <time>2026-04-10T14:40:02.000Z</time>
        <extensions>
          <ns3:TrackPointExtension>
            <ns3:hr>139</ns3:hr>
            <ns3:cad>83</ns3:cad>
          </ns3:TrackPointExtension>
        </extensions>
      </trkpt>
      <trkpt lat="37.47192115522921085357666015625" lon="126.95868800394237041473388671875">
        <ele>60.40000152587890625</ele>
        <time>2026-04-10T14:40:03.000Z</time>
        <extensions>
          <ns3:TrackPointExtension>
            <ns3:hr>139</ns3:hr>
            <ns3:cad>83</ns3:cad>
          </ns3:TrackPointExtension>
        </extensions>
      </trkpt>
      <trkpt lat="37.4719483964145183563232421875" lon="126.9586956314742565155029296875">
        <ele>60</ele>
        <time>2026-04-10T14:40:04.000Z</time>
        <extensions>
          <ns3:TrackPointExtension>
            <ns3:hr>139</ns3:hr>
            <ns3:cad>83</ns3:cad>
          </ns3:TrackPointExtension>
        </extensions>
      </trkpt>
      <trkpt lat="37.47197614051401615142822265625" lon="126.95871197618544101715087890625">
        <ele>59.799999237060546875</ele>
        <time>2026-04-10T14:40:05.000Z</time>
        <extensions>
          <ns3:TrackPointExtension>
            <ns3:hr>139</ns3:hr>
            <ns3:cad>83</ns3:cad>
          </ns3:TrackPointExtension>
        </extensions>
      </trkpt>
      <trkpt lat="37.4719996936619281768798828125" lon="126.95870644412934780120849609375">
        <ele>59.799999237060546875</ele>
        <time>2026-04-10T14:40:06.000Z</time>
        <extensions>
          <ns3:TrackPointExtension>
            <ns3:hr>140</ns3:hr>
            <ns3:cad>83</ns3:cad>
          </ns3:TrackPointExtension>
        </extensions>
      </trkpt>
      <trkpt lat="37.47203766368329524993896484375" lon="126.95871214382350444793701171875">
        <ele>59.59999847412109375</ele>
        <time>2026-04-10T14:40:07.000Z</time>
        <extensions>
          <ns3:TrackPointExtension>
            <ns3:hr>139</ns3:hr>
            <ns3:cad>83</ns3:cad>
          </ns3:TrackPointExtension>
        </extensions>
      </trkpt>
      <trkpt lat="37.47207420878112316131591796875" lon="126.9587271474301815032958984375">
        <ele>59.59999847412109375</ele>
        <time>2026-04-10T14:40:08.000Z</time>
        <extensions>
          <ns3:TrackPointExtension>
            <ns3:hr>139</ns3:hr>
            <ns3:cad>82</ns3:cad>
          </ns3:TrackPointExtension>
        </extensions>
      </trkpt>
      <trkpt lat="37.47210480272769927978515625" lon="126.95873075164854526519775390625">
        <ele>59.59999847412109375</ele>
        <time>2026-04-10T14:40:09.000Z</time>
        <extensions>
          <ns3:TrackPointExtension>
            <ns3:hr>139</ns3:hr>
            <ns3:cad>82</ns3:cad>
          </ns3:TrackPointExtension>
        </extensions>
      </trkpt>
      <trkpt lat="37.4721317924559116363525390625" lon="126.95875338278710842132568359375">
        <ele>59.59999847412109375</ele>
        <time>2026-04-10T14:40:10.000Z</time>
        <extensions>
          <ns3:TrackPointExtension>
            <ns3:hr>139</ns3:hr>
            <ns3:cad>82</ns3:cad>
          </ns3:TrackPointExtension>
        </extensions>
      </trkpt>
      <trkpt lat="37.4721589498221874237060546875" lon="126.9587695598602294921875">
        <ele>59.59999847412109375</ele>
        <time>2026-04-10T14:40:11.000Z</time>
        <extensions>
          <ns3:TrackPointExtension>
            <ns3:hr>139</ns3:hr>
            <ns3:cad>83</ns3:cad>
          </ns3:TrackPointExtension>
        </extensions>
      </trkpt>
      <trkpt lat="37.4721804074943065643310546875" lon="126.95879747159779071807861328125">
        <ele>59.59999847412109375</ele>
        <time>2026-04-10T14:40:12.000Z</time>
        <extensions>
          <ns3:TrackPointExtension>
            <ns3:hr>139</ns3:hr>
            <ns3:cad>83</ns3:cad>
          </ns3:TrackPointExtension>
        </extensions>
      </trkpt>
      <trkpt lat="37.47219465672969818115234375" lon="126.9588441587984561920166015625">
        <ele>59.59999847412109375</ele>
        <time>2026-04-10T14:40:13.000Z</time>
        <extensions>
          <ns3:TrackPointExtension>
            <ns3:hr>138</ns3:hr>
            <ns3:cad>83</ns3:cad>
          </ns3:TrackPointExtension>
        </extensions>
      </trkpt>
      <trkpt lat="37.47221116907894611358642578125" lon="126.9588833861052989959716796875">
        <ele>59.59999847412109375</ele>
        <time>2026-04-10T14:40:14.000Z</time>
        <extensions>
          <ns3:TrackPointExtension>
            <ns3:hr>138</ns3:hr>
            <ns3:cad>83</ns3:cad>
          </ns3:TrackPointExtension>
        </extensions>
      </trkpt>
      <trkpt lat="37.4722186289727687835693359375" lon="126.9589211046695709228515625">
        <ele>59.59999847412109375</ele>
        <time>2026-04-10T14:40:15.000Z</time>
        <extensions>
          <ns3:TrackPointExtension>
            <ns3:hr>138</ns3:hr>
            <ns3:cad>82</ns3:cad>
          </ns3:TrackPointExtension>
        </extensions>
      </trkpt>
      <trkpt lat="37.47220228426158428192138671875" lon="126.958961673080921173095703125">
        <ele>59.40000152587890625</ele>
        <time>2026-04-10T14:40:16.000Z</time>
        <extensions>
          <ns3:TrackPointExtension>
            <ns3:hr>138</ns3:hr>
            <ns3:cad>82</ns3:cad>
          </ns3:TrackPointExtension>
        </extensions>
      </trkpt>
      <trkpt lat="37.4721887893974781036376953125" lon="126.9589913450181484222412109375">
        <ele>59.40000152587890625</ele>
        <time>2026-04-10T14:40:17.000Z</time>
        <extensions>
          <ns3:TrackPointExtension>
            <ns3:hr>138</ns3:hr>
            <ns3:cad>82</ns3:cad>
          </ns3:TrackPointExtension>
        </extensions>
      </trkpt>
      <trkpt lat="37.47215501032769680023193359375" lon="126.9590141437947750091552734375">
        <ele>59.40000152587890625</ele>
        <time>2026-04-10T14:40:18.000Z</time>
        <extensions>
          <ns3:TrackPointExtension>
            <ns3:hr>138</ns3:hr>
            <ns3:cad>83</ns3:cad>
          </ns3:TrackPointExtension>
        </extensions>
      </trkpt>
      <trkpt lat="37.47213472612202167510986328125" lon="126.95902663283050060272216796875">
        <ele>59.200000762939453125</ele>
        <time>2026-04-10T14:40:19.000Z</time>
        <extensions>
          <ns3:TrackPointExtension>
            <ns3:hr>138</ns3:hr>
            <ns3:cad>83</ns3:cad>
          </ns3:TrackPointExtension>
        </extensions>
      </trkpt>
      <trkpt lat="37.47210002504289150238037109375" lon="126.9590386189520359039306640625">
        <ele>59.200000762939453125</ele>
        <time>2026-04-10T14:40:20.000Z</time>
        <extensions>
          <ns3:TrackPointExtension>
            <ns3:hr>138</ns3:hr>
            <ns3:cad>83</ns3:cad>
          </ns3:TrackPointExtension>
        </extensions>
      </trkpt>
      <trkpt lat="37.47206850908696651458740234375" lon="126.9590476714074611663818359375">
        <ele>59.200000762939453125</ele>
        <time>2026-04-10T14:40:21.000Z</time>
        <extensions>
          <ns3:TrackPointExtension>
            <ns3:hr>138</ns3:hr>
            <ns3:cad>83</ns3:cad>
          </ns3:TrackPointExtension>
        </extensions>
      </trkpt>
      <trkpt lat="37.47204319573938846588134765625" lon="126.95906150154769420623779296875">
        <ele>59.200000762939453125</ele>
        <time>2026-04-10T14:40:22.000Z</time>
        <extensions>
          <ns3:TrackPointExtension>
            <ns3:hr>139</ns3:hr>
            <ns3:cad>83</ns3:cad>
          </ns3:TrackPointExtension>
        </extensions>
      </trkpt>
      <trkpt lat="37.47200530953705310821533203125" lon="126.959081701934337615966796875">
        <ele>59</ele>
        <time>2026-04-10T14:40:23.000Z</time>
        <extensions>
          <ns3:TrackPointExtension>
            <ns3:hr>139</ns3:hr>
            <ns3:cad>83</ns3:cad>
          </ns3:TrackPointExtension>
        </extensions>
      </trkpt>
      <trkpt lat="37.47197815217077732086181640625" lon="126.95909502916038036346435546875">
        <ele>59.200000762939453125</ele>
        <time>2026-04-10T14:40:24.000Z</time>
        <extensions>
          <ns3:TrackPointExtension>
            <ns3:hr>139</ns3:hr>
            <ns3:cad>83</ns3:cad>
          </ns3:TrackPointExtension>
        </extensions>
      </trkpt>
      <trkpt lat="37.471943534910678863525390625" lon="126.9591093622148036956787109375">
        <ele>59.200000762939453125</ele>
        <time>2026-04-10T14:40:25.000Z</time>
        <extensions>
          <ns3:TrackPointExtension>
            <ns3:hr>139</ns3:hr>
            <ns3:cad>83</ns3:cad>
          </ns3:TrackPointExtension>
        </extensions>
      </trkpt>
      <trkpt lat="37.47190690599381923675537109375" lon="126.959126628935337066650390625">
        <ele>59.200000762939453125</ele>
        <time>2026-04-10T14:40:26.000Z</time>
        <extensions>
          <ns3:TrackPointExtension>
            <ns3:hr>139</ns3:hr>
            <ns3:cad>83</ns3:cad>
          </ns3:TrackPointExtension>
        </extensions>
      </trkpt>
      <trkpt lat="37.47187874279916286468505859375" lon="126.9591437280178070068359375">
        <ele>59.200000762939453125</ele>
        <time>2026-04-10T14:40:27.000Z</time>
        <extensions>
          <ns3:TrackPointExtension>
            <ns3:hr>140</ns3:hr>
            <ns3:cad>83</ns3:cad>
          </ns3:TrackPointExtension>
        </extensions>
      </trkpt>
      <trkpt lat="37.47183934785425662994384765625" lon="126.95916208438575267791748046875">
        <ele>59.200000762939453125</ele>
        <time>2026-04-10T14:40:28.000Z</time>
        <extensions>
          <ns3:TrackPointExtension>
            <ns3:hr>140</ns3:hr>
            <ns3:cad>83</ns3:cad>
          </ns3:TrackPointExtension>
        </extensions>
      </trkpt>
      <trkpt lat="37.47181185521185398101806640625" lon="126.95917884819209575653076171875">
        <ele>59</ele>
        <time>2026-04-10T14:40:29.000Z</time>
        <extensions>
          <ns3:TrackPointExtension>
            <ns3:hr>141</ns3:hr>
            <ns3:cad>83</ns3:cad>
          </ns3:TrackPointExtension>
        </extensions>
      </trkpt>
      <trkpt lat="37.47178561985492706298828125" lon="126.9591911695897579193115234375">
        <ele>59</ele>
        <time>2026-04-10T14:40:30.000Z</time>
        <extensions>
          <ns3:TrackPointExtension>
            <ns3:hr>141</ns3:hr>
            <ns3:cad>83</ns3:cad>
          </ns3:TrackPointExtension>
        </extensions>
      </trkpt>
      <trkpt lat="37.47175075113773345947265625" lon="126.95920483209192752838134765625">
        <ele>59</ele>
        <time>2026-04-10T14:40:31.000Z</time>
        <extensions>
          <ns3:TrackPointExtension>
            <ns3:hr>141</ns3:hr>
            <ns3:cad>83</ns3:cad>
          </ns3:TrackPointExtension>
        </extensions>
      </trkpt>
      <trkpt lat="37.47173071838915348052978515625" lon="126.95922159589827060699462890625">
        <ele>59</ele>
        <time>2026-04-10T14:40:32.000Z</time>
        <extensions>
          <ns3:TrackPointExtension>
            <ns3:hr>142</ns3:hr>
            <ns3:cad>83</ns3:cad>
          </ns3:TrackPointExtension>
        </extensions>
      </trkpt>
      <trkpt lat="37.47169719077646732330322265625" lon="126.959232576191425323486328125">
        <ele>58.59999847412109375</ele>
        <time>2026-04-10T14:40:33.000Z</time>
        <extensions>
          <ns3:TrackPointExtension>
            <ns3:hr>142</ns3:hr>
            <ns3:cad>83</ns3:cad>
          </ns3:TrackPointExtension>
        </extensions>
      </trkpt>
      <trkpt lat="37.4716664291918277740478515625" lon="126.95924523286521434783935546875">
        <ele>58.59999847412109375</ele>
        <time>2026-04-10T14:40:34.000Z</time>
        <extensions>
          <ns3:TrackPointExtension>
            <ns3:hr>143</ns3:hr>
            <ns3:cad>83</ns3:cad>
          </ns3:TrackPointExtension>
        </extensions>
      </trkpt>
      <trkpt lat="37.47164337895810604095458984375" lon="126.95926300249993801116943359375">
        <ele>58.40000152587890625</ele>
        <time>2026-04-10T14:40:35.000Z</time>
        <extensions>
          <ns3:TrackPointExtension>
            <ns3:hr>143</ns3:hr>
            <ns3:cad>83</ns3:cad>
          </ns3:TrackPointExtension>
        </extensions>
      </trkpt>
      <trkpt lat="37.47160750441253185272216796875" lon="126.95927674882113933563232421875">
        <ele>58.40000152587890625</ele>
        <time>2026-04-10T14:40:36.000Z</time>
        <extensions>
          <ns3:TrackPointExtension>
            <ns3:hr>143</ns3:hr>
            <ns3:cad>83</ns3:cad>
          </ns3:TrackPointExtension>
        </extensions>
      </trkpt>
      <trkpt lat="37.47158579528331756591796875" lon="126.95929150097072124481201171875">
        <ele>58.59999847412109375</ele>
        <time>2026-04-10T14:40:37.000Z</time>
        <extensions>
          <ns3:TrackPointExtension>
            <ns3:hr>144</ns3:hr>
            <ns3:cad>83</ns3:cad>
          </ns3:TrackPointExtension>
        </extensions>
      </trkpt>
      <trkpt lat="37.47155318967998027801513671875" lon="126.95930575020611286163330078125">
        <ele>58.799999237060546875</ele>
        <time>2026-04-10T14:40:38.000Z</time>
        <extensions>
          <ns3:TrackPointExtension>
            <ns3:hr>144</ns3:hr>
            <ns3:cad>83</ns3:cad>
          </ns3:TrackPointExtension>
        </extensions>
      </trkpt>
      <trkpt lat="37.471522428095340728759765625" lon="126.9593135453760623931884765625">
        <ele>59.200000762939453125</ele>
        <time>2026-04-10T14:40:39.000Z</time>
        <extensions>
          <ns3:TrackPointExtension>
            <ns3:hr>145</ns3:hr>
            <ns3:cad>83</ns3:cad>
          </ns3:TrackPointExtension>
        </extensions>
      </trkpt>
      <trkpt lat="37.47149904258549213409423828125" lon="126.9593309797346591949462890625">
        <ele>59.40000152587890625</ele>
        <time>2026-04-10T14:40:40.000Z</time>
        <extensions>
          <ns3:TrackPointExtension>
            <ns3:hr>146</ns3:hr>
            <ns3:cad>84</ns3:cad>
          </ns3:TrackPointExtension>
        </extensions>
      </trkpt>
      <trkpt lat="37.47146434150636196136474609375" lon="126.95934330113232135772705078125">
        <ele>59.59999847412109375</ele>
        <time>2026-04-10T14:40:41.000Z</time>
        <extensions>
          <ns3:TrackPointExtension>
            <ns3:hr>146</ns3:hr>
            <ns3:cad>84</ns3:cad>
          </ns3:TrackPointExtension>
        </extensions>
      </trkpt>
      <trkpt lat="37.4714438058435916900634765625" lon="126.9593524374067783355712890625">
        <ele>59.59999847412109375</ele>
        <time>2026-04-10T14:40:42.000Z</time>
        <extensions>
          <ns3:TrackPointExtension>
            <ns3:hr>147</ns3:hr>
            <ns3:cad>84</ns3:cad>
          </ns3:TrackPointExtension>
        </extensions>
      </trkpt>
      <trkpt lat="37.471413128077983856201171875" lon="126.9593601487576961517333984375">
        <ele>59.59999847412109375</ele>
        <time>2026-04-10T14:40:43.000Z</time>
        <extensions>
          <ns3:TrackPointExtension>
            <ns3:hr>147</ns3:hr>
            <ns3:cad>84</ns3:cad>
          </ns3:TrackPointExtension>
        </extensions>
      </trkpt>
      <trkpt lat="37.4713811092078685760498046875" lon="126.95936241187155246734619140625">
        <ele>59.59999847412109375</ele>
        <time>2026-04-10T14:40:44.000Z</time>
        <extensions>
          <ns3:TrackPointExtension>
            <ns3:hr>147</ns3:hr>
            <ns3:cad>84</ns3:cad>
          </ns3:TrackPointExtension>
        </extensions>
      </trkpt>
      <trkpt lat="37.4713593162596225738525390625" lon="126.9593636691570281982421875">
        <ele>59.59999847412109375</ele>
        <time>2026-04-10T14:40:45.000Z</time>
        <extensions>
          <ns3:TrackPointExtension>
            <ns3:hr>147</ns3:hr>
            <ns3:cad>83</ns3:cad>
          </ns3:TrackPointExtension>
        </extensions>
      </trkpt>
      <trkpt lat="37.4713167361915111541748046875" lon="126.95936073549091815948486328125">
        <ele>59.59999847412109375</ele>
        <time>2026-04-10T14:40:46.000Z</time>
        <extensions>
          <ns3:TrackPointExtension>
            <ns3:hr>147</ns3:hr>
            <ns3:cad>83</ns3:cad>
          </ns3:TrackPointExtension>
        </extensions>
      </trkpt>
      <trkpt lat="37.47128915973007678985595703125" lon="126.9593635015189647674560546875">
        <ele>59.59999847412109375</ele>
        <time>2026-04-10T14:40:47.000Z</time>
        <extensions>
          <ns3:TrackPointExtension>
            <ns3:hr>147</ns3:hr>
            <ns3:cad>83</ns3:cad>
          </ns3:TrackPointExtension>
        </extensions>
      </trkpt>
      <trkpt lat="37.471258901059627532958984375" lon="126.95936107076704502105712890625">
        <ele>59.799999237060546875</ele>
        <time>2026-04-10T14:40:48.000Z</time>
        <extensions>
          <ns3:TrackPointExtension>
            <ns3:hr>148</ns3:hr>
            <ns3:cad>83</ns3:cad>
          </ns3:TrackPointExtension>
        </extensions>
      </trkpt>
      <trkpt lat="37.4712285585701465606689453125" lon="126.95934782736003398895263671875">
        <ele>59.799999237060546875</ele>
        <time>2026-04-10T14:40:49.000Z</time>
        <extensions>
          <ns3:TrackPointExtension>
            <ns3:hr>148</ns3:hr>
            <ns3:cad>83</ns3:cad>
          </ns3:TrackPointExtension>
        </extensions>
      </trkpt>
      <trkpt lat="37.4712069332599639892578125" lon="126.95934564806520938873291015625">
        <ele>60</ele>
        <time>2026-04-10T14:40:50.000Z</time>
        <extensions>
          <ns3:TrackPointExtension>
            <ns3:hr>148</ns3:hr>
            <ns3:cad>83</ns3:cad>
          </ns3:TrackPointExtension>
        </extensions>
      </trkpt>
      <trkpt lat="37.471169047057628631591796875" lon="126.95932737551629543304443359375">
        <ele>60</ele>
        <time>2026-04-10T14:40:51.000Z</time>
        <extensions>
          <ns3:TrackPointExtension>
            <ns3:hr>149</ns3:hr>
            <ns3:cad>83</ns3:cad>
          </ns3:TrackPointExtension>
        </extensions>
      </trkpt>
      <trkpt lat="37.47113845311105251312255859375" lon="126.95931949652731418609619140625">
        <ele>60</ele>
        <time>2026-04-10T14:40:52.000Z</time>
        <extensions>
          <ns3:TrackPointExtension>
            <ns3:hr>149</ns3:hr>
            <ns3:cad>83</ns3:cad>
          </ns3:TrackPointExtension>
        </extensions>
      </trkpt>
      <trkpt lat="37.4711122177541255950927734375" lon="126.959304995834827423095703125">
        <ele>60</ele>
        <time>2026-04-10T14:40:53.000Z</time>
        <extensions>
          <ns3:TrackPointExtension>
            <ns3:hr>149</ns3:hr>
            <ns3:cad>83</ns3:cad>
          </ns3:TrackPointExtension>
        </extensions>
      </trkpt>
      <trkpt lat="37.47109034098684787750244140625" lon="126.95927180349826812744140625">
        <ele>60</ele>
        <time>2026-04-10T14:40:54.000Z</time>
        <extensions>
          <ns3:TrackPointExtension>
            <ns3:hr>149</ns3:hr>
            <ns3:cad>83</ns3:cad>
          </ns3:TrackPointExtension>
        </extensions>
      </trkpt>
      <trkpt lat="37.4710693024098873138427734375" lon="126.95925361476838588714599609375">
        <ele>60</ele>
        <time>2026-04-10T14:40:55.000Z</time>
        <extensions>
          <ns3:TrackPointExtension>
            <ns3:hr>150</ns3:hr>
            <ns3:cad>83</ns3:cad>
          </ns3:TrackPointExtension>
        </extensions>
      </trkpt>
      <trkpt lat="37.47103719972074031829833984375" lon="126.959221847355365753173828125">
        <ele>60</ele>
        <time>2026-04-10T14:40:56.000Z</time>
        <extensions>
          <ns3:TrackPointExtension>
            <ns3:hr>150</ns3:hr>
            <ns3:cad>83</ns3:cad>
          </ns3:TrackPointExtension>
        </extensions>
      </trkpt>
      <trkpt lat="37.471015155315399169921875" lon="126.95919536054134368896484375">
        <ele>60</ele>
        <time>2026-04-10T14:40:57.000Z</time>
        <extensions>
          <ns3:TrackPointExtension>
            <ns3:hr>150</ns3:hr>
            <ns3:cad>83</ns3:cad>
          </ns3:TrackPointExtension>
        </extensions>
      </trkpt>
      <trkpt lat="37.47099696658551692962646484375" lon="126.9591732323169708251953125">
        <ele>60</ele>
        <time>2026-04-10T14:40:58.000Z</time>
        <extensions>
          <ns3:TrackPointExtension>
            <ns3:hr>150</ns3:hr>
            <ns3:cad>83</ns3:cad>
          </ns3:TrackPointExtension>
        </extensions>
      </trkpt>
      <trkpt lat="37.470979951322078704833984375" lon="126.959138698875904083251953125">
        <ele>60</ele>
        <time>2026-04-10T14:40:59.000Z</time>
        <extensions>
          <ns3:TrackPointExtension>
            <ns3:hr>150</ns3:hr>
            <ns3:cad>83</ns3:cad>
          </ns3:TrackPointExtension>
        </extensions>
      </trkpt>
      <trkpt lat="37.4709636904299259185791015625" lon="126.95911866612732410430908203125">
        <ele>60</ele>
        <time>2026-04-10T14:41:00.000Z</time>
        <extensions>
          <ns3:TrackPointExtension>
            <ns3:hr>150</ns3:hr>
            <ns3:cad>83</ns3:cad>
          </ns3:TrackPointExtension>
        </extensions>
      </trkpt>
      <trkpt lat="37.470940053462982177734375" lon="126.95908748544752597808837890625">
        <ele>60.200000762939453125</ele>
        <time>2026-04-10T14:41:01.000Z</time>
        <extensions>
          <ns3:TrackPointExtension>
            <ns3:hr>150</ns3:hr>
            <ns3:cad>83</ns3:cad>
          </ns3:TrackPointExtension>
        </extensions>
      </trkpt>
      <trkpt lat="37.47092236764729022979736328125" lon="126.95904993452131748199462890625">
        <ele>60.40000152587890625</ele>
        <time>2026-04-10T14:41:02.000Z</time>
        <extensions>
          <ns3:TrackPointExtension>
            <ns3:hr>151</ns3:hr>
            <ns3:cad>83</ns3:cad>
          </ns3:TrackPointExtension>
        </extensions>
      </trkpt>
      <trkpt lat="37.47090342454612255096435546875" lon="126.9590218551456928253173828125">
        <ele>60.40000152587890625</ele>
        <time>2026-04-10T14:41:03.000Z</time>
        <extensions>
          <ns3:TrackPointExtension>
            <ns3:hr>150</ns3:hr>
            <ns3:cad>83</ns3:cad>
          </ns3:TrackPointExtension>
        </extensions>
      </trkpt>
      <trkpt lat="37.470881380140781402587890625" lon="126.9589827954769134521484375">
        <ele>60.40000152587890625</ele>
        <time>2026-04-10T14:41:04.000Z</time>
        <extensions>
          <ns3:TrackPointExtension>
            <ns3:hr>150</ns3:hr>
            <ns3:cad>83</ns3:cad>
          </ns3:TrackPointExtension>
        </extensions>
      </trkpt>
      <trkpt lat="37.4708609282970428466796875" lon="126.95895186625421047210693359375">
        <ele>60.59999847412109375</ele>
        <time>2026-04-10T14:41:05.000Z</time>
        <extensions>
          <ns3:TrackPointExtension>
            <ns3:hr>151</ns3:hr>
            <ns3:cad>83</ns3:cad>
          </ns3:TrackPointExtension>
        </extensions>
      </trkpt>
      <trkpt lat="37.4708382971584796905517578125" lon="126.9589206017553806304931640625">
        <ele>60.59999847412109375</ele>
        <time>2026-04-10T14:41:06.000Z</time>
        <extensions>
          <ns3:TrackPointExtension>
            <ns3:hr>150</ns3:hr>
            <ns3:cad>83</ns3:cad>
          </ns3:TrackPointExtension>
        </extensions>
      </trkpt>
      <trkpt lat="37.4708232097327709197998046875" lon="126.95888363756239414215087890625">
        <ele>60.59999847412109375</ele>
        <time>2026-04-10T14:41:07.000Z</time>
        <extensions>
          <ns3:TrackPointExtension>
            <ns3:hr>150</ns3:hr>
            <ns3:cad>83</ns3:cad>
          </ns3:TrackPointExtension>
        </extensions>
      </trkpt>
      <trkpt lat="37.47080585919320583343505859375" lon="126.95886008441448211669921875">
        <ele>60.799999237060546875</ele>
        <time>2026-04-10T14:41:08.000Z</time>
        <extensions>
          <ns3:TrackPointExtension>
            <ns3:hr>151</ns3:hr>
            <ns3:cad>83</ns3:cad>
          </ns3:TrackPointExtension>
        </extensions>
      </trkpt>
      <trkpt lat="37.47078423388302326202392578125" lon="126.9588216952979564666748046875">
        <ele>61</ele>
        <time>2026-04-10T14:41:09.000Z</time>
        <extensions>
          <ns3:TrackPointExtension>
            <ns3:hr>151</ns3:hr>
            <ns3:cad>83</ns3:cad>
          </ns3:TrackPointExtension>
        </extensions>
      </trkpt>
      <trkpt lat="37.4707648716866970062255859375" lon="126.9587928615510463714599609375">
        <ele>61</ele>
        <time>2026-04-10T14:41:10.000Z</time>
        <extensions>
          <ns3:TrackPointExtension>
            <ns3:hr>151</ns3:hr>
            <ns3:cad>83</ns3:cad>
          </ns3:TrackPointExtension>
        </extensions>
      </trkpt>
      <trkpt lat="37.47073813341557979583740234375" lon="126.95876042358577251434326171875">
        <ele>61.200000762939453125</ele>
        <time>2026-04-10T14:41:11.000Z</time>
        <extensions>
          <ns3:TrackPointExtension>
            <ns3:hr>150</ns3:hr>
            <ns3:cad>83</ns3:cad>
          </ns3:TrackPointExtension>
        </extensions>
      </trkpt>
      <trkpt lat="37.470717765390872955322265625" lon="126.95872555486857891082763671875">
        <ele>61.40000152587890625</ele>
        <time>2026-04-10T14:41:12.000Z</time>
        <extensions>
          <ns3:TrackPointExtension>
            <ns3:hr>150</ns3:hr>
            <ns3:cad>83</ns3:cad>
          </ns3:TrackPointExtension>
        </extensions>
      </trkpt>
      <trkpt lat="37.4706981517374515533447265625" lon="126.95869755931198596954345703125">
        <ele>61.40000152587890625</ele>
        <time>2026-04-10T14:41:13.000Z</time>
        <extensions>
          <ns3:TrackPointExtension>
            <ns3:hr>150</ns3:hr>
            <ns3:cad>83</ns3:cad>
          </ns3:TrackPointExtension>
        </extensions>
      </trkpt>
      <trkpt lat="37.4706745147705078125" lon="126.958660595118999481201171875">
        <ele>61.40000152587890625</ele>
        <time>2026-04-10T14:41:14.000Z</time>
        <extensions>
          <ns3:TrackPointExtension>
            <ns3:hr>150</ns3:hr>
            <ns3:cad>83</ns3:cad>
          </ns3:TrackPointExtension>
        </extensions>
      </trkpt>
      <trkpt lat="37.4706549011170864105224609375" lon="126.958631090819835662841796875">
        <ele>61.59999847412109375</ele>
        <time>2026-04-10T14:41:15.000Z</time>
        <extensions>
          <ns3:TrackPointExtension>
            <ns3:hr>149</ns3:hr>
            <ns3:cad>84</ns3:cad>
          </ns3:TrackPointExtension>
        </extensions>
      </trkpt>
      <trkpt lat="37.4706329405307769775390625" lon="126.95859831757843494415283203125">
        <ele>61.799999237060546875</ele>
        <time>2026-04-10T14:41:16.000Z</time>
        <extensions>
          <ns3:TrackPointExtension>
            <ns3:hr>149</ns3:hr>
            <ns3:cad>84</ns3:cad>
          </ns3:TrackPointExtension>
        </extensions>
      </trkpt>
      <trkpt lat="37.47061609290540218353271484375" lon="126.95856101810932159423828125">
        <ele>61.799999237060546875</ele>
        <time>2026-04-10T14:41:17.000Z</time>
        <extensions>
          <ns3:TrackPointExtension>
            <ns3:hr>149</ns3:hr>
            <ns3:cad>84</ns3:cad>
          </ns3:TrackPointExtension>
        </extensions>
      </trkpt>
      <trkpt lat="37.4705999158322811126708984375" lon="126.95853763259947299957275390625">
        <ele>61.799999237060546875</ele>
        <time>2026-04-10T14:41:18.000Z</time>
        <extensions>
          <ns3:TrackPointExtension>
            <ns3:hr>149</ns3:hr>
            <ns3:cad>84</ns3:cad>
          </ns3:TrackPointExtension>
        </extensions>
      </trkpt>
      <trkpt lat="37.4705751053988933563232421875" lon="126.958502344787120819091796875">
        <ele>62</ele>
        <time>2026-04-10T14:41:19.000Z</time>
        <extensions>
          <ns3:TrackPointExtension>
            <ns3:hr>149</ns3:hr>
            <ns3:cad>84</ns3:cad>
          </ns3:TrackPointExtension>
        </extensions>
      </trkpt>
      <trkpt lat="37.47055448591709136962890625" lon="126.958468146622180938720703125">
        <ele>62</ele>
        <time>2026-04-10T14:41:20.000Z</time>
        <extensions>
          <ns3:TrackPointExtension>
            <ns3:hr>148</ns3:hr>
            <ns3:cad>84</ns3:cad>
          </ns3:TrackPointExtension>
        </extensions>
      </trkpt>
      <trkpt lat="37.4705399014055728912353515625" lon="126.95843235589563846588134765625">
        <ele>62.200000762939453125</ele>
        <time>2026-04-10T14:41:21.000Z</time>
        <extensions>
          <ns3:TrackPointExtension>
            <ns3:hr>148</ns3:hr>
            <ns3:cad>82</ns3:cad>
          </ns3:TrackPointExtension>
        </extensions>
      </trkpt>
      <trkpt lat="37.47054350562393665313720703125" lon="126.9583808071911334991455078125">
        <ele>62.40000152587890625</ele>
        <time>2026-04-10T14:41:22.000Z</time>
        <extensions>
          <ns3:TrackPointExtension>
            <ns3:hr>149</ns3:hr>
            <ns3:cad>82</ns3:cad>
          </ns3:TrackPointExtension>
        </extensions>
      </trkpt>
      <trkpt lat="37.4705603532493114471435546875" lon="126.958350799977779388427734375">
        <ele>62.59999847412109375</ele>
        <time>2026-04-10T14:41:23.000Z</time>
        <extensions>
          <ns3:TrackPointExtension>
            <ns3:hr>148</ns3:hr>
            <ns3:cad>82</ns3:cad>
          </ns3:TrackPointExtension>
        </extensions>
      </trkpt>
      <trkpt lat="37.4705915339291095733642578125" lon="126.95833168923854827880859375">
        <ele>62.59999847412109375</ele>
        <time>2026-04-10T14:41:24.000Z</time>
        <extensions>
          <ns3:TrackPointExtension>
            <ns3:hr>148</ns3:hr>
            <ns3:cad>83</ns3:cad>
          </ns3:TrackPointExtension>
        </extensions>
      </trkpt>
      <trkpt lat="37.47062866576015949249267578125" lon="126.9583318568766117095947265625">
        <ele>62.799999237060546875</ele>
        <time>2026-04-10T14:41:25.000Z</time>
        <extensions>
          <ns3:TrackPointExtension>
            <ns3:hr>149</ns3:hr>
            <ns3:cad>83</ns3:cad>
          </ns3:TrackPointExtension>
        </extensions>
      </trkpt>
      <trkpt lat="37.47066445648670196533203125" lon="126.958334706723690032958984375">
        <ele>62.59999847412109375</ele>
        <time>2026-04-10T14:41:26.000Z</time>
        <extensions>
          <ns3:TrackPointExtension>
            <ns3:hr>148</ns3:hr>
            <ns3:cad>83</ns3:cad>
          </ns3:TrackPointExtension>
        </extensions>
      </trkpt>
      <trkpt lat="37.47070795856416225433349609375" lon="126.9583551585674285888671875">
        <ele>62.59999847412109375</ele>
        <time>2026-04-10T14:41:27.000Z</time>
        <extensions>
          <ns3:TrackPointExtension>
            <ns3:hr>148</ns3:hr>
            <ns3:cad>83</ns3:cad>
          </ns3:TrackPointExtension>
        </extensions>
      </trkpt>
      <trkpt lat="37.47074215672910213470458984375" lon="126.95836228318512439727783203125">
        <ele>62.40000152587890625</ele>
        <time>2026-04-10T14:41:28.000Z</time>
        <extensions>
          <ns3:TrackPointExtension>
            <ns3:hr>148</ns3:hr>
            <ns3:cad>83</ns3:cad>
          </ns3:TrackPointExtension>
        </extensions>
      </trkpt>
      <trkpt lat="37.47078641317784786224365234375" lon="126.95837837643921375274658203125">
        <ele>62.40000152587890625</ele>
        <time>2026-04-10T14:41:29.000Z</time>
        <extensions>
          <ns3:TrackPointExtension>
            <ns3:hr>148</ns3:hr>
            <ns3:cad>85</ns3:cad>
          </ns3:TrackPointExtension>
        </extensions>
      </trkpt>
      <trkpt lat="37.4708198569715023040771484375" lon="126.95838156156241893768310546875">
        <ele>62.200000762939453125</ele>
        <time>2026-04-10T14:41:30.000Z</time>
        <extensions>
          <ns3:TrackPointExtension>
            <ns3:hr>148</ns3:hr>
            <ns3:cad>85</ns3:cad>
          </ns3:TrackPointExtension>
        </extensions>
      </trkpt>
      <trkpt lat="37.47085916809737682342529296875" lon="126.95839329622685909271240234375">
        <ele>62.200000762939453125</ele>
        <time>2026-04-10T14:41:31.000Z</time>
        <extensions>
          <ns3:TrackPointExtension>
            <ns3:hr>148</ns3:hr>
            <ns3:cad>85</ns3:cad>
          </ns3:TrackPointExtension>
        </extensions>
      </trkpt>
      <trkpt lat="37.470898143947124481201171875" lon="126.95841073058545589447021484375">
        <ele>62.200000762939453125</ele>
        <time>2026-04-10T14:41:32.000Z</time>
        <extensions>
          <ns3:TrackPointExtension>
            <ns3:hr>148</ns3:hr>
            <ns3:cad>85</ns3:cad>
          </ns3:TrackPointExtension>
        </extensions>
      </trkpt>
      <trkpt lat="37.47093125246465206146240234375" lon="126.958419866859912872314453125">
        <ele>62.200000762939453125</ele>
        <time>2026-04-10T14:41:33.000Z</time>
        <extensions>
          <ns3:TrackPointExtension>
            <ns3:hr>148</ns3:hr>
            <ns3:cad>86</ns3:cad>
          </ns3:TrackPointExtension>
        </extensions>
      </trkpt>
      <trkpt lat="37.47097383253276348114013671875" lon="126.95844358764588832855224609375">
        <ele>62.200000762939453125</ele>
        <time>2026-04-10T14:41:34.000Z</time>
        <extensions>
          <ns3:TrackPointExtension>
            <ns3:hr>147</ns3:hr>
            <ns3:cad>86</ns3:cad>
          </ns3:TrackPointExtension>
        </extensions>
      </trkpt>
      <trkpt lat="37.471002079546451568603515625" lon="126.9584495387971401214599609375">
        <ele>62.40000152587890625</ele>
        <time>2026-04-10T14:41:35.000Z</time>
        <extensions>
          <ns3:TrackPointExtension>
            <ns3:hr>148</ns3:hr>
            <ns3:cad>86</ns3:cad>
          </ns3:TrackPointExtension>
        </extensions>
      </trkpt>
      <trkpt lat="37.471039630472660064697265625" lon="126.95846320129930973052978515625">
        <ele>62.40000152587890625</ele>
        <time>2026-04-10T14:41:36.000Z</time>
        <extensions>
          <ns3:TrackPointExtension>
            <ns3:hr>148</ns3:hr>
            <ns3:cad>86</ns3:cad>
          </ns3:TrackPointExtension>
        </extensions>
      </trkpt>
      <trkpt lat="37.47107424773275852203369140625" lon="126.95847493596374988555908203125">
        <ele>62.40000152587890625</ele>
        <time>2026-04-10T14:41:37.000Z</time>
        <extensions>
          <ns3:TrackPointExtension>
            <ns3:hr>148</ns3:hr>
            <ns3:cad>85</ns3:cad>
          </ns3:TrackPointExtension>
        </extensions>
      </trkpt>
      <trkpt lat="37.47110425494611263275146484375" lon="126.95848063565790653228759765625">
        <ele>62.200000762939453125</ele>
        <time>2026-04-10T14:41:38.000Z</time>
        <extensions>
          <ns3:TrackPointExtension>
            <ns3:hr>148</ns3:hr>
            <ns3:cad>84</ns3:cad>
          </ns3:TrackPointExtension>
        </extensions>
      </trkpt>
      <trkpt lat="37.47113996185362339019775390625" lon="126.95848767645657062530517578125">
        <ele>62.200000762939453125</ele>
        <time>2026-04-10T14:41:39.000Z</time>
        <extensions>
          <ns3:TrackPointExtension>
            <ns3:hr>148</ns3:hr>
            <ns3:cad>84</ns3:cad>
          </ns3:TrackPointExtension>
        </extensions>
      </trkpt>
      <trkpt lat="37.4711651913821697235107421875" lon="126.95849086157977581024169921875">
        <ele>62</ele>
        <time>2026-04-10T14:41:40.000Z</time>
        <extensions>
          <ns3:TrackPointExtension>
            <ns3:hr>148</ns3:hr>
            <ns3:cad>84</ns3:cad>
          </ns3:TrackPointExtension>
        </extensions>
      </trkpt>
      <trkpt lat="37.47120567597448825836181640625" lon="126.95850276388227939605712890625">
        <ele>61.799999237060546875</ele>
        <time>2026-04-10T14:41:41.000Z</time>
        <extensions>
          <ns3:TrackPointExtension>
            <ns3:hr>148</ns3:hr>
            <ns3:cad>84</ns3:cad>
          </ns3:TrackPointExtension>
        </extensions>
      </trkpt>
      <trkpt lat="37.47123803012073040008544921875" lon="126.958507709205150604248046875">
        <ele>61.799999237060546875</ele>
        <time>2026-04-10T14:41:42.000Z</time>
        <extensions>
          <ns3:TrackPointExtension>
            <ns3:hr>148</ns3:hr>
            <ns3:cad>84</ns3:cad>
          </ns3:TrackPointExtension>
        </extensions>
      </trkpt>
      <trkpt lat="37.471270300447940826416015625" lon="126.958509720861911773681640625">
        <ele>61.799999237060546875</ele>
        <time>2026-04-10T14:41:43.000Z</time>
        <extensions>
          <ns3:TrackPointExtension>
            <ns3:hr>148</ns3:hr>
            <ns3:cad>84</ns3:cad>
          </ns3:TrackPointExtension>
        </extensions>
      </trkpt>
      <trkpt lat="37.47130810283124446868896484375" lon="126.958522461354732513427734375">
        <ele>61.799999237060546875</ele>
        <time>2026-04-10T14:41:44.000Z</time>
        <extensions>
          <ns3:TrackPointExtension>
            <ns3:hr>149</ns3:hr>
            <ns3:cad>84</ns3:cad>
          </ns3:TrackPointExtension>
        </extensions>
      </trkpt>
      <trkpt lat="37.4713303148746490478515625" lon="126.95851818658411502838134765625">
        <ele>62</ele>
        <time>2026-04-10T14:41:45.000Z</time>
        <extensions>
          <ns3:TrackPointExtension>
            <ns3:hr>149</ns3:hr>
            <ns3:cad>84</ns3:cad>
          </ns3:TrackPointExtension>
        </extensions>
      </trkpt>
      <trkpt lat="37.4713666923344135284423828125" lon="126.95852321572601795196533203125">
        <ele>61.799999237060546875</ele>
        <time>2026-04-10T14:41:46.000Z</time>
        <extensions>
          <ns3:TrackPointExtension>
            <ns3:hr>149</ns3:hr>
            <ns3:cad>84</ns3:cad>
          </ns3:TrackPointExtension>
        </extensions>
      </trkpt>
      <trkpt lat="37.47139443643391132354736328125" lon="126.958523131906986236572265625">
        <ele>61.799999237060546875</ele>
        <time>2026-04-10T14:41:47.000Z</time>
        <extensions>
          <ns3:TrackPointExtension>
            <ns3:hr>149</ns3:hr>
            <ns3:cad>84</ns3:cad>
          </ns3:TrackPointExtension>
        </extensions>
      </trkpt>
      <trkpt lat="37.4714273773133754730224609375" lon="126.95852103643119335174560546875">
        <ele>61.799999237060546875</ele>
        <time>2026-04-10T14:41:48.000Z</time>
        <extensions>
          <ns3:TrackPointExtension>
            <ns3:hr>149</ns3:hr>
            <ns3:cad>84</ns3:cad>
          </ns3:TrackPointExtension>
        </extensions>
      </trkpt>
      <trkpt lat="37.4714622460305690765380859375" lon="126.9585353694856166839599609375">
        <ele>61.59999847412109375</ele>
        <time>2026-04-10T14:41:49.000Z</time>
        <extensions>
          <ns3:TrackPointExtension>
            <ns3:hr>149</ns3:hr>
            <ns3:cad>84</ns3:cad>
          </ns3:TrackPointExtension>
        </extensions>
      </trkpt>
      <trkpt lat="37.4714940972626209259033203125" lon="126.95853696204721927642822265625">
        <ele>61.40000152587890625</ele>
        <time>2026-04-10T14:41:50.000Z</time>
        <extensions>
          <ns3:TrackPointExtension>
            <ns3:hr>150</ns3:hr>
            <ns3:cad>84</ns3:cad>
          </ns3:TrackPointExtension>
        </extensions>
      </trkpt>
      <trkpt lat="37.4715366773307323455810546875" lon="126.958553977310657501220703125">
        <ele>61.40000152587890625</ele>
        <time>2026-04-10T14:41:51.000Z</time>
        <extensions>
          <ns3:TrackPointExtension>
            <ns3:hr>150</ns3:hr>
            <ns3:cad>84</ns3:cad>
          </ns3:TrackPointExtension>
        </extensions>
      </trkpt>
      <trkpt lat="37.47156257741153240203857421875" lon="126.9585541449487209320068359375">
        <ele>61.200000762939453125</ele>
        <time>2026-04-10T14:41:52.000Z</time>
        <extensions>
          <ns3:TrackPointExtension>
            <ns3:hr>150</ns3:hr>
            <ns3:cad>84</ns3:cad>
          </ns3:TrackPointExtension>
        </extensions>
      </trkpt>
      <trkpt lat="37.471597529947757720947265625" lon="126.95856076665222644805908203125">
        <ele>61.200000762939453125</ele>
        <time>2026-04-10T14:41:53.000Z</time>
        <extensions>
          <ns3:TrackPointExtension>
            <ns3:hr>151</ns3:hr>
            <ns3:cad>84</ns3:cad>
          </ns3:TrackPointExtension>
        </extensions>
      </trkpt>
      <trkpt lat="37.47163332067430019378662109375" lon="126.95857736282050609588623046875">
        <ele>61.200000762939453125</ele>
        <time>2026-04-10T14:41:54.000Z</time>
        <extensions>
          <ns3:TrackPointExtension>
            <ns3:hr>152</ns3:hr>
            <ns3:cad>84</ns3:cad>
          </ns3:TrackPointExtension>
        </extensions>
      </trkpt>
      <trkpt lat="37.47166148386895656585693359375" lon="126.9585831463336944580078125">
        <ele>61.200000762939453125</ele>
        <time>2026-04-10T14:41:55.000Z</time>
        <extensions>
          <ns3:TrackPointExtension>
            <ns3:hr>152</ns3:hr>
            <ns3:cad>84</ns3:cad>
          </ns3:TrackPointExtension>
        </extensions>
      </trkpt>
      <trkpt lat="37.47170305810868740081787109375" lon="126.95859320461750030517578125">
        <ele>61.200000762939453125</ele>
        <time>2026-04-10T14:41:56.000Z</time>
        <extensions>
          <ns3:TrackPointExtension>
            <ns3:hr>153</ns3:hr>
            <ns3:cad>84</ns3:cad>
          </ns3:TrackPointExtension>
        </extensions>
      </trkpt>
      <trkpt lat="37.47173021547496318817138671875" lon="126.95859856903553009033203125">
        <ele>61.200000762939453125</ele>
        <time>2026-04-10T14:41:57.000Z</time>
        <extensions>
          <ns3:TrackPointExtension>
            <ns3:hr>153</ns3:hr>
            <ns3:cad>84</ns3:cad>
          </ns3:TrackPointExtension>
        </extensions>
      </trkpt>
      <trkpt lat="37.47176324017345905303955078125" lon="126.95860904641449451446533203125">
        <ele>61.200000762939453125</ele>
        <time>2026-04-10T14:41:58.000Z</time>
        <extensions>
          <ns3:TrackPointExtension>
            <ns3:hr>153</ns3:hr>
            <ns3:cad>84</ns3:cad>
          </ns3:TrackPointExtension>
        </extensions>
      </trkpt>
      <trkpt lat="37.47179324738681316375732421875" lon="126.95862212218344211578369140625">
        <ele>61.200000762939453125</ele>
        <time>2026-04-10T14:41:59.000Z</time>
        <extensions>
          <ns3:TrackPointExtension>
            <ns3:hr>153</ns3:hr>
            <ns3:cad>84</ns3:cad>
          </ns3:TrackPointExtension>
        </extensions>
      </trkpt>
      <trkpt lat="37.47182048857212066650390625" lon="126.9586287438869476318359375">
        <ele>61</ele>
        <time>2026-04-10T14:42:00.000Z</time>
        <extensions>
          <ns3:TrackPointExtension>
            <ns3:hr>153</ns3:hr>
            <ns3:cad>84</ns3:cad>
          </ns3:TrackPointExtension>
        </extensions>
      </trkpt>
      <trkpt lat="37.47185401618480682373046875" lon="126.9586502015590667724609375">
        <ele>61</ele>
        <time>2026-04-10T14:42:01.000Z</time>
        <extensions>
          <ns3:TrackPointExtension>
            <ns3:hr>153</ns3:hr>
            <ns3:cad>84</ns3:cad>
          </ns3:TrackPointExtension>
        </extensions>
      </trkpt>
      <trkpt lat="37.4718823470175266265869140625" lon="126.9586661271750926971435546875">
        <ele>60.799999237060546875</ele>
        <time>2026-04-10T14:42:02.000Z</time>
        <extensions>
          <ns3:TrackPointExtension>
            <ns3:hr>153</ns3:hr>
            <ns3:cad>84</ns3:cad>
          </ns3:TrackPointExtension>
        </extensions>
      </trkpt>
      <trkpt lat="37.47190958820283412933349609375" lon="126.95867945440113544464111328125">
        <ele>60.799999237060546875</ele>
        <time>2026-04-10T14:42:03.000Z</time>
        <extensions>
          <ns3:TrackPointExtension>
            <ns3:hr>154</ns3:hr>
            <ns3:cad>84</ns3:cad>
          </ns3:TrackPointExtension>
        </extensions>
      </trkpt>
      <trkpt lat="37.47194529511034488677978515625" lon="126.9586957991123199462890625">
        <ele>60.799999237060546875</ele>
        <time>2026-04-10T14:42:04.000Z</time>
        <extensions>
          <ns3:TrackPointExtension>
            <ns3:hr>154</ns3:hr>
            <ns3:cad>84</ns3:cad>
          </ns3:TrackPointExtension>
        </extensions>
      </trkpt>
      <trkpt lat="37.471973039209842681884765625" lon="126.95870359428226947784423828125">
        <ele>60.59999847412109375</ele>
        <time>2026-04-10T14:42:05.000Z</time>
        <extensions>
          <ns3:TrackPointExtension>
            <ns3:hr>154</ns3:hr>
            <ns3:cad>84</ns3:cad>
          </ns3:TrackPointExtension>
        </extensions>
      </trkpt>
      <trkpt lat="37.472011931240558624267578125" lon="126.9587271474301815032958984375">
        <ele>60.59999847412109375</ele>
        <time>2026-04-10T14:42:06.000Z</time>
        <extensions>
          <ns3:TrackPointExtension>
            <ns3:hr>154</ns3:hr>
            <ns3:cad>84</ns3:cad>
          </ns3:TrackPointExtension>
        </extensions>
      </trkpt>
      <trkpt lat="37.47204017825424671173095703125" lon="126.95873276330530643463134765625">
        <ele>60.59999847412109375</ele>
        <time>2026-04-10T14:42:07.000Z</time>
        <extensions>
          <ns3:TrackPointExtension>
            <ns3:hr>153</ns3:hr>
            <ns3:cad>84</ns3:cad>
          </ns3:TrackPointExtension>
        </extensions>
      </trkpt>
      <trkpt lat="37.4720794893801212310791015625" lon="126.958739720284938812255859375">
        <ele>60.200000762939453125</ele>
        <time>2026-04-10T14:42:08.000Z</time>
        <extensions>
          <ns3:TrackPointExtension>
            <ns3:hr>154</ns3:hr>
            <ns3:cad>84</ns3:cad>
          </ns3:TrackPointExtension>
        </extensions>
      </trkpt>
      <trkpt lat="37.4721135199069976806640625" lon="126.95875371806323528289794921875">
        <ele>60</ele>
        <time>2026-04-10T14:42:09.000Z</time>
        <extensions>
          <ns3:TrackPointExtension>
            <ns3:hr>154</ns3:hr>
            <ns3:cad>84</ns3:cad>
          </ns3:TrackPointExtension>
        </extensions>
      </trkpt>
      <trkpt lat="37.4721398390829563140869140625" lon="126.95876964367926120758056640625">
        <ele>60</ele>
        <time>2026-04-10T14:42:10.000Z</time>
        <extensions>
          <ns3:TrackPointExtension>
            <ns3:hr>154</ns3:hr>
            <ns3:cad>84</ns3:cad>
          </ns3:TrackPointExtension>
        </extensions>
      </trkpt>
      <trkpt lat="37.4721773900091648101806640625" lon="126.95880082435905933380126953125">
        <ele>60</ele>
        <time>2026-04-10T14:42:11.000Z</time>
        <extensions>
          <ns3:TrackPointExtension>
            <ns3:hr>154</ns3:hr>
            <ns3:cad>84</ns3:cad>
          </ns3:TrackPointExtension>
        </extensions>
      </trkpt>
      <trkpt lat="37.472198344767093658447265625" lon="126.9588267244398593902587890625">
        <ele>60.200000762939453125</ele>
        <time>2026-04-10T14:42:12.000Z</time>
        <extensions>
          <ns3:TrackPointExtension>
            <ns3:hr>154</ns3:hr>
            <ns3:cad>84</ns3:cad>
          </ns3:TrackPointExtension>
        </extensions>
      </trkpt>
      <trkpt lat="37.47221653349697589874267578125" lon="126.95887341164052486419677734375">
        <ele>60.200000762939453125</ele>
        <time>2026-04-10T14:42:13.000Z</time>
        <extensions>
          <ns3:TrackPointExtension>
            <ns3:hr>154</ns3:hr>
            <ns3:cad>84</ns3:cad>
          </ns3:TrackPointExtension>
        </extensions>
      </trkpt>
      <trkpt lat="37.4722181260585784912109375" lon="126.95892185904085636138916015625">
        <ele>60.40000152587890625</ele>
        <time>2026-04-10T14:42:14.000Z</time>
        <extensions>
          <ns3:TrackPointExtension>
            <ns3:hr>154</ns3:hr>
            <ns3:cad>84</ns3:cad>
          </ns3:TrackPointExtension>
        </extensions>
      </trkpt>
      <trkpt lat="37.47221033088862895965576171875" lon="126.958962343633174896240234375">
        <ele>60.200000762939453125</ele>
        <time>2026-04-10T14:42:15.000Z</time>
        <extensions>
          <ns3:TrackPointExtension>
            <ns3:hr>154</ns3:hr>
            <ns3:cad>84</ns3:cad>
          </ns3:TrackPointExtension>
        </extensions>
      </trkpt>
      <trkpt lat="37.47218258678913116455078125" lon="126.95900014601647853851318359375">
        <ele>60.200000762939453125</ele>
        <time>2026-04-10T14:42:16.000Z</time>
        <extensions>
          <ns3:TrackPointExtension>
            <ns3:hr>153</ns3:hr>
            <ns3:cad>84</ns3:cad>
          </ns3:TrackPointExtension>
        </extensions>
      </trkpt>
      <trkpt lat="37.4721582792699337005615234375" lon="126.95902981795370578765869140625">
        <ele>60</ele>
        <time>2026-04-10T14:42:17.000Z</time>
        <extensions>
          <ns3:TrackPointExtension>
            <ns3:hr>154</ns3:hr>
            <ns3:cad>84</ns3:cad>
          </ns3:TrackPointExtension>
        </extensions>
      </trkpt>
      <trkpt lat="37.47212232090532779693603515625" lon="126.95905094034969806671142578125">
        <ele>59.799999237060546875</ele>
        <time>2026-04-10T14:42:18.000Z</time>
        <extensions>
          <ns3:TrackPointExtension>
            <ns3:hr>154</ns3:hr>
            <ns3:cad>84</ns3:cad>
          </ns3:TrackPointExtension>
        </extensions>
      </trkpt>
      <trkpt lat="37.47209114022552967071533203125" lon="126.95906636305153369903564453125">
        <ele>59.799999237060546875</ele>
        <time>2026-04-10T14:42:19.000Z</time>
        <extensions>
          <ns3:TrackPointExtension>
            <ns3:hr>154</ns3:hr>
            <ns3:cad>83</ns3:cad>
          </ns3:TrackPointExtension>
        </extensions>
      </trkpt>
      <trkpt lat="37.47206280939280986785888671875" lon="126.95908010937273502349853515625">
        <ele>59.59999847412109375</ele>
        <time>2026-04-10T14:42:20.000Z</time>
        <extensions>
          <ns3:TrackPointExtension>
            <ns3:hr>155</ns3:hr>
            <ns3:cad>83</ns3:cad>
          </ns3:TrackPointExtension>
        </extensions>
      </trkpt>
      <trkpt lat="37.4720214866101741790771484375" lon="126.95908807218074798583984375">
        <ele>59.59999847412109375</ele>
        <time>2026-04-10T14:42:21.000Z</time>
        <extensions>
          <ns3:TrackPointExtension>
            <ns3:hr>154</ns3:hr>
            <ns3:cad>84</ns3:cad>
          </ns3:TrackPointExtension>
        </extensions>
      </trkpt>
      <trkpt lat="37.471995837986469268798828125" lon="126.9590969569981098175048828125">
        <ele>59.40000152587890625</ele>
        <time>2026-04-10T14:42:22.000Z</time>
        <extensions>
          <ns3:TrackPointExtension>
            <ns3:hr>154</ns3:hr>
            <ns3:cad>84</ns3:cad>
          </ns3:TrackPointExtension>
        </extensions>
      </trkpt>
      <trkpt lat="37.4719552695751190185546875" lon="126.95910978130996227264404296875">
        <ele>59.200000762939453125</ele>
        <time>2026-04-10T14:42:23.000Z</time>
        <extensions>
          <ns3:TrackPointExtension>
            <ns3:hr>154</ns3:hr>
            <ns3:cad>84</ns3:cad>
          </ns3:TrackPointExtension>
        </extensions>
      </trkpt>
      <trkpt lat="37.47192241251468658447265625" lon="126.95912419818341732025146484375">
        <ele>59.200000762939453125</ele>
        <time>2026-04-10T14:42:24.000Z</time>
        <extensions>
          <ns3:TrackPointExtension>
            <ns3:hr>154</ns3:hr>
            <ns3:cad>84</ns3:cad>
          </ns3:TrackPointExtension>
        </extensions>
      </trkpt>
      <trkpt lat="37.4718907289206981658935546875" lon="126.95914397947490215301513671875">
        <ele>59.200000762939453125</ele>
        <time>2026-04-10T14:42:25.000Z</time>
        <extensions>
          <ns3:TrackPointExtension>
            <ns3:hr>154</ns3:hr>
            <ns3:cad>84</ns3:cad>
          </ns3:TrackPointExtension>
        </extensions>
      </trkpt>
      <trkpt lat="37.4718501605093479156494140625" lon="126.9591552950441837310791015625">
        <ele>59.200000762939453125</ele>
        <time>2026-04-10T14:42:26.000Z</time>
        <extensions>
          <ns3:TrackPointExtension>
            <ns3:hr>153</ns3:hr>
            <ns3:cad>84</ns3:cad>
          </ns3:TrackPointExtension>
        </extensions>
      </trkpt>
      <trkpt lat="37.4718283675611019134521484375" lon="126.9591720588505268096923828125">
        <ele>59.200000762939453125</ele>
        <time>2026-04-10T14:42:27.000Z</time>
        <extensions>
          <ns3:TrackPointExtension>
            <ns3:hr>153</ns3:hr>
            <ns3:cad>84</ns3:cad>
          </ns3:TrackPointExtension>
        </extensions>
      </trkpt>
      <trkpt lat="37.4717934988439083099365234375" lon="126.95918857119977474212646484375">
        <ele>59.40000152587890625</ele>
        <time>2026-04-10T14:42:28.000Z</time>
        <extensions>
          <ns3:TrackPointExtension>
            <ns3:hr>153</ns3:hr>
            <ns3:cad>83</ns3:cad>
          </ns3:TrackPointExtension>
        </extensions>
      </trkpt>
      <trkpt lat="37.47176290489733219146728515625" lon="126.959203742444515228271484375">
        <ele>59.40000152587890625</ele>
        <time>2026-04-10T14:42:29.000Z</time>
        <extensions>
          <ns3:TrackPointExtension>
            <ns3:hr>153</ns3:hr>
            <ns3:cad>83</ns3:cad>
          </ns3:TrackPointExtension>
        </extensions>
      </trkpt>
      <trkpt lat="37.47173775918781757354736328125" lon="126.95921690203249454498291015625">
        <ele>59.200000762939453125</ele>
        <time>2026-04-10T14:42:30.000Z</time>
        <extensions>
          <ns3:TrackPointExtension>
            <ns3:hr>153</ns3:hr>
            <ns3:cad>83</ns3:cad>
          </ns3:TrackPointExtension>
        </extensions>
      </trkpt>
      <trkpt lat="37.4717029742896556854248046875" lon="126.959227211773395538330078125">
        <ele>59.200000762939453125</ele>
        <time>2026-04-10T14:42:31.000Z</time>
        <extensions>
          <ns3:TrackPointExtension>
            <ns3:hr>153</ns3:hr>
            <ns3:cad>83</ns3:cad>
          </ns3:TrackPointExtension>
        </extensions>
      </trkpt>
      <trkpt lat="37.47168193571269512176513671875" lon="126.95924087427556514739990234375">
        <ele>59</ele>
        <time>2026-04-10T14:42:32.000Z</time>
        <extensions>
          <ns3:TrackPointExtension>
            <ns3:hr>153</ns3:hr>
            <ns3:cad>83</ns3:cad>
          </ns3:TrackPointExtension>
        </extensions>
      </trkpt>
      <trkpt lat="37.4716463126242160797119140625" lon="126.9592592306435108184814453125">
        <ele>59</ele>
        <time>2026-04-10T14:42:33.000Z</time>
        <extensions>
          <ns3:TrackPointExtension>
            <ns3:hr>153</ns3:hr>
            <ns3:cad>83</ns3:cad>
          </ns3:TrackPointExtension>
        </extensions>
      </trkpt>
      <trkpt lat="37.47161823324859142303466796875" lon="126.9592724740505218505859375">
        <ele>59</ele>
        <time>2026-04-10T14:42:34.000Z</time>
        <extensions>
          <ns3:TrackPointExtension>
            <ns3:hr>152</ns3:hr>
            <ns3:cad>83</ns3:cad>
          </ns3:TrackPointExtension>
        </extensions>
      </trkpt>
      <trkpt lat="37.47159007005393505096435546875" lon="126.95928848348557949066162109375">
        <ele>59</ele>
        <time>2026-04-10T14:42:35.000Z</time>
        <extensions>
          <ns3:TrackPointExtension>
            <ns3:hr>152</ns3:hr>
            <ns3:cad>83</ns3:cad>
          </ns3:TrackPointExtension>
        </extensions>
      </trkpt>
      <trkpt lat="37.4715557880699634552001953125" lon="126.9593044929206371307373046875">
        <ele>59</ele>
        <time>2026-04-10T14:42:36.000Z</time>
        <extensions>
          <ns3:TrackPointExtension>
            <ns3:hr>151</ns3:hr>
            <ns3:cad>83</ns3:cad>
          </ns3:TrackPointExtension>
        </extensions>
      </trkpt>
      <trkpt lat="37.47153273783624172210693359375" lon="126.9593162275850772857666015625">
        <ele>59.200000762939453125</ele>
        <time>2026-04-10T14:42:37.000Z</time>
        <extensions>
          <ns3:TrackPointExtension>
            <ns3:hr>151</ns3:hr>
            <ns3:cad>83</ns3:cad>
          </ns3:TrackPointExtension>
        </extensions>
      </trkpt>
      <trkpt lat="37.47149325907230377197265625" lon="126.9593303091824054718017578125">
        <ele>59.200000762939453125</ele>
        <time>2026-04-10T14:42:38.000Z</time>
        <extensions>
          <ns3:TrackPointExtension>
            <ns3:hr>151</ns3:hr>
            <ns3:cad>83</ns3:cad>
          </ns3:TrackPointExtension>
        </extensions>
      </trkpt>
      <trkpt lat="37.47146903537213802337646484375" lon="126.95934631861746311187744140625">
        <ele>59.200000762939453125</ele>
        <time>2026-04-10T14:42:39.000Z</time>
        <extensions>
          <ns3:TrackPointExtension>
            <ns3:hr>151</ns3:hr>
            <ns3:cad>83</ns3:cad>
          </ns3:TrackPointExtension>
        </extensions>
      </trkpt>
      <trkpt lat="37.47144095599651336669921875" lon="126.95935922674834728240966796875">
        <ele>59.40000152587890625</ele>
        <time>2026-04-10T14:42:40.000Z</time>
        <extensions>
          <ns3:TrackPointExtension>
            <ns3:hr>151</ns3:hr>
            <ns3:cad>83</ns3:cad>
          </ns3:TrackPointExtension>
        </extensions>
      </trkpt>
      <trkpt lat="37.47140449471771717071533203125" lon="126.959361992776393890380859375">
        <ele>59.40000152587890625</ele>
        <time>2026-04-10T14:42:41.000Z</time>
        <extensions>
          <ns3:TrackPointExtension>
            <ns3:hr>151</ns3:hr>
            <ns3:cad>85</ns3:cad>
          </ns3:TrackPointExtension>
        </extensions>
      </trkpt>
      <trkpt lat="37.47138186357915401458740234375" lon="126.95936811156570911407470703125">
        <ele>59.40000152587890625</ele>
        <time>2026-04-10T14:42:42.000Z</time>
        <extensions>
          <ns3:TrackPointExtension>
            <ns3:hr>151</ns3:hr>
            <ns3:cad>85</ns3:cad>
          </ns3:TrackPointExtension>
        </extensions>
      </trkpt>
      <trkpt lat="37.47134230099618434906005859375" lon="126.959375403821468353271484375">
        <ele>59.40000152587890625</ele>
        <time>2026-04-10T14:42:43.000Z</time>
        <extensions>
          <ns3:TrackPointExtension>
            <ns3:hr>151</ns3:hr>
            <ns3:cad>85</ns3:cad>
          </ns3:TrackPointExtension>
        </extensions>
      </trkpt>
      <trkpt lat="37.4713113717734813690185546875" lon="126.95937582291662693023681640625">
        <ele>59.40000152587890625</ele>
        <time>2026-04-10T14:42:44.000Z</time>
        <extensions>
          <ns3:TrackPointExtension>
            <ns3:hr>150</ns3:hr>
            <ns3:cad>85</ns3:cad>
          </ns3:TrackPointExtension>
        </extensions>
      </trkpt>
      <trkpt lat="37.4712808616459369659423828125" lon="126.9593728892505168914794921875">
        <ele>59.40000152587890625</ele>
        <time>2026-04-10T14:42:45.000Z</time>
        <extensions>
          <ns3:TrackPointExtension>
            <ns3:hr>150</ns3:hr>
            <ns3:cad>85</ns3:cad>
          </ns3:TrackPointExtension>
        </extensions>
      </trkpt>
      <trkpt lat="37.47124423272907733917236328125" lon="126.95935897529125213623046875">
        <ele>59.40000152587890625</ele>
        <time>2026-04-10T14:42:46.000Z</time>
        <extensions>
          <ns3:TrackPointExtension>
            <ns3:hr>150</ns3:hr>
            <ns3:cad>83</ns3:cad>
          </ns3:TrackPointExtension>
        </extensions>
      </trkpt>
      <trkpt lat="37.471218667924404144287109375" lon="126.95935537107288837432861328125">
        <ele>59.59999847412109375</ele>
        <time>2026-04-10T14:42:47.000Z</time>
        <extensions>
          <ns3:TrackPointExtension>
            <ns3:hr>150</ns3:hr>
            <ns3:cad>83</ns3:cad>
          </ns3:TrackPointExtension>
        </extensions>
      </trkpt>
      <trkpt lat="37.47117935679852962493896484375" lon="126.95934430696070194244384765625">
        <ele>59.799999237060546875</ele>
        <time>2026-04-10T14:42:48.000Z</time>
        <extensions>
          <ns3:TrackPointExtension>
            <ns3:hr>151</ns3:hr>
            <ns3:cad>83</ns3:cad>
          </ns3:TrackPointExtension>
        </extensions>
      </trkpt>
      <trkpt lat="37.47114834375679492950439453125" lon="126.959337182343006134033203125">
        <ele>60</ele>
        <time>2026-04-10T14:42:49.000Z</time>
        <extensions>
          <ns3:TrackPointExtension>
            <ns3:hr>151</ns3:hr>
            <ns3:cad>84</ns3:cad>
          </ns3:TrackPointExtension>
        </extensions>
      </trkpt>
      <trkpt lat="37.471117414534091949462890625" lon="126.9593212567269802093505859375">
        <ele>60</ele>
        <time>2026-04-10T14:42:50.000Z</time>
        <extensions>
          <ns3:TrackPointExtension>
            <ns3:hr>151</ns3:hr>
            <ns3:cad>84</ns3:cad>
          </ns3:TrackPointExtension>
        </extensions>
      </trkpt>
      <trkpt lat="37.47109092772006988525390625" lon="126.9592912495136260986328125">
        <ele>60</ele>
        <time>2026-04-10T14:42:51.000Z</time>
        <extensions>
          <ns3:TrackPointExtension>
            <ns3:hr>151</ns3:hr>
            <ns3:cad>84</ns3:cad>
          </ns3:TrackPointExtension>
        </extensions>
      </trkpt>
      <trkpt lat="37.47106871567666530609130859375" lon="126.959278173744678497314453125">
        <ele>60</ele>
        <time>2026-04-10T14:42:52.000Z</time>
        <extensions>
          <ns3:TrackPointExtension>
            <ns3:hr>151</ns3:hr>
            <ns3:cad>84</ns3:cad>
          </ns3:TrackPointExtension>
        </extensions>
      </trkpt>
      <trkpt lat="37.47103803791105747222900390625" lon="126.9592454843223094940185546875">
        <ele>60</ele>
        <time>2026-04-10T14:42:53.000Z</time>
        <extensions>
          <ns3:TrackPointExtension>
            <ns3:hr>151</ns3:hr>
            <ns3:cad>84</ns3:cad>
          </ns3:TrackPointExtension>
        </extensions>
      </trkpt>
      <trkpt lat="37.47101582586765289306640625" lon="126.959217153489589691162109375">
        <ele>60</ele>
        <time>2026-04-10T14:42:54.000Z</time>
        <extensions>
          <ns3:TrackPointExtension>
            <ns3:hr>151</ns3:hr>
            <ns3:cad>84</ns3:cad>
          </ns3:TrackPointExtension>
        </extensions>
      </trkpt>
      <trkpt lat="37.4709945358335971832275390625" lon="126.95918756537139415740966796875">
        <ele>60.200000762939453125</ele>
        <time>2026-04-10T14:42:55.000Z</time>
        <extensions>
          <ns3:TrackPointExtension>
            <ns3:hr>151</ns3:hr>
            <ns3:cad>84</ns3:cad>
          </ns3:TrackPointExtension>
        </extensions>
      </trkpt>
      <trkpt lat="37.47097685001790523529052734375" lon="126.959144733846187591552734375">
        <ele>60.200000762939453125</ele>
        <time>2026-04-10T14:42:56.000Z</time>
        <extensions>
          <ns3:TrackPointExtension>
            <ns3:hr>152</ns3:hr>
            <ns3:cad>84</ns3:cad>
          </ns3:TrackPointExtension>
        </extensions>
      </trkpt>
      <trkpt lat="37.470959834754467010498046875" lon="126.959121935069561004638671875">
        <ele>60.200000762939453125</ele>
        <time>2026-04-10T14:42:57.000Z</time>
        <extensions>
          <ns3:TrackPointExtension>
            <ns3:hr>151</ns3:hr>
            <ns3:cad>83</ns3:cad>
          </ns3:TrackPointExtension>
        </extensions>
      </trkpt>
      <trkpt lat="37.4709341861307621002197265625" lon="126.95908513851463794708251953125">
        <ele>60.200000762939453125</ele>
        <time>2026-04-10T14:42:58.000Z</time>
        <extensions>
          <ns3:TrackPointExtension>
            <ns3:hr>152</ns3:hr>
            <ns3:cad>83</ns3:cad>
          </ns3:TrackPointExtension>
        </extensions>
      </trkpt>
      <trkpt lat="37.47091582976281642913818359375" lon="126.95905454456806182861328125">
        <ele>60.200000762939453125</ele>
        <time>2026-04-10T14:42:59.000Z</time>
        <extensions>
          <ns3:TrackPointExtension>
            <ns3:hr>152</ns3:hr>
            <ns3:cad>83</ns3:cad>
          </ns3:TrackPointExtension>
        </extensions>
      </trkpt>
      <trkpt lat="37.47089780867099761962890625" lon="126.959025375545024871826171875">
        <ele>60.200000762939453125</ele>
        <time>2026-04-10T14:43:00.000Z</time>
        <extensions>
          <ns3:TrackPointExtension>
            <ns3:hr>152</ns3:hr>
            <ns3:cad>83</ns3:cad>
          </ns3:TrackPointExtension>
        </extensions>
      </trkpt>
      <trkpt lat="37.47088179923593997955322265625" lon="126.95898807607591152191162109375">
        <ele>60.40000152587890625</ele>
        <time>2026-04-10T14:43:01.000Z</time>
        <extensions>
          <ns3:TrackPointExtension>
            <ns3:hr>151</ns3:hr>
            <ns3:cad>83</ns3:cad>
          </ns3:TrackPointExtension>
        </extensions>
      </trkpt>
      <trkpt lat="37.47086419723927974700927734375" lon="126.95896745659410953521728515625">
        <ele>60.59999847412109375</ele>
        <time>2026-04-10T14:43:02.000Z</time>
        <extensions>
          <ns3:TrackPointExtension>
            <ns3:hr>152</ns3:hr>
            <ns3:cad>83</ns3:cad>
          </ns3:TrackPointExtension>
        </extensions>
      </trkpt>
      <trkpt lat="37.47084307484328746795654296875" lon="126.95893158204853534698486328125">
        <ele>60.59999847412109375</ele>
        <time>2026-04-10T14:43:03.000Z</time>
        <extensions>
          <ns3:TrackPointExtension>
            <ns3:hr>152</ns3:hr>
            <ns3:cad>84</ns3:cad>
          </ns3:TrackPointExtension>
        </extensions>
      </trkpt>
      <trkpt lat="37.47082446701824665069580078125" lon="126.95890006609261035919189453125">
        <ele>60.799999237060546875</ele>
        <time>2026-04-10T14:43:04.000Z</time>
        <extensions>
          <ns3:TrackPointExtension>
            <ns3:hr>152</ns3:hr>
            <ns3:cad>84</ns3:cad>
          </ns3:TrackPointExtension>
        </extensions>
      </trkpt>
      <trkpt lat="37.47080569155514240264892578125" lon="126.95887525565922260284423828125">
        <ele>61</ele>
        <time>2026-04-10T14:43:05.000Z</time>
        <extensions>
          <ns3:TrackPointExtension>
            <ns3:hr>151</ns3:hr>
            <ns3:cad>84</ns3:cad>
          </ns3:TrackPointExtension>
        </extensions>
      </trkpt>
      <trkpt lat="37.47078255750238895416259765625" lon="126.958840303122997283935546875">
        <ele>61</ele>
        <time>2026-04-10T14:43:06.000Z</time>
        <extensions>
          <ns3:TrackPointExtension>
            <ns3:hr>152</ns3:hr>
            <ns3:cad>84</ns3:cad>
          </ns3:TrackPointExtension>
        </extensions>
      </trkpt>
      <trkpt lat="37.47076596133410930633544921875" lon="126.9588139839470386505126953125">
        <ele>61</ele>
        <time>2026-04-10T14:43:07.000Z</time>
        <extensions>
          <ns3:TrackPointExtension>
            <ns3:hr>152</ns3:hr>
            <ns3:cad>84</ns3:cad>
          </ns3:TrackPointExtension>
        </extensions>
      </trkpt>
      <trkpt lat="37.4707434140145778656005859375" lon="126.95878498256206512451171875">
        <ele>61.200000762939453125</ele>
        <time>2026-04-10T14:43:08.000Z</time>
        <extensions>
          <ns3:TrackPointExtension>
            <ns3:hr>152</ns3:hr>
            <ns3:cad>83</ns3:cad>
          </ns3:TrackPointExtension>
        </extensions>
      </trkpt>
      <trkpt lat="37.47072472237050533294677734375" lon="126.9587482698261737823486328125">
        <ele>61.200000762939453125</ele>
        <time>2026-04-10T14:43:09.000Z</time>
        <extensions>
          <ns3:TrackPointExtension>
            <ns3:hr>152</ns3:hr>
            <ns3:cad>83</ns3:cad>
          </ns3:TrackPointExtension>
        </extensions>
      </trkpt>
      <trkpt lat="37.470709048211574554443359375" lon="126.95872488431632518768310546875">
        <ele>61.40000152587890625</ele>
        <time>2026-04-10T14:43:10.000Z</time>
        <extensions>
          <ns3:TrackPointExtension>
            <ns3:hr>151</ns3:hr>
            <ns3:cad>83</ns3:cad>
          </ns3:TrackPointExtension>
        </extensions>
      </trkpt>
      <trkpt lat="37.47069203294813632965087890625" lon="126.958685405552387237548828125">
        <ele>61.40000152587890625</ele>
        <time>2026-04-10T14:43:11.000Z</time>
        <extensions>
          <ns3:TrackPointExtension>
            <ns3:hr>152</ns3:hr>
            <ns3:cad>83</ns3:cad>
          </ns3:TrackPointExtension>
        </extensions>
      </trkpt>
      <trkpt lat="37.47067644260823726654052734375" lon="126.958658583462238311767578125">
        <ele>61.40000152587890625</ele>
        <time>2026-04-10T14:43:12.000Z</time>
        <extensions>
          <ns3:TrackPointExtension>
            <ns3:hr>152</ns3:hr>
            <ns3:cad>83</ns3:cad>
          </ns3:TrackPointExtension>
        </extensions>
      </trkpt>
      <trkpt lat="37.47065464965999126434326171875" lon="126.9586258940398693084716796875">
        <ele>61.59999847412109375</ele>
        <time>2026-04-10T14:43:13.000Z</time>
        <extensions>
          <ns3:TrackPointExtension>
            <ns3:hr>152</ns3:hr>
            <ns3:cad>84</ns3:cad>
          </ns3:TrackPointExtension>
        </extensions>
      </trkpt>
      <trkpt lat="37.47064090333878993988037109375" lon="126.9585938751697540283203125">
        <ele>61.799999237060546875</ele>
        <time>2026-04-10T14:43:14.000Z</time>
        <extensions>
          <ns3:TrackPointExtension>
            <ns3:hr>152</ns3:hr>
            <ns3:cad>84</ns3:cad>
          </ns3:TrackPointExtension>
        </extensions>
      </trkpt>
      <trkpt lat="37.470626570284366607666015625" lon="126.95856797508895397186279296875">
        <ele>61.799999237060546875</ele>
        <time>2026-04-10T14:43:15.000Z</time>
        <extensions>
          <ns3:TrackPointExtension>
            <ns3:hr>152</ns3:hr>
            <ns3:cad>84</ns3:cad>
          </ns3:TrackPointExtension>
        </extensions>
      </trkpt>
      <trkpt lat="37.47060678899288177490234375" lon="126.958527825772762298583984375">
        <ele>62</ele>
        <time>2026-04-10T14:43:16.000Z</time>
        <extensions>
          <ns3:TrackPointExtension>
            <ns3:hr>152</ns3:hr>
            <ns3:cad>84</ns3:cad>
          </ns3:TrackPointExtension>
        </extensions>
      </trkpt>
      <trkpt lat="37.47058608569204807281494140625" lon="126.95850192569196224212646484375">
        <ele>62</ele>
        <time>2026-04-10T14:43:17.000Z</time>
        <extensions>
          <ns3:TrackPointExtension>
            <ns3:hr>152</ns3:hr>
            <ns3:cad>84</ns3:cad>
          </ns3:TrackPointExtension>
        </extensions>
      </trkpt>
      <trkpt lat="37.470561526715755462646484375" lon="126.95846638642251491546630859375">
        <ele>62.200000762939453125</ele>
        <time>2026-04-10T14:43:18.000Z</time>
        <extensions>
          <ns3:TrackPointExtension>
            <ns3:hr>152</ns3:hr>
            <ns3:cad>84</ns3:cad>
          </ns3:TrackPointExtension>
        </extensions>
      </trkpt>
      <trkpt lat="37.4705479480326175689697265625" lon="126.95842447690665721893310546875">
        <ele>62</ele>
        <time>2026-04-10T14:43:19.000Z</time>
        <extensions>
          <ns3:TrackPointExtension>
            <ns3:hr>152</ns3:hr>
            <ns3:cad>84</ns3:cad>
          </ns3:TrackPointExtension>
        </extensions>
      </trkpt>
      <trkpt lat="37.470553480088710784912109375" lon="126.95838692598044872283935546875">
        <ele>62.200000762939453125</ele>
        <time>2026-04-10T14:43:20.000Z</time>
        <extensions>
          <ns3:TrackPointExtension>
            <ns3:hr>152</ns3:hr>
            <ns3:cad>84</ns3:cad>
          </ns3:TrackPointExtension>
        </extensions>
      </trkpt>
      <trkpt lat="37.47056613676249980926513671875" lon="126.9583489559590816497802734375">
        <ele>62.200000762939453125</ele>
        <time>2026-04-10T14:43:21.000Z</time>
        <extensions>
          <ns3:TrackPointExtension>
            <ns3:hr>152</ns3:hr>
            <ns3:cad>84</ns3:cad>
          </ns3:TrackPointExtension>
        </extensions>
      </trkpt>
      <trkpt lat="37.4705945514142513275146484375" lon="126.95833831094205379486083984375">
        <ele>62.200000762939453125</ele>
        <time>2026-04-10T14:43:22.000Z</time>
        <extensions>
          <ns3:TrackPointExtension>
            <ns3:hr>152</ns3:hr>
            <ns3:cad>84</ns3:cad>
          </ns3:TrackPointExtension>
        </extensions>
      </trkpt>
      <trkpt lat="37.47063118033111095428466796875" lon="126.95833529345691204071044921875">
        <ele>62.200000762939453125</ele>
        <time>2026-04-10T14:43:23.000Z</time>
        <extensions>
          <ns3:TrackPointExtension>
            <ns3:hr>152</ns3:hr>
            <ns3:cad>84</ns3:cad>
          </ns3:TrackPointExtension>
        </extensions>
      </trkpt>
      <trkpt lat="37.47066915035247802734375" lon="126.95835608057677745819091796875">
        <ele>62.40000152587890625</ele>
        <time>2026-04-10T14:43:24.000Z</time>
        <extensions>
          <ns3:TrackPointExtension>
            <ns3:hr>152</ns3:hr>
            <ns3:cad>83</ns3:cad>
          </ns3:TrackPointExtension>
        </extensions>
      </trkpt>
      <trkpt lat="37.470697648823261260986328125" lon="126.95836178027093410491943359375">
        <ele>62.200000762939453125</ele>
        <time>2026-04-10T14:43:25.000Z</time>
        <extensions>
          <ns3:TrackPointExtension>
            <ns3:hr>152</ns3:hr>
            <ns3:cad>83</ns3:cad>
          </ns3:TrackPointExtension>
        </extensions>
      </trkpt>
      <trkpt lat="37.47074182145297527313232421875" lon="126.9583737663924694061279296875">
        <ele>62.40000152587890625</ele>
        <time>2026-04-10T14:43:26.000Z</time>
        <extensions>
          <ns3:TrackPointExtension>
            <ns3:hr>152</ns3:hr>
            <ns3:cad>83</ns3:cad>
          </ns3:TrackPointExtension>
        </extensions>
      </trkpt>
      <trkpt lat="37.4707709066569805145263671875" lon="126.95837535895407199859619140625">
        <ele>62.200000762939453125</ele>
        <time>2026-04-10T14:43:27.000Z</time>
        <extensions>
          <ns3:TrackPointExtension>
            <ns3:hr>152</ns3:hr>
            <ns3:cad>84</ns3:cad>
          </ns3:TrackPointExtension>
        </extensions>
      </trkpt>
      <trkpt lat="37.47080217115581035614013671875" lon="126.9583781249821186065673828125">
        <ele>62.200000762939453125</ele>
        <time>2026-04-10T14:43:28.000Z</time>
        <extensions>
          <ns3:TrackPointExtension>
            <ns3:hr>152</ns3:hr>
            <ns3:cad>84</ns3:cad>
          </ns3:TrackPointExtension>
        </extensions>
      </trkpt>
      <trkpt lat="37.47083720751106739044189453125" lon="126.9583962298929691314697265625">
        <ele>62.200000762939453125</ele>
        <time>2026-04-10T14:43:29.000Z</time>
        <extensions>
          <ns3:TrackPointExtension>
            <ns3:hr>152</ns3:hr>
            <ns3:cad>84</ns3:cad>
          </ns3:TrackPointExtension>
        </extensions>
      </trkpt>
      <trkpt lat="37.4708634428679943084716796875" lon="126.95840352214872837066650390625">
        <ele>62.200000762939453125</ele>
        <time>2026-04-10T14:43:30.000Z</time>
        <extensions>
          <ns3:TrackPointExtension>
            <ns3:hr>153</ns3:hr>
            <ns3:cad>83</ns3:cad>
          </ns3:TrackPointExtension>
        </extensions>
      </trkpt>
      <trkpt lat="37.47090577147901058197021484375" lon="126.9584160111844539642333984375">
        <ele>62</ele>
        <time>2026-04-10T14:43:31.000Z</time>
        <extensions>
          <ns3:TrackPointExtension>
            <ns3:hr>153</ns3:hr>
            <ns3:cad>83</ns3:cad>
          </ns3:TrackPointExtension>
        </extensions>
      </trkpt>
      <trkpt lat="37.470935694873332977294921875" lon="126.95842422544956207275390625">
        <ele>62</ele>
        <time>2026-04-10T14:43:32.000Z</time>
        <extensions>
          <ns3:TrackPointExtension>
            <ns3:hr>153</ns3:hr>
            <ns3:cad>84</ns3:cad>
          </ns3:TrackPointExtension>
        </extensions>
      </trkpt>
      <trkpt lat="37.4709641933441162109375" lon="126.95843386463820934295654296875">
        <ele>62</ele>
        <time>2026-04-10T14:43:33.000Z</time>
        <extensions>
          <ns3:TrackPointExtension>
            <ns3:hr>153</ns3:hr>
            <ns3:cad>84</ns3:cad>
          </ns3:TrackPointExtension>
        </extensions>
      </trkpt>
      <trkpt lat="37.47099847532808780670166015625" lon="126.95845766924321651458740234375">
        <ele>62</ele>
        <time>2026-04-10T14:43:34.000Z</time>
        <extensions>
          <ns3:TrackPointExtension>
            <ns3:hr>153</ns3:hr>
            <ns3:cad>84</ns3:cad>
          </ns3:TrackPointExtension>
        </extensions>
      </trkpt>
      <trkpt lat="37.47102119028568267822265625" lon="126.95846571587026119232177734375">
        <ele>61.799999237060546875</ele>
        <time>2026-04-10T14:43:35.000Z</time>
        <extensions>
          <ns3:TrackPointExtension>
            <ns3:hr>154</ns3:hr>
            <ns3:cad>84</ns3:cad>
          </ns3:TrackPointExtension>
        </extensions>
      </trkpt>
      <trkpt lat="37.47105848975479602813720703125" lon="126.95847979746758937835693359375">
        <ele>61.799999237060546875</ele>
        <time>2026-04-10T14:43:36.000Z</time>
        <extensions>
          <ns3:TrackPointExtension>
            <ns3:hr>153</ns3:hr>
            <ns3:cad>84</ns3:cad>
          </ns3:TrackPointExtension>
        </extensions>
      </trkpt>
      <trkpt lat="37.47109034098684787750244140625" lon="126.95848281495273113250732421875">
        <ele>61.59999847412109375</ele>
        <time>2026-04-10T14:43:37.000Z</time>
        <extensions>
          <ns3:TrackPointExtension>
            <ns3:hr>154</ns3:hr>
            <ns3:cad>84</ns3:cad>
          </ns3:TrackPointExtension>
        </extensions>
      </trkpt>
      <trkpt lat="37.4711189232766628265380859375" lon="126.9584857486188411712646484375">
        <ele>61.59999847412109375</ele>
        <time>2026-04-10T14:43:38.000Z</time>
        <extensions>
          <ns3:TrackPointExtension>
            <ns3:hr>154</ns3:hr>
            <ns3:cad>84</ns3:cad>
          </ns3:TrackPointExtension>
        </extensions>
      </trkpt>
      <trkpt lat="37.4711568094789981842041015625" lon="126.95850142277777194976806640625">
        <ele>61.59999847412109375</ele>
        <time>2026-04-10T14:43:39.000Z</time>
        <extensions>
          <ns3:TrackPointExtension>
            <ns3:hr>154</ns3:hr>
            <ns3:cad>84</ns3:cad>
          </ns3:TrackPointExtension>
        </extensions>
      </trkpt>
      <trkpt lat="37.4711819551885128021240234375" lon="126.95850360207259654998779296875">
        <ele>61.40000152587890625</ele>
        <time>2026-04-10T14:43:40.000Z</time>
        <extensions>
          <ns3:TrackPointExtension>
            <ns3:hr>153</ns3:hr>
            <ns3:cad>84</ns3:cad>
          </ns3:TrackPointExtension>
        </extensions>
      </trkpt>
      <trkpt lat="37.47121573425829410552978515625" lon="126.95850729010999202728271484375">
        <ele>61.40000152587890625</ele>
        <time>2026-04-10T14:43:41.000Z</time>
        <extensions>
          <ns3:TrackPointExtension>
            <ns3:hr>154</ns3:hr>
            <ns3:cad>84</ns3:cad>
          </ns3:TrackPointExtension>
        </extensions>
      </trkpt>
      <trkpt lat="37.4712463282048702239990234375" lon="126.9585132412612438201904296875">
        <ele>61.40000152587890625</ele>
        <time>2026-04-10T14:43:42.000Z</time>
        <extensions>
          <ns3:TrackPointExtension>
            <ns3:hr>153</ns3:hr>
            <ns3:cad>84</ns3:cad>
          </ns3:TrackPointExtension>
        </extensions>
      </trkpt>
      <trkpt lat="37.4712687917053699493408203125" lon="126.95851718075573444366455078125">
        <ele>61.200000762939453125</ele>
        <time>2026-04-10T14:43:43.000Z</time>
        <extensions>
          <ns3:TrackPointExtension>
            <ns3:hr>153</ns3:hr>
            <ns3:cad>83</ns3:cad>
          </ns3:TrackPointExtension>
        </extensions>
      </trkpt>
      <trkpt lat="37.47130609117448329925537109375" lon="126.9585286639630794525146484375">
        <ele>61.200000762939453125</ele>
        <time>2026-04-10T14:43:44.000Z</time>
        <extensions>
          <ns3:TrackPointExtension>
            <ns3:hr>153</ns3:hr>
            <ns3:cad>83</ns3:cad>
          </ns3:TrackPointExtension>
        </extensions>
      </trkpt>
      <trkpt lat="37.471330650150775909423828125" lon="126.9585241377353668212890625">
        <ele>61.200000762939453125</ele>
        <time>2026-04-10T14:43:45.000Z</time>
        <extensions>
          <ns3:TrackPointExtension>
            <ns3:hr>153</ns3:hr>
            <ns3:cad>83</ns3:cad>
          </ns3:TrackPointExtension>
        </extensions>
      </trkpt>
      <trkpt lat="37.47136241756379604339599609375" lon="126.958523131906986236572265625">
        <ele>61.200000762939453125</ele>
        <time>2026-04-10T14:43:46.000Z</time>
        <extensions>
          <ns3:TrackPointExtension>
            <ns3:hr>153</ns3:hr>
            <ns3:cad>83</ns3:cad>
          </ns3:TrackPointExtension>
        </extensions>
      </trkpt>
      <trkpt lat="37.47139661572873592376708984375" lon="126.958528496325016021728515625">
        <ele>61.200000762939453125</ele>
        <time>2026-04-10T14:43:47.000Z</time>
        <extensions>
          <ns3:TrackPointExtension>
            <ns3:hr>153</ns3:hr>
            <ns3:cad>83</ns3:cad>
          </ns3:TrackPointExtension>
        </extensions>
      </trkpt>
      <trkpt lat="37.47142092324793338775634765625" lon="126.95852874778211116790771484375">
        <ele>61.200000762939453125</ele>
        <time>2026-04-10T14:43:48.000Z</time>
        <extensions>
          <ns3:TrackPointExtension>
            <ns3:hr>153</ns3:hr>
            <ns3:cad>83</ns3:cad>
          </ns3:TrackPointExtension>
        </extensions>
      </trkpt>
      <trkpt lat="37.47146216221153736114501953125" lon="126.95854048244655132293701171875">
        <ele>61.200000762939453125</ele>
        <time>2026-04-10T14:43:49.000Z</time>
        <extensions>
          <ns3:TrackPointExtension>
            <ns3:hr>153</ns3:hr>
            <ns3:cad>83</ns3:cad>
          </ns3:TrackPointExtension>
        </extensions>
      </trkpt>
      <trkpt lat="37.4714894033968448638916015625" lon="126.95853612385690212249755859375">
        <ele>61</ele>
        <time>2026-04-10T14:43:50.000Z</time>
        <extensions>
          <ns3:TrackPointExtension>
            <ns3:hr>153</ns3:hr>
            <ns3:cad>83</ns3:cad>
          </ns3:TrackPointExtension>
        </extensions>
      </trkpt>
      <trkpt lat="37.4715234339237213134765625" lon="126.9585397280752658843994140625">
        <ele>61</ele>
        <time>2026-04-10T14:43:51.000Z</time>
        <extensions>
          <ns3:TrackPointExtension>
            <ns3:hr>153</ns3:hr>
            <ns3:cad>83</ns3:cad>
          </ns3:TrackPointExtension>
        </extensions>
      </trkpt>
      <trkpt lat="37.47156207449734210968017578125" lon="126.9585497863590717315673828125">
        <ele>60.799999237060546875</ele>
        <time>2026-04-10T14:43:52.000Z</time>
        <extensions>
          <ns3:TrackPointExtension>
            <ns3:hr>152</ns3:hr>
            <ns3:cad>83</ns3:cad>
          </ns3:TrackPointExtension>
        </extensions>
      </trkpt>
      <trkpt lat="37.47159241698682308197021484375" lon="126.9585590064525604248046875">
        <ele>60.799999237060546875</ele>
        <time>2026-04-10T14:43:53.000Z</time>
        <extensions>
          <ns3:TrackPointExtension>
            <ns3:hr>153</ns3:hr>
            <ns3:cad>83</ns3:cad>
          </ns3:TrackPointExtension>
        </extensions>
      </trkpt>
      <trkpt lat="37.47162125073373317718505859375" lon="126.9585722498595714569091796875">
        <ele>60.799999237060546875</ele>
        <time>2026-04-10T14:43:54.000Z</time>
        <extensions>
          <ns3:TrackPointExtension>
            <ns3:hr>152</ns3:hr>
            <ns3:cad>83</ns3:cad>
          </ns3:TrackPointExtension>
        </extensions>
      </trkpt>
      <trkpt lat="37.47164824046194553375244140625" lon="126.95858071558177471160888671875">
        <ele>60.59999847412109375</ele>
        <time>2026-04-10T14:43:55.000Z</time>
        <extensions>
          <ns3:TrackPointExtension>
            <ns3:hr>152</ns3:hr>
            <ns3:cad>83</ns3:cad>
          </ns3:TrackPointExtension>
        </extensions>
      </trkpt>
      <trkpt lat="37.4716781638562679290771484375" lon="126.95859345607459545135498046875">
        <ele>60.59999847412109375</ele>
        <time>2026-04-10T14:43:56.000Z</time>
        <extensions>
          <ns3:TrackPointExtension>
            <ns3:hr>152</ns3:hr>
            <ns3:cad>83</ns3:cad>
          </ns3:TrackPointExtension>
        </extensions>
      </trkpt>
      <trkpt lat="37.47170926071703433990478515625" lon="126.95860737003386020660400390625">
        <ele>60.59999847412109375</ele>
        <time>2026-04-10T14:43:57.000Z</time>
        <extensions>
          <ns3:TrackPointExtension>
            <ns3:hr>152</ns3:hr>
            <ns3:cad>84</ns3:cad>
          </ns3:TrackPointExtension>
        </extensions>
      </trkpt>
      <trkpt lat="37.47173742391169071197509765625" lon="126.9586188532412052154541015625">
        <ele>60.40000152587890625</ele>
        <time>2026-04-10T14:43:58.000Z</time>
        <extensions>
          <ns3:TrackPointExtension>
            <ns3:hr>152</ns3:hr>
            <ns3:cad>84</ns3:cad>
          </ns3:TrackPointExtension>
        </extensions>
      </trkpt>
      <trkpt lat="37.47176952660083770751953125" lon="126.958635784685611724853515625">
        <ele>60.40000152587890625</ele>
        <time>2026-04-10T14:43:59.000Z</time>
        <extensions>
          <ns3:TrackPointExtension>
            <ns3:hr>151</ns3:hr>
            <ns3:cad>84</ns3:cad>
          </ns3:TrackPointExtension>
        </extensions>
      </trkpt>
      <trkpt lat="37.4717921577394008636474609375" lon="126.9586436636745929718017578125">
        <ele>60.40000152587890625</ele>
        <time>2026-04-10T14:44:00.000Z</time>
        <extensions>
          <ns3:TrackPointExtension>
            <ns3:hr>151</ns3:hr>
            <ns3:cad>84</ns3:cad>
          </ns3:TrackPointExtension>
        </extensions>
      </trkpt>
      <trkpt lat="37.47182945720851421356201171875" lon="126.9586513750255107879638671875">
        <ele>60.40000152587890625</ele>
        <time>2026-04-10T14:44:01.000Z</time>
        <extensions>
          <ns3:TrackPointExtension>
            <ns3:hr>151</ns3:hr>
            <ns3:cad>84</ns3:cad>
          </ns3:TrackPointExtension>
        </extensions>
      </trkpt>
      <trkpt lat="37.4718625657260417938232421875" lon="126.95866369642317295074462890625">
        <ele>60.40000152587890625</ele>
        <time>2026-04-10T14:44:02.000Z</time>
        <extensions>
          <ns3:TrackPointExtension>
            <ns3:hr>151</ns3:hr>
            <ns3:cad>84</ns3:cad>
          </ns3:TrackPointExtension>
        </extensions>
      </trkpt>
      <trkpt lat="37.47189014218747615814208984375" lon="126.95867341943085193634033203125">
        <ele>60.40000152587890625</ele>
        <time>2026-04-10T14:44:03.000Z</time>
        <extensions>
          <ns3:TrackPointExtension>
            <ns3:hr>152</ns3:hr>
            <ns3:cad>85</ns3:cad>
          </ns3:TrackPointExtension>
        </extensions>
      </trkpt>
      <trkpt lat="37.471922077238559722900390625" lon="126.95868574082851409912109375">
        <ele>60.200000762939453125</ele>
        <time>2026-04-10T14:44:04.000Z</time>
        <extensions>
          <ns3:TrackPointExtension>
            <ns3:hr>151</ns3:hr>
            <ns3:cad>85</ns3:cad>
          </ns3:TrackPointExtension>
        </extensions>
      </trkpt>
      <trkpt lat="37.4719494022428989410400390625" lon="126.9586932845413684844970703125">
        <ele>60.200000762939453125</ele>
        <time>2026-04-10T14:44:05.000Z</time>
        <extensions>
          <ns3:TrackPointExtension>
            <ns3:hr>151</ns3:hr>
            <ns3:cad>84</ns3:cad>
          </ns3:TrackPointExtension>
        </extensions>
      </trkpt>
      <trkpt lat="37.4719820916652679443359375" lon="126.9587065279483795166015625">
        <ele>60</ele>
        <time>2026-04-10T14:44:06.000Z</time>
        <extensions>
          <ns3:TrackPointExtension>
            <ns3:hr>151</ns3:hr>
            <ns3:cad>84</ns3:cad>
          </ns3:TrackPointExtension>
        </extensions>
      </trkpt>
      <trkpt lat="37.47201838530600070953369140625" lon="126.95871851406991481781005859375">
        <ele>60</ele>
        <time>2026-04-10T14:44:07.000Z</time>
        <extensions>
          <ns3:TrackPointExtension>
            <ns3:hr>151</ns3:hr>
            <ns3:cad>84</ns3:cad>
          </ns3:TrackPointExtension>
        </extensions>
      </trkpt>
      <trkpt lat="37.47205249965190887451171875" lon="126.95872790180146694183349609375">
        <ele>59.799999237060546875</ele>
        <time>2026-04-10T14:44:08.000Z</time>
        <extensions>
          <ns3:TrackPointExtension>
            <ns3:hr>151</ns3:hr>
            <ns3:cad>84</ns3:cad>
          </ns3:TrackPointExtension>
        </extensions>
      </trkpt>
      <trkpt lat="37.47208535671234130859375" lon="126.95874340832233428955078125">
        <ele>59.799999237060546875</ele>
        <time>2026-04-10T14:44:09.000Z</time>
        <extensions>
          <ns3:TrackPointExtension>
            <ns3:hr>151</ns3:hr>
            <ns3:cad>84</ns3:cad>
          </ns3:TrackPointExtension>
        </extensions>
      </trkpt>
      <trkpt lat="37.47211762703955173492431640625" lon="126.95875422097742557525634765625">
        <ele>59.59999847412109375</ele>
        <time>2026-04-10T14:44:10.000Z</time>
        <extensions>
          <ns3:TrackPointExtension>
            <ns3:hr>151</ns3:hr>
            <ns3:cad>84</ns3:cad>
          </ns3:TrackPointExtension>
        </extensions>
      </trkpt>
      <trkpt lat="37.47216045856475830078125" lon="126.95877450518310070037841796875">
        <ele>59.799999237060546875</ele>
        <time>2026-04-10T14:44:11.000Z</time>
        <extensions>
          <ns3:TrackPointExtension>
            <ns3:hr>151</ns3:hr>
            <ns3:cad>84</ns3:cad>
          </ns3:TrackPointExtension>
        </extensions>
      </trkpt>
      <trkpt lat="37.4721874482929706573486328125" lon="126.95880484767258167266845703125">
        <ele>59.799999237060546875</ele>
        <time>2026-04-10T14:44:12.000Z</time>
        <extensions>
          <ns3:TrackPointExtension>
            <ns3:hr>150</ns3:hr>
            <ns3:cad>84</ns3:cad>
          </ns3:TrackPointExtension>
        </extensions>
      </trkpt>
      <trkpt lat="37.47220329008996486663818359375" lon="126.9588433206081390380859375">
        <ele>59.799999237060546875</ele>
        <time>2026-04-10T14:44:13.000Z</time>
        <extensions>
          <ns3:TrackPointExtension>
            <ns3:hr>150</ns3:hr>
            <ns3:cad>84</ns3:cad>
          </ns3:TrackPointExtension>
        </extensions>
      </trkpt>
      <trkpt lat="37.47221083380281925201416015625" lon="126.95889520458877086639404296875">
        <ele>59.799999237060546875</ele>
        <time>2026-04-10T14:44:14.000Z</time>
        <extensions>
          <ns3:TrackPointExtension>
            <ns3:hr>150</ns3:hr>
            <ns3:cad>84</ns3:cad>
          </ns3:TrackPointExtension>
        </extensions>
      </trkpt>
      <trkpt lat="37.4722109176218509674072265625" lon="126.95893493480980396270751953125">
        <ele>59.799999237060546875</ele>
        <time>2026-04-10T14:44:15.000Z</time>
        <extensions>
          <ns3:TrackPointExtension>
            <ns3:hr>150</ns3:hr>
            <ns3:cad>84</ns3:cad>
          </ns3:TrackPointExtension>
        </extensions>
      </trkpt>
      <trkpt lat="37.47219608165323734283447265625" lon="126.95898438803851604461669921875">
        <ele>59.799999237060546875</ele>
        <time>2026-04-10T14:44:16.000Z</time>
        <extensions>
          <ns3:TrackPointExtension>
            <ns3:hr>150</ns3:hr>
            <ns3:cad>84</ns3:cad>
          </ns3:TrackPointExtension>
        </extensions>
      </trkpt>
      <trkpt lat="37.47216909192502498626708984375" lon="126.9590151496231555938720703125">
        <ele>59.40000152587890625</ele>
        <time>2026-04-10T14:44:17.000Z</time>
        <extensions>
          <ns3:TrackPointExtension>
            <ns3:hr>149</ns3:hr>
            <ns3:cad>84</ns3:cad>
          </ns3:TrackPointExtension>
        </extensions>
      </trkpt>
      <trkpt lat="37.4721428565680980682373046875" lon="126.95903618820011615753173828125">
        <ele>59.200000762939453125</ele>
        <time>2026-04-10T14:44:18.000Z</time>
        <extensions>
          <ns3:TrackPointExtension>
            <ns3:hr>149</ns3:hr>
            <ns3:cad>84</ns3:cad>
          </ns3:TrackPointExtension>
        </extensions>
      </trkpt>
      <trkpt lat="37.472107820212841033935546875" lon="126.9590520299971103668212890625">
        <ele>59</ele>
        <time>2026-04-10T14:44:19.000Z</time>
        <extensions>
          <ns3:TrackPointExtension>
            <ns3:hr>149</ns3:hr>
            <ns3:cad>84</ns3:cad>
          </ns3:TrackPointExtension>
        </extensions>
      </trkpt>
      <trkpt lat="37.47208259068429470062255859375" lon="126.95906820707023143768310546875">
        <ele>59</ele>
        <time>2026-04-10T14:44:20.000Z</time>
        <extensions>
          <ns3:TrackPointExtension>
            <ns3:hr>149</ns3:hr>
            <ns3:cad>84</ns3:cad>
          </ns3:TrackPointExtension>
        </extensions>
      </trkpt>
      <trkpt lat="37.4720489792525768280029296875" lon="126.9590882398188114166259765625">
        <ele>58.799999237060546875</ele>
        <time>2026-04-10T14:44:21.000Z</time>
        <extensions>
          <ns3:TrackPointExtension>
            <ns3:hr>149</ns3:hr>
            <ns3:cad>84</ns3:cad>
          </ns3:TrackPointExtension>
        </extensions>
      </trkpt>
      <trkpt lat="37.472015284001827239990234375" lon="126.95910139940679073333740234375">
        <ele>58.799999237060546875</ele>
        <time>2026-04-10T14:44:22.000Z</time>
        <extensions>
          <ns3:TrackPointExtension>
            <ns3:hr>148</ns3:hr>
            <ns3:cad>55</ns3:cad>
          </ns3:TrackPointExtension>
        </extensions>
      </trkpt>
      <trkpt lat="37.47198276221752166748046875" lon="126.959114558994770050048828125">
        <ele>58.799999237060546875</ele>
        <time>2026-04-10T14:44:23.000Z</time>
        <extensions>
          <ns3:TrackPointExtension>
            <ns3:hr>148</ns3:hr>
            <ns3:cad>55</ns3:cad>
          </ns3:TrackPointExtension>
        </extensions>
      </trkpt>
      <trkpt lat="37.47193984687328338623046875" lon="126.95912537164986133575439453125">
        <ele>59</ele>
        <time>2026-04-10T14:44:24.000Z</time>
        <extensions>
          <ns3:TrackPointExtension>
            <ns3:hr>148</ns3:hr>
            <ns3:cad>84</ns3:cad>
          </ns3:TrackPointExtension>
        </extensions>
      </trkpt>
      <trkpt lat="37.47191512025892734527587890625" lon="126.95914012379944324493408203125">
        <ele>59</ele>
        <time>2026-04-10T14:44:25.000Z</time>
        <extensions>
          <ns3:TrackPointExtension>
            <ns3:hr>147</ns3:hr>
            <ns3:cad>84</ns3:cad>
          </ns3:TrackPointExtension>
        </extensions>
      </trkpt>
      <trkpt lat="37.47187145054340362548828125" lon="126.95915923453867435455322265625">
        <ele>59</ele>
        <time>2026-04-10T14:44:26.000Z</time>
        <extensions>
          <ns3:TrackPointExtension>
            <ns3:hr>147</ns3:hr>
            <ns3:cad>84</ns3:cad>
          </ns3:TrackPointExtension>
        </extensions>
      </trkpt>
      <trkpt lat="37.4718426167964935302734375" lon="126.95917666889727115631103515625">
        <ele>59</ele>
        <time>2026-04-10T14:44:27.000Z</time>
        <extensions>
          <ns3:TrackPointExtension>
            <ns3:hr>147</ns3:hr>
            <ns3:cad>84</ns3:cad>
          </ns3:TrackPointExtension>
        </extensions>
      </trkpt>
      <trkpt lat="37.47181269340217113494873046875" lon="126.9591891579329967498779296875">
        <ele>59</ele>
        <time>2026-04-10T14:44:28.000Z</time>
        <extensions>
          <ns3:TrackPointExtension>
            <ns3:hr>147</ns3:hr>
            <ns3:cad>85</ns3:cad>
          </ns3:TrackPointExtension>
        </extensions>
      </trkpt>
      <trkpt lat="37.47177581302821636199951171875" lon="126.9591961987316608428955078125">
        <ele>58.799999237060546875</ele>
        <time>2026-04-10T14:44:29.000Z</time>
        <extensions>
          <ns3:TrackPointExtension>
            <ns3:hr>147</ns3:hr>
            <ns3:cad>85</ns3:cad>
          </ns3:TrackPointExtension>
        </extensions>
      </trkpt>
      <trkpt lat="37.471752427518367767333984375" lon="126.95920634083449840545654296875">
        <ele>58.59999847412109375</ele>
        <time>2026-04-10T14:44:30.000Z</time>
        <extensions>
          <ns3:TrackPointExtension>
            <ns3:hr>147</ns3:hr>
            <ns3:cad>84</ns3:cad>
          </ns3:TrackPointExtension>
        </extensions>
      </trkpt>
      <trkpt lat="37.47171814553439617156982421875" lon="126.959214471280574798583984375">
        <ele>58.40000152587890625</ele>
        <time>2026-04-10T14:44:31.000Z</time>
        <extensions>
          <ns3:TrackPointExtension>
            <ns3:hr>147</ns3:hr>
            <ns3:cad>84</ns3:cad>
          </ns3:TrackPointExtension>
        </extensions>
      </trkpt>
      <trkpt lat="37.47168897651135921478271484375" lon="126.959230899810791015625">
        <ele>58.40000152587890625</ele>
        <time>2026-04-10T14:44:32.000Z</time>
        <extensions>
          <ns3:TrackPointExtension>
            <ns3:hr>147</ns3:hr>
            <ns3:cad>83</ns3:cad>
          </ns3:TrackPointExtension>
        </extensions>
      </trkpt>
      <trkpt lat="37.47166131623089313507080078125" lon="126.95924690924584865570068359375">
        <ele>58.200000762939453125</ele>
        <time>2026-04-10T14:44:33.000Z</time>
        <extensions>
          <ns3:TrackPointExtension>
            <ns3:hr>147</ns3:hr>
            <ns3:cad>84</ns3:cad>
          </ns3:TrackPointExtension>
        </extensions>
      </trkpt>
      <trkpt lat="37.47162661515176296234130859375" lon="126.95926048792898654937744140625">
        <ele>58</ele>
        <time>2026-04-10T14:44:34.000Z</time>
        <extensions>
          <ns3:TrackPointExtension>
            <ns3:hr>146</ns3:hr>
            <ns3:cad>84</ns3:cad>
          </ns3:TrackPointExtension>
        </extensions>
      </trkpt>
      <trkpt lat="37.47160457074642181396484375" lon="126.95927440188825130462646484375">
        <ele>58.200000762939453125</ele>
        <time>2026-04-10T14:44:35.000Z</time>
        <extensions>
          <ns3:TrackPointExtension>
            <ns3:hr>146</ns3:hr>
            <ns3:cad>84</ns3:cad>
          </ns3:TrackPointExtension>
        </extensions>
      </trkpt>
      <trkpt lat="37.47156433761119842529296875" lon="126.9592910818755626678466796875">
        <ele>58.40000152587890625</ele>
        <time>2026-04-10T14:44:36.000Z</time>
        <extensions>
          <ns3:TrackPointExtension>
            <ns3:hr>146</ns3:hr>
            <ns3:cad>84</ns3:cad>
          </ns3:TrackPointExtension>
        </extensions>
      </trkpt>
      <trkpt lat="37.4715395271778106689453125" lon="126.95930457673966884613037109375">
        <ele>58.59999847412109375</ele>
        <time>2026-04-10T14:44:37.000Z</time>
        <extensions>
          <ns3:TrackPointExtension>
            <ns3:hr>146</ns3:hr>
            <ns3:cad>84</ns3:cad>
          </ns3:TrackPointExtension>
        </extensions>
      </trkpt>
      <trkpt lat="37.4715105257928371429443359375" lon="126.95931932888925075531005859375">
        <ele>59</ele>
        <time>2026-04-10T14:44:38.000Z</time>
        <extensions>
          <ns3:TrackPointExtension>
            <ns3:hr>146</ns3:hr>
            <ns3:cad>84</ns3:cad>
          </ns3:TrackPointExtension>
        </extensions>
      </trkpt>
      <trkpt lat="37.4714790098369121551513671875" lon="126.959329806268215179443359375">
        <ele>59.200000762939453125</ele>
        <time>2026-04-10T14:44:39.000Z</time>
        <extensions>
          <ns3:TrackPointExtension>
            <ns3:hr>145</ns3:hr>
            <ns3:cad>84</ns3:cad>
          </ns3:TrackPointExtension>
        </extensions>
      </trkpt>
      <trkpt lat="37.47145897708833217620849609375" lon="126.95934279821813106536865234375">
        <ele>59.200000762939453125</ele>
        <time>2026-04-10T14:44:40.000Z</time>
        <extensions>
          <ns3:TrackPointExtension>
            <ns3:hr>144</ns3:hr>
            <ns3:cad>84</ns3:cad>
          </ns3:TrackPointExtension>
        </extensions>
      </trkpt>
      <trkpt lat="37.47142092324793338775634765625" lon="126.9593628309667110443115234375">
        <ele>59.40000152587890625</ele>
        <time>2026-04-10T14:44:41.000Z</time>
        <extensions>
          <ns3:TrackPointExtension>
            <ns3:hr>144</ns3:hr>
            <ns3:cad>83</ns3:cad>
          </ns3:TrackPointExtension>
        </extensions>
      </trkpt>
      <trkpt lat="37.47139845974743366241455078125" lon="126.95937532000243663787841796875">
        <ele>59.40000152587890625</ele>
        <time>2026-04-10T14:44:42.000Z</time>
        <extensions>
          <ns3:TrackPointExtension>
            <ns3:hr>143</ns3:hr>
            <ns3:cad>83</ns3:cad>
          </ns3:TrackPointExtension>
        </extensions>
      </trkpt>
      <trkpt lat="37.47136912308633327484130859375" lon="126.959384121000766754150390625">
        <ele>59.40000152587890625</ele>
        <time>2026-04-10T14:44:43.000Z</time>
        <extensions>
          <ns3:TrackPointExtension>
            <ns3:hr>143</ns3:hr>
            <ns3:cad>84</ns3:cad>
          </ns3:TrackPointExtension>
        </extensions>
      </trkpt>
      <trkpt lat="37.47133391909301280975341796875" lon="126.95937884040176868438720703125">
        <ele>59.40000152587890625</ele>
        <time>2026-04-10T14:44:44.000Z</time>
        <extensions>
          <ns3:TrackPointExtension>
            <ns3:hr>143</ns3:hr>
            <ns3:cad>84</ns3:cad>
          </ns3:TrackPointExtension>
        </extensions>
      </trkpt>
      <trkpt lat="37.47131011448800563812255859375" lon="126.95938336662948131561279296875">
        <ele>59.40000152587890625</ele>
        <time>2026-04-10T14:44:45.000Z</time>
        <extensions>
          <ns3:TrackPointExtension>
            <ns3:hr>143</ns3:hr>
            <ns3:cad>84</ns3:cad>
          </ns3:TrackPointExtension>
        </extensions>
      </trkpt>
      <trkpt lat="37.471266277134418487548828125" lon="126.95937238633632659912109375">
        <ele>59.40000152587890625</ele>
        <time>2026-04-10T14:44:46.000Z</time>
        <extensions>
          <ns3:TrackPointExtension>
            <ns3:hr>143</ns3:hr>
            <ns3:cad>83</ns3:cad>
          </ns3:TrackPointExtension>
        </extensions>
      </trkpt>
      <trkpt lat="37.4712379463016986846923828125" lon="126.95936299860477447509765625">
        <ele>59.40000152587890625</ele>
        <time>2026-04-10T14:44:47.000Z</time>
        <extensions>
          <ns3:TrackPointExtension>
            <ns3:hr>143</ns3:hr>
            <ns3:cad>83</ns3:cad>
          </ns3:TrackPointExtension>
        </extensions>
      </trkpt>
      <trkpt lat="37.47120802290737628936767578125" lon="126.9593537785112857818603515625">
        <ele>59.40000152587890625</ele>
        <time>2026-04-10T14:44:48.000Z</time>
        <extensions>
          <ns3:TrackPointExtension>
            <ns3:hr>143</ns3:hr>
            <ns3:cad>83</ns3:cad>
          </ns3:TrackPointExtension>
        </extensions>
      </trkpt>
      <trkpt lat="37.47117533348500728607177734375" lon="126.95933349430561065673828125">
        <ele>59.40000152587890625</ele>
        <time>2026-04-10T14:44:49.000Z</time>
        <extensions>
          <ns3:TrackPointExtension>
            <ns3:hr>142</ns3:hr>
            <ns3:cad>84</ns3:cad>
          </ns3:TrackPointExtension>
        </extensions>
      </trkpt>
      <trkpt lat="37.4711551330983638763427734375" lon="126.9593323208391666412353515625">
        <ele>59.59999847412109375</ele>
        <time>2026-04-10T14:44:50.000Z</time>
        <extensions>
          <ns3:TrackPointExtension>
            <ns3:hr>143</ns3:hr>
            <ns3:cad>84</ns3:cad>
          </ns3:TrackPointExtension>
        </extensions>
      </trkpt>
      <trkpt lat="37.47111766599118709564208984375" lon="126.95931111462414264678955078125">
        <ele>59.59999847412109375</ele>
        <time>2026-04-10T14:44:51.000Z</time>
        <extensions>
          <ns3:TrackPointExtension>
            <ns3:hr>143</ns3:hr>
            <ns3:cad>84</ns3:cad>
          </ns3:TrackPointExtension>
        </extensions>
      </trkpt>
      <trkpt lat="37.471092604100704193115234375" lon="126.9592951051890850067138671875">
        <ele>59.799999237060546875</ele>
        <time>2026-04-10T14:44:52.000Z</time>
        <extensions>
          <ns3:TrackPointExtension>
            <ns3:hr>142</ns3:hr>
            <ns3:cad>84</ns3:cad>
          </ns3:TrackPointExtension>
        </extensions>
      </trkpt>
      <trkpt lat="37.471069134771823883056640625" lon="126.95927876047790050506591796875">
        <ele>59.799999237060546875</ele>
        <time>2026-04-10T14:44:53.000Z</time>
        <extensions>
          <ns3:TrackPointExtension>
            <ns3:hr>143</ns3:hr>
            <ns3:cad>84</ns3:cad>
          </ns3:TrackPointExtension>
        </extensions>
      </trkpt>
      <trkpt lat="37.4710465036332607269287109375" lon="126.9592448137700557708740234375">
        <ele>60</ele>
        <time>2026-04-10T14:44:54.000Z</time>
        <extensions>
          <ns3:TrackPointExtension>
            <ns3:hr>143</ns3:hr>
            <ns3:cad>84</ns3:cad>
          </ns3:TrackPointExtension>
        </extensions>
      </trkpt>
      <trkpt lat="37.47103099711239337921142578125" lon="126.95922981016337871551513671875">
        <ele>60</ele>
        <time>2026-04-10T14:44:55.000Z</time>
        <extensions>
          <ns3:TrackPointExtension>
            <ns3:hr>142</ns3:hr>
            <ns3:cad>83</ns3:cad>
          </ns3:TrackPointExtension>
        </extensions>
      </trkpt>
      <trkpt lat="37.4710049293935298919677734375" lon="126.95919460617005825042724609375">
        <ele>60</ele>
        <time>2026-04-10T14:44:56.000Z</time>
        <extensions>
          <ns3:TrackPointExtension>
            <ns3:hr>143</ns3:hr>
            <ns3:cad>83</ns3:cad>
          </ns3:TrackPointExtension>
        </extensions>
      </trkpt>
      <trkpt lat="37.47098841704428195953369140625" lon="126.95916241966187953948974609375">
        <ele>60</ele>
        <time>2026-04-10T14:44:57.000Z</time>
        <extensions>
          <ns3:TrackPointExtension>
            <ns3:hr>143</ns3:hr>
            <ns3:cad>83</ns3:cad>
          </ns3:TrackPointExtension>
        </extensions>
      </trkpt>
      <trkpt lat="37.47097232379019260406494140625" lon="126.95913760922849178314208984375">
        <ele>60</ele>
        <time>2026-04-10T14:44:58.000Z</time>
        <extensions>
          <ns3:TrackPointExtension>
            <ns3:hr>142</ns3:hr>
            <ns3:cad>83</ns3:cad>
          </ns3:TrackPointExtension>
        </extensions>
      </trkpt>
      <trkpt lat="37.47095304541289806365966796875" lon="126.95909670554101467132568359375">
        <ele>60</ele>
        <time>2026-04-10T14:44:59.000Z</time>
        <extensions>
          <ns3:TrackPointExtension>
            <ns3:hr>143</ns3:hr>
            <ns3:cad>83</ns3:cad>
          </ns3:TrackPointExtension>
        </extensions>
      </trkpt>
      <trkpt lat="37.47093209065496921539306640625" lon="126.9590822048485279083251953125">
        <ele>60.200000762939453125</ele>
        <time>2026-04-10T14:45:00.000Z</time>
        <extensions>
          <ns3:TrackPointExtension>
            <ns3:hr>143</ns3:hr>
            <ns3:cad>83</ns3:cad>
          </ns3:TrackPointExtension>
        </extensions>
      </trkpt>
      <trkpt lat="37.47090526856482028961181640625" lon="126.95905043743550777435302734375">
        <ele>60.200000762939453125</ele>
        <time>2026-04-10T14:45:01.000Z</time>
        <extensions>
          <ns3:TrackPointExtension>
            <ns3:hr>142</ns3:hr>
            <ns3:cad>83</ns3:cad>
          </ns3:TrackPointExtension>
        </extensions>
      </trkpt>
      <trkpt lat="37.47088816948235034942626953125" lon="126.95901774801313877105712890625">
        <ele>60.200000762939453125</ele>
        <time>2026-04-10T14:45:02.000Z</time>
        <extensions>
          <ns3:TrackPointExtension>
            <ns3:hr>143</ns3:hr>
            <ns3:cad>83</ns3:cad>
          </ns3:TrackPointExtension>
        </extensions>
      </trkpt>
      <trkpt lat="37.470875345170497894287109375" lon="126.95899763144552707672119140625">
        <ele>60.40000152587890625</ele>
        <time>2026-04-10T14:45:03.000Z</time>
        <extensions>
          <ns3:TrackPointExtension>
            <ns3:hr>143</ns3:hr>
            <ns3:cad>83</ns3:cad>
          </ns3:TrackPointExtension>
        </extensions>
      </trkpt>
      <trkpt lat="37.47085698880255222320556640625" lon="126.95895739831030368804931640625">
        <ele>60.40000152587890625</ele>
        <time>2026-04-10T14:45:04.000Z</time>
        <extensions>
          <ns3:TrackPointExtension>
            <ns3:hr>143</ns3:hr>
            <ns3:cad>83</ns3:cad>
          </ns3:TrackPointExtension>
        </extensions>
      </trkpt>
      <trkpt lat="37.470839805901050567626953125" lon="126.95893795229494571685791015625">
        <ele>60.59999847412109375</ele>
        <time>2026-04-10T14:45:05.000Z</time>
        <extensions>
          <ns3:TrackPointExtension>
            <ns3:hr>144</ns3:hr>
            <ns3:cad>83</ns3:cad>
          </ns3:TrackPointExtension>
        </extensions>
      </trkpt>
      <trkpt lat="37.47081558220088481903076171875" lon="126.95891104638576507568359375">
        <ele>60.59999847412109375</ele>
        <time>2026-04-10T14:45:06.000Z</time>
        <extensions>
          <ns3:TrackPointExtension>
            <ns3:hr>144</ns3:hr>
            <ns3:cad>83</ns3:cad>
          </ns3:TrackPointExtension>
        </extensions>
      </trkpt>
      <trkpt lat="37.4708024226129055023193359375" lon="126.95887693203985691070556640625">
        <ele>60.799999237060546875</ele>
        <time>2026-04-10T14:45:07.000Z</time>
        <extensions>
          <ns3:TrackPointExtension>
            <ns3:hr>144</ns3:hr>
            <ns3:cad>83</ns3:cad>
          </ns3:TrackPointExtension>
        </extensions>
      </trkpt>
      <trkpt lat="37.47078859247267246246337890625" lon="126.95885740220546722412109375">
        <ele>60.799999237060546875</ele>
        <time>2026-04-10T14:45:08.000Z</time>
        <extensions>
          <ns3:TrackPointExtension>
            <ns3:hr>145</ns3:hr>
            <ns3:cad>83</ns3:cad>
          </ns3:TrackPointExtension>
        </extensions>
      </trkpt>
      <trkpt lat="37.47076713480055332183837890625" lon="126.958819516003131866455078125">
        <ele>61</ele>
        <time>2026-04-10T14:45:09.000Z</time>
        <extensions>
          <ns3:TrackPointExtension>
            <ns3:hr>145</ns3:hr>
            <ns3:cad>83</ns3:cad>
          </ns3:TrackPointExtension>
        </extensions>
      </trkpt>
      <trkpt lat="37.4707491137087345123291015625" lon="126.95879713632166385650634765625">
        <ele>61</ele>
        <time>2026-04-10T14:45:10.000Z</time>
        <extensions>
          <ns3:TrackPointExtension>
            <ns3:hr>145</ns3:hr>
            <ns3:cad>83</ns3:cad>
          </ns3:TrackPointExtension>
        </extensions>
      </trkpt>
      <trkpt lat="37.47072958387434482574462890625" lon="126.95877048186957836151123046875">
        <ele>61</ele>
        <time>2026-04-10T14:45:11.000Z</time>
        <extensions>
          <ns3:TrackPointExtension>
            <ns3:hr>144</ns3:hr>
            <ns3:cad>83</ns3:cad>
          </ns3:TrackPointExtension>
        </extensions>
      </trkpt>
      <trkpt lat="37.4707145802676677703857421875" lon="126.95873628370463848114013671875">
        <ele>61.200000762939453125</ele>
        <time>2026-04-10T14:45:12.000Z</time>
        <extensions>
          <ns3:TrackPointExtension>
            <ns3:hr>145</ns3:hr>
            <ns3:cad>83</ns3:cad>
          </ns3:TrackPointExtension>
        </extensions>
      </trkpt>
      <trkpt lat="37.4707038514316082000732421875" lon="126.958717592060565948486328125">
        <ele>61.40000152587890625</ele>
        <time>2026-04-10T14:45:13.000Z</time>
        <extensions>
          <ns3:TrackPointExtension>
            <ns3:hr>145</ns3:hr>
            <ns3:cad>83</ns3:cad>
          </ns3:TrackPointExtension>
        </extensions>
      </trkpt>
      <trkpt lat="37.47068465687334537506103515625" lon="126.9586771912872791290283203125">
        <ele>61.40000152587890625</ele>
        <time>2026-04-10T14:45:14.000Z</time>
        <extensions>
          <ns3:TrackPointExtension>
            <ns3:hr>145</ns3:hr>
            <ns3:cad>83</ns3:cad>
          </ns3:TrackPointExtension>
        </extensions>
      </trkpt>
      <trkpt lat="37.470666132867336273193359375" lon="126.9586523808538913726806640625">
        <ele>61.40000152587890625</ele>
        <time>2026-04-10T14:45:15.000Z</time>
        <extensions>
          <ns3:TrackPointExtension>
            <ns3:hr>145</ns3:hr>
            <ns3:cad>83</ns3:cad>
          </ns3:TrackPointExtension>
        </extensions>
      </trkpt>
      <trkpt lat="37.4706475250422954559326171875" lon="126.9586265645921230316162109375">
        <ele>61.40000152587890625</ele>
        <time>2026-04-10T14:45:16.000Z</time>
        <extensions>
          <ns3:TrackPointExtension>
            <ns3:hr>145</ns3:hr>
            <ns3:cad>84</ns3:cad>
          </ns3:TrackPointExtension>
        </extensions>
      </trkpt>
      <trkpt lat="37.470628917217254638671875" lon="126.95858918130397796630859375">
        <ele>61.59999847412109375</ele>
        <time>2026-04-10T14:45:17.000Z</time>
        <extensions>
          <ns3:TrackPointExtension>
            <ns3:hr>146</ns3:hr>
            <ns3:cad>84</ns3:cad>
          </ns3:TrackPointExtension>
        </extensions>
      </trkpt>
      <trkpt lat="37.47061357833445072174072265625" lon="126.95857040584087371826171875">
        <ele>61.799999237060546875</ele>
        <time>2026-04-10T14:45:18.000Z</time>
        <extensions>
          <ns3:TrackPointExtension>
            <ns3:hr>146</ns3:hr>
            <ns3:cad>84</ns3:cad>
          </ns3:TrackPointExtension>
        </extensions>
      </trkpt>
      <trkpt lat="37.4705928750336170196533203125" lon="126.95853444747626781463623046875">
        <ele>61.799999237060546875</ele>
        <time>2026-04-10T14:45:19.000Z</time>
        <extensions>
          <ns3:TrackPointExtension>
            <ns3:hr>146</ns3:hr>
            <ns3:cad>83</ns3:cad>
          </ns3:TrackPointExtension>
        </extensions>
      </trkpt>
      <trkpt lat="37.47057686559855937957763671875" lon="126.95850511081516742706298828125">
        <ele>61.799999237060546875</ele>
        <time>2026-04-10T14:45:20.000Z</time>
        <extensions>
          <ns3:TrackPointExtension>
            <ns3:hr>146</ns3:hr>
            <ns3:cad>83</ns3:cad>
          </ns3:TrackPointExtension>
        </extensions>
      </trkpt>
      <trkpt lat="37.4705613590776920318603515625" lon="126.958482228219509124755859375">
        <ele>62</ele>
        <time>2026-04-10T14:45:21.000Z</time>
        <extensions>
          <ns3:TrackPointExtension>
            <ns3:hr>146</ns3:hr>
            <ns3:cad>83</ns3:cad>
          </ns3:TrackPointExtension>
        </extensions>
      </trkpt>
      <trkpt lat="37.4705442599952220916748046875" lon="126.95844358764588832855224609375">
        <ele>62</ele>
        <time>2026-04-10T14:45:22.000Z</time>
        <extensions>
          <ns3:TrackPointExtension>
            <ns3:hr>146</ns3:hr>
            <ns3:cad>83</ns3:cad>
          </ns3:TrackPointExtension>
        </extensions>
      </trkpt>
      <trkpt lat="37.47053311206400394439697265625" lon="126.95842011831700801849365234375">
        <ele>62</ele>
        <time>2026-04-10T14:45:23.000Z</time>
        <extensions>
          <ns3:TrackPointExtension>
            <ns3:hr>145</ns3:hr>
            <ns3:cad>83</ns3:cad>
          </ns3:TrackPointExtension>
        </extensions>
      </trkpt>
      <trkpt lat="37.47054149396717548370361328125" lon="126.95837938226759433746337890625">
        <ele>62.200000762939453125</ele>
        <time>2026-04-10T14:45:24.000Z</time>
        <extensions>
          <ns3:TrackPointExtension>
            <ns3:hr>146</ns3:hr>
            <ns3:cad>83</ns3:cad>
          </ns3:TrackPointExtension>
        </extensions>
      </trkpt>
      <trkpt lat="37.470564208924770355224609375" lon="126.95835582911968231201171875">
        <ele>62</ele>
        <time>2026-04-10T14:45:25.000Z</time>
        <extensions>
          <ns3:TrackPointExtension>
            <ns3:hr>146</ns3:hr>
            <ns3:cad>83</ns3:cad>
          </ns3:TrackPointExtension>
        </extensions>
      </trkpt>
      <trkpt lat="37.47058876790106296539306640625" lon="126.95834870450198650360107421875">
        <ele>62</ele>
        <time>2026-04-10T14:45:26.000Z</time>
        <extensions>
          <ns3:TrackPointExtension>
            <ns3:hr>146</ns3:hr>
            <ns3:cad>83</ns3:cad>
          </ns3:TrackPointExtension>
        </extensions>
      </trkpt>
      <trkpt lat="37.4706294201314449310302734375" lon="126.95835071615874767303466796875">
        <ele>62</ele>
        <time>2026-04-10T14:45:27.000Z</time>
        <extensions>
          <ns3:TrackPointExtension>
            <ns3:hr>147</ns3:hr>
            <ns3:cad>83</ns3:cad>
          </ns3:TrackPointExtension>
        </extensions>
      </trkpt>
      <trkpt lat="37.470654733479022979736328125" lon="126.95834618993103504180908203125">
        <ele>62</ele>
        <time>2026-04-10T14:45:28.000Z</time>
        <extensions>
          <ns3:TrackPointExtension>
            <ns3:hr>147</ns3:hr>
            <ns3:cad>83</ns3:cad>
          </ns3:TrackPointExtension>
        </extensions>
      </trkpt>
      <trkpt lat="37.47068532742559909820556640625" lon="126.95835155434906482696533203125">
        <ele>61.799999237060546875</ele>
        <time>2026-04-10T14:45:29.000Z</time>
        <extensions>
          <ns3:TrackPointExtension>
            <ns3:hr>147</ns3:hr>
            <ns3:cad>83</ns3:cad>
          </ns3:TrackPointExtension>
        </extensions>
      </trkpt>
      <trkpt lat="37.47072212398052215576171875" lon="126.95836781524121761322021484375">
        <ele>61.799999237060546875</ele>
        <time>2026-04-10T14:45:30.000Z</time>
        <extensions>
          <ns3:TrackPointExtension>
            <ns3:hr>147</ns3:hr>
            <ns3:cad>83</ns3:cad>
          </ns3:TrackPointExtension>
        </extensions>
      </trkpt>
      <trkpt lat="37.47074483893811702728271484375" lon="126.95836965925991535186767578125">
        <ele>62</ele>
        <time>2026-04-10T14:45:31.000Z</time>
        <extensions>
          <ns3:TrackPointExtension>
            <ns3:hr>147</ns3:hr>
            <ns3:cad>83</ns3:cad>
          </ns3:TrackPointExtension>
        </extensions>
      </trkpt>
      <trkpt lat="37.4707829765975475311279296875" lon="126.9583833217620849609375">
        <ele>61.799999237060546875</ele>
        <time>2026-04-10T14:45:32.000Z</time>
        <extensions>
          <ns3:TrackPointExtension>
            <ns3:hr>147</ns3:hr>
            <ns3:cad>83</ns3:cad>
          </ns3:TrackPointExtension>
        </extensions>
      </trkpt>
      <trkpt lat="37.470810301601886749267578125" lon="126.95838625542819499969482421875">
        <ele>61.799999237060546875</ele>
        <time>2026-04-10T14:45:33.000Z</time>
        <extensions>
          <ns3:TrackPointExtension>
            <ns3:hr>146</ns3:hr>
            <ns3:cad>83</ns3:cad>
          </ns3:TrackPointExtension>
        </extensions>
      </trkpt>
      <trkpt lat="37.470838129520416259765625" lon="126.95839245803654193878173828125">
        <ele>61.799999237060546875</ele>
        <time>2026-04-10T14:45:34.000Z</time>
        <extensions>
          <ns3:TrackPointExtension>
            <ns3:hr>147</ns3:hr>
            <ns3:cad>83</ns3:cad>
          </ns3:TrackPointExtension>
        </extensions>
      </trkpt>
      <trkpt lat="37.47086989693343639373779296875" lon="126.9584143348038196563720703125">
        <ele>61.799999237060546875</ele>
        <time>2026-04-10T14:45:35.000Z</time>
        <extensions>
          <ns3:TrackPointExtension>
            <ns3:hr>147</ns3:hr>
            <ns3:cad>84</ns3:cad>
          </ns3:TrackPointExtension>
        </extensions>
      </trkpt>
      <trkpt lat="37.47089085169136524200439453125" lon="126.958418190479278564453125">
        <ele>61.799999237060546875</ele>
        <time>2026-04-10T14:45:36.000Z</time>
        <extensions>
          <ns3:TrackPointExtension>
            <ns3:hr>147</ns3:hr>
            <ns3:cad>83</ns3:cad>
          </ns3:TrackPointExtension>
        </extensions>
      </trkpt>
      <trkpt lat="37.47092521749436855316162109375" lon="126.95843034423887729644775390625">
        <ele>61.59999847412109375</ele>
        <time>2026-04-10T14:45:37.000Z</time>
        <extensions>
          <ns3:TrackPointExtension>
            <ns3:hr>147</ns3:hr>
            <ns3:cad>83</ns3:cad>
          </ns3:TrackPointExtension>
        </extensions>
      </trkpt>
      <trkpt lat="37.47095589525997638702392578125" lon="126.9584394805133342742919921875">
        <ele>61.59999847412109375</ele>
        <time>2026-04-10T14:45:38.000Z</time>
        <extensions>
          <ns3:TrackPointExtension>
            <ns3:hr>147</ns3:hr>
            <ns3:cad>83</ns3:cad>
          </ns3:TrackPointExtension>
        </extensions>
      </trkpt>
      <trkpt lat="37.47098171152174472808837890625" lon="126.95844995789229869842529296875">
        <ele>61.59999847412109375</ele>
        <time>2026-04-10T14:45:39.000Z</time>
        <extensions>
          <ns3:TrackPointExtension>
            <ns3:hr>148</ns3:hr>
            <ns3:cad>83</ns3:cad>
          </ns3:TrackPointExtension>
        </extensions>
      </trkpt>
      <trkpt lat="37.4710193462669849395751953125" lon="126.95846890099346637725830078125">
        <ele>61.59999847412109375</ele>
        <time>2026-04-10T14:45:40.000Z</time>
        <extensions>
          <ns3:TrackPointExtension>
            <ns3:hr>148</ns3:hr>
            <ns3:cad>83</ns3:cad>
          </ns3:TrackPointExtension>
        </extensions>
      </trkpt>
      <trkpt lat="37.47103996574878692626953125" lon="126.9584693200886249542236328125">
        <ele>61.59999847412109375</ele>
        <time>2026-04-10T14:45:41.000Z</time>
        <extensions>
          <ns3:TrackPointExtension>
            <ns3:hr>148</ns3:hr>
            <ns3:cad>83</ns3:cad>
          </ns3:TrackPointExtension>
        </extensions>
      </trkpt>
      <trkpt lat="37.471071816980838775634765625" lon="126.9584790430963039398193359375">
        <ele>61.59999847412109375</ele>
        <time>2026-04-10T14:45:42.000Z</time>
        <extensions>
          <ns3:TrackPointExtension>
            <ns3:hr>148</ns3:hr>
            <ns3:cad>83</ns3:cad>
          </ns3:TrackPointExtension>
        </extensions>
      </trkpt>
      <trkpt lat="37.4711023271083831787109375" lon="126.95849371142685413360595703125">
        <ele>61.799999237060546875</ele>
        <time>2026-04-10T14:45:43.000Z</time>
        <extensions>
          <ns3:TrackPointExtension>
            <ns3:hr>148</ns3:hr>
            <ns3:cad>83</ns3:cad>
          </ns3:TrackPointExtension>
        </extensions>
      </trkpt>
      <trkpt lat="37.47112504206597805023193359375" lon="126.958504356443881988525390625">
        <ele>61.799999237060546875</ele>
        <time>2026-04-10T14:45:44.000Z</time>
        <extensions>
          <ns3:TrackPointExtension>
            <ns3:hr>149</ns3:hr>
            <ns3:cad>83</ns3:cad>
          </ns3:TrackPointExtension>
        </extensions>
      </trkpt>
      <trkpt lat="37.471161670982837677001953125" lon="126.95851944386959075927734375">
        <ele>61.59999847412109375</ele>
        <time>2026-04-10T14:45:45.000Z</time>
        <extensions>
          <ns3:TrackPointExtension>
            <ns3:hr>149</ns3:hr>
            <ns3:cad>83</ns3:cad>
          </ns3:TrackPointExtension>
        </extensions>
      </trkpt>
      <trkpt lat="37.47118480503559112548828125" lon="126.95851852186024188995361328125">
        <ele>61.40000152587890625</ele>
        <time>2026-04-10T14:45:46.000Z</time>
        <extensions>
          <ns3:TrackPointExtension>
            <ns3:hr>150</ns3:hr>
            <ns3:cad>83</ns3:cad>
          </ns3:TrackPointExtension>
        </extensions>
      </trkpt>
      <trkpt lat="37.4712124653160572052001953125" lon="126.95852086879312992095947265625">
        <ele>61.40000152587890625</ele>
        <time>2026-04-10T14:45:47.000Z</time>
        <extensions>
          <ns3:TrackPointExtension>
            <ns3:hr>150</ns3:hr>
            <ns3:cad>83</ns3:cad>
          </ns3:TrackPointExtension>
        </extensions>
      </trkpt>
      <trkpt lat="37.471246831119060516357421875" lon="126.95852883160114288330078125">
        <ele>61.200000762939453125</ele>
        <time>2026-04-10T14:45:48.000Z</time>
        <extensions>
          <ns3:TrackPointExtension>
            <ns3:hr>150</ns3:hr>
            <ns3:cad>83</ns3:cad>
          </ns3:TrackPointExtension>
        </extensions>
      </trkpt>
      <trkpt lat="37.47126854024827480316162109375" lon="126.95852774195373058319091796875">
        <ele>61.200000762939453125</ele>
        <time>2026-04-10T14:45:49.000Z</time>
        <extensions>
          <ns3:TrackPointExtension>
            <ns3:hr>150</ns3:hr>
            <ns3:cad>83</ns3:cad>
          </ns3:TrackPointExtension>
        </extensions>
      </trkpt>
      <trkpt lat="37.47130676172673702239990234375" lon="126.95853679440915584564208984375">
        <ele>61</ele>
        <time>2026-04-10T14:45:50.000Z</time>
        <extensions>
          <ns3:TrackPointExtension>
            <ns3:hr>150</ns3:hr>
            <ns3:cad>83</ns3:cad>
          </ns3:TrackPointExtension>
        </extensions>
      </trkpt>
      <trkpt lat="37.47133291326463222503662109375" lon="126.95853226818144321441650390625">
        <ele>61</ele>
        <time>2026-04-10T14:45:51.000Z</time>
        <extensions>
          <ns3:TrackPointExtension>
            <ns3:hr>150</ns3:hr>
            <ns3:cad>83</ns3:cad>
          </ns3:TrackPointExtension>
        </extensions>
      </trkpt>
      <trkpt lat="37.47136141173541545867919921875" lon="126.95853017270565032958984375">
        <ele>60.799999237060546875</ele>
        <time>2026-04-10T14:45:52.000Z</time>
        <extensions>
          <ns3:TrackPointExtension>
            <ns3:hr>149</ns3:hr>
            <ns3:cad>83</ns3:cad>
          </ns3:TrackPointExtension>
        </extensions>
      </trkpt>
      <trkpt lat="37.47139829210937023162841796875" lon="126.95853419601917266845703125">
        <ele>60.59999847412109375</ele>
        <time>2026-04-10T14:45:53.000Z</time>
        <extensions>
          <ns3:TrackPointExtension>
            <ns3:hr>149</ns3:hr>
            <ns3:cad>83</ns3:cad>
          </ns3:TrackPointExtension>
        </extensions>
      </trkpt>
      <trkpt lat="37.47141907922923564910888671875" lon="126.9585293345153331756591796875">
        <ele>60.59999847412109375</ele>
        <time>2026-04-10T14:45:54.000Z</time>
        <extensions>
          <ns3:TrackPointExtension>
            <ns3:hr>149</ns3:hr>
            <ns3:cad>83</ns3:cad>
          </ns3:TrackPointExtension>
        </extensions>
      </trkpt>
      <trkpt lat="37.4714525230228900909423828125" lon="126.958537884056568145751953125">
        <ele>60.40000152587890625</ele>
        <time>2026-04-10T14:45:55.000Z</time>
        <extensions>
          <ns3:TrackPointExtension>
            <ns3:hr>148</ns3:hr>
            <ns3:cad>83</ns3:cad>
          </ns3:TrackPointExtension>
        </extensions>
      </trkpt>
      <trkpt lat="37.47148278169333934783935546875" lon="126.95853645913302898406982421875">
        <ele>60.200000762939453125</ele>
        <time>2026-04-10T14:45:56.000Z</time>
        <extensions>
          <ns3:TrackPointExtension>
            <ns3:hr>148</ns3:hr>
            <ns3:cad>83</ns3:cad>
          </ns3:TrackPointExtension>
        </extensions>
      </trkpt>
      <trkpt lat="37.47151312418282032012939453125" lon="126.95854517631232738494873046875">
        <ele>60.200000762939453125</ele>
        <time>2026-04-10T14:45:57.000Z</time>
        <extensions>
          <ns3:TrackPointExtension>
            <ns3:hr>147</ns3:hr>
            <ns3:cad>84</ns3:cad>
          </ns3:TrackPointExtension>
        </extensions>
      </trkpt>
      <trkpt lat="37.47154866345226764678955078125" lon="126.9585595093667507171630859375">
        <ele>60</ele>
        <time>2026-04-10T14:45:58.000Z</time>
        <extensions>
          <ns3:TrackPointExtension>
            <ns3:hr>147</ns3:hr>
            <ns3:cad>84</ns3:cad>
          </ns3:TrackPointExtension>
        </extensions>
      </trkpt>
      <trkpt lat="37.47157414443790912628173828125" lon="126.958564706146717071533203125">
        <ele>60</ele>
        <time>2026-04-10T14:45:59.000Z</time>
        <extensions>
          <ns3:TrackPointExtension>
            <ns3:hr>146</ns3:hr>
            <ns3:cad>84</ns3:cad>
          </ns3:TrackPointExtension>
        </extensions>
      </trkpt>
      <trkpt lat="37.4716094322502613067626953125" lon="126.9585742615163326263427734375">
        <ele>60</ele>
        <time>2026-04-10T14:46:00.000Z</time>
        <extensions>
          <ns3:TrackPointExtension>
            <ns3:hr>146</ns3:hr>
            <ns3:cad>83</ns3:cad>
          </ns3:TrackPointExtension>
        </extensions>
      </trkpt>
      <trkpt lat="37.47163935564458370208740234375" lon="126.958584152162075042724609375">
        <ele>60</ele>
        <time>2026-04-10T14:46:01.000Z</time>
        <extensions>
          <ns3:TrackPointExtension>
            <ns3:hr>146</ns3:hr>
            <ns3:cad>83</ns3:cad>
          </ns3:TrackPointExtension>
        </extensions>
      </trkpt>
      <trkpt lat="37.4716687761247158050537109375" lon="126.9585883431136608123779296875">
        <ele>60</ele>
        <time>2026-04-10T14:46:02.000Z</time>
        <extensions>
          <ns3:TrackPointExtension>
            <ns3:hr>146</ns3:hr>
            <ns3:cad>84</ns3:cad>
          </ns3:TrackPointExtension>
        </extensions>
      </trkpt>
      <trkpt lat="37.4717059917747974395751953125" lon="126.958608292043209075927734375">
        <ele>60</ele>
        <time>2026-04-10T14:46:03.000Z</time>
        <extensions>
          <ns3:TrackPointExtension>
            <ns3:hr>146</ns3:hr>
            <ns3:cad>84</ns3:cad>
          </ns3:TrackPointExtension>
        </extensions>
      </trkpt>
      <trkpt lat="37.47173323296010494232177734375" lon="126.9586144946515560150146484375">
        <ele>60</ele>
        <time>2026-04-10T14:46:04.000Z</time>
        <extensions>
          <ns3:TrackPointExtension>
            <ns3:hr>147</ns3:hr>
            <ns3:cad>84</ns3:cad>
          </ns3:TrackPointExtension>
        </extensions>
      </trkpt>
      <trkpt lat="37.4717693589627742767333984375" lon="126.95862530730664730072021484375">
        <ele>60</ele>
        <time>2026-04-10T14:46:05.000Z</time>
        <extensions>
          <ns3:TrackPointExtension>
            <ns3:hr>146</ns3:hr>
            <ns3:cad>84</ns3:cad>
          </ns3:TrackPointExtension>
        </extensions>
      </trkpt>
      <trkpt lat="37.4717961810529232025146484375" lon="126.95863670669496059417724609375">
        <ele>60</ele>
        <time>2026-04-10T14:46:06.000Z</time>
        <extensions>
          <ns3:TrackPointExtension>
            <ns3:hr>146</ns3:hr>
            <ns3:cad>84</ns3:cad>
          </ns3:TrackPointExtension>
        </extensions>
      </trkpt>
      <trkpt lat="37.4718219973146915435791015625" lon="126.95864609442651271820068359375">
        <ele>59.799999237060546875</ele>
        <time>2026-04-10T14:46:07.000Z</time>
        <extensions>
          <ns3:TrackPointExtension>
            <ns3:hr>147</ns3:hr>
            <ns3:cad>84</ns3:cad>
          </ns3:TrackPointExtension>
        </extensions>
      </trkpt>
      <trkpt lat="37.4718551896512508392333984375" lon="126.95866964757442474365234375">
        <ele>59.799999237060546875</ele>
        <time>2026-04-10T14:46:08.000Z</time>
        <extensions>
          <ns3:TrackPointExtension>
            <ns3:hr>147</ns3:hr>
            <ns3:cad>84</ns3:cad>
          </ns3:TrackPointExtension>
        </extensions>
      </trkpt>
      <trkpt lat="37.471877820789813995361328125" lon="126.95867476053535938262939453125">
        <ele>59.799999237060546875</ele>
        <time>2026-04-10T14:46:09.000Z</time>
        <extensions>
          <ns3:TrackPointExtension>
            <ns3:hr>147</ns3:hr>
            <ns3:cad>84</ns3:cad>
          </ns3:TrackPointExtension>
        </extensions>
      </trkpt>
      <trkpt lat="37.47190539725124835968017578125" lon="126.95868733339011669158935546875">
        <ele>59.799999237060546875</ele>
        <time>2026-04-10T14:46:10.000Z</time>
        <extensions>
          <ns3:TrackPointExtension>
            <ns3:hr>146</ns3:hr>
            <ns3:cad>83</ns3:cad>
          </ns3:TrackPointExtension>
        </extensions>
      </trkpt>
      <trkpt lat="37.4719312973320484161376953125" lon="126.95870049297809600830078125">
        <ele>59.799999237060546875</ele>
        <time>2026-04-10T14:46:11.000Z</time>
        <extensions>
          <ns3:TrackPointExtension>
            <ns3:hr>146</ns3:hr>
            <ns3:cad>83</ns3:cad>
          </ns3:TrackPointExtension>
        </extensions>
      </trkpt>
      <trkpt lat="37.47196130454540252685546875" lon="126.9587077014148235321044921875">
        <ele>59.59999847412109375</ele>
        <time>2026-04-10T14:46:12.000Z</time>
        <extensions>
          <ns3:TrackPointExtension>
            <ns3:hr>146</ns3:hr>
            <ns3:cad>83</ns3:cad>
          </ns3:TrackPointExtension>
        </extensions>
      </trkpt>
      <trkpt lat="37.4719986878335475921630859375" lon="126.958728320896625518798828125">
        <ele>59.40000152587890625</ele>
        <time>2026-04-10T14:46:13.000Z</time>
        <extensions>
          <ns3:TrackPointExtension>
            <ns3:hr>146</ns3:hr>
            <ns3:cad>84</ns3:cad>
          </ns3:TrackPointExtension>
        </extensions>
      </trkpt>
      <trkpt lat="37.47202777303755283355712890625" lon="126.95873075164854526519775390625">
        <ele>59.40000152587890625</ele>
        <time>2026-04-10T14:46:14.000Z</time>
        <extensions>
          <ns3:TrackPointExtension>
            <ns3:hr>146</ns3:hr>
            <ns3:cad>84</ns3:cad>
          </ns3:TrackPointExtension>
        </extensions>
      </trkpt>
      <trkpt lat="37.4720652401447296142578125" lon="126.958747096359729766845703125">
        <ele>59.200000762939453125</ele>
        <time>2026-04-10T14:46:15.000Z</time>
        <extensions>
          <ns3:TrackPointExtension>
            <ns3:hr>146</ns3:hr>
            <ns3:cad>84</ns3:cad>
          </ns3:TrackPointExtension>
        </extensions>
      </trkpt>
      <trkpt lat="37.472101785242557525634765625" lon="126.95876092649996280670166015625">
        <ele>59</ele>
        <time>2026-04-10T14:46:16.000Z</time>
        <extensions>
          <ns3:TrackPointExtension>
            <ns3:hr>146</ns3:hr>
            <ns3:cad>82</ns3:cad>
          </ns3:TrackPointExtension>
        </extensions>
      </trkpt>
      <trkpt lat="37.47213564813137054443359375" lon="126.95877157151699066162109375">
        <ele>59.200000762939453125</ele>
        <time>2026-04-10T14:46:17.000Z</time>
        <extensions>
          <ns3:TrackPointExtension>
            <ns3:hr>146</ns3:hr>
            <ns3:cad>82</ns3:cad>
          </ns3:TrackPointExtension>
        </extensions>
      </trkpt>
      <trkpt lat="37.47217378579080104827880859375" lon="126.958799064159393310546875">
        <ele>59.200000762939453125</ele>
        <time>2026-04-10T14:46:18.000Z</time>
        <extensions>
          <ns3:TrackPointExtension>
            <ns3:hr>145</ns3:hr>
            <ns3:cad>82</ns3:cad>
          </ns3:TrackPointExtension>
        </extensions>
      </trkpt>
      <trkpt lat="37.47220111079514026641845703125" lon="126.95881985127925872802734375">
        <ele>59.40000152587890625</ele>
        <time>2026-04-10T14:46:19.000Z</time>
        <extensions>
          <ns3:TrackPointExtension>
            <ns3:hr>145</ns3:hr>
            <ns3:cad>82</ns3:cad>
          </ns3:TrackPointExtension>
        </extensions>
      </trkpt>
      <trkpt lat="37.47222340665757656097412109375" lon="126.95886050350964069366455078125">
        <ele>59.59999847412109375</ele>
        <time>2026-04-10T14:46:20.000Z</time>
        <extensions>
          <ns3:TrackPointExtension>
            <ns3:hr>145</ns3:hr>
            <ns3:cad>82</ns3:cad>
          </ns3:TrackPointExtension>
        </extensions>
      </trkpt>
      <trkpt lat="37.47223296202719211578369140625" lon="126.95890626870095729827880859375">
        <ele>59.59999847412109375</ele>
        <time>2026-04-10T14:46:21.000Z</time>
        <extensions>
          <ns3:TrackPointExtension>
            <ns3:hr>145</ns3:hr>
            <ns3:cad>84</ns3:cad>
          </ns3:TrackPointExtension>
        </extensions>
      </trkpt>
      <trkpt lat="37.4722300283610820770263671875" lon="126.9589450769126415252685546875">
        <ele>59.59999847412109375</ele>
        <time>2026-04-10T14:46:22.000Z</time>
        <extensions>
          <ns3:TrackPointExtension>
            <ns3:hr>145</ns3:hr>
            <ns3:cad>84</ns3:cad>
          </ns3:TrackPointExtension>
        </extensions>
      </trkpt>
      <trkpt lat="37.4722082354128360748291015625" lon="126.958991847932338714599609375">
        <ele>59.59999847412109375</ele>
        <time>2026-04-10T14:46:23.000Z</time>
        <extensions>
          <ns3:TrackPointExtension>
            <ns3:hr>145</ns3:hr>
            <ns3:cad>84</ns3:cad>
          </ns3:TrackPointExtension>
        </extensions>
      </trkpt>
      <trkpt lat="37.47218526899814605712890625" lon="126.959022022783756256103515625">
        <ele>59.40000152587890625</ele>
        <time>2026-04-10T14:46:24.000Z</time>
        <extensions>
          <ns3:TrackPointExtension>
            <ns3:hr>145</ns3:hr>
            <ns3:cad>84</ns3:cad>
          </ns3:TrackPointExtension>
        </extensions>
      </trkpt>
      <trkpt lat="37.4721591174602508544921875" lon="126.95903920568525791168212890625">
        <ele>59</ele>
        <time>2026-04-10T14:46:25.000Z</time>
        <extensions>
          <ns3:TrackPointExtension>
            <ns3:hr>145</ns3:hr>
            <ns3:cad>84</ns3:cad>
          </ns3:TrackPointExtension>
        </extensions>
      </trkpt>
      <trkpt lat="37.4721240811049938201904296875" lon="126.95904892869293689727783203125">
        <ele>58.59999847412109375</ele>
        <time>2026-04-10T14:46:26.000Z</time>
        <extensions>
          <ns3:TrackPointExtension>
            <ns3:hr>145</ns3:hr>
            <ns3:cad>83</ns3:cad>
          </ns3:TrackPointExtension>
        </extensions>
      </trkpt>
      <trkpt lat="37.4720986001193523406982421875" lon="126.95905948989093303680419921875">
        <ele>58.40000152587890625</ele>
        <time>2026-04-10T14:46:27.000Z</time>
        <extensions>
          <ns3:TrackPointExtension>
            <ns3:hr>145</ns3:hr>
            <ns3:cad>84</ns3:cad>
          </ns3:TrackPointExtension>
        </extensions>
      </trkpt>
      <trkpt lat="37.4720573611557483673095703125" lon="126.959078349173069000244140625">
        <ele>58.40000152587890625</ele>
        <time>2026-04-10T14:46:28.000Z</time>
        <extensions>
          <ns3:TrackPointExtension>
            <ns3:hr>144</ns3:hr>
            <ns3:cad>84</ns3:cad>
          </ns3:TrackPointExtension>
        </extensions>
      </trkpt>
      <trkpt lat="37.472024001181125640869140625" lon="126.95909502916038036346435546875">
        <ele>58.40000152587890625</ele>
        <time>2026-04-10T14:46:29.000Z</time>
        <extensions>
          <ns3:TrackPointExtension>
            <ns3:hr>144</ns3:hr>
            <ns3:cad>84</ns3:cad>
          </ns3:TrackPointExtension>
        </extensions>
      </trkpt>
      <trkpt lat="37.4719859473407268524169921875" lon="126.9591167382895946502685546875">
        <ele>58.799999237060546875</ele>
        <time>2026-04-10T14:46:30.000Z</time>
        <extensions>
          <ns3:TrackPointExtension>
            <ns3:hr>144</ns3:hr>
            <ns3:cad>84</ns3:cad>
          </ns3:TrackPointExtension>
        </extensions>
      </trkpt>
      <trkpt lat="37.4719472229480743408203125" lon="126.9591301493346691131591796875">
        <ele>59</ele>
        <time>2026-04-10T14:46:31.000Z</time>
        <extensions>
          <ns3:TrackPointExtension>
            <ns3:hr>144</ns3:hr>
            <ns3:cad>84</ns3:cad>
          </ns3:TrackPointExtension>
        </extensions>
      </trkpt>
      <trkpt lat="37.4719182215631008148193359375" lon="126.9591489247977733612060546875">
        <ele>59</ele>
        <time>2026-04-10T14:46:32.000Z</time>
        <extensions>
          <ns3:TrackPointExtension>
            <ns3:hr>144</ns3:hr>
            <ns3:cad>83</ns3:cad>
          </ns3:TrackPointExtension>
        </extensions>
      </trkpt>
      <trkpt lat="37.4718789942562580108642578125" lon="126.959163509309291839599609375">
        <ele>59</ele>
        <time>2026-04-10T14:46:33.000Z</time>
        <extensions>
          <ns3:TrackPointExtension>
            <ns3:hr>144</ns3:hr>
            <ns3:cad>83</ns3:cad>
          </ns3:TrackPointExtension>
        </extensions>
      </trkpt>
      <trkpt lat="37.471853680908679962158203125" lon="126.95917926728725433349609375">
        <ele>59</ele>
        <time>2026-04-10T14:46:34.000Z</time>
        <extensions>
          <ns3:TrackPointExtension>
            <ns3:hr>145</ns3:hr>
            <ns3:cad>83</ns3:cad>
          </ns3:TrackPointExtension>
        </extensions>
      </trkpt>
      <trkpt lat="37.47182451188564300537109375" lon="126.95919276215136051177978515625">
        <ele>58.59999847412109375</ele>
        <time>2026-04-10T14:46:35.000Z</time>
        <extensions>
          <ns3:TrackPointExtension>
            <ns3:hr>145</ns3:hr>
            <ns3:cad>84</ns3:cad>
          </ns3:TrackPointExtension>
        </extensions>
      </trkpt>
      <trkpt lat="37.47178687714040279388427734375" lon="126.9592025689780712127685546875">
        <ele>58.59999847412109375</ele>
        <time>2026-04-10T14:46:36.000Z</time>
        <extensions>
          <ns3:TrackPointExtension>
            <ns3:hr>146</ns3:hr>
            <ns3:cad>84</ns3:cad>
          </ns3:TrackPointExtension>
        </extensions>
      </trkpt>
      <trkpt lat="37.4717603065073490142822265625" lon="126.95921421982347965240478515625">
        <ele>58.59999847412109375</ele>
        <time>2026-04-10T14:46:37.000Z</time>
        <extensions>
          <ns3:TrackPointExtension>
            <ns3:hr>146</ns3:hr>
            <ns3:cad>84</ns3:cad>
          </ns3:TrackPointExtension>
        </extensions>
      </trkpt>
      <trkpt lat="37.47172233648598194122314453125" lon="126.95923131890594959259033203125">
        <ele>58.40000152587890625</ele>
        <time>2026-04-10T14:46:38.000Z</time>
        <extensions>
          <ns3:TrackPointExtension>
            <ns3:hr>146</ns3:hr>
            <ns3:cad>84</ns3:cad>
          </ns3:TrackPointExtension>
        </extensions>
      </trkpt>
      <trkpt lat="37.47169316746294498443603515625" lon="126.95924623869359493255615234375">
        <ele>58.40000152587890625</ele>
        <time>2026-04-10T14:46:39.000Z</time>
        <extensions>
          <ns3:TrackPointExtension>
            <ns3:hr>145</ns3:hr>
            <ns3:cad>84</ns3:cad>
          </ns3:TrackPointExtension>
        </extensions>
      </trkpt>
      <trkpt lat="37.47166668064892292022705078125" lon="126.9592644274234771728515625">
        <ele>58.40000152587890625</ele>
        <time>2026-04-10T14:46:40.000Z</time>
        <extensions>
          <ns3:TrackPointExtension>
            <ns3:hr>146</ns3:hr>
            <ns3:cad>83</ns3:cad>
          </ns3:TrackPointExtension>
        </extensions>
      </trkpt>
      <trkpt lat="37.47163315303623676300048828125" lon="126.95927440188825130462646484375">
        <ele>58.40000152587890625</ele>
        <time>2026-04-10T14:46:41.000Z</time>
        <extensions>
          <ns3:TrackPointExtension>
            <ns3:hr>146</ns3:hr>
            <ns3:cad>83</ns3:cad>
          </ns3:TrackPointExtension>
        </extensions>
      </trkpt>
      <trkpt lat="37.47161353938281536102294921875" lon="126.95928328670561313629150390625">
        <ele>58.40000152587890625</ele>
        <time>2026-04-10T14:46:42.000Z</time>
        <extensions>
          <ns3:TrackPointExtension>
            <ns3:hr>146</ns3:hr>
            <ns3:cad>83</ns3:cad>
          </ns3:TrackPointExtension>
        </extensions>
      </trkpt>
      <trkpt lat="37.4715819396078586578369140625" lon="126.95929753594100475311279296875">
        <ele>58.59999847412109375</ele>
        <time>2026-04-10T14:46:43.000Z</time>
        <extensions>
          <ns3:TrackPointExtension>
            <ns3:hr>147</ns3:hr>
            <ns3:cad>84</ns3:cad>
          </ns3:TrackPointExtension>
        </extensions>
      </trkpt>
      <trkpt lat="37.47155536897480487823486328125" lon="126.9593100249767303466796875">
        <ele>58.59999847412109375</ele>
        <time>2026-04-10T14:46:44.000Z</time>
        <extensions>
          <ns3:TrackPointExtension>
            <ns3:hr>147</ns3:hr>
            <ns3:cad>84</ns3:cad>
          </ns3:TrackPointExtension>
        </extensions>
      </trkpt>
      <trkpt lat="37.471528463065624237060546875" lon="126.95932402275502681732177734375">
        <ele>58.799999237060546875</ele>
        <time>2026-04-10T14:46:45.000Z</time>
        <extensions>
          <ns3:TrackPointExtension>
            <ns3:hr>147</ns3:hr>
            <ns3:cad>84</ns3:cad>
          </ns3:TrackPointExtension>
        </extensions>
      </trkpt>
      <trkpt lat="37.47149367816746234893798828125" lon="126.95933642797172069549560546875">
        <ele>58.799999237060546875</ele>
        <time>2026-04-10T14:46:46.000Z</time>
        <extensions>
          <ns3:TrackPointExtension>
            <ns3:hr>147</ns3:hr>
            <ns3:cad>84</ns3:cad>
          </ns3:TrackPointExtension>
        </extensions>
      </trkpt>
      <trkpt lat="37.47147423215210437774658203125" lon="126.95935118012130260467529296875">
        <ele>58.799999237060546875</ele>
        <time>2026-04-10T14:46:47.000Z</time>
        <extensions>
          <ns3:TrackPointExtension>
            <ns3:hr>146</ns3:hr>
            <ns3:cad>84</ns3:cad>
          </ns3:TrackPointExtension>
        </extensions>
      </trkpt>
      <trkpt lat="37.4714384414255619049072265625" lon="126.95936677046120166778564453125">
        <ele>58.799999237060546875</ele>
        <time>2026-04-10T14:46:48.000Z</time>
        <extensions>
          <ns3:TrackPointExtension>
            <ns3:hr>147</ns3:hr>
            <ns3:cad>83</ns3:cad>
          </ns3:TrackPointExtension>
        </extensions>
      </trkpt>
      <trkpt lat="37.47140876948833465576171875" lon="126.9593708775937557220458984375">
        <ele>58.799999237060546875</ele>
        <time>2026-04-10T14:46:49.000Z</time>
        <extensions>
          <ns3:TrackPointExtension>
            <ns3:hr>147</ns3:hr>
            <ns3:cad>83</ns3:cad>
          </ns3:TrackPointExtension>
        </extensions>
      </trkpt>
      <trkpt lat="37.47137918137013912200927734375" lon="126.959380768239498138427734375">
        <ele>59</ele>
        <time>2026-04-10T14:46:50.000Z</time>
        <extensions>
          <ns3:TrackPointExtension>
            <ns3:hr>147</ns3:hr>
            <ns3:cad>83</ns3:cad>
          </ns3:TrackPointExtension>
        </extensions>
      </trkpt>
      <trkpt lat="37.471342049539089202880859375" lon="126.95938152261078357696533203125">
        <ele>59</ele>
        <time>2026-04-10T14:46:51.000Z</time>
        <extensions>
          <ns3:TrackPointExtension>
            <ns3:hr>147</ns3:hr>
            <ns3:cad>83</ns3:cad>
          </ns3:TrackPointExtension>
        </extensions>
      </trkpt>
      <trkpt lat="37.47131313197314739227294921875" lon="126.95938353426754474639892578125">
        <ele>59</ele>
        <time>2026-04-10T14:46:52.000Z</time>
        <extensions>
          <ns3:TrackPointExtension>
            <ns3:hr>147</ns3:hr>
            <ns3:cad>83</ns3:cad>
          </ns3:TrackPointExtension>
        </extensions>
      </trkpt>
      <trkpt lat="37.47127323411405086517333984375" lon="126.959373392164707183837890625">
        <ele>59.200000762939453125</ele>
        <time>2026-04-10T14:46:53.000Z</time>
        <extensions>
          <ns3:TrackPointExtension>
            <ns3:hr>148</ns3:hr>
            <ns3:cad>83</ns3:cad>
          </ns3:TrackPointExtension>
        </extensions>
      </trkpt>
      <trkpt lat="37.4712382815778255462646484375" lon="126.95936224423348903656005859375">
        <ele>59.40000152587890625</ele>
        <time>2026-04-10T14:46:54.000Z</time>
        <extensions>
          <ns3:TrackPointExtension>
            <ns3:hr>147</ns3:hr>
            <ns3:cad>83</ns3:cad>
          </ns3:TrackPointExtension>
        </extensions>
      </trkpt>
      <trkpt lat="37.471210621297359466552734375" lon="126.9593578018248081207275390625">
        <ele>59.40000152587890625</ele>
        <time>2026-04-10T14:46:55.000Z</time>
        <extensions>
          <ns3:TrackPointExtension>
            <ns3:hr>147</ns3:hr>
            <ns3:cad>83</ns3:cad>
          </ns3:TrackPointExtension>
        </extensions>
      </trkpt>
      <trkpt lat="37.47117633931338787078857421875" lon="126.95934548042714595794677734375">
        <ele>59.40000152587890625</ele>
        <time>2026-04-10T14:46:56.000Z</time>
        <extensions>
          <ns3:TrackPointExtension>
            <ns3:hr>148</ns3:hr>
            <ns3:cad>83</ns3:cad>
          </ns3:TrackPointExtension>
        </extensions>
      </trkpt>
      <trkpt lat="37.47114733792841434478759765625" lon="126.95933257229626178741455078125">
        <ele>59.40000152587890625</ele>
        <time>2026-04-10T14:46:57.000Z</time>
        <extensions>
          <ns3:TrackPointExtension>
            <ns3:hr>147</ns3:hr>
            <ns3:cad>83</ns3:cad>
          </ns3:TrackPointExtension>
        </extensions>
      </trkpt>
      <trkpt lat="37.47111096046864986419677734375" lon="126.95931161753833293914794921875">
        <ele>59.40000152587890625</ele>
        <time>2026-04-10T14:46:58.000Z</time>
        <extensions>
          <ns3:TrackPointExtension>
            <ns3:hr>147</ns3:hr>
            <ns3:cad>83</ns3:cad>
          </ns3:TrackPointExtension>
        </extensions>
      </trkpt>
      <trkpt lat="37.47108346782624721527099609375" lon="126.95928513072431087493896484375">
        <ele>59.40000152587890625</ele>
        <time>2026-04-10T14:46:59.000Z</time>
        <extensions>
          <ns3:TrackPointExtension>
            <ns3:hr>147</ns3:hr>
            <ns3:cad>83</ns3:cad>
          </ns3:TrackPointExtension>
        </extensions>
      </trkpt>
      <trkpt lat="37.4710620939731597900390625" lon="126.95926752872765064239501953125">
        <ele>59.40000152587890625</ele>
        <time>2026-04-10T14:47:00.000Z</time>
        <extensions>
          <ns3:TrackPointExtension>
            <ns3:hr>147</ns3:hr>
            <ns3:cad>83</ns3:cad>
          </ns3:TrackPointExtension>
        </extensions>
      </trkpt>
      <trkpt lat="37.47103300876915454864501953125" lon="126.95923182182013988494873046875">
        <ele>59.40000152587890625</ele>
        <time>2026-04-10T14:47:01.000Z</time>
        <extensions>
          <ns3:TrackPointExtension>
            <ns3:hr>147</ns3:hr>
            <ns3:cad>83</ns3:cad>
          </ns3:TrackPointExtension>
        </extensions>
      </trkpt>
      <trkpt lat="37.4710126407444477081298828125" lon="126.9592039100825786590576171875">
        <ele>59.59999847412109375</ele>
        <time>2026-04-10T14:47:02.000Z</time>
        <extensions>
          <ns3:TrackPointExtension>
            <ns3:hr>148</ns3:hr>
            <ns3:cad>83</ns3:cad>
          </ns3:TrackPointExtension>
        </extensions>
      </trkpt>
      <trkpt lat="37.47098975814878940582275390625" lon="126.95917666889727115631103515625">
        <ele>59.59999847412109375</ele>
        <time>2026-04-10T14:47:03.000Z</time>
        <extensions>
          <ns3:TrackPointExtension>
            <ns3:hr>147</ns3:hr>
            <ns3:cad>83</ns3:cad>
          </ns3:TrackPointExtension>
        </extensions>
      </trkpt>
      <trkpt lat="37.47097249142825603485107421875" lon="126.95914029143750667572021484375">
        <ele>59.59999847412109375</ele>
        <time>2026-04-10T14:47:04.000Z</time>
        <extensions>
          <ns3:TrackPointExtension>
            <ns3:hr>147</ns3:hr>
            <ns3:cad>83</ns3:cad>
          </ns3:TrackPointExtension>
        </extensions>
      </trkpt>
      <trkpt lat="37.47095555998384952545166015625" lon="126.95911950431764125823974609375">
        <ele>59.59999847412109375</ele>
        <time>2026-04-10T14:47:05.000Z</time>
        <extensions>
          <ns3:TrackPointExtension>
            <ns3:hr>147</ns3:hr>
            <ns3:cad>84</ns3:cad>
          </ns3:TrackPointExtension>
        </extensions>
      </trkpt>
      <trkpt lat="37.470934353768825531005859375" lon="126.9590845517814159393310546875">
        <ele>59.799999237060546875</ele>
        <time>2026-04-10T14:47:06.000Z</time>
        <extensions>
          <ns3:TrackPointExtension>
            <ns3:hr>148</ns3:hr>
            <ns3:cad>84</ns3:cad>
          </ns3:TrackPointExtension>
        </extensions>
      </trkpt>
      <trkpt lat="37.47091482393443584442138671875" lon="126.95906066335737705230712890625">
        <ele>59.799999237060546875</ele>
        <time>2026-04-10T14:47:07.000Z</time>
        <extensions>
          <ns3:TrackPointExtension>
            <ns3:hr>147</ns3:hr>
            <ns3:cad>84</ns3:cad>
          </ns3:TrackPointExtension>
        </extensions>
      </trkpt>
      <trkpt lat="37.4708942882716655731201171875" lon="126.95902965031564235687255859375">
        <ele>60</ele>
        <time>2026-04-10T14:47:08.000Z</time>
        <extensions>
          <ns3:TrackPointExtension>
            <ns3:hr>147</ns3:hr>
            <ns3:cad>84</ns3:cad>
          </ns3:TrackPointExtension>
        </extensions>
      </trkpt>
      <trkpt lat="37.4708743393421173095703125" lon="126.95899075828492641448974609375">
        <ele>60</ele>
        <time>2026-04-10T14:47:09.000Z</time>
        <extensions>
          <ns3:TrackPointExtension>
            <ns3:hr>147</ns3:hr>
            <ns3:cad>84</ns3:cad>
          </ns3:TrackPointExtension>
        </extensions>
      </trkpt>
      <trkpt lat="37.4708569049835205078125" lon="126.9589675404131412506103515625">
        <ele>60</ele>
        <time>2026-04-10T14:47:10.000Z</time>
        <extensions>
          <ns3:TrackPointExtension>
            <ns3:hr>148</ns3:hr>
            <ns3:cad>84</ns3:cad>
          </ns3:TrackPointExtension>
        </extensions>
      </trkpt>
      <trkpt lat="37.4708354473114013671875" lon="126.95893158204853534698486328125">
        <ele>60</ele>
        <time>2026-04-10T14:47:11.000Z</time>
        <extensions>
          <ns3:TrackPointExtension>
            <ns3:hr>148</ns3:hr>
            <ns3:cad>84</ns3:cad>
          </ns3:TrackPointExtension>
        </extensions>
      </trkpt>
      <trkpt lat="37.47081600129604339599609375" lon="126.95890509523451328277587890625">
        <ele>60.200000762939453125</ele>
        <time>2026-04-10T14:47:12.000Z</time>
        <extensions>
          <ns3:TrackPointExtension>
            <ns3:hr>148</ns3:hr>
            <ns3:cad>84</ns3:cad>
          </ns3:TrackPointExtension>
        </extensions>
      </trkpt>
      <trkpt lat="37.47079529799520969390869140625" lon="126.9588729925453662872314453125">
        <ele>60.40000152587890625</ele>
        <time>2026-04-10T14:47:13.000Z</time>
        <extensions>
          <ns3:TrackPointExtension>
            <ns3:hr>148</ns3:hr>
            <ns3:cad>84</ns3:cad>
          </ns3:TrackPointExtension>
        </extensions>
      </trkpt>
      <trkpt lat="37.47078113257884979248046875" lon="126.95883586071431636810302734375">
        <ele>60.59999847412109375</ele>
        <time>2026-04-10T14:47:14.000Z</time>
        <extensions>
          <ns3:TrackPointExtension>
            <ns3:hr>149</ns3:hr>
            <ns3:cad>84</ns3:cad>
          </ns3:TrackPointExtension>
        </extensions>
      </trkpt>
      <trkpt lat="37.47076638042926788330078125" lon="126.95881138555705547332763671875">
        <ele>60.799999237060546875</ele>
        <time>2026-04-10T14:47:15.000Z</time>
        <extensions>
          <ns3:TrackPointExtension>
            <ns3:hr>149</ns3:hr>
            <ns3:cad>84</ns3:cad>
          </ns3:TrackPointExtension>
        </extensions>
      </trkpt>
      <trkpt lat="37.47074634768068790435791015625" lon="126.95877249352633953094482421875">
        <ele>60.799999237060546875</ele>
        <time>2026-04-10T14:47:16.000Z</time>
        <extensions>
          <ns3:TrackPointExtension>
            <ns3:hr>149</ns3:hr>
            <ns3:cad>84</ns3:cad>
          </ns3:TrackPointExtension>
        </extensions>
      </trkpt>
      <trkpt lat="37.47073017060756683349609375" lon="126.95874231867492198944091796875">
        <ele>60.799999237060546875</ele>
        <time>2026-04-10T14:47:17.000Z</time>
        <extensions>
          <ns3:TrackPointExtension>
            <ns3:hr>149</ns3:hr>
            <ns3:cad>84</ns3:cad>
          </ns3:TrackPointExtension>
        </extensions>
      </trkpt>
      <trkpt lat="37.47071139514446258544921875" lon="126.9587113894522190093994140625">
        <ele>60.799999237060546875</ele>
        <time>2026-04-10T14:47:18.000Z</time>
        <extensions>
          <ns3:TrackPointExtension>
            <ns3:hr>150</ns3:hr>
            <ns3:cad>84</ns3:cad>
          </ns3:TrackPointExtension>
        </extensions>
      </trkpt>
      <trkpt lat="37.47069722972810268402099609375" lon="126.95867576636373996734619140625">
        <ele>61</ele>
        <time>2026-04-10T14:47:19.000Z</time>
        <extensions>
          <ns3:TrackPointExtension>
            <ns3:hr>150</ns3:hr>
            <ns3:cad>84</ns3:cad>
          </ns3:TrackPointExtension>
        </extensions>
      </trkpt>
      <trkpt lat="37.47068054974079132080078125" lon="126.958654224872589111328125">
        <ele>61</ele>
        <time>2026-04-10T14:47:20.000Z</time>
        <extensions>
          <ns3:TrackPointExtension>
            <ns3:hr>150</ns3:hr>
            <ns3:cad>83</ns3:cad>
          </ns3:TrackPointExtension>
        </extensions>
      </trkpt>
      <trkpt lat="37.47065640985965728759765625" lon="126.95862145163118839263916015625">
        <ele>61</ele>
        <time>2026-04-10T14:47:21.000Z</time>
        <extensions>
          <ns3:TrackPointExtension>
            <ns3:hr>151</ns3:hr>
            <ns3:cad>83</ns3:cad>
          </ns3:TrackPointExtension>
        </extensions>
      </trkpt>
      <trkpt lat="37.470639646053314208984375" lon="126.95858943276107311248779296875">
        <ele>61.200000762939453125</ele>
        <time>2026-04-10T14:47:22.000Z</time>
        <extensions>
          <ns3:TrackPointExtension>
            <ns3:hr>151</ns3:hr>
            <ns3:cad>83</ns3:cad>
          </ns3:TrackPointExtension>
        </extensions>
      </trkpt>
      <trkpt lat="37.47062246315181255340576171875" lon="126.9585682265460491180419921875">
        <ele>61.200000762939453125</ele>
        <time>2026-04-10T14:47:23.000Z</time>
        <extensions>
          <ns3:TrackPointExtension>
            <ns3:hr>151</ns3:hr>
            <ns3:cad>83</ns3:cad>
          </ns3:TrackPointExtension>
        </extensions>
      </trkpt>
      <trkpt lat="37.4706009216606616973876953125" lon="126.95853042416274547576904296875">
        <ele>61.40000152587890625</ele>
        <time>2026-04-10T14:47:24.000Z</time>
        <extensions>
          <ns3:TrackPointExtension>
            <ns3:hr>152</ns3:hr>
            <ns3:cad>83</ns3:cad>
          </ns3:TrackPointExtension>
        </extensions>
      </trkpt>
      <trkpt lat="37.47058130800724029541015625" lon="126.95850427262485027313232421875">
        <ele>61.40000152587890625</ele>
        <time>2026-04-10T14:47:25.000Z</time>
        <extensions>
          <ns3:TrackPointExtension>
            <ns3:hr>152</ns3:hr>
            <ns3:cad>83</ns3:cad>
          </ns3:TrackPointExtension>
        </extensions>
      </trkpt>
      <trkpt lat="37.47055809013545513153076171875" lon="126.95846722461283206939697265625">
        <ele>61.40000152587890625</ele>
        <time>2026-04-10T14:47:26.000Z</time>
        <extensions>
          <ns3:TrackPointExtension>
            <ns3:hr>152</ns3:hr>
            <ns3:cad>83</ns3:cad>
          </ns3:TrackPointExtension>
        </extensions>
      </trkpt>
      <trkpt lat="37.47055406682193279266357421875" lon="126.958423219621181488037109375">
        <ele>61.40000152587890625</ele>
        <time>2026-04-10T14:47:27.000Z</time>
        <extensions>
          <ns3:TrackPointExtension>
            <ns3:hr>152</ns3:hr>
            <ns3:cad>83</ns3:cad>
          </ns3:TrackPointExtension>
        </extensions>
      </trkpt>
      <trkpt lat="37.4705583415925502777099609375" lon="126.9583915360271930694580078125">
        <ele>61.59999847412109375</ele>
        <time>2026-04-10T14:47:28.000Z</time>
        <extensions>
          <ns3:TrackPointExtension>
            <ns3:hr>152</ns3:hr>
            <ns3:cad>83</ns3:cad>
          </ns3:TrackPointExtension>
        </extensions>
      </trkpt>
      <trkpt lat="37.470578961074352264404296875" lon="126.95836094208061695098876953125">
        <ele>61.59999847412109375</ele>
        <time>2026-04-10T14:47:29.000Z</time>
        <extensions>
          <ns3:TrackPointExtension>
            <ns3:hr>152</ns3:hr>
            <ns3:cad>83</ns3:cad>
          </ns3:TrackPointExtension>
        </extensions>
      </trkpt>
      <trkpt lat="37.47060569934546947479248046875" lon="126.958348117768764495849609375">
        <ele>61.59999847412109375</ele>
        <time>2026-04-10T14:47:30.000Z</time>
        <extensions>
          <ns3:TrackPointExtension>
            <ns3:hr>152</ns3:hr>
            <ns3:cad>83</ns3:cad>
          </ns3:TrackPointExtension>
        </extensions>
      </trkpt>
      <trkpt lat="37.47063704766333103179931640625" lon="126.95834577083587646484375">
        <ele>61.59999847412109375</ele>
        <time>2026-04-10T14:47:31.000Z</time>
        <extensions>
          <ns3:TrackPointExtension>
            <ns3:hr>153</ns3:hr>
            <ns3:cad>83</ns3:cad>
          </ns3:TrackPointExtension>
        </extensions>
      </trkpt>
      <trkpt lat="37.47067510150372982025146484375" lon="126.9583580084145069122314453125">
        <ele>61.40000152587890625</ele>
        <time>2026-04-10T14:47:32.000Z</time>
        <extensions>
          <ns3:TrackPointExtension>
            <ns3:hr>152</ns3:hr>
            <ns3:cad>83</ns3:cad>
          </ns3:TrackPointExtension>
        </extensions>
      </trkpt>
      <trkpt lat="37.470704354345798492431640625" lon="126.95836060680449008941650390625">
        <ele>61.40000152587890625</ele>
        <time>2026-04-10T14:47:33.000Z</time>
        <extensions>
          <ns3:TrackPointExtension>
            <ns3:hr>152</ns3:hr>
            <ns3:cad>83</ns3:cad>
          </ns3:TrackPointExtension>
        </extensions>
      </trkpt>
      <trkpt lat="37.47074450366199016571044921875" lon="126.95837116800248622894287109375">
        <ele>61.40000152587890625</ele>
        <time>2026-04-10T14:47:34.000Z</time>
        <extensions>
          <ns3:TrackPointExtension>
            <ns3:hr>152</ns3:hr>
            <ns3:cad>83</ns3:cad>
          </ns3:TrackPointExtension>
        </extensions>
      </trkpt>
      <trkpt lat="37.47077400796115398406982421875" lon="126.95837703533470630645751953125">
        <ele>61.40000152587890625</ele>
        <time>2026-04-10T14:47:35.000Z</time>
        <extensions>
          <ns3:TrackPointExtension>
            <ns3:hr>152</ns3:hr>
            <ns3:cad>83</ns3:cad>
          </ns3:TrackPointExtension>
        </extensions>
      </trkpt>
      <trkpt lat="37.47080636210739612579345703125" lon="126.95838407613337039947509765625">
        <ele>61.40000152587890625</ele>
        <time>2026-04-10T14:47:36.000Z</time>
        <extensions>
          <ns3:TrackPointExtension>
            <ns3:hr>152</ns3:hr>
            <ns3:cad>83</ns3:cad>
          </ns3:TrackPointExtension>
        </extensions>
      </trkpt>
      <trkpt lat="37.470839805901050567626953125" lon="126.95839430205523967742919921875">
        <ele>61.200000762939453125</ele>
        <time>2026-04-10T14:47:37.000Z</time>
        <extensions>
          <ns3:TrackPointExtension>
            <ns3:hr>152</ns3:hr>
            <ns3:cad>83</ns3:cad>
          </ns3:TrackPointExtension>
        </extensions>
      </trkpt>
      <trkpt lat="37.4708644486963748931884765625" lon="126.95840419270098209381103515625">
        <ele>61.200000762939453125</ele>
        <time>2026-04-10T14:47:38.000Z</time>
        <extensions>
          <ns3:TrackPointExtension>
            <ns3:hr>152</ns3:hr>
            <ns3:cad>83</ns3:cad>
          </ns3:TrackPointExtension>
        </extensions>
      </trkpt>
      <trkpt lat="37.470904178917407989501953125" lon="126.95841944776475429534912109375">
        <ele>61.200000762939453125</ele>
        <time>2026-04-10T14:47:39.000Z</time>
        <extensions>
          <ns3:TrackPointExtension>
            <ns3:hr>152</ns3:hr>
            <ns3:cad>83</ns3:cad>
          </ns3:TrackPointExtension>
        </extensions>
      </trkpt>
      <trkpt lat="37.4709325097501277923583984375" lon="126.95842212997376918792724609375">
        <ele>61.200000762939453125</ele>
        <time>2026-04-10T14:47:40.000Z</time>
        <extensions>
          <ns3:TrackPointExtension>
            <ns3:hr>152</ns3:hr>
            <ns3:cad>84</ns3:cad>
          </ns3:TrackPointExtension>
        </extensions>
      </trkpt>
      <trkpt lat="37.47096058912575244903564453125" lon="126.95843537338078022003173828125">
        <ele>61.200000762939453125</ele>
        <time>2026-04-10T14:47:41.000Z</time>
        <extensions>
          <ns3:TrackPointExtension>
            <ns3:hr>151</ns3:hr>
            <ns3:cad>84</ns3:cad>
          </ns3:TrackPointExtension>
        </extensions>
      </trkpt>
      <trkpt lat="37.47099428437650203704833984375" lon="126.95845699869096279144287109375">
        <ele>61.200000762939453125</ele>
        <time>2026-04-10T14:47:42.000Z</time>
        <extensions>
          <ns3:TrackPointExtension>
            <ns3:hr>151</ns3:hr>
            <ns3:cad>84</ns3:cad>
          </ns3:TrackPointExtension>
        </extensions>
      </trkpt>
      <trkpt lat="37.4710272252559661865234375" lon="126.9584679789841175079345703125">
        <ele>61.200000762939453125</ele>
        <time>2026-04-10T14:47:43.000Z</time>
        <extensions>
          <ns3:TrackPointExtension>
            <ns3:hr>151</ns3:hr>
            <ns3:cad>84</ns3:cad>
          </ns3:TrackPointExtension>
        </extensions>
      </trkpt>
      <trkpt lat="37.4710568971931934356689453125" lon="126.9584770314395427703857421875">
        <ele>61</ele>
        <time>2026-04-10T14:47:44.000Z</time>
        <extensions>
          <ns3:TrackPointExtension>
            <ns3:hr>152</ns3:hr>
            <ns3:cad>84</ns3:cad>
          </ns3:TrackPointExtension>
        </extensions>
      </trkpt>
      <trkpt lat="37.47108958661556243896484375" lon="126.95847359485924243927001953125">
        <ele>61</ele>
        <time>2026-04-10T14:47:45.000Z</time>
        <extensions>
          <ns3:TrackPointExtension>
            <ns3:hr>151</ns3:hr>
            <ns3:cad>83</ns3:cad>
          </ns3:TrackPointExtension>
        </extensions>
      </trkpt>
      <trkpt lat="37.471112720668315887451171875" lon="126.958452723920345306396484375">
        <ele>61</ele>
        <time>2026-04-10T14:47:46.000Z</time>
        <extensions>
          <ns3:TrackPointExtension>
            <ns3:hr>151</ns3:hr>
            <ns3:cad>83</ns3:cad>
          </ns3:TrackPointExtension>
        </extensions>
      </trkpt>
      <trkpt lat="37.4711383692920207977294921875" lon="126.958419866859912872314453125">
        <ele>61</ele>
        <time>2026-04-10T14:47:47.000Z</time>
        <extensions>
          <ns3:TrackPointExtension>
            <ns3:hr>152</ns3:hr>
            <ns3:cad>83</ns3:cad>
          </ns3:TrackPointExtension>
        </extensions>
      </trkpt>
      <trkpt lat="37.47114700265228748321533203125" lon="126.9583901949226856231689453125">
        <ele>61</ele>
        <time>2026-04-10T14:47:48.000Z</time>
        <extensions>
          <ns3:TrackPointExtension>
            <ns3:hr>151</ns3:hr>
            <ns3:cad>83</ns3:cad>
          </ns3:TrackPointExtension>
        </extensions>
      </trkpt>
      <trkpt lat="37.47114800848066806793212890625" lon="126.9583435915410518646240234375">
        <ele>60.799999237060546875</ele>
        <time>2026-04-10T14:47:49.000Z</time>
        <extensions>
          <ns3:TrackPointExtension>
            <ns3:hr>151</ns3:hr>
            <ns3:cad>83</ns3:cad>
          </ns3:TrackPointExtension>
        </extensions>
      </trkpt>
      <trkpt lat="37.4711532890796661376953125" lon="126.958300173282623291015625">
        <ele>60.799999237060546875</ele>
        <time>2026-04-10T14:47:50.000Z</time>
        <extensions>
          <ns3:TrackPointExtension>
            <ns3:hr>151</ns3:hr>
            <ns3:cad>84</ns3:cad>
          </ns3:TrackPointExtension>
        </extensions>
      </trkpt>
      <trkpt lat="37.4711712263524532318115234375" lon="126.9582768715918064117431640625">
        <ele>60.59999847412109375</ele>
        <time>2026-04-10T14:47:51.000Z</time>
        <extensions>
          <ns3:TrackPointExtension>
            <ns3:hr>151</ns3:hr>
            <ns3:cad>84</ns3:cad>
          </ns3:TrackPointExtension>
        </extensions>
      </trkpt>
      <trkpt lat="37.47120081447064876556396484375" lon="126.95827242918312549591064453125">
        <ele>60.59999847412109375</ele>
        <time>2026-04-10T14:47:52.000Z</time>
        <extensions>
          <ns3:TrackPointExtension>
            <ns3:hr>150</ns3:hr>
            <ns3:cad>84</ns3:cad>
          </ns3:TrackPointExtension>
        </extensions>
      </trkpt>
      <trkpt lat="37.47122294269502162933349609375" lon="126.95827108807861804962158203125">
        <ele>60.59999847412109375</ele>
        <time>2026-04-10T14:47:53.000Z</time>
        <extensions>
          <ns3:TrackPointExtension>
            <ns3:hr>150</ns3:hr>
            <ns3:cad>84</ns3:cad>
          </ns3:TrackPointExtension>
        </extensions>
      </trkpt>
      <trkpt lat="37.471256218850612640380859375" lon="126.95827276445925235748291015625">
        <ele>60.59999847412109375</ele>
        <time>2026-04-10T14:47:54.000Z</time>
        <extensions>
          <ns3:TrackPointExtension>
            <ns3:hr>149</ns3:hr>
            <ns3:cad>84</ns3:cad>
          </ns3:TrackPointExtension>
        </extensions>
      </trkpt>
      <trkpt lat="37.47128614224493503570556640625" lon="126.9582762010395526885986328125">
        <ele>60.59999847412109375</ele>
        <time>2026-04-10T14:47:55.000Z</time>
        <extensions>
          <ns3:TrackPointExtension>
            <ns3:hr>149</ns3:hr>
            <ns3:cad>84</ns3:cad>
          </ns3:TrackPointExtension>
        </extensions>
      </trkpt>
      <trkpt lat="37.47131028212606906890869140625" lon="126.9582746922969818115234375">
        <ele>60.799999237060546875</ele>
        <time>2026-04-10T14:47:56.000Z</time>
        <extensions>
          <ns3:TrackPointExtension>
            <ns3:hr>149</ns3:hr>
            <ns3:cad>83</ns3:cad>
          </ns3:TrackPointExtension>
        </extensions>
      </trkpt>
      <trkpt lat="37.47135001234710216522216796875" lon="126.9582798890769481658935546875">
        <ele>60.799999237060546875</ele>
        <time>2026-04-10T14:47:57.000Z</time>
        <extensions>
          <ns3:TrackPointExtension>
            <ns3:hr>149</ns3:hr>
            <ns3:cad>83</ns3:cad>
          </ns3:TrackPointExtension>
        </extensions>
      </trkpt>
      <trkpt lat="37.4713777564465999603271484375" lon="126.95827930234372615814208984375">
        <ele>60.799999237060546875</ele>
        <time>2026-04-10T14:47:58.000Z</time>
        <extensions>
          <ns3:TrackPointExtension>
            <ns3:hr>149</ns3:hr>
            <ns3:cad>83</ns3:cad>
          </ns3:TrackPointExtension>
        </extensions>
      </trkpt>
      <trkpt lat="37.4714089371263980865478515625" lon="126.95827536284923553466796875">
        <ele>60.799999237060546875</ele>
        <time>2026-04-10T14:47:59.000Z</time>
        <extensions>
          <ns3:TrackPointExtension>
            <ns3:hr>148</ns3:hr>
            <ns3:cad>83</ns3:cad>
          </ns3:TrackPointExtension>
        </extensions>
      </trkpt>
      <trkpt lat="37.47144632041454315185546875" lon="126.9582842476665973663330078125">
        <ele>60.799999237060546875</ele>
        <time>2026-04-10T14:48:00.000Z</time>
        <extensions>
          <ns3:TrackPointExtension>
            <ns3:hr>148</ns3:hr>
            <ns3:cad>83</ns3:cad>
          </ns3:TrackPointExtension>
        </extensions>
      </trkpt>
      <trkpt lat="37.4714726395905017852783203125" lon="126.95828215219080448150634765625">
        <ele>60.799999237060546875</ele>
        <time>2026-04-10T14:48:01.000Z</time>
        <extensions>
          <ns3:TrackPointExtension>
            <ns3:hr>148</ns3:hr>
            <ns3:cad>83</ns3:cad>
          </ns3:TrackPointExtension>
        </extensions>
      </trkpt>
      <trkpt lat="37.47150692157447338104248046875" lon="126.9582869298756122589111328125">
        <ele>60.799999237060546875</ele>
        <time>2026-04-10T14:48:02.000Z</time>
        <extensions>
          <ns3:TrackPointExtension>
            <ns3:hr>149</ns3:hr>
            <ns3:cad>83</ns3:cad>
          </ns3:TrackPointExtension>
        </extensions>
      </trkpt>
      <trkpt lat="37.4715341627597808837890625" lon="126.95828952826559543609619140625">
        <ele>60.799999237060546875</ele>
        <time>2026-04-10T14:48:03.000Z</time>
        <extensions>
          <ns3:TrackPointExtension>
            <ns3:hr>148</ns3:hr>
            <ns3:cad>83</ns3:cad>
          </ns3:TrackPointExtension>
        </extensions>
      </trkpt>
      <trkpt lat="37.47156525962054729461669921875" lon="126.95829405449330806732177734375">
        <ele>60.59999847412109375</ele>
        <time>2026-04-10T14:48:04.000Z</time>
        <extensions>
          <ns3:TrackPointExtension>
            <ns3:hr>148</ns3:hr>
            <ns3:cad>83</ns3:cad>
          </ns3:TrackPointExtension>
        </extensions>
      </trkpt>
      <trkpt lat="37.47159543447196483612060546875" lon="126.95830411277711391448974609375">
        <ele>60.59999847412109375</ele>
        <time>2026-04-10T14:48:05.000Z</time>
        <extensions>
          <ns3:TrackPointExtension>
            <ns3:hr>149</ns3:hr>
            <ns3:cad>83</ns3:cad>
          </ns3:TrackPointExtension>
        </extensions>
      </trkpt>
      <trkpt lat="37.471620328724384307861328125" lon="126.95830562151968479156494140625">
        <ele>60.59999847412109375</ele>
        <time>2026-04-10T14:48:06.000Z</time>
        <extensions>
          <ns3:TrackPointExtension>
            <ns3:hr>148</ns3:hr>
            <ns3:cad>83</ns3:cad>
          </ns3:TrackPointExtension>
        </extensions>
      </trkpt>
      <trkpt lat="37.4716508388519287109375" lon="126.9583110697567462921142578125">
        <ele>60.59999847412109375</ele>
        <time>2026-04-10T14:48:07.000Z</time>
        <extensions>
          <ns3:TrackPointExtension>
            <ns3:hr>148</ns3:hr>
            <ns3:cad>83</ns3:cad>
          </ns3:TrackPointExtension>
        </extensions>
      </trkpt>
      <trkpt lat="37.47168528847396373748779296875" lon="126.95832188241183757781982421875">
        <ele>60.59999847412109375</ele>
        <time>2026-04-10T14:48:08.000Z</time>
        <extensions>
          <ns3:TrackPointExtension>
            <ns3:hr>149</ns3:hr>
            <ns3:cad>83</ns3:cad>
          </ns3:TrackPointExtension>
        </extensions>
      </trkpt>
      <trkpt lat="37.47171144001185894012451171875" lon="126.95832875557243824005126953125">
        <ele>60.40000152587890625</ele>
        <time>2026-04-10T14:48:09.000Z</time>
        <extensions>
          <ns3:TrackPointExtension>
            <ns3:hr>149</ns3:hr>
            <ns3:cad>83</ns3:cad>
          </ns3:TrackPointExtension>
        </extensions>
      </trkpt>
      <trkpt lat="37.47174463234841823577880859375" lon="126.95834283716976642608642578125">
        <ele>60.200000762939453125</ele>
        <time>2026-04-10T14:48:10.000Z</time>
        <extensions>
          <ns3:TrackPointExtension>
            <ns3:hr>148</ns3:hr>
            <ns3:cad>83</ns3:cad>
          </ns3:TrackPointExtension>
        </extensions>
      </trkpt>
      <trkpt lat="37.4717701971530914306640625" lon="126.95835457183420658111572265625">
        <ele>60</ele>
        <time>2026-04-10T14:48:11.000Z</time>
        <extensions>
          <ns3:TrackPointExtension>
            <ns3:hr>148</ns3:hr>
            <ns3:cad>83</ns3:cad>
          </ns3:TrackPointExtension>
        </extensions>
      </trkpt>
      <trkpt lat="37.47180766426026821136474609375" lon="126.95836898870766162872314453125">
        <ele>60</ele>
        <time>2026-04-10T14:48:12.000Z</time>
        <extensions>
          <ns3:TrackPointExtension>
            <ns3:hr>148</ns3:hr>
            <ns3:cad>83</ns3:cad>
          </ns3:TrackPointExtension>
        </extensions>
      </trkpt>
      <trkpt lat="37.47184303589165210723876953125" lon="126.95838508196175098419189453125">
        <ele>59.799999237060546875</ele>
        <time>2026-04-10T14:48:13.000Z</time>
        <extensions>
          <ns3:TrackPointExtension>
            <ns3:hr>148</ns3:hr>
            <ns3:cad>83</ns3:cad>
          </ns3:TrackPointExtension>
        </extensions>
      </trkpt>
      <trkpt lat="37.47187019325792789459228515625" lon="126.95838927291333675384521484375">
        <ele>59.799999237060546875</ele>
        <time>2026-04-10T14:48:14.000Z</time>
        <extensions>
          <ns3:TrackPointExtension>
            <ns3:hr>149</ns3:hr>
            <ns3:cad>83</ns3:cad>
          </ns3:TrackPointExtension>
        </extensions>
      </trkpt>
      <trkpt lat="37.47190774418413639068603515625" lon="126.958399750292301177978515625">
        <ele>59.799999237060546875</ele>
        <time>2026-04-10T14:48:15.000Z</time>
        <extensions>
          <ns3:TrackPointExtension>
            <ns3:hr>148</ns3:hr>
            <ns3:cad>83</ns3:cad>
          </ns3:TrackPointExtension>
        </extensions>
      </trkpt>
      <trkpt lat="37.47193708084523677825927734375" lon="126.95840410888195037841796875">
        <ele>59.799999237060546875</ele>
        <time>2026-04-10T14:48:16.000Z</time>
        <extensions>
          <ns3:TrackPointExtension>
            <ns3:hr>148</ns3:hr>
            <ns3:cad>83</ns3:cad>
          </ns3:TrackPointExtension>
        </extensions>
      </trkpt>
      <trkpt lat="37.47197027318179607391357421875" lon="126.95840922184288501739501953125">
        <ele>59.59999847412109375</ele>
        <time>2026-04-10T14:48:17.000Z</time>
        <extensions>
          <ns3:TrackPointExtension>
            <ns3:hr>148</ns3:hr>
            <ns3:cad>83</ns3:cad>
          </ns3:TrackPointExtension>
        </extensions>
      </trkpt>
      <trkpt lat="37.47200581245124340057373046875" lon="126.95841877721250057220458984375">
        <ele>59.59999847412109375</ele>
        <time>2026-04-10T14:48:18.000Z</time>
        <extensions>
          <ns3:TrackPointExtension>
            <ns3:hr>149</ns3:hr>
            <ns3:cad>83</ns3:cad>
          </ns3:TrackPointExtension>
        </extensions>
      </trkpt>
      <trkpt lat="37.4720265157520771026611328125" lon="126.95842632092535495758056640625">
        <ele>59.59999847412109375</ele>
        <time>2026-04-10T14:48:19.000Z</time>
        <extensions>
          <ns3:TrackPointExtension>
            <ns3:hr>148</ns3:hr>
            <ns3:cad>83</ns3:cad>
          </ns3:TrackPointExtension>
        </extensions>
      </trkpt>
      <trkpt lat="37.47206054627895355224609375" lon="126.9584398157894611358642578125">
        <ele>59.59999847412109375</ele>
        <time>2026-04-10T14:48:20.000Z</time>
        <extensions>
          <ns3:TrackPointExtension>
            <ns3:hr>148</ns3:hr>
            <ns3:cad>83</ns3:cad>
          </ns3:TrackPointExtension>
        </extensions>
      </trkpt>
      <trkpt lat="37.4720872007310390472412109375" lon="126.95845079608261585235595703125">
        <ele>59.799999237060546875</ele>
        <time>2026-04-10T14:48:21.000Z</time>
        <extensions>
          <ns3:TrackPointExtension>
            <ns3:hr>148</ns3:hr>
            <ns3:cad>83</ns3:cad>
          </ns3:TrackPointExtension>
        </extensions>
      </trkpt>
      <trkpt lat="37.47211343608796596527099609375" lon="126.9584589265286922454833984375">
        <ele>59.799999237060546875</ele>
        <time>2026-04-10T14:48:22.000Z</time>
        <extensions>
          <ns3:TrackPointExtension>
            <ns3:hr>149</ns3:hr>
            <ns3:cad>83</ns3:cad>
          </ns3:TrackPointExtension>
        </extensions>
      </trkpt>
      <trkpt lat="37.472144700586795806884765625" lon="126.958472169935703277587890625">
        <ele>59.799999237060546875</ele>
        <time>2026-04-10T14:48:23.000Z</time>
        <extensions>
          <ns3:TrackPointExtension>
            <ns3:hr>148</ns3:hr>
            <ns3:cad>83</ns3:cad>
          </ns3:TrackPointExtension>
        </extensions>
      </trkpt>
      <trkpt lat="37.47216708026826381683349609375" lon="126.95847879163920879364013671875">
        <ele>59.59999847412109375</ele>
        <time>2026-04-10T14:48:24.000Z</time>
        <extensions>
          <ns3:TrackPointExtension>
            <ns3:hr>148</ns3:hr>
            <ns3:cad>83</ns3:cad>
          </ns3:TrackPointExtension>
        </extensions>
      </trkpt>
      <trkpt lat="37.47220270335674285888671875" lon="126.9584894366562366485595703125">
        <ele>59.59999847412109375</ele>
        <time>2026-04-10T14:48:25.000Z</time>
        <extensions>
          <ns3:TrackPointExtension>
            <ns3:hr>149</ns3:hr>
            <ns3:cad>83</ns3:cad>
          </ns3:TrackPointExtension>
        </extensions>
      </trkpt>
      <trkpt lat="37.4722310341894626617431640625" lon="126.95850108750164508819580078125">
        <ele>59.40000152587890625</ele>
        <time>2026-04-10T14:48:26.000Z</time>
        <extensions>
          <ns3:TrackPointExtension>
            <ns3:hr>149</ns3:hr>
            <ns3:cad>83</ns3:cad>
          </ns3:TrackPointExtension>
        </extensions>
      </trkpt>
      <trkpt lat="37.4722551740705966949462890625" lon="126.95850578136742115020751953125">
        <ele>59.40000152587890625</ele>
        <time>2026-04-10T14:48:27.000Z</time>
        <extensions>
          <ns3:TrackPointExtension>
            <ns3:hr>149</ns3:hr>
            <ns3:cad>83</ns3:cad>
          </ns3:TrackPointExtension>
        </extensions>
      </trkpt>
      <trkpt lat="37.472290880978107452392578125" lon="126.95851785130798816680908203125">
        <ele>59.40000152587890625</ele>
        <time>2026-04-10T14:48:28.000Z</time>
        <extensions>
          <ns3:TrackPointExtension>
            <ns3:hr>149</ns3:hr>
            <ns3:cad>83</ns3:cad>
          </ns3:TrackPointExtension>
        </extensions>
      </trkpt>
      <trkpt lat="37.4723135121166706085205078125" lon="126.95852790959179401397705078125">
        <ele>59.40000152587890625</ele>
        <time>2026-04-10T14:48:29.000Z</time>
        <extensions>
          <ns3:TrackPointExtension>
            <ns3:hr>149</ns3:hr>
            <ns3:cad>83</ns3:cad>
          </ns3:TrackPointExtension>
        </extensions>
      </trkpt>
      <trkpt lat="37.47234486043453216552734375" lon="126.9585375487804412841796875">
        <ele>59.59999847412109375</ele>
        <time>2026-04-10T14:48:30.000Z</time>
        <extensions>
          <ns3:TrackPointExtension>
            <ns3:hr>149</ns3:hr>
            <ns3:cad>83</ns3:cad>
          </ns3:TrackPointExtension>
        </extensions>
      </trkpt>
      <trkpt lat="37.47237495146691799163818359375" lon="126.958552636206150054931640625">
        <ele>59.40000152587890625</ele>
        <time>2026-04-10T14:48:31.000Z</time>
        <extensions>
          <ns3:TrackPointExtension>
            <ns3:hr>150</ns3:hr>
            <ns3:cad>83</ns3:cad>
          </ns3:TrackPointExtension>
        </extensions>
      </trkpt>
      <trkpt lat="37.472400851547718048095703125" lon="126.95855833590030670166015625">
        <ele>59.40000152587890625</ele>
        <time>2026-04-10T14:48:32.000Z</time>
        <extensions>
          <ns3:TrackPointExtension>
            <ns3:hr>150</ns3:hr>
            <ns3:cad>83</ns3:cad>
          </ns3:TrackPointExtension>
        </extensions>
      </trkpt>
      <trkpt lat="37.47243748046457767486572265625" lon="126.9585750997066497802734375">
        <ele>59.40000152587890625</ele>
        <time>2026-04-10T14:48:33.000Z</time>
        <extensions>
          <ns3:TrackPointExtension>
            <ns3:hr>150</ns3:hr>
            <ns3:cad>83</ns3:cad>
          </ns3:TrackPointExtension>
        </extensions>
      </trkpt>
      <trkpt lat="37.47245994396507740020751953125" lon="126.95857585407793521881103515625">
        <ele>59.40000152587890625</ele>
        <time>2026-04-10T14:48:34.000Z</time>
        <extensions>
          <ns3:TrackPointExtension>
            <ns3:hr>150</ns3:hr>
            <ns3:cad>83</ns3:cad>
          </ns3:TrackPointExtension>
        </extensions>
      </trkpt>
      <trkpt lat="37.4724922142922878265380859375" lon="126.958582811057567596435546875">
        <ele>59.40000152587890625</ele>
        <time>2026-04-10T14:48:35.000Z</time>
        <extensions>
          <ns3:TrackPointExtension>
            <ns3:hr>150</ns3:hr>
            <ns3:cad>83</ns3:cad>
          </ns3:TrackPointExtension>
        </extensions>
      </trkpt>
      <trkpt lat="37.472523562610149383544921875" lon="126.95859697647392749786376953125">
        <ele>59.40000152587890625</ele>
        <time>2026-04-10T14:48:36.000Z</time>
        <extensions>
          <ns3:TrackPointExtension>
            <ns3:hr>150</ns3:hr>
            <ns3:cad>83</ns3:cad>
          </ns3:TrackPointExtension>
        </extensions>
      </trkpt>
      <trkpt lat="37.47254845686256885528564453125" lon="126.95860183797776699066162109375">
        <ele>59.59999847412109375</ele>
        <time>2026-04-10T14:48:37.000Z</time>
        <extensions>
          <ns3:TrackPointExtension>
            <ns3:hr>150</ns3:hr>
            <ns3:cad>83</ns3:cad>
          </ns3:TrackPointExtension>
        </extensions>
      </trkpt>
      <trkpt lat="37.472585923969745635986328125" lon="126.95862145163118839263916015625">
        <ele>59.40000152587890625</ele>
        <time>2026-04-10T14:48:38.000Z</time>
        <extensions>
          <ns3:TrackPointExtension>
            <ns3:hr>150</ns3:hr>
            <ns3:cad>83</ns3:cad>
          </ns3:TrackPointExtension>
        </extensions>
      </trkpt>
      <trkpt lat="37.47260964475572109222412109375" lon="126.95862681604921817779541015625">
        <ele>59.59999847412109375</ele>
        <time>2026-04-10T14:48:39.000Z</time>
        <extensions>
          <ns3:TrackPointExtension>
            <ns3:hr>150</ns3:hr>
            <ns3:cad>83</ns3:cad>
          </ns3:TrackPointExtension>
        </extensions>
      </trkpt>
      <trkpt lat="37.47264166362583637237548828125" lon="126.9586352817714214324951171875">
        <ele>59.40000152587890625</ele>
        <time>2026-04-10T14:48:40.000Z</time>
        <extensions>
          <ns3:TrackPointExtension>
            <ns3:hr>151</ns3:hr>
            <ns3:cad>83</ns3:cad>
          </ns3:TrackPointExtension>
        </extensions>
      </trkpt>
      <trkpt lat="37.47267385013401508331298828125" lon="126.95865514688193798065185546875">
        <ele>59.40000152587890625</ele>
        <time>2026-04-10T14:48:41.000Z</time>
        <extensions>
          <ns3:TrackPointExtension>
            <ns3:hr>150</ns3:hr>
            <ns3:cad>83</ns3:cad>
          </ns3:TrackPointExtension>
        </extensions>
      </trkpt>
      <trkpt lat="37.47269866056740283966064453125" lon="126.95866537280380725860595703125">
        <ele>59.40000152587890625</ele>
        <time>2026-04-10T14:48:42.000Z</time>
        <extensions>
          <ns3:TrackPointExtension>
            <ns3:hr>150</ns3:hr>
            <ns3:cad>83</ns3:cad>
          </ns3:TrackPointExtension>
        </extensions>
      </trkpt>
      <trkpt lat="37.47272531501948833465576171875" lon="126.958686076104640960693359375">
        <ele>59.200000762939453125</ele>
        <time>2026-04-10T14:48:43.000Z</time>
        <extensions>
          <ns3:TrackPointExtension>
            <ns3:hr>151</ns3:hr>
            <ns3:cad>83</ns3:cad>
          </ns3:TrackPointExtension>
        </extensions>
      </trkpt>
      <trkpt lat="37.472747527062892913818359375" lon="126.958688087761402130126953125">
        <ele>59</ele>
        <time>2026-04-10T14:48:44.000Z</time>
        <extensions>
          <ns3:TrackPointExtension>
            <ns3:hr>150</ns3:hr>
            <ns3:cad>83</ns3:cad>
          </ns3:TrackPointExtension>
        </extensions>
      </trkpt>
      <trkpt lat="37.4727825634181499481201171875" lon="126.95869538001716136932373046875">
        <ele>59</ele>
        <time>2026-04-10T14:48:45.000Z</time>
        <extensions>
          <ns3:TrackPointExtension>
            <ns3:hr>150</ns3:hr>
            <ns3:cad>83</ns3:cad>
          </ns3:TrackPointExtension>
        </extensions>
      </trkpt>
      <trkpt lat="37.47281558811664581298828125" lon="126.95871164090931415557861328125">
        <ele>59</ele>
        <time>2026-04-10T14:48:46.000Z</time>
        <extensions>
          <ns3:TrackPointExtension>
            <ns3:hr>151</ns3:hr>
            <ns3:cad>83</ns3:cad>
          </ns3:TrackPointExtension>
        </extensions>
      </trkpt>
      <trkpt lat="37.472839057445526123046875" lon="126.958718597888946533203125">
        <ele>59.200000762939453125</ele>
        <time>2026-04-10T14:48:47.000Z</time>
        <extensions>
          <ns3:TrackPointExtension>
            <ns3:hr>150</ns3:hr>
            <ns3:cad>83</ns3:cad>
          </ns3:TrackPointExtension>
        </extensions>
      </trkpt>
      <trkpt lat="37.47287870384752750396728515625" lon="126.9587321765720844268798828125">
        <ele>59.200000762939453125</ele>
        <time>2026-04-10T14:48:48.000Z</time>
        <extensions>
          <ns3:TrackPointExtension>
            <ns3:hr>150</ns3:hr>
            <ns3:cad>83</ns3:cad>
          </ns3:TrackPointExtension>
        </extensions>
      </trkpt>
      <trkpt lat="37.47290686704218387603759765625" lon="126.95873796008527278900146484375">
        <ele>59.200000762939453125</ele>
        <time>2026-04-10T14:48:49.000Z</time>
        <extensions>
          <ns3:TrackPointExtension>
            <ns3:hr>150</ns3:hr>
            <ns3:cad>84</ns3:cad>
          </ns3:TrackPointExtension>
        </extensions>
      </trkpt>
      <trkpt lat="37.4729381315410137176513671875" lon="126.9587442465126514434814453125">
        <ele>59.200000762939453125</ele>
        <time>2026-04-10T14:48:50.000Z</time>
        <extensions>
          <ns3:TrackPointExtension>
            <ns3:hr>150</ns3:hr>
            <ns3:cad>84</ns3:cad>
          </ns3:TrackPointExtension>
        </extensions>
      </trkpt>
      <trkpt lat="37.472972832620143890380859375" lon="126.9587670452892780303955078125">
        <ele>59.200000762939453125</ele>
        <time>2026-04-10T14:48:51.000Z</time>
        <extensions>
          <ns3:TrackPointExtension>
            <ns3:hr>150</ns3:hr>
            <ns3:cad>84</ns3:cad>
          </ns3:TrackPointExtension>
        </extensions>
      </trkpt>
      <trkpt lat="37.47299655340611934661865234375" lon="126.95877249352633953094482421875">
        <ele>59.200000762939453125</ele>
        <time>2026-04-10T14:48:52.000Z</time>
        <extensions>
          <ns3:TrackPointExtension>
            <ns3:hr>150</ns3:hr>
            <ns3:cad>84</ns3:cad>
          </ns3:TrackPointExtension>
        </extensions>
      </trkpt>
      <trkpt lat="37.47303527779877185821533203125" lon="126.95878523401916027069091796875">
        <ele>59.200000762939453125</ele>
        <time>2026-04-10T14:48:53.000Z</time>
        <extensions>
          <ns3:TrackPointExtension>
            <ns3:hr>150</ns3:hr>
            <ns3:cad>84</ns3:cad>
          </ns3:TrackPointExtension>
        </extensions>
      </trkpt>
      <trkpt lat="37.47306394390761852264404296875" lon="126.9587901793420314788818359375">
        <ele>59.200000762939453125</ele>
        <time>2026-04-10T14:48:54.000Z</time>
        <extensions>
          <ns3:TrackPointExtension>
            <ns3:hr>149</ns3:hr>
            <ns3:cad>83</ns3:cad>
          </ns3:TrackPointExtension>
        </extensions>
      </trkpt>
      <trkpt lat="37.473092190921306610107421875" lon="126.9587962143123149871826171875">
        <ele>59.200000762939453125</ele>
        <time>2026-04-10T14:48:55.000Z</time>
        <extensions>
          <ns3:TrackPointExtension>
            <ns3:hr>150</ns3:hr>
            <ns3:cad>83</ns3:cad>
          </ns3:TrackPointExtension>
        </extensions>
      </trkpt>
      <trkpt lat="37.4731268920004367828369140625" lon="126.9588176719844341278076171875">
        <ele>59.200000762939453125</ele>
        <time>2026-04-10T14:48:56.000Z</time>
        <extensions>
          <ns3:TrackPointExtension>
            <ns3:hr>150</ns3:hr>
            <ns3:cad>83</ns3:cad>
          </ns3:TrackPointExtension>
        </extensions>
      </trkpt>
      <trkpt lat="37.47314684092998504638671875" lon="126.9588280655443668365478515625">
        <ele>59</ele>
        <time>2026-04-10T14:48:57.000Z</time>
        <extensions>
          <ns3:TrackPointExtension>
            <ns3:hr>150</ns3:hr>
            <ns3:cad>83</ns3:cad>
          </ns3:TrackPointExtension>
        </extensions>
      </trkpt>
      <trkpt lat="37.473174668848514556884765625" lon="126.95884558372199535369873046875">
        <ele>58.799999237060546875</ele>
        <time>2026-04-10T14:48:58.000Z</time>
        <extensions>
          <ns3:TrackPointExtension>
            <ns3:hr>149</ns3:hr>
            <ns3:cad>83</ns3:cad>
          </ns3:TrackPointExtension>
        </extensions>
      </trkpt>
      <trkpt lat="37.47319906018674373626708984375" lon="126.95885145105421543121337890625">
        <ele>58.799999237060546875</ele>
        <time>2026-04-10T14:48:59.000Z</time>
        <extensions>
          <ns3:TrackPointExtension>
            <ns3:hr>149</ns3:hr>
            <ns3:cad>83</ns3:cad>
          </ns3:TrackPointExtension>
        </extensions>
      </trkpt>
      <trkpt lat="37.473224960267543792724609375" lon="126.95886335335671901702880859375">
        <ele>58.799999237060546875</ele>
        <time>2026-04-10T14:49:00.000Z</time>
        <extensions>
          <ns3:TrackPointExtension>
            <ns3:hr>149</ns3:hr>
            <ns3:cad>83</ns3:cad>
          </ns3:TrackPointExtension>
        </extensions>
      </trkpt>
      <trkpt lat="37.4732583202421665191650390625" lon="126.95888162590563297271728515625">
        <ele>58.59999847412109375</ele>
        <time>2026-04-10T14:49:01.000Z</time>
        <extensions>
          <ns3:TrackPointExtension>
            <ns3:hr>149</ns3:hr>
            <ns3:cad>83</ns3:cad>
          </ns3:TrackPointExtension>
        </extensions>
      </trkpt>
      <trkpt lat="37.4732814542949199676513671875" lon="126.95888414047658443450927734375">
        <ele>58.799999237060546875</ele>
        <time>2026-04-10T14:49:02.000Z</time>
        <extensions>
          <ns3:TrackPointExtension>
            <ns3:hr>149</ns3:hr>
            <ns3:cad>84</ns3:cad>
          </ns3:TrackPointExtension>
        </extensions>
      </trkpt>
      <trkpt lat="37.47331422753632068634033203125" lon="126.95889118127524852752685546875">
        <ele>59</ele>
        <time>2026-04-10T14:49:03.000Z</time>
        <extensions>
          <ns3:TrackPointExtension>
            <ns3:hr>149</ns3:hr>
            <ns3:cad>83</ns3:cad>
          </ns3:TrackPointExtension>
        </extensions>
      </trkpt>
      <trkpt lat="37.47334741987287998199462890625" lon="126.9588957913219928741455078125">
        <ele>59.200000762939453125</ele>
        <time>2026-04-10T14:49:04.000Z</time>
        <extensions>
          <ns3:TrackPointExtension>
            <ns3:hr>149</ns3:hr>
            <ns3:cad>83</ns3:cad>
          </ns3:TrackPointExtension>
        </extensions>
      </trkpt>
      <trkpt lat="37.473372481763362884521484375" lon="126.9588984735310077667236328125">
        <ele>59.200000762939453125</ele>
        <time>2026-04-10T14:49:05.000Z</time>
        <extensions>
          <ns3:TrackPointExtension>
            <ns3:hr>149</ns3:hr>
            <ns3:cad>83</ns3:cad>
          </ns3:TrackPointExtension>
        </extensions>
      </trkpt>
      <trkpt lat="37.47340743429958820343017578125" lon="126.95890895090997219085693359375">
        <ele>59.200000762939453125</ele>
        <time>2026-04-10T14:49:06.000Z</time>
        <extensions>
          <ns3:TrackPointExtension>
            <ns3:hr>148</ns3:hr>
            <ns3:cad>84</ns3:cad>
          </ns3:TrackPointExtension>
        </extensions>
      </trkpt>
      <trkpt lat="37.4734331667423248291015625" lon="126.9589118845760822296142578125">
        <ele>59</ele>
        <time>2026-04-10T14:49:07.000Z</time>
        <extensions>
          <ns3:TrackPointExtension>
            <ns3:hr>148</ns3:hr>
            <ns3:cad>84</ns3:cad>
          </ns3:TrackPointExtension>
        </extensions>
      </trkpt>
      <trkpt lat="37.47346946038305759429931640625" lon="126.95892001502215862274169921875">
        <ele>59</ele>
        <time>2026-04-10T14:49:08.000Z</time>
        <extensions>
          <ns3:TrackPointExtension>
            <ns3:hr>148</ns3:hr>
            <ns3:cad>84</ns3:cad>
          </ns3:TrackPointExtension>
        </extensions>
      </trkpt>
      <trkpt lat="37.4735047481954097747802734375" lon="126.958929486572742462158203125">
        <ele>58.799999237060546875</ele>
        <time>2026-04-10T14:49:09.000Z</time>
        <extensions>
          <ns3:TrackPointExtension>
            <ns3:hr>149</ns3:hr>
            <ns3:cad>84</ns3:cad>
          </ns3:TrackPointExtension>
        </extensions>
      </trkpt>
      <trkpt lat="37.473532743752002716064453125" lon="126.9589371979236602783203125">
        <ele>58.59999847412109375</ele>
        <time>2026-04-10T14:49:10.000Z</time>
        <extensions>
          <ns3:TrackPointExtension>
            <ns3:hr>148</ns3:hr>
            <ns3:cad>84</ns3:cad>
          </ns3:TrackPointExtension>
        </extensions>
      </trkpt>
      <trkpt lat="37.47356928884983062744140625" lon="126.9589447416365146636962890625">
        <ele>58.59999847412109375</ele>
        <time>2026-04-10T14:49:11.000Z</time>
        <extensions>
          <ns3:TrackPointExtension>
            <ns3:hr>148</ns3:hr>
            <ns3:cad>84</ns3:cad>
          </ns3:TrackPointExtension>
        </extensions>
      </trkpt>
      <trkpt lat="37.47359468601644039154052734375" lon="126.95894566364586353302001953125">
        <ele>58.59999847412109375</ele>
        <time>2026-04-10T14:49:12.000Z</time>
        <extensions>
          <ns3:TrackPointExtension>
            <ns3:hr>148</ns3:hr>
            <ns3:cad>84</ns3:cad>
          </ns3:TrackPointExtension>
        </extensions>
      </trkpt>
      <trkpt lat="37.47362502850592136383056640625" lon="126.9589470885694026947021484375">
        <ele>58.59999847412109375</ele>
        <time>2026-04-10T14:49:13.000Z</time>
        <extensions>
          <ns3:TrackPointExtension>
            <ns3:hr>148</ns3:hr>
            <ns3:cad>84</ns3:cad>
          </ns3:TrackPointExtension>
        </extensions>
      </trkpt>
      <trkpt lat="37.4736569635570049285888671875" lon="126.9589571468532085418701171875">
        <ele>58.59999847412109375</ele>
        <time>2026-04-10T14:49:14.000Z</time>
        <extensions>
          <ns3:TrackPointExtension>
            <ns3:hr>147</ns3:hr>
            <ns3:cad>83</ns3:cad>
          </ns3:TrackPointExtension>
        </extensions>
      </trkpt>
      <trkpt lat="37.47368252836167812347412109375" lon="126.95895396173000335693359375">
        <ele>58.59999847412109375</ele>
        <time>2026-04-10T14:49:15.000Z</time>
        <extensions>
          <ns3:TrackPointExtension>
            <ns3:hr>147</ns3:hr>
            <ns3:cad>83</ns3:cad>
          </ns3:TrackPointExtension>
        </extensions>
      </trkpt>
      <trkpt lat="37.4737166427075862884521484375" lon="126.95896594785153865814208984375">
        <ele>58.59999847412109375</ele>
        <time>2026-04-10T14:49:16.000Z</time>
        <extensions>
          <ns3:TrackPointExtension>
            <ns3:hr>147</ns3:hr>
            <ns3:cad>83</ns3:cad>
          </ns3:TrackPointExtension>
        </extensions>
      </trkpt>
      <trkpt lat="37.4737394414842128753662109375" lon="126.95897198282182216644287109375">
        <ele>58.59999847412109375</ele>
        <time>2026-04-10T14:49:17.000Z</time>
        <extensions>
          <ns3:TrackPointExtension>
            <ns3:hr>147</ns3:hr>
            <ns3:cad>83</ns3:cad>
          </ns3:TrackPointExtension>
        </extensions>
      </trkpt>
      <trkpt lat="37.47376953251659870147705078125" lon="126.9589735753834247589111328125">
        <ele>58.59999847412109375</ele>
        <time>2026-04-10T14:49:18.000Z</time>
        <extensions>
          <ns3:TrackPointExtension>
            <ns3:hr>148</ns3:hr>
            <ns3:cad>83</ns3:cad>
          </ns3:TrackPointExtension>
        </extensions>
      </trkpt>
      <trkpt lat="37.473804652690887451171875" lon="126.95898002944886684417724609375">
        <ele>58.40000152587890625</ele>
        <time>2026-04-10T14:49:19.000Z</time>
        <extensions>
          <ns3:TrackPointExtension>
            <ns3:hr>147</ns3:hr>
            <ns3:cad>83</ns3:cad>
          </ns3:TrackPointExtension>
        </extensions>
      </trkpt>
      <trkpt lat="37.4738329835236072540283203125" lon="126.95898321457207202911376953125">
        <ele>58.40000152587890625</ele>
        <time>2026-04-10T14:49:20.000Z</time>
        <extensions>
          <ns3:TrackPointExtension>
            <ns3:hr>147</ns3:hr>
            <ns3:cad>83</ns3:cad>
          </ns3:TrackPointExtension>
        </extensions>
      </trkpt>
      <trkpt lat="37.4738698638975620269775390625" lon="126.95898757316172122955322265625">
        <ele>58.200000762939453125</ele>
        <time>2026-04-10T14:49:21.000Z</time>
        <extensions>
          <ns3:TrackPointExtension>
            <ns3:hr>148</ns3:hr>
            <ns3:cad>83</ns3:cad>
          </ns3:TrackPointExtension>
        </extensions>
      </trkpt>
      <trkpt lat="37.4738936685025691986083984375" lon="126.9589889980852603912353515625">
        <ele>58.200000762939453125</ele>
        <time>2026-04-10T14:49:22.000Z</time>
        <extensions>
          <ns3:TrackPointExtension>
            <ns3:hr>148</ns3:hr>
            <ns3:cad>84</ns3:cad>
          </ns3:TrackPointExtension>
        </extensions>
      </trkpt>
      <trkpt lat="37.47392275370657444000244140625" lon="126.9589936919510364532470703125">
        <ele>58</ele>
        <time>2026-04-10T14:49:23.000Z</time>
        <extensions>
          <ns3:TrackPointExtension>
            <ns3:hr>148</ns3:hr>
            <ns3:cad>84</ns3:cad>
          </ns3:TrackPointExtension>
        </extensions>
      </trkpt>
      <trkpt lat="37.473957203328609466552734375" lon="126.95900048129260540008544921875">
        <ele>58</ele>
        <time>2026-04-10T14:49:24.000Z</time>
        <extensions>
          <ns3:TrackPointExtension>
            <ns3:hr>148</ns3:hr>
            <ns3:cad>84</ns3:cad>
          </ns3:TrackPointExtension>
        </extensions>
      </trkpt>
      <trkpt lat="37.4739794991910457611083984375" lon="126.9590007327497005462646484375">
        <ele>58</ele>
        <time>2026-04-10T14:49:25.000Z</time>
        <extensions>
          <ns3:TrackPointExtension>
            <ns3:hr>148</ns3:hr>
            <ns3:cad>84</ns3:cad>
          </ns3:TrackPointExtension>
        </extensions>
      </trkpt>
      <trkpt lat="37.47402166016399860382080078125" lon="126.959001235663890838623046875">
        <ele>58</ele>
        <time>2026-04-10T14:49:26.000Z</time>
        <extensions>
          <ns3:TrackPointExtension>
            <ns3:hr>147</ns3:hr>
            <ns3:cad>84</ns3:cad>
          </ns3:TrackPointExtension>
        </extensions>
      </trkpt>
      <trkpt lat="37.47405133210122585296630859375" lon="126.95899662561714649200439453125">
        <ele>57.799999237060546875</ele>
        <time>2026-04-10T14:49:27.000Z</time>
        <extensions>
          <ns3:TrackPointExtension>
            <ns3:hr>147</ns3:hr>
            <ns3:cad>84</ns3:cad>
          </ns3:TrackPointExtension>
        </extensions>
      </trkpt>
      <trkpt lat="37.4740767292678356170654296875" lon="126.9589906744658946990966796875">
        <ele>57.799999237060546875</ele>
        <time>2026-04-10T14:49:28.000Z</time>
        <extensions>
          <ns3:TrackPointExtension>
            <ns3:hr>147</ns3:hr>
            <ns3:cad>84</ns3:cad>
          </ns3:TrackPointExtension>
        </extensions>
      </trkpt>
      <trkpt lat="37.474113442003726959228515625" lon="126.95899914018809795379638671875">
        <ele>57.59999847412109375</ele>
        <time>2026-04-10T14:49:29.000Z</time>
        <extensions>
          <ns3:TrackPointExtension>
            <ns3:hr>147</ns3:hr>
            <ns3:cad>84</ns3:cad>
          </ns3:TrackPointExtension>
        </extensions>
      </trkpt>
      <trkpt lat="37.47413749806582927703857421875" lon="126.95899528451263904571533203125">
        <ele>57.59999847412109375</ele>
        <time>2026-04-10T14:49:30.000Z</time>
        <extensions>
          <ns3:TrackPointExtension>
            <ns3:hr>147</ns3:hr>
            <ns3:cad>83</ns3:cad>
          </ns3:TrackPointExtension>
        </extensions>
      </trkpt>
      <trkpt lat="37.4741712771356105804443359375" lon="126.95899486541748046875">
        <ele>57.59999847412109375</ele>
        <time>2026-04-10T14:49:31.000Z</time>
        <extensions>
          <ns3:TrackPointExtension>
            <ns3:hr>147</ns3:hr>
            <ns3:cad>83</ns3:cad>
          </ns3:TrackPointExtension>
        </extensions>
      </trkpt>
      <trkpt lat="37.47419985942542552947998046875" lon="126.95898790843784809112548828125">
        <ele>57.40000152587890625</ele>
        <time>2026-04-10T14:49:32.000Z</time>
        <extensions>
          <ns3:TrackPointExtension>
            <ns3:hr>147</ns3:hr>
            <ns3:cad>84</ns3:cad>
          </ns3:TrackPointExtension>
        </extensions>
      </trkpt>
      <trkpt lat="37.47423238120973110198974609375" lon="126.95898170582950115203857421875">
        <ele>57</ele>
        <time>2026-04-10T14:49:33.000Z</time>
        <extensions>
          <ns3:TrackPointExtension>
            <ns3:hr>147</ns3:hr>
            <ns3:cad>84</ns3:cad>
          </ns3:TrackPointExtension>
        </extensions>
      </trkpt>
      <trkpt lat="37.4742726981639862060546875" lon="126.95898874662816524505615234375">
        <ele>57</ele>
        <time>2026-04-10T14:49:34.000Z</time>
        <extensions>
          <ns3:TrackPointExtension>
            <ns3:hr>147</ns3:hr>
            <ns3:cad>84</ns3:cad>
          </ns3:TrackPointExtension>
        </extensions>
      </trkpt>
      <trkpt lat="37.47429910115897655487060546875" lon="126.9589893333613872528076171875">
        <ele>56.799999237060546875</ele>
        <time>2026-04-10T14:49:35.000Z</time>
        <extensions>
          <ns3:TrackPointExtension>
            <ns3:hr>147</ns3:hr>
            <ns3:cad>84</ns3:cad>
          </ns3:TrackPointExtension>
        </extensions>
      </trkpt>
      <trkpt lat="37.47434017248451709747314453125" lon="126.958985142409801483154296875">
        <ele>56.799999237060546875</ele>
        <time>2026-04-10T14:49:36.000Z</time>
        <extensions>
          <ns3:TrackPointExtension>
            <ns3:hr>147</ns3:hr>
            <ns3:cad>84</ns3:cad>
          </ns3:TrackPointExtension>
        </extensions>
      </trkpt>
      <trkpt lat="37.474370934069156646728515625" lon="126.95898438803851604461669921875">
        <ele>56.799999237060546875</ele>
        <time>2026-04-10T14:49:37.000Z</time>
        <extensions>
          <ns3:TrackPointExtension>
            <ns3:hr>146</ns3:hr>
            <ns3:cad>83</ns3:cad>
          </ns3:TrackPointExtension>
        </extensions>
      </trkpt>
      <trkpt lat="37.47439934872090816497802734375" lon="126.9589789398014545440673828125">
        <ele>56.799999237060546875</ele>
        <time>2026-04-10T14:49:38.000Z</time>
        <extensions>
          <ns3:TrackPointExtension>
            <ns3:hr>146</ns3:hr>
            <ns3:cad>83</ns3:cad>
          </ns3:TrackPointExtension>
        </extensions>
      </trkpt>
      <trkpt lat="37.47443757019937038421630859375" lon="126.95898338221013545989990234375">
        <ele>56.59999847412109375</ele>
        <time>2026-04-10T14:49:39.000Z</time>
        <extensions>
          <ns3:TrackPointExtension>
            <ns3:hr>146</ns3:hr>
            <ns3:cad>83</ns3:cad>
          </ns3:TrackPointExtension>
        </extensions>
      </trkpt>
      <trkpt lat="37.47446070425212383270263671875" lon="126.95898170582950115203857421875">
        <ele>56.59999847412109375</ele>
        <time>2026-04-10T14:49:40.000Z</time>
        <extensions>
          <ns3:TrackPointExtension>
            <ns3:hr>146</ns3:hr>
            <ns3:cad>83</ns3:cad>
          </ns3:TrackPointExtension>
        </extensions>
      </trkpt>
      <trkpt lat="37.474495656788349151611328125" lon="126.95898656733334064483642578125">
        <ele>56.40000152587890625</ele>
        <time>2026-04-10T14:49:41.000Z</time>
        <extensions>
          <ns3:TrackPointExtension>
            <ns3:hr>146</ns3:hr>
            <ns3:cad>83</ns3:cad>
          </ns3:TrackPointExtension>
        </extensions>
      </trkpt>
      <trkpt lat="37.4745301902294158935546875" lon="126.95899545215070247650146484375">
        <ele>56.200000762939453125</ele>
        <time>2026-04-10T14:49:42.000Z</time>
        <extensions>
          <ns3:TrackPointExtension>
            <ns3:hr>145</ns3:hr>
            <ns3:cad>83</ns3:cad>
          </ns3:TrackPointExtension>
        </extensions>
      </trkpt>
      <trkpt lat="37.47455944307148456573486328125" lon="126.95899293757975101470947265625">
        <ele>56.200000762939453125</ele>
        <time>2026-04-10T14:49:43.000Z</time>
        <extensions>
          <ns3:TrackPointExtension>
            <ns3:hr>145</ns3:hr>
            <ns3:cad>82</ns3:cad>
          </ns3:TrackPointExtension>
        </extensions>
      </trkpt>
      <trkpt lat="37.4745891988277435302734375" lon="126.95899092592298984527587890625">
        <ele>56</ele>
        <time>2026-04-10T14:49:44.000Z</time>
        <extensions>
          <ns3:TrackPointExtension>
            <ns3:hr>145</ns3:hr>
            <ns3:cad>82</ns3:cad>
          </ns3:TrackPointExtension>
        </extensions>
      </trkpt>
      <trkpt lat="37.4746182002127170562744140625" lon="126.95898480713367462158203125">
        <ele>55.799999237060546875</ele>
        <time>2026-04-10T14:49:45.000Z</time>
        <extensions>
          <ns3:TrackPointExtension>
            <ns3:hr>146</ns3:hr>
            <ns3:cad>82</ns3:cad>
          </ns3:TrackPointExtension>
        </extensions>
      </trkpt>
      <trkpt lat="37.47465147636830806732177734375" lon="126.9589786045253276824951171875">
        <ele>55.59999847412109375</ele>
        <time>2026-04-10T14:49:46.000Z</time>
        <extensions>
          <ns3:TrackPointExtension>
            <ns3:hr>145</ns3:hr>
            <ns3:cad>82</ns3:cad>
          </ns3:TrackPointExtension>
        </extensions>
      </trkpt>
      <trkpt lat="37.47468986548483371734619140625" lon="126.958976089954376220703125">
        <ele>55.40000152587890625</ele>
        <time>2026-04-10T14:49:47.000Z</time>
        <extensions>
          <ns3:TrackPointExtension>
            <ns3:hr>145</ns3:hr>
            <ns3:cad>82</ns3:cad>
          </ns3:TrackPointExtension>
        </extensions>
      </trkpt>
      <trkpt lat="37.47471534647047519683837890625" lon="126.95897801779210567474365234375">
        <ele>55.200000762939453125</ele>
        <time>2026-04-10T14:49:48.000Z</time>
        <extensions>
          <ns3:TrackPointExtension>
            <ns3:hr>144</ns3:hr>
            <ns3:cad>84</ns3:cad>
          </ns3:TrackPointExtension>
        </extensions>
      </trkpt>
      <trkpt lat="37.474757172167301177978515625" lon="126.9589782692492008209228515625">
        <ele>55</ele>
        <time>2026-04-10T14:49:49.000Z</time>
        <extensions>
          <ns3:TrackPointExtension>
            <ns3:hr>144</ns3:hr>
            <ns3:cad>84</ns3:cad>
          </ns3:TrackPointExtension>
        </extensions>
      </trkpt>
      <trkpt lat="37.47479245997965335845947265625" lon="126.95897139608860015869140625">
        <ele>55</ele>
        <time>2026-04-10T14:49:50.000Z</time>
        <extensions>
          <ns3:TrackPointExtension>
            <ns3:hr>144</ns3:hr>
            <ns3:cad>84</ns3:cad>
          </ns3:TrackPointExtension>
        </extensions>
      </trkpt>
      <trkpt lat="37.4748294241726398468017578125" lon="126.95896812714636325836181640625">
        <ele>55</ele>
        <time>2026-04-10T14:49:51.000Z</time>
        <extensions>
          <ns3:TrackPointExtension>
            <ns3:hr>144</ns3:hr>
            <ns3:cad>84</ns3:cad>
          </ns3:TrackPointExtension>
        </extensions>
      </trkpt>
      <trkpt lat="37.47486370615661144256591796875" lon="126.95896661840379238128662109375">
        <ele>54.799999237060546875</ele>
        <time>2026-04-10T14:49:52.000Z</time>
        <extensions>
          <ns3:TrackPointExtension>
            <ns3:hr>144</ns3:hr>
            <ns3:cad>84</ns3:cad>
          </ns3:TrackPointExtension>
        </extensions>
      </trkpt>
      <trkpt lat="37.4748891033232212066650390625" lon="126.95896209217607975006103515625">
        <ele>54.799999237060546875</ele>
        <time>2026-04-10T14:49:53.000Z</time>
        <extensions>
          <ns3:TrackPointExtension>
            <ns3:hr>143</ns3:hr>
            <ns3:cad>83</ns3:cad>
          </ns3:TrackPointExtension>
        </extensions>
      </trkpt>
      <trkpt lat="37.47492774389684200286865234375" lon="126.95896225981414318084716796875">
        <ele>54.799999237060546875</ele>
        <time>2026-04-10T14:49:54.000Z</time>
        <extensions>
          <ns3:TrackPointExtension>
            <ns3:hr>143</ns3:hr>
            <ns3:cad>83</ns3:cad>
          </ns3:TrackPointExtension>
        </extensions>
      </trkpt>
      <trkpt lat="37.47495791874825954437255859375" lon="126.9589541293680667877197265625">
        <ele>54.59999847412109375</ele>
        <time>2026-04-10T14:49:55.000Z</time>
        <extensions>
          <ns3:TrackPointExtension>
            <ns3:hr>143</ns3:hr>
            <ns3:cad>83</ns3:cad>
          </ns3:TrackPointExtension>
        </extensions>
      </trkpt>
      <trkpt lat="37.47498859651386737823486328125" lon="126.958952285349369049072265625">
        <ele>54.40000152587890625</ele>
        <time>2026-04-10T14:49:56.000Z</time>
        <extensions>
          <ns3:TrackPointExtension>
            <ns3:hr>143</ns3:hr>
            <ns3:cad>83</ns3:cad>
          </ns3:TrackPointExtension>
        </extensions>
      </trkpt>
      <trkpt lat="37.47502438724040985107421875" lon="126.958958320319652557373046875">
        <ele>54.200000762939453125</ele>
        <time>2026-04-10T14:49:57.000Z</time>
        <extensions>
          <ns3:TrackPointExtension>
            <ns3:hr>143</ns3:hr>
            <ns3:cad>83</ns3:cad>
          </ns3:TrackPointExtension>
        </extensions>
      </trkpt>
      <trkpt lat="37.4750532209873199462890625" lon="126.95895438082516193389892578125">
        <ele>54</ele>
        <time>2026-04-10T14:49:58.000Z</time>
        <extensions>
          <ns3:TrackPointExtension>
            <ns3:hr>142</ns3:hr>
            <ns3:cad>83</ns3:cad>
          </ns3:TrackPointExtension>
        </extensions>
      </trkpt>
      <trkpt lat="37.47508817352354526519775390625" lon="126.958952285349369049072265625">
        <ele>53.799999237060546875</ele>
        <time>2026-04-10T14:49:59.000Z</time>
        <extensions>
          <ns3:TrackPointExtension>
            <ns3:hr>142</ns3:hr>
            <ns3:cad>83</ns3:cad>
          </ns3:TrackPointExtension>
        </extensions>
      </trkpt>
      <trkpt lat="37.47512421570718288421630859375" lon="126.958945579826831817626953125">
        <ele>53.59999847412109375</ele>
        <time>2026-04-10T14:50:00.000Z</time>
        <extensions>
          <ns3:TrackPointExtension>
            <ns3:hr>142</ns3:hr>
            <ns3:cad>83</ns3:cad>
          </ns3:TrackPointExtension>
        </extensions>
      </trkpt>
      <trkpt lat="37.47515405528247356414794921875" lon="126.95893577300012111663818359375">
        <ele>53.40000152587890625</ele>
        <time>2026-04-10T14:50:01.000Z</time>
        <extensions>
          <ns3:TrackPointExtension>
            <ns3:hr>143</ns3:hr>
            <ns3:cad>83</ns3:cad>
          </ns3:TrackPointExtension>
        </extensions>
      </trkpt>
      <trkpt lat="37.4751898460090160369873046875" lon="126.9589427299797534942626953125">
        <ele>53.200000762939453125</ele>
        <time>2026-04-10T14:50:02.000Z</time>
        <extensions>
          <ns3:TrackPointExtension>
            <ns3:hr>142</ns3:hr>
            <ns3:cad>83</ns3:cad>
          </ns3:TrackPointExtension>
        </extensions>
      </trkpt>
      <trkpt lat="37.475215494632720947265625" lon="126.95893527008593082427978515625">
        <ele>53.200000762939453125</ele>
        <time>2026-04-10T14:50:03.000Z</time>
        <extensions>
          <ns3:TrackPointExtension>
            <ns3:hr>142</ns3:hr>
            <ns3:cad>83</ns3:cad>
          </ns3:TrackPointExtension>
        </extensions>
      </trkpt>
      <trkpt lat="37.47524206526577472686767578125" lon="126.95893225260078907012939453125">
        <ele>53</ele>
        <time>2026-04-10T14:50:04.000Z</time>
        <extensions>
          <ns3:TrackPointExtension>
            <ns3:hr>142</ns3:hr>
            <ns3:cad>83</ns3:cad>
          </ns3:TrackPointExtension>
        </extensions>
      </trkpt>
      <trkpt lat="37.47528011910617351531982421875" lon="126.95894323289394378662109375">
        <ele>53</ele>
        <time>2026-04-10T14:50:05.000Z</time>
        <extensions>
          <ns3:TrackPointExtension>
            <ns3:hr>142</ns3:hr>
            <ns3:cad>82</ns3:cad>
          </ns3:TrackPointExtension>
        </extensions>
      </trkpt>
      <trkpt lat="37.4753065221011638641357421875" lon="126.958939544856548309326171875">
        <ele>52.799999237060546875</ele>
        <time>2026-04-10T14:50:06.000Z</time>
        <extensions>
          <ns3:TrackPointExtension>
            <ns3:hr>142</ns3:hr>
            <ns3:cad>82</ns3:cad>
          </ns3:TrackPointExtension>
        </extensions>
      </trkpt>
      <trkpt lat="37.47534734196960926055908203125" lon="126.9589397124946117401123046875">
        <ele>52.59999847412109375</ele>
        <time>2026-04-10T14:50:07.000Z</time>
        <extensions>
          <ns3:TrackPointExtension>
            <ns3:hr>141</ns3:hr>
            <ns3:cad>82</ns3:cad>
          </ns3:TrackPointExtension>
        </extensions>
      </trkpt>
      <trkpt lat="37.4753762595355510711669921875" lon="126.95893577300012111663818359375">
        <ele>52.200000762939453125</ele>
        <time>2026-04-10T14:50:08.000Z</time>
        <extensions>
          <ns3:TrackPointExtension>
            <ns3:hr>141</ns3:hr>
            <ns3:cad>82</ns3:cad>
          </ns3:TrackPointExtension>
        </extensions>
      </trkpt>
      <trkpt lat="37.47540601529181003570556640625" lon="126.95893610827624797821044921875">
        <ele>52</ele>
        <time>2026-04-10T14:50:09.000Z</time>
        <extensions>
          <ns3:TrackPointExtension>
            <ns3:hr>141</ns3:hr>
            <ns3:cad>82</ns3:cad>
          </ns3:TrackPointExtension>
        </extensions>
      </trkpt>
      <trkpt lat="37.4754473380744457244873046875" lon="126.958944238722324371337890625">
        <ele>51.799999237060546875</ele>
        <time>2026-04-10T14:50:10.000Z</time>
        <extensions>
          <ns3:TrackPointExtension>
            <ns3:hr>141</ns3:hr>
            <ns3:cad>82</ns3:cad>
          </ns3:TrackPointExtension>
        </extensions>
      </trkpt>
      <trkpt lat="37.4754694662988185882568359375" lon="126.95894683711230754852294921875">
        <ele>51.59999847412109375</ele>
        <time>2026-04-10T14:50:11.000Z</time>
        <extensions>
          <ns3:TrackPointExtension>
            <ns3:hr>141</ns3:hr>
            <ns3:cad>82</ns3:cad>
          </ns3:TrackPointExtension>
        </extensions>
      </trkpt>
      <trkpt lat="37.4755011498928070068359375" lon="126.95894666947424411773681640625">
        <ele>51.40000152587890625</ele>
        <time>2026-04-10T14:50:12.000Z</time>
        <extensions>
          <ns3:TrackPointExtension>
            <ns3:hr>141</ns3:hr>
            <ns3:cad>82</ns3:cad>
          </ns3:TrackPointExtension>
        </extensions>
      </trkpt>
      <trkpt lat="37.475530318915843963623046875" lon="126.9589484296739101409912109375">
        <ele>51.40000152587890625</ele>
        <time>2026-04-10T14:50:13.000Z</time>
        <extensions>
          <ns3:TrackPointExtension>
            <ns3:hr>140</ns3:hr>
            <ns3:cad>82</ns3:cad>
          </ns3:TrackPointExtension>
        </extensions>
      </trkpt>
      <trkpt lat="37.47555521316826343536376953125" lon="126.95894180797040462493896484375">
        <ele>51.200000762939453125</ele>
        <time>2026-04-10T14:50:14.000Z</time>
        <extensions>
          <ns3:TrackPointExtension>
            <ns3:hr>141</ns3:hr>
            <ns3:cad>82</ns3:cad>
          </ns3:TrackPointExtension>
        </extensions>
      </trkpt>
      <trkpt lat="37.47559494338929653167724609375" lon="126.958938203752040863037109375">
        <ele>51</ele>
        <time>2026-04-10T14:50:15.000Z</time>
        <extensions>
          <ns3:TrackPointExtension>
            <ns3:hr>141</ns3:hr>
            <ns3:cad>82</ns3:cad>
          </ns3:TrackPointExtension>
        </extensions>
      </trkpt>
      <trkpt lat="37.47562159784138202667236328125" lon="126.9589393772184848785400390625">
        <ele>50.799999237060546875</ele>
        <time>2026-04-10T14:50:16.000Z</time>
        <extensions>
          <ns3:TrackPointExtension>
            <ns3:hr>140</ns3:hr>
            <ns3:cad>82</ns3:cad>
          </ns3:TrackPointExtension>
        </extensions>
      </trkpt>
      <trkpt lat="37.47565202414989471435546875" lon="126.9589434005320072174072265625">
        <ele>50.59999847412109375</ele>
        <time>2026-04-10T14:50:17.000Z</time>
        <extensions>
          <ns3:TrackPointExtension>
            <ns3:hr>140</ns3:hr>
            <ns3:cad>82</ns3:cad>
          </ns3:TrackPointExtension>
        </extensions>
      </trkpt>
      <trkpt lat="37.47568194754421710968017578125" lon="126.95894549600780010223388671875">
        <ele>50.40000152587890625</ele>
        <time>2026-04-10T14:50:18.000Z</time>
        <extensions>
          <ns3:TrackPointExtension>
            <ns3:hr>141</ns3:hr>
            <ns3:cad>83</ns3:cad>
          </ns3:TrackPointExtension>
        </extensions>
      </trkpt>
      <trkpt lat="37.4757024832069873809814453125" lon="126.9589480943977832794189453125">
        <ele>50.40000152587890625</ele>
        <time>2026-04-10T14:50:19.000Z</time>
        <extensions>
          <ns3:TrackPointExtension>
            <ns3:hr>141</ns3:hr>
            <ns3:cad>83</ns3:cad>
          </ns3:TrackPointExtension>
        </extensions>
      </trkpt>
      <trkpt lat="37.47574347071349620819091796875" lon="126.958949603140354156494140625">
        <ele>50.200000762939453125</ele>
        <time>2026-04-10T14:50:20.000Z</time>
        <extensions>
          <ns3:TrackPointExtension>
            <ns3:hr>141</ns3:hr>
            <ns3:cad>83</ns3:cad>
          </ns3:TrackPointExtension>
        </extensions>
      </trkpt>
      <trkpt lat="37.47577716596424579620361328125" lon="126.95894147269427776336669921875">
        <ele>50</ele>
        <time>2026-04-10T14:50:21.000Z</time>
        <extensions>
          <ns3:TrackPointExtension>
            <ns3:hr>141</ns3:hr>
            <ns3:cad>83</ns3:cad>
          </ns3:TrackPointExtension>
        </extensions>
      </trkpt>
      <trkpt lat="37.47580834664404392242431640625" lon="126.95893845520913600921630859375">
        <ele>49.799999237060546875</ele>
        <time>2026-04-10T14:50:22.000Z</time>
        <extensions>
          <ns3:TrackPointExtension>
            <ns3:hr>141</ns3:hr>
            <ns3:cad>83</ns3:cad>
          </ns3:TrackPointExtension>
        </extensions>
      </trkpt>
      <trkpt lat="37.47584640048444271087646484375" lon="126.9589413888752460479736328125">
        <ele>49.59999847412109375</ele>
        <time>2026-04-10T14:50:23.000Z</time>
        <extensions>
          <ns3:TrackPointExtension>
            <ns3:hr>141</ns3:hr>
            <ns3:cad>84</ns3:cad>
          </ns3:TrackPointExtension>
        </extensions>
      </trkpt>
      <trkpt lat="37.4758704565465450286865234375" lon="126.9589340128004550933837890625">
        <ele>49.40000152587890625</ele>
        <time>2026-04-10T14:50:24.000Z</time>
        <extensions>
          <ns3:TrackPointExtension>
            <ns3:hr>141</ns3:hr>
            <ns3:cad>84</ns3:cad>
          </ns3:TrackPointExtension>
        </extensions>
      </trkpt>
      <trkpt lat="37.4759113602340221405029296875" lon="126.958934850990772247314453125">
        <ele>49.200000762939453125</ele>
        <time>2026-04-10T14:50:25.000Z</time>
        <extensions>
          <ns3:TrackPointExtension>
            <ns3:hr>140</ns3:hr>
            <ns3:cad>84</ns3:cad>
          </ns3:TrackPointExtension>
        </extensions>
      </trkpt>
      <trkpt lat="37.47594036161899566650390625" lon="126.95893325842916965484619140625">
        <ele>49</ele>
        <time>2026-04-10T14:50:26.000Z</time>
        <extensions>
          <ns3:TrackPointExtension>
            <ns3:hr>141</ns3:hr>
            <ns3:cad>83</ns3:cad>
          </ns3:TrackPointExtension>
        </extensions>
      </trkpt>
      <trkpt lat="37.47596844099462032318115234375" lon="126.95892856456339359283447265625">
        <ele>48.799999237060546875</ele>
        <time>2026-04-10T14:50:27.000Z</time>
        <extensions>
          <ns3:TrackPointExtension>
            <ns3:hr>141</ns3:hr>
            <ns3:cad>83</ns3:cad>
          </ns3:TrackPointExtension>
        </extensions>
      </trkpt>
      <trkpt lat="37.4760082550346851348876953125" lon="126.95893141441047191619873046875">
        <ele>48.59999847412109375</ele>
        <time>2026-04-10T14:50:28.000Z</time>
        <extensions>
          <ns3:TrackPointExtension>
            <ns3:hr>141</ns3:hr>
            <ns3:cad>83</ns3:cad>
          </ns3:TrackPointExtension>
        </extensions>
      </trkpt>
      <trkpt lat="37.4760330654680728912353515625" lon="126.95893124677240848541259765625">
        <ele>48.59999847412109375</ele>
        <time>2026-04-10T14:50:29.000Z</time>
        <extensions>
          <ns3:TrackPointExtension>
            <ns3:hr>141</ns3:hr>
            <ns3:cad>83</ns3:cad>
          </ns3:TrackPointExtension>
        </extensions>
      </trkpt>
      <trkpt lat="37.47606684453785419464111328125" lon="126.95893250405788421630859375">
        <ele>48.40000152587890625</ele>
        <time>2026-04-10T14:50:30.000Z</time>
        <extensions>
          <ns3:TrackPointExtension>
            <ns3:hr>141</ns3:hr>
            <ns3:cad>83</ns3:cad>
          </ns3:TrackPointExtension>
        </extensions>
      </trkpt>
      <trkpt lat="37.47610053978860378265380859375" lon="126.9589202664792537689208984375">
        <ele>48.200000762939453125</ele>
        <time>2026-04-10T14:50:31.000Z</time>
        <extensions>
          <ns3:TrackPointExtension>
            <ns3:hr>141</ns3:hr>
            <ns3:cad>83</ns3:cad>
          </ns3:TrackPointExtension>
        </extensions>
      </trkpt>
      <trkpt lat="37.4761313013732433319091796875" lon="126.95891280658543109893798828125">
        <ele>48.200000762939453125</ele>
        <time>2026-04-10T14:50:32.000Z</time>
        <extensions>
          <ns3:TrackPointExtension>
            <ns3:hr>141</ns3:hr>
            <ns3:cad>83</ns3:cad>
          </ns3:TrackPointExtension>
        </extensions>
      </trkpt>
      <trkpt lat="37.47617111541330814361572265625" lon="126.95891465060412883758544921875">
        <ele>48</ele>
        <time>2026-04-10T14:50:33.000Z</time>
        <extensions>
          <ns3:TrackPointExtension>
            <ns3:hr>141</ns3:hr>
            <ns3:cad>83</ns3:cad>
          </ns3:TrackPointExtension>
        </extensions>
      </trkpt>
      <trkpt lat="37.47619517147541046142578125" lon="126.9589130580425262451171875">
        <ele>47.799999237060546875</ele>
        <time>2026-04-10T14:50:34.000Z</time>
        <extensions>
          <ns3:TrackPointExtension>
            <ns3:hr>141</ns3:hr>
            <ns3:cad>83</ns3:cad>
          </ns3:TrackPointExtension>
        </extensions>
      </trkpt>
      <trkpt lat="37.47622308321297168731689453125" lon="126.9589132256805896759033203125">
        <ele>47.799999237060546875</ele>
        <time>2026-04-10T14:50:35.000Z</time>
        <extensions>
          <ns3:TrackPointExtension>
            <ns3:hr>141</ns3:hr>
            <ns3:cad>83</ns3:cad>
          </ns3:TrackPointExtension>
        </extensions>
      </trkpt>
      <trkpt lat="37.4762503243982791900634765625" lon="126.95891481824219226837158203125">
        <ele>47.59999847412109375</ele>
        <time>2026-04-10T14:50:36.000Z</time>
        <extensions>
          <ns3:TrackPointExtension>
            <ns3:hr>141</ns3:hr>
            <ns3:cad>83</ns3:cad>
          </ns3:TrackPointExtension>
        </extensions>
      </trkpt>
      <trkpt lat="37.47627823613584041595458984375" lon="126.95891280658543109893798828125">
        <ele>47.59999847412109375</ele>
        <time>2026-04-10T14:50:37.000Z</time>
        <extensions>
          <ns3:TrackPointExtension>
            <ns3:hr>141</ns3:hr>
            <ns3:cad>83</ns3:cad>
          </ns3:TrackPointExtension>
        </extensions>
      </trkpt>
      <trkpt lat="37.47631427831947803497314453125" lon="126.95891506969928741455078125">
        <ele>47.59999847412109375</ele>
        <time>2026-04-10T14:50:38.000Z</time>
        <extensions>
          <ns3:TrackPointExtension>
            <ns3:hr>141</ns3:hr>
            <ns3:cad>83</ns3:cad>
          </ns3:TrackPointExtension>
        </extensions>
      </trkpt>
      <trkpt lat="37.4763488955795764923095703125" lon="126.9589216075837612152099609375">
        <ele>47.40000152587890625</ele>
        <time>2026-04-10T14:50:39.000Z</time>
        <extensions>
          <ns3:TrackPointExtension>
            <ns3:hr>141</ns3:hr>
            <ns3:cad>83</ns3:cad>
          </ns3:TrackPointExtension>
        </extensions>
      </trkpt>
      <trkpt lat="37.47637731023132801055908203125" lon="126.958922781050205230712890625">
        <ele>47.40000152587890625</ele>
        <time>2026-04-10T14:50:40.000Z</time>
        <extensions>
          <ns3:TrackPointExtension>
            <ns3:hr>141</ns3:hr>
            <ns3:cad>83</ns3:cad>
          </ns3:TrackPointExtension>
        </extensions>
      </trkpt>
      <trkpt lat="37.47641871683299541473388671875" lon="126.95892219431698322296142578125">
        <ele>47.40000152587890625</ele>
        <time>2026-04-10T14:50:41.000Z</time>
        <extensions>
          <ns3:TrackPointExtension>
            <ns3:hr>140</ns3:hr>
            <ns3:cad>83</ns3:cad>
          </ns3:TrackPointExtension>
        </extensions>
      </trkpt>
      <trkpt lat="37.47644520364701747894287109375" lon="126.958916746079921722412109375">
        <ele>47.40000152587890625</ele>
        <time>2026-04-10T14:50:42.000Z</time>
        <extensions>
          <ns3:TrackPointExtension>
            <ns3:hr>141</ns3:hr>
            <ns3:cad>83</ns3:cad>
          </ns3:TrackPointExtension>
        </extensions>
      </trkpt>
      <trkpt lat="37.47647554613649845123291015625" lon="126.9589112140238285064697265625">
        <ele>47.40000152587890625</ele>
        <time>2026-04-10T14:50:43.000Z</time>
        <extensions>
          <ns3:TrackPointExtension>
            <ns3:hr>141</ns3:hr>
            <ns3:cad>83</ns3:cad>
          </ns3:TrackPointExtension>
        </extensions>
      </trkpt>
      <trkpt lat="37.4765084870159626007080078125" lon="126.95891045965254306793212890625">
        <ele>47.40000152587890625</ele>
        <time>2026-04-10T14:50:44.000Z</time>
        <extensions>
          <ns3:TrackPointExtension>
            <ns3:hr>141</ns3:hr>
            <ns3:cad>83</ns3:cad>
          </ns3:TrackPointExtension>
        </extensions>
      </trkpt>
      <trkpt lat="37.47653656639158725738525390625" lon="126.95890702307224273681640625">
        <ele>47.40000152587890625</ele>
        <time>2026-04-10T14:50:45.000Z</time>
        <extensions>
          <ns3:TrackPointExtension>
            <ns3:hr>141</ns3:hr>
            <ns3:cad>83</ns3:cad>
          </ns3:TrackPointExtension>
        </extensions>
      </trkpt>
      <trkpt lat="37.476571016013622283935546875" lon="126.95891867391765117645263671875">
        <ele>47.200000762939453125</ele>
        <time>2026-04-10T14:50:46.000Z</time>
        <extensions>
          <ns3:TrackPointExtension>
            <ns3:hr>141</ns3:hr>
            <ns3:cad>83</ns3:cad>
          </ns3:TrackPointExtension>
        </extensions>
      </trkpt>
      <trkpt lat="37.476589120924472808837890625" lon="126.95891104638576507568359375">
        <ele>47.200000762939453125</ele>
        <time>2026-04-10T14:50:47.000Z</time>
        <extensions>
          <ns3:TrackPointExtension>
            <ns3:hr>141</ns3:hr>
            <ns3:cad>83</ns3:cad>
          </ns3:TrackPointExtension>
        </extensions>
      </trkpt>
      <trkpt lat="37.47662289999425411224365234375" lon="126.9588884152472019195556640625">
        <ele>47.200000762939453125</ele>
        <time>2026-04-10T14:50:48.000Z</time>
        <extensions>
          <ns3:TrackPointExtension>
            <ns3:hr>141</ns3:hr>
            <ns3:cad>83</ns3:cad>
          </ns3:TrackPointExtension>
        </extensions>
      </trkpt>
      <trkpt lat="37.4766429327428340911865234375" lon="126.95885547436773777008056640625">
        <ele>47</ele>
        <time>2026-04-10T14:50:49.000Z</time>
        <extensions>
          <ns3:TrackPointExtension>
            <ns3:hr>140</ns3:hr>
            <ns3:cad>83</ns3:cad>
          </ns3:TrackPointExtension>
        </extensions>
      </trkpt>
      <trkpt lat="37.4766657315194606781005859375" lon="126.9588297419250011444091796875">
        <ele>47.200000762939453125</ele>
        <time>2026-04-10T14:50:50.000Z</time>
        <extensions>
          <ns3:TrackPointExtension>
            <ns3:hr>140</ns3:hr>
            <ns3:cad>83</ns3:cad>
          </ns3:TrackPointExtension>
        </extensions>
      </trkpt>
      <trkpt lat="37.476699762046337127685546875" lon="126.95879713632166385650634765625">
        <ele>47</ele>
        <time>2026-04-10T14:50:51.000Z</time>
        <extensions>
          <ns3:TrackPointExtension>
            <ns3:hr>140</ns3:hr>
            <ns3:cad>83</ns3:cad>
          </ns3:TrackPointExtension>
        </extensions>
      </trkpt>
      <trkpt lat="37.47672415338456630706787109375" lon="126.9587655365467071533203125">
        <ele>47</ele>
        <time>2026-04-10T14:50:52.000Z</time>
        <extensions>
          <ns3:TrackPointExtension>
            <ns3:hr>140</ns3:hr>
            <ns3:cad>83</ns3:cad>
          </ns3:TrackPointExtension>
        </extensions>
      </trkpt>
      <trkpt lat="37.4767485447227954864501953125" lon="126.95872941054403781890869140625">
        <ele>47</ele>
        <time>2026-04-10T14:50:53.000Z</time>
        <extensions>
          <ns3:TrackPointExtension>
            <ns3:hr>140</ns3:hr>
            <ns3:cad>82</ns3:cad>
          </ns3:TrackPointExtension>
        </extensions>
      </trkpt>
      <trkpt lat="37.4767805635929107666015625" lon="126.9586963020265102386474609375">
        <ele>46.799999237060546875</ele>
        <time>2026-04-10T14:50:54.000Z</time>
        <extensions>
          <ns3:TrackPointExtension>
            <ns3:hr>140</ns3:hr>
            <ns3:cad>82</ns3:cad>
          </ns3:TrackPointExtension>
        </extensions>
      </trkpt>
      <trkpt lat="37.47680411674082279205322265625" lon="126.9586845673620700836181640625">
        <ele>46.59999847412109375</ele>
        <time>2026-04-10T14:50:55.000Z</time>
        <extensions>
          <ns3:TrackPointExtension>
            <ns3:hr>139</ns3:hr>
            <ns3:cad>82</ns3:cad>
          </ns3:TrackPointExtension>
        </extensions>
      </trkpt>
      <trkpt lat="37.47682473622262477874755859375" lon="126.9586530514061450958251953125">
        <ele>46.59999847412109375</ele>
        <time>2026-04-10T14:50:56.000Z</time>
        <extensions>
          <ns3:TrackPointExtension>
            <ns3:hr>139</ns3:hr>
            <ns3:cad>82</ns3:cad>
          </ns3:TrackPointExtension>
        </extensions>
      </trkpt>
      <trkpt lat="37.4768578447401523590087890625" lon="126.958636455237865447998046875">
        <ele>46.40000152587890625</ele>
        <time>2026-04-10T14:50:57.000Z</time>
        <extensions>
          <ns3:TrackPointExtension>
            <ns3:hr>139</ns3:hr>
            <ns3:cad>82</ns3:cad>
          </ns3:TrackPointExtension>
        </extensions>
      </trkpt>
      <trkpt lat="37.47688592411577701568603515625" lon="126.95862446911633014678955078125">
        <ele>46</ele>
        <time>2026-04-10T14:50:58.000Z</time>
        <extensions>
          <ns3:TrackPointExtension>
            <ns3:hr>139</ns3:hr>
            <ns3:cad>82</ns3:cad>
          </ns3:TrackPointExtension>
        </extensions>
      </trkpt>
      <trkpt lat="37.4769171886146068572998046875" lon="126.95860368199646472930908203125">
        <ele>45.799999237060546875</ele>
        <time>2026-04-10T14:50:59.000Z</time>
        <extensions>
          <ns3:TrackPointExtension>
            <ns3:hr>139</ns3:hr>
            <ns3:cad>83</ns3:cad>
          </ns3:TrackPointExtension>
        </extensions>
      </trkpt>
      <trkpt lat="37.47693655081093311309814453125" lon="126.95859747938811779022216796875">
        <ele>45.799999237060546875</ele>
        <time>2026-04-10T14:51:00.000Z</time>
        <extensions>
          <ns3:TrackPointExtension>
            <ns3:hr>139</ns3:hr>
            <ns3:cad>83</ns3:cad>
          </ns3:TrackPointExtension>
        </extensions>
      </trkpt>
      <trkpt lat="37.47696437872946262359619140625" lon="126.95858515799045562744140625">
        <ele>45.799999237060546875</ele>
        <time>2026-04-10T14:51:01.000Z</time>
        <extensions>
          <ns3:TrackPointExtension>
            <ns3:hr>139</ns3:hr>
            <ns3:cad>83</ns3:cad>
          </ns3:TrackPointExtension>
        </extensions>
      </trkpt>
      <trkpt lat="37.476983405649662017822265625" lon="126.95857711136341094970703125">
        <ele>45.799999237060546875</ele>
        <time>2026-04-10T14:51:02.000Z</time>
        <extensions>
          <ns3:TrackPointExtension>
            <ns3:hr>139</ns3:hr>
            <ns3:cad>83</ns3:cad>
          </ns3:TrackPointExtension>
        </extensions>
      </trkpt>
      <trkpt lat="37.476999498903751373291015625" lon="126.9585709087550640106201171875">
        <ele>45.799999237060546875</ele>
        <time>2026-04-10T14:51:03.000Z</time>
        <extensions>
          <ns3:TrackPointExtension>
            <ns3:hr>139</ns3:hr>
            <ns3:cad>83</ns3:cad>
          </ns3:TrackPointExtension>
        </extensions>
      </trkpt>
      <trkpt lat="37.47702824883162975311279296875" lon="126.95856646634638309478759765625">
        <ele>45.799999237060546875</ele>
        <time>2026-04-10T14:51:04.000Z</time>
        <extensions>
          <ns3:TrackPointExtension>
            <ns3:hr>139</ns3:hr>
            <ns3:cad>83</ns3:cad>
          </ns3:TrackPointExtension>
        </extensions>
      </trkpt>
      <trkpt lat="37.47705616056919097900390625" lon="126.958562023937702178955078125">
        <ele>45.799999237060546875</ele>
        <time>2026-04-10T14:51:05.000Z</time>
        <extensions>
          <ns3:TrackPointExtension>
            <ns3:hr>139</ns3:hr>
            <ns3:cad>83</ns3:cad>
          </ns3:TrackPointExtension>
        </extensions>
      </trkpt>
      <trkpt lat="37.47708625160157680511474609375" lon="126.95855741389095783233642578125">
        <ele>45.799999237060546875</ele>
        <time>2026-04-10T14:51:06.000Z</time>
        <extensions>
          <ns3:TrackPointExtension>
            <ns3:hr>139</ns3:hr>
            <ns3:cad>83</ns3:cad>
          </ns3:TrackPointExtension>
        </extensions>
      </trkpt>
      <trkpt lat="37.47710871510207653045654296875" lon="126.95855154655873775482177734375">
        <ele>45.799999237060546875</ele>
        <time>2026-04-10T14:51:07.000Z</time>
        <extensions>
          <ns3:TrackPointExtension>
            <ns3:hr>139</ns3:hr>
            <ns3:cad>83</ns3:cad>
          </ns3:TrackPointExtension>
        </extensions>
      </trkpt>
      <trkpt lat="37.47713838703930377960205078125" lon="126.958543919026851654052734375">
        <ele>45.799999237060546875</ele>
        <time>2026-04-10T14:51:08.000Z</time>
        <extensions>
          <ns3:TrackPointExtension>
            <ns3:hr>139</ns3:hr>
            <ns3:cad>83</ns3:cad>
          </ns3:TrackPointExtension>
        </extensions>
      </trkpt>
      <trkpt lat="37.47717811726033687591552734375" lon="126.9585340283811092376708984375">
        <ele>45.59999847412109375</ele>
        <time>2026-04-10T14:51:09.000Z</time>
        <extensions>
          <ns3:TrackPointExtension>
            <ns3:hr>139</ns3:hr>
            <ns3:cad>83</ns3:cad>
          </ns3:TrackPointExtension>
        </extensions>
      </trkpt>
      <trkpt lat="37.4772088788449764251708984375" lon="126.95852908305823802947998046875">
        <ele>45.59999847412109375</ele>
        <time>2026-04-10T14:51:10.000Z</time>
        <extensions>
          <ns3:TrackPointExtension>
            <ns3:hr>139</ns3:hr>
            <ns3:cad>83</ns3:cad>
          </ns3:TrackPointExtension>
        </extensions>
      </trkpt>
      <trkpt lat="37.47724047861993312835693359375" lon="126.958514414727687835693359375">
        <ele>45.59999847412109375</ele>
        <time>2026-04-10T14:51:11.000Z</time>
        <extensions>
          <ns3:TrackPointExtension>
            <ns3:hr>139</ns3:hr>
            <ns3:cad>82</ns3:cad>
          </ns3:TrackPointExtension>
        </extensions>
      </trkpt>
      <trkpt lat="37.47727802954614162445068359375" lon="126.95850309915840625762939453125">
        <ele>45.59999847412109375</ele>
        <time>2026-04-10T14:51:12.000Z</time>
        <extensions>
          <ns3:TrackPointExtension>
            <ns3:hr>139</ns3:hr>
            <ns3:cad>82</ns3:cad>
          </ns3:TrackPointExtension>
        </extensions>
      </trkpt>
      <trkpt lat="37.47730535455048084259033203125" lon="126.958492286503314971923828125">
        <ele>45.799999237060546875</ele>
        <time>2026-04-10T14:51:13.000Z</time>
        <extensions>
          <ns3:TrackPointExtension>
            <ns3:hr>140</ns3:hr>
            <ns3:cad>82</ns3:cad>
          </ns3:TrackPointExtension>
        </extensions>
      </trkpt>
      <trkpt lat="37.47733804397284984588623046875" lon="126.95848189294338226318359375">
        <ele>45.799999237060546875</ele>
        <time>2026-04-10T14:51:14.000Z</time>
        <extensions>
          <ns3:TrackPointExtension>
            <ns3:hr>139</ns3:hr>
            <ns3:cad>82</ns3:cad>
          </ns3:TrackPointExtension>
        </extensions>
      </trkpt>
      <trkpt lat="37.4773706495761871337890625" lon="126.9584686495363712310791015625">
        <ele>45.59999847412109375</ele>
        <time>2026-04-10T14:51:15.000Z</time>
        <extensions>
          <ns3:TrackPointExtension>
            <ns3:hr>140</ns3:hr>
            <ns3:cad>82</ns3:cad>
          </ns3:TrackPointExtension>
        </extensions>
      </trkpt>
      <trkpt lat="37.4774001538753509521484375" lon="126.958459429442882537841796875">
        <ele>45.59999847412109375</ele>
        <time>2026-04-10T14:51:16.000Z</time>
        <extensions>
          <ns3:TrackPointExtension>
            <ns3:hr>140</ns3:hr>
            <ns3:cad>82</ns3:cad>
          </ns3:TrackPointExtension>
        </extensions>
      </trkpt>
      <trkpt lat="37.4774345196783542633056640625" lon="126.95845046080648899078369140625">
        <ele>45.40000152587890625</ele>
        <time>2026-04-10T14:51:17.000Z</time>
        <extensions>
          <ns3:TrackPointExtension>
            <ns3:hr>140</ns3:hr>
            <ns3:cad>82</ns3:cad>
          </ns3:TrackPointExtension>
        </extensions>
      </trkpt>
      <trkpt lat="37.4774589948356151580810546875" lon="126.95843503810465335845947265625">
        <ele>45.200000762939453125</ele>
        <time>2026-04-10T14:51:18.000Z</time>
        <extensions>
          <ns3:TrackPointExtension>
            <ns3:hr>140</ns3:hr>
            <ns3:cad>82</ns3:cad>
          </ns3:TrackPointExtension>
        </extensions>
      </trkpt>
      <trkpt lat="37.47750199399888515472412109375" lon="126.958417855203151702880859375">
        <ele>45.200000762939453125</ele>
        <time>2026-04-10T14:51:19.000Z</time>
        <extensions>
          <ns3:TrackPointExtension>
            <ns3:hr>139</ns3:hr>
            <ns3:cad>82</ns3:cad>
          </ns3:TrackPointExtension>
        </extensions>
      </trkpt>
      <trkpt lat="37.47753501869738101959228515625" lon="126.95840754546225070953369140625">
        <ele>45</ele>
        <time>2026-04-10T14:51:20.000Z</time>
        <extensions>
          <ns3:TrackPointExtension>
            <ns3:hr>139</ns3:hr>
            <ns3:cad>83</ns3:cad>
          </ns3:TrackPointExtension>
        </extensions>
      </trkpt>
      <trkpt lat="37.47756720520555973052978515625" lon="126.95839514024555683135986328125">
        <ele>44.799999237060546875</ele>
        <time>2026-04-10T14:51:21.000Z</time>
        <extensions>
          <ns3:TrackPointExtension>
            <ns3:hr>139</ns3:hr>
            <ns3:cad>83</ns3:cad>
          </ns3:TrackPointExtension>
        </extensions>
      </trkpt>
      <trkpt lat="37.4775951169431209564208984375" lon="126.958383657038211822509765625">
        <ele>44.799999237060546875</ele>
        <time>2026-04-10T14:51:22.000Z</time>
        <extensions>
          <ns3:TrackPointExtension>
            <ns3:hr>139</ns3:hr>
            <ns3:cad>84</ns3:cad>
          </ns3:TrackPointExtension>
        </extensions>
      </trkpt>
      <trkpt lat="37.4776216037571430206298828125" lon="126.958369910717010498046875">
        <ele>44.59999847412109375</ele>
        <time>2026-04-10T14:51:23.000Z</time>
        <extensions>
          <ns3:TrackPointExtension>
            <ns3:hr>140</ns3:hr>
            <ns3:cad>84</ns3:cad>
          </ns3:TrackPointExtension>
        </extensions>
      </trkpt>
      <trkpt lat="37.47764565981924533843994140625" lon="126.95835717022418975830078125">
        <ele>44.59999847412109375</ele>
        <time>2026-04-10T14:51:24.000Z</time>
        <extensions>
          <ns3:TrackPointExtension>
            <ns3:hr>140</ns3:hr>
            <ns3:cad>84</ns3:cad>
          </ns3:TrackPointExtension>
        </extensions>
      </trkpt>
      <trkpt lat="37.47767684049904346466064453125" lon="126.95834602229297161102294921875">
        <ele>44.40000152587890625</ele>
        <time>2026-04-10T14:51:25.000Z</time>
        <extensions>
          <ns3:TrackPointExtension>
            <ns3:hr>140</ns3:hr>
            <ns3:cad>83</ns3:cad>
          </ns3:TrackPointExtension>
        </extensions>
      </trkpt>
      <trkpt lat="37.477695532143115997314453125" lon="126.9583274982869625091552734375">
        <ele>44.40000152587890625</ele>
        <time>2026-04-10T14:51:26.000Z</time>
        <extensions>
          <ns3:TrackPointExtension>
            <ns3:hr>140</ns3:hr>
            <ns3:cad>83</ns3:cad>
          </ns3:TrackPointExtension>
        </extensions>
      </trkpt>
      <trkpt lat="37.4777148105204105377197265625" lon="126.95829723961651325225830078125">
        <ele>44.40000152587890625</ele>
        <time>2026-04-10T14:51:27.000Z</time>
        <extensions>
          <ns3:TrackPointExtension>
            <ns3:hr>140</ns3:hr>
            <ns3:cad>83</ns3:cad>
          </ns3:TrackPointExtension>
        </extensions>
      </trkpt>
      <trkpt lat="37.47772797010838985443115234375" lon="126.9582627899944782257080078125">
        <ele>44.40000152587890625</ele>
        <time>2026-04-10T14:51:28.000Z</time>
        <extensions>
          <ns3:TrackPointExtension>
            <ns3:hr>140</ns3:hr>
            <ns3:cad>83</ns3:cad>
          </ns3:TrackPointExtension>
        </extensions>
      </trkpt>
      <trkpt lat="37.4777473323047161102294921875" lon="126.95822305977344512939453125">
        <ele>44.40000152587890625</ele>
        <time>2026-04-10T14:51:29.000Z</time>
        <extensions>
          <ns3:TrackPointExtension>
            <ns3:hr>140</ns3:hr>
            <ns3:cad>83</ns3:cad>
          </ns3:TrackPointExtension>
        </extensions>
      </trkpt>
      <trkpt lat="37.47776149772107601165771484375" lon="126.9581861793994903564453125">
        <ele>44.59999847412109375</ele>
        <time>2026-04-10T14:51:30.000Z</time>
        <extensions>
          <ns3:TrackPointExtension>
            <ns3:hr>141</ns3:hr>
            <ns3:cad>83</ns3:cad>
          </ns3:TrackPointExtension>
        </extensions>
      </trkpt>
      <trkpt lat="37.4777734838426113128662109375" lon="126.9581504724919795989990234375">
        <ele>44.59999847412109375</ele>
        <time>2026-04-10T14:51:31.000Z</time>
        <extensions>
          <ns3:TrackPointExtension>
            <ns3:hr>141</ns3:hr>
            <ns3:cad>84</ns3:cad>
          </ns3:TrackPointExtension>
        </extensions>
      </trkpt>
      <trkpt lat="37.47778949327766895294189453125" lon="126.95810680277645587921142578125">
        <ele>44.59999847412109375</ele>
        <time>2026-04-10T14:51:32.000Z</time>
        <extensions>
          <ns3:TrackPointExtension>
            <ns3:hr>141</ns3:hr>
            <ns3:cad>84</ns3:cad>
          </ns3:TrackPointExtension>
        </extensions>
      </trkpt>
      <trkpt lat="37.4777998030185699462890625" lon="126.95807847194373607635498046875">
        <ele>44.59999847412109375</ele>
        <time>2026-04-10T14:51:33.000Z</time>
        <extensions>
          <ns3:TrackPointExtension>
            <ns3:hr>141</ns3:hr>
            <ns3:cad>84</ns3:cad>
          </ns3:TrackPointExtension>
        </extensions>
      </trkpt>
      <trkpt lat="37.47782251797616481781005859375" lon="126.95803932845592498779296875">
        <ele>44.59999847412109375</ele>
        <time>2026-04-10T14:51:34.000Z</time>
        <extensions>
          <ns3:TrackPointExtension>
            <ns3:hr>141</ns3:hr>
            <ns3:cad>84</ns3:cad>
          </ns3:TrackPointExtension>
        </extensions>
      </trkpt>
      <trkpt lat="37.47784112580120563507080078125" lon="126.95799800567328929901123046875">
        <ele>44.59999847412109375</ele>
        <time>2026-04-10T14:51:35.000Z</time>
        <extensions>
          <ns3:TrackPointExtension>
            <ns3:hr>141</ns3:hr>
            <ns3:cad>84</ns3:cad>
          </ns3:TrackPointExtension>
        </extensions>
      </trkpt>
      <trkpt lat="37.4778495915234088897705078125" lon="126.9579630531370639801025390625">
        <ele>44.59999847412109375</ele>
        <time>2026-04-10T14:51:36.000Z</time>
        <extensions>
          <ns3:TrackPointExtension>
            <ns3:hr>141</ns3:hr>
            <ns3:cad>84</ns3:cad>
          </ns3:TrackPointExtension>
        </extensions>
      </trkpt>
      <trkpt lat="37.4778676964342594146728515625" lon="126.957922317087650299072265625">
        <ele>44.59999847412109375</ele>
        <time>2026-04-10T14:51:37.000Z</time>
        <extensions>
          <ns3:TrackPointExtension>
            <ns3:hr>141</ns3:hr>
            <ns3:cad>84</ns3:cad>
          </ns3:TrackPointExtension>
        </extensions>
      </trkpt>
      <trkpt lat="37.47788119129836559295654296875" lon="126.95788853801786899566650390625">
        <ele>44.40000152587890625</ele>
        <time>2026-04-10T14:51:38.000Z</time>
        <extensions>
          <ns3:TrackPointExtension>
            <ns3:hr>142</ns3:hr>
            <ns3:cad>84</ns3:cad>
          </ns3:TrackPointExtension>
        </extensions>
      </trkpt>
      <trkpt lat="37.47790348716080188751220703125" lon="126.9578524120151996612548828125">
        <ele>44.40000152587890625</ele>
        <time>2026-04-10T14:51:39.000Z</time>
        <extensions>
          <ns3:TrackPointExtension>
            <ns3:hr>142</ns3:hr>
            <ns3:cad>84</ns3:cad>
          </ns3:TrackPointExtension>
        </extensions>
      </trkpt>
      <trkpt lat="37.4779240228235721588134765625" lon="126.957818381488323211669921875">
        <ele>44.40000152587890625</ele>
        <time>2026-04-10T14:51:40.000Z</time>
        <extensions>
          <ns3:TrackPointExtension>
            <ns3:hr>142</ns3:hr>
            <ns3:cad>84</ns3:cad>
          </ns3:TrackPointExtension>
        </extensions>
      </trkpt>
      <trkpt lat="37.47793517075479030609130859375" lon="126.95779231376945972442626953125">
        <ele>44.40000152587890625</ele>
        <time>2026-04-10T14:51:41.000Z</time>
        <extensions>
          <ns3:TrackPointExtension>
            <ns3:hr>143</ns3:hr>
            <ns3:cad>84</ns3:cad>
          </ns3:TrackPointExtension>
        </extensions>
      </trkpt>
      <trkpt lat="37.477948665618896484375" lon="126.95774571038782596588134765625">
        <ele>44.40000152587890625</ele>
        <time>2026-04-10T14:51:42.000Z</time>
        <extensions>
          <ns3:TrackPointExtension>
            <ns3:hr>143</ns3:hr>
            <ns3:cad>84</ns3:cad>
          </ns3:TrackPointExtension>
        </extensions>
      </trkpt>
      <trkpt lat="37.47796081937849521636962890625" lon="126.95772056467831134796142578125">
        <ele>44.200000762939453125</ele>
        <time>2026-04-10T14:51:43.000Z</time>
        <extensions>
          <ns3:TrackPointExtension>
            <ns3:hr>144</ns3:hr>
            <ns3:cad>84</ns3:cad>
          </ns3:TrackPointExtension>
        </extensions>
      </trkpt>
      <trkpt lat="37.47797808609902858734130859375" lon="126.9576851092278957366943359375">
        <ele>44.200000762939453125</ele>
        <time>2026-04-10T14:51:44.000Z</time>
        <extensions>
          <ns3:TrackPointExtension>
            <ns3:hr>144</ns3:hr>
            <ns3:cad>84</ns3:cad>
          </ns3:TrackPointExtension>
        </extensions>
      </trkpt>
      <trkpt lat="37.47799870558083057403564453125" lon="126.9576470553874969482421875">
        <ele>44.200000762939453125</ele>
        <time>2026-04-10T14:51:45.000Z</time>
        <extensions>
          <ns3:TrackPointExtension>
            <ns3:hr>144</ns3:hr>
            <ns3:cad>84</ns3:cad>
          </ns3:TrackPointExtension>
        </extensions>
      </trkpt>
      <trkpt lat="37.47800708748400211334228515625" lon="126.957619898021221160888671875">
        <ele>44.40000152587890625</ele>
        <time>2026-04-10T14:51:46.000Z</time>
        <extensions>
          <ns3:TrackPointExtension>
            <ns3:hr>145</ns3:hr>
            <ns3:cad>84</ns3:cad>
          </ns3:TrackPointExtension>
        </extensions>
      </trkpt>
      <trkpt lat="37.47801898978650569915771484375" lon="126.95758444257080554962158203125">
        <ele>44.40000152587890625</ele>
        <time>2026-04-10T14:51:47.000Z</time>
        <extensions>
          <ns3:TrackPointExtension>
            <ns3:hr>145</ns3:hr>
            <ns3:cad>84</ns3:cad>
          </ns3:TrackPointExtension>
        </extensions>
      </trkpt>
      <trkpt lat="37.4780286289751529693603515625" lon="126.9575550220906734466552734375">
        <ele>44.200000762939453125</ele>
        <time>2026-04-10T14:51:48.000Z</time>
        <extensions>
          <ns3:TrackPointExtension>
            <ns3:hr>145</ns3:hr>
            <ns3:cad>84</ns3:cad>
          </ns3:TrackPointExtension>
        </extensions>
      </trkpt>
      <trkpt lat="37.4780406989157199859619140625" lon="126.9575218297541141510009765625">
        <ele>44.200000762939453125</ele>
        <time>2026-04-10T14:51:49.000Z</time>
        <extensions>
          <ns3:TrackPointExtension>
            <ns3:hr>145</ns3:hr>
            <ns3:cad>84</ns3:cad>
          </ns3:TrackPointExtension>
        </extensions>
      </trkpt>
      <trkpt lat="37.478058636188507080078125" lon="126.95748721249401569366455078125">
        <ele>44</ele>
        <time>2026-04-10T14:51:50.000Z</time>
        <extensions>
          <ns3:TrackPointExtension>
            <ns3:hr>145</ns3:hr>
            <ns3:cad>83</ns3:cad>
          </ns3:TrackPointExtension>
        </extensions>
      </trkpt>
      <trkpt lat="37.4780668504536151885986328125" lon="126.95745167322456836700439453125">
        <ele>44</ele>
        <time>2026-04-10T14:51:51.000Z</time>
        <extensions>
          <ns3:TrackPointExtension>
            <ns3:hr>145</ns3:hr>
            <ns3:cad>83</ns3:cad>
          </ns3:TrackPointExtension>
        </extensions>
      </trkpt>
      <trkpt lat="37.47808638028800487518310546875" lon="126.9574071653187274932861328125">
        <ele>44</ele>
        <time>2026-04-10T14:51:52.000Z</time>
        <extensions>
          <ns3:TrackPointExtension>
            <ns3:hr>145</ns3:hr>
            <ns3:cad>83</ns3:cad>
          </ns3:TrackPointExtension>
        </extensions>
      </trkpt>
      <trkpt lat="37.47809777967631816864013671875" lon="126.95736986584961414337158203125">
        <ele>43.799999237060546875</ele>
        <time>2026-04-10T14:51:53.000Z</time>
        <extensions>
          <ns3:TrackPointExtension>
            <ns3:hr>145</ns3:hr>
            <ns3:cad>83</ns3:cad>
          </ns3:TrackPointExtension>
        </extensions>
      </trkpt>
      <trkpt lat="37.47810683213174343109130859375" lon="126.9573327340185642242431640625">
        <ele>43.799999237060546875</ele>
        <time>2026-04-10T14:51:54.000Z</time>
        <extensions>
          <ns3:TrackPointExtension>
            <ns3:hr>145</ns3:hr>
            <ns3:cad>83</ns3:cad>
          </ns3:TrackPointExtension>
        </extensions>
      </trkpt>
      <trkpt lat="37.4781164713203907012939453125" lon="126.95729007013142108917236328125">
        <ele>43.59999847412109375</ele>
        <time>2026-04-10T14:51:55.000Z</time>
        <extensions>
          <ns3:TrackPointExtension>
            <ns3:hr>145</ns3:hr>
            <ns3:cad>83</ns3:cad>
          </ns3:TrackPointExtension>
        </extensions>
      </trkpt>
      <trkpt lat="37.4781208299100399017333984375" lon="126.95726291276514530181884765625">
        <ele>43.59999847412109375</ele>
        <time>2026-04-10T14:51:56.000Z</time>
        <extensions>
          <ns3:TrackPointExtension>
            <ns3:hr>145</ns3:hr>
            <ns3:cad>83</ns3:cad>
          </ns3:TrackPointExtension>
        </extensions>
      </trkpt>
      <trkpt lat="37.478131391108036041259765625" lon="126.957222931087017059326171875">
        <ele>43.59999847412109375</ele>
        <time>2026-04-10T14:51:57.000Z</time>
        <extensions>
          <ns3:TrackPointExtension>
            <ns3:hr>145</ns3:hr>
            <ns3:cad>83</ns3:cad>
          </ns3:TrackPointExtension>
        </extensions>
      </trkpt>
      <trkpt lat="37.47814672999083995819091796875" lon="126.95717808790504932403564453125">
        <ele>43.40000152587890625</ele>
        <time>2026-04-10T14:51:58.000Z</time>
        <extensions>
          <ns3:TrackPointExtension>
            <ns3:hr>145</ns3:hr>
            <ns3:cad>83</ns3:cad>
          </ns3:TrackPointExtension>
        </extensions>
      </trkpt>
      <trkpt lat="37.47816131450235843658447265625" lon="126.9571387767791748046875">
        <ele>43.59999847412109375</ele>
        <time>2026-04-10T14:51:59.000Z</time>
        <extensions>
          <ns3:TrackPointExtension>
            <ns3:hr>145</ns3:hr>
            <ns3:cad>83</ns3:cad>
          </ns3:TrackPointExtension>
        </extensions>
      </trkpt>
      <trkpt lat="37.478176318109035491943359375" lon="126.9570869766175746917724609375">
        <ele>43.59999847412109375</ele>
        <time>2026-04-10T14:52:00.000Z</time>
        <extensions>
          <ns3:TrackPointExtension>
            <ns3:hr>145</ns3:hr>
            <ns3:cad>83</ns3:cad>
          </ns3:TrackPointExtension>
        </extensions>
      </trkpt>
      <trkpt lat="37.4781860411167144775390625" lon="126.9570547901093959808349609375">
        <ele>43.59999847412109375</ele>
        <time>2026-04-10T14:52:01.000Z</time>
        <extensions>
          <ns3:TrackPointExtension>
            <ns3:hr>145</ns3:hr>
            <ns3:cad>83</ns3:cad>
          </ns3:TrackPointExtension>
        </extensions>
      </trkpt>
      <trkpt lat="37.4782048165798187255859375" lon="126.95701363496482372283935546875">
        <ele>43.59999847412109375</ele>
        <time>2026-04-10T14:52:02.000Z</time>
        <extensions>
          <ns3:TrackPointExtension>
            <ns3:hr>145</ns3:hr>
            <ns3:cad>84</ns3:cad>
          </ns3:TrackPointExtension>
        </extensions>
      </trkpt>
      <trkpt lat="37.4782224185764789581298828125" lon="126.95697692222893238067626953125">
        <ele>43.40000152587890625</ele>
        <time>2026-04-10T14:52:03.000Z</time>
        <extensions>
          <ns3:TrackPointExtension>
            <ns3:hr>145</ns3:hr>
            <ns3:cad>84</ns3:cad>
          </ns3:TrackPointExtension>
        </extensions>
      </trkpt>
      <trkpt lat="37.47823457233607769012451171875" lon="126.95694490335881710052490234375">
        <ele>43.40000152587890625</ele>
        <time>2026-04-10T14:52:04.000Z</time>
        <extensions>
          <ns3:TrackPointExtension>
            <ns3:hr>145</ns3:hr>
            <ns3:cad>84</ns3:cad>
          </ns3:TrackPointExtension>
        </extensions>
      </trkpt>
      <trkpt lat="37.47824463061988353729248046875" lon="126.9569027423858642578125">
        <ele>43.40000152587890625</ele>
        <time>2026-04-10T14:52:05.000Z</time>
        <extensions>
          <ns3:TrackPointExtension>
            <ns3:hr>144</ns3:hr>
            <ns3:cad>84</ns3:cad>
          </ns3:TrackPointExtension>
        </extensions>
      </trkpt>
      <trkpt lat="37.47825334779918193817138671875" lon="126.95687566883862018585205078125">
        <ele>43.40000152587890625</ele>
        <time>2026-04-10T14:52:06.000Z</time>
        <extensions>
          <ns3:TrackPointExtension>
            <ns3:hr>144</ns3:hr>
            <ns3:cad>83</ns3:cad>
          </ns3:TrackPointExtension>
        </extensions>
      </trkpt>
      <trkpt lat="37.47826256789267063140869140625" lon="126.9568445719778537750244140625">
        <ele>43.40000152587890625</ele>
        <time>2026-04-10T14:52:07.000Z</time>
        <extensions>
          <ns3:TrackPointExtension>
            <ns3:hr>144</ns3:hr>
            <ns3:cad>83</ns3:cad>
          </ns3:TrackPointExtension>
        </extensions>
      </trkpt>
      <trkpt lat="37.47827681712806224822998046875" lon="126.95680894888937473297119140625">
        <ele>43.59999847412109375</ele>
        <time>2026-04-10T14:52:08.000Z</time>
        <extensions>
          <ns3:TrackPointExtension>
            <ns3:hr>144</ns3:hr>
            <ns3:cad>84</ns3:cad>
          </ns3:TrackPointExtension>
        </extensions>
      </trkpt>
      <trkpt lat="37.47828586958348751068115234375" lon="126.9567734934389591217041015625">
        <ele>43.40000152587890625</ele>
        <time>2026-04-10T14:52:09.000Z</time>
        <extensions>
          <ns3:TrackPointExtension>
            <ns3:hr>145</ns3:hr>
            <ns3:cad>84</ns3:cad>
          </ns3:TrackPointExtension>
        </extensions>
      </trkpt>
      <trkpt lat="37.4783065728843212127685546875" lon="126.95673175156116485595703125">
        <ele>43.200000762939453125</ele>
        <time>2026-04-10T14:52:10.000Z</time>
        <extensions>
          <ns3:TrackPointExtension>
            <ns3:hr>144</ns3:hr>
            <ns3:cad>84</ns3:cad>
          </ns3:TrackPointExtension>
        </extensions>
      </trkpt>
      <trkpt lat="37.478317134082317352294921875" lon="126.9567020796239376068115234375">
        <ele>43.200000762939453125</ele>
        <time>2026-04-10T14:52:11.000Z</time>
        <extensions>
          <ns3:TrackPointExtension>
            <ns3:hr>144</ns3:hr>
            <ns3:cad>84</ns3:cad>
          </ns3:TrackPointExtension>
        </extensions>
      </trkpt>
      <trkpt lat="37.4783327244222164154052734375" lon="126.95666343905031681060791015625">
        <ele>43</ele>
        <time>2026-04-10T14:52:12.000Z</time>
        <extensions>
          <ns3:TrackPointExtension>
            <ns3:hr>144</ns3:hr>
            <ns3:cad>84</ns3:cad>
          </ns3:TrackPointExtension>
        </extensions>
      </trkpt>
      <trkpt lat="37.47833632864058017730712890625" lon="126.95662890560925006866455078125">
        <ele>42.799999237060546875</ele>
        <time>2026-04-10T14:52:13.000Z</time>
        <extensions>
          <ns3:TrackPointExtension>
            <ns3:hr>144</ns3:hr>
            <ns3:cad>83</ns3:cad>
          </ns3:TrackPointExtension>
        </extensions>
      </trkpt>
      <trkpt lat="37.47834085486829280853271484375" lon="126.9565931148827075958251953125">
        <ele>42.59999847412109375</ele>
        <time>2026-04-10T14:52:14.000Z</time>
        <extensions>
          <ns3:TrackPointExtension>
            <ns3:hr>144</ns3:hr>
            <ns3:cad>83</ns3:cad>
          </ns3:TrackPointExtension>
        </extensions>
      </trkpt>
      <trkpt lat="37.4783525057137012481689453125" lon="126.95656050927937030792236328125">
        <ele>42.59999847412109375</ele>
        <time>2026-04-10T14:52:15.000Z</time>
        <extensions>
          <ns3:TrackPointExtension>
            <ns3:hr>144</ns3:hr>
            <ns3:cad>83</ns3:cad>
          </ns3:TrackPointExtension>
        </extensions>
      </trkpt>
      <trkpt lat="37.47835493646562099456787109375" lon="126.95653167553246021270751953125">
        <ele>42.59999847412109375</ele>
        <time>2026-04-10T14:52:16.000Z</time>
        <extensions>
          <ns3:TrackPointExtension>
            <ns3:hr>144</ns3:hr>
            <ns3:cad>84</ns3:cad>
          </ns3:TrackPointExtension>
        </extensions>
      </trkpt>
      <trkpt lat="37.4783639051020145416259765625" lon="126.95648943074047565460205078125">
        <ele>42.59999847412109375</ele>
        <time>2026-04-10T14:52:17.000Z</time>
        <extensions>
          <ns3:TrackPointExtension>
            <ns3:hr>144</ns3:hr>
            <ns3:cad>84</ns3:cad>
          </ns3:TrackPointExtension>
        </extensions>
      </trkpt>
      <trkpt lat="37.47837656177580356597900390625" lon="126.9564536400139331817626953125">
        <ele>42.799999237060546875</ele>
        <time>2026-04-10T14:52:18.000Z</time>
        <extensions>
          <ns3:TrackPointExtension>
            <ns3:hr>144</ns3:hr>
            <ns3:cad>84</ns3:cad>
          </ns3:TrackPointExtension>
        </extensions>
      </trkpt>
      <trkpt lat="37.47838494367897510528564453125" lon="126.95641231723129749298095703125">
        <ele>43</ele>
        <time>2026-04-10T14:52:19.000Z</time>
        <extensions>
          <ns3:TrackPointExtension>
            <ns3:hr>144</ns3:hr>
            <ns3:cad>84</ns3:cad>
          </ns3:TrackPointExtension>
        </extensions>
      </trkpt>
      <trkpt lat="37.47839584015309810638427734375" lon="126.9563663005828857421875">
        <ele>43</ele>
        <time>2026-04-10T14:52:20.000Z</time>
        <extensions>
          <ns3:TrackPointExtension>
            <ns3:hr>144</ns3:hr>
            <ns3:cad>84</ns3:cad>
          </ns3:TrackPointExtension>
        </extensions>
      </trkpt>
      <trkpt lat="37.47839852236211299896240234375" lon="126.95633486844599246978759765625">
        <ele>43</ele>
        <time>2026-04-10T14:52:21.000Z</time>
        <extensions>
          <ns3:TrackPointExtension>
            <ns3:hr>144</ns3:hr>
            <ns3:cad>84</ns3:cad>
          </ns3:TrackPointExtension>
        </extensions>
      </trkpt>
      <trkpt lat="37.47841210104525089263916015625" lon="126.9562863372266292572021484375">
        <ele>42.799999237060546875</ele>
        <time>2026-04-10T14:52:22.000Z</time>
        <extensions>
          <ns3:TrackPointExtension>
            <ns3:hr>144</ns3:hr>
            <ns3:cad>83</ns3:cad>
          </ns3:TrackPointExtension>
        </extensions>
      </trkpt>
      <trkpt lat="37.47842668555676937103271484375" lon="126.9562477804720401763916015625">
        <ele>42.799999237060546875</ele>
        <time>2026-04-10T14:52:23.000Z</time>
        <extensions>
          <ns3:TrackPointExtension>
            <ns3:hr>144</ns3:hr>
            <ns3:cad>83</ns3:cad>
          </ns3:TrackPointExtension>
        </extensions>
      </trkpt>
      <trkpt lat="37.4784373305737972259521484375" lon="126.95621735416352748870849609375">
        <ele>42.59999847412109375</ele>
        <time>2026-04-10T14:52:24.000Z</time>
        <extensions>
          <ns3:TrackPointExtension>
            <ns3:hr>145</ns3:hr>
            <ns3:cad>83</ns3:cad>
          </ns3:TrackPointExtension>
        </extensions>
      </trkpt>
      <trkpt lat="37.47845082543790340423583984375" lon="126.95618181489408016204833984375">
        <ele>42.59999847412109375</ele>
        <time>2026-04-10T14:52:25.000Z</time>
        <extensions>
          <ns3:TrackPointExtension>
            <ns3:hr>144</ns3:hr>
            <ns3:cad>83</ns3:cad>
          </ns3:TrackPointExtension>
        </extensions>
      </trkpt>
      <trkpt lat="37.4784567765891551971435546875" lon="126.95614158175885677337646484375">
        <ele>42.59999847412109375</ele>
        <time>2026-04-10T14:52:26.000Z</time>
        <extensions>
          <ns3:TrackPointExtension>
            <ns3:hr>144</ns3:hr>
            <ns3:cad>83</ns3:cad>
          </ns3:TrackPointExtension>
        </extensions>
      </trkpt>
      <trkpt lat="37.4784671701490879058837890625" lon="126.95610009133815765380859375">
        <ele>42.799999237060546875</ele>
        <time>2026-04-10T14:52:27.000Z</time>
        <extensions>
          <ns3:TrackPointExtension>
            <ns3:hr>145</ns3:hr>
            <ns3:cad>83</ns3:cad>
          </ns3:TrackPointExtension>
        </extensions>
      </trkpt>
      <trkpt lat="37.47847965918481349945068359375" lon="126.9560580141842365264892578125">
        <ele>42.799999237060546875</ele>
        <time>2026-04-10T14:52:28.000Z</time>
        <extensions>
          <ns3:TrackPointExtension>
            <ns3:hr>144</ns3:hr>
            <ns3:cad>83</ns3:cad>
          </ns3:TrackPointExtension>
        </extensions>
      </trkpt>
      <trkpt lat="37.47849223203957080841064453125" lon="126.95602574385702610015869140625">
        <ele>42.799999237060546875</ele>
        <time>2026-04-10T14:52:29.000Z</time>
        <extensions>
          <ns3:TrackPointExtension>
            <ns3:hr>144</ns3:hr>
            <ns3:cad>83</ns3:cad>
          </ns3:TrackPointExtension>
        </extensions>
      </trkpt>
      <trkpt lat="37.47850849293172359466552734375" lon="126.95598467253148555755615234375">
        <ele>42.799999237060546875</ele>
        <time>2026-04-10T14:52:30.000Z</time>
        <extensions>
          <ns3:TrackPointExtension>
            <ns3:hr>145</ns3:hr>
            <ns3:cad>83</ns3:cad>
          </ns3:TrackPointExtension>
        </extensions>
      </trkpt>
      <trkpt lat="37.47851352207362651824951171875" lon="126.9559550844132900238037109375">
        <ele>42.59999847412109375</ele>
        <time>2026-04-10T14:52:31.000Z</time>
        <extensions>
          <ns3:TrackPointExtension>
            <ns3:hr>145</ns3:hr>
            <ns3:cad>83</ns3:cad>
          </ns3:TrackPointExtension>
        </extensions>
      </trkpt>
      <trkpt lat="37.47852358035743236541748046875" lon="126.95591057650744915008544921875">
        <ele>42.59999847412109375</ele>
        <time>2026-04-10T14:52:32.000Z</time>
        <extensions>
          <ns3:TrackPointExtension>
            <ns3:hr>145</ns3:hr>
            <ns3:cad>83</ns3:cad>
          </ns3:TrackPointExtension>
        </extensions>
      </trkpt>
      <trkpt lat="37.4785322137176990509033203125" lon="126.9558719359338283538818359375">
        <ele>42.59999847412109375</ele>
        <time>2026-04-10T14:52:33.000Z</time>
        <extensions>
          <ns3:TrackPointExtension>
            <ns3:hr>145</ns3:hr>
            <ns3:cad>83</ns3:cad>
          </ns3:TrackPointExtension>
        </extensions>
      </trkpt>
      <trkpt lat="37.47853883542120456695556640625" lon="126.95583949796855449676513671875">
        <ele>42.40000152587890625</ele>
        <time>2026-04-10T14:52:34.000Z</time>
        <extensions>
          <ns3:TrackPointExtension>
            <ns3:hr>145</ns3:hr>
            <ns3:cad>83</ns3:cad>
          </ns3:TrackPointExtension>
        </extensions>
      </trkpt>
      <trkpt lat="37.47854604385793209075927734375" lon="126.9557941518723964691162109375">
        <ele>42.200000762939453125</ele>
        <time>2026-04-10T14:52:35.000Z</time>
        <extensions>
          <ns3:TrackPointExtension>
            <ns3:hr>144</ns3:hr>
            <ns3:cad>83</ns3:cad>
          </ns3:TrackPointExtension>
        </extensions>
      </trkpt>
      <trkpt lat="37.47854671441018581390380859375" lon="126.95576749742031097412109375">
        <ele>42.40000152587890625</ele>
        <time>2026-04-10T14:52:36.000Z</time>
        <extensions>
          <ns3:TrackPointExtension>
            <ns3:hr>145</ns3:hr>
            <ns3:cad>83</ns3:cad>
          </ns3:TrackPointExtension>
        </extensions>
      </trkpt>
      <trkpt lat="37.47855593450367450714111328125" lon="126.9557292759418487548828125">
        <ele>42.40000152587890625</ele>
        <time>2026-04-10T14:52:37.000Z</time>
        <extensions>
          <ns3:TrackPointExtension>
            <ns3:hr>145</ns3:hr>
            <ns3:cad>84</ns3:cad>
          </ns3:TrackPointExtension>
        </extensions>
      </trkpt>
      <trkpt lat="37.47856247238814830780029296875" lon="126.95568761788308620452880859375">
        <ele>42.40000152587890625</ele>
        <time>2026-04-10T14:52:38.000Z</time>
        <extensions>
          <ns3:TrackPointExtension>
            <ns3:hr>145</ns3:hr>
            <ns3:cad>84</ns3:cad>
          </ns3:TrackPointExtension>
        </extensions>
      </trkpt>
      <trkpt lat="37.47856398113071918487548828125" lon="126.95564906112849712371826171875">
        <ele>42.40000152587890625</ele>
        <time>2026-04-10T14:52:39.000Z</time>
        <extensions>
          <ns3:TrackPointExtension>
            <ns3:hr>145</ns3:hr>
            <ns3:cad>84</ns3:cad>
          </ns3:TrackPointExtension>
        </extensions>
      </trkpt>
      <trkpt lat="37.47857186011970043182373046875" lon="126.9556097500026226043701171875">
        <ele>42.40000152587890625</ele>
        <time>2026-04-10T14:52:40.000Z</time>
        <extensions>
          <ns3:TrackPointExtension>
            <ns3:hr>145</ns3:hr>
            <ns3:cad>84</ns3:cad>
          </ns3:TrackPointExtension>
        </extensions>
      </trkpt>
      <trkpt lat="37.478569261729717254638671875" lon="126.95557278580963611602783203125">
        <ele>42.40000152587890625</ele>
        <time>2026-04-10T14:52:41.000Z</time>
        <extensions>
          <ns3:TrackPointExtension>
            <ns3:hr>145</ns3:hr>
            <ns3:cad>84</ns3:cad>
          </ns3:TrackPointExtension>
        </extensions>
      </trkpt>
      <trkpt lat="37.4785791523754596710205078125" lon="126.95553221739828586578369140625">
        <ele>42.200000762939453125</ele>
        <time>2026-04-10T14:52:42.000Z</time>
        <extensions>
          <ns3:TrackPointExtension>
            <ns3:hr>146</ns3:hr>
            <ns3:cad>84</ns3:cad>
          </ns3:TrackPointExtension>
        </extensions>
      </trkpt>
      <trkpt lat="37.4785871990025043487548828125" lon="126.9554954208433628082275390625">
        <ele>42.200000762939453125</ele>
        <time>2026-04-10T14:52:43.000Z</time>
        <extensions>
          <ns3:TrackPointExtension>
            <ns3:hr>146</ns3:hr>
            <ns3:cad>84</ns3:cad>
          </ns3:TrackPointExtension>
        </extensions>
      </trkpt>
      <trkpt lat="37.47859415598213672637939453125" lon="126.9554662518203258514404296875">
        <ele>42.200000762939453125</ele>
        <time>2026-04-10T14:52:44.000Z</time>
        <extensions>
          <ns3:TrackPointExtension>
            <ns3:hr>145</ns3:hr>
            <ns3:cad>84</ns3:cad>
          </ns3:TrackPointExtension>
        </extensions>
      </trkpt>
      <trkpt lat="37.47861024923622608184814453125" lon="126.95542425848543643951416015625">
        <ele>42.200000762939453125</ele>
        <time>2026-04-10T14:52:45.000Z</time>
        <extensions>
          <ns3:TrackPointExtension>
            <ns3:hr>145</ns3:hr>
            <ns3:cad>83</ns3:cad>
          </ns3:TrackPointExtension>
        </extensions>
      </trkpt>
      <trkpt lat="37.4786150269210338592529296875" lon="126.9553924910724163055419921875">
        <ele>42.200000762939453125</ele>
        <time>2026-04-10T14:52:46.000Z</time>
        <extensions>
          <ns3:TrackPointExtension>
            <ns3:hr>145</ns3:hr>
            <ns3:cad>83</ns3:cad>
          </ns3:TrackPointExtension>
        </extensions>
      </trkpt>
      <trkpt lat="37.47862701304256916046142578125" lon="126.9553470611572265625">
        <ele>42</ele>
        <time>2026-04-10T14:52:47.000Z</time>
        <extensions>
          <ns3:TrackPointExtension>
            <ns3:hr>145</ns3:hr>
            <ns3:cad>83</ns3:cad>
          </ns3:TrackPointExtension>
        </extensions>
      </trkpt>
      <trkpt lat="37.47864067554473876953125" lon="126.95530456490814685821533203125">
        <ele>42</ele>
        <time>2026-04-10T14:52:48.000Z</time>
        <extensions>
          <ns3:TrackPointExtension>
            <ns3:hr>145</ns3:hr>
            <ns3:cad>84</ns3:cad>
          </ns3:TrackPointExtension>
        </extensions>
      </trkpt>
      <trkpt lat="37.4786498956382274627685546875" lon="126.9552667625248432159423828125">
        <ele>41.799999237060546875</ele>
        <time>2026-04-10T14:52:49.000Z</time>
        <extensions>
          <ns3:TrackPointExtension>
            <ns3:hr>146</ns3:hr>
            <ns3:cad>84</ns3:cad>
          </ns3:TrackPointExtension>
        </extensions>
      </trkpt>
      <trkpt lat="37.47866204939782619476318359375" lon="126.95522300899028778076171875">
        <ele>41.799999237060546875</ele>
        <time>2026-04-10T14:52:50.000Z</time>
        <extensions>
          <ns3:TrackPointExtension>
            <ns3:hr>145</ns3:hr>
            <ns3:cad>84</ns3:cad>
          </ns3:TrackPointExtension>
        </extensions>
      </trkpt>
      <trkpt lat="37.4786716885864734649658203125" lon="126.955186463892459869384765625">
        <ele>41.799999237060546875</ele>
        <time>2026-04-10T14:52:51.000Z</time>
        <extensions>
          <ns3:TrackPointExtension>
            <ns3:hr>145</ns3:hr>
            <ns3:cad>83</ns3:cad>
          </ns3:TrackPointExtension>
        </extensions>
      </trkpt>
      <trkpt lat="37.47868635691702365875244140625" lon="126.95514530874788761138916015625">
        <ele>41.59999847412109375</ele>
        <time>2026-04-10T14:52:52.000Z</time>
        <extensions>
          <ns3:TrackPointExtension>
            <ns3:hr>146</ns3:hr>
            <ns3:cad>83</ns3:cad>
          </ns3:TrackPointExtension>
        </extensions>
      </trkpt>
      <trkpt lat="37.47870010323822498321533203125" lon="126.95510566234588623046875">
        <ele>41.59999847412109375</ele>
        <time>2026-04-10T14:52:53.000Z</time>
        <extensions>
          <ns3:TrackPointExtension>
            <ns3:hr>145</ns3:hr>
            <ns3:cad>83</ns3:cad>
          </ns3:TrackPointExtension>
        </extensions>
      </trkpt>
      <trkpt lat="37.47870546765625476837158203125" lon="126.955071799457073211669921875">
        <ele>41.59999847412109375</ele>
        <time>2026-04-10T14:52:54.000Z</time>
        <extensions>
          <ns3:TrackPointExtension>
            <ns3:hr>145</ns3:hr>
            <ns3:cad>83</ns3:cad>
          </ns3:TrackPointExtension>
        </extensions>
      </trkpt>
      <trkpt lat="37.4787253327667713165283203125" lon="126.955026872456073760986328125">
        <ele>41.40000152587890625</ele>
        <time>2026-04-10T14:52:55.000Z</time>
        <extensions>
          <ns3:TrackPointExtension>
            <ns3:hr>145</ns3:hr>
            <ns3:cad>83</ns3:cad>
          </ns3:TrackPointExtension>
        </extensions>
      </trkpt>
      <trkpt lat="37.4787367321550846099853515625" lon="126.95499443449079990386962890625">
        <ele>41.40000152587890625</ele>
        <time>2026-04-10T14:52:56.000Z</time>
        <extensions>
          <ns3:TrackPointExtension>
            <ns3:hr>144</ns3:hr>
            <ns3:cad>83</ns3:cad>
          </ns3:TrackPointExtension>
        </extensions>
      </trkpt>
      <trkpt lat="37.47874989174306392669677734375" lon="126.95495420135557651519775390625">
        <ele>41.40000152587890625</ele>
        <time>2026-04-10T14:52:57.000Z</time>
        <extensions>
          <ns3:TrackPointExtension>
            <ns3:hr>144</ns3:hr>
            <ns3:cad>83</ns3:cad>
          </ns3:TrackPointExtension>
        </extensions>
      </trkpt>
      <trkpt lat="37.47875911183655261993408203125" lon="126.95491815917193889617919921875">
        <ele>41.40000152587890625</ele>
        <time>2026-04-10T14:52:58.000Z</time>
        <extensions>
          <ns3:TrackPointExtension>
            <ns3:hr>144</ns3:hr>
            <ns3:cad>83</ns3:cad>
          </ns3:TrackPointExtension>
        </extensions>
      </trkpt>
      <trkpt lat="37.47876481153070926666259765625" lon="126.9548842124640941619873046875">
        <ele>41.40000152587890625</ele>
        <time>2026-04-10T14:52:59.000Z</time>
        <extensions>
          <ns3:TrackPointExtension>
            <ns3:hr>144</ns3:hr>
            <ns3:cad>83</ns3:cad>
          </ns3:TrackPointExtension>
        </extensions>
      </trkpt>
      <trkpt lat="37.47877017594873905181884765625" lon="126.95483568124473094940185546875">
        <ele>41.40000152587890625</ele>
        <time>2026-04-10T14:53:00.000Z</time>
        <extensions>
          <ns3:TrackPointExtension>
            <ns3:hr>144</ns3:hr>
            <ns3:cad>84</ns3:cad>
          </ns3:TrackPointExtension>
        </extensions>
      </trkpt>
      <trkpt lat="37.47877805493772029876708984375" lon="126.9548047520220279693603515625">
        <ele>41.40000152587890625</ele>
        <time>2026-04-10T14:53:01.000Z</time>
        <extensions>
          <ns3:TrackPointExtension>
            <ns3:hr>144</ns3:hr>
            <ns3:cad>84</ns3:cad>
          </ns3:TrackPointExtension>
        </extensions>
      </trkpt>
      <trkpt lat="37.47878442518413066864013671875" lon="126.95476376451551914215087890625">
        <ele>41.40000152587890625</ele>
        <time>2026-04-10T14:53:02.000Z</time>
        <extensions>
          <ns3:TrackPointExtension>
            <ns3:hr>143</ns3:hr>
            <ns3:cad>85</ns3:cad>
          </ns3:TrackPointExtension>
        </extensions>
      </trkpt>
      <trkpt lat="37.478799261152744293212890625" lon="126.95472906343638896942138671875">
        <ele>41.200000762939453125</ele>
        <time>2026-04-10T14:53:03.000Z</time>
        <extensions>
          <ns3:TrackPointExtension>
            <ns3:hr>144</ns3:hr>
            <ns3:cad>85</ns3:cad>
          </ns3:TrackPointExtension>
        </extensions>
      </trkpt>
      <trkpt lat="37.47881233692169189453125" lon="126.95469553582370281219482421875">
        <ele>41.200000762939453125</ele>
        <time>2026-04-10T14:53:04.000Z</time>
        <extensions>
          <ns3:TrackPointExtension>
            <ns3:hr>144</ns3:hr>
            <ns3:cad>84</ns3:cad>
          </ns3:TrackPointExtension>
        </extensions>
      </trkpt>
      <trkpt lat="37.4788279272615909576416015625" lon="126.95464910008013248443603515625">
        <ele>41.200000762939453125</ele>
        <time>2026-04-10T14:53:05.000Z</time>
        <extensions>
          <ns3:TrackPointExtension>
            <ns3:hr>144</ns3:hr>
            <ns3:cad>84</ns3:cad>
          </ns3:TrackPointExtension>
        </extensions>
      </trkpt>
      <trkpt lat="37.478834800422191619873046875" lon="126.95461976341903209686279296875">
        <ele>41</ele>
        <time>2026-04-10T14:53:06.000Z</time>
        <extensions>
          <ns3:TrackPointExtension>
            <ns3:hr>144</ns3:hr>
            <ns3:cad>84</ns3:cad>
          </ns3:TrackPointExtension>
        </extensions>
      </trkpt>
      <trkpt lat="37.478849887847900390625" lon="126.954580955207347869873046875">
        <ele>41.200000762939453125</ele>
        <time>2026-04-10T14:53:07.000Z</time>
        <extensions>
          <ns3:TrackPointExtension>
            <ns3:hr>143</ns3:hr>
            <ns3:cad>84</ns3:cad>
          </ns3:TrackPointExtension>
        </extensions>
      </trkpt>
      <trkpt lat="37.47886539436876773834228515625" lon="126.95454851724207401275634765625">
        <ele>41.200000762939453125</ele>
        <time>2026-04-10T14:53:08.000Z</time>
        <extensions>
          <ns3:TrackPointExtension>
            <ns3:hr>143</ns3:hr>
            <ns3:cad>84</ns3:cad>
          </ns3:TrackPointExtension>
        </extensions>
      </trkpt>
      <trkpt lat="37.47887595556676387786865234375" lon="126.95452370680868625640869140625">
        <ele>41.200000762939453125</ele>
        <time>2026-04-10T14:53:09.000Z</time>
        <extensions>
          <ns3:TrackPointExtension>
            <ns3:hr>143</ns3:hr>
            <ns3:cad>84</ns3:cad>
          </ns3:TrackPointExtension>
        </extensions>
      </trkpt>
      <trkpt lat="37.47889707796275615692138671875" lon="126.95448079146444797515869140625">
        <ele>41.200000762939453125</ele>
        <time>2026-04-10T14:53:10.000Z</time>
        <extensions>
          <ns3:TrackPointExtension>
            <ns3:hr>143</ns3:hr>
            <ns3:cad>83</ns3:cad>
          </ns3:TrackPointExtension>
        </extensions>
      </trkpt>
      <trkpt lat="37.47890328057110309600830078125" lon="126.95444248616695404052734375">
        <ele>41.40000152587890625</ele>
        <time>2026-04-10T14:53:11.000Z</time>
        <extensions>
          <ns3:TrackPointExtension>
            <ns3:hr>143</ns3:hr>
            <ns3:cad>83</ns3:cad>
          </ns3:TrackPointExtension>
        </extensions>
      </trkpt>
      <trkpt lat="37.4789209663867950439453125" lon="126.95440049283206462860107421875">
        <ele>41.40000152587890625</ele>
        <time>2026-04-10T14:53:12.000Z</time>
        <extensions>
          <ns3:TrackPointExtension>
            <ns3:hr>143</ns3:hr>
            <ns3:cad>83</ns3:cad>
          </ns3:TrackPointExtension>
        </extensions>
      </trkpt>
      <trkpt lat="37.4789343774318695068359375" lon="126.95435573346912860870361328125">
        <ele>41.200000762939453125</ele>
        <time>2026-04-10T14:53:13.000Z</time>
        <extensions>
          <ns3:TrackPointExtension>
            <ns3:hr>142</ns3:hr>
            <ns3:cad>83</ns3:cad>
          </ns3:TrackPointExtension>
        </extensions>
      </trkpt>
      <trkpt lat="37.47894217260181903839111328125" lon="126.954328157007694244384765625">
        <ele>41.200000762939453125</ele>
        <time>2026-04-10T14:53:14.000Z</time>
        <extensions>
          <ns3:TrackPointExtension>
            <ns3:hr>143</ns3:hr>
            <ns3:cad>83</ns3:cad>
          </ns3:TrackPointExtension>
        </extensions>
      </trkpt>
      <trkpt lat="37.47895784676074981689453125" lon="126.954291947185993194580078125">
        <ele>41.200000762939453125</ele>
        <time>2026-04-10T14:53:15.000Z</time>
        <extensions>
          <ns3:TrackPointExtension>
            <ns3:hr>143</ns3:hr>
            <ns3:cad>83</ns3:cad>
          </ns3:TrackPointExtension>
        </extensions>
      </trkpt>
      <trkpt lat="37.47897217981517314910888671875" lon="126.95427224971354007720947265625">
        <ele>41.200000762939453125</ele>
        <time>2026-04-10T14:53:16.000Z</time>
        <extensions>
          <ns3:TrackPointExtension>
            <ns3:hr>143</ns3:hr>
            <ns3:cad>83</ns3:cad>
          </ns3:TrackPointExtension>
        </extensions>
      </trkpt>
      <trkpt lat="37.47897930443286895751953125" lon="126.954242326319217681884765625">
        <ele>41</ele>
        <time>2026-04-10T14:53:17.000Z</time>
        <extensions>
          <ns3:TrackPointExtension>
            <ns3:hr>142</ns3:hr>
            <ns3:cad>83</ns3:cad>
          </ns3:TrackPointExtension>
        </extensions>
      </trkpt>
      <trkpt lat="37.4789814837276935577392578125" lon="126.9542086310684680938720703125">
        <ele>41</ele>
        <time>2026-04-10T14:53:18.000Z</time>
        <extensions>
          <ns3:TrackPointExtension>
            <ns3:hr>143</ns3:hr>
            <ns3:cad>84</ns3:cad>
          </ns3:TrackPointExtension>
        </extensions>
      </trkpt>
      <trkpt lat="37.47898735105991363525390625" lon="126.95418499410152435302734375">
        <ele>40.799999237060546875</ele>
        <time>2026-04-10T14:53:19.000Z</time>
        <extensions>
          <ns3:TrackPointExtension>
            <ns3:hr>143</ns3:hr>
            <ns3:cad>84</ns3:cad>
          </ns3:TrackPointExtension>
        </extensions>
      </trkpt>
      <trkpt lat="37.47898961417376995086669921875" lon="126.95415146648883819580078125">
        <ele>40.799999237060546875</ele>
        <time>2026-04-10T14:53:20.000Z</time>
        <extensions>
          <ns3:TrackPointExtension>
            <ns3:hr>143</ns3:hr>
            <ns3:cad>84</ns3:cad>
          </ns3:TrackPointExtension>
        </extensions>
      </trkpt>
      <trkpt lat="37.47899984009563922882080078125" lon="126.95410109125077724456787109375">
        <ele>40.799999237060546875</ele>
        <time>2026-04-10T14:53:21.000Z</time>
        <extensions>
          <ns3:TrackPointExtension>
            <ns3:hr>143</ns3:hr>
            <ns3:cad>84</ns3:cad>
          </ns3:TrackPointExtension>
        </extensions>
      </trkpt>
      <trkpt lat="37.479005791246891021728515625" lon="126.954051889479160308837890625">
        <ele>40.799999237060546875</ele>
        <time>2026-04-10T14:53:22.000Z</time>
        <extensions>
          <ns3:TrackPointExtension>
            <ns3:hr>143</ns3:hr>
            <ns3:cad>84</ns3:cad>
          </ns3:TrackPointExtension>
        </extensions>
      </trkpt>
      <trkpt lat="37.47901551425457000732421875" lon="126.95400084368884563446044921875">
        <ele>41</ele>
        <time>2026-04-10T14:53:23.000Z</time>
        <extensions>
          <ns3:TrackPointExtension>
            <ns3:hr>143</ns3:hr>
            <ns3:cad>83</ns3:cad>
          </ns3:TrackPointExtension>
        </extensions>
      </trkpt>
      <trkpt lat="37.4790250696241855621337890625" lon="126.95396480150520801544189453125">
        <ele>41.200000762939453125</ele>
        <time>2026-04-10T14:53:24.000Z</time>
        <extensions>
          <ns3:TrackPointExtension>
            <ns3:hr>143</ns3:hr>
            <ns3:cad>83</ns3:cad>
          </ns3:TrackPointExtension>
        </extensions>
      </trkpt>
      <trkpt lat="37.4790344573557376861572265625" lon="126.9539229758083820343017578125">
        <ele>41.200000762939453125</ele>
        <time>2026-04-10T14:53:25.000Z</time>
        <extensions>
          <ns3:TrackPointExtension>
            <ns3:hr>143</ns3:hr>
            <ns3:cad>83</ns3:cad>
          </ns3:TrackPointExtension>
        </extensions>
      </trkpt>
      <trkpt lat="37.47904635965824127197265625" lon="126.9538820721209049224853515625">
        <ele>41.40000152587890625</ele>
        <time>2026-04-10T14:53:26.000Z</time>
        <extensions>
          <ns3:TrackPointExtension>
            <ns3:hr>143</ns3:hr>
            <ns3:cad>84</ns3:cad>
          </ns3:TrackPointExtension>
        </extensions>
      </trkpt>
      <trkpt lat="37.47905306518077850341796875" lon="126.9538441859185695648193359375">
        <ele>41.40000152587890625</ele>
        <time>2026-04-10T14:53:27.000Z</time>
        <extensions>
          <ns3:TrackPointExtension>
            <ns3:hr>143</ns3:hr>
            <ns3:cad>84</ns3:cad>
          </ns3:TrackPointExtension>
        </extensions>
      </trkpt>
      <trkpt lat="37.4790606088936328887939453125" lon="126.9538012705743312835693359375">
        <ele>41.40000152587890625</ele>
        <time>2026-04-10T14:53:28.000Z</time>
        <extensions>
          <ns3:TrackPointExtension>
            <ns3:hr>143</ns3:hr>
            <ns3:cad>84</ns3:cad>
          </ns3:TrackPointExtension>
        </extensions>
      </trkpt>
      <trkpt lat="37.47906974516808986663818359375" lon="126.95376782678067684173583984375">
        <ele>41.40000152587890625</ele>
        <time>2026-04-10T14:53:29.000Z</time>
        <extensions>
          <ns3:TrackPointExtension>
            <ns3:hr>144</ns3:hr>
            <ns3:cad>84</ns3:cad>
          </ns3:TrackPointExtension>
        </extensions>
      </trkpt>
      <trkpt lat="37.47908416204154491424560546875" lon="126.95373178459703922271728515625">
        <ele>41.40000152587890625</ele>
        <time>2026-04-10T14:53:30.000Z</time>
        <extensions>
          <ns3:TrackPointExtension>
            <ns3:hr>144</ns3:hr>
            <ns3:cad>84</ns3:cad>
          </ns3:TrackPointExtension>
        </extensions>
      </trkpt>
      <trkpt lat="37.47909086756408214569091796875" lon="126.95369171909987926483154296875">
        <ele>41.40000152587890625</ele>
        <time>2026-04-10T14:53:31.000Z</time>
        <extensions>
          <ns3:TrackPointExtension>
            <ns3:hr>144</ns3:hr>
            <ns3:cad>83</ns3:cad>
          </ns3:TrackPointExtension>
        </extensions>
      </trkpt>
      <trkpt lat="37.4790934659540653228759765625" lon="126.95366238243877887725830078125">
        <ele>41.200000762939453125</ele>
        <time>2026-04-10T14:53:32.000Z</time>
        <extensions>
          <ns3:TrackPointExtension>
            <ns3:hr>144</ns3:hr>
            <ns3:cad>83</ns3:cad>
          </ns3:TrackPointExtension>
        </extensions>
      </trkpt>
      <trkpt lat="37.47909958474338054656982421875" lon="126.9536286033689975738525390625">
        <ele>41</ele>
        <time>2026-04-10T14:53:33.000Z</time>
        <extensions>
          <ns3:TrackPointExtension>
            <ns3:hr>144</ns3:hr>
            <ns3:cad>83</ns3:cad>
          </ns3:TrackPointExtension>
        </extensions>
      </trkpt>
      <trkpt lat="37.47910805046558380126953125" lon="126.953596584498882293701171875">
        <ele>41</ele>
        <time>2026-04-10T14:53:34.000Z</time>
        <extensions>
          <ns3:TrackPointExtension>
            <ns3:hr>144</ns3:hr>
            <ns3:cad>83</ns3:cad>
          </ns3:TrackPointExtension>
        </extensions>
      </trkpt>
      <trkpt lat="37.47912020422518253326416015625" lon="126.9535568542778491973876953125">
        <ele>41</ele>
        <time>2026-04-10T14:53:35.000Z</time>
        <extensions>
          <ns3:TrackPointExtension>
            <ns3:hr>144</ns3:hr>
            <ns3:cad>83</ns3:cad>
          </ns3:TrackPointExtension>
        </extensions>
      </trkpt>
      <trkpt lat="37.47913445346057415008544921875" lon="126.9535229913890361785888671875">
        <ele>41</ele>
        <time>2026-04-10T14:53:36.000Z</time>
        <extensions>
          <ns3:TrackPointExtension>
            <ns3:hr>145</ns3:hr>
            <ns3:cad>84</ns3:cad>
          </ns3:TrackPointExtension>
        </extensions>
      </trkpt>
      <trkpt lat="37.47913713566958904266357421875" lon="126.953486613929271697998046875">
        <ele>41</ele>
        <time>2026-04-10T14:53:37.000Z</time>
        <extensions>
          <ns3:TrackPointExtension>
            <ns3:hr>144</ns3:hr>
            <ns3:cad>84</ns3:cad>
          </ns3:TrackPointExtension>
        </extensions>
      </trkpt>
      <trkpt lat="37.4791360460221767425537109375" lon="126.95344160310924053192138671875">
        <ele>41.200000762939453125</ele>
        <time>2026-04-10T14:53:38.000Z</time>
        <extensions>
          <ns3:TrackPointExtension>
            <ns3:hr>145</ns3:hr>
            <ns3:cad>84</ns3:cad>
          </ns3:TrackPointExtension>
        </extensions>
      </trkpt>
      <trkpt lat="37.47913680039346218109130859375" lon="126.95340790785849094390869140625">
        <ele>41</ele>
        <time>2026-04-10T14:53:39.000Z</time>
        <extensions>
          <ns3:TrackPointExtension>
            <ns3:hr>145</ns3:hr>
            <ns3:cad>84</ns3:cad>
          </ns3:TrackPointExtension>
        </extensions>
      </trkpt>
      <trkpt lat="37.47913763858377933502197265625" lon="126.95336800999939441680908203125">
        <ele>40.799999237060546875</ele>
        <time>2026-04-10T14:53:40.000Z</time>
        <extensions>
          <ns3:TrackPointExtension>
            <ns3:hr>145</ns3:hr>
            <ns3:cad>84</ns3:cad>
          </ns3:TrackPointExtension>
        </extensions>
      </trkpt>
      <trkpt lat="37.4791377224028110504150390625" lon="126.953329034149646759033203125">
        <ele>40.799999237060546875</ele>
        <time>2026-04-10T14:53:41.000Z</time>
        <extensions>
          <ns3:TrackPointExtension>
            <ns3:hr>145</ns3:hr>
            <ns3:cad>84</ns3:cad>
          </ns3:TrackPointExtension>
        </extensions>
      </trkpt>
      <trkpt lat="37.4791467748582363128662109375" lon="126.9532911479473114013671875">
        <ele>40.799999237060546875</ele>
        <time>2026-04-10T14:53:42.000Z</time>
        <extensions>
          <ns3:TrackPointExtension>
            <ns3:hr>146</ns3:hr>
            <ns3:cad>83</ns3:cad>
          </ns3:TrackPointExtension>
        </extensions>
      </trkpt>
      <trkpt lat="37.47915993444621562957763671875" lon="126.95324881933629512786865234375">
        <ele>40.799999237060546875</ele>
        <time>2026-04-10T14:53:43.000Z</time>
        <extensions>
          <ns3:TrackPointExtension>
            <ns3:hr>146</ns3:hr>
            <ns3:cad>83</ns3:cad>
          </ns3:TrackPointExtension>
        </extensions>
      </trkpt>
      <trkpt lat="37.47916638851165771484375" lon="126.95321403443813323974609375">
        <ele>41</ele>
        <time>2026-04-10T14:53:44.000Z</time>
        <extensions>
          <ns3:TrackPointExtension>
            <ns3:hr>147</ns3:hr>
            <ns3:cad>83</ns3:cad>
          </ns3:TrackPointExtension>
        </extensions>
      </trkpt>
      <trkpt lat="37.47917938046157360076904296875" lon="126.95317137055099010467529296875">
        <ele>41.200000762939453125</ele>
        <time>2026-04-10T14:53:45.000Z</time>
        <extensions>
          <ns3:TrackPointExtension>
            <ns3:hr>147</ns3:hr>
            <ns3:cad>83</ns3:cad>
          </ns3:TrackPointExtension>
        </extensions>
      </trkpt>
      <trkpt lat="37.4791880138218402862548828125" lon="126.9531300477683544158935546875">
        <ele>41.40000152587890625</ele>
        <time>2026-04-10T14:53:46.000Z</time>
        <extensions>
          <ns3:TrackPointExtension>
            <ns3:hr>147</ns3:hr>
            <ns3:cad>83</ns3:cad>
          </ns3:TrackPointExtension>
        </extensions>
      </trkpt>
      <trkpt lat="37.47919463552534580230712890625" lon="126.9530908204615116119384765625">
        <ele>41.59999847412109375</ele>
        <time>2026-04-10T14:53:47.000Z</time>
        <extensions>
          <ns3:TrackPointExtension>
            <ns3:hr>147</ns3:hr>
            <ns3:cad>83</ns3:cad>
          </ns3:TrackPointExtension>
        </extensions>
      </trkpt>
      <trkpt lat="37.4791972339153289794921875" lon="126.95305100642144680023193359375">
        <ele>41.59999847412109375</ele>
        <time>2026-04-10T14:53:48.000Z</time>
        <extensions>
          <ns3:TrackPointExtension>
            <ns3:hr>147</ns3:hr>
            <ns3:cad>83</ns3:cad>
          </ns3:TrackPointExtension>
        </extensions>
      </trkpt>
      <trkpt lat="37.47920301742851734161376953125" lon="126.95302116684615612030029296875">
        <ele>41.799999237060546875</ele>
        <time>2026-04-10T14:53:49.000Z</time>
        <extensions>
          <ns3:TrackPointExtension>
            <ns3:hr>148</ns3:hr>
            <ns3:cad>83</ns3:cad>
          </ns3:TrackPointExtension>
        </extensions>
      </trkpt>
      <trkpt lat="37.47920637018978595733642578125" lon="126.95298981852829456329345703125">
        <ele>42.200000762939453125</ele>
        <time>2026-04-10T14:53:50.000Z</time>
        <extensions>
          <ns3:TrackPointExtension>
            <ns3:hr>148</ns3:hr>
            <ns3:cad>83</ns3:cad>
          </ns3:TrackPointExtension>
        </extensions>
      </trkpt>
      <trkpt lat="37.4792027659714221954345703125" lon="126.952958218753337860107421875">
        <ele>42.40000152587890625</ele>
        <time>2026-04-10T14:53:51.000Z</time>
        <extensions>
          <ns3:TrackPointExtension>
            <ns3:hr>148</ns3:hr>
            <ns3:cad>83</ns3:cad>
          </ns3:TrackPointExtension>
        </extensions>
      </trkpt>
      <trkpt lat="37.47920134104788303375244140625" lon="126.95292812772095203399658203125">
        <ele>43</ele>
        <time>2026-04-10T14:53:52.000Z</time>
        <extensions>
          <ns3:TrackPointExtension>
            <ns3:hr>148</ns3:hr>
            <ns3:cad>83</ns3:cad>
          </ns3:TrackPointExtension>
        </extensions>
      </trkpt>
      <trkpt lat="37.4792037717998027801513671875" lon="126.95288839749991893768310546875">
        <ele>43.200000762939453125</ele>
        <time>2026-04-10T14:53:53.000Z</time>
        <extensions>
          <ns3:TrackPointExtension>
            <ns3:hr>149</ns3:hr>
            <ns3:cad>83</ns3:cad>
          </ns3:TrackPointExtension>
        </extensions>
      </trkpt>
      <trkpt lat="37.47920720838010311126708984375" lon="126.9528500922024250030517578125">
        <ele>43.40000152587890625</ele>
        <time>2026-04-10T14:53:54.000Z</time>
        <extensions>
          <ns3:TrackPointExtension>
            <ns3:hr>149</ns3:hr>
            <ns3:cad>83</ns3:cad>
          </ns3:TrackPointExtension>
        </extensions>
      </trkpt>
      <trkpt lat="37.4792101420462131500244140625" lon="126.9528110325336456298828125">
        <ele>43.59999847412109375</ele>
        <time>2026-04-10T14:53:55.000Z</time>
        <extensions>
          <ns3:TrackPointExtension>
            <ns3:hr>149</ns3:hr>
            <ns3:cad>82</ns3:cad>
          </ns3:TrackPointExtension>
        </extensions>
      </trkpt>
      <trkpt lat="37.4792052805423736572265625" lon="126.95277105085551738739013671875">
        <ele>43.59999847412109375</ele>
        <time>2026-04-10T14:53:56.000Z</time>
        <extensions>
          <ns3:TrackPointExtension>
            <ns3:hr>149</ns3:hr>
            <ns3:cad>82</ns3:cad>
          </ns3:TrackPointExtension>
        </extensions>
      </trkpt>
      <trkpt lat="37.47920460999011993408203125" lon="126.95273785851895809173583984375">
        <ele>43.59999847412109375</ele>
        <time>2026-04-10T14:53:57.000Z</time>
        <extensions>
          <ns3:TrackPointExtension>
            <ns3:hr>149</ns3:hr>
            <ns3:cad>82</ns3:cad>
          </ns3:TrackPointExtension>
        </extensions>
      </trkpt>
      <trkpt lat="37.47921139933168888092041015625" lon="126.95269611664116382598876953125">
        <ele>43.59999847412109375</ele>
        <time>2026-04-10T14:53:58.000Z</time>
        <extensions>
          <ns3:TrackPointExtension>
            <ns3:hr>150</ns3:hr>
            <ns3:cad>82</ns3:cad>
          </ns3:TrackPointExtension>
        </extensions>
      </trkpt>
      <trkpt lat="37.4792401492595672607421875" lon="126.9526742398738861083984375">
        <ele>43.799999237060546875</ele>
        <time>2026-04-10T14:53:59.000Z</time>
        <extensions>
          <ns3:TrackPointExtension>
            <ns3:hr>150</ns3:hr>
            <ns3:cad>82</ns3:cad>
          </ns3:TrackPointExtension>
        </extensions>
      </trkpt>
      <trkpt lat="37.47926588170230388641357421875" lon="126.9526563026010990142822265625">
        <ele>43.799999237060546875</ele>
        <time>2026-04-10T14:54:00.000Z</time>
        <extensions>
          <ns3:TrackPointExtension>
            <ns3:hr>151</ns3:hr>
            <ns3:cad>82</ns3:cad>
          </ns3:TrackPointExtension>
        </extensions>
      </trkpt>
      <trkpt lat="37.4792929552495479583740234375" lon="126.9526358507573604583740234375">
        <ele>43.799999237060546875</ele>
        <time>2026-04-10T14:54:01.000Z</time>
        <extensions>
          <ns3:TrackPointExtension>
            <ns3:hr>151</ns3:hr>
            <ns3:cad>82</ns3:cad>
          </ns3:TrackPointExtension>
        </extensions>
      </trkpt>
      <trkpt lat="37.479327656328678131103515625" lon="126.95263199508190155029296875">
        <ele>43.799999237060546875</ele>
        <time>2026-04-10T14:54:02.000Z</time>
        <extensions>
          <ns3:TrackPointExtension>
            <ns3:hr>152</ns3:hr>
            <ns3:cad>82</ns3:cad>
          </ns3:TrackPointExtension>
        </extensions>
      </trkpt>
      <trkpt lat="37.47935707680881023406982421875" lon="126.9526187516748905181884765625">
        <ele>43.799999237060546875</ele>
        <time>2026-04-10T14:54:03.000Z</time>
        <extensions>
          <ns3:TrackPointExtension>
            <ns3:hr>152</ns3:hr>
            <ns3:cad>82</ns3:cad>
          </ns3:TrackPointExtension>
        </extensions>
      </trkpt>
      <trkpt lat="37.47939077205955982208251953125" lon="126.952614895999431610107421875">
        <ele>43.59999847412109375</ele>
        <time>2026-04-10T14:54:04.000Z</time>
        <extensions>
          <ns3:TrackPointExtension>
            <ns3:hr>152</ns3:hr>
            <ns3:cad>82</ns3:cad>
          </ns3:TrackPointExtension>
        </extensions>
      </trkpt>
      <trkpt lat="37.4794149957597255706787109375" lon="126.9526221044361591339111328125">
        <ele>43.59999847412109375</ele>
        <time>2026-04-10T14:54:05.000Z</time>
        <extensions>
          <ns3:TrackPointExtension>
            <ns3:hr>152</ns3:hr>
            <ns3:cad>82</ns3:cad>
          </ns3:TrackPointExtension>
        </extensions>
      </trkpt>
      <trkpt lat="37.47945464216172695159912109375" lon="126.9526331685483455657958984375">
        <ele>43.40000152587890625</ele>
        <time>2026-04-10T14:54:06.000Z</time>
        <extensions>
          <ns3:TrackPointExtension>
            <ns3:hr>153</ns3:hr>
            <ns3:cad>83</ns3:cad>
          </ns3:TrackPointExtension>
        </extensions>
      </trkpt>
      <trkpt lat="37.47948381118476390838623046875" lon="126.9526355154812335968017578125">
        <ele>43.40000152587890625</ele>
        <time>2026-04-10T14:54:07.000Z</time>
        <extensions>
          <ns3:TrackPointExtension>
            <ns3:hr>153</ns3:hr>
            <ns3:cad>83</ns3:cad>
          </ns3:TrackPointExtension>
        </extensions>
      </trkpt>
      <trkpt lat="37.47951784171164035797119140625" lon="126.95263409055769443511962890625">
        <ele>43.40000152587890625</ele>
        <time>2026-04-10T14:54:08.000Z</time>
        <extensions>
          <ns3:TrackPointExtension>
            <ns3:hr>153</ns3:hr>
            <ns3:cad>83</ns3:cad>
          </ns3:TrackPointExtension>
        </extensions>
      </trkpt>
      <trkpt lat="37.479549609124660491943359375" lon="126.9526388682425022125244140625">
        <ele>43.40000152587890625</ele>
        <time>2026-04-10T14:54:09.000Z</time>
        <extensions>
          <ns3:TrackPointExtension>
            <ns3:hr>153</ns3:hr>
            <ns3:cad>83</ns3:cad>
          </ns3:TrackPointExtension>
        </extensions>
      </trkpt>
      <trkpt lat="37.47957416810095310211181640625" lon="126.95263509638607501983642578125">
        <ele>43.200000762939453125</ele>
        <time>2026-04-10T14:54:10.000Z</time>
        <extensions>
          <ns3:TrackPointExtension>
            <ns3:hr>153</ns3:hr>
            <ns3:cad>83</ns3:cad>
          </ns3:TrackPointExtension>
        </extensions>
      </trkpt>
      <trkpt lat="37.47961171902716159820556640625" lon="126.95263601839542388916015625">
        <ele>43</ele>
        <time>2026-04-10T14:54:11.000Z</time>
        <extensions>
          <ns3:TrackPointExtension>
            <ns3:hr>153</ns3:hr>
            <ns3:cad>83</ns3:cad>
          </ns3:TrackPointExtension>
        </extensions>
      </trkpt>
      <trkpt lat="37.4796389602124691009521484375" lon="126.9526371918618679046630859375">
        <ele>43</ele>
        <time>2026-04-10T14:54:12.000Z</time>
        <extensions>
          <ns3:TrackPointExtension>
            <ns3:hr>153</ns3:hr>
            <ns3:cad>83</ns3:cad>
          </ns3:TrackPointExtension>
        </extensions>
      </trkpt>
      <trkpt lat="37.47967005707323551177978515625" lon="126.95264414884150028228759765625">
        <ele>42.799999237060546875</ele>
        <time>2026-04-10T14:54:13.000Z</time>
        <extensions>
          <ns3:TrackPointExtension>
            <ns3:hr>153</ns3:hr>
            <ns3:cad>83</ns3:cad>
          </ns3:TrackPointExtension>
        </extensions>
      </trkpt>
      <trkpt lat="37.4797053448855876922607421875" lon="126.9526492618024349212646484375">
        <ele>42.799999237060546875</ele>
        <time>2026-04-10T14:54:14.000Z</time>
        <extensions>
          <ns3:TrackPointExtension>
            <ns3:hr>153</ns3:hr>
            <ns3:cad>83</ns3:cad>
          </ns3:TrackPointExtension>
        </extensions>
      </trkpt>
      <trkpt lat="37.47973074205219745635986328125" lon="126.95265236310660839080810546875">
        <ele>42.799999237060546875</ele>
        <time>2026-04-10T14:54:15.000Z</time>
        <extensions>
          <ns3:TrackPointExtension>
            <ns3:hr>153</ns3:hr>
            <ns3:cad>83</ns3:cad>
          </ns3:TrackPointExtension>
        </extensions>
      </trkpt>
      <trkpt lat="37.47977147810161113739013671875" lon="126.9526586495339870452880859375">
        <ele>42.799999237060546875</ele>
        <time>2026-04-10T14:54:16.000Z</time>
        <extensions>
          <ns3:TrackPointExtension>
            <ns3:hr>153</ns3:hr>
            <ns3:cad>83</ns3:cad>
          </ns3:TrackPointExtension>
        </extensions>
      </trkpt>
      <trkpt lat="37.47980316169559955596923828125" lon="126.95266711525619029998779296875">
        <ele>42.59999847412109375</ele>
        <time>2026-04-10T14:54:17.000Z</time>
        <extensions>
          <ns3:TrackPointExtension>
            <ns3:hr>153</ns3:hr>
            <ns3:cad>83</ns3:cad>
          </ns3:TrackPointExtension>
        </extensions>
      </trkpt>
      <trkpt lat="37.47983182780444622039794921875" lon="126.95266996510326862335205078125">
        <ele>42.59999847412109375</ele>
        <time>2026-04-10T14:54:18.000Z</time>
        <extensions>
          <ns3:TrackPointExtension>
            <ns3:hr>153</ns3:hr>
            <ns3:cad>83</ns3:cad>
          </ns3:TrackPointExtension>
        </extensions>
      </trkpt>
      <trkpt lat="37.4798651039600372314453125" lon="126.95267549715936183929443359375">
        <ele>42.40000152587890625</ele>
        <time>2026-04-10T14:54:19.000Z</time>
        <extensions>
          <ns3:TrackPointExtension>
            <ns3:hr>153</ns3:hr>
            <ns3:cad>84</ns3:cad>
          </ns3:TrackPointExtension>
        </extensions>
      </trkpt>
      <trkpt lat="37.47988765127956867218017578125" lon="126.952681951224803924560546875">
        <ele>42.40000152587890625</ele>
        <time>2026-04-10T14:54:20.000Z</time>
        <extensions>
          <ns3:TrackPointExtension>
            <ns3:hr>153</ns3:hr>
            <ns3:cad>84</ns3:cad>
          </ns3:TrackPointExtension>
        </extensions>
      </trkpt>
      <trkpt lat="37.4799266271293163299560546875" lon="126.95268807001411914825439453125">
        <ele>42.200000762939453125</ele>
        <time>2026-04-10T14:54:21.000Z</time>
        <extensions>
          <ns3:TrackPointExtension>
            <ns3:hr>153</ns3:hr>
            <ns3:cad>84</ns3:cad>
          </ns3:TrackPointExtension>
        </extensions>
      </trkpt>
      <trkpt lat="37.479952611029148101806640625" lon="126.9526982121169567108154296875">
        <ele>42.200000762939453125</ele>
        <time>2026-04-10T14:54:22.000Z</time>
        <extensions>
          <ns3:TrackPointExtension>
            <ns3:hr>153</ns3:hr>
            <ns3:cad>85</ns3:cad>
          </ns3:TrackPointExtension>
        </extensions>
      </trkpt>
      <trkpt lat="37.4799819476902484893798828125" lon="126.9527079351246356964111328125">
        <ele>42</ele>
        <time>2026-04-10T14:54:23.000Z</time>
        <extensions>
          <ns3:TrackPointExtension>
            <ns3:hr>152</ns3:hr>
            <ns3:cad>85</ns3:cad>
          </ns3:TrackPointExtension>
        </extensions>
      </trkpt>
      <trkpt lat="37.48001396656036376953125" lon="126.95272377692162990570068359375">
        <ele>42</ele>
        <time>2026-04-10T14:54:24.000Z</time>
        <extensions>
          <ns3:TrackPointExtension>
            <ns3:hr>152</ns3:hr>
            <ns3:cad>85</ns3:cad>
          </ns3:TrackPointExtension>
        </extensions>
      </trkpt>
      <trkpt lat="37.4800365976989269256591796875" lon="126.95273232646286487579345703125">
        <ele>41.799999237060546875</ele>
        <time>2026-04-10T14:54:25.000Z</time>
        <extensions>
          <ns3:TrackPointExtension>
            <ns3:hr>152</ns3:hr>
            <ns3:cad>84</ns3:cad>
          </ns3:TrackPointExtension>
        </extensions>
      </trkpt>
      <trkpt lat="37.48006752692162990570068359375" lon="126.95273953489959239959716796875">
        <ele>41.799999237060546875</ele>
        <time>2026-04-10T14:54:26.000Z</time>
        <extensions>
          <ns3:TrackPointExtension>
            <ns3:hr>152</ns3:hr>
            <ns3:cad>84</ns3:cad>
          </ns3:TrackPointExtension>
        </extensions>
      </trkpt>
      <trkpt lat="37.4800922535359859466552734375" lon="126.9527468271553516387939453125">
        <ele>41.799999237060546875</ele>
        <time>2026-04-10T14:54:27.000Z</time>
        <extensions>
          <ns3:TrackPointExtension>
            <ns3:hr>152</ns3:hr>
            <ns3:cad>83</ns3:cad>
          </ns3:TrackPointExtension>
        </extensions>
      </trkpt>
      <trkpt lat="37.4801160581409931182861328125" lon="126.95275177247822284698486328125">
        <ele>41.59999847412109375</ele>
        <time>2026-04-10T14:54:28.000Z</time>
        <extensions>
          <ns3:TrackPointExtension>
            <ns3:hr>151</ns3:hr>
            <ns3:cad>83</ns3:cad>
          </ns3:TrackPointExtension>
        </extensions>
      </trkpt>
      <trkpt lat="37.48014816083014011383056640625" lon="126.9527578912675380706787109375">
        <ele>41.59999847412109375</ele>
        <time>2026-04-10T14:54:29.000Z</time>
        <extensions>
          <ns3:TrackPointExtension>
            <ns3:hr>151</ns3:hr>
            <ns3:cad>83</ns3:cad>
          </ns3:TrackPointExtension>
        </extensions>
      </trkpt>
      <trkpt lat="37.48017230071127414703369140625" lon="126.9527582265436649322509765625">
        <ele>41.59999847412109375</ele>
        <time>2026-04-10T14:54:30.000Z</time>
        <extensions>
          <ns3:TrackPointExtension>
            <ns3:hr>151</ns3:hr>
            <ns3:cad>83</ns3:cad>
          </ns3:TrackPointExtension>
        </extensions>
      </trkpt>
      <trkpt lat="37.48021169565618038177490234375" lon="126.9527619145810604095458984375">
        <ele>41.40000152587890625</ele>
        <time>2026-04-10T14:54:31.000Z</time>
        <extensions>
          <ns3:TrackPointExtension>
            <ns3:hr>151</ns3:hr>
            <ns3:cad>83</ns3:cad>
          </ns3:TrackPointExtension>
        </extensions>
      </trkpt>
      <trkpt lat="37.480242960155010223388671875" lon="126.9527645967900753021240234375">
        <ele>41.200000762939453125</ele>
        <time>2026-04-10T14:54:32.000Z</time>
        <extensions>
          <ns3:TrackPointExtension>
            <ns3:hr>151</ns3:hr>
            <ns3:cad>83</ns3:cad>
          </ns3:TrackPointExtension>
        </extensions>
      </trkpt>
      <trkpt lat="37.4802729673683643341064453125" lon="126.95276551879942417144775390625">
        <ele>41.200000762939453125</ele>
        <time>2026-04-10T14:54:33.000Z</time>
        <extensions>
          <ns3:TrackPointExtension>
            <ns3:hr>151</ns3:hr>
            <ns3:cad>83</ns3:cad>
          </ns3:TrackPointExtension>
        </extensions>
      </trkpt>
      <trkpt lat="37.48030909337103366851806640625" lon="126.9527669437229633331298828125">
        <ele>41</ele>
        <time>2026-04-10T14:54:34.000Z</time>
        <extensions>
          <ns3:TrackPointExtension>
            <ns3:hr>150</ns3:hr>
            <ns3:cad>83</ns3:cad>
          </ns3:TrackPointExtension>
        </extensions>
      </trkpt>
      <trkpt lat="37.480341531336307525634765625" lon="126.952765770256519317626953125">
        <ele>40.799999237060546875</ele>
        <time>2026-04-10T14:54:35.000Z</time>
        <extensions>
          <ns3:TrackPointExtension>
            <ns3:hr>150</ns3:hr>
            <ns3:cad>83</ns3:cad>
          </ns3:TrackPointExtension>
        </extensions>
      </trkpt>
      <trkpt lat="37.480374388396739959716796875" lon="126.9527629204094409942626953125">
        <ele>40.799999237060546875</ele>
        <time>2026-04-10T14:54:36.000Z</time>
        <extensions>
          <ns3:TrackPointExtension>
            <ns3:hr>150</ns3:hr>
            <ns3:cad>83</ns3:cad>
          </ns3:TrackPointExtension>
        </extensions>
      </trkpt>
      <trkpt lat="37.4804040603339672088623046875" lon="126.95276803337037563323974609375">
        <ele>40.799999237060546875</ele>
        <time>2026-04-10T14:54:37.000Z</time>
        <extensions>
          <ns3:TrackPointExtension>
            <ns3:hr>150</ns3:hr>
            <ns3:cad>83</ns3:cad>
          </ns3:TrackPointExtension>
        </extensions>
      </trkpt>
      <trkpt lat="37.48043096624314785003662109375" lon="126.95277272723615169525146484375">
        <ele>40.59999847412109375</ele>
        <time>2026-04-10T14:54:38.000Z</time>
        <extensions>
          <ns3:TrackPointExtension>
            <ns3:hr>150</ns3:hr>
            <ns3:cad>83</ns3:cad>
          </ns3:TrackPointExtension>
        </extensions>
      </trkpt>
      <trkpt lat="37.48046667315065860748291015625" lon="126.95278245024383068084716796875">
        <ele>40.59999847412109375</ele>
        <time>2026-04-10T14:54:39.000Z</time>
        <extensions>
          <ns3:TrackPointExtension>
            <ns3:hr>150</ns3:hr>
            <ns3:cad>83</ns3:cad>
          </ns3:TrackPointExtension>
        </extensions>
      </trkpt>
      <trkpt lat="37.480486370623111724853515625" lon="126.95278278551995754241943359375">
        <ele>40.59999847412109375</ele>
        <time>2026-04-10T14:54:40.000Z</time>
        <extensions>
          <ns3:TrackPointExtension>
            <ns3:hr>150</ns3:hr>
            <ns3:cad>83</ns3:cad>
          </ns3:TrackPointExtension>
        </extensions>
      </trkpt>
      <trkpt lat="37.4805177189409732818603515625" lon="126.95278043858706951141357421875">
        <ele>40.59999847412109375</ele>
        <time>2026-04-10T14:54:41.000Z</time>
        <extensions>
          <ns3:TrackPointExtension>
            <ns3:hr>149</ns3:hr>
            <ns3:cad>83</ns3:cad>
          </ns3:TrackPointExtension>
        </extensions>
      </trkpt>
      <trkpt lat="37.48054814524948596954345703125" lon="126.95278513245284557342529296875">
        <ele>40.59999847412109375</ele>
        <time>2026-04-10T14:54:42.000Z</time>
        <extensions>
          <ns3:TrackPointExtension>
            <ns3:hr>150</ns3:hr>
            <ns3:cad>83</ns3:cad>
          </ns3:TrackPointExtension>
        </extensions>
      </trkpt>
      <trkpt lat="37.480581589043140411376953125" lon="126.95278462953865528106689453125">
        <ele>40.59999847412109375</ele>
        <time>2026-04-10T14:54:43.000Z</time>
        <extensions>
          <ns3:TrackPointExtension>
            <ns3:hr>150</ns3:hr>
            <ns3:cad>83</ns3:cad>
          </ns3:TrackPointExtension>
        </extensions>
      </trkpt>
      <trkpt lat="37.480619139969348907470703125" lon="126.952783204615116119384765625">
        <ele>40.40000152587890625</ele>
        <time>2026-04-10T14:54:44.000Z</time>
        <extensions>
          <ns3:TrackPointExtension>
            <ns3:hr>150</ns3:hr>
            <ns3:cad>83</ns3:cad>
          </ns3:TrackPointExtension>
        </extensions>
      </trkpt>
      <trkpt lat="37.4806518293917179107666015625" lon="126.95278177969157695770263671875">
        <ele>40.40000152587890625</ele>
        <time>2026-04-10T14:54:45.000Z</time>
        <extensions>
          <ns3:TrackPointExtension>
            <ns3:hr>149</ns3:hr>
            <ns3:cad>83</ns3:cad>
          </ns3:TrackPointExtension>
        </extensions>
      </trkpt>
      <trkpt lat="37.48068745248019695281982421875" lon="126.95277809165418148040771484375">
        <ele>40.40000152587890625</ele>
        <time>2026-04-10T14:54:46.000Z</time>
        <extensions>
          <ns3:TrackPointExtension>
            <ns3:hr>150</ns3:hr>
            <ns3:cad>83</ns3:cad>
          </ns3:TrackPointExtension>
        </extensions>
      </trkpt>
      <trkpt lat="37.4807232432067394256591796875" lon="126.95279820822179317474365234375">
        <ele>40.40000152587890625</ele>
        <time>2026-04-10T14:54:47.000Z</time>
        <extensions>
          <ns3:TrackPointExtension>
            <ns3:hr>150</ns3:hr>
            <ns3:cad>83</ns3:cad>
          </ns3:TrackPointExtension>
        </extensions>
      </trkpt>
      <trkpt lat="37.48074813745915889739990234375" lon="126.9528128765523433685302734375">
        <ele>40.200000762939453125</ele>
        <time>2026-04-10T14:54:48.000Z</time>
        <extensions>
          <ns3:TrackPointExtension>
            <ns3:hr>149</ns3:hr>
            <ns3:cad>83</ns3:cad>
          </ns3:TrackPointExtension>
        </extensions>
      </trkpt>
      <trkpt lat="37.48077370226383209228515625" lon="126.9528400339186191558837890625">
        <ele>40</ele>
        <time>2026-04-10T14:54:49.000Z</time>
        <extensions>
          <ns3:TrackPointExtension>
            <ns3:hr>149</ns3:hr>
            <ns3:cad>83</ns3:cad>
          </ns3:TrackPointExtension>
        </extensions>
      </trkpt>
      <trkpt lat="37.48079122044146060943603515625" lon="126.95286878384649753570556640625">
        <ele>39.799999237060546875</ele>
        <time>2026-04-10T14:54:50.000Z</time>
        <extensions>
          <ns3:TrackPointExtension>
            <ns3:hr>149</ns3:hr>
            <ns3:cad>83</ns3:cad>
          </ns3:TrackPointExtension>
        </extensions>
      </trkpt>
      <trkpt lat="37.48081116937100887298583984375" lon="126.95290231145918369293212890625">
        <ele>39.799999237060546875</ele>
        <time>2026-04-10T14:54:51.000Z</time>
        <extensions>
          <ns3:TrackPointExtension>
            <ns3:hr>148</ns3:hr>
            <ns3:cad>83</ns3:cad>
          </ns3:TrackPointExtension>
        </extensions>
      </trkpt>
      <trkpt lat="37.4808436073362827301025390625" lon="126.95294723846018314361572265625">
        <ele>39.799999237060546875</ele>
        <time>2026-04-10T14:54:52.000Z</time>
        <extensions>
          <ns3:TrackPointExtension>
            <ns3:hr>148</ns3:hr>
            <ns3:cad>83</ns3:cad>
          </ns3:TrackPointExtension>
        </extensions>
      </trkpt>
      <trkpt lat="37.48086431063711643218994140625" lon="126.95296551100909709930419921875">
        <ele>39.799999237060546875</ele>
        <time>2026-04-10T14:54:53.000Z</time>
        <extensions>
          <ns3:TrackPointExtension>
            <ns3:hr>148</ns3:hr>
            <ns3:cad>83</ns3:cad>
          </ns3:TrackPointExtension>
        </extensions>
      </trkpt>
      <trkpt lat="37.48088945634663105010986328125" lon="126.952968277037143707275390625">
        <ele>39.799999237060546875</ele>
        <time>2026-04-10T14:54:54.000Z</time>
        <extensions>
          <ns3:TrackPointExtension>
            <ns3:hr>147</ns3:hr>
            <ns3:cad>83</ns3:cad>
          </ns3:TrackPointExtension>
        </extensions>
      </trkpt>
      <trkpt lat="37.48092030175030231475830078125" lon="126.95296148769557476043701171875">
        <ele>39.799999237060546875</ele>
        <time>2026-04-10T14:54:55.000Z</time>
        <extensions>
          <ns3:TrackPointExtension>
            <ns3:hr>147</ns3:hr>
            <ns3:cad>83</ns3:cad>
          </ns3:TrackPointExtension>
        </extensions>
      </trkpt>
      <trkpt lat="37.480943687260150909423828125" lon="126.95294589735567569732666015625">
        <ele>39.799999237060546875</ele>
        <time>2026-04-10T14:54:56.000Z</time>
        <extensions>
          <ns3:TrackPointExtension>
            <ns3:hr>147</ns3:hr>
            <ns3:cad>83</ns3:cad>
          </ns3:TrackPointExtension>
        </extensions>
      </trkpt>
      <trkpt lat="37.48096372000873088836669921875" lon="126.952929385006427764892578125">
        <ele>39.59999847412109375</ele>
        <time>2026-04-10T14:54:57.000Z</time>
        <extensions>
          <ns3:TrackPointExtension>
            <ns3:hr>146</ns3:hr>
            <ns3:cad>83</ns3:cad>
          </ns3:TrackPointExtension>
        </extensions>
      </trkpt>
      <trkpt lat="37.480981238186359405517578125" lon="126.9529064185917377471923828125">
        <ele>39.40000152587890625</ele>
        <time>2026-04-10T14:54:58.000Z</time>
        <extensions>
          <ns3:TrackPointExtension>
            <ns3:hr>146</ns3:hr>
            <ns3:cad>83</ns3:cad>
          </ns3:TrackPointExtension>
        </extensions>
      </trkpt>
      <trkpt lat="37.48099490068852901458740234375" lon="126.9528876431286334991455078125">
        <ele>39.40000152587890625</ele>
        <time>2026-04-10T14:54:59.000Z</time>
        <extensions>
          <ns3:TrackPointExtension>
            <ns3:hr>146</ns3:hr>
            <ns3:cad>83</ns3:cad>
          </ns3:TrackPointExtension>
        </extensions>
      </trkpt>
      <trkpt lat="37.4810105748474597930908203125" lon="126.95286325179040431976318359375">
        <ele>39.40000152587890625</ele>
        <time>2026-04-10T14:55:00.000Z</time>
        <extensions>
          <ns3:TrackPointExtension>
            <ns3:hr>145</ns3:hr>
            <ns3:cad>82</ns3:cad>
          </ns3:TrackPointExtension>
        </extensions>
      </trkpt>
      <trkpt lat="37.4810206331312656402587890625" lon="126.9528351724147796630859375">
        <ele>39.40000152587890625</ele>
        <time>2026-04-10T14:55:01.000Z</time>
        <extensions>
          <ns3:TrackPointExtension>
            <ns3:hr>145</ns3:hr>
            <ns3:cad>82</ns3:cad>
          </ns3:TrackPointExtension>
        </extensions>
      </trkpt>
      <trkpt lat="37.481022141873836517333984375" lon="126.952824108302593231201171875">
        <ele>39.59999847412109375</ele>
        <time>2026-04-10T14:55:02.000Z</time>
        <extensions>
          <ns3:TrackPointExtension>
            <ns3:hr>145</ns3:hr>
            <ns3:cad>0</ns3:cad>
          </ns3:TrackPointExtension>
        </extensions>
      </trkpt>
      <trkpt lat="37.48102021403610706329345703125" lon="126.95280910469591617584228515625">
        <ele>39.59999847412109375</ele>
        <time>2026-04-10T14:55:03.000Z</time>
        <extensions>
          <ns3:TrackPointExtension>
            <ns3:hr>144</ns3:hr>
            <ns3:cad>0</ns3:cad>
          </ns3:TrackPointExtension>
        </extensions>
      </trkpt>
      <trkpt lat="37.481020800769329071044921875" lon="126.95280474610626697540283203125">
        <ele>39.59999847412109375</ele>
        <time>2026-04-10T14:55:04.000Z</time>
        <extensions>
          <ns3:TrackPointExtension>
            <ns3:hr>144</ns3:hr>
            <ns3:cad>0</ns3:cad>
          </ns3:TrackPointExtension>
        </extensions>
      </trkpt>
      <trkpt lat="37.481018118560314178466796875" lon="126.95279896259307861328125">
        <ele>39.59999847412109375</ele>
        <time>2026-04-10T14:55:05.000Z</time>
        <extensions>
          <ns3:TrackPointExtension>
            <ns3:hr>144</ns3:hr>
            <ns3:cad>0</ns3:cad>
          </ns3:TrackPointExtension>
        </extensions>
      </trkpt>
      <trkpt lat="37.48101635836064815521240234375" lon="126.9527941010892391204833984375">
        <ele>39.59999847412109375</ele>
        <time>2026-04-10T14:55:06.000Z</time>
        <extensions>
          <ns3:TrackPointExtension>
            <ns3:hr>143</ns3:hr>
            <ns3:cad>0</ns3:cad>
          </ns3:TrackPointExtension>
        </extensions>
      </trkpt>
      <trkpt lat="37.48101082630455493927001953125" lon="126.9528014771640300750732421875">
        <ele>39.59999847412109375</ele>
        <time>2026-04-10T14:55:07.000Z</time>
        <extensions>
          <ns3:TrackPointExtension>
            <ns3:hr>143</ns3:hr>
            <ns3:cad>0</ns3:cad>
          </ns3:TrackPointExtension>
        </extensions>
      </trkpt>
      <trkpt lat="37.4810099042952060699462890625" lon="126.952801644802093505859375">
        <ele>39.59999847412109375</ele>
        <time>2026-04-10T14:55:08.000Z</time>
        <extensions>
          <ns3:TrackPointExtension>
            <ns3:hr>142</ns3:hr>
            <ns3:cad>0</ns3:cad>
          </ns3:TrackPointExtension>
        </extensions>
      </trkpt>
      <trkpt lat="37.4810042046010494232177734375" lon="126.95280407555401325225830078125">
        <ele>39.59999847412109375</ele>
        <time>2026-04-10T14:55:09.000Z</time>
        <extensions>
          <ns3:TrackPointExtension>
            <ns3:hr>141</ns3:hr>
            <ns3:cad>0</ns3:cad>
          </ns3:TrackPointExtension>
        </extensions>
      </trkpt>
      <trkpt lat="37.48102893121540546417236328125" lon="126.9527702964842319488525390625">
        <ele>39.59999847412109375</ele>
        <time>2026-04-10T14:55:10.000Z</time>
        <extensions>
          <ns3:TrackPointExtension>
            <ns3:hr>140</ns3:hr>
            <ns3:cad>0</ns3:cad>
          </ns3:TrackPointExtension>
        </extensions>
      </trkpt>
      <trkpt lat="37.481031529605388641357421875" lon="126.9527424685657024383544921875">
        <ele>39.59999847412109375</ele>
        <time>2026-04-10T14:55:11.000Z</time>
        <extensions>
          <ns3:TrackPointExtension>
            <ns3:hr>140</ns3:hr>
            <ns3:cad>0</ns3:cad>
          </ns3:TrackPointExtension>
        </extensions>
      </trkpt>
      <trkpt lat="37.48103530146181583404541015625" lon="126.9526978768408298492431640625">
        <ele>39.59999847412109375</ele>
        <time>2026-04-10T14:55:12.000Z</time>
        <extensions>
          <ns3:TrackPointExtension>
            <ns3:hr>140</ns3:hr>
            <ns3:cad>0</ns3:cad>
          </ns3:TrackPointExtension>
        </extensions>
      </trkpt>
      <trkpt lat="37.4810399115085601806640625" lon="126.952653117477893829345703125">
        <ele>39.59999847412109375</ele>
        <time>2026-04-10T14:55:13.000Z</time>
        <extensions>
          <ns3:TrackPointExtension>
            <ns3:hr>139</ns3:hr>
            <ns3:cad>79</ns3:cad>
          </ns3:TrackPointExtension>
        </extensions>
      </trkpt>
      <trkpt lat="37.48103580437600612640380859375" lon="126.9526147283613681793212890625">
        <ele>39.59999847412109375</ele>
        <time>2026-04-10T14:55:14.000Z</time>
        <extensions>
          <ns3:TrackPointExtension>
            <ns3:hr>139</ns3:hr>
            <ns3:cad>79</ns3:cad>
          </ns3:TrackPointExtension>
        </extensions>
      </trkpt>
      <trkpt lat="37.48103521764278411865234375" lon="126.9525724835693836212158203125">
        <ele>39.59999847412109375</ele>
        <time>2026-04-10T14:55:15.000Z</time>
        <extensions>
          <ns3:TrackPointExtension>
            <ns3:hr>138</ns3:hr>
            <ns3:cad>83</ns3:cad>
          </ns3:TrackPointExtension>
        </extensions>
      </trkpt>
      <trkpt lat="37.481034211814403533935546875" lon="126.95253199897706508636474609375">
        <ele>39.59999847412109375</ele>
        <time>2026-04-10T14:55:16.000Z</time>
        <extensions>
          <ns3:TrackPointExtension>
            <ns3:hr>138</ns3:hr>
            <ns3:cad>83</ns3:cad>
          </ns3:TrackPointExtension>
        </extensions>
      </trkpt>
      <trkpt lat="37.48103127814829349517822265625" lon="126.95249495096504688262939453125">
        <ele>39.59999847412109375</ele>
        <time>2026-04-10T14:55:17.000Z</time>
        <extensions>
          <ns3:TrackPointExtension>
            <ns3:hr>138</ns3:hr>
            <ns3:cad>83</ns3:cad>
          </ns3:TrackPointExtension>
        </extensions>
      </trkpt>
      <trkpt lat="37.4810320325195789337158203125" lon="126.95244700647890567779541015625">
        <ele>39.59999847412109375</ele>
        <time>2026-04-10T14:55:18.000Z</time>
        <extensions>
          <ns3:TrackPointExtension>
            <ns3:hr>138</ns3:hr>
            <ns3:cad>83</ns3:cad>
          </ns3:TrackPointExtension>
        </extensions>
      </trkpt>
      <trkpt lat="37.4810249917209148406982421875" lon="126.95242068730294704437255859375">
        <ele>39.59999847412109375</ele>
        <time>2026-04-10T14:55:19.000Z</time>
        <extensions>
          <ns3:TrackPointExtension>
            <ns3:hr>139</ns3:hr>
            <ns3:cad>83</ns3:cad>
          </ns3:TrackPointExtension>
        </extensions>
      </trkpt>
      <trkpt lat="37.48102859593927860260009765625" lon="126.95238866843283176422119140625">
        <ele>39.59999847412109375</ele>
        <time>2026-04-10T14:55:20.000Z</time>
        <extensions>
          <ns3:TrackPointExtension>
            <ns3:hr>139</ns3:hr>
            <ns3:cad>83</ns3:cad>
          </ns3:TrackPointExtension>
        </extensions>
      </trkpt>
      <trkpt lat="37.48102960176765918731689453125" lon="126.95235975086688995361328125">
        <ele>39.59999847412109375</ele>
        <time>2026-04-10T14:55:21.000Z</time>
        <extensions>
          <ns3:TrackPointExtension>
            <ns3:hr>139</ns3:hr>
            <ns3:cad>83</ns3:cad>
          </ns3:TrackPointExtension>
        </extensions>
      </trkpt>
      <trkpt lat="37.4810420908033847808837890625" lon="126.95232622325420379638671875">
        <ele>39.799999237060546875</ele>
        <time>2026-04-10T14:55:22.000Z</time>
        <extensions>
          <ns3:TrackPointExtension>
            <ns3:hr>139</ns3:hr>
            <ns3:cad>83</ns3:cad>
          </ns3:TrackPointExtension>
        </extensions>
      </trkpt>
      <trkpt lat="37.481068074703216552734375" lon="126.95230049081146717071533203125">
        <ele>40</ele>
        <time>2026-04-10T14:55:23.000Z</time>
        <extensions>
          <ns3:TrackPointExtension>
            <ns3:hr>138</ns3:hr>
            <ns3:cad>83</ns3:cad>
          </ns3:TrackPointExtension>
        </extensions>
      </trkpt>
      <trkpt lat="37.48108743689954280853271484375" lon="126.95227350108325481414794921875">
        <ele>40</ele>
        <time>2026-04-10T14:55:24.000Z</time>
        <extensions>
          <ns3:TrackPointExtension>
            <ns3:hr>138</ns3:hr>
            <ns3:cad>84</ns3:cad>
          </ns3:TrackPointExtension>
        </extensions>
      </trkpt>
      <trkpt lat="37.48111140914261341094970703125" lon="126.95223771035671234130859375">
        <ele>40.200000762939453125</ele>
        <time>2026-04-10T14:55:25.000Z</time>
        <extensions>
          <ns3:TrackPointExtension>
            <ns3:hr>138</ns3:hr>
            <ns3:cad>84</ns3:cad>
          </ns3:TrackPointExtension>
        </extensions>
      </trkpt>
      <trkpt lat="37.48113202862441539764404296875" lon="126.95220929570496082305908203125">
        <ele>40</ele>
        <time>2026-04-10T14:55:26.000Z</time>
        <extensions>
          <ns3:TrackPointExtension>
            <ns3:hr>138</ns3:hr>
            <ns3:cad>84</ns3:cad>
          </ns3:TrackPointExtension>
        </extensions>
      </trkpt>
      <trkpt lat="37.48115248046815395355224609375" lon="126.9521807134151458740234375">
        <ele>39.799999237060546875</ele>
        <time>2026-04-10T14:55:27.000Z</time>
        <extensions>
          <ns3:TrackPointExtension>
            <ns3:hr>139</ns3:hr>
            <ns3:cad>84</ns3:cad>
          </ns3:TrackPointExtension>
        </extensions>
      </trkpt>
      <trkpt lat="37.48116421513259410858154296875" lon="126.952146179974079132080078125">
        <ele>39.799999237060546875</ele>
        <time>2026-04-10T14:55:28.000Z</time>
        <extensions>
          <ns3:TrackPointExtension>
            <ns3:hr>138</ns3:hr>
            <ns3:cad>84</ns3:cad>
          </ns3:TrackPointExtension>
        </extensions>
      </trkpt>
      <trkpt lat="37.48116924427449703216552734375" lon="126.95211038924753665924072265625">
        <ele>39.59999847412109375</ele>
        <time>2026-04-10T14:55:29.000Z</time>
        <extensions>
          <ns3:TrackPointExtension>
            <ns3:hr>139</ns3:hr>
            <ns3:cad>83</ns3:cad>
          </ns3:TrackPointExtension>
        </extensions>
      </trkpt>
      <trkpt lat="37.4811735190451145172119140625" lon="126.95206445641815662384033203125">
        <ele>39.59999847412109375</ele>
        <time>2026-04-10T14:55:30.000Z</time>
        <extensions>
          <ns3:TrackPointExtension>
            <ns3:hr>139</ns3:hr>
            <ns3:cad>83</ns3:cad>
          </ns3:TrackPointExtension>
        </extensions>
      </trkpt>
      <trkpt lat="37.48118550516664981842041015625" lon="126.95202472619712352752685546875">
        <ele>39.59999847412109375</ele>
        <time>2026-04-10T14:55:31.000Z</time>
        <extensions>
          <ns3:TrackPointExtension>
            <ns3:hr>139</ns3:hr>
            <ns3:cad>83</ns3:cad>
          </ns3:TrackPointExtension>
        </extensions>
      </trkpt>
      <trkpt lat="37.48119757510721683502197265625" lon="126.951991952955722808837890625">
        <ele>39.59999847412109375</ele>
        <time>2026-04-10T14:55:32.000Z</time>
        <extensions>
          <ns3:TrackPointExtension>
            <ns3:hr>139</ns3:hr>
            <ns3:cad>83</ns3:cad>
          </ns3:TrackPointExtension>
        </extensions>
      </trkpt>
      <trkpt lat="37.4812107346951961517333984375" lon="126.951952390372753143310546875">
        <ele>39.40000152587890625</ele>
        <time>2026-04-10T14:55:33.000Z</time>
        <extensions>
          <ns3:TrackPointExtension>
            <ns3:hr>139</ns3:hr>
            <ns3:cad>83</ns3:cad>
          </ns3:TrackPointExtension>
        </extensions>
      </trkpt>
      <trkpt lat="37.48122422955930233001708984375" lon="126.9519210420548915863037109375">
        <ele>39.200000762939453125</ele>
        <time>2026-04-10T14:55:34.000Z</time>
        <extensions>
          <ns3:TrackPointExtension>
            <ns3:hr>140</ns3:hr>
            <ns3:cad>83</ns3:cad>
          </ns3:TrackPointExtension>
        </extensions>
      </trkpt>
      <trkpt lat="37.481233365833759307861328125" lon="126.9518452696502208709716796875">
        <ele>39</ele>
        <time>2026-04-10T14:55:35.000Z</time>
        <extensions>
          <ns3:TrackPointExtension>
            <ns3:hr>139</ns3:hr>
            <ns3:cad>83</ns3:cad>
          </ns3:TrackPointExtension>
        </extensions>
      </trkpt>
      <trkpt lat="37.48122540302574634552001953125" lon="126.95180864073336124420166015625">
        <ele>38.799999237060546875</ele>
        <time>2026-04-10T14:55:36.000Z</time>
        <extensions>
          <ns3:TrackPointExtension>
            <ns3:hr>140</ns3:hr>
            <ns3:cad>83</ns3:cad>
          </ns3:TrackPointExtension>
        </extensions>
      </trkpt>
      <trkpt lat="37.48122037388384342193603515625" lon="126.95176555775105953216552734375">
        <ele>38.59999847412109375</ele>
        <time>2026-04-10T14:55:37.000Z</time>
        <extensions>
          <ns3:TrackPointExtension>
            <ns3:hr>140</ns3:hr>
            <ns3:cad>82</ns3:cad>
          </ns3:TrackPointExtension>
        </extensions>
      </trkpt>
      <trkpt lat="37.481219284236431121826171875" lon="126.95173454470932483673095703125">
        <ele>38.59999847412109375</ele>
        <time>2026-04-10T14:55:38.000Z</time>
        <extensions>
          <ns3:TrackPointExtension>
            <ns3:hr>140</ns3:hr>
            <ns3:cad>82</ns3:cad>
          </ns3:TrackPointExtension>
        </extensions>
      </trkpt>
      <trkpt lat="37.48121987096965312957763671875" lon="126.951694898307323455810546875">
        <ele>38.59999847412109375</ele>
        <time>2026-04-10T14:55:39.000Z</time>
        <extensions>
          <ns3:TrackPointExtension>
            <ns3:hr>140</ns3:hr>
            <ns3:cad>82</ns3:cad>
          </ns3:TrackPointExtension>
        </extensions>
      </trkpt>
    </trkseg>
  </trk>
</gpx>
