<gpx xmlns:ns3="http://www.garmin.com/xmlschemas/TrackPointExtension/v1" xmlns="http://www.topografix.com/GPX/1/1" xmlns:xsi="http://www.w3.org/2001/XMLSchema-instance" xmlns:ns2="http://www.garmin.com/xmlschemas/GpxExtensions/v3" creator="Garmin Connect" version="1.1" xsi:schemaLocation="http://www.topografix.com/GPX/1/1 http://www.topografix.com/GPX/11.xsd">
  <extensions>
<distance>7226.21</distance>
<average_hr>128.0</average_hr>
<average_speed>2.86899995803833</average_speed>
<start_time>2026-05-24T00:32:23+00:00</start_time>
<end_time>2026-05-24T01:14:21.457000+00:00</end_time>
<moving_time>2516.307</moving_time>
<elapsed_time>3119.116</elapsed_time>
</extensions>
<metadata>
    <link href="connect.garmin.com">
      <text>Garmin Connect</text>
    </link>
    <time>2026-05-24T00:32:23.000Z</time>
  </metadata>
  <trk>
    <name>Running</name>
    <type>running</type>
    <trkseg>
      <trkpt lat="37.5194684229791164398193359375" lon="127.116360403597354888916015625">
        <ele>21.799999237060546875</ele>
        <time>2026-05-24T00:32:23.000Z</time>
        <extensions>
          <ns3:TrackPointExtension>
            <ns3:hr>70</ns3:hr>
            <ns3:cad>49</ns3:cad>
          </ns3:TrackPointExtension>
        </extensions>
      </trkpt>
      <trkpt lat="37.51945316791534423828125" lon="127.11637909524142742156982421875">
        <ele>21.799999237060546875</ele>
        <time>2026-05-24T00:32:24.000Z</time>
        <extensions>
          <ns3:TrackPointExtension>
            <ns3:hr>70</ns3:hr>
            <ns3:cad>49</ns3:cad>
          </ns3:TrackPointExtension>
        </extensions>
      </trkpt>
      <trkpt lat="37.51943506300449371337890625" lon="127.11639518849551677703857421875">
        <ele>21.799999237060546875</ele>
        <time>2026-05-24T00:32:25.000Z</time>
        <extensions>
          <ns3:TrackPointExtension>
            <ns3:hr>70</ns3:hr>
            <ns3:cad>49</ns3:cad>
          </ns3:TrackPointExtension>
        </extensions>
      </trkpt>
      <trkpt lat="37.51941167749464511871337890625" lon="127.1164088509976863861083984375">
        <ele>21.799999237060546875</ele>
        <time>2026-05-24T00:32:26.000Z</time>
        <extensions>
          <ns3:TrackPointExtension>
            <ns3:hr>70</ns3:hr>
            <ns3:cad>83</ns3:cad>
          </ns3:TrackPointExtension>
        </extensions>
      </trkpt>
      <trkpt lat="37.51939491368830204010009765625" lon="127.11642083711922168731689453125">
        <ele>22</ele>
        <time>2026-05-24T00:32:27.000Z</time>
        <extensions>
          <ns3:TrackPointExtension>
            <ns3:hr>71</ns3:hr>
            <ns3:cad>83</ns3:cad>
          </ns3:TrackPointExtension>
        </extensions>
      </trkpt>
      <trkpt lat="37.5193721987307071685791015625" lon="127.11643441580235958099365234375">
        <ele>22</ele>
        <time>2026-05-24T00:32:28.000Z</time>
        <extensions>
          <ns3:TrackPointExtension>
            <ns3:hr>72</ns3:hr>
            <ns3:cad>83</ns3:cad>
          </ns3:TrackPointExtension>
        </extensions>
      </trkpt>
      <trkpt lat="37.51935166306793689727783203125" lon="127.116446904838085174560546875">
        <ele>22</ele>
        <time>2026-05-24T00:32:29.000Z</time>
        <extensions>
          <ns3:TrackPointExtension>
            <ns3:hr>74</ns3:hr>
            <ns3:cad>83</ns3:cad>
          </ns3:TrackPointExtension>
        </extensions>
      </trkpt>
      <trkpt lat="37.519334815442562103271484375" lon="127.11645587347447872161865234375">
        <ele>22</ele>
        <time>2026-05-24T00:32:30.000Z</time>
        <extensions>
          <ns3:TrackPointExtension>
            <ns3:hr>76</ns3:hr>
            <ns3:cad>83</ns3:cad>
          </ns3:TrackPointExtension>
        </extensions>
      </trkpt>
      <trkpt lat="37.5193098373711109161376953125" lon="127.11647163145244121551513671875">
        <ele>22.200000762939453125</ele>
        <time>2026-05-24T00:32:31.000Z</time>
        <extensions>
          <ns3:TrackPointExtension>
            <ns3:hr>78</ns3:hr>
            <ns3:cad>83</ns3:cad>
          </ns3:TrackPointExtension>
        </extensions>
      </trkpt>
      <trkpt lat="37.51929114572703838348388671875" lon="127.11648118682205677032470703125">
        <ele>22.200000762939453125</ele>
        <time>2026-05-24T00:32:32.000Z</time>
        <extensions>
          <ns3:TrackPointExtension>
            <ns3:hr>79</ns3:hr>
            <ns3:cad>83</ns3:cad>
          </ns3:TrackPointExtension>
        </extensions>
      </trkpt>
      <trkpt lat="37.5192694365978240966796875" lon="127.1164883114397525787353515625">
        <ele>22</ele>
        <time>2026-05-24T00:32:33.000Z</time>
        <extensions>
          <ns3:TrackPointExtension>
            <ns3:hr>81</ns3:hr>
            <ns3:cad>83</ns3:cad>
          </ns3:TrackPointExtension>
        </extensions>
      </trkpt>
      <trkpt lat="37.519241273403167724609375" lon="127.11649778299033641815185546875">
        <ele>22</ele>
        <time>2026-05-24T00:32:34.000Z</time>
        <extensions>
          <ns3:TrackPointExtension>
            <ns3:hr>82</ns3:hr>
            <ns3:cad>83</ns3:cad>
          </ns3:TrackPointExtension>
        </extensions>
      </trkpt>
      <trkpt lat="37.519224844872951507568359375" lon="127.1165080927312374114990234375">
        <ele>21.799999237060546875</ele>
        <time>2026-05-24T00:32:35.000Z</time>
        <extensions>
          <ns3:TrackPointExtension>
            <ns3:hr>84</ns3:hr>
            <ns3:cad>83</ns3:cad>
          </ns3:TrackPointExtension>
        </extensions>
      </trkpt>
      <trkpt lat="37.519198358058929443359375" lon="127.11652309633791446685791015625">
        <ele>21.799999237060546875</ele>
        <time>2026-05-24T00:32:36.000Z</time>
        <extensions>
          <ns3:TrackPointExtension>
            <ns3:hr>85</ns3:hr>
            <ns3:cad>82</ns3:cad>
          </ns3:TrackPointExtension>
        </extensions>
      </trkpt>
      <trkpt lat="37.5191780738532543182373046875" lon="127.116540111601352691650390625">
        <ele>21.799999237060546875</ele>
        <time>2026-05-24T00:32:37.000Z</time>
        <extensions>
          <ns3:TrackPointExtension>
            <ns3:hr>86</ns3:hr>
            <ns3:cad>82</ns3:cad>
          </ns3:TrackPointExtension>
        </extensions>
      </trkpt>
      <trkpt lat="37.519160807132720947265625" lon="127.11655729450285434722900390625">
        <ele>21.799999237060546875</ele>
        <time>2026-05-24T00:32:38.000Z</time>
        <extensions>
          <ns3:TrackPointExtension>
            <ns3:hr>87</ns3:hr>
            <ns3:cad>83</ns3:cad>
          </ns3:TrackPointExtension>
        </extensions>
      </trkpt>
      <trkpt lat="37.51913792453706264495849609375" lon="127.116566598415374755859375">
        <ele>22</ele>
        <time>2026-05-24T00:32:39.000Z</time>
        <extensions>
          <ns3:TrackPointExtension>
            <ns3:hr>88</ns3:hr>
            <ns3:cad>83</ns3:cad>
          </ns3:TrackPointExtension>
        </extensions>
      </trkpt>
      <trkpt lat="37.51912199892103672027587890625" lon="127.11657841689884662628173828125">
        <ele>22</ele>
        <time>2026-05-24T00:32:40.000Z</time>
        <extensions>
          <ns3:TrackPointExtension>
            <ns3:hr>90</ns3:hr>
            <ns3:cad>83</ns3:cad>
          </ns3:TrackPointExtension>
        </extensions>
      </trkpt>
      <trkpt lat="37.519094087183475494384765625" lon="127.116592414677143096923828125">
        <ele>22</ele>
        <time>2026-05-24T00:32:41.000Z</time>
        <extensions>
          <ns3:TrackPointExtension>
            <ns3:hr>91</ns3:hr>
            <ns3:cad>83</ns3:cad>
          </ns3:TrackPointExtension>
        </extensions>
      </trkpt>
      <trkpt lat="37.51907707192003726959228515625" lon="127.11660557426512241363525390625">
        <ele>22</ele>
        <time>2026-05-24T00:32:42.000Z</time>
        <extensions>
          <ns3:TrackPointExtension>
            <ns3:hr>93</ns3:hr>
            <ns3:cad>83</ns3:cad>
          </ns3:TrackPointExtension>
        </extensions>
      </trkpt>
      <trkpt lat="37.51905544660985469818115234375" lon="127.1166237629950046539306640625">
        <ele>22</ele>
        <time>2026-05-24T00:32:43.000Z</time>
        <extensions>
          <ns3:TrackPointExtension>
            <ns3:hr>94</ns3:hr>
            <ns3:cad>84</ns3:cad>
          </ns3:TrackPointExtension>
        </extensions>
      </trkpt>
      <trkpt lat="37.5190295465290546417236328125" lon="127.11663491092622280120849609375">
        <ele>22</ele>
        <time>2026-05-24T00:32:44.000Z</time>
        <extensions>
          <ns3:TrackPointExtension>
            <ns3:hr>96</ns3:hr>
            <ns3:cad>84</ns3:cad>
          </ns3:TrackPointExtension>
        </extensions>
      </trkpt>
      <trkpt lat="37.5190141238272190093994140625" lon="127.11665033362805843353271484375">
        <ele>22</ele>
        <time>2026-05-24T00:32:45.000Z</time>
        <extensions>
          <ns3:TrackPointExtension>
            <ns3:hr>98</ns3:hr>
            <ns3:cad>84</ns3:cad>
          </ns3:TrackPointExtension>
        </extensions>
      </trkpt>
      <trkpt lat="37.5189864635467529296875" lon="127.11666475050151348114013671875">
        <ele>22.200000762939453125</ele>
        <time>2026-05-24T00:32:46.000Z</time>
        <extensions>
          <ns3:TrackPointExtension>
            <ns3:hr>99</ns3:hr>
            <ns3:cad>84</ns3:cad>
          </ns3:TrackPointExtension>
        </extensions>
      </trkpt>
      <trkpt lat="37.51896726898849010467529296875" lon="127.11667916737496852874755859375">
        <ele>22.200000762939453125</ele>
        <time>2026-05-24T00:32:47.000Z</time>
        <extensions>
          <ns3:TrackPointExtension>
            <ns3:hr>100</ns3:hr>
            <ns3:cad>84</ns3:cad>
          </ns3:TrackPointExtension>
        </extensions>
      </trkpt>
      <trkpt lat="37.5189480744302272796630859375" lon="127.11669442243874073028564453125">
        <ele>22.3999996185302734375</ele>
        <time>2026-05-24T00:32:48.000Z</time>
        <extensions>
          <ns3:TrackPointExtension>
            <ns3:hr>101</ns3:hr>
            <ns3:cad>84</ns3:cad>
          </ns3:TrackPointExtension>
        </extensions>
      </trkpt>
      <trkpt lat="37.518925108015537261962890625" lon="127.116708420217037200927734375">
        <ele>22.3999996185302734375</ele>
        <time>2026-05-24T00:32:49.000Z</time>
        <extensions>
          <ns3:TrackPointExtension>
            <ns3:hr>102</ns3:hr>
            <ns3:cad>84</ns3:cad>
          </ns3:TrackPointExtension>
        </extensions>
      </trkpt>
      <trkpt lat="37.51890926621854305267333984375" lon="127.11672040633857250213623046875">
        <ele>22.3999996185302734375</ele>
        <time>2026-05-24T00:32:50.000Z</time>
        <extensions>
          <ns3:TrackPointExtension>
            <ns3:hr>103</ns3:hr>
            <ns3:cad>84</ns3:cad>
          </ns3:TrackPointExtension>
        </extensions>
      </trkpt>
      <trkpt lat="37.518880181014537811279296875" lon="127.116732895374298095703125">
        <ele>22.3999996185302734375</ele>
        <time>2026-05-24T00:32:51.000Z</time>
        <extensions>
          <ns3:TrackPointExtension>
            <ns3:hr>104</ns3:hr>
            <ns3:cad>84</ns3:cad>
          </ns3:TrackPointExtension>
        </extensions>
      </trkpt>
      <trkpt lat="37.51886509358882904052734375" lon="127.11674689315259456634521484375">
        <ele>22.3999996185302734375</ele>
        <time>2026-05-24T00:32:52.000Z</time>
        <extensions>
          <ns3:TrackPointExtension>
            <ns3:hr>105</ns3:hr>
            <ns3:cad>83</ns3:cad>
          </ns3:TrackPointExtension>
        </extensions>
      </trkpt>
      <trkpt lat="37.51883802004158496856689453125" lon="127.11675141938030719757080078125">
        <ele>22.3999996185302734375</ele>
        <time>2026-05-24T00:32:53.000Z</time>
        <extensions>
          <ns3:TrackPointExtension>
            <ns3:hr>106</ns3:hr>
            <ns3:cad>83</ns3:cad>
          </ns3:TrackPointExtension>
        </extensions>
      </trkpt>
      <trkpt lat="37.5188134610652923583984375" lon="127.11675812490284442901611328125">
        <ele>22.3999996185302734375</ele>
        <time>2026-05-24T00:32:54.000Z</time>
        <extensions>
          <ns3:TrackPointExtension>
            <ns3:hr>106</ns3:hr>
            <ns3:cad>83</ns3:cad>
          </ns3:TrackPointExtension>
        </extensions>
      </trkpt>
      <trkpt lat="37.5187946856021881103515625" lon="127.116770781576633453369140625">
        <ele>22.3999996185302734375</ele>
        <time>2026-05-24T00:32:55.000Z</time>
        <extensions>
          <ns3:TrackPointExtension>
            <ns3:hr>107</ns3:hr>
            <ns3:cad>84</ns3:cad>
          </ns3:TrackPointExtension>
        </extensions>
      </trkpt>
      <trkpt lat="37.51876492984592914581298828125" lon="127.11678243242204189300537109375">
        <ele>22.3999996185302734375</ele>
        <time>2026-05-24T00:32:56.000Z</time>
        <extensions>
          <ns3:TrackPointExtension>
            <ns3:hr>108</ns3:hr>
            <ns3:cad>84</ns3:cad>
          </ns3:TrackPointExtension>
        </extensions>
      </trkpt>
      <trkpt lat="37.5187539495527744293212890625" lon="127.1167981065809726715087890625">
        <ele>22.3999996185302734375</ele>
        <time>2026-05-24T00:32:57.000Z</time>
        <extensions>
          <ns3:TrackPointExtension>
            <ns3:hr>109</ns3:hr>
            <ns3:cad>84</ns3:cad>
          </ns3:TrackPointExtension>
        </extensions>
      </trkpt>
      <trkpt lat="37.51872754655778408050537109375" lon="127.11681126616895198822021484375">
        <ele>22.3999996185302734375</ele>
        <time>2026-05-24T00:32:58.000Z</time>
        <extensions>
          <ns3:TrackPointExtension>
            <ns3:hr>110</ns3:hr>
            <ns3:cad>84</ns3:cad>
          </ns3:TrackPointExtension>
        </extensions>
      </trkpt>
      <trkpt lat="37.518702484667301177978515625" lon="127.11681746877729892730712890625">
        <ele>22.200000762939453125</ele>
        <time>2026-05-24T00:32:59.000Z</time>
        <extensions>
          <ns3:TrackPointExtension>
            <ns3:hr>110</ns3:hr>
            <ns3:cad>84</ns3:cad>
          </ns3:TrackPointExtension>
        </extensions>
      </trkpt>
      <trkpt lat="37.5186778418719768524169921875" lon="127.11682610213756561279296875">
        <ele>22.200000762939453125</ele>
        <time>2026-05-24T00:33:00.000Z</time>
        <extensions>
          <ns3:TrackPointExtension>
            <ns3:hr>111</ns3:hr>
            <ns3:cad>84</ns3:cad>
          </ns3:TrackPointExtension>
        </extensions>
      </trkpt>
      <trkpt lat="37.51865076832473278045654296875" lon="127.116832472383975982666015625">
        <ele>22.200000762939453125</ele>
        <time>2026-05-24T00:33:01.000Z</time>
        <extensions>
          <ns3:TrackPointExtension>
            <ns3:hr>112</ns3:hr>
            <ns3:cad>85</ns3:cad>
          </ns3:TrackPointExtension>
        </extensions>
      </trkpt>
      <trkpt lat="37.51862897537648677825927734375" lon="127.11684286594390869140625">
        <ele>22.200000762939453125</ele>
        <time>2026-05-24T00:33:02.000Z</time>
        <extensions>
          <ns3:TrackPointExtension>
            <ns3:hr>113</ns3:hr>
            <ns3:cad>85</ns3:cad>
          </ns3:TrackPointExtension>
        </extensions>
      </trkpt>
      <trkpt lat="37.5186037458479404449462890625" lon="127.11685636080801486968994140625">
        <ele>22.200000762939453125</ele>
        <time>2026-05-24T00:33:03.000Z</time>
        <extensions>
          <ns3:TrackPointExtension>
            <ns3:hr>113</ns3:hr>
            <ns3:cad>85</ns3:cad>
          </ns3:TrackPointExtension>
        </extensions>
      </trkpt>
      <trkpt lat="37.5185863114893436431884765625" lon="127.1168661676347255706787109375">
        <ele>22.200000762939453125</ele>
        <time>2026-05-24T00:33:04.000Z</time>
        <extensions>
          <ns3:TrackPointExtension>
            <ns3:hr>114</ns3:hr>
            <ns3:cad>85</ns3:cad>
          </ns3:TrackPointExtension>
        </extensions>
      </trkpt>
      <trkpt lat="37.518560327589511871337890625" lon="127.11687513627111911773681640625">
        <ele>22.3999996185302734375</ele>
        <time>2026-05-24T00:33:05.000Z</time>
        <extensions>
          <ns3:TrackPointExtension>
            <ns3:hr>115</ns3:hr>
            <ns3:cad>85</ns3:cad>
          </ns3:TrackPointExtension>
        </extensions>
      </trkpt>
      <trkpt lat="37.51853560097515583038330078125" lon="127.11688485927879810333251953125">
        <ele>22.3999996185302734375</ele>
        <time>2026-05-24T00:33:06.000Z</time>
        <extensions>
          <ns3:TrackPointExtension>
            <ns3:hr>115</ns3:hr>
            <ns3:cad>85</ns3:cad>
          </ns3:TrackPointExtension>
        </extensions>
      </trkpt>
      <trkpt lat="37.51851632259786128997802734375" lon="127.1168946661055088043212890625">
        <ele>22.200000762939453125</ele>
        <time>2026-05-24T00:33:07.000Z</time>
        <extensions>
          <ns3:TrackPointExtension>
            <ns3:hr>116</ns3:hr>
            <ns3:cad>85</ns3:cad>
          </ns3:TrackPointExtension>
        </extensions>
      </trkpt>
      <trkpt lat="37.5184853933751583099365234375" lon="127.1169037185609340667724609375">
        <ele>22.200000762939453125</ele>
        <time>2026-05-24T00:33:08.000Z</time>
        <extensions>
          <ns3:TrackPointExtension>
            <ns3:hr>116</ns3:hr>
            <ns3:cad>85</ns3:cad>
          </ns3:TrackPointExtension>
        </extensions>
      </trkpt>
      <trkpt lat="37.51846536062657833099365234375" lon="127.11691603995859622955322265625">
        <ele>22.3999996185302734375</ele>
        <time>2026-05-24T00:33:09.000Z</time>
        <extensions>
          <ns3:TrackPointExtension>
            <ns3:hr>117</ns3:hr>
            <ns3:cad>85</ns3:cad>
          </ns3:TrackPointExtension>
        </extensions>
      </trkpt>
      <trkpt lat="37.51843594014644622802734375" lon="127.1169275231659412384033203125">
        <ele>22.3999996185302734375</ele>
        <time>2026-05-24T00:33:10.000Z</time>
        <extensions>
          <ns3:TrackPointExtension>
            <ns3:hr>117</ns3:hr>
            <ns3:cad>85</ns3:cad>
          </ns3:TrackPointExtension>
        </extensions>
      </trkpt>
      <trkpt lat="37.5184123031795024871826171875" lon="127.11693632416427135467529296875">
        <ele>22.200000762939453125</ele>
        <time>2026-05-24T00:33:11.000Z</time>
        <extensions>
          <ns3:TrackPointExtension>
            <ns3:hr>118</ns3:hr>
            <ns3:cad>84</ns3:cad>
          </ns3:TrackPointExtension>
        </extensions>
      </trkpt>
      <trkpt lat="37.51839679665863513946533203125" lon="127.1169429458677768707275390625">
        <ele>22.200000762939453125</ele>
        <time>2026-05-24T00:33:12.000Z</time>
        <extensions>
          <ns3:TrackPointExtension>
            <ns3:hr>118</ns3:hr>
            <ns3:cad>84</ns3:cad>
          </ns3:TrackPointExtension>
        </extensions>
      </trkpt>
      <trkpt lat="37.5183750875294208526611328125" lon="127.1169509924948215484619140625">
        <ele>22.200000762939453125</ele>
        <time>2026-05-24T00:33:13.000Z</time>
        <extensions>
          <ns3:TrackPointExtension>
            <ns3:hr>119</ns3:hr>
            <ns3:cad>84</ns3:cad>
          </ns3:TrackPointExtension>
        </extensions>
      </trkpt>
      <trkpt lat="37.51835539005696773529052734375" lon="127.1169509924948215484619140625">
        <ele>22.200000762939453125</ele>
        <time>2026-05-24T00:33:14.000Z</time>
        <extensions>
          <ns3:TrackPointExtension>
            <ns3:hr>119</ns3:hr>
            <ns3:cad>84</ns3:cad>
          </ns3:TrackPointExtension>
        </extensions>
      </trkpt>
      <trkpt lat="37.5183291547000408172607421875" lon="127.1169540099799633026123046875">
        <ele>22</ele>
        <time>2026-05-24T00:33:15.000Z</time>
        <extensions>
          <ns3:TrackPointExtension>
            <ns3:hr>120</ns3:hr>
            <ns3:cad>83</ns3:cad>
          </ns3:TrackPointExtension>
        </extensions>
      </trkpt>
      <trkpt lat="37.51830761320888996124267578125" lon="127.116955183446407318115234375">
        <ele>22</ele>
        <time>2026-05-24T00:33:16.000Z</time>
        <extensions>
          <ns3:TrackPointExtension>
            <ns3:hr>120</ns3:hr>
            <ns3:cad>83</ns3:cad>
          </ns3:TrackPointExtension>
        </extensions>
      </trkpt>
      <trkpt lat="37.51828179694712162017822265625" lon="127.11696180514991283416748046875">
        <ele>22</ele>
        <time>2026-05-24T00:33:17.000Z</time>
        <extensions>
          <ns3:TrackPointExtension>
            <ns3:hr>120</ns3:hr>
            <ns3:cad>83</ns3:cad>
          </ns3:TrackPointExtension>
        </extensions>
      </trkpt>
      <trkpt lat="37.5182520411908626556396484375" lon="127.1169714443385601043701171875">
        <ele>22</ele>
        <time>2026-05-24T00:33:18.000Z</time>
        <extensions>
          <ns3:TrackPointExtension>
            <ns3:hr>121</ns3:hr>
            <ns3:cad>83</ns3:cad>
          </ns3:TrackPointExtension>
        </extensions>
      </trkpt>
      <trkpt lat="37.51823334954679012298583984375" lon="127.11698007769882678985595703125">
        <ele>22</ele>
        <time>2026-05-24T00:33:19.000Z</time>
        <extensions>
          <ns3:TrackPointExtension>
            <ns3:hr>121</ns3:hr>
            <ns3:cad>84</ns3:cad>
          </ns3:TrackPointExtension>
        </extensions>
      </trkpt>
      <trkpt lat="37.51820937730371952056884765625" lon="127.116989381611347198486328125">
        <ele>22</ele>
        <time>2026-05-24T00:33:20.000Z</time>
        <extensions>
          <ns3:TrackPointExtension>
            <ns3:hr>121</ns3:hr>
            <ns3:cad>84</ns3:cad>
          </ns3:TrackPointExtension>
        </extensions>
      </trkpt>
      <trkpt lat="37.51818406395614147186279296875" lon="127.11699482984840869903564453125">
        <ele>22</ele>
        <time>2026-05-24T00:33:21.000Z</time>
        <extensions>
          <ns3:TrackPointExtension>
            <ns3:hr>121</ns3:hr>
            <ns3:cad>84</ns3:cad>
          </ns3:TrackPointExtension>
        </extensions>
      </trkpt>
      <trkpt lat="37.51815590076148509979248046875" lon="127.11700371466577053070068359375">
        <ele>22</ele>
        <time>2026-05-24T00:33:22.000Z</time>
        <extensions>
          <ns3:TrackPointExtension>
            <ns3:hr>122</ns3:hr>
            <ns3:cad>84</ns3:cad>
          </ns3:TrackPointExtension>
        </extensions>
      </trkpt>
      <trkpt lat="37.51812404952943325042724609375" lon="127.1170078217983245849609375">
        <ele>22</ele>
        <time>2026-05-24T00:33:23.000Z</time>
        <extensions>
          <ns3:TrackPointExtension>
            <ns3:hr>122</ns3:hr>
            <ns3:cad>84</ns3:cad>
          </ns3:TrackPointExtension>
        </extensions>
      </trkpt>
      <trkpt lat="37.51810611225664615631103515625" lon="127.117018885910511016845703125">
        <ele>22</ele>
        <time>2026-05-24T00:33:24.000Z</time>
        <extensions>
          <ns3:TrackPointExtension>
            <ns3:hr>122</ns3:hr>
            <ns3:cad>84</ns3:cad>
          </ns3:TrackPointExtension>
        </extensions>
      </trkpt>
      <trkpt lat="37.51807610504329204559326171875" lon="127.1170346438884735107421875">
        <ele>22</ele>
        <time>2026-05-24T00:33:25.000Z</time>
        <extensions>
          <ns3:TrackPointExtension>
            <ns3:hr>122</ns3:hr>
            <ns3:cad>84</ns3:cad>
          </ns3:TrackPointExtension>
        </extensions>
      </trkpt>
      <trkpt lat="37.5180535577237606048583984375" lon="127.11704528890550136566162109375">
        <ele>22</ele>
        <time>2026-05-24T00:33:26.000Z</time>
        <extensions>
          <ns3:TrackPointExtension>
            <ns3:hr>122</ns3:hr>
            <ns3:cad>84</ns3:cad>
          </ns3:TrackPointExtension>
        </extensions>
      </trkpt>
      <trkpt lat="37.51803017221391201019287109375" lon="127.1170562691986560821533203125">
        <ele>22</ele>
        <time>2026-05-24T00:33:27.000Z</time>
        <extensions>
          <ns3:TrackPointExtension>
            <ns3:hr>122</ns3:hr>
            <ns3:cad>84</ns3:cad>
          </ns3:TrackPointExtension>
        </extensions>
      </trkpt>
      <trkpt lat="37.51800477504730224609375" lon="127.117066495120525360107421875">
        <ele>22</ele>
        <time>2026-05-24T00:33:28.000Z</time>
        <extensions>
          <ns3:TrackPointExtension>
            <ns3:hr>122</ns3:hr>
            <ns3:cad>84</ns3:cad>
          </ns3:TrackPointExtension>
        </extensions>
      </trkpt>
      <trkpt lat="37.517988346517086029052734375" lon="127.11707227863371372222900390625">
        <ele>22</ele>
        <time>2026-05-24T00:33:29.000Z</time>
        <extensions>
          <ns3:TrackPointExtension>
            <ns3:hr>122</ns3:hr>
            <ns3:cad>84</ns3:cad>
          </ns3:TrackPointExtension>
        </extensions>
      </trkpt>
      <trkpt lat="37.51796127296984195709228515625" lon="127.1170790679752826690673828125">
        <ele>22</ele>
        <time>2026-05-24T00:33:30.000Z</time>
        <extensions>
          <ns3:TrackPointExtension>
            <ns3:hr>122</ns3:hr>
            <ns3:cad>83</ns3:cad>
          </ns3:TrackPointExtension>
        </extensions>
      </trkpt>
      <trkpt lat="37.5179439224302768707275390625" lon="127.11708434857428073883056640625">
        <ele>22</ele>
        <time>2026-05-24T00:33:31.000Z</time>
        <extensions>
          <ns3:TrackPointExtension>
            <ns3:hr>122</ns3:hr>
            <ns3:cad>83</ns3:cad>
          </ns3:TrackPointExtension>
        </extensions>
      </trkpt>
      <trkpt lat="37.5179181061685085296630859375" lon="127.1170944906771183013916015625">
        <ele>22</ele>
        <time>2026-05-24T00:33:32.000Z</time>
        <extensions>
          <ns3:TrackPointExtension>
            <ns3:hr>122</ns3:hr>
            <ns3:cad>83</ns3:cad>
          </ns3:TrackPointExtension>
        </extensions>
      </trkpt>
      <trkpt lat="37.5178939662873744964599609375" lon="127.11711175739765167236328125">
        <ele>22</ele>
        <time>2026-05-24T00:33:33.000Z</time>
        <extensions>
          <ns3:TrackPointExtension>
            <ns3:hr>122</ns3:hr>
            <ns3:cad>83</ns3:cad>
          </ns3:TrackPointExtension>
        </extensions>
      </trkpt>
      <trkpt lat="37.5178758613765239715576171875" lon="127.11712944321334362030029296875">
        <ele>22</ele>
        <time>2026-05-24T00:33:34.000Z</time>
        <extensions>
          <ns3:TrackPointExtension>
            <ns3:hr>122</ns3:hr>
            <ns3:cad>83</ns3:cad>
          </ns3:TrackPointExtension>
        </extensions>
      </trkpt>
      <trkpt lat="37.51784996129572391510009765625" lon="127.11714369244873523712158203125">
        <ele>22</ele>
        <time>2026-05-24T00:33:35.000Z</time>
        <extensions>
          <ns3:TrackPointExtension>
            <ns3:hr>123</ns3:hr>
            <ns3:cad>83</ns3:cad>
          </ns3:TrackPointExtension>
        </extensions>
      </trkpt>
      <trkpt lat="37.517834790050983428955078125" lon="127.1171541698276996612548828125">
        <ele>22</ele>
        <time>2026-05-24T00:33:36.000Z</time>
        <extensions>
          <ns3:TrackPointExtension>
            <ns3:hr>122</ns3:hr>
            <ns3:cad>84</ns3:cad>
          </ns3:TrackPointExtension>
        </extensions>
      </trkpt>
      <trkpt lat="37.517810650169849395751953125" lon="127.1171669103205204010009765625">
        <ele>22</ele>
        <time>2026-05-24T00:33:37.000Z</time>
        <extensions>
          <ns3:TrackPointExtension>
            <ns3:hr>122</ns3:hr>
            <ns3:cad>84</ns3:cad>
          </ns3:TrackPointExtension>
        </extensions>
      </trkpt>
      <trkpt lat="37.5177880190312862396240234375" lon="127.1171793155372142791748046875">
        <ele>22</ele>
        <time>2026-05-24T00:33:38.000Z</time>
        <extensions>
          <ns3:TrackPointExtension>
            <ns3:hr>122</ns3:hr>
            <ns3:cad>84</ns3:cad>
          </ns3:TrackPointExtension>
        </extensions>
      </trkpt>
      <trkpt lat="37.51777033321559429168701171875" lon="127.11718845181167125701904296875">
        <ele>22</ele>
        <time>2026-05-24T00:33:39.000Z</time>
        <extensions>
          <ns3:TrackPointExtension>
            <ns3:hr>122</ns3:hr>
            <ns3:cad>84</ns3:cad>
          </ns3:TrackPointExtension>
        </extensions>
      </trkpt>
      <trkpt lat="37.51774300821125507354736328125" lon="127.11719968356192111968994140625">
        <ele>22</ele>
        <time>2026-05-24T00:33:40.000Z</time>
        <extensions>
          <ns3:TrackPointExtension>
            <ns3:hr>122</ns3:hr>
            <ns3:cad>84</ns3:cad>
          </ns3:TrackPointExtension>
        </extensions>
      </trkpt>
      <trkpt lat="37.517725490033626556396484375" lon="127.11721192114055156707763671875">
        <ele>22.200000762939453125</ele>
        <time>2026-05-24T00:33:41.000Z</time>
        <extensions>
          <ns3:TrackPointExtension>
            <ns3:hr>122</ns3:hr>
            <ns3:cad>84</ns3:cad>
          </ns3:TrackPointExtension>
        </extensions>
      </trkpt>
      <trkpt lat="37.5176988355815410614013671875" lon="127.11722399108111858367919921875">
        <ele>22.200000762939453125</ele>
        <time>2026-05-24T00:33:42.000Z</time>
        <extensions>
          <ns3:TrackPointExtension>
            <ns3:hr>122</ns3:hr>
            <ns3:cad>84</ns3:cad>
          </ns3:TrackPointExtension>
        </extensions>
      </trkpt>
      <trkpt lat="37.5176733545958995819091796875" lon="127.1172386594116687774658203125">
        <ele>22</ele>
        <time>2026-05-24T00:33:43.000Z</time>
        <extensions>
          <ns3:TrackPointExtension>
            <ns3:hr>123</ns3:hr>
            <ns3:cad>84</ns3:cad>
          </ns3:TrackPointExtension>
        </extensions>
      </trkpt>
      <trkpt lat="37.51765231601893901824951171875" lon="127.117255590856075286865234375">
        <ele>22</ele>
        <time>2026-05-24T00:33:44.000Z</time>
        <extensions>
          <ns3:TrackPointExtension>
            <ns3:hr>122</ns3:hr>
            <ns3:cad>84</ns3:cad>
          </ns3:TrackPointExtension>
        </extensions>
      </trkpt>
      <trkpt lat="37.51762348227202892303466796875" lon="127.11727394722402095794677734375">
        <ele>22</ele>
        <time>2026-05-24T00:33:45.000Z</time>
        <extensions>
          <ns3:TrackPointExtension>
            <ns3:hr>123</ns3:hr>
            <ns3:cad>84</ns3:cad>
          </ns3:TrackPointExtension>
        </extensions>
      </trkpt>
      <trkpt lat="37.5176093168556690216064453125" lon="127.1172923035919666290283203125">
        <ele>22</ele>
        <time>2026-05-24T00:33:46.000Z</time>
        <extensions>
          <ns3:TrackPointExtension>
            <ns3:hr>123</ns3:hr>
            <ns3:cad>85</ns3:cad>
          </ns3:TrackPointExtension>
        </extensions>
      </trkpt>
      <trkpt lat="37.51758928410708904266357421875" lon="127.1173201315104961395263671875">
        <ele>22</ele>
        <time>2026-05-24T00:33:47.000Z</time>
        <extensions>
          <ns3:TrackPointExtension>
            <ns3:hr>123</ns3:hr>
            <ns3:cad>85</ns3:cad>
          </ns3:TrackPointExtension>
        </extensions>
      </trkpt>
      <trkpt lat="37.51757436431944370269775390625" lon="127.11734234355390071868896484375">
        <ele>22</ele>
        <time>2026-05-24T00:33:48.000Z</time>
        <extensions>
          <ns3:TrackPointExtension>
            <ns3:hr>123</ns3:hr>
            <ns3:cad>84</ns3:cad>
          </ns3:TrackPointExtension>
        </extensions>
      </trkpt>
      <trkpt lat="37.51756598241627216339111328125" lon="127.11736665107309818267822265625">
        <ele>22</ele>
        <time>2026-05-24T00:33:49.000Z</time>
        <extensions>
          <ns3:TrackPointExtension>
            <ns3:hr>123</ns3:hr>
            <ns3:cad>84</ns3:cad>
          </ns3:TrackPointExtension>
        </extensions>
      </trkpt>
      <trkpt lat="37.517555169761180877685546875" lon="127.11740336380898952484130859375">
        <ele>22.200000762939453125</ele>
        <time>2026-05-24T00:33:50.000Z</time>
        <extensions>
          <ns3:TrackPointExtension>
            <ns3:hr>123</ns3:hr>
            <ns3:cad>84</ns3:cad>
          </ns3:TrackPointExtension>
        </extensions>
      </trkpt>
      <trkpt lat="37.517550475895404815673828125" lon="127.11742750369012355804443359375">
        <ele>22.200000762939453125</ele>
        <time>2026-05-24T00:33:51.000Z</time>
        <extensions>
          <ns3:TrackPointExtension>
            <ns3:hr>123</ns3:hr>
            <ns3:cad>84</ns3:cad>
          </ns3:TrackPointExtension>
        </extensions>
      </trkpt>
      <trkpt lat="37.51754234544932842254638671875" lon="127.11746069602668285369873046875">
        <ele>22.200000762939453125</ele>
        <time>2026-05-24T00:33:52.000Z</time>
        <extensions>
          <ns3:TrackPointExtension>
            <ns3:hr>123</ns3:hr>
            <ns3:cad>84</ns3:cad>
          </ns3:TrackPointExtension>
        </extensions>
      </trkpt>
      <trkpt lat="37.51753044314682483673095703125" lon="127.11748869158327579498291015625">
        <ele>22.200000762939453125</ele>
        <time>2026-05-24T00:33:53.000Z</time>
        <extensions>
          <ns3:TrackPointExtension>
            <ns3:hr>123</ns3:hr>
            <ns3:cad>84</ns3:cad>
          </ns3:TrackPointExtension>
        </extensions>
      </trkpt>
      <trkpt lat="37.51752239651978015899658203125" lon="127.11751031689345836639404296875">
        <ele>22</ele>
        <time>2026-05-24T00:33:54.000Z</time>
        <extensions>
          <ns3:TrackPointExtension>
            <ns3:hr>122</ns3:hr>
            <ns3:cad>84</ns3:cad>
          </ns3:TrackPointExtension>
        </extensions>
      </trkpt>
      <trkpt lat="37.51751191914081573486328125" lon="127.1175390668213367462158203125">
        <ele>22</ele>
        <time>2026-05-24T00:33:55.000Z</time>
        <extensions>
          <ns3:TrackPointExtension>
            <ns3:hr>122</ns3:hr>
            <ns3:cad>83</ns3:cad>
          </ns3:TrackPointExtension>
        </extensions>
      </trkpt>
      <trkpt lat="37.517504207789897918701171875" lon="127.11756236851215362548828125">
        <ele>22</ele>
        <time>2026-05-24T00:33:56.000Z</time>
        <extensions>
          <ns3:TrackPointExtension>
            <ns3:hr>123</ns3:hr>
            <ns3:cad>83</ns3:cad>
          </ns3:TrackPointExtension>
        </extensions>
      </trkpt>
      <trkpt lat="37.5174911320209503173828125" lon="127.11758994497358798980712890625">
        <ele>22</ele>
        <time>2026-05-24T00:33:57.000Z</time>
        <extensions>
          <ns3:TrackPointExtension>
            <ns3:hr>123</ns3:hr>
            <ns3:cad>83</ns3:cad>
          </ns3:TrackPointExtension>
        </extensions>
      </trkpt>
      <trkpt lat="37.517478056252002716064453125" lon="127.11761425249278545379638671875">
        <ele>22</ele>
        <time>2026-05-24T00:33:58.000Z</time>
        <extensions>
          <ns3:TrackPointExtension>
            <ns3:hr>123</ns3:hr>
            <ns3:cad>83</ns3:cad>
          </ns3:TrackPointExtension>
        </extensions>
      </trkpt>
      <trkpt lat="37.51747361384332180023193359375" lon="127.11763403378427028656005859375">
        <ele>22</ele>
        <time>2026-05-24T00:33:59.000Z</time>
        <extensions>
          <ns3:TrackPointExtension>
            <ns3:hr>122</ns3:hr>
            <ns3:cad>83</ns3:cad>
          </ns3:TrackPointExtension>
        </extensions>
      </trkpt>
      <trkpt lat="37.517467327415943145751953125" lon="127.11766035296022891998291015625">
        <ele>22.200000762939453125</ele>
        <time>2026-05-24T00:34:00.000Z</time>
        <extensions>
          <ns3:TrackPointExtension>
            <ns3:hr>123</ns3:hr>
            <ns3:cad>83</ns3:cad>
          </ns3:TrackPointExtension>
        </extensions>
      </trkpt>
      <trkpt lat="37.51745668239891529083251953125" lon="127.11768650449812412261962890625">
        <ele>22.200000762939453125</ele>
        <time>2026-05-24T00:34:01.000Z</time>
        <extensions>
          <ns3:TrackPointExtension>
            <ns3:hr>123</ns3:hr>
            <ns3:cad>83</ns3:cad>
          </ns3:TrackPointExtension>
        </extensions>
      </trkpt>
      <trkpt lat="37.51745064742863178253173828125" lon="127.117708213627338409423828125">
        <ele>22.200000762939453125</ele>
        <time>2026-05-24T00:34:02.000Z</time>
        <extensions>
          <ns3:TrackPointExtension>
            <ns3:hr>123</ns3:hr>
            <ns3:cad>84</ns3:cad>
          </ns3:TrackPointExtension>
        </extensions>
      </trkpt>
      <trkpt lat="37.51743949949741363525390625" lon="127.11774132214486598968505859375">
        <ele>22.200000762939453125</ele>
        <time>2026-05-24T00:34:03.000Z</time>
        <extensions>
          <ns3:TrackPointExtension>
            <ns3:hr>123</ns3:hr>
            <ns3:cad>84</ns3:cad>
          </ns3:TrackPointExtension>
        </extensions>
      </trkpt>
      <trkpt lat="37.51743547618389129638671875" lon="127.11776487529277801513671875">
        <ele>22.200000762939453125</ele>
        <time>2026-05-24T00:34:04.000Z</time>
        <extensions>
          <ns3:TrackPointExtension>
            <ns3:hr>122</ns3:hr>
            <ns3:cad>83</ns3:cad>
          </ns3:TrackPointExtension>
        </extensions>
      </trkpt>
      <trkpt lat="37.5174316205084323883056640625" lon="127.11779848672449588775634765625">
        <ele>22.200000762939453125</ele>
        <time>2026-05-24T00:34:05.000Z</time>
        <extensions>
          <ns3:TrackPointExtension>
            <ns3:hr>122</ns3:hr>
            <ns3:cad>83</ns3:cad>
          </ns3:TrackPointExtension>
        </extensions>
      </trkpt>
      <trkpt lat="37.51742382533848285675048828125" lon="127.117826901376247406005859375">
        <ele>22.200000762939453125</ele>
        <time>2026-05-24T00:34:06.000Z</time>
        <extensions>
          <ns3:TrackPointExtension>
            <ns3:hr>122</ns3:hr>
            <ns3:cad>83</ns3:cad>
          </ns3:TrackPointExtension>
        </extensions>
      </trkpt>
      <trkpt lat="37.517415694892406463623046875" lon="127.11785380728542804718017578125">
        <ele>22.200000762939453125</ele>
        <time>2026-05-24T00:34:07.000Z</time>
        <extensions>
          <ns3:TrackPointExtension>
            <ns3:hr>122</ns3:hr>
            <ns3:cad>83</ns3:cad>
          </ns3:TrackPointExtension>
        </extensions>
      </trkpt>
      <trkpt lat="37.5173977576196193695068359375" lon="127.11788616143167018890380859375">
        <ele>22.200000762939453125</ele>
        <time>2026-05-24T00:34:08.000Z</time>
        <extensions>
          <ns3:TrackPointExtension>
            <ns3:hr>122</ns3:hr>
            <ns3:cad>83</ns3:cad>
          </ns3:TrackPointExtension>
        </extensions>
      </trkpt>
      <trkpt lat="37.51738979481160640716552734375" lon="127.1179115585982799530029296875">
        <ele>22.200000762939453125</ele>
        <time>2026-05-24T00:34:09.000Z</time>
        <extensions>
          <ns3:TrackPointExtension>
            <ns3:hr>121</ns3:hr>
            <ns3:cad>83</ns3:cad>
          </ns3:TrackPointExtension>
        </extensions>
      </trkpt>
      <trkpt lat="37.5173731148242950439453125" lon="127.117946259677410125732421875">
        <ele>22.200000762939453125</ele>
        <time>2026-05-24T00:34:10.000Z</time>
        <extensions>
          <ns3:TrackPointExtension>
            <ns3:hr>121</ns3:hr>
            <ns3:cad>83</ns3:cad>
          </ns3:TrackPointExtension>
        </extensions>
      </trkpt>
      <trkpt lat="37.51736062578856945037841796875" lon="127.11797735653817653656005859375">
        <ele>22</ele>
        <time>2026-05-24T00:34:11.000Z</time>
        <extensions>
          <ns3:TrackPointExtension>
            <ns3:hr>121</ns3:hr>
            <ns3:cad>85</ns3:cad>
          </ns3:TrackPointExtension>
        </extensions>
      </trkpt>
      <trkpt lat="37.51734855584800243377685546875" lon="127.118007279932498931884765625">
        <ele>22</ele>
        <time>2026-05-24T00:34:12.000Z</time>
        <extensions>
          <ns3:TrackPointExtension>
            <ns3:hr>122</ns3:hr>
            <ns3:cad>85</ns3:cad>
          </ns3:TrackPointExtension>
        </extensions>
      </trkpt>
      <trkpt lat="37.51732910983264446258544921875" lon="127.1180352754890918731689453125">
        <ele>22</ele>
        <time>2026-05-24T00:34:13.000Z</time>
        <extensions>
          <ns3:TrackPointExtension>
            <ns3:hr>121</ns3:hr>
            <ns3:cad>84</ns3:cad>
          </ns3:TrackPointExtension>
        </extensions>
      </trkpt>
      <trkpt lat="37.51731905154883861541748046875" lon="127.1180574037134647369384765625">
        <ele>22</ele>
        <time>2026-05-24T00:34:14.000Z</time>
        <extensions>
          <ns3:TrackPointExtension>
            <ns3:hr>121</ns3:hr>
            <ns3:cad>84</ns3:cad>
          </ns3:TrackPointExtension>
        </extensions>
      </trkpt>
      <trkpt lat="37.51730270683765411376953125" lon="127.11808749474585056304931640625">
        <ele>22</ele>
        <time>2026-05-24T00:34:15.000Z</time>
        <extensions>
          <ns3:TrackPointExtension>
            <ns3:hr>122</ns3:hr>
            <ns3:cad>84</ns3:cad>
          </ns3:TrackPointExtension>
        </extensions>
      </trkpt>
      <trkpt lat="37.51729608513414859771728515625" lon="127.1181102097034454345703125">
        <ele>22</ele>
        <time>2026-05-24T00:34:16.000Z</time>
        <extensions>
          <ns3:TrackPointExtension>
            <ns3:hr>122</ns3:hr>
            <ns3:cad>84</ns3:cad>
          </ns3:TrackPointExtension>
        </extensions>
      </trkpt>
      <trkpt lat="37.51728753559291362762451171875" lon="127.11813979782164096832275390625">
        <ele>22</ele>
        <time>2026-05-24T00:34:17.000Z</time>
        <extensions>
          <ns3:TrackPointExtension>
            <ns3:hr>122</ns3:hr>
            <ns3:cad>84</ns3:cad>
          </ns3:TrackPointExtension>
        </extensions>
      </trkpt>
      <trkpt lat="37.517277896404266357421875" lon="127.11817148141562938690185546875">
        <ele>22</ele>
        <time>2026-05-24T00:34:18.000Z</time>
        <extensions>
          <ns3:TrackPointExtension>
            <ns3:hr>121</ns3:hr>
            <ns3:cad>84</ns3:cad>
          </ns3:TrackPointExtension>
        </extensions>
      </trkpt>
      <trkpt lat="37.5172706879675388336181640625" lon="127.118187658488750457763671875">
        <ele>22</ele>
        <time>2026-05-24T00:34:19.000Z</time>
        <extensions>
          <ns3:TrackPointExtension>
            <ns3:hr>122</ns3:hr>
            <ns3:cad>84</ns3:cad>
          </ns3:TrackPointExtension>
        </extensions>
      </trkpt>
      <trkpt lat="37.51725903712213039398193359375" lon="127.11822085082530975341796875">
        <ele>22</ele>
        <time>2026-05-24T00:34:20.000Z</time>
        <extensions>
          <ns3:TrackPointExtension>
            <ns3:hr>122</ns3:hr>
            <ns3:cad>83</ns3:cad>
          </ns3:TrackPointExtension>
        </extensions>
      </trkpt>
      <trkpt lat="37.51724663190543651580810546875" lon="127.118248678743839263916015625">
        <ele>22</ele>
        <time>2026-05-24T00:34:21.000Z</time>
        <extensions>
          <ns3:TrackPointExtension>
            <ns3:hr>122</ns3:hr>
            <ns3:cad>83</ns3:cad>
          </ns3:TrackPointExtension>
        </extensions>
      </trkpt>
      <trkpt lat="37.5172378309071063995361328125" lon="127.11827457882463932037353515625">
        <ele>22.200000762939453125</ele>
        <time>2026-05-24T00:34:22.000Z</time>
        <extensions>
          <ns3:TrackPointExtension>
            <ns3:hr>122</ns3:hr>
            <ns3:cad>83</ns3:cad>
          </ns3:TrackPointExtension>
        </extensions>
      </trkpt>
      <trkpt lat="37.51722182147204875946044921875" lon="127.118311710655689239501953125">
        <ele>22.200000762939453125</ele>
        <time>2026-05-24T00:34:23.000Z</time>
        <extensions>
          <ns3:TrackPointExtension>
            <ns3:hr>122</ns3:hr>
            <ns3:cad>83</ns3:cad>
          </ns3:TrackPointExtension>
        </extensions>
      </trkpt>
      <trkpt lat="37.51722131855785846710205078125" lon="127.11833476088941097259521484375">
        <ele>22.200000762939453125</ele>
        <time>2026-05-24T00:34:24.000Z</time>
        <extensions>
          <ns3:TrackPointExtension>
            <ns3:hr>122</ns3:hr>
            <ns3:cad>83</ns3:cad>
          </ns3:TrackPointExtension>
        </extensions>
      </trkpt>
      <trkpt lat="37.517212517559528350830078125" lon="127.1183635108172893524169921875">
        <ele>22.200000762939453125</ele>
        <time>2026-05-24T00:34:25.000Z</time>
        <extensions>
          <ns3:TrackPointExtension>
            <ns3:hr>122</ns3:hr>
            <ns3:cad>83</ns3:cad>
          </ns3:TrackPointExtension>
        </extensions>
      </trkpt>
      <trkpt lat="37.5171992741525173187255859375" lon="127.11839477531611919403076171875">
        <ele>22.200000762939453125</ele>
        <time>2026-05-24T00:34:26.000Z</time>
        <extensions>
          <ns3:TrackPointExtension>
            <ns3:hr>122</ns3:hr>
            <ns3:cad>83</ns3:cad>
          </ns3:TrackPointExtension>
        </extensions>
      </trkpt>
      <trkpt lat="37.51719298772513866424560546875" lon="127.11841841228306293487548828125">
        <ele>22.200000762939453125</ele>
        <time>2026-05-24T00:34:27.000Z</time>
        <extensions>
          <ns3:TrackPointExtension>
            <ns3:hr>122</ns3:hr>
            <ns3:cad>83</ns3:cad>
          </ns3:TrackPointExtension>
        </extensions>
      </trkpt>
      <trkpt lat="37.51718075014650821685791015625" lon="127.11845261044800281524658203125">
        <ele>22.200000762939453125</ele>
        <time>2026-05-24T00:34:28.000Z</time>
        <extensions>
          <ns3:TrackPointExtension>
            <ns3:hr>122</ns3:hr>
            <ns3:cad>83</ns3:cad>
          </ns3:TrackPointExtension>
        </extensions>
      </trkpt>
      <trkpt lat="37.51716993749141693115234375" lon="127.11847993545234203338623046875">
        <ele>22.200000762939453125</ele>
        <time>2026-05-24T00:34:29.000Z</time>
        <extensions>
          <ns3:TrackPointExtension>
            <ns3:hr>122</ns3:hr>
            <ns3:cad>83</ns3:cad>
          </ns3:TrackPointExtension>
        </extensions>
      </trkpt>
      <trkpt lat="37.51715593971312046051025390625" lon="127.1185066737234592437744140625">
        <ele>22.200000762939453125</ele>
        <time>2026-05-24T00:34:30.000Z</time>
        <extensions>
          <ns3:TrackPointExtension>
            <ns3:hr>123</ns3:hr>
            <ns3:cad>83</ns3:cad>
          </ns3:TrackPointExtension>
        </extensions>
      </trkpt>
      <trkpt lat="37.51713900826871395111083984375" lon="127.11853877641260623931884765625">
        <ele>22.200000762939453125</ele>
        <time>2026-05-24T00:34:31.000Z</time>
        <extensions>
          <ns3:TrackPointExtension>
            <ns3:hr>122</ns3:hr>
            <ns3:cad>83</ns3:cad>
          </ns3:TrackPointExtension>
        </extensions>
      </trkpt>
      <trkpt lat="37.5171318836510181427001953125" lon="127.1185616590082645416259765625">
        <ele>22.200000762939453125</ele>
        <time>2026-05-24T00:34:32.000Z</time>
        <extensions>
          <ns3:TrackPointExtension>
            <ns3:hr>122</ns3:hr>
            <ns3:cad>83</ns3:cad>
          </ns3:TrackPointExtension>
        </extensions>
      </trkpt>
      <trkpt lat="37.5171265192329883575439453125" lon="127.1185938455164432525634765625">
        <ele>22.200000762939453125</ele>
        <time>2026-05-24T00:34:33.000Z</time>
        <extensions>
          <ns3:TrackPointExtension>
            <ns3:hr>122</ns3:hr>
            <ns3:cad>83</ns3:cad>
          </ns3:TrackPointExtension>
        </extensions>
      </trkpt>
      <trkpt lat="37.51711788587272167205810546875" lon="127.1186243556439876556396484375">
        <ele>22.200000762939453125</ele>
        <time>2026-05-24T00:34:34.000Z</time>
        <extensions>
          <ns3:TrackPointExtension>
            <ns3:hr>122</ns3:hr>
            <ns3:cad>83</ns3:cad>
          </ns3:TrackPointExtension>
        </extensions>
      </trkpt>
      <trkpt lat="37.51710983924567699432373046875" lon="127.11864505894482135772705078125">
        <ele>22.200000762939453125</ele>
        <time>2026-05-24T00:34:35.000Z</time>
        <extensions>
          <ns3:TrackPointExtension>
            <ns3:hr>122</ns3:hr>
            <ns3:cad>83</ns3:cad>
          </ns3:TrackPointExtension>
        </extensions>
      </trkpt>
      <trkpt lat="37.51709676347672939300537109375" lon="127.1186749823391437530517578125">
        <ele>22.200000762939453125</ele>
        <time>2026-05-24T00:34:36.000Z</time>
        <extensions>
          <ns3:TrackPointExtension>
            <ns3:hr>123</ns3:hr>
            <ns3:cad>83</ns3:cad>
          </ns3:TrackPointExtension>
        </extensions>
      </trkpt>
      <trkpt lat="37.517093829810619354248046875" lon="127.118699960410594940185546875">
        <ele>22.200000762939453125</ele>
        <time>2026-05-24T00:34:37.000Z</time>
        <extensions>
          <ns3:TrackPointExtension>
            <ns3:hr>122</ns3:hr>
            <ns3:cad>83</ns3:cad>
          </ns3:TrackPointExtension>
        </extensions>
      </trkpt>
      <trkpt lat="37.51708435826003551483154296875" lon="127.11873323656618595123291015625">
        <ele>22.200000762939453125</ele>
        <time>2026-05-24T00:34:38.000Z</time>
        <extensions>
          <ns3:TrackPointExtension>
            <ns3:hr>122</ns3:hr>
            <ns3:cad>83</ns3:cad>
          </ns3:TrackPointExtension>
        </extensions>
      </trkpt>
      <trkpt lat="37.5170727074146270751953125" lon="127.1187624894082546234130859375">
        <ele>22.3999996185302734375</ele>
        <time>2026-05-24T00:34:39.000Z</time>
        <extensions>
          <ns3:TrackPointExtension>
            <ns3:hr>122</ns3:hr>
            <ns3:cad>83</ns3:cad>
          </ns3:TrackPointExtension>
        </extensions>
      </trkpt>
      <trkpt lat="37.51706575043499469757080078125" lon="127.11878704838454723358154296875">
        <ele>22.3999996185302734375</ele>
        <time>2026-05-24T00:34:40.000Z</time>
        <extensions>
          <ns3:TrackPointExtension>
            <ns3:hr>123</ns3:hr>
            <ns3:cad>83</ns3:cad>
          </ns3:TrackPointExtension>
        </extensions>
      </trkpt>
      <trkpt lat="37.51704982481896877288818359375" lon="127.11882074363529682159423828125">
        <ele>22.3999996185302734375</ele>
        <time>2026-05-24T00:34:41.000Z</time>
        <extensions>
          <ns3:TrackPointExtension>
            <ns3:hr>122</ns3:hr>
            <ns3:cad>83</ns3:cad>
          </ns3:TrackPointExtension>
        </extensions>
      </trkpt>
      <trkpt lat="37.517040856182575225830078125" lon="127.1188446320593357086181640625">
        <ele>22.3999996185302734375</ele>
        <time>2026-05-24T00:34:42.000Z</time>
        <extensions>
          <ns3:TrackPointExtension>
            <ns3:hr>123</ns3:hr>
            <ns3:cad>83</ns3:cad>
          </ns3:TrackPointExtension>
        </extensions>
      </trkpt>
      <trkpt lat="37.51702845096588134765625" lon="127.1188828535377979278564453125">
        <ele>22.3999996185302734375</ele>
        <time>2026-05-24T00:34:43.000Z</time>
        <extensions>
          <ns3:TrackPointExtension>
            <ns3:hr>123</ns3:hr>
            <ns3:cad>83</ns3:cad>
          </ns3:TrackPointExtension>
        </extensions>
      </trkpt>
      <trkpt lat="37.5170165486633777618408203125" lon="127.118911854922771453857421875">
        <ele>22.3999996185302734375</ele>
        <time>2026-05-24T00:34:44.000Z</time>
        <extensions>
          <ns3:TrackPointExtension>
            <ns3:hr>123</ns3:hr>
            <ns3:cad>83</ns3:cad>
          </ns3:TrackPointExtension>
        </extensions>
      </trkpt>
      <trkpt lat="37.517010010778903961181640625" lon="127.1189381740987300872802734375">
        <ele>22.3999996185302734375</ele>
        <time>2026-05-24T00:34:45.000Z</time>
        <extensions>
          <ns3:TrackPointExtension>
            <ns3:hr>122</ns3:hr>
            <ns3:cad>83</ns3:cad>
          </ns3:TrackPointExtension>
        </extensions>
      </trkpt>
      <trkpt lat="37.516994588077068328857421875" lon="127.11897186934947967529296875">
        <ele>22.3999996185302734375</ele>
        <time>2026-05-24T00:34:46.000Z</time>
        <extensions>
          <ns3:TrackPointExtension>
            <ns3:hr>123</ns3:hr>
            <ns3:cad>83</ns3:cad>
          </ns3:TrackPointExtension>
        </extensions>
      </trkpt>
      <trkpt lat="37.5169840268790721893310546875" lon="127.1189951710402965545654296875">
        <ele>22.3999996185302734375</ele>
        <time>2026-05-24T00:34:47.000Z</time>
        <extensions>
          <ns3:TrackPointExtension>
            <ns3:hr>123</ns3:hr>
            <ns3:cad>83</ns3:cad>
          </ns3:TrackPointExtension>
        </extensions>
      </trkpt>
      <trkpt lat="37.51697170548141002655029296875" lon="127.11902073584496974945068359375">
        <ele>22.3999996185302734375</ele>
        <time>2026-05-24T00:34:48.000Z</time>
        <extensions>
          <ns3:TrackPointExtension>
            <ns3:hr>123</ns3:hr>
            <ns3:cad>83</ns3:cad>
          </ns3:TrackPointExtension>
        </extensions>
      </trkpt>
      <trkpt lat="37.516960389912128448486328125" lon="127.1190508268773555755615234375">
        <ele>22.3999996185302734375</ele>
        <time>2026-05-24T00:34:49.000Z</time>
        <extensions>
          <ns3:TrackPointExtension>
            <ns3:hr>123</ns3:hr>
            <ns3:cad>84</ns3:cad>
          </ns3:TrackPointExtension>
        </extensions>
      </trkpt>
      <trkpt lat="37.5169575400650501251220703125" lon="127.119071781635284423828125">
        <ele>22.3999996185302734375</ele>
        <time>2026-05-24T00:34:50.000Z</time>
        <extensions>
          <ns3:TrackPointExtension>
            <ns3:hr>123</ns3:hr>
            <ns3:cad>84</ns3:cad>
          </ns3:TrackPointExtension>
        </extensions>
      </trkpt>
      <trkpt lat="37.51694471575319766998291015625" lon="127.11910187266767024993896484375">
        <ele>22.3999996185302734375</ele>
        <time>2026-05-24T00:34:51.000Z</time>
        <extensions>
          <ns3:TrackPointExtension>
            <ns3:hr>123</ns3:hr>
            <ns3:cad>84</ns3:cad>
          </ns3:TrackPointExtension>
        </extensions>
      </trkpt>
      <trkpt lat="37.51693792641162872314453125" lon="127.11912366561591625213623046875">
        <ele>22.3999996185302734375</ele>
        <time>2026-05-24T00:34:52.000Z</time>
        <extensions>
          <ns3:TrackPointExtension>
            <ns3:hr>123</ns3:hr>
            <ns3:cad>84</ns3:cad>
          </ns3:TrackPointExtension>
        </extensions>
      </trkpt>
      <trkpt lat="37.51692845486104488372802734375" lon="127.1191554330289363861083984375">
        <ele>22.3999996185302734375</ele>
        <time>2026-05-24T00:34:53.000Z</time>
        <extensions>
          <ns3:TrackPointExtension>
            <ns3:hr>123</ns3:hr>
            <ns3:cad>84</ns3:cad>
          </ns3:TrackPointExtension>
        </extensions>
      </trkpt>
      <trkpt lat="37.51691252924501895904541015625" lon="127.11918602697551250457763671875">
        <ele>22.3999996185302734375</ele>
        <time>2026-05-24T00:34:54.000Z</time>
        <extensions>
          <ns3:TrackPointExtension>
            <ns3:hr>123</ns3:hr>
            <ns3:cad>83</ns3:cad>
          </ns3:TrackPointExtension>
        </extensions>
      </trkpt>
      <trkpt lat="37.51689945347607135772705078125" lon="127.119209580123424530029296875">
        <ele>22.3999996185302734375</ele>
        <time>2026-05-24T00:34:55.000Z</time>
        <extensions>
          <ns3:TrackPointExtension>
            <ns3:hr>123</ns3:hr>
            <ns3:cad>83</ns3:cad>
          </ns3:TrackPointExtension>
        </extensions>
      </trkpt>
      <trkpt lat="37.516886629164218902587890625" lon="127.1192447841167449951171875">
        <ele>22.3999996185302734375</ele>
        <time>2026-05-24T00:34:56.000Z</time>
        <extensions>
          <ns3:TrackPointExtension>
            <ns3:hr>123</ns3:hr>
            <ns3:cad>84</ns3:cad>
          </ns3:TrackPointExtension>
        </extensions>
      </trkpt>
      <trkpt lat="37.516877241432666778564453125" lon="127.1192700974643230438232421875">
        <ele>22.3999996185302734375</ele>
        <time>2026-05-24T00:34:57.000Z</time>
        <extensions>
          <ns3:TrackPointExtension>
            <ns3:hr>124</ns3:hr>
            <ns3:cad>84</ns3:cad>
          </ns3:TrackPointExtension>
        </extensions>
      </trkpt>
      <trkpt lat="37.516867853701114654541015625" lon="127.1192975901067256927490234375">
        <ele>22.3999996185302734375</ele>
        <time>2026-05-24T00:34:58.000Z</time>
        <extensions>
          <ns3:TrackPointExtension>
            <ns3:hr>123</ns3:hr>
            <ns3:cad>84</ns3:cad>
          </ns3:TrackPointExtension>
        </extensions>
      </trkpt>
      <trkpt lat="37.5168514251708984375" lon="127.11933120153844356536865234375">
        <ele>22.3999996185302734375</ele>
        <time>2026-05-24T00:34:59.000Z</time>
        <extensions>
          <ns3:TrackPointExtension>
            <ns3:hr>123</ns3:hr>
            <ns3:cad>84</ns3:cad>
          </ns3:TrackPointExtension>
        </extensions>
      </trkpt>
      <trkpt lat="37.5168422050774097442626953125" lon="127.11935752071440219879150390625">
        <ele>22.3999996185302734375</ele>
        <time>2026-05-24T00:35:00.000Z</time>
        <extensions>
          <ns3:TrackPointExtension>
            <ns3:hr>124</ns3:hr>
            <ns3:cad>84</ns3:cad>
          </ns3:TrackPointExtension>
        </extensions>
      </trkpt>
      <trkpt lat="37.51682787202298641204833984375" lon="127.1193921379745006561279296875">
        <ele>22.3999996185302734375</ele>
        <time>2026-05-24T00:35:01.000Z</time>
        <extensions>
          <ns3:TrackPointExtension>
            <ns3:hr>124</ns3:hr>
            <ns3:cad>84</ns3:cad>
          </ns3:TrackPointExtension>
        </extensions>
      </trkpt>
      <trkpt lat="37.51681697554886341094970703125" lon="127.1194179542362689971923828125">
        <ele>22.6000003814697265625</ele>
        <time>2026-05-24T00:35:02.000Z</time>
        <extensions>
          <ns3:TrackPointExtension>
            <ns3:hr>124</ns3:hr>
            <ns3:cad>84</ns3:cad>
          </ns3:TrackPointExtension>
        </extensions>
      </trkpt>
      <trkpt lat="37.51680490560829639434814453125" lon="127.11945173330605030059814453125">
        <ele>22.6000003814697265625</ele>
        <time>2026-05-24T00:35:03.000Z</time>
        <extensions>
          <ns3:TrackPointExtension>
            <ns3:hr>124</ns3:hr>
            <ns3:cad>83</ns3:cad>
          </ns3:TrackPointExtension>
        </extensions>
      </trkpt>
      <trkpt lat="37.51678965054452419281005859375" lon="127.11948358453810214996337890625">
        <ele>22.6000003814697265625</ele>
        <time>2026-05-24T00:35:04.000Z</time>
        <extensions>
          <ns3:TrackPointExtension>
            <ns3:hr>123</ns3:hr>
            <ns3:cad>83</ns3:cad>
          </ns3:TrackPointExtension>
        </extensions>
      </trkpt>
      <trkpt lat="37.5167811848223209381103515625" lon="127.11950655095279216766357421875">
        <ele>22.6000003814697265625</ele>
        <time>2026-05-24T00:35:05.000Z</time>
        <extensions>
          <ns3:TrackPointExtension>
            <ns3:hr>124</ns3:hr>
            <ns3:cad>84</ns3:cad>
          </ns3:TrackPointExtension>
        </extensions>
      </trkpt>
      <trkpt lat="37.51677137799561023712158203125" lon="127.119546197354793548583984375">
        <ele>22.6000003814697265625</ele>
        <time>2026-05-24T00:35:06.000Z</time>
        <extensions>
          <ns3:TrackPointExtension>
            <ns3:hr>124</ns3:hr>
            <ns3:cad>84</ns3:cad>
          </ns3:TrackPointExtension>
        </extensions>
      </trkpt>
      <trkpt lat="37.51677121035754680633544921875" lon="127.1195688284933567047119140625">
        <ele>22.6000003814697265625</ele>
        <time>2026-05-24T00:35:07.000Z</time>
        <extensions>
          <ns3:TrackPointExtension>
            <ns3:hr>124</ns3:hr>
            <ns3:cad>84</ns3:cad>
          </ns3:TrackPointExtension>
        </extensions>
      </trkpt>
      <trkpt lat="37.51676785759627819061279296875" lon="127.11960093118250370025634765625">
        <ele>22.799999237060546875</ele>
        <time>2026-05-24T00:35:08.000Z</time>
        <extensions>
          <ns3:TrackPointExtension>
            <ns3:hr>124</ns3:hr>
            <ns3:cad>84</ns3:cad>
          </ns3:TrackPointExtension>
        </extensions>
      </trkpt>
      <trkpt lat="37.51676232554018497467041015625" lon="127.11963311769068241119384765625">
        <ele>22.799999237060546875</ele>
        <time>2026-05-24T00:35:09.000Z</time>
        <extensions>
          <ns3:TrackPointExtension>
            <ns3:hr>124</ns3:hr>
            <ns3:cad>84</ns3:cad>
          </ns3:TrackPointExtension>
        </extensions>
      </trkpt>
      <trkpt lat="37.51676282845437526702880859375" lon="127.11964954622089862823486328125">
        <ele>23</ele>
        <time>2026-05-24T00:35:10.000Z</time>
        <extensions>
          <ns3:TrackPointExtension>
            <ns3:hr>124</ns3:hr>
            <ns3:cad>84</ns3:cad>
          </ns3:TrackPointExtension>
        </extensions>
      </trkpt>
      <trkpt lat="37.5167627446353435516357421875" lon="127.11968357674777507781982421875">
        <ele>23</ele>
        <time>2026-05-24T00:35:11.000Z</time>
        <extensions>
          <ns3:TrackPointExtension>
            <ns3:hr>124</ns3:hr>
            <ns3:cad>84</ns3:cad>
          </ns3:TrackPointExtension>
        </extensions>
      </trkpt>
      <trkpt lat="37.51676500774919986724853515625" lon="127.11970604024827480316162109375">
        <ele>23.200000762939453125</ele>
        <time>2026-05-24T00:35:12.000Z</time>
        <extensions>
          <ns3:TrackPointExtension>
            <ns3:hr>124</ns3:hr>
            <ns3:cad>84</ns3:cad>
          </ns3:TrackPointExtension>
        </extensions>
      </trkpt>
      <trkpt lat="37.51676852814853191375732421875" lon="127.1197356283664703369140625">
        <ele>23.200000762939453125</ele>
        <time>2026-05-24T00:35:13.000Z</time>
        <extensions>
          <ns3:TrackPointExtension>
            <ns3:hr>125</ns3:hr>
            <ns3:cad>84</ns3:cad>
          </ns3:TrackPointExtension>
        </extensions>
      </trkpt>
      <trkpt lat="37.5167660973966121673583984375" lon="127.11977250874042510986328125">
        <ele>23.3999996185302734375</ele>
        <time>2026-05-24T00:35:14.000Z</time>
        <extensions>
          <ns3:TrackPointExtension>
            <ns3:hr>125</ns3:hr>
            <ns3:cad>84</ns3:cad>
          </ns3:TrackPointExtension>
        </extensions>
      </trkpt>
      <trkpt lat="37.516767941415309906005859375" lon="127.11979798972606658935546875">
        <ele>23.3999996185302734375</ele>
        <time>2026-05-24T00:35:15.000Z</time>
        <extensions>
          <ns3:TrackPointExtension>
            <ns3:hr>125</ns3:hr>
            <ns3:cad>84</ns3:cad>
          </ns3:TrackPointExtension>
        </extensions>
      </trkpt>
      <trkpt lat="37.51677171327173709869384765625" lon="127.11983478628098964691162109375">
        <ele>23.6000003814697265625</ele>
        <time>2026-05-24T00:35:16.000Z</time>
        <extensions>
          <ns3:TrackPointExtension>
            <ns3:hr>125</ns3:hr>
            <ns3:cad>84</ns3:cad>
          </ns3:TrackPointExtension>
        </extensions>
      </trkpt>
      <trkpt lat="37.51677975989878177642822265625" lon="127.1198588423430919647216796875">
        <ele>23.6000003814697265625</ele>
        <time>2026-05-24T00:35:17.000Z</time>
        <extensions>
          <ns3:TrackPointExtension>
            <ns3:hr>125</ns3:hr>
            <ns3:cad>84</ns3:cad>
          </ns3:TrackPointExtension>
        </extensions>
      </trkpt>
      <trkpt lat="37.51678747124969959259033203125" lon="127.11990033276379108428955078125">
        <ele>23.799999237060546875</ele>
        <time>2026-05-24T00:35:18.000Z</time>
        <extensions>
          <ns3:TrackPointExtension>
            <ns3:hr>125</ns3:hr>
            <ns3:cad>84</ns3:cad>
          </ns3:TrackPointExtension>
        </extensions>
      </trkpt>
      <trkpt lat="37.5167932547628879547119140625" lon="127.11993335746228694915771484375">
        <ele>24</ele>
        <time>2026-05-24T00:35:19.000Z</time>
        <extensions>
          <ns3:TrackPointExtension>
            <ns3:hr>125</ns3:hr>
            <ns3:cad>84</ns3:cad>
          </ns3:TrackPointExtension>
        </extensions>
      </trkpt>
      <trkpt lat="37.5168023072183132171630859375" lon="127.11995758116245269775390625">
        <ele>24</ele>
        <time>2026-05-24T00:35:20.000Z</time>
        <extensions>
          <ns3:TrackPointExtension>
            <ns3:hr>125</ns3:hr>
            <ns3:cad>84</ns3:cad>
          </ns3:TrackPointExtension>
        </extensions>
      </trkpt>
      <trkpt lat="37.51681194640696048736572265625" lon="127.11999890394508838653564453125">
        <ele>24.200000762939453125</ele>
        <time>2026-05-24T00:35:21.000Z</time>
        <extensions>
          <ns3:TrackPointExtension>
            <ns3:hr>125</ns3:hr>
            <ns3:cad>84</ns3:cad>
          </ns3:TrackPointExtension>
        </extensions>
      </trkpt>
      <trkpt lat="37.51681898720562458038330078125" lon="127.12001969106495380401611328125">
        <ele>24.200000762939453125</ele>
        <time>2026-05-24T00:35:22.000Z</time>
        <extensions>
          <ns3:TrackPointExtension>
            <ns3:hr>125</ns3:hr>
            <ns3:cad>84</ns3:cad>
          </ns3:TrackPointExtension>
        </extensions>
      </trkpt>
      <trkpt lat="37.51682569272816181182861328125" lon="127.120052464306354522705078125">
        <ele>24.200000762939453125</ele>
        <time>2026-05-24T00:35:23.000Z</time>
        <extensions>
          <ns3:TrackPointExtension>
            <ns3:hr>124</ns3:hr>
            <ns3:cad>84</ns3:cad>
          </ns3:TrackPointExtension>
        </extensions>
      </trkpt>
      <trkpt lat="37.5168237648904323577880859375" lon="127.12008238770067691802978515625">
        <ele>24.200000762939453125</ele>
        <time>2026-05-24T00:35:24.000Z</time>
        <extensions>
          <ns3:TrackPointExtension>
            <ns3:hr>124</ns3:hr>
            <ns3:cad>84</ns3:cad>
          </ns3:TrackPointExtension>
        </extensions>
      </trkpt>
      <trkpt lat="37.51682686619460582733154296875" lon="127.1201019175350666046142578125">
        <ele>24.3999996185302734375</ele>
        <time>2026-05-24T00:35:25.000Z</time>
        <extensions>
          <ns3:TrackPointExtension>
            <ns3:hr>123</ns3:hr>
            <ns3:cad>84</ns3:cad>
          </ns3:TrackPointExtension>
        </extensions>
      </trkpt>
      <trkpt lat="37.5168304704129695892333984375" lon="127.1201404742896556854248046875">
        <ele>24.3999996185302734375</ele>
        <time>2026-05-24T00:35:26.000Z</time>
        <extensions>
          <ns3:TrackPointExtension>
            <ns3:hr>122</ns3:hr>
            <ns3:cad>84</ns3:cad>
          </ns3:TrackPointExtension>
        </extensions>
      </trkpt>
      <trkpt lat="37.51683063805103302001953125" lon="127.1201639436185359954833984375">
        <ele>24.6000003814697265625</ele>
        <time>2026-05-24T00:35:27.000Z</time>
        <extensions>
          <ns3:TrackPointExtension>
            <ns3:hr>121</ns3:hr>
            <ns3:cad>84</ns3:cad>
          </ns3:TrackPointExtension>
        </extensions>
      </trkpt>
      <trkpt lat="37.516837008297443389892578125" lon="127.12019805796444416046142578125">
        <ele>24.6000003814697265625</ele>
        <time>2026-05-24T00:35:28.000Z</time>
        <extensions>
          <ns3:TrackPointExtension>
            <ns3:hr>121</ns3:hr>
            <ns3:cad>84</ns3:cad>
          </ns3:TrackPointExtension>
        </extensions>
      </trkpt>
      <trkpt lat="37.51684195362031459808349609375" lon="127.12022739462554454803466796875">
        <ele>24.799999237060546875</ele>
        <time>2026-05-24T00:35:29.000Z</time>
        <extensions>
          <ns3:TrackPointExtension>
            <ns3:hr>121</ns3:hr>
            <ns3:cad>83</ns3:cad>
          </ns3:TrackPointExtension>
        </extensions>
      </trkpt>
      <trkpt lat="37.5168515928089618682861328125" lon="127.12024952284991741180419921875">
        <ele>24.799999237060546875</ele>
        <time>2026-05-24T00:35:30.000Z</time>
        <extensions>
          <ns3:TrackPointExtension>
            <ns3:hr>122</ns3:hr>
            <ns3:cad>83</ns3:cad>
          </ns3:TrackPointExtension>
        </extensions>
      </trkpt>
      <trkpt lat="37.5168639980256557464599609375" lon="127.12028883397579193115234375">
        <ele>25</ele>
        <time>2026-05-24T00:35:31.000Z</time>
        <extensions>
          <ns3:TrackPointExtension>
            <ns3:hr>122</ns3:hr>
            <ns3:cad>84</ns3:cad>
          </ns3:TrackPointExtension>
        </extensions>
      </trkpt>
      <trkpt lat="37.51687095500528812408447265625" lon="127.12031741626560688018798828125">
        <ele>25</ele>
        <time>2026-05-24T00:35:32.000Z</time>
        <extensions>
          <ns3:TrackPointExtension>
            <ns3:hr>122</ns3:hr>
            <ns3:cad>84</ns3:cad>
          </ns3:TrackPointExtension>
        </extensions>
      </trkpt>
      <trkpt lat="37.51687967218458652496337890625" lon="127.120351530611515045166015625">
        <ele>25.200000762939453125</ele>
        <time>2026-05-24T00:35:33.000Z</time>
        <extensions>
          <ns3:TrackPointExtension>
            <ns3:hr>123</ns3:hr>
            <ns3:cad>84</ns3:cad>
          </ns3:TrackPointExtension>
        </extensions>
      </trkpt>
      <trkpt lat="37.5168864615261554718017578125" lon="127.1203875727951526641845703125">
        <ele>25.200000762939453125</ele>
        <time>2026-05-24T00:35:34.000Z</time>
        <extensions>
          <ns3:TrackPointExtension>
            <ns3:hr>123</ns3:hr>
            <ns3:cad>84</ns3:cad>
          </ns3:TrackPointExtension>
        </extensions>
      </trkpt>
      <trkpt lat="37.516897358000278472900390625" lon="127.1204130537807941436767578125">
        <ele>25.3999996185302734375</ele>
        <time>2026-05-24T00:35:35.000Z</time>
        <extensions>
          <ns3:TrackPointExtension>
            <ns3:hr>123</ns3:hr>
            <ns3:cad>83</ns3:cad>
          </ns3:TrackPointExtension>
        </extensions>
      </trkpt>
      <trkpt lat="37.5169079191982746124267578125" lon="127.120455466210842132568359375">
        <ele>25.6000003814697265625</ele>
        <time>2026-05-24T00:35:36.000Z</time>
        <extensions>
          <ns3:TrackPointExtension>
            <ns3:hr>124</ns3:hr>
            <ns3:cad>83</ns3:cad>
          </ns3:TrackPointExtension>
        </extensions>
      </trkpt>
      <trkpt lat="37.51691638492047786712646484375" lon="127.12047583423554897308349609375">
        <ele>25.6000003814697265625</ele>
        <time>2026-05-24T00:35:37.000Z</time>
        <extensions>
          <ns3:TrackPointExtension>
            <ns3:hr>124</ns3:hr>
            <ns3:cad>83</ns3:cad>
          </ns3:TrackPointExtension>
        </extensions>
      </trkpt>
      <trkpt lat="37.51692241989076137542724609375" lon="127.12050701491534709930419921875">
        <ele>25.799999237060546875</ele>
        <time>2026-05-24T00:35:38.000Z</time>
        <extensions>
          <ns3:TrackPointExtension>
            <ns3:hr>124</ns3:hr>
            <ns3:cad>84</ns3:cad>
          </ns3:TrackPointExtension>
        </extensions>
      </trkpt>
      <trkpt lat="37.5169283710420131683349609375" lon="127.12053484283387660980224609375">
        <ele>25.799999237060546875</ele>
        <time>2026-05-24T00:35:39.000Z</time>
        <extensions>
          <ns3:TrackPointExtension>
            <ns3:hr>125</ns3:hr>
            <ns3:cad>84</ns3:cad>
          </ns3:TrackPointExtension>
        </extensions>
      </trkpt>
      <trkpt lat="37.5169364176690578460693359375" lon="127.12055194191634654998779296875">
        <ele>26</ele>
        <time>2026-05-24T00:35:40.000Z</time>
        <extensions>
          <ns3:TrackPointExtension>
            <ns3:hr>125</ns3:hr>
            <ns3:cad>84</ns3:cad>
          </ns3:TrackPointExtension>
        </extensions>
      </trkpt>
      <trkpt lat="37.51695075072348117828369140625" lon="127.1205904148519039154052734375">
        <ele>26.200000762939453125</ele>
        <time>2026-05-24T00:35:41.000Z</time>
        <extensions>
          <ns3:TrackPointExtension>
            <ns3:hr>126</ns3:hr>
            <ns3:cad>84</ns3:cad>
          </ns3:TrackPointExtension>
        </extensions>
      </trkpt>
      <trkpt lat="37.51695427112281322479248046875" lon="127.12061069905757904052734375">
        <ele>26.200000762939453125</ele>
        <time>2026-05-24T00:35:42.000Z</time>
        <extensions>
          <ns3:TrackPointExtension>
            <ns3:hr>126</ns3:hr>
            <ns3:cad>84</ns3:cad>
          </ns3:TrackPointExtension>
        </extensions>
      </trkpt>
      <trkpt lat="37.51696667633950710296630859375" lon="127.12063978426158428192138671875">
        <ele>26.3999996185302734375</ele>
        <time>2026-05-24T00:35:43.000Z</time>
        <extensions>
          <ns3:TrackPointExtension>
            <ns3:hr>126</ns3:hr>
            <ns3:cad>84</ns3:cad>
          </ns3:TrackPointExtension>
        </extensions>
      </trkpt>
      <trkpt lat="37.5169773213565349578857421875" lon="127.1206759102642536163330078125">
        <ele>26.3999996185302734375</ele>
        <time>2026-05-24T00:35:44.000Z</time>
        <extensions>
          <ns3:TrackPointExtension>
            <ns3:hr>127</ns3:hr>
            <ns3:cad>84</ns3:cad>
          </ns3:TrackPointExtension>
        </extensions>
      </trkpt>
      <trkpt lat="37.51698964275419712066650390625" lon="127.1207007206976413726806640625">
        <ele>26.6000003814697265625</ele>
        <time>2026-05-24T00:35:45.000Z</time>
        <extensions>
          <ns3:TrackPointExtension>
            <ns3:hr>127</ns3:hr>
            <ns3:cad>84</ns3:cad>
          </ns3:TrackPointExtension>
        </extensions>
      </trkpt>
      <trkpt lat="37.51700741238892078399658203125" lon="127.1207389421761035919189453125">
        <ele>26.6000003814697265625</ele>
        <time>2026-05-24T00:35:46.000Z</time>
        <extensions>
          <ns3:TrackPointExtension>
            <ns3:hr>127</ns3:hr>
            <ns3:cad>84</ns3:cad>
          </ns3:TrackPointExtension>
        </extensions>
      </trkpt>
      <trkpt lat="37.517021410167217254638671875" lon="127.12075847201049327850341796875">
        <ele>26.799999237060546875</ele>
        <time>2026-05-24T00:35:47.000Z</time>
        <extensions>
          <ns3:TrackPointExtension>
            <ns3:hr>128</ns3:hr>
            <ns3:cad>84</ns3:cad>
          </ns3:TrackPointExtension>
        </extensions>
      </trkpt>
      <trkpt lat="37.5170373357832431793212890625" lon="127.12078579701483249664306640625">
        <ele>27</ele>
        <time>2026-05-24T00:35:48.000Z</time>
        <extensions>
          <ns3:TrackPointExtension>
            <ns3:hr>128</ns3:hr>
            <ns3:cad>83</ns3:cad>
          </ns3:TrackPointExtension>
        </extensions>
      </trkpt>
      <trkpt lat="37.5170487351715564727783203125" lon="127.12081588804721832275390625">
        <ele>27.200000762939453125</ele>
        <time>2026-05-24T00:35:49.000Z</time>
        <extensions>
          <ns3:TrackPointExtension>
            <ns3:hr>129</ns3:hr>
            <ns3:cad>83</ns3:cad>
          </ns3:TrackPointExtension>
        </extensions>
      </trkpt>
      <trkpt lat="37.5170618109405040740966796875" lon="127.1208331547677516937255859375">
        <ele>27.3999996185302734375</ele>
        <time>2026-05-24T00:35:50.000Z</time>
        <extensions>
          <ns3:TrackPointExtension>
            <ns3:hr>129</ns3:hr>
            <ns3:cad>83</ns3:cad>
          </ns3:TrackPointExtension>
        </extensions>
      </trkpt>
      <trkpt lat="37.5170767307281494140625" lon="127.120867185294628143310546875">
        <ele>27.3999996185302734375</ele>
        <time>2026-05-24T00:35:51.000Z</time>
        <extensions>
          <ns3:TrackPointExtension>
            <ns3:hr>129</ns3:hr>
            <ns3:cad>84</ns3:cad>
          </ns3:TrackPointExtension>
        </extensions>
      </trkpt>
      <trkpt lat="37.51709173433482646942138671875" lon="127.12088637985289096832275390625">
        <ele>27.6000003814697265625</ele>
        <time>2026-05-24T00:35:52.000Z</time>
        <extensions>
          <ns3:TrackPointExtension>
            <ns3:hr>130</ns3:hr>
            <ns3:cad>84</ns3:cad>
          </ns3:TrackPointExtension>
        </extensions>
      </trkpt>
      <trkpt lat="37.5171060673892498016357421875" lon="127.12091538123786449432373046875">
        <ele>27.799999237060546875</ele>
        <time>2026-05-24T00:35:53.000Z</time>
        <extensions>
          <ns3:TrackPointExtension>
            <ns3:hr>130</ns3:hr>
            <ns3:cad>84</ns3:cad>
          </ns3:TrackPointExtension>
        </extensions>
      </trkpt>
      <trkpt lat="37.517119310796260833740234375" lon="127.12094119749963283538818359375">
        <ele>27.799999237060546875</ele>
        <time>2026-05-24T00:35:54.000Z</time>
        <extensions>
          <ns3:TrackPointExtension>
            <ns3:hr>130</ns3:hr>
            <ns3:cad>83</ns3:cad>
          </ns3:TrackPointExtension>
        </extensions>
      </trkpt>
      <trkpt lat="37.517130710184574127197265625" lon="127.12095410563051700592041015625">
        <ele>28</ele>
        <time>2026-05-24T00:35:55.000Z</time>
        <extensions>
          <ns3:TrackPointExtension>
            <ns3:hr>131</ns3:hr>
            <ns3:cad>83</ns3:cad>
          </ns3:TrackPointExtension>
        </extensions>
      </trkpt>
      <trkpt lat="37.51715057529509067535400390625" lon="127.12098679505288600921630859375">
        <ele>28</ele>
        <time>2026-05-24T00:35:56.000Z</time>
        <extensions>
          <ns3:TrackPointExtension>
            <ns3:hr>131</ns3:hr>
            <ns3:cad>84</ns3:cad>
          </ns3:TrackPointExtension>
        </extensions>
      </trkpt>
      <trkpt lat="37.5171670876443386077880859375" lon="127.1209967695176601409912109375">
        <ele>28</ele>
        <time>2026-05-24T00:35:57.000Z</time>
        <extensions>
          <ns3:TrackPointExtension>
            <ns3:hr>131</ns3:hr>
            <ns3:cad>84</ns3:cad>
          </ns3:TrackPointExtension>
        </extensions>
      </trkpt>
      <trkpt lat="37.517183683812618255615234375" lon="127.121026776731014251708984375">
        <ele>28.200000762939453125</ele>
        <time>2026-05-24T00:35:58.000Z</time>
        <extensions>
          <ns3:TrackPointExtension>
            <ns3:hr>132</ns3:hr>
            <ns3:cad>84</ns3:cad>
          </ns3:TrackPointExtension>
        </extensions>
      </trkpt>
      <trkpt lat="37.5171989388763904571533203125" lon="127.121050916612148284912109375">
        <ele>28.200000762939453125</ele>
        <time>2026-05-24T00:35:59.000Z</time>
        <extensions>
          <ns3:TrackPointExtension>
            <ns3:hr>132</ns3:hr>
            <ns3:cad>84</ns3:cad>
          </ns3:TrackPointExtension>
        </extensions>
      </trkpt>
      <trkpt lat="37.517219893634319305419921875" lon="127.12106541730463504791259765625">
        <ele>28.3999996185302734375</ele>
        <time>2026-05-24T00:36:00.000Z</time>
        <extensions>
          <ns3:TrackPointExtension>
            <ns3:hr>132</ns3:hr>
            <ns3:cad>84</ns3:cad>
          </ns3:TrackPointExtension>
        </extensions>
      </trkpt>
      <trkpt lat="37.5172482244670391082763671875" lon="127.12109374813735485076904296875">
        <ele>28.3999996185302734375</ele>
        <time>2026-05-24T00:36:01.000Z</time>
        <extensions>
          <ns3:TrackPointExtension>
            <ns3:hr>132</ns3:hr>
            <ns3:cad>84</ns3:cad>
          </ns3:TrackPointExtension>
        </extensions>
      </trkpt>
      <trkpt lat="37.51726926304399967193603515625" lon="127.1210990287363529205322265625">
        <ele>28.6000003814697265625</ele>
        <time>2026-05-24T00:36:02.000Z</time>
        <extensions>
          <ns3:TrackPointExtension>
            <ns3:hr>133</ns3:hr>
            <ns3:cad>84</ns3:cad>
          </ns3:TrackPointExtension>
        </extensions>
      </trkpt>
      <trkpt lat="37.51728937961161136627197265625" lon="127.1211303770542144775390625">
        <ele>28.6000003814697265625</ele>
        <time>2026-05-24T00:36:03.000Z</time>
        <extensions>
          <ns3:TrackPointExtension>
            <ns3:hr>133</ns3:hr>
            <ns3:cad>84</ns3:cad>
          </ns3:TrackPointExtension>
        </extensions>
      </trkpt>
      <trkpt lat="37.51730245538055896759033203125" lon="127.1211526729166507720947265625">
        <ele>28.6000003814697265625</ele>
        <time>2026-05-24T00:36:04.000Z</time>
        <extensions>
          <ns3:TrackPointExtension>
            <ns3:hr>133</ns3:hr>
            <ns3:cad>84</ns3:cad>
          </ns3:TrackPointExtension>
        </extensions>
      </trkpt>
      <trkpt lat="37.51731435768306255340576171875" lon="127.12116901762783527374267578125">
        <ele>28.799999237060546875</ele>
        <time>2026-05-24T00:36:05.000Z</time>
        <extensions>
          <ns3:TrackPointExtension>
            <ns3:hr>133</ns3:hr>
            <ns3:cad>84</ns3:cad>
          </ns3:TrackPointExtension>
        </extensions>
      </trkpt>
      <trkpt lat="37.51733011566102504730224609375" lon="127.12119868956506252288818359375">
        <ele>28.799999237060546875</ele>
        <time>2026-05-24T00:36:06.000Z</time>
        <extensions>
          <ns3:TrackPointExtension>
            <ns3:hr>133</ns3:hr>
            <ns3:cad>84</ns3:cad>
          </ns3:TrackPointExtension>
        </extensions>
      </trkpt>
      <trkpt lat="37.51734671182930469512939453125" lon="127.1212133578956127166748046875">
        <ele>29</ele>
        <time>2026-05-24T00:36:07.000Z</time>
        <extensions>
          <ns3:TrackPointExtension>
            <ns3:hr>133</ns3:hr>
            <ns3:cad>84</ns3:cad>
          </ns3:TrackPointExtension>
        </extensions>
      </trkpt>
      <trkpt lat="37.5173752941191196441650390625" lon="127.1212381683290004730224609375">
        <ele>29</ele>
        <time>2026-05-24T00:36:08.000Z</time>
        <extensions>
          <ns3:TrackPointExtension>
            <ns3:hr>133</ns3:hr>
            <ns3:cad>84</ns3:cad>
          </ns3:TrackPointExtension>
        </extensions>
      </trkpt>
      <trkpt lat="37.51738845370709896087646484375" lon="127.12125032208859920501708984375">
        <ele>29</ele>
        <time>2026-05-24T00:36:09.000Z</time>
        <extensions>
          <ns3:TrackPointExtension>
            <ns3:hr>133</ns3:hr>
            <ns3:cad>84</ns3:cad>
          </ns3:TrackPointExtension>
        </extensions>
      </trkpt>
      <trkpt lat="37.51741024665534496307373046875" lon="127.12127177976071834564208984375">
        <ele>29</ele>
        <time>2026-05-24T00:36:10.000Z</time>
        <extensions>
          <ns3:TrackPointExtension>
            <ns3:hr>134</ns3:hr>
            <ns3:cad>84</ns3:cad>
          </ns3:TrackPointExtension>
        </extensions>
      </trkpt>
      <trkpt lat="37.51743069849908351898193359375" lon="127.12128929793834686279296875">
        <ele>29.200000762939453125</ele>
        <time>2026-05-24T00:36:11.000Z</time>
        <extensions>
          <ns3:TrackPointExtension>
            <ns3:hr>134</ns3:hr>
            <ns3:cad>84</ns3:cad>
          </ns3:TrackPointExtension>
        </extensions>
      </trkpt>
      <trkpt lat="37.5174493901431560516357421875" lon="127.12129910476505756378173828125">
        <ele>29.200000762939453125</ele>
        <time>2026-05-24T00:36:12.000Z</time>
        <extensions>
          <ns3:TrackPointExtension>
            <ns3:hr>134</ns3:hr>
            <ns3:cad>84</ns3:cad>
          </ns3:TrackPointExtension>
        </extensions>
      </trkpt>
      <trkpt lat="37.517476715147495269775390625" lon="127.12132123298943042755126953125">
        <ele>29.200000762939453125</ele>
        <time>2026-05-24T00:36:13.000Z</time>
        <extensions>
          <ns3:TrackPointExtension>
            <ns3:hr>133</ns3:hr>
            <ns3:cad>85</ns3:cad>
          </ns3:TrackPointExtension>
        </extensions>
      </trkpt>
      <trkpt lat="37.5174929760396480560302734375" lon="127.12132953107357025146484375">
        <ele>29.3999996185302734375</ele>
        <time>2026-05-24T00:36:14.000Z</time>
        <extensions>
          <ns3:TrackPointExtension>
            <ns3:hr>134</ns3:hr>
            <ns3:cad>85</ns3:cad>
          </ns3:TrackPointExtension>
        </extensions>
      </trkpt>
      <trkpt lat="37.51751351170241832733154296875" lon="127.1213531680405139923095703125">
        <ele>29.3999996185302734375</ele>
        <time>2026-05-24T00:36:15.000Z</time>
        <extensions>
          <ns3:TrackPointExtension>
            <ns3:hr>134</ns3:hr>
            <ns3:cad>86</ns3:cad>
          </ns3:TrackPointExtension>
        </extensions>
      </trkpt>
      <trkpt lat="37.51752759329974651336669921875" lon="127.1213716082274913787841796875">
        <ele>29.200000762939453125</ele>
        <time>2026-05-24T00:36:16.000Z</time>
        <extensions>
          <ns3:TrackPointExtension>
            <ns3:hr>134</ns3:hr>
            <ns3:cad>86</ns3:cad>
          </ns3:TrackPointExtension>
        </extensions>
      </trkpt>
      <trkpt lat="37.5175469554960727691650390625" lon="127.1213917247951030731201171875">
        <ele>29.200000762939453125</ele>
        <time>2026-05-24T00:36:17.000Z</time>
        <extensions>
          <ns3:TrackPointExtension>
            <ns3:hr>135</ns3:hr>
            <ns3:cad>86</ns3:cad>
          </ns3:TrackPointExtension>
        </extensions>
      </trkpt>
      <trkpt lat="37.517567910254001617431640625" lon="127.1214175410568714141845703125">
        <ele>29.200000762939453125</ele>
        <time>2026-05-24T00:36:18.000Z</time>
        <extensions>
          <ns3:TrackPointExtension>
            <ns3:hr>136</ns3:hr>
            <ns3:cad>85</ns3:cad>
          </ns3:TrackPointExtension>
        </extensions>
      </trkpt>
      <trkpt lat="37.5175804831087589263916015625" lon="127.12143145501613616943359375">
        <ele>29.200000762939453125</ele>
        <time>2026-05-24T00:36:19.000Z</time>
        <extensions>
          <ns3:TrackPointExtension>
            <ns3:hr>136</ns3:hr>
            <ns3:cad>85</ns3:cad>
          </ns3:TrackPointExtension>
        </extensions>
      </trkpt>
      <trkpt lat="37.51759934239089488983154296875" lon="127.12146255187690258026123046875">
        <ele>29.3999996185302734375</ele>
        <time>2026-05-24T00:36:20.000Z</time>
        <extensions>
          <ns3:TrackPointExtension>
            <ns3:hr>136</ns3:hr>
            <ns3:cad>85</ns3:cad>
          </ns3:TrackPointExtension>
        </extensions>
      </trkpt>
      <trkpt lat="37.51761577092111110687255859375" lon="127.12147830985486507415771484375">
        <ele>29.3999996185302734375</ele>
        <time>2026-05-24T00:36:21.000Z</time>
        <extensions>
          <ns3:TrackPointExtension>
            <ns3:hr>136</ns3:hr>
            <ns3:cad>84</ns3:cad>
          </ns3:TrackPointExtension>
        </extensions>
      </trkpt>
      <trkpt lat="37.51763395965099334716796875" lon="127.121496163308620452880859375">
        <ele>29.3999996185302734375</ele>
        <time>2026-05-24T00:36:22.000Z</time>
        <extensions>
          <ns3:TrackPointExtension>
            <ns3:hr>137</ns3:hr>
            <ns3:cad>84</ns3:cad>
          </ns3:TrackPointExtension>
        </extensions>
      </trkpt>
      <trkpt lat="37.51765809953212738037109375" lon="127.121520303189754486083984375">
        <ele>29.3999996185302734375</ele>
        <time>2026-05-24T00:36:23.000Z</time>
        <extensions>
          <ns3:TrackPointExtension>
            <ns3:hr>136</ns3:hr>
            <ns3:cad>84</ns3:cad>
          </ns3:TrackPointExtension>
        </extensions>
      </trkpt>
      <trkpt lat="37.51767595298588275909423828125" lon="127.12153614498674869537353515625">
        <ele>29.3999996185302734375</ele>
        <time>2026-05-24T00:36:24.000Z</time>
        <extensions>
          <ns3:TrackPointExtension>
            <ns3:hr>136</ns3:hr>
            <ns3:cad>84</ns3:cad>
          </ns3:TrackPointExtension>
        </extensions>
      </trkpt>
      <trkpt lat="37.51770227216184139251708984375" lon="127.12156481109559535980224609375">
        <ele>29.3999996185302734375</ele>
        <time>2026-05-24T00:36:25.000Z</time>
        <extensions>
          <ns3:TrackPointExtension>
            <ns3:hr>136</ns3:hr>
            <ns3:cad>84</ns3:cad>
          </ns3:TrackPointExtension>
        </extensions>
      </trkpt>
      <trkpt lat="37.51771568320691585540771484375" lon="127.121585346758365631103515625">
        <ele>29.3999996185302734375</ele>
        <time>2026-05-24T00:36:26.000Z</time>
        <extensions>
          <ns3:TrackPointExtension>
            <ns3:hr>136</ns3:hr>
            <ns3:cad>84</ns3:cad>
          </ns3:TrackPointExtension>
        </extensions>
      </trkpt>
      <trkpt lat="37.5177363865077495574951171875" lon="127.1216183714568614959716796875">
        <ele>29.3999996185302734375</ele>
        <time>2026-05-24T00:36:27.000Z</time>
        <extensions>
          <ns3:TrackPointExtension>
            <ns3:hr>136</ns3:hr>
            <ns3:cad>84</ns3:cad>
          </ns3:TrackPointExtension>
        </extensions>
      </trkpt>
      <trkpt lat="37.51775457523763179779052734375" lon="127.12164343334734439849853515625">
        <ele>29.6000003814697265625</ele>
        <time>2026-05-24T00:36:28.000Z</time>
        <extensions>
          <ns3:TrackPointExtension>
            <ns3:hr>136</ns3:hr>
            <ns3:cad>84</ns3:cad>
          </ns3:TrackPointExtension>
        </extensions>
      </trkpt>
      <trkpt lat="37.517775110900402069091796875" lon="127.1216612868010997772216796875">
        <ele>29.6000003814697265625</ele>
        <time>2026-05-24T00:36:29.000Z</time>
        <extensions>
          <ns3:TrackPointExtension>
            <ns3:hr>136</ns3:hr>
            <ns3:cad>85</ns3:cad>
          </ns3:TrackPointExtension>
        </extensions>
      </trkpt>
      <trkpt lat="37.5178000889718532562255859375" lon="127.1216887794435024261474609375">
        <ele>29.6000003814697265625</ele>
        <time>2026-05-24T00:36:30.000Z</time>
        <extensions>
          <ns3:TrackPointExtension>
            <ns3:hr>136</ns3:hr>
            <ns3:cad>85</ns3:cad>
          </ns3:TrackPointExtension>
        </extensions>
      </trkpt>
      <trkpt lat="37.5178135000169277191162109375" lon="127.121700346469879150390625">
        <ele>29.6000003814697265625</ele>
        <time>2026-05-24T00:36:31.000Z</time>
        <extensions>
          <ns3:TrackPointExtension>
            <ns3:hr>135</ns3:hr>
            <ns3:cad>85</ns3:cad>
          </ns3:TrackPointExtension>
        </extensions>
      </trkpt>
      <trkpt lat="37.51783403567969799041748046875" lon="127.12173186242580413818359375">
        <ele>29.799999237060546875</ele>
        <time>2026-05-24T00:36:32.000Z</time>
        <extensions>
          <ns3:TrackPointExtension>
            <ns3:hr>135</ns3:hr>
            <ns3:cad>85</ns3:cad>
          </ns3:TrackPointExtension>
        </extensions>
      </trkpt>
      <trkpt lat="37.51785012893378734588623046875" lon="127.12175332009792327880859375">
        <ele>29.799999237060546875</ele>
        <time>2026-05-24T00:36:33.000Z</time>
        <extensions>
          <ns3:TrackPointExtension>
            <ns3:hr>135</ns3:hr>
            <ns3:cad>85</ns3:cad>
          </ns3:TrackPointExtension>
        </extensions>
      </trkpt>
      <trkpt lat="37.51786957494914531707763671875" lon="127.12177184410393238067626953125">
        <ele>29.799999237060546875</ele>
        <time>2026-05-24T00:36:34.000Z</time>
        <extensions>
          <ns3:TrackPointExtension>
            <ns3:hr>136</ns3:hr>
            <ns3:cad>85</ns3:cad>
          </ns3:TrackPointExtension>
        </extensions>
      </trkpt>
      <trkpt lat="37.5178872607648372650146484375" lon="127.1218036115169525146484375">
        <ele>29.799999237060546875</ele>
        <time>2026-05-24T00:36:35.000Z</time>
        <extensions>
          <ns3:TrackPointExtension>
            <ns3:hr>135</ns3:hr>
            <ns3:cad>85</ns3:cad>
          </ns3:TrackPointExtension>
        </extensions>
      </trkpt>
      <trkpt lat="37.51790075562894344329833984375" lon="127.1218232251703739166259765625">
        <ele>29.799999237060546875</ele>
        <time>2026-05-24T00:36:36.000Z</time>
        <extensions>
          <ns3:TrackPointExtension>
            <ns3:hr>135</ns3:hr>
            <ns3:cad>84</ns3:cad>
          </ns3:TrackPointExtension>
        </extensions>
      </trkpt>
      <trkpt lat="37.51791785471141338348388671875" lon="127.1218611113727092742919921875">
        <ele>29.799999237060546875</ele>
        <time>2026-05-24T00:36:37.000Z</time>
        <extensions>
          <ns3:TrackPointExtension>
            <ns3:hr>136</ns3:hr>
            <ns3:cad>84</ns3:cad>
          </ns3:TrackPointExtension>
        </extensions>
      </trkpt>
      <trkpt lat="37.5179315172135829925537109375" lon="127.12188248522579669952392578125">
        <ele>29.799999237060546875</ele>
        <time>2026-05-24T00:36:38.000Z</time>
        <extensions>
          <ns3:TrackPointExtension>
            <ns3:hr>135</ns3:hr>
            <ns3:cad>84</ns3:cad>
          </ns3:TrackPointExtension>
        </extensions>
      </trkpt>
      <trkpt lat="37.517945766448974609375" lon="127.121906541287899017333984375">
        <ele>29.799999237060546875</ele>
        <time>2026-05-24T00:36:39.000Z</time>
        <extensions>
          <ns3:TrackPointExtension>
            <ns3:hr>135</ns3:hr>
            <ns3:cad>84</ns3:cad>
          </ns3:TrackPointExtension>
        </extensions>
      </trkpt>
      <trkpt lat="37.5179563276469707489013671875" lon="127.1219392307102680206298828125">
        <ele>29.799999237060546875</ele>
        <time>2026-05-24T00:36:40.000Z</time>
        <extensions>
          <ns3:TrackPointExtension>
            <ns3:hr>136</ns3:hr>
            <ns3:cad>84</ns3:cad>
          </ns3:TrackPointExtension>
        </extensions>
      </trkpt>
      <trkpt lat="37.51797066070139408111572265625" lon="127.121960185468196868896484375">
        <ele>29.799999237060546875</ele>
        <time>2026-05-24T00:36:41.000Z</time>
        <extensions>
          <ns3:TrackPointExtension>
            <ns3:hr>136</ns3:hr>
            <ns3:cad>84</ns3:cad>
          </ns3:TrackPointExtension>
        </extensions>
      </trkpt>
      <trkpt lat="37.517984993755817413330078125" lon="127.1220019273459911346435546875">
        <ele>29.799999237060546875</ele>
        <time>2026-05-24T00:36:42.000Z</time>
        <extensions>
          <ns3:TrackPointExtension>
            <ns3:hr>136</ns3:hr>
            <ns3:cad>84</ns3:cad>
          </ns3:TrackPointExtension>
        </extensions>
      </trkpt>
      <trkpt lat="37.51799739897251129150390625" lon="127.122021205723285675048828125">
        <ele>29.799999237060546875</ele>
        <time>2026-05-24T00:36:43.000Z</time>
        <extensions>
          <ns3:TrackPointExtension>
            <ns3:hr>136</ns3:hr>
            <ns3:cad>84</ns3:cad>
          </ns3:TrackPointExtension>
        </extensions>
      </trkpt>
      <trkpt lat="37.5180106423795223236083984375" lon="127.122052721679210662841796875">
        <ele>29.799999237060546875</ele>
        <time>2026-05-24T00:36:44.000Z</time>
        <extensions>
          <ns3:TrackPointExtension>
            <ns3:hr>135</ns3:hr>
            <ns3:cad>84</ns3:cad>
          </ns3:TrackPointExtension>
        </extensions>
      </trkpt>
      <trkpt lat="37.518019862473011016845703125" lon="127.12208348326385021209716796875">
        <ele>29.799999237060546875</ele>
        <time>2026-05-24T00:36:45.000Z</time>
        <extensions>
          <ns3:TrackPointExtension>
            <ns3:hr>136</ns3:hr>
            <ns3:cad>84</ns3:cad>
          </ns3:TrackPointExtension>
        </extensions>
      </trkpt>
      <trkpt lat="37.518031932413578033447265625" lon="127.12210074998438358306884765625">
        <ele>29.799999237060546875</ele>
        <time>2026-05-24T00:36:46.000Z</time>
        <extensions>
          <ns3:TrackPointExtension>
            <ns3:hr>136</ns3:hr>
            <ns3:cad>84</ns3:cad>
          </ns3:TrackPointExtension>
        </extensions>
      </trkpt>
      <trkpt lat="37.51804643310606479644775390625" lon="127.12213796563446521759033203125">
        <ele>29.6000003814697265625</ele>
        <time>2026-05-24T00:36:47.000Z</time>
        <extensions>
          <ns3:TrackPointExtension>
            <ns3:hr>135</ns3:hr>
            <ns3:cad>84</ns3:cad>
          </ns3:TrackPointExtension>
        </extensions>
      </trkpt>
      <trkpt lat="37.51805565319955348968505859375" lon="127.12215431034564971923828125">
        <ele>29.6000003814697265625</ele>
        <time>2026-05-24T00:36:48.000Z</time>
        <extensions>
          <ns3:TrackPointExtension>
            <ns3:hr>135</ns3:hr>
            <ns3:cad>84</ns3:cad>
          </ns3:TrackPointExtension>
        </extensions>
      </trkpt>
      <trkpt lat="37.51806453801691532135009765625" lon="127.12218959815800189971923828125">
        <ele>29.6000003814697265625</ele>
        <time>2026-05-24T00:36:49.000Z</time>
        <extensions>
          <ns3:TrackPointExtension>
            <ns3:hr>135</ns3:hr>
            <ns3:cad>84</ns3:cad>
          </ns3:TrackPointExtension>
        </extensions>
      </trkpt>
      <trkpt lat="37.5180723331868648529052734375" lon="127.12222144939005374908447265625">
        <ele>29.6000003814697265625</ele>
        <time>2026-05-24T00:36:50.000Z</time>
        <extensions>
          <ns3:TrackPointExtension>
            <ns3:hr>135</ns3:hr>
            <ns3:cad>84</ns3:cad>
          </ns3:TrackPointExtension>
        </extensions>
      </trkpt>
      <trkpt lat="37.51808314584195613861083984375" lon="127.12224391289055347442626953125">
        <ele>29.6000003814697265625</ele>
        <time>2026-05-24T00:36:51.000Z</time>
        <extensions>
          <ns3:TrackPointExtension>
            <ns3:hr>135</ns3:hr>
            <ns3:cad>84</ns3:cad>
          </ns3:TrackPointExtension>
        </extensions>
      </trkpt>
      <trkpt lat="37.51809622161090373992919921875" lon="127.12228431366384029388427734375">
        <ele>29.6000003814697265625</ele>
        <time>2026-05-24T00:36:52.000Z</time>
        <extensions>
          <ns3:TrackPointExtension>
            <ns3:hr>135</ns3:hr>
            <ns3:cad>84</ns3:cad>
          </ns3:TrackPointExtension>
        </extensions>
      </trkpt>
      <trkpt lat="37.51810041256248950958251953125" lon="127.12230811826884746551513671875">
        <ele>29.6000003814697265625</ele>
        <time>2026-05-24T00:36:53.000Z</time>
        <extensions>
          <ns3:TrackPointExtension>
            <ns3:hr>134</ns3:hr>
            <ns3:cad>84</ns3:cad>
          </ns3:TrackPointExtension>
        </extensions>
      </trkpt>
      <trkpt lat="37.51810426823794841766357421875" lon="127.12234114296734333038330078125">
        <ele>29.6000003814697265625</ele>
        <time>2026-05-24T00:36:54.000Z</time>
        <extensions>
          <ns3:TrackPointExtension>
            <ns3:hr>134</ns3:hr>
            <ns3:cad>84</ns3:cad>
          </ns3:TrackPointExtension>
        </extensions>
      </trkpt>
      <trkpt lat="37.51811130903661251068115234375" lon="127.122370898723602294921875">
        <ele>29.6000003814697265625</ele>
        <time>2026-05-24T00:36:55.000Z</time>
        <extensions>
          <ns3:TrackPointExtension>
            <ns3:hr>134</ns3:hr>
            <ns3:cad>84</ns3:cad>
          </ns3:TrackPointExtension>
        </extensions>
      </trkpt>
      <trkpt lat="37.5181175954639911651611328125" lon="127.1223910152912139892578125">
        <ele>29.3999996185302734375</ele>
        <time>2026-05-24T00:36:56.000Z</time>
        <extensions>
          <ns3:TrackPointExtension>
            <ns3:hr>133</ns3:hr>
            <ns3:cad>83</ns3:cad>
          </ns3:TrackPointExtension>
        </extensions>
      </trkpt>
      <trkpt lat="37.51812589354813098907470703125" lon="127.1224317513406276702880859375">
        <ele>29.3999996185302734375</ele>
        <time>2026-05-24T00:36:57.000Z</time>
        <extensions>
          <ns3:TrackPointExtension>
            <ns3:hr>133</ns3:hr>
            <ns3:cad>83</ns3:cad>
          </ns3:TrackPointExtension>
        </extensions>
      </trkpt>
      <trkpt lat="37.51812941394746303558349609375" lon="127.12245798669755458831787109375">
        <ele>29.3999996185302734375</ele>
        <time>2026-05-24T00:36:58.000Z</time>
        <extensions>
          <ns3:TrackPointExtension>
            <ns3:hr>133</ns3:hr>
            <ns3:cad>83</ns3:cad>
          </ns3:TrackPointExtension>
        </extensions>
      </trkpt>
      <trkpt lat="37.5181300006806850433349609375" lon="127.122493274509906768798828125">
        <ele>29.3999996185302734375</ele>
        <time>2026-05-24T00:36:59.000Z</time>
        <extensions>
          <ns3:TrackPointExtension>
            <ns3:hr>133</ns3:hr>
            <ns3:cad>83</ns3:cad>
          </ns3:TrackPointExtension>
        </extensions>
      </trkpt>
      <trkpt lat="37.51813461072742938995361328125" lon="127.1225249581038951873779296875">
        <ele>29.200000762939453125</ele>
        <time>2026-05-24T00:37:00.000Z</time>
        <extensions>
          <ns3:TrackPointExtension>
            <ns3:hr>133</ns3:hr>
            <ns3:cad>84</ns3:cad>
          </ns3:TrackPointExtension>
        </extensions>
      </trkpt>
      <trkpt lat="37.5181383825838565826416015625" lon="127.12254859507083892822265625">
        <ele>29.200000762939453125</ele>
        <time>2026-05-24T00:37:01.000Z</time>
        <extensions>
          <ns3:TrackPointExtension>
            <ns3:hr>132</ns3:hr>
            <ns3:cad>84</ns3:cad>
          </ns3:TrackPointExtension>
        </extensions>
      </trkpt>
      <trkpt lat="37.518146596848964691162109375" lon="127.1225894987583160400390625">
        <ele>29.200000762939453125</ele>
        <time>2026-05-24T00:37:02.000Z</time>
        <extensions>
          <ns3:TrackPointExtension>
            <ns3:hr>132</ns3:hr>
            <ns3:cad>84</ns3:cad>
          </ns3:TrackPointExtension>
        </extensions>
      </trkpt>
      <trkpt lat="37.51815824769437313079833984375" lon="127.12260919623076915740966796875">
        <ele>29.200000762939453125</ele>
        <time>2026-05-24T00:37:03.000Z</time>
        <extensions>
          <ns3:TrackPointExtension>
            <ns3:hr>132</ns3:hr>
            <ns3:cad>83</ns3:cad>
          </ns3:TrackPointExtension>
        </extensions>
      </trkpt>
      <trkpt lat="37.51816210336983203887939453125" lon="127.12264624424278736114501953125">
        <ele>29.200000762939453125</ele>
        <time>2026-05-24T00:37:04.000Z</time>
        <extensions>
          <ns3:TrackPointExtension>
            <ns3:hr>132</ns3:hr>
            <ns3:cad>83</ns3:cad>
          </ns3:TrackPointExtension>
        </extensions>
      </trkpt>
      <trkpt lat="37.5181591697037220001220703125" lon="127.122675664722919464111328125">
        <ele>29.200000762939453125</ele>
        <time>2026-05-24T00:37:05.000Z</time>
        <extensions>
          <ns3:TrackPointExtension>
            <ns3:hr>132</ns3:hr>
            <ns3:cad>84</ns3:cad>
          </ns3:TrackPointExtension>
        </extensions>
      </trkpt>
      <trkpt lat="37.5181561522185802459716796875" lon="127.12270206771790981292724609375">
        <ele>29</ele>
        <time>2026-05-24T00:37:06.000Z</time>
        <extensions>
          <ns3:TrackPointExtension>
            <ns3:hr>132</ns3:hr>
            <ns3:cad>84</ns3:cad>
          </ns3:TrackPointExtension>
        </extensions>
      </trkpt>
      <trkpt lat="37.51815221272408962249755859375" lon="127.12273760698735713958740234375">
        <ele>29</ele>
        <time>2026-05-24T00:37:07.000Z</time>
        <extensions>
          <ns3:TrackPointExtension>
            <ns3:hr>132</ns3:hr>
            <ns3:cad>84</ns3:cad>
          </ns3:TrackPointExtension>
        </extensions>
      </trkpt>
      <trkpt lat="37.51815238036215305328369140625" lon="127.122762836515903472900390625">
        <ele>28.799999237060546875</ele>
        <time>2026-05-24T00:37:08.000Z</time>
        <extensions>
          <ns3:TrackPointExtension>
            <ns3:hr>132</ns3:hr>
            <ns3:cad>84</ns3:cad>
          </ns3:TrackPointExtension>
        </extensions>
      </trkpt>
      <trkpt lat="37.5181481055915355682373046875" lon="127.122803740203380584716796875">
        <ele>28.6000003814697265625</ele>
        <time>2026-05-24T00:37:09.000Z</time>
        <extensions>
          <ns3:TrackPointExtension>
            <ns3:hr>131</ns3:hr>
            <ns3:cad>84</ns3:cad>
          </ns3:TrackPointExtension>
        </extensions>
      </trkpt>
      <trkpt lat="37.5181444175541400909423828125" lon="127.1228354237973690032958984375">
        <ele>28.6000003814697265625</ele>
        <time>2026-05-24T00:37:10.000Z</time>
        <extensions>
          <ns3:TrackPointExtension>
            <ns3:hr>131</ns3:hr>
            <ns3:cad>84</ns3:cad>
          </ns3:TrackPointExtension>
        </extensions>
      </trkpt>
      <trkpt lat="37.51814416609704494476318359375" lon="127.12286417372524738311767578125">
        <ele>28.3999996185302734375</ele>
        <time>2026-05-24T00:37:11.000Z</time>
        <extensions>
          <ns3:TrackPointExtension>
            <ns3:hr>131</ns3:hr>
            <ns3:cad>84</ns3:cad>
          </ns3:TrackPointExtension>
        </extensions>
      </trkpt>
      <trkpt lat="37.5181400589644908905029296875" lon="127.12290465831756591796875">
        <ele>28.3999996185302734375</ele>
        <time>2026-05-24T00:37:12.000Z</time>
        <extensions>
          <ns3:TrackPointExtension>
            <ns3:hr>131</ns3:hr>
            <ns3:cad>84</ns3:cad>
          </ns3:TrackPointExtension>
        </extensions>
      </trkpt>
      <trkpt lat="37.51814349554479122161865234375" lon="127.12293173186480998992919921875">
        <ele>28.3999996185302734375</ele>
        <time>2026-05-24T00:37:13.000Z</time>
        <extensions>
          <ns3:TrackPointExtension>
            <ns3:hr>131</ns3:hr>
            <ns3:cad>84</ns3:cad>
          </ns3:TrackPointExtension>
        </extensions>
      </trkpt>
      <trkpt lat="37.51813360489904880523681640625" lon="127.12297079153358936309814453125">
        <ele>28.200000762939453125</ele>
        <time>2026-05-24T00:37:14.000Z</time>
        <extensions>
          <ns3:TrackPointExtension>
            <ns3:hr>131</ns3:hr>
            <ns3:cad>84</ns3:cad>
          </ns3:TrackPointExtension>
        </extensions>
      </trkpt>
      <trkpt lat="37.51813142560422420501708984375" lon="127.12300163693726062774658203125">
        <ele>28.200000762939453125</ele>
        <time>2026-05-24T00:37:15.000Z</time>
        <extensions>
          <ns3:TrackPointExtension>
            <ns3:hr>131</ns3:hr>
            <ns3:cad>84</ns3:cad>
          </ns3:TrackPointExtension>
        </extensions>
      </trkpt>
      <trkpt lat="37.5181256420910358428955078125" lon="127.12303399108350276947021484375">
        <ele>28</ele>
        <time>2026-05-24T00:37:16.000Z</time>
        <extensions>
          <ns3:TrackPointExtension>
            <ns3:hr>131</ns3:hr>
            <ns3:cad>84</ns3:cad>
          </ns3:TrackPointExtension>
        </extensions>
      </trkpt>
      <trkpt lat="37.518116421997547149658203125" lon="127.12307070381939411163330078125">
        <ele>27.799999237060546875</ele>
        <time>2026-05-24T00:37:17.000Z</time>
        <extensions>
          <ns3:TrackPointExtension>
            <ns3:hr>131</ns3:hr>
            <ns3:cad>84</ns3:cad>
          </ns3:TrackPointExtension>
        </extensions>
      </trkpt>
      <trkpt lat="37.5181132368743419647216796875" lon="127.123092077672481536865234375">
        <ele>27.799999237060546875</ele>
        <time>2026-05-24T00:37:18.000Z</time>
        <extensions>
          <ns3:TrackPointExtension>
            <ns3:hr>130</ns3:hr>
            <ns3:cad>84</ns3:cad>
          </ns3:TrackPointExtension>
        </extensions>
      </trkpt>
      <trkpt lat="37.5181011669337749481201171875" lon="127.12312518619000911712646484375">
        <ele>27.799999237060546875</ele>
        <time>2026-05-24T00:37:19.000Z</time>
        <extensions>
          <ns3:TrackPointExtension>
            <ns3:hr>130</ns3:hr>
            <ns3:cad>85</ns3:cad>
          </ns3:TrackPointExtension>
        </extensions>
      </trkpt>
      <trkpt lat="37.51809773035347461700439453125" lon="127.12314949370920658111572265625">
        <ele>27.6000003814697265625</ele>
        <time>2026-05-24T00:37:20.000Z</time>
        <extensions>
          <ns3:TrackPointExtension>
            <ns3:hr>130</ns3:hr>
            <ns3:cad>85</ns3:cad>
          </ns3:TrackPointExtension>
        </extensions>
      </trkpt>
      <trkpt lat="37.5180914439260959625244140625" lon="127.12318570353090763092041015625">
        <ele>27.6000003814697265625</ele>
        <time>2026-05-24T00:37:21.000Z</time>
        <extensions>
          <ns3:TrackPointExtension>
            <ns3:hr>130</ns3:hr>
            <ns3:cad>85</ns3:cad>
          </ns3:TrackPointExtension>
        </extensions>
      </trkpt>
      <trkpt lat="37.518082559108734130859375" lon="127.1232219971716403961181640625">
        <ele>27.6000003814697265625</ele>
        <time>2026-05-24T00:37:22.000Z</time>
        <extensions>
          <ns3:TrackPointExtension>
            <ns3:hr>130</ns3:hr>
            <ns3:cad>85</ns3:cad>
          </ns3:TrackPointExtension>
        </extensions>
      </trkpt>
      <trkpt lat="37.51807384192943572998046875" lon="127.123246975243091583251953125">
        <ele>27.3999996185302734375</ele>
        <time>2026-05-24T00:37:23.000Z</time>
        <extensions>
          <ns3:TrackPointExtension>
            <ns3:hr>130</ns3:hr>
            <ns3:cad>85</ns3:cad>
          </ns3:TrackPointExtension>
        </extensions>
      </trkpt>
      <trkpt lat="37.518066801130771636962890625" lon="127.12328620254993438720703125">
        <ele>27.3999996185302734375</ele>
        <time>2026-05-24T00:37:24.000Z</time>
        <extensions>
          <ns3:TrackPointExtension>
            <ns3:hr>130</ns3:hr>
            <ns3:cad>85</ns3:cad>
          </ns3:TrackPointExtension>
        </extensions>
      </trkpt>
      <trkpt lat="37.5180622749030590057373046875" lon="127.123313359916210174560546875">
        <ele>27.3999996185302734375</ele>
        <time>2026-05-24T00:37:25.000Z</time>
        <extensions>
          <ns3:TrackPointExtension>
            <ns3:hr>130</ns3:hr>
            <ns3:cad>85</ns3:cad>
          </ns3:TrackPointExtension>
        </extensions>
      </trkpt>
      <trkpt lat="37.5180589221417903900146484375" lon="127.12335065938532352447509765625">
        <ele>27.3999996185302734375</ele>
        <time>2026-05-24T00:37:26.000Z</time>
        <extensions>
          <ns3:TrackPointExtension>
            <ns3:hr>130</ns3:hr>
            <ns3:cad>85</ns3:cad>
          </ns3:TrackPointExtension>
        </extensions>
      </trkpt>
      <trkpt lat="37.51804693602025508880615234375" lon="127.123380415141582489013671875">
        <ele>27.200000762939453125</ele>
        <time>2026-05-24T00:37:27.000Z</time>
        <extensions>
          <ns3:TrackPointExtension>
            <ns3:hr>129</ns3:hr>
            <ns3:cad>85</ns3:cad>
          </ns3:TrackPointExtension>
        </extensions>
      </trkpt>
      <trkpt lat="37.51803738065063953399658203125" lon="127.12340765632688999176025390625">
        <ele>27.200000762939453125</ele>
        <time>2026-05-24T00:37:28.000Z</time>
        <extensions>
          <ns3:TrackPointExtension>
            <ns3:hr>129</ns3:hr>
            <ns3:cad>85</ns3:cad>
          </ns3:TrackPointExtension>
        </extensions>
      </trkpt>
      <trkpt lat="37.5180180184543132781982421875" lon="127.1234422735869884490966796875">
        <ele>27.200000762939453125</ele>
        <time>2026-05-24T00:37:29.000Z</time>
        <extensions>
          <ns3:TrackPointExtension>
            <ns3:hr>129</ns3:hr>
            <ns3:cad>84</ns3:cad>
          </ns3:TrackPointExtension>
        </extensions>
      </trkpt>
      <trkpt lat="37.5180099718272686004638671875" lon="127.12346515618264675140380859375">
        <ele>27.200000762939453125</ele>
        <time>2026-05-24T00:37:30.000Z</time>
        <extensions>
          <ns3:TrackPointExtension>
            <ns3:hr>129</ns3:hr>
            <ns3:cad>84</ns3:cad>
          </ns3:TrackPointExtension>
        </extensions>
      </trkpt>
      <trkpt lat="37.51799446530640125274658203125" lon="127.12349130772054195404052734375">
        <ele>27.200000762939453125</ele>
        <time>2026-05-24T00:37:31.000Z</time>
        <extensions>
          <ns3:TrackPointExtension>
            <ns3:hr>129</ns3:hr>
            <ns3:cad>84</ns3:cad>
          </ns3:TrackPointExtension>
        </extensions>
      </trkpt>
      <trkpt lat="37.51798440702259540557861328125" lon="127.12351930327713489532470703125">
        <ele>27.200000762939453125</ele>
        <time>2026-05-24T00:37:32.000Z</time>
        <extensions>
          <ns3:TrackPointExtension>
            <ns3:hr>129</ns3:hr>
            <ns3:cad>84</ns3:cad>
          </ns3:TrackPointExtension>
        </extensions>
      </trkpt>
      <trkpt lat="37.51797803677618503570556640625" lon="127.12354495190083980560302734375">
        <ele>27.200000762939453125</ele>
        <time>2026-05-24T00:37:33.000Z</time>
        <extensions>
          <ns3:TrackPointExtension>
            <ns3:hr>129</ns3:hr>
            <ns3:cad>83</ns3:cad>
          </ns3:TrackPointExtension>
        </extensions>
      </trkpt>
      <trkpt lat="37.51796244643628597259521484375" lon="127.1235810779035091400146484375">
        <ele>27.200000762939453125</ele>
        <time>2026-05-24T00:37:34.000Z</time>
        <extensions>
          <ns3:TrackPointExtension>
            <ns3:hr>129</ns3:hr>
            <ns3:cad>83</ns3:cad>
          </ns3:TrackPointExtension>
        </extensions>
      </trkpt>
      <trkpt lat="37.5179546512663364410400390625" lon="127.1236092410981655120849609375">
        <ele>27.200000762939453125</ele>
        <time>2026-05-24T00:37:35.000Z</time>
        <extensions>
          <ns3:TrackPointExtension>
            <ns3:hr>129</ns3:hr>
            <ns3:cad>83</ns3:cad>
          </ns3:TrackPointExtension>
        </extensions>
      </trkpt>
      <trkpt lat="37.517945766448974609375" lon="127.123645283281803131103515625">
        <ele>27.200000762939453125</ele>
        <time>2026-05-24T00:37:36.000Z</time>
        <extensions>
          <ns3:TrackPointExtension>
            <ns3:hr>129</ns3:hr>
            <ns3:cad>84</ns3:cad>
          </ns3:TrackPointExtension>
        </extensions>
      </trkpt>
      <trkpt lat="37.51793880946934223175048828125" lon="127.12367378175258636474609375">
        <ele>27.200000762939453125</ele>
        <time>2026-05-24T00:37:37.000Z</time>
        <extensions>
          <ns3:TrackPointExtension>
            <ns3:hr>129</ns3:hr>
            <ns3:cad>84</ns3:cad>
          </ns3:TrackPointExtension>
        </extensions>
      </trkpt>
      <trkpt lat="37.51793428324162960052490234375" lon="127.1237026154994964599609375">
        <ele>27.200000762939453125</ele>
        <time>2026-05-24T00:37:38.000Z</time>
        <extensions>
          <ns3:TrackPointExtension>
            <ns3:hr>128</ns3:hr>
            <ns3:cad>84</ns3:cad>
          </ns3:TrackPointExtension>
        </extensions>
      </trkpt>
      <trkpt lat="37.51792489551007747650146484375" lon="127.1237416751682758331298828125">
        <ele>27.200000762939453125</ele>
        <time>2026-05-24T00:37:39.000Z</time>
        <extensions>
          <ns3:TrackPointExtension>
            <ns3:hr>128</ns3:hr>
            <ns3:cad>84</ns3:cad>
          </ns3:TrackPointExtension>
        </extensions>
      </trkpt>
      <trkpt lat="37.51792204566299915313720703125" lon="127.12377034127712249755859375">
        <ele>27.200000762939453125</ele>
        <time>2026-05-24T00:37:40.000Z</time>
        <extensions>
          <ns3:TrackPointExtension>
            <ns3:hr>128</ns3:hr>
            <ns3:cad>84</ns3:cad>
          </ns3:TrackPointExtension>
        </extensions>
      </trkpt>
      <trkpt lat="37.51791290938854217529296875" lon="127.12380529381334781646728515625">
        <ele>27</ele>
        <time>2026-05-24T00:37:41.000Z</time>
        <extensions>
          <ns3:TrackPointExtension>
            <ns3:hr>128</ns3:hr>
            <ns3:cad>84</ns3:cad>
          </ns3:TrackPointExtension>
        </extensions>
      </trkpt>
      <trkpt lat="37.51790913753211498260498046875" lon="127.12383731268346309661865234375">
        <ele>27.200000762939453125</ele>
        <time>2026-05-24T00:37:42.000Z</time>
        <extensions>
          <ns3:TrackPointExtension>
            <ns3:hr>128</ns3:hr>
            <ns3:cad>84</ns3:cad>
          </ns3:TrackPointExtension>
        </extensions>
      </trkpt>
      <trkpt lat="37.51790209673345088958740234375" lon="127.1238689124584197998046875">
        <ele>27.200000762939453125</ele>
        <time>2026-05-24T00:37:43.000Z</time>
        <extensions>
          <ns3:TrackPointExtension>
            <ns3:hr>129</ns3:hr>
            <ns3:cad>85</ns3:cad>
          </ns3:TrackPointExtension>
        </extensions>
      </trkpt>
      <trkpt lat="37.51788918860256671905517578125" lon="127.12390336208045482635498046875">
        <ele>27.200000762939453125</ele>
        <time>2026-05-24T00:37:44.000Z</time>
        <extensions>
          <ns3:TrackPointExtension>
            <ns3:hr>128</ns3:hr>
            <ns3:cad>85</ns3:cad>
          </ns3:TrackPointExtension>
        </extensions>
      </trkpt>
      <trkpt lat="37.51788466237485408782958984375" lon="127.1239306032657623291015625">
        <ele>27.200000762939453125</ele>
        <time>2026-05-24T00:37:45.000Z</time>
        <extensions>
          <ns3:TrackPointExtension>
            <ns3:hr>129</ns3:hr>
            <ns3:cad>84</ns3:cad>
          </ns3:TrackPointExtension>
        </extensions>
      </trkpt>
      <trkpt lat="37.51787896268069744110107421875" lon="127.12397142313420772552490234375">
        <ele>27.200000762939453125</ele>
        <time>2026-05-24T00:37:46.000Z</time>
        <extensions>
          <ns3:TrackPointExtension>
            <ns3:hr>129</ns3:hr>
            <ns3:cad>84</ns3:cad>
          </ns3:TrackPointExtension>
        </extensions>
      </trkpt>
      <trkpt lat="37.51787938177585601806640625" lon="127.1239924617111682891845703125">
        <ele>27.200000762939453125</ele>
        <time>2026-05-24T00:37:47.000Z</time>
        <extensions>
          <ns3:TrackPointExtension>
            <ns3:hr>129</ns3:hr>
            <ns3:cad>84</ns3:cad>
          </ns3:TrackPointExtension>
        </extensions>
      </trkpt>
      <trkpt lat="37.51787292771041393280029296875" lon="127.12402875535190105438232421875">
        <ele>27.200000762939453125</ele>
        <time>2026-05-24T00:37:48.000Z</time>
        <extensions>
          <ns3:TrackPointExtension>
            <ns3:hr>129</ns3:hr>
            <ns3:cad>84</ns3:cad>
          </ns3:TrackPointExtension>
        </extensions>
      </trkpt>
      <trkpt lat="37.51787024550139904022216796875" lon="127.12405893020331859588623046875">
        <ele>27.200000762939453125</ele>
        <time>2026-05-24T00:37:49.000Z</time>
        <extensions>
          <ns3:TrackPointExtension>
            <ns3:hr>129</ns3:hr>
            <ns3:cad>84</ns3:cad>
          </ns3:TrackPointExtension>
        </extensions>
      </trkpt>
      <trkpt lat="37.51786571927368640899658203125" lon="127.12409279309213161468505859375">
        <ele>27.200000762939453125</ele>
        <time>2026-05-24T00:37:50.000Z</time>
        <extensions>
          <ns3:TrackPointExtension>
            <ns3:hr>129</ns3:hr>
            <ns3:cad>84</ns3:cad>
          </ns3:TrackPointExtension>
        </extensions>
      </trkpt>
      <trkpt lat="37.51785934902727603912353515625" lon="127.12413202039897441864013671875">
        <ele>27.200000762939453125</ele>
        <time>2026-05-24T00:37:51.000Z</time>
        <extensions>
          <ns3:TrackPointExtension>
            <ns3:hr>129</ns3:hr>
            <ns3:cad>84</ns3:cad>
          </ns3:TrackPointExtension>
        </extensions>
      </trkpt>
      <trkpt lat="37.51785784028470516204833984375" lon="127.1241544000804424285888671875">
        <ele>27.200000762939453125</ele>
        <time>2026-05-24T00:37:52.000Z</time>
        <extensions>
          <ns3:TrackPointExtension>
            <ns3:hr>129</ns3:hr>
            <ns3:cad>85</ns3:cad>
          </ns3:TrackPointExtension>
        </extensions>
      </trkpt>
      <trkpt lat="37.51784895546734333038330078125" lon="127.1241976507008075714111328125">
        <ele>27.200000762939453125</ele>
        <time>2026-05-24T00:37:53.000Z</time>
        <extensions>
          <ns3:TrackPointExtension>
            <ns3:hr>129</ns3:hr>
            <ns3:cad>85</ns3:cad>
          </ns3:TrackPointExtension>
        </extensions>
      </trkpt>
      <trkpt lat="37.51784778200089931488037109375" lon="127.12422254495322704315185546875">
        <ele>27.200000762939453125</ele>
        <time>2026-05-24T00:37:54.000Z</time>
        <extensions>
          <ns3:TrackPointExtension>
            <ns3:hr>129</ns3:hr>
            <ns3:cad>85</ns3:cad>
          </ns3:TrackPointExtension>
        </extensions>
      </trkpt>
      <trkpt lat="37.5178433395922183990478515625" lon="127.12425875477492809295654296875">
        <ele>27.200000762939453125</ele>
        <time>2026-05-24T00:37:55.000Z</time>
        <extensions>
          <ns3:TrackPointExtension>
            <ns3:hr>129</ns3:hr>
            <ns3:cad>85</ns3:cad>
          </ns3:TrackPointExtension>
        </extensions>
      </trkpt>
      <trkpt lat="37.5178409926593303680419921875" lon="127.1242945455014705657958984375">
        <ele>27.200000762939453125</ele>
        <time>2026-05-24T00:37:56.000Z</time>
        <extensions>
          <ns3:TrackPointExtension>
            <ns3:hr>129</ns3:hr>
            <ns3:cad>85</ns3:cad>
          </ns3:TrackPointExtension>
        </extensions>
      </trkpt>
      <trkpt lat="37.5178396515548229217529296875" lon="127.1243227086961269378662109375">
        <ele>27</ele>
        <time>2026-05-24T00:37:57.000Z</time>
        <extensions>
          <ns3:TrackPointExtension>
            <ns3:hr>129</ns3:hr>
            <ns3:cad>84</ns3:cad>
          </ns3:TrackPointExtension>
        </extensions>
      </trkpt>
      <trkpt lat="37.517836801707744598388671875" lon="127.12436587549746036529541015625">
        <ele>27</ele>
        <time>2026-05-24T00:37:58.000Z</time>
        <extensions>
          <ns3:TrackPointExtension>
            <ns3:hr>129</ns3:hr>
            <ns3:cad>84</ns3:cad>
          </ns3:TrackPointExtension>
        </extensions>
      </trkpt>
      <trkpt lat="37.51784040592610836029052734375" lon="127.12438750080764293670654296875">
        <ele>27</ele>
        <time>2026-05-24T00:37:59.000Z</time>
        <extensions>
          <ns3:TrackPointExtension>
            <ns3:hr>128</ns3:hr>
            <ns3:cad>84</ns3:cad>
          </ns3:TrackPointExtension>
        </extensions>
      </trkpt>
      <trkpt lat="37.51784074120223522186279296875" lon="127.12441968731582164764404296875">
        <ele>27</ele>
        <time>2026-05-24T00:38:00.000Z</time>
        <extensions>
          <ns3:TrackPointExtension>
            <ns3:hr>128</ns3:hr>
            <ns3:cad>84</ns3:cad>
          </ns3:TrackPointExtension>
        </extensions>
      </trkpt>
      <trkpt lat="37.5178473629057407379150390625" lon="127.12444768287241458892822265625">
        <ele>27</ele>
        <time>2026-05-24T00:38:01.000Z</time>
        <extensions>
          <ns3:TrackPointExtension>
            <ns3:hr>128</ns3:hr>
            <ns3:cad>85</ns3:cad>
          </ns3:TrackPointExtension>
        </extensions>
      </trkpt>
      <trkpt lat="37.51785012893378734588623046875" lon="127.12447802536189556121826171875">
        <ele>27</ele>
        <time>2026-05-24T00:38:02.000Z</time>
        <extensions>
          <ns3:TrackPointExtension>
            <ns3:hr>128</ns3:hr>
            <ns3:cad>85</ns3:cad>
          </ns3:TrackPointExtension>
        </extensions>
      </trkpt>
      <trkpt lat="37.5178487040102481842041015625" lon="127.12451457045972347259521484375">
        <ele>27</ele>
        <time>2026-05-24T00:38:03.000Z</time>
        <extensions>
          <ns3:TrackPointExtension>
            <ns3:hr>128</ns3:hr>
            <ns3:cad>85</ns3:cad>
          </ns3:TrackPointExtension>
        </extensions>
      </trkpt>
      <trkpt lat="37.51785281114280223846435546875" lon="127.1245419792830944061279296875">
        <ele>27</ele>
        <time>2026-05-24T00:38:04.000Z</time>
        <extensions>
          <ns3:TrackPointExtension>
            <ns3:hr>128</ns3:hr>
            <ns3:cad>85</ns3:cad>
          </ns3:TrackPointExtension>
        </extensions>
      </trkpt>
      <trkpt lat="37.51785214059054851531982421875" lon="127.1245791949331760406494140625">
        <ele>27.200000762939453125</ele>
        <time>2026-05-24T00:38:05.000Z</time>
        <extensions>
          <ns3:TrackPointExtension>
            <ns3:hr>128</ns3:hr>
            <ns3:cad>85</ns3:cad>
          </ns3:TrackPointExtension>
        </extensions>
      </trkpt>
      <trkpt lat="37.51785457134246826171875" lon="127.12460241280496120452880859375">
        <ele>27.200000762939453125</ele>
        <time>2026-05-24T00:38:06.000Z</time>
        <extensions>
          <ns3:TrackPointExtension>
            <ns3:hr>128</ns3:hr>
            <ns3:cad>85</ns3:cad>
          </ns3:TrackPointExtension>
        </extensions>
      </trkpt>
      <trkpt lat="37.51785792410373687744140625" lon="127.1246402151882648468017578125">
        <ele>27</ele>
        <time>2026-05-24T00:38:07.000Z</time>
        <extensions>
          <ns3:TrackPointExtension>
            <ns3:hr>128</ns3:hr>
            <ns3:cad>85</ns3:cad>
          </ns3:TrackPointExtension>
        </extensions>
      </trkpt>
      <trkpt lat="37.51785448752343654632568359375" lon="127.12467382661998271942138671875">
        <ele>27.200000762939453125</ele>
        <time>2026-05-24T00:38:08.000Z</time>
        <extensions>
          <ns3:TrackPointExtension>
            <ns3:hr>128</ns3:hr>
            <ns3:cad>85</ns3:cad>
          </ns3:TrackPointExtension>
        </extensions>
      </trkpt>
      <trkpt lat="37.51785281114280223846435546875" lon="127.124696038663387298583984375">
        <ele>27</ele>
        <time>2026-05-24T00:38:09.000Z</time>
        <extensions>
          <ns3:TrackPointExtension>
            <ns3:hr>128</ns3:hr>
            <ns3:cad>85</ns3:cad>
          </ns3:TrackPointExtension>
        </extensions>
      </trkpt>
      <trkpt lat="37.51784811727702617645263671875" lon="127.124735601246356964111328125">
        <ele>27</ele>
        <time>2026-05-24T00:38:10.000Z</time>
        <extensions>
          <ns3:TrackPointExtension>
            <ns3:hr>128</ns3:hr>
            <ns3:cad>85</ns3:cad>
          </ns3:TrackPointExtension>
        </extensions>
      </trkpt>
      <trkpt lat="37.5178490392863750457763671875" lon="127.1247612498700618743896484375">
        <ele>27.200000762939453125</ele>
        <time>2026-05-24T00:38:11.000Z</time>
        <extensions>
          <ns3:TrackPointExtension>
            <ns3:hr>128</ns3:hr>
            <ns3:cad>85</ns3:cad>
          </ns3:TrackPointExtension>
        </extensions>
      </trkpt>
      <trkpt lat="37.51785214059054851531982421875" lon="127.12479838170111179351806640625">
        <ele>27.200000762939453125</ele>
        <time>2026-05-24T00:38:12.000Z</time>
        <extensions>
          <ns3:TrackPointExtension>
            <ns3:hr>128</ns3:hr>
            <ns3:cad>85</ns3:cad>
          </ns3:TrackPointExtension>
        </extensions>
      </trkpt>
      <trkpt lat="37.51785398460924625396728515625" lon="127.12483090348541736602783203125">
        <ele>27.200000762939453125</ele>
        <time>2026-05-24T00:38:13.000Z</time>
        <extensions>
          <ns3:TrackPointExtension>
            <ns3:hr>128</ns3:hr>
            <ns3:cad>85</ns3:cad>
          </ns3:TrackPointExtension>
        </extensions>
      </trkpt>
      <trkpt lat="37.51785549335181713104248046875" lon="127.124854959547519683837890625">
        <ele>27.200000762939453125</ele>
        <time>2026-05-24T00:38:14.000Z</time>
        <extensions>
          <ns3:TrackPointExtension>
            <ns3:hr>128</ns3:hr>
            <ns3:cad>85</ns3:cad>
          </ns3:TrackPointExtension>
        </extensions>
      </trkpt>
      <trkpt lat="37.51785633154213428497314453125" lon="127.12489142082631587982177734375">
        <ele>27</ele>
        <time>2026-05-24T00:38:15.000Z</time>
        <extensions>
          <ns3:TrackPointExtension>
            <ns3:hr>127</ns3:hr>
            <ns3:cad>85</ns3:cad>
          </ns3:TrackPointExtension>
        </extensions>
      </trkpt>
      <trkpt lat="37.51785968430340290069580078125" lon="127.12491136975586414337158203125">
        <ele>27</ele>
        <time>2026-05-24T00:38:16.000Z</time>
        <extensions>
          <ns3:TrackPointExtension>
            <ns3:hr>128</ns3:hr>
            <ns3:cad>85</ns3:cad>
          </ns3:TrackPointExtension>
        </extensions>
      </trkpt>
      <trkpt lat="37.51786597073078155517578125" lon="127.124950848519802093505859375">
        <ele>26.799999237060546875</ele>
        <time>2026-05-24T00:38:17.000Z</time>
        <extensions>
          <ns3:TrackPointExtension>
            <ns3:hr>128</ns3:hr>
            <ns3:cad>85</ns3:cad>
          </ns3:TrackPointExtension>
        </extensions>
      </trkpt>
      <trkpt lat="37.5178728438913822174072265625" lon="127.12498026899993419647216796875">
        <ele>26.799999237060546875</ele>
        <time>2026-05-24T00:38:18.000Z</time>
        <extensions>
          <ns3:TrackPointExtension>
            <ns3:hr>128</ns3:hr>
            <ns3:cad>85</ns3:cad>
          </ns3:TrackPointExtension>
        </extensions>
      </trkpt>
      <trkpt lat="37.51787535846233367919921875" lon="127.12501480244100093841552734375">
        <ele>26.799999237060546875</ele>
        <time>2026-05-24T00:38:19.000Z</time>
        <extensions>
          <ns3:TrackPointExtension>
            <ns3:hr>128</ns3:hr>
            <ns3:cad>85</ns3:cad>
          </ns3:TrackPointExtension>
        </extensions>
      </trkpt>
      <trkpt lat="37.51787996850907802581787109375" lon="127.12504749186336994171142578125">
        <ele>26.799999237060546875</ele>
        <time>2026-05-24T00:38:20.000Z</time>
        <extensions>
          <ns3:TrackPointExtension>
            <ns3:hr>129</ns3:hr>
            <ns3:cad>85</ns3:cad>
          </ns3:TrackPointExtension>
        </extensions>
      </trkpt>
      <trkpt lat="37.517883740365505218505859375" lon="127.1250717155635356903076171875">
        <ele>26.799999237060546875</ele>
        <time>2026-05-24T00:38:21.000Z</time>
        <extensions>
          <ns3:TrackPointExtension>
            <ns3:hr>129</ns3:hr>
            <ns3:cad>85</ns3:cad>
          </ns3:TrackPointExtension>
        </extensions>
      </trkpt>
      <trkpt lat="37.51789086498320102691650390625" lon="127.12510968558490276336669921875">
        <ele>27</ele>
        <time>2026-05-24T00:38:22.000Z</time>
        <extensions>
          <ns3:TrackPointExtension>
            <ns3:hr>129</ns3:hr>
            <ns3:cad>85</ns3:cad>
          </ns3:TrackPointExtension>
        </extensions>
      </trkpt>
      <trkpt lat="37.5179006718099117279052734375" lon="127.1251340769231319427490234375">
        <ele>27</ele>
        <time>2026-05-24T00:38:23.000Z</time>
        <extensions>
          <ns3:TrackPointExtension>
            <ns3:hr>128</ns3:hr>
            <ns3:cad>85</ns3:cad>
          </ns3:TrackPointExtension>
        </extensions>
      </trkpt>
      <trkpt lat="37.517909891903400421142578125" lon="127.12516265921294689178466796875">
        <ele>27</ele>
        <time>2026-05-24T00:38:24.000Z</time>
        <extensions>
          <ns3:TrackPointExtension>
            <ns3:hr>129</ns3:hr>
            <ns3:cad>84</ns3:cad>
          </ns3:TrackPointExtension>
        </extensions>
      </trkpt>
      <trkpt lat="37.51791265793144702911376953125" lon="127.12519233115017414093017578125">
        <ele>27</ele>
        <time>2026-05-24T00:38:25.000Z</time>
        <extensions>
          <ns3:TrackPointExtension>
            <ns3:hr>129</ns3:hr>
            <ns3:cad>84</ns3:cad>
          </ns3:TrackPointExtension>
        </extensions>
      </trkpt>
      <trkpt lat="37.51791827380657196044921875" lon="127.12521605193614959716796875">
        <ele>26.799999237060546875</ele>
        <time>2026-05-24T00:38:26.000Z</time>
        <extensions>
          <ns3:TrackPointExtension>
            <ns3:hr>128</ns3:hr>
            <ns3:cad>84</ns3:cad>
          </ns3:TrackPointExtension>
        </extensions>
      </trkpt>
      <trkpt lat="37.517919279634952545166015625" lon="127.12525418959558010101318359375">
        <ele>26.799999237060546875</ele>
        <time>2026-05-24T00:38:27.000Z</time>
        <extensions>
          <ns3:TrackPointExtension>
            <ns3:hr>129</ns3:hr>
            <ns3:cad>84</ns3:cad>
          </ns3:TrackPointExtension>
        </extensions>
      </trkpt>
      <trkpt lat="37.51792372204363346099853515625" lon="127.12527916766703128814697265625">
        <ele>26.799999237060546875</ele>
        <time>2026-05-24T00:38:28.000Z</time>
        <extensions>
          <ns3:TrackPointExtension>
            <ns3:hr>129</ns3:hr>
            <ns3:cad>84</ns3:cad>
          </ns3:TrackPointExtension>
        </extensions>
      </trkpt>
      <trkpt lat="37.5179244764149188995361328125" lon="127.1253090910613536834716796875">
        <ele>26.799999237060546875</ele>
        <time>2026-05-24T00:38:29.000Z</time>
        <extensions>
          <ns3:TrackPointExtension>
            <ns3:hr>128</ns3:hr>
            <ns3:cad>84</ns3:cad>
          </ns3:TrackPointExtension>
        </extensions>
      </trkpt>
      <trkpt lat="37.51792900264263153076171875" lon="127.12534102611243724822998046875">
        <ele>26.799999237060546875</ele>
        <time>2026-05-24T00:38:30.000Z</time>
        <extensions>
          <ns3:TrackPointExtension>
            <ns3:hr>129</ns3:hr>
            <ns3:cad>84</ns3:cad>
          </ns3:TrackPointExtension>
        </extensions>
      </trkpt>
      <trkpt lat="37.51793570816516876220703125" lon="127.12536248378455638885498046875">
        <ele>26.799999237060546875</ele>
        <time>2026-05-24T00:38:31.000Z</time>
        <extensions>
          <ns3:TrackPointExtension>
            <ns3:hr>129</ns3:hr>
            <ns3:cad>84</ns3:cad>
          </ns3:TrackPointExtension>
        </extensions>
      </trkpt>
      <trkpt lat="37.517937719821929931640625" lon="127.12540573440492153167724609375">
        <ele>26.799999237060546875</ele>
        <time>2026-05-24T00:38:32.000Z</time>
        <extensions>
          <ns3:TrackPointExtension>
            <ns3:hr>129</ns3:hr>
            <ns3:cad>84</ns3:cad>
          </ns3:TrackPointExtension>
        </extensions>
      </trkpt>
      <trkpt lat="37.5179469399154186248779296875" lon="127.1254257671535015106201171875">
        <ele>26.799999237060546875</ele>
        <time>2026-05-24T00:38:33.000Z</time>
        <extensions>
          <ns3:TrackPointExtension>
            <ns3:hr>128</ns3:hr>
            <ns3:cad>84</ns3:cad>
          </ns3:TrackPointExtension>
        </extensions>
      </trkpt>
      <trkpt lat="37.51795993186533451080322265625" lon="127.1254594624042510986328125">
        <ele>26.799999237060546875</ele>
        <time>2026-05-24T00:38:34.000Z</time>
        <extensions>
          <ns3:TrackPointExtension>
            <ns3:hr>129</ns3:hr>
            <ns3:cad>84</ns3:cad>
          </ns3:TrackPointExtension>
        </extensions>
      </trkpt>
      <trkpt lat="37.5179685652256011962890625" lon="127.12548905052244663238525390625">
        <ele>26.799999237060546875</ele>
        <time>2026-05-24T00:38:35.000Z</time>
        <extensions>
          <ns3:TrackPointExtension>
            <ns3:hr>129</ns3:hr>
            <ns3:cad>84</ns3:cad>
          </ns3:TrackPointExtension>
        </extensions>
      </trkpt>
      <trkpt lat="37.51797904260456562042236328125" lon="127.12551503442227840423583984375">
        <ele>26.799999237060546875</ele>
        <time>2026-05-24T00:38:36.000Z</time>
        <extensions>
          <ns3:TrackPointExtension>
            <ns3:hr>128</ns3:hr>
            <ns3:cad>84</ns3:cad>
          </ns3:TrackPointExtension>
        </extensions>
      </trkpt>
      <trkpt lat="37.5179834850132465362548828125" lon="127.12555359117686748504638671875">
        <ele>26.799999237060546875</ele>
        <time>2026-05-24T00:38:37.000Z</time>
        <extensions>
          <ns3:TrackPointExtension>
            <ns3:hr>129</ns3:hr>
            <ns3:cad>84</ns3:cad>
          </ns3:TrackPointExtension>
        </extensions>
      </trkpt>
      <trkpt lat="37.5179915316402912139892578125" lon="127.12557689286768436431884765625">
        <ele>26.799999237060546875</ele>
        <time>2026-05-24T00:38:38.000Z</time>
        <extensions>
          <ns3:TrackPointExtension>
            <ns3:hr>129</ns3:hr>
            <ns3:cad>84</ns3:cad>
          </ns3:TrackPointExtension>
        </extensions>
      </trkpt>
      <trkpt lat="37.5179958902299404144287109375" lon="127.12562550790607929229736328125">
        <ele>26.799999237060546875</ele>
        <time>2026-05-24T00:38:39.000Z</time>
        <extensions>
          <ns3:TrackPointExtension>
            <ns3:hr>128</ns3:hr>
            <ns3:cad>84</ns3:cad>
          </ns3:TrackPointExtension>
        </extensions>
      </trkpt>
      <trkpt lat="37.51800150610506534576416015625" lon="127.12565417401492595672607421875">
        <ele>26.799999237060546875</ele>
        <time>2026-05-24T00:38:40.000Z</time>
        <extensions>
          <ns3:TrackPointExtension>
            <ns3:hr>129</ns3:hr>
            <ns3:cad>84</ns3:cad>
          </ns3:TrackPointExtension>
        </extensions>
      </trkpt>
      <trkpt lat="37.51800653524696826934814453125" lon="127.1256909705698490142822265625">
        <ele>26.799999237060546875</ele>
        <time>2026-05-24T00:38:41.000Z</time>
        <extensions>
          <ns3:TrackPointExtension>
            <ns3:hr>129</ns3:hr>
            <ns3:cad>84</ns3:cad>
          </ns3:TrackPointExtension>
        </extensions>
      </trkpt>
      <trkpt lat="37.5180089659988880157470703125" lon="127.12572659365832805633544921875">
        <ele>26.799999237060546875</ele>
        <time>2026-05-24T00:38:42.000Z</time>
        <extensions>
          <ns3:TrackPointExtension>
            <ns3:hr>128</ns3:hr>
            <ns3:cad>84</ns3:cad>
          </ns3:TrackPointExtension>
        </extensions>
      </trkpt>
      <trkpt lat="37.51801642589271068572998046875" lon="127.12575006298720836639404296875">
        <ele>26.799999237060546875</ele>
        <time>2026-05-24T00:38:43.000Z</time>
        <extensions>
          <ns3:TrackPointExtension>
            <ns3:hr>129</ns3:hr>
            <ns3:cad>84</ns3:cad>
          </ns3:TrackPointExtension>
        </extensions>
      </trkpt>
      <trkpt lat="37.51802581362426280975341796875" lon="127.1257861889898777008056640625">
        <ele>26.799999237060546875</ele>
        <time>2026-05-24T00:38:44.000Z</time>
        <extensions>
          <ns3:TrackPointExtension>
            <ns3:hr>129</ns3:hr>
            <ns3:cad>84</ns3:cad>
          </ns3:TrackPointExtension>
        </extensions>
      </trkpt>
      <trkpt lat="37.518031932413578033447265625" lon="127.1258052997291088104248046875">
        <ele>26.799999237060546875</ele>
        <time>2026-05-24T00:38:45.000Z</time>
        <extensions>
          <ns3:TrackPointExtension>
            <ns3:hr>128</ns3:hr>
            <ns3:cad>84</ns3:cad>
          </ns3:TrackPointExtension>
        </extensions>
      </trkpt>
      <trkpt lat="37.5180461816489696502685546875" lon="127.12583539076149463653564453125">
        <ele>26.799999237060546875</ele>
        <time>2026-05-24T00:38:46.000Z</time>
        <extensions>
          <ns3:TrackPointExtension>
            <ns3:hr>129</ns3:hr>
            <ns3:cad>84</ns3:cad>
          </ns3:TrackPointExtension>
        </extensions>
      </trkpt>
      <trkpt lat="37.51805598847568035125732421875" lon="127.125860787928104400634765625">
        <ele>26.799999237060546875</ele>
        <time>2026-05-24T00:38:47.000Z</time>
        <extensions>
          <ns3:TrackPointExtension>
            <ns3:hr>129</ns3:hr>
            <ns3:cad>84</ns3:cad>
          </ns3:TrackPointExtension>
        </extensions>
      </trkpt>
      <trkpt lat="37.518070153892040252685546875" lon="127.125881575047969818115234375">
        <ele>26.799999237060546875</ele>
        <time>2026-05-24T00:38:48.000Z</time>
        <extensions>
          <ns3:TrackPointExtension>
            <ns3:hr>128</ns3:hr>
            <ns3:cad>84</ns3:cad>
          </ns3:TrackPointExtension>
        </extensions>
      </trkpt>
      <trkpt lat="37.51808457076549530029296875" lon="127.12592004798352718353271484375">
        <ele>26.799999237060546875</ele>
        <time>2026-05-24T00:38:49.000Z</time>
        <extensions>
          <ns3:TrackPointExtension>
            <ns3:hr>129</ns3:hr>
            <ns3:cad>84</ns3:cad>
          </ns3:TrackPointExtension>
        </extensions>
      </trkpt>
      <trkpt lat="37.5180931203067302703857421875" lon="127.12594217620790004730224609375">
        <ele>26.799999237060546875</ele>
        <time>2026-05-24T00:38:50.000Z</time>
        <extensions>
          <ns3:TrackPointExtension>
            <ns3:hr>129</ns3:hr>
            <ns3:cad>85</ns3:cad>
          </ns3:TrackPointExtension>
        </extensions>
      </trkpt>
      <trkpt lat="37.51809907145798206329345703125" lon="127.12597905658185482025146484375">
        <ele>26.799999237060546875</ele>
        <time>2026-05-24T00:38:51.000Z</time>
        <extensions>
          <ns3:TrackPointExtension>
            <ns3:hr>128</ns3:hr>
            <ns3:cad>85</ns3:cad>
          </ns3:TrackPointExtension>
        </extensions>
      </trkpt>
      <trkpt lat="37.51810493879020214080810546875" lon="127.12601291947066783905029296875">
        <ele>27</ele>
        <time>2026-05-24T00:38:52.000Z</time>
        <extensions>
          <ns3:TrackPointExtension>
            <ns3:hr>129</ns3:hr>
            <ns3:cad>84</ns3:cad>
          </ns3:TrackPointExtension>
        </extensions>
      </trkpt>
      <trkpt lat="37.5181129015982151031494140625" lon="127.12603370659053325653076171875">
        <ele>26.799999237060546875</ele>
        <time>2026-05-24T00:38:53.000Z</time>
        <extensions>
          <ns3:TrackPointExtension>
            <ns3:hr>128</ns3:hr>
            <ns3:cad>84</ns3:cad>
          </ns3:TrackPointExtension>
        </extensions>
      </trkpt>
      <trkpt lat="37.518120445311069488525390625" lon="127.12607243098318576812744140625">
        <ele>26.799999237060546875</ele>
        <time>2026-05-24T00:38:54.000Z</time>
        <extensions>
          <ns3:TrackPointExtension>
            <ns3:hr>128</ns3:hr>
            <ns3:cad>83</ns3:cad>
          </ns3:TrackPointExtension>
        </extensions>
      </trkpt>
      <trkpt lat="37.5181310065090656280517578125" lon="127.12608735077083110809326171875">
        <ele>26.799999237060546875</ele>
        <time>2026-05-24T00:38:55.000Z</time>
        <extensions>
          <ns3:TrackPointExtension>
            <ns3:hr>128</ns3:hr>
            <ns3:cad>84</ns3:cad>
          </ns3:TrackPointExtension>
        </extensions>
      </trkpt>
      <trkpt lat="37.51814014278352260589599609375" lon="127.12612389586865901947021484375">
        <ele>26.799999237060546875</ele>
        <time>2026-05-24T00:38:56.000Z</time>
        <extensions>
          <ns3:TrackPointExtension>
            <ns3:hr>128</ns3:hr>
            <ns3:cad>84</ns3:cad>
          </ns3:TrackPointExtension>
        </extensions>
      </trkpt>
      <trkpt lat="37.5181494466960430145263671875" lon="127.12615507654845714569091796875">
        <ele>26.799999237060546875</ele>
        <time>2026-05-24T00:38:57.000Z</time>
        <extensions>
          <ns3:TrackPointExtension>
            <ns3:hr>129</ns3:hr>
            <ns3:cad>84</ns3:cad>
          </ns3:TrackPointExtension>
        </extensions>
      </trkpt>
      <trkpt lat="37.518160343170166015625" lon="127.1261798031628131866455078125">
        <ele>26.799999237060546875</ele>
        <time>2026-05-24T00:38:58.000Z</time>
        <extensions>
          <ns3:TrackPointExtension>
            <ns3:hr>128</ns3:hr>
            <ns3:cad>84</ns3:cad>
          </ns3:TrackPointExtension>
        </extensions>
      </trkpt>
      <trkpt lat="37.5181705690920352935791015625" lon="127.12621358223259449005126953125">
        <ele>26.799999237060546875</ele>
        <time>2026-05-24T00:38:59.000Z</time>
        <extensions>
          <ns3:TrackPointExtension>
            <ns3:hr>128</ns3:hr>
            <ns3:cad>84</ns3:cad>
          </ns3:TrackPointExtension>
        </extensions>
      </trkpt>
      <trkpt lat="37.5181812979280948638916015625" lon="127.1262277476489543914794921875">
        <ele>26.799999237060546875</ele>
        <time>2026-05-24T00:39:00.000Z</time>
        <extensions>
          <ns3:TrackPointExtension>
            <ns3:hr>128</ns3:hr>
            <ns3:cad>84</ns3:cad>
          </ns3:TrackPointExtension>
        </extensions>
      </trkpt>
      <trkpt lat="37.518195547163486480712890625" lon="127.12625783868134021759033203125">
        <ele>26.799999237060546875</ele>
        <time>2026-05-24T00:39:01.000Z</time>
        <extensions>
          <ns3:TrackPointExtension>
            <ns3:hr>128</ns3:hr>
            <ns3:cad>84</ns3:cad>
          </ns3:TrackPointExtension>
        </extensions>
      </trkpt>
      <trkpt lat="37.51821189187467098236083984375" lon="127.126277200877666473388671875">
        <ele>27</ele>
        <time>2026-05-24T00:39:02.000Z</time>
        <extensions>
          <ns3:TrackPointExtension>
            <ns3:hr>128</ns3:hr>
            <ns3:cad>85</ns3:cad>
          </ns3:TrackPointExtension>
        </extensions>
      </trkpt>
      <trkpt lat="37.51823075115680694580078125" lon="127.1262847445905208587646484375">
        <ele>27</ele>
        <time>2026-05-24T00:39:03.000Z</time>
        <extensions>
          <ns3:TrackPointExtension>
            <ns3:hr>128</ns3:hr>
            <ns3:cad>85</ns3:cad>
          </ns3:TrackPointExtension>
        </extensions>
      </trkpt>
      <trkpt lat="37.51825966872274875640869140625" lon="127.12629153393208980560302734375">
        <ele>26.799999237060546875</ele>
        <time>2026-05-24T00:39:04.000Z</time>
        <extensions>
          <ns3:TrackPointExtension>
            <ns3:hr>128</ns3:hr>
            <ns3:cad>84</ns3:cad>
          </ns3:TrackPointExtension>
        </extensions>
      </trkpt>
      <trkpt lat="37.51827810890972614288330078125" lon="127.12629522196948528289794921875">
        <ele>26.799999237060546875</ele>
        <time>2026-05-24T00:39:05.000Z</time>
        <extensions>
          <ns3:TrackPointExtension>
            <ns3:hr>128</ns3:hr>
            <ns3:cad>84</ns3:cad>
          </ns3:TrackPointExtension>
        </extensions>
      </trkpt>
      <trkpt lat="37.51830694265663623809814453125" lon="127.1263125725090503692626953125">
        <ele>26.799999237060546875</ele>
        <time>2026-05-24T00:39:06.000Z</time>
        <extensions>
          <ns3:TrackPointExtension>
            <ns3:hr>128</ns3:hr>
            <ns3:cad>83</ns3:cad>
          </ns3:TrackPointExtension>
        </extensions>
      </trkpt>
      <trkpt lat="37.5183274783194065093994140625" lon="127.126324474811553955078125">
        <ele>26.6000003814697265625</ele>
        <time>2026-05-24T00:39:07.000Z</time>
        <extensions>
          <ns3:TrackPointExtension>
            <ns3:hr>127</ns3:hr>
            <ns3:cad>83</ns3:cad>
          </ns3:TrackPointExtension>
        </extensions>
      </trkpt>
      <trkpt lat="37.51835237257182598114013671875" lon="127.1263338625431060791015625">
        <ele>26.6000003814697265625</ele>
        <time>2026-05-24T00:39:08.000Z</time>
        <extensions>
          <ns3:TrackPointExtension>
            <ns3:hr>128</ns3:hr>
            <ns3:cad>83</ns3:cad>
          </ns3:TrackPointExtension>
        </extensions>
      </trkpt>
      <trkpt lat="37.51837802119553089141845703125" lon="127.1263553202152252197265625">
        <ele>26.799999237060546875</ele>
        <time>2026-05-24T00:39:09.000Z</time>
        <extensions>
          <ns3:TrackPointExtension>
            <ns3:hr>128</ns3:hr>
            <ns3:cad>84</ns3:cad>
          </ns3:TrackPointExtension>
        </extensions>
      </trkpt>
      <trkpt lat="37.51839947886765003204345703125" lon="127.1263588406145572662353515625">
        <ele>26.799999237060546875</ele>
        <time>2026-05-24T00:39:10.000Z</time>
        <extensions>
          <ns3:TrackPointExtension>
            <ns3:hr>127</ns3:hr>
            <ns3:cad>84</ns3:cad>
          </ns3:TrackPointExtension>
        </extensions>
      </trkpt>
      <trkpt lat="37.5184334255754947662353515625" lon="127.12637702934443950653076171875">
        <ele>26.6000003814697265625</ele>
        <time>2026-05-24T00:39:11.000Z</time>
        <extensions>
          <ns3:TrackPointExtension>
            <ns3:hr>127</ns3:hr>
            <ns3:cad>84</ns3:cad>
          </ns3:TrackPointExtension>
        </extensions>
      </trkpt>
      <trkpt lat="37.51845873892307281494140625" lon="127.12638775818049907684326171875">
        <ele>26.6000003814697265625</ele>
        <time>2026-05-24T00:39:12.000Z</time>
        <extensions>
          <ns3:TrackPointExtension>
            <ns3:hr>127</ns3:hr>
            <ns3:cad>84</ns3:cad>
          </ns3:TrackPointExtension>
        </extensions>
      </trkpt>
      <trkpt lat="37.51848958432674407958984375" lon="127.12639982812106609344482421875">
        <ele>26.6000003814697265625</ele>
        <time>2026-05-24T00:39:13.000Z</time>
        <extensions>
          <ns3:TrackPointExtension>
            <ns3:hr>128</ns3:hr>
            <ns3:cad>84</ns3:cad>
          </ns3:TrackPointExtension>
        </extensions>
      </trkpt>
      <trkpt lat="37.51851464621722698211669921875" lon="127.126410640776157379150390625">
        <ele>26.3999996185302734375</ele>
        <time>2026-05-24T00:39:14.000Z</time>
        <extensions>
          <ns3:TrackPointExtension>
            <ns3:hr>127</ns3:hr>
            <ns3:cad>84</ns3:cad>
          </ns3:TrackPointExtension>
        </extensions>
      </trkpt>
      <trkpt lat="37.51853694207966327667236328125" lon="127.12641642428934574127197265625">
        <ele>26.3999996185302734375</ele>
        <time>2026-05-24T00:39:15.000Z</time>
        <extensions>
          <ns3:TrackPointExtension>
            <ns3:hr>128</ns3:hr>
            <ns3:cad>86</ns3:cad>
          </ns3:TrackPointExtension>
        </extensions>
      </trkpt>
      <trkpt lat="37.51857097260653972625732421875" lon="127.12642413564026355743408203125">
        <ele>26.3999996185302734375</ele>
        <time>2026-05-24T00:39:16.000Z</time>
        <extensions>
          <ns3:TrackPointExtension>
            <ns3:hr>128</ns3:hr>
            <ns3:cad>86</ns3:cad>
          </ns3:TrackPointExtension>
        </extensions>
      </trkpt>
      <trkpt lat="37.51859142445027828216552734375" lon="127.12642665021121501922607421875">
        <ele>26.6000003814697265625</ele>
        <time>2026-05-24T00:39:17.000Z</time>
        <extensions>
          <ns3:TrackPointExtension>
            <ns3:hr>128</ns3:hr>
            <ns3:cad>85</ns3:cad>
          </ns3:TrackPointExtension>
        </extensions>
      </trkpt>
      <trkpt lat="37.51862243749201297760009765625" lon="127.12643553502857685089111328125">
        <ele>26.6000003814697265625</ele>
        <time>2026-05-24T00:39:18.000Z</time>
        <extensions>
          <ns3:TrackPointExtension>
            <ns3:hr>127</ns3:hr>
            <ns3:cad>85</ns3:cad>
          </ns3:TrackPointExtension>
        </extensions>
      </trkpt>
      <trkpt lat="37.5186466611921787261962890625" lon="127.12643888778984546661376953125">
        <ele>26.6000003814697265625</ele>
        <time>2026-05-24T00:39:19.000Z</time>
        <extensions>
          <ns3:TrackPointExtension>
            <ns3:hr>128</ns3:hr>
            <ns3:cad>85</ns3:cad>
          </ns3:TrackPointExtension>
        </extensions>
      </trkpt>
      <trkpt lat="37.518671639263629913330078125" lon="127.1264433301985263824462890625">
        <ele>26.6000003814697265625</ele>
        <time>2026-05-24T00:39:20.000Z</time>
        <extensions>
          <ns3:TrackPointExtension>
            <ns3:hr>128</ns3:hr>
            <ns3:cad>85</ns3:cad>
          </ns3:TrackPointExtension>
        </extensions>
      </trkpt>
      <trkpt lat="37.518703825771808624267578125" lon="127.1264554001390933990478515625">
        <ele>26.6000003814697265625</ele>
        <time>2026-05-24T00:39:21.000Z</time>
        <extensions>
          <ns3:TrackPointExtension>
            <ns3:hr>127</ns3:hr>
            <ns3:cad>85</ns3:cad>
          </ns3:TrackPointExtension>
        </extensions>
      </trkpt>
      <trkpt lat="37.5187170691788196563720703125" lon="127.1264557354152202606201171875">
        <ele>26.6000003814697265625</ele>
        <time>2026-05-24T00:39:22.000Z</time>
        <extensions>
          <ns3:TrackPointExtension>
            <ns3:hr>128</ns3:hr>
            <ns3:cad>84</ns3:cad>
          </ns3:TrackPointExtension>
        </extensions>
      </trkpt>
      <trkpt lat="37.51873902976512908935546875" lon="127.1264500357210636138916015625">
        <ele>26.6000003814697265625</ele>
        <time>2026-05-24T00:39:23.000Z</time>
        <extensions>
          <ns3:TrackPointExtension>
            <ns3:hr>128</ns3:hr>
            <ns3:cad>84</ns3:cad>
          </ns3:TrackPointExtension>
        </extensions>
      </trkpt>
      <trkpt lat="37.51876057125627994537353515625" lon="127.12645565159618854522705078125">
        <ele>26.6000003814697265625</ele>
        <time>2026-05-24T00:39:24.000Z</time>
        <extensions>
          <ns3:TrackPointExtension>
            <ns3:hr>128</ns3:hr>
            <ns3:cad>84</ns3:cad>
          </ns3:TrackPointExtension>
        </extensions>
      </trkpt>
      <trkpt lat="37.51877984963357448577880859375" lon="127.12645380757749080657958984375">
        <ele>26.6000003814697265625</ele>
        <time>2026-05-24T00:39:25.000Z</time>
        <extensions>
          <ns3:TrackPointExtension>
            <ns3:hr>128</ns3:hr>
            <ns3:cad>84</ns3:cad>
          </ns3:TrackPointExtension>
        </extensions>
      </trkpt>
      <trkpt lat="37.51881203614175319671630859375" lon="127.126460932195186614990234375">
        <ele>26.6000003814697265625</ele>
        <time>2026-05-24T00:39:26.000Z</time>
        <extensions>
          <ns3:TrackPointExtension>
            <ns3:hr>128</ns3:hr>
            <ns3:cad>84</ns3:cad>
          </ns3:TrackPointExtension>
        </extensions>
      </trkpt>
      <trkpt lat="37.51882980577647686004638671875" lon="127.1264604292809963226318359375">
        <ele>26.6000003814697265625</ele>
        <time>2026-05-24T00:39:27.000Z</time>
        <extensions>
          <ns3:TrackPointExtension>
            <ns3:hr>128</ns3:hr>
            <ns3:cad>83</ns3:cad>
          </ns3:TrackPointExtension>
        </extensions>
      </trkpt>
      <trkpt lat="37.51885662786662578582763671875" lon="127.1264647878706455230712890625">
        <ele>26.6000003814697265625</ele>
        <time>2026-05-24T00:39:28.000Z</time>
        <extensions>
          <ns3:TrackPointExtension>
            <ns3:hr>128</ns3:hr>
            <ns3:cad>83</ns3:cad>
          </ns3:TrackPointExtension>
        </extensions>
      </trkpt>
      <trkpt lat="37.5188843719661235809326171875" lon="127.12647140957415103912353515625">
        <ele>26.6000003814697265625</ele>
        <time>2026-05-24T00:39:29.000Z</time>
        <extensions>
          <ns3:TrackPointExtension>
            <ns3:hr>128</ns3:hr>
            <ns3:cad>84</ns3:cad>
          </ns3:TrackPointExtension>
        </extensions>
      </trkpt>
      <trkpt lat="37.51890473999083042144775390625" lon="127.12646621279418468475341796875">
        <ele>26.6000003814697265625</ele>
        <time>2026-05-24T00:39:30.000Z</time>
        <extensions>
          <ns3:TrackPointExtension>
            <ns3:hr>128</ns3:hr>
            <ns3:cad>84</ns3:cad>
          </ns3:TrackPointExtension>
        </extensions>
      </trkpt>
      <trkpt lat="37.51893809996545314788818359375" lon="127.12646638043224811553955078125">
        <ele>26.6000003814697265625</ele>
        <time>2026-05-24T00:39:31.000Z</time>
        <extensions>
          <ns3:TrackPointExtension>
            <ns3:hr>128</ns3:hr>
            <ns3:cad>84</ns3:cad>
          </ns3:TrackPointExtension>
        </extensions>
      </trkpt>
      <trkpt lat="37.51896156929433345794677734375" lon="127.12646671570837497711181640625">
        <ele>26.6000003814697265625</ele>
        <time>2026-05-24T00:39:32.000Z</time>
        <extensions>
          <ns3:TrackPointExtension>
            <ns3:hr>128</ns3:hr>
            <ns3:cad>84</ns3:cad>
          </ns3:TrackPointExtension>
        </extensions>
      </trkpt>
      <trkpt lat="37.51898721791803836822509765625" lon="127.1264684759080410003662109375">
        <ele>26.6000003814697265625</ele>
        <time>2026-05-24T00:39:33.000Z</time>
        <extensions>
          <ns3:TrackPointExtension>
            <ns3:hr>128</ns3:hr>
            <ns3:cad>83</ns3:cad>
          </ns3:TrackPointExtension>
        </extensions>
      </trkpt>
      <trkpt lat="37.51901370473206043243408203125" lon="127.1264654584228992462158203125">
        <ele>26.6000003814697265625</ele>
        <time>2026-05-24T00:39:34.000Z</time>
        <extensions>
          <ns3:TrackPointExtension>
            <ns3:hr>129</ns3:hr>
            <ns3:cad>83</ns3:cad>
          </ns3:TrackPointExtension>
        </extensions>
      </trkpt>
      <trkpt lat="37.5190375931560993194580078125" lon="127.1264604292809963226318359375">
        <ele>26.6000003814697265625</ele>
        <time>2026-05-24T00:39:35.000Z</time>
        <extensions>
          <ns3:TrackPointExtension>
            <ns3:hr>128</ns3:hr>
            <ns3:cad>83</ns3:cad>
          </ns3:TrackPointExtension>
        </extensions>
      </trkpt>
      <trkpt lat="37.5190664269030094146728515625" lon="127.12646386586129665374755859375">
        <ele>26.6000003814697265625</ele>
        <time>2026-05-24T00:39:36.000Z</time>
        <extensions>
          <ns3:TrackPointExtension>
            <ns3:hr>128</ns3:hr>
            <ns3:cad>84</ns3:cad>
          </ns3:TrackPointExtension>
        </extensions>
      </trkpt>
      <trkpt lat="37.51908645965158939361572265625" lon="127.12646503932774066925048828125">
        <ele>26.6000003814697265625</ele>
        <time>2026-05-24T00:39:37.000Z</time>
        <extensions>
          <ns3:TrackPointExtension>
            <ns3:hr>129</ns3:hr>
            <ns3:cad>83</ns3:cad>
          </ns3:TrackPointExtension>
        </extensions>
      </trkpt>
      <trkpt lat="37.51911093480885028839111328125" lon="127.12645833380520343780517578125">
        <ele>26.6000003814697265625</ele>
        <time>2026-05-24T00:39:38.000Z</time>
        <extensions>
          <ns3:TrackPointExtension>
            <ns3:hr>128</ns3:hr>
            <ns3:cad>84</ns3:cad>
          </ns3:TrackPointExtension>
        </extensions>
      </trkpt>
      <trkpt lat="37.519139014184474945068359375" lon="127.12645095773041248321533203125">
        <ele>26.799999237060546875</ele>
        <time>2026-05-24T00:39:39.000Z</time>
        <extensions>
          <ns3:TrackPointExtension>
            <ns3:hr>128</ns3:hr>
            <ns3:cad>84</ns3:cad>
          </ns3:TrackPointExtension>
        </extensions>
      </trkpt>
      <trkpt lat="37.519163154065608978271484375" lon="127.1264490298926830291748046875">
        <ele>26.799999237060546875</ele>
        <time>2026-05-24T00:39:40.000Z</time>
        <extensions>
          <ns3:TrackPointExtension>
            <ns3:hr>129</ns3:hr>
            <ns3:cad>84</ns3:cad>
          </ns3:TrackPointExtension>
        </extensions>
      </trkpt>
      <trkpt lat="37.5191988609731197357177734375" lon="127.1264513768255710601806640625">
        <ele>26.799999237060546875</ele>
        <time>2026-05-24T00:39:41.000Z</time>
        <extensions>
          <ns3:TrackPointExtension>
            <ns3:hr>128</ns3:hr>
            <ns3:cad>84</ns3:cad>
          </ns3:TrackPointExtension>
        </extensions>
      </trkpt>
      <trkpt lat="37.51922182738780975341796875" lon="127.126450203359127044677734375">
        <ele>26.799999237060546875</ele>
        <time>2026-05-24T00:39:42.000Z</time>
        <extensions>
          <ns3:TrackPointExtension>
            <ns3:hr>128</ns3:hr>
            <ns3:cad>84</ns3:cad>
          </ns3:TrackPointExtension>
        </extensions>
      </trkpt>
      <trkpt lat="37.51924806274473667144775390625" lon="127.1264483593404293060302734375">
        <ele>26.799999237060546875</ele>
        <time>2026-05-24T00:39:43.000Z</time>
        <extensions>
          <ns3:TrackPointExtension>
            <ns3:hr>129</ns3:hr>
            <ns3:cad>84</ns3:cad>
          </ns3:TrackPointExtension>
        </extensions>
      </trkpt>
      <trkpt lat="37.51926968805491924285888671875" lon="127.126451544463634490966796875">
        <ele>26.799999237060546875</ele>
        <time>2026-05-24T00:39:44.000Z</time>
        <extensions>
          <ns3:TrackPointExtension>
            <ns3:hr>128</ns3:hr>
            <ns3:cad>84</ns3:cad>
          </ns3:TrackPointExtension>
        </extensions>
      </trkpt>
      <trkpt lat="37.51928754150867462158203125" lon="127.12645498104393482208251953125">
        <ele>26.6000003814697265625</ele>
        <time>2026-05-24T00:39:45.000Z</time>
        <extensions>
          <ns3:TrackPointExtension>
            <ns3:hr>128</ns3:hr>
            <ns3:cad>83</ns3:cad>
          </ns3:TrackPointExtension>
        </extensions>
      </trkpt>
      <trkpt lat="37.51931696198880672454833984375" lon="127.1264523826539516448974609375">
        <ele>26.799999237060546875</ele>
        <time>2026-05-24T00:39:46.000Z</time>
        <extensions>
          <ns3:TrackPointExtension>
            <ns3:hr>128</ns3:hr>
            <ns3:cad>83</ns3:cad>
          </ns3:TrackPointExtension>
        </extensions>
      </trkpt>
      <trkpt lat="37.5193369947373867034912109375" lon="127.126444838941097259521484375">
        <ele>26.799999237060546875</ele>
        <time>2026-05-24T00:39:47.000Z</time>
        <extensions>
          <ns3:TrackPointExtension>
            <ns3:hr>128</ns3:hr>
            <ns3:cad>83</ns3:cad>
          </ns3:TrackPointExtension>
        </extensions>
      </trkpt>
      <trkpt lat="37.51936557702720165252685546875" lon="127.1264329366385936737060546875">
        <ele>26.799999237060546875</ele>
        <time>2026-05-24T00:39:48.000Z</time>
        <extensions>
          <ns3:TrackPointExtension>
            <ns3:hr>128</ns3:hr>
            <ns3:cad>83</ns3:cad>
          </ns3:TrackPointExtension>
        </extensions>
      </trkpt>
      <trkpt lat="37.519392482936382293701171875" lon="127.1264282427728176116943359375">
        <ele>26.799999237060546875</ele>
        <time>2026-05-24T00:39:49.000Z</time>
        <extensions>
          <ns3:TrackPointExtension>
            <ns3:hr>129</ns3:hr>
            <ns3:cad>83</ns3:cad>
          </ns3:TrackPointExtension>
        </extensions>
      </trkpt>
      <trkpt lat="37.519413270056247711181640625" lon="127.1264248900115489959716796875">
        <ele>26.6000003814697265625</ele>
        <time>2026-05-24T00:39:50.000Z</time>
        <extensions>
          <ns3:TrackPointExtension>
            <ns3:hr>128</ns3:hr>
            <ns3:cad>83</ns3:cad>
          </ns3:TrackPointExtension>
        </extensions>
      </trkpt>
      <trkpt lat="37.51943548209965229034423828125" lon="127.1264342777431011199951171875">
        <ele>26.6000003814697265625</ele>
        <time>2026-05-24T00:39:51.000Z</time>
        <extensions>
          <ns3:TrackPointExtension>
            <ns3:hr>128</ns3:hr>
            <ns3:cad>84</ns3:cad>
          </ns3:TrackPointExtension>
        </extensions>
      </trkpt>
      <trkpt lat="37.5194560177624225616455078125" lon="127.1264379657804965972900390625">
        <ele>26.6000003814697265625</ele>
        <time>2026-05-24T00:39:52.000Z</time>
        <extensions>
          <ns3:TrackPointExtension>
            <ns3:hr>128</ns3:hr>
            <ns3:cad>84</ns3:cad>
          </ns3:TrackPointExtension>
        </extensions>
      </trkpt>
      <trkpt lat="37.5194858573377132415771484375" lon="127.12644316256046295166015625">
        <ele>26.3999996185302734375</ele>
        <time>2026-05-24T00:39:53.000Z</time>
        <extensions>
          <ns3:TrackPointExtension>
            <ns3:hr>128</ns3:hr>
            <ns3:cad>84</ns3:cad>
          </ns3:TrackPointExtension>
        </extensions>
      </trkpt>
      <trkpt lat="37.51951544545590877532958984375" lon="127.12644274346530437469482421875">
        <ele>26.3999996185302734375</ele>
        <time>2026-05-24T00:39:54.000Z</time>
        <extensions>
          <ns3:TrackPointExtension>
            <ns3:hr>128</ns3:hr>
            <ns3:cad>84</ns3:cad>
          </ns3:TrackPointExtension>
        </extensions>
      </trkpt>
      <trkpt lat="37.5195421837270259857177734375" lon="127.126437462866306304931640625">
        <ele>26.6000003814697265625</ele>
        <time>2026-05-24T00:39:55.000Z</time>
        <extensions>
          <ns3:TrackPointExtension>
            <ns3:hr>128</ns3:hr>
            <ns3:cad>85</ns3:cad>
          </ns3:TrackPointExtension>
        </extensions>
      </trkpt>
      <trkpt lat="37.5195817463099956512451171875" lon="127.1264362893998622894287109375">
        <ele>26.6000003814697265625</ele>
        <time>2026-05-24T00:39:56.000Z</time>
        <extensions>
          <ns3:TrackPointExtension>
            <ns3:hr>128</ns3:hr>
            <ns3:cad>85</ns3:cad>
          </ns3:TrackPointExtension>
        </extensions>
      </trkpt>
      <trkpt lat="37.5196045450866222381591796875" lon="127.1264282427728176116943359375">
        <ele>26.6000003814697265625</ele>
        <time>2026-05-24T00:39:57.000Z</time>
        <extensions>
          <ns3:TrackPointExtension>
            <ns3:hr>128</ns3:hr>
            <ns3:cad>85</ns3:cad>
          </ns3:TrackPointExtension>
        </extensions>
      </trkpt>
      <trkpt lat="37.5196384079754352569580078125" lon="127.12642279453575611114501953125">
        <ele>26.6000003814697265625</ele>
        <time>2026-05-24T00:39:58.000Z</time>
        <extensions>
          <ns3:TrackPointExtension>
            <ns3:hr>128</ns3:hr>
            <ns3:cad>85</ns3:cad>
          </ns3:TrackPointExtension>
        </extensions>
      </trkpt>
      <trkpt lat="37.5196632184088230133056640625" lon="127.126415669918060302734375">
        <ele>26.6000003814697265625</ele>
        <time>2026-05-24T00:39:59.000Z</time>
        <extensions>
          <ns3:TrackPointExtension>
            <ns3:hr>128</ns3:hr>
            <ns3:cad>85</ns3:cad>
          </ns3:TrackPointExtension>
        </extensions>
      </trkpt>
      <trkpt lat="37.51969230361282825469970703125" lon="127.1264104731380939483642578125">
        <ele>26.6000003814697265625</ele>
        <time>2026-05-24T00:40:00.000Z</time>
        <extensions>
          <ns3:TrackPointExtension>
            <ns3:hr>128</ns3:hr>
            <ns3:cad>85</ns3:cad>
          </ns3:TrackPointExtension>
        </extensions>
      </trkpt>
      <trkpt lat="37.51972516067326068878173828125" lon="127.12640871293842792510986328125">
        <ele>26.3999996185302734375</ele>
        <time>2026-05-24T00:40:01.000Z</time>
        <extensions>
          <ns3:TrackPointExtension>
            <ns3:hr>128</ns3:hr>
            <ns3:cad>85</ns3:cad>
          </ns3:TrackPointExtension>
        </extensions>
      </trkpt>
      <trkpt lat="37.51974829472601413726806640625" lon="127.12639982812106609344482421875">
        <ele>26.3999996185302734375</ele>
        <time>2026-05-24T00:40:02.000Z</time>
        <extensions>
          <ns3:TrackPointExtension>
            <ns3:hr>128</ns3:hr>
            <ns3:cad>85</ns3:cad>
          </ns3:TrackPointExtension>
        </extensions>
      </trkpt>
      <trkpt lat="37.51978249289095401763916015625" lon="127.12639220058917999267578125">
        <ele>26.3999996185302734375</ele>
        <time>2026-05-24T00:40:03.000Z</time>
        <extensions>
          <ns3:TrackPointExtension>
            <ns3:hr>128</ns3:hr>
            <ns3:cad>85</ns3:cad>
          </ns3:TrackPointExtension>
        </extensions>
      </trkpt>
      <trkpt lat="37.51980043016374111175537109375" lon="127.1263876743614673614501953125">
        <ele>26.3999996185302734375</ele>
        <time>2026-05-24T00:40:04.000Z</time>
        <extensions>
          <ns3:TrackPointExtension>
            <ns3:hr>128</ns3:hr>
            <ns3:cad>85</ns3:cad>
          </ns3:TrackPointExtension>
        </extensions>
      </trkpt>
      <trkpt lat="37.51982926391065120697021484375" lon="127.1263762749731540679931640625">
        <ele>26.3999996185302734375</ele>
        <time>2026-05-24T00:40:05.000Z</time>
        <extensions>
          <ns3:TrackPointExtension>
            <ns3:hr>128</ns3:hr>
            <ns3:cad>85</ns3:cad>
          </ns3:TrackPointExtension>
        </extensions>
      </trkpt>
      <trkpt lat="37.5198568403720855712890625" lon="127.12636780925095081329345703125">
        <ele>26.3999996185302734375</ele>
        <time>2026-05-24T00:40:06.000Z</time>
        <extensions>
          <ns3:TrackPointExtension>
            <ns3:hr>128</ns3:hr>
            <ns3:cad>84</ns3:cad>
          </ns3:TrackPointExtension>
        </extensions>
      </trkpt>
      <trkpt lat="37.5198788009583950042724609375" lon="127.1263514645397663116455078125">
        <ele>26.3999996185302734375</ele>
        <time>2026-05-24T00:40:07.000Z</time>
        <extensions>
          <ns3:TrackPointExtension>
            <ns3:hr>129</ns3:hr>
            <ns3:cad>84</ns3:cad>
          </ns3:TrackPointExtension>
        </extensions>
      </trkpt>
      <trkpt lat="37.51990771852433681488037109375" lon="127.1263531409204006195068359375">
        <ele>26.3999996185302734375</ele>
        <time>2026-05-24T00:40:08.000Z</time>
        <extensions>
          <ns3:TrackPointExtension>
            <ns3:hr>129</ns3:hr>
            <ns3:cad>84</ns3:cad>
          </ns3:TrackPointExtension>
        </extensions>
      </trkpt>
      <trkpt lat="37.51992448233067989349365234375" lon="127.12634450756013393402099609375">
        <ele>26.3999996185302734375</ele>
        <time>2026-05-24T00:40:09.000Z</time>
        <extensions>
          <ns3:TrackPointExtension>
            <ns3:hr>129</ns3:hr>
            <ns3:cad>84</ns3:cad>
          </ns3:TrackPointExtension>
        </extensions>
      </trkpt>
      <trkpt lat="37.51995415426790714263916015625" lon="127.1263373829424381256103515625">
        <ele>26.6000003814697265625</ele>
        <time>2026-05-24T00:40:10.000Z</time>
        <extensions>
          <ns3:TrackPointExtension>
            <ns3:hr>129</ns3:hr>
            <ns3:cad>84</ns3:cad>
          </ns3:TrackPointExtension>
        </extensions>
      </trkpt>
      <trkpt lat="37.5199834071099758148193359375" lon="127.12633260525763034820556640625">
        <ele>26.6000003814697265625</ele>
        <time>2026-05-24T00:40:11.000Z</time>
        <extensions>
          <ns3:TrackPointExtension>
            <ns3:hr>129</ns3:hr>
            <ns3:cad>84</ns3:cad>
          </ns3:TrackPointExtension>
        </extensions>
      </trkpt>
      <trkpt lat="37.5200078822672367095947265625" lon="127.12632221169769763946533203125">
        <ele>26.6000003814697265625</ele>
        <time>2026-05-24T00:40:12.000Z</time>
        <extensions>
          <ns3:TrackPointExtension>
            <ns3:hr>129</ns3:hr>
            <ns3:cad>84</ns3:cad>
          </ns3:TrackPointExtension>
        </extensions>
      </trkpt>
      <trkpt lat="37.5200419127941131591796875" lon="127.12631952948868274688720703125">
        <ele>26.6000003814697265625</ele>
        <time>2026-05-24T00:40:13.000Z</time>
        <extensions>
          <ns3:TrackPointExtension>
            <ns3:hr>129</ns3:hr>
            <ns3:cad>84</ns3:cad>
          </ns3:TrackPointExtension>
        </extensions>
      </trkpt>
      <trkpt lat="37.5200632028281688690185546875" lon="127.12631433270871639251708984375">
        <ele>26.799999237060546875</ele>
        <time>2026-05-24T00:40:14.000Z</time>
        <extensions>
          <ns3:TrackPointExtension>
            <ns3:hr>129</ns3:hr>
            <ns3:cad>83</ns3:cad>
          </ns3:TrackPointExtension>
        </extensions>
      </trkpt>
      <trkpt lat="37.520092539489269256591796875" lon="127.1262941323220729827880859375">
        <ele>26.799999237060546875</ele>
        <time>2026-05-24T00:40:15.000Z</time>
        <extensions>
          <ns3:TrackPointExtension>
            <ns3:hr>130</ns3:hr>
            <ns3:cad>83</ns3:cad>
          </ns3:TrackPointExtension>
        </extensions>
      </trkpt>
      <trkpt lat="37.52012061886489391326904296875" lon="127.1262766979634761810302734375">
        <ele>26.6000003814697265625</ele>
        <time>2026-05-24T00:40:16.000Z</time>
        <extensions>
          <ns3:TrackPointExtension>
            <ns3:hr>130</ns3:hr>
            <ns3:cad>84</ns3:cad>
          </ns3:TrackPointExtension>
        </extensions>
      </trkpt>
      <trkpt lat="37.52014325000345706939697265625" lon="127.12625565938651561737060546875">
        <ele>26.6000003814697265625</ele>
        <time>2026-05-24T00:40:17.000Z</time>
        <extensions>
          <ns3:TrackPointExtension>
            <ns3:hr>131</ns3:hr>
            <ns3:cad>84</ns3:cad>
          </ns3:TrackPointExtension>
        </extensions>
      </trkpt>
      <trkpt lat="37.52016806043684482574462890625" lon="127.126222550868988037109375">
        <ele>26.3999996185302734375</ele>
        <time>2026-05-24T00:40:18.000Z</time>
        <extensions>
          <ns3:TrackPointExtension>
            <ns3:hr>132</ns3:hr>
            <ns3:cad>83</ns3:cad>
          </ns3:TrackPointExtension>
        </extensions>
      </trkpt>
      <trkpt lat="37.5201798789203166961669921875" lon="127.1261958964169025421142578125">
        <ele>26.3999996185302734375</ele>
        <time>2026-05-24T00:40:19.000Z</time>
        <extensions>
          <ns3:TrackPointExtension>
            <ns3:hr>132</ns3:hr>
            <ns3:cad>83</ns3:cad>
          </ns3:TrackPointExtension>
        </extensions>
      </trkpt>
      <trkpt lat="37.520195133984088897705078125" lon="127.12615750730037689208984375">
        <ele>26.3999996185302734375</ele>
        <time>2026-05-24T00:40:20.000Z</time>
        <extensions>
          <ns3:TrackPointExtension>
            <ns3:hr>133</ns3:hr>
            <ns3:cad>83</ns3:cad>
          </ns3:TrackPointExtension>
        </extensions>
      </trkpt>
      <trkpt lat="37.5202040188014507293701171875" lon="127.126129008829593658447265625">
        <ele>26.200000762939453125</ele>
        <time>2026-05-24T00:40:21.000Z</time>
        <extensions>
          <ns3:TrackPointExtension>
            <ns3:hr>133</ns3:hr>
            <ns3:cad>83</ns3:cad>
          </ns3:TrackPointExtension>
        </extensions>
      </trkpt>
      <trkpt lat="37.52021382562816143035888671875" lon="127.1260978281497955322265625">
        <ele>26.200000762939453125</ele>
        <time>2026-05-24T00:40:22.000Z</time>
        <extensions>
          <ns3:TrackPointExtension>
            <ns3:hr>134</ns3:hr>
            <ns3:cad>83</ns3:cad>
          </ns3:TrackPointExtension>
        </extensions>
      </trkpt>
      <trkpt lat="37.5202311761677265167236328125" lon="127.12606362998485565185546875">
        <ele>26.200000762939453125</ele>
        <time>2026-05-24T00:40:23.000Z</time>
        <extensions>
          <ns3:TrackPointExtension>
            <ns3:hr>135</ns3:hr>
            <ns3:cad>84</ns3:cad>
          </ns3:TrackPointExtension>
        </extensions>
      </trkpt>
      <trkpt lat="37.5202403962612152099609375" lon="127.1260376460850238800048828125">
        <ele>26.200000762939453125</ele>
        <time>2026-05-24T00:40:24.000Z</time>
        <extensions>
          <ns3:TrackPointExtension>
            <ns3:hr>136</ns3:hr>
            <ns3:cad>84</ns3:cad>
          </ns3:TrackPointExtension>
        </extensions>
      </trkpt>
      <trkpt lat="37.520254813134670257568359375" lon="127.126006968319416046142578125">
        <ele>26.200000762939453125</ele>
        <time>2026-05-24T00:40:25.000Z</time>
        <extensions>
          <ns3:TrackPointExtension>
            <ns3:hr>136</ns3:hr>
            <ns3:cad>84</ns3:cad>
          </ns3:TrackPointExtension>
        </extensions>
      </trkpt>
      <trkpt lat="37.520267553627490997314453125" lon="127.1259833313524723052978515625">
        <ele>26</ele>
        <time>2026-05-24T00:40:26.000Z</time>
        <extensions>
          <ns3:TrackPointExtension>
            <ns3:hr>136</ns3:hr>
            <ns3:cad>84</ns3:cad>
          </ns3:TrackPointExtension>
        </extensions>
      </trkpt>
      <trkpt lat="37.52027970738708972930908203125" lon="127.12595240212976932525634765625">
        <ele>26</ele>
        <time>2026-05-24T00:40:27.000Z</time>
        <extensions>
          <ns3:TrackPointExtension>
            <ns3:hr>136</ns3:hr>
            <ns3:cad>84</ns3:cad>
          </ns3:TrackPointExtension>
        </extensions>
      </trkpt>
      <trkpt lat="37.52029848285019397735595703125" lon="127.12592440657317638397216796875">
        <ele>26</ele>
        <time>2026-05-24T00:40:28.000Z</time>
        <extensions>
          <ns3:TrackPointExtension>
            <ns3:hr>137</ns3:hr>
            <ns3:cad>84</ns3:cad>
          </ns3:TrackPointExtension>
        </extensions>
      </trkpt>
      <trkpt lat="37.52031357027590274810791015625" lon="127.12590001523494720458984375">
        <ele>26</ele>
        <time>2026-05-24T00:40:29.000Z</time>
        <extensions>
          <ns3:TrackPointExtension>
            <ns3:hr>137</ns3:hr>
            <ns3:cad>84</ns3:cad>
          </ns3:TrackPointExtension>
        </extensions>
      </trkpt>
      <trkpt lat="37.52033117227256298065185546875" lon="127.1258636377751827239990234375">
        <ele>26</ele>
        <time>2026-05-24T00:40:30.000Z</time>
        <extensions>
          <ns3:TrackPointExtension>
            <ns3:hr>137</ns3:hr>
            <ns3:cad>85</ns3:cad>
          </ns3:TrackPointExtension>
        </extensions>
      </trkpt>
      <trkpt lat="37.520348690450191497802734375" lon="127.12584360502660274505615234375">
        <ele>26</ele>
        <time>2026-05-24T00:40:31.000Z</time>
        <extensions>
          <ns3:TrackPointExtension>
            <ns3:hr>137</ns3:hr>
            <ns3:cad>85</ns3:cad>
          </ns3:TrackPointExtension>
        </extensions>
      </trkpt>
      <trkpt lat="37.52037090249359607696533203125" lon="127.12580806575715541839599609375">
        <ele>26</ele>
        <time>2026-05-24T00:40:32.000Z</time>
        <extensions>
          <ns3:TrackPointExtension>
            <ns3:hr>136</ns3:hr>
            <ns3:cad>84</ns3:cad>
          </ns3:TrackPointExtension>
        </extensions>
      </trkpt>
      <trkpt lat="37.520388923585414886474609375" lon="127.12578275240957736968994140625">
        <ele>26</ele>
        <time>2026-05-24T00:40:33.000Z</time>
        <extensions>
          <ns3:TrackPointExtension>
            <ns3:hr>137</ns3:hr>
            <ns3:cad>84</ns3:cad>
          </ns3:TrackPointExtension>
        </extensions>
      </trkpt>
      <trkpt lat="37.5204035080969333648681640625" lon="127.125758193433284759521484375">
        <ele>26</ele>
        <time>2026-05-24T00:40:34.000Z</time>
        <extensions>
          <ns3:TrackPointExtension>
            <ns3:hr>137</ns3:hr>
            <ns3:cad>84</ns3:cad>
          </ns3:TrackPointExtension>
        </extensions>
      </trkpt>
      <trkpt lat="37.5204281508922576904296875" lon="127.12573061697185039520263671875">
        <ele>26</ele>
        <time>2026-05-24T00:40:35.000Z</time>
        <extensions>
          <ns3:TrackPointExtension>
            <ns3:hr>137</ns3:hr>
            <ns3:cad>84</ns3:cad>
          </ns3:TrackPointExtension>
        </extensions>
      </trkpt>
      <trkpt lat="37.520437873899936676025390625" lon="127.125711254775524139404296875">
        <ele>26</ele>
        <time>2026-05-24T00:40:36.000Z</time>
        <extensions>
          <ns3:TrackPointExtension>
            <ns3:hr>137</ns3:hr>
            <ns3:cad>85</ns3:cad>
          </ns3:TrackPointExtension>
        </extensions>
      </trkpt>
      <trkpt lat="37.52045840956270694732666015625" lon="127.1256835944950580596923828125">
        <ele>26</ele>
        <time>2026-05-24T00:40:37.000Z</time>
        <extensions>
          <ns3:TrackPointExtension>
            <ns3:hr>137</ns3:hr>
            <ns3:cad>85</ns3:cad>
          </ns3:TrackPointExtension>
        </extensions>
      </trkpt>
      <trkpt lat="37.5204710662364959716796875" lon="127.12566305883228778839111328125">
        <ele>26</ele>
        <time>2026-05-24T00:40:38.000Z</time>
        <extensions>
          <ns3:TrackPointExtension>
            <ns3:hr>137</ns3:hr>
            <ns3:cad>85</ns3:cad>
          </ns3:TrackPointExtension>
        </extensions>
      </trkpt>
      <trkpt lat="37.52048824913799762725830078125" lon="127.12563875131309032440185546875">
        <ele>26</ele>
        <time>2026-05-24T00:40:39.000Z</time>
        <extensions>
          <ns3:TrackPointExtension>
            <ns3:hr>137</ns3:hr>
            <ns3:cad>85</ns3:cad>
          </ns3:TrackPointExtension>
        </extensions>
      </trkpt>
      <trkpt lat="37.520508952438831329345703125" lon="127.12561704218387603759765625">
        <ele>26</ele>
        <time>2026-05-24T00:40:40.000Z</time>
        <extensions>
          <ns3:TrackPointExtension>
            <ns3:hr>137</ns3:hr>
            <ns3:cad>85</ns3:cad>
          </ns3:TrackPointExtension>
        </extensions>
      </trkpt>
      <trkpt lat="37.52052613534033298492431640625" lon="127.12559935636818408966064453125">
        <ele>25.799999237060546875</ele>
        <time>2026-05-24T00:40:41.000Z</time>
        <extensions>
          <ns3:TrackPointExtension>
            <ns3:hr>137</ns3:hr>
            <ns3:cad>85</ns3:cad>
          </ns3:TrackPointExtension>
        </extensions>
      </trkpt>
      <trkpt lat="37.52054817974567413330078125" lon="127.1255669184029102325439453125">
        <ele>25.799999237060546875</ele>
        <time>2026-05-24T00:40:42.000Z</time>
        <extensions>
          <ns3:TrackPointExtension>
            <ns3:hr>137</ns3:hr>
            <ns3:cad>85</ns3:cad>
          </ns3:TrackPointExtension>
        </extensions>
      </trkpt>
      <trkpt lat="37.5205594114959239959716796875" lon="127.125543616712093353271484375">
        <ele>25.799999237060546875</ele>
        <time>2026-05-24T00:40:43.000Z</time>
        <extensions>
          <ns3:TrackPointExtension>
            <ns3:hr>137</ns3:hr>
            <ns3:cad>85</ns3:cad>
          </ns3:TrackPointExtension>
        </extensions>
      </trkpt>
      <trkpt lat="37.52057894133031368255615234375" lon="127.12550765834748744964599609375">
        <ele>25.799999237060546875</ele>
        <time>2026-05-24T00:40:44.000Z</time>
        <extensions>
          <ns3:TrackPointExtension>
            <ns3:hr>137</ns3:hr>
            <ns3:cad>85</ns3:cad>
          </ns3:TrackPointExtension>
        </extensions>
      </trkpt>
      <trkpt lat="37.52059050835669040679931640625" lon="127.1254830993711948394775390625">
        <ele>25.799999237060546875</ele>
        <time>2026-05-24T00:40:45.000Z</time>
        <extensions>
          <ns3:TrackPointExtension>
            <ns3:hr>138</ns3:hr>
            <ns3:cad>84</ns3:cad>
          </ns3:TrackPointExtension>
        </extensions>
      </trkpt>
      <trkpt lat="37.52060458995401859283447265625" lon="127.1254515834152698516845703125">
        <ele>25.799999237060546875</ele>
        <time>2026-05-24T00:40:46.000Z</time>
        <extensions>
          <ns3:TrackPointExtension>
            <ns3:hr>137</ns3:hr>
            <ns3:cad>84</ns3:cad>
          </ns3:TrackPointExtension>
        </extensions>
      </trkpt>
      <trkpt lat="37.52062235958874225616455078125" lon="127.1254177205264568328857421875">
        <ele>25.6000003814697265625</ele>
        <time>2026-05-24T00:40:47.000Z</time>
        <extensions>
          <ns3:TrackPointExtension>
            <ns3:hr>137</ns3:hr>
            <ns3:cad>85</ns3:cad>
          </ns3:TrackPointExtension>
        </extensions>
      </trkpt>
      <trkpt lat="37.52063560299575328826904296875" lon="127.1254012919962406158447265625">
        <ele>25.6000003814697265625</ele>
        <time>2026-05-24T00:40:48.000Z</time>
        <extensions>
          <ns3:TrackPointExtension>
            <ns3:hr>137</ns3:hr>
            <ns3:cad>85</ns3:cad>
          </ns3:TrackPointExtension>
        </extensions>
      </trkpt>
      <trkpt lat="37.52064197324216365814208984375" lon="127.1253789961338043212890625">
        <ele>25.6000003814697265625</ele>
        <time>2026-05-24T00:40:49.000Z</time>
        <extensions>
          <ns3:TrackPointExtension>
            <ns3:hr>138</ns3:hr>
            <ns3:cad>85</ns3:cad>
          </ns3:TrackPointExtension>
        </extensions>
      </trkpt>
      <trkpt lat="37.52065186388790607452392578125" lon="127.12535686790943145751953125">
        <ele>25.3999996185302734375</ele>
        <time>2026-05-24T00:40:50.000Z</time>
        <extensions>
          <ns3:TrackPointExtension>
            <ns3:hr>137</ns3:hr>
            <ns3:cad>85</ns3:cad>
          </ns3:TrackPointExtension>
        </extensions>
      </trkpt>
      <trkpt lat="37.52065605483949184417724609375" lon="127.12534471414983272552490234375">
        <ele>25.3999996185302734375</ele>
        <time>2026-05-24T00:40:51.000Z</time>
        <extensions>
          <ns3:TrackPointExtension>
            <ns3:hr>137</ns3:hr>
            <ns3:cad>84</ns3:cad>
          </ns3:TrackPointExtension>
        </extensions>
      </trkpt>
      <trkpt lat="37.52066778950393199920654296875" lon="127.12530833669006824493408203125">
        <ele>25.200000762939453125</ele>
        <time>2026-05-24T00:40:52.000Z</time>
        <extensions>
          <ns3:TrackPointExtension>
            <ns3:hr>137</ns3:hr>
            <ns3:cad>84</ns3:cad>
          </ns3:TrackPointExtension>
        </extensions>
      </trkpt>
      <trkpt lat="37.52067734487354755401611328125" lon="127.12529894895851612091064453125">
        <ele>25.200000762939453125</ele>
        <time>2026-05-24T00:40:53.000Z</time>
        <extensions>
          <ns3:TrackPointExtension>
            <ns3:hr>138</ns3:hr>
            <ns3:cad>84</ns3:cad>
          </ns3:TrackPointExtension>
        </extensions>
      </trkpt>
      <trkpt lat="37.52068589441478252410888671875" lon="127.1252769045531749725341796875">
        <ele>25.200000762939453125</ele>
        <time>2026-05-24T00:40:54.000Z</time>
        <extensions>
          <ns3:TrackPointExtension>
            <ns3:hr>137</ns3:hr>
            <ns3:cad>83</ns3:cad>
          </ns3:TrackPointExtension>
        </extensions>
      </trkpt>
      <trkpt lat="37.520698048174381256103515625" lon="127.125243879854679107666015625">
        <ele>25.200000762939453125</ele>
        <time>2026-05-24T00:40:55.000Z</time>
        <extensions>
          <ns3:TrackPointExtension>
            <ns3:hr>137</ns3:hr>
            <ns3:cad>83</ns3:cad>
          </ns3:TrackPointExtension>
        </extensions>
      </trkpt>
      <trkpt lat="37.52070550806820392608642578125" lon="127.12522166781127452850341796875">
        <ele>25.200000762939453125</ele>
        <time>2026-05-24T00:40:56.000Z</time>
        <extensions>
          <ns3:TrackPointExtension>
            <ns3:hr>138</ns3:hr>
            <ns3:cad>82</ns3:cad>
          </ns3:TrackPointExtension>
        </extensions>
      </trkpt>
      <trkpt lat="37.5207193382084369659423828125" lon="127.12519367225468158721923828125">
        <ele>25.200000762939453125</ele>
        <time>2026-05-24T00:40:57.000Z</time>
        <extensions>
          <ns3:TrackPointExtension>
            <ns3:hr>137</ns3:hr>
            <ns3:cad>82</ns3:cad>
          </ns3:TrackPointExtension>
        </extensions>
      </trkpt>
      <trkpt lat="37.5207344256341457366943359375" lon="127.1251696161925792694091796875">
        <ele>25.200000762939453125</ele>
        <time>2026-05-24T00:40:58.000Z</time>
        <extensions>
          <ns3:TrackPointExtension>
            <ns3:hr>137</ns3:hr>
            <ns3:cad>81</ns3:cad>
          </ns3:TrackPointExtension>
        </extensions>
      </trkpt>
      <trkpt lat="37.52074356190860271453857421875" lon="127.12514991872012615203857421875">
        <ele>25.200000762939453125</ele>
        <time>2026-05-24T00:40:59.000Z</time>
        <extensions>
          <ns3:TrackPointExtension>
            <ns3:hr>137</ns3:hr>
            <ns3:cad>81</ns3:cad>
          </ns3:TrackPointExtension>
        </extensions>
      </trkpt>
      <trkpt lat="37.52076409757137298583984375" lon="127.12511437945067882537841796875">
        <ele>25.200000762939453125</ele>
        <time>2026-05-24T00:41:00.000Z</time>
        <extensions>
          <ns3:TrackPointExtension>
            <ns3:hr>137</ns3:hr>
            <ns3:cad>82</ns3:cad>
          </ns3:TrackPointExtension>
        </extensions>
      </trkpt>
      <trkpt lat="37.520775496959686279296875" lon="127.12509292177855968475341796875">
        <ele>25</ele>
        <time>2026-05-24T00:41:01.000Z</time>
        <extensions>
          <ns3:TrackPointExtension>
            <ns3:hr>137</ns3:hr>
            <ns3:cad>82</ns3:cad>
          </ns3:TrackPointExtension>
        </extensions>
      </trkpt>
      <trkpt lat="37.520790584385395050048828125" lon="127.1250579692423343658447265625">
        <ele>24.799999237060546875</ele>
        <time>2026-05-24T00:41:02.000Z</time>
        <extensions>
          <ns3:TrackPointExtension>
            <ns3:hr>137</ns3:hr>
            <ns3:cad>82</ns3:cad>
          </ns3:TrackPointExtension>
        </extensions>
      </trkpt>
      <trkpt lat="37.520808018743991851806640625" lon="127.12502896785736083984375">
        <ele>24.6000003814697265625</ele>
        <time>2026-05-24T00:41:03.000Z</time>
        <extensions>
          <ns3:TrackPointExtension>
            <ns3:hr>136</ns3:hr>
            <ns3:cad>82</ns3:cad>
          </ns3:TrackPointExtension>
        </extensions>
      </trkpt>
      <trkpt lat="37.5208232738077640533447265625" lon="127.12500290013849735260009765625">
        <ele>24.6000003814697265625</ele>
        <time>2026-05-24T00:41:04.000Z</time>
        <extensions>
          <ns3:TrackPointExtension>
            <ns3:hr>136</ns3:hr>
            <ns3:cad>82</ns3:cad>
          </ns3:TrackPointExtension>
        </extensions>
      </trkpt>
      <trkpt lat="37.5208410434424877166748046875" lon="127.12496568448841571807861328125">
        <ele>24.3999996185302734375</ele>
        <time>2026-05-24T00:41:05.000Z</time>
        <extensions>
          <ns3:TrackPointExtension>
            <ns3:hr>136</ns3:hr>
            <ns3:cad>82</ns3:cad>
          </ns3:TrackPointExtension>
        </extensions>
      </trkpt>
      <trkpt lat="37.52085034735500812530517578125" lon="127.1249412931501865386962890625">
        <ele>24.3999996185302734375</ele>
        <time>2026-05-24T00:41:06.000Z</time>
        <extensions>
          <ns3:TrackPointExtension>
            <ns3:hr>136</ns3:hr>
            <ns3:cad>82</ns3:cad>
          </ns3:TrackPointExtension>
        </extensions>
      </trkpt>
      <trkpt lat="37.52086124382913112640380859375" lon="127.1249101124703884124755859375">
        <ele>24.200000762939453125</ele>
        <time>2026-05-24T00:41:07.000Z</time>
        <extensions>
          <ns3:TrackPointExtension>
            <ns3:hr>136</ns3:hr>
            <ns3:cad>82</ns3:cad>
          </ns3:TrackPointExtension>
        </extensions>
      </trkpt>
      <trkpt lat="37.520877756178379058837890625" lon="127.12488169781863689422607421875">
        <ele>24.200000762939453125</ele>
        <time>2026-05-24T00:41:08.000Z</time>
        <extensions>
          <ns3:TrackPointExtension>
            <ns3:hr>137</ns3:hr>
            <ns3:cad>83</ns3:cad>
          </ns3:TrackPointExtension>
        </extensions>
      </trkpt>
      <trkpt lat="37.52088923938572406768798828125" lon="127.12485403753817081451416015625">
        <ele>24</ele>
        <time>2026-05-24T00:41:09.000Z</time>
        <extensions>
          <ns3:TrackPointExtension>
            <ns3:hr>136</ns3:hr>
            <ns3:cad>84</ns3:cad>
          </ns3:TrackPointExtension>
        </extensions>
      </trkpt>
      <trkpt lat="37.520905919373035430908203125" lon="127.12482118047773838043212890625">
        <ele>24</ele>
        <time>2026-05-24T00:41:10.000Z</time>
        <extensions>
          <ns3:TrackPointExtension>
            <ns3:hr>136</ns3:hr>
            <ns3:cad>84</ns3:cad>
          </ns3:TrackPointExtension>
        </extensions>
      </trkpt>
      <trkpt lat="37.52091337926685810089111328125" lon="127.124794609844684600830078125">
        <ele>24</ele>
        <time>2026-05-24T00:41:11.000Z</time>
        <extensions>
          <ns3:TrackPointExtension>
            <ns3:hr>136</ns3:hr>
            <ns3:cad>83</ns3:cad>
          </ns3:TrackPointExtension>
        </extensions>
      </trkpt>
      <trkpt lat="37.52092595212161540985107421875" lon="127.12476183660328388214111328125">
        <ele>24</ele>
        <time>2026-05-24T00:41:12.000Z</time>
        <extensions>
          <ns3:TrackPointExtension>
            <ns3:hr>136</ns3:hr>
            <ns3:cad>83</ns3:cad>
          </ns3:TrackPointExtension>
        </extensions>
      </trkpt>
      <trkpt lat="37.520940788090229034423828125" lon="127.12473585270345211029052734375">
        <ele>24.200000762939453125</ele>
        <time>2026-05-24T00:41:13.000Z</time>
        <extensions>
          <ns3:TrackPointExtension>
            <ns3:hr>135</ns3:hr>
            <ns3:cad>84</ns3:cad>
          </ns3:TrackPointExtension>
        </extensions>
      </trkpt>
      <trkpt lat="37.52094707451760768890380859375" lon="127.12471154518425464630126953125">
        <ele>24.200000762939453125</ele>
        <time>2026-05-24T00:41:14.000Z</time>
        <extensions>
          <ns3:TrackPointExtension>
            <ns3:hr>135</ns3:hr>
            <ns3:cad>84</ns3:cad>
          </ns3:TrackPointExtension>
        </extensions>
      </trkpt>
      <trkpt lat="37.52096400596201419830322265625" lon="127.12467550300061702728271484375">
        <ele>24.200000762939453125</ele>
        <time>2026-05-24T00:41:15.000Z</time>
        <extensions>
          <ns3:TrackPointExtension>
            <ns3:hr>135</ns3:hr>
            <ns3:cad>84</ns3:cad>
          </ns3:TrackPointExtension>
        </extensions>
      </trkpt>
      <trkpt lat="37.52097666263580322265625" lon="127.12465337477624416351318359375">
        <ele>24.200000762939453125</ele>
        <time>2026-05-24T00:41:16.000Z</time>
        <extensions>
          <ns3:TrackPointExtension>
            <ns3:hr>136</ns3:hr>
            <ns3:cad>83</ns3:cad>
          </ns3:TrackPointExtension>
        </extensions>
      </trkpt>
      <trkpt lat="37.5209872238337993621826171875" lon="127.1246234513819217681884765625">
        <ele>24.3999996185302734375</ele>
        <time>2026-05-24T00:41:17.000Z</time>
        <extensions>
          <ns3:TrackPointExtension>
            <ns3:hr>136</ns3:hr>
            <ns3:cad>84</ns3:cad>
          </ns3:TrackPointExtension>
        </extensions>
      </trkpt>
      <trkpt lat="37.52100507728755474090576171875" lon="127.12459218688309192657470703125">
        <ele>24.3999996185302734375</ele>
        <time>2026-05-24T00:41:18.000Z</time>
        <extensions>
          <ns3:TrackPointExtension>
            <ns3:hr>136</ns3:hr>
            <ns3:cad>83</ns3:cad>
          </ns3:TrackPointExtension>
        </extensions>
      </trkpt>
      <trkpt lat="37.521009854972362518310546875" lon="127.124568633735179901123046875">
        <ele>24.3999996185302734375</ele>
        <time>2026-05-24T00:41:19.000Z</time>
        <extensions>
          <ns3:TrackPointExtension>
            <ns3:hr>136</ns3:hr>
            <ns3:cad>83</ns3:cad>
          </ns3:TrackPointExtension>
        </extensions>
      </trkpt>
      <trkpt lat="37.5210254453122615814208984375" lon="127.12453032843768596649169921875">
        <ele>24.3999996185302734375</ele>
        <time>2026-05-24T00:41:20.000Z</time>
        <extensions>
          <ns3:TrackPointExtension>
            <ns3:hr>136</ns3:hr>
            <ns3:cad>83</ns3:cad>
          </ns3:TrackPointExtension>
        </extensions>
      </trkpt>
      <trkpt lat="37.52103223465383052825927734375" lon="127.1245099604129791259765625">
        <ele>24.3999996185302734375</ele>
        <time>2026-05-24T00:41:21.000Z</time>
        <extensions>
          <ns3:TrackPointExtension>
            <ns3:hr>136</ns3:hr>
            <ns3:cad>83</ns3:cad>
          </ns3:TrackPointExtension>
        </extensions>
      </trkpt>
      <trkpt lat="37.52104380168020725250244140625" lon="127.12447836063802242279052734375">
        <ele>24.3999996185302734375</ele>
        <time>2026-05-24T00:41:22.000Z</time>
        <extensions>
          <ns3:TrackPointExtension>
            <ns3:hr>136</ns3:hr>
            <ns3:cad>83</ns3:cad>
          </ns3:TrackPointExtension>
        </extensions>
      </trkpt>
      <trkpt lat="37.52106442116200923919677734375" lon="127.124450616538524627685546875">
        <ele>24.3999996185302734375</ele>
        <time>2026-05-24T00:41:23.000Z</time>
        <extensions>
          <ns3:TrackPointExtension>
            <ns3:hr>136</ns3:hr>
            <ns3:cad>83</ns3:cad>
          </ns3:TrackPointExtension>
        </extensions>
      </trkpt>
      <trkpt lat="37.5210718810558319091796875" lon="127.12443058378994464874267578125">
        <ele>24.3999996185302734375</ele>
        <time>2026-05-24T00:41:24.000Z</time>
        <extensions>
          <ns3:TrackPointExtension>
            <ns3:hr>137</ns3:hr>
            <ns3:cad>84</ns3:cad>
          </ns3:TrackPointExtension>
        </extensions>
      </trkpt>
      <trkpt lat="37.5210931710898876190185546875" lon="127.124394290149211883544921875">
        <ele>24.3999996185302734375</ele>
        <time>2026-05-24T00:41:25.000Z</time>
        <extensions>
          <ns3:TrackPointExtension>
            <ns3:hr>137</ns3:hr>
            <ns3:cad>84</ns3:cad>
          </ns3:TrackPointExtension>
        </extensions>
      </trkpt>
      <trkpt lat="37.52110247500240802764892578125" lon="127.12436939589679241180419921875">
        <ele>24.3999996185302734375</ele>
        <time>2026-05-24T00:41:26.000Z</time>
        <extensions>
          <ns3:TrackPointExtension>
            <ns3:hr>137</ns3:hr>
            <ns3:cad>84</ns3:cad>
          </ns3:TrackPointExtension>
        </extensions>
      </trkpt>
      <trkpt lat="37.5211139582097530364990234375" lon="127.124339640140533447265625">
        <ele>24.6000003814697265625</ele>
        <time>2026-05-24T00:41:27.000Z</time>
        <extensions>
          <ns3:TrackPointExtension>
            <ns3:hr>137</ns3:hr>
            <ns3:cad>84</ns3:cad>
          </ns3:TrackPointExtension>
        </extensions>
      </trkpt>
      <trkpt lat="37.52113030292093753814697265625" lon="127.1243160031735897064208984375">
        <ele>24.6000003814697265625</ele>
        <time>2026-05-24T00:41:28.000Z</time>
        <extensions>
          <ns3:TrackPointExtension>
            <ns3:hr>137</ns3:hr>
            <ns3:cad>84</ns3:cad>
          </ns3:TrackPointExtension>
        </extensions>
      </trkpt>
      <trkpt lat="37.52113650552928447723388671875" lon="127.12429462932050228118896484375">
        <ele>24.6000003814697265625</ele>
        <time>2026-05-24T00:41:29.000Z</time>
        <extensions>
          <ns3:TrackPointExtension>
            <ns3:hr>137</ns3:hr>
            <ns3:cad>84</ns3:cad>
          </ns3:TrackPointExtension>
        </extensions>
      </trkpt>
      <trkpt lat="37.521154023706912994384765625" lon="127.124258838593959808349609375">
        <ele>24.6000003814697265625</ele>
        <time>2026-05-24T00:41:30.000Z</time>
        <extensions>
          <ns3:TrackPointExtension>
            <ns3:hr>137</ns3:hr>
            <ns3:cad>84</ns3:cad>
          </ns3:TrackPointExtension>
        </extensions>
      </trkpt>
      <trkpt lat="37.52116098068654537200927734375" lon="127.12423427961766719818115234375">
        <ele>24.3999996185302734375</ele>
        <time>2026-05-24T00:41:31.000Z</time>
        <extensions>
          <ns3:TrackPointExtension>
            <ns3:hr>137</ns3:hr>
            <ns3:cad>84</ns3:cad>
          </ns3:TrackPointExtension>
        </extensions>
      </trkpt>
      <trkpt lat="37.52118009142577648162841796875" lon="127.12420796044170856475830078125">
        <ele>24.3999996185302734375</ele>
        <time>2026-05-24T00:41:32.000Z</time>
        <extensions>
          <ns3:TrackPointExtension>
            <ns3:hr>137</ns3:hr>
            <ns3:cad>84</ns3:cad>
          </ns3:TrackPointExtension>
        </extensions>
      </trkpt>
      <trkpt lat="37.52120356075465679168701171875" lon="127.12418851442635059356689453125">
        <ele>24.3999996185302734375</ele>
        <time>2026-05-24T00:41:33.000Z</time>
        <extensions>
          <ns3:TrackPointExtension>
            <ns3:hr>137</ns3:hr>
            <ns3:cad>84</ns3:cad>
          </ns3:TrackPointExtension>
        </extensions>
      </trkpt>
      <trkpt lat="37.52122200094163417816162109375" lon="127.12417258881032466888427734375">
        <ele>24.6000003814697265625</ele>
        <time>2026-05-24T00:41:34.000Z</time>
        <extensions>
          <ns3:TrackPointExtension>
            <ns3:hr>137</ns3:hr>
            <ns3:cad>84</ns3:cad>
          </ns3:TrackPointExtension>
        </extensions>
      </trkpt>
      <trkpt lat="37.5212544389069080352783203125" lon="127.12415532208979129791259765625">
        <ele>24.6000003814697265625</ele>
        <time>2026-05-24T00:41:35.000Z</time>
        <extensions>
          <ns3:TrackPointExtension>
            <ns3:hr>137</ns3:hr>
            <ns3:cad>84</ns3:cad>
          </ns3:TrackPointExtension>
        </extensions>
      </trkpt>
      <trkpt lat="37.521272711455821990966796875" lon="127.12413906119763851165771484375">
        <ele>24.6000003814697265625</ele>
        <time>2026-05-24T00:41:36.000Z</time>
        <extensions>
          <ns3:TrackPointExtension>
            <ns3:hr>138</ns3:hr>
            <ns3:cad>84</ns3:cad>
          </ns3:TrackPointExtension>
        </extensions>
      </trkpt>
      <trkpt lat="37.5212998688220977783203125" lon="127.12412045337259769439697265625">
        <ele>24.6000003814697265625</ele>
        <time>2026-05-24T00:41:37.000Z</time>
        <extensions>
          <ns3:TrackPointExtension>
            <ns3:hr>137</ns3:hr>
            <ns3:cad>84</ns3:cad>
          </ns3:TrackPointExtension>
        </extensions>
      </trkpt>
      <trkpt lat="37.52132308669388294219970703125" lon="127.1241081319749355316162109375">
        <ele>24.6000003814697265625</ele>
        <time>2026-05-24T00:41:38.000Z</time>
        <extensions>
          <ns3:TrackPointExtension>
            <ns3:hr>137</ns3:hr>
            <ns3:cad>84</ns3:cad>
          </ns3:TrackPointExtension>
        </extensions>
      </trkpt>
      <trkpt lat="37.52133951522409915924072265625" lon="127.12409488856792449951171875">
        <ele>24.6000003814697265625</ele>
        <time>2026-05-24T00:41:39.000Z</time>
        <extensions>
          <ns3:TrackPointExtension>
            <ns3:hr>137</ns3:hr>
            <ns3:cad>84</ns3:cad>
          </ns3:TrackPointExtension>
        </extensions>
      </trkpt>
      <trkpt lat="37.5213654153048992156982421875" lon="127.1240794658660888671875">
        <ele>24.6000003814697265625</ele>
        <time>2026-05-24T00:41:40.000Z</time>
        <extensions>
          <ns3:TrackPointExtension>
            <ns3:hr>137</ns3:hr>
            <ns3:cad>84</ns3:cad>
          </ns3:TrackPointExtension>
        </extensions>
      </trkpt>
      <trkpt lat="37.52138502895832061767578125" lon="127.12406798265874385833740234375">
        <ele>24.6000003814697265625</ele>
        <time>2026-05-24T00:41:41.000Z</time>
        <extensions>
          <ns3:TrackPointExtension>
            <ns3:hr>137</ns3:hr>
            <ns3:cad>84</ns3:cad>
          </ns3:TrackPointExtension>
        </extensions>
      </trkpt>
      <trkpt lat="37.5214133597910404205322265625" lon="127.124053649604320526123046875">
        <ele>24.6000003814697265625</ele>
        <time>2026-05-24T00:41:42.000Z</time>
        <extensions>
          <ns3:TrackPointExtension>
            <ns3:hr>136</ns3:hr>
            <ns3:cad>84</ns3:cad>
          </ns3:TrackPointExtension>
        </extensions>
      </trkpt>
      <trkpt lat="37.52143456600606441497802734375" lon="127.12404082529246807098388671875">
        <ele>24.6000003814697265625</ele>
        <time>2026-05-24T00:41:43.000Z</time>
        <extensions>
          <ns3:TrackPointExtension>
            <ns3:hr>136</ns3:hr>
            <ns3:cad>84</ns3:cad>
          </ns3:TrackPointExtension>
        </extensions>
      </trkpt>
      <trkpt lat="37.52145283855497837066650390625" lon="127.124024815857410430908203125">
        <ele>24.6000003814697265625</ele>
        <time>2026-05-24T00:41:44.000Z</time>
        <extensions>
          <ns3:TrackPointExtension>
            <ns3:hr>136</ns3:hr>
            <ns3:cad>84</ns3:cad>
          </ns3:TrackPointExtension>
        </extensions>
      </trkpt>
      <trkpt lat="37.5214820913970470428466796875" lon="127.12401081807911396026611328125">
        <ele>24.6000003814697265625</ele>
        <time>2026-05-24T00:41:45.000Z</time>
        <extensions>
          <ns3:TrackPointExtension>
            <ns3:hr>136</ns3:hr>
            <ns3:cad>84</ns3:cad>
          </ns3:TrackPointExtension>
        </extensions>
      </trkpt>
      <trkpt lat="37.5214981846511363983154296875" lon="127.1239976584911346435546875">
        <ele>24.6000003814697265625</ele>
        <time>2026-05-24T00:41:46.000Z</time>
        <extensions>
          <ns3:TrackPointExtension>
            <ns3:hr>136</ns3:hr>
            <ns3:cad>83</ns3:cad>
          </ns3:TrackPointExtension>
        </extensions>
      </trkpt>
      <trkpt lat="37.5215243361890316009521484375" lon="127.12397695519030094146728515625">
        <ele>24.6000003814697265625</ele>
        <time>2026-05-24T00:41:47.000Z</time>
        <extensions>
          <ns3:TrackPointExtension>
            <ns3:hr>136</ns3:hr>
            <ns3:cad>83</ns3:cad>
          </ns3:TrackPointExtension>
        </extensions>
      </trkpt>
      <trkpt lat="37.5215494818985462188720703125" lon="127.12396480143070220947265625">
        <ele>24.6000003814697265625</ele>
        <time>2026-05-24T00:41:48.000Z</time>
        <extensions>
          <ns3:TrackPointExtension>
            <ns3:hr>136</ns3:hr>
            <ns3:cad>83</ns3:cad>
          </ns3:TrackPointExtension>
        </extensions>
      </trkpt>
      <trkpt lat="37.52156901173293590545654296875" lon="127.12395499460399150848388671875">
        <ele>24.3999996185302734375</ele>
        <time>2026-05-24T00:41:49.000Z</time>
        <extensions>
          <ns3:TrackPointExtension>
            <ns3:hr>136</ns3:hr>
            <ns3:cad>84</ns3:cad>
          </ns3:TrackPointExtension>
        </extensions>
      </trkpt>
      <trkpt lat="37.5215984322130680084228515625" lon="127.12394275702536106109619140625">
        <ele>24.6000003814697265625</ele>
        <time>2026-05-24T00:41:50.000Z</time>
        <extensions>
          <ns3:TrackPointExtension>
            <ns3:hr>136</ns3:hr>
            <ns3:cad>84</ns3:cad>
          </ns3:TrackPointExtension>
        </extensions>
      </trkpt>
      <trkpt lat="37.5216219015419483184814453125" lon="127.12393336929380893707275390625">
        <ele>24.6000003814697265625</ele>
        <time>2026-05-24T00:41:51.000Z</time>
        <extensions>
          <ns3:TrackPointExtension>
            <ns3:hr>135</ns3:hr>
            <ns3:cad>84</ns3:cad>
          </ns3:TrackPointExtension>
        </extensions>
      </trkpt>
      <trkpt lat="37.5216472148895263671875" lon="127.12391844950616359710693359375">
        <ele>24.6000003814697265625</ele>
        <time>2026-05-24T00:41:52.000Z</time>
        <extensions>
          <ns3:TrackPointExtension>
            <ns3:hr>136</ns3:hr>
            <ns3:cad>84</ns3:cad>
          </ns3:TrackPointExtension>
        </extensions>
      </trkpt>
      <trkpt lat="37.5216778926551342010498046875" lon="127.123907469213008880615234375">
        <ele>24.6000003814697265625</ele>
        <time>2026-05-24T00:41:53.000Z</time>
        <extensions>
          <ns3:TrackPointExtension>
            <ns3:hr>136</ns3:hr>
            <ns3:cad>84</ns3:cad>
          </ns3:TrackPointExtension>
        </extensions>
      </trkpt>
      <trkpt lat="37.521697841584682464599609375" lon="127.12389833293855190277099609375">
        <ele>24.6000003814697265625</ele>
        <time>2026-05-24T00:41:54.000Z</time>
        <extensions>
          <ns3:TrackPointExtension>
            <ns3:hr>135</ns3:hr>
            <ns3:cad>83</ns3:cad>
          </ns3:TrackPointExtension>
        </extensions>
      </trkpt>
      <trkpt lat="37.521725334227085113525390625" lon="127.1238848380744457244873046875">
        <ele>24.6000003814697265625</ele>
        <time>2026-05-24T00:41:55.000Z</time>
        <extensions>
          <ns3:TrackPointExtension>
            <ns3:hr>135</ns3:hr>
            <ns3:cad>83</ns3:cad>
          </ns3:TrackPointExtension>
        </extensions>
      </trkpt>
      <trkpt lat="37.52174737863242626190185546875" lon="127.12387000210583209991455078125">
        <ele>24.6000003814697265625</ele>
        <time>2026-05-24T00:41:56.000Z</time>
        <extensions>
          <ns3:TrackPointExtension>
            <ns3:hr>136</ns3:hr>
            <ns3:cad>83</ns3:cad>
          </ns3:TrackPointExtension>
        </extensions>
      </trkpt>
      <trkpt lat="37.52177051268517971038818359375" lon="127.12386430241167545318603515625">
        <ele>24.3999996185302734375</ele>
        <time>2026-05-24T00:41:57.000Z</time>
        <extensions>
          <ns3:TrackPointExtension>
            <ns3:hr>136</ns3:hr>
            <ns3:cad>83</ns3:cad>
          </ns3:TrackPointExtension>
        </extensions>
      </trkpt>
      <trkpt lat="37.521794401109218597412109375" lon="127.12385524995625019073486328125">
        <ele>24.6000003814697265625</ele>
        <time>2026-05-24T00:41:58.000Z</time>
        <extensions>
          <ns3:TrackPointExtension>
            <ns3:hr>136</ns3:hr>
            <ns3:cad>83</ns3:cad>
          </ns3:TrackPointExtension>
        </extensions>
      </trkpt>
      <trkpt lat="37.5218096561729907989501953125" lon="127.12383848614990711212158203125">
        <ele>24.6000003814697265625</ele>
        <time>2026-05-24T00:41:59.000Z</time>
        <extensions>
          <ns3:TrackPointExtension>
            <ns3:hr>136</ns3:hr>
            <ns3:cad>84</ns3:cad>
          </ns3:TrackPointExtension>
        </extensions>
      </trkpt>
      <trkpt lat="37.52183790318667888641357421875" lon="127.12382289581000804901123046875">
        <ele>24.6000003814697265625</ele>
        <time>2026-05-24T00:42:00.000Z</time>
        <extensions>
          <ns3:TrackPointExtension>
            <ns3:hr>136</ns3:hr>
            <ns3:cad>84</ns3:cad>
          </ns3:TrackPointExtension>
        </extensions>
      </trkpt>
      <trkpt lat="37.52185651101171970367431640625" lon="127.123812921345233917236328125">
        <ele>24.799999237060546875</ele>
        <time>2026-05-24T00:42:01.000Z</time>
        <extensions>
          <ns3:TrackPointExtension>
            <ns3:hr>136</ns3:hr>
            <ns3:cad>84</ns3:cad>
          </ns3:TrackPointExtension>
        </extensions>
      </trkpt>
      <trkpt lat="37.521882914006710052490234375" lon="127.1238080598413944244384765625">
        <ele>24.799999237060546875</ele>
        <time>2026-05-24T00:42:02.000Z</time>
        <extensions>
          <ns3:TrackPointExtension>
            <ns3:hr>136</ns3:hr>
            <ns3:cad>84</ns3:cad>
          </ns3:TrackPointExtension>
        </extensions>
      </trkpt>
      <trkpt lat="37.52190462313592433929443359375" lon="127.12380009703338146209716796875">
        <ele>24.799999237060546875</ele>
        <time>2026-05-24T00:42:03.000Z</time>
        <extensions>
          <ns3:TrackPointExtension>
            <ns3:hr>136</ns3:hr>
            <ns3:cad>84</ns3:cad>
          </ns3:TrackPointExtension>
        </extensions>
      </trkpt>
      <trkpt lat="37.5219276733696460723876953125" lon="127.1237909607589244842529296875">
        <ele>24.799999237060546875</ele>
        <time>2026-05-24T00:42:04.000Z</time>
        <extensions>
          <ns3:TrackPointExtension>
            <ns3:hr>136</ns3:hr>
            <ns3:cad>84</ns3:cad>
          </ns3:TrackPointExtension>
        </extensions>
      </trkpt>
      <trkpt lat="37.52195575274527072906494140625" lon="127.12378584779798984527587890625">
        <ele>25</ele>
        <time>2026-05-24T00:42:05.000Z</time>
        <extensions>
          <ns3:TrackPointExtension>
            <ns3:hr>136</ns3:hr>
            <ns3:cad>84</ns3:cad>
          </ns3:TrackPointExtension>
        </extensions>
      </trkpt>
      <trkpt lat="37.5219756178557872772216796875" lon="127.123781405389308929443359375">
        <ele>25</ele>
        <time>2026-05-24T00:42:06.000Z</time>
        <extensions>
          <ns3:TrackPointExtension>
            <ns3:hr>136</ns3:hr>
            <ns3:cad>84</ns3:cad>
          </ns3:TrackPointExtension>
        </extensions>
      </trkpt>
      <trkpt lat="37.5220034457743167877197265625" lon="127.12377344258129596710205078125">
        <ele>25</ele>
        <time>2026-05-24T00:42:07.000Z</time>
        <extensions>
          <ns3:TrackPointExtension>
            <ns3:hr>136</ns3:hr>
            <ns3:cad>84</ns3:cad>
          </ns3:TrackPointExtension>
        </extensions>
      </trkpt>
      <trkpt lat="37.52202314324676990509033203125" lon="127.1237711794674396514892578125">
        <ele>25</ele>
        <time>2026-05-24T00:42:08.000Z</time>
        <extensions>
          <ns3:TrackPointExtension>
            <ns3:hr>136</ns3:hr>
            <ns3:cad>84</ns3:cad>
          </ns3:TrackPointExtension>
        </extensions>
      </trkpt>
      <trkpt lat="37.5220487080514430999755859375" lon="127.12376455776393413543701171875">
        <ele>25.200000762939453125</ele>
        <time>2026-05-24T00:42:09.000Z</time>
        <extensions>
          <ns3:TrackPointExtension>
            <ns3:hr>136</ns3:hr>
            <ns3:cad>84</ns3:cad>
          </ns3:TrackPointExtension>
        </extensions>
      </trkpt>
      <trkpt lat="37.5220785476267337799072265625" lon="127.123765982687473297119140625">
        <ele>25.200000762939453125</ele>
        <time>2026-05-24T00:42:10.000Z</time>
        <extensions>
          <ns3:TrackPointExtension>
            <ns3:hr>136</ns3:hr>
            <ns3:cad>84</ns3:cad>
          </ns3:TrackPointExtension>
        </extensions>
      </trkpt>
      <trkpt lat="37.5221000052988529205322265625" lon="127.1237616240978240966796875">
        <ele>25.3999996185302734375</ele>
        <time>2026-05-24T00:42:11.000Z</time>
        <extensions>
          <ns3:TrackPointExtension>
            <ns3:hr>136</ns3:hr>
            <ns3:cad>83</ns3:cad>
          </ns3:TrackPointExtension>
        </extensions>
      </trkpt>
      <trkpt lat="37.522127665579319000244140625" lon="127.1237544156610965728759765625">
        <ele>25.3999996185302734375</ele>
        <time>2026-05-24T00:42:12.000Z</time>
        <extensions>
          <ns3:TrackPointExtension>
            <ns3:hr>136</ns3:hr>
            <ns3:cad>83</ns3:cad>
          </ns3:TrackPointExtension>
        </extensions>
      </trkpt>
      <trkpt lat="37.52214970998466014862060546875" lon="127.123746536672115325927734375">
        <ele>25.6000003814697265625</ele>
        <time>2026-05-24T00:42:13.000Z</time>
        <extensions>
          <ns3:TrackPointExtension>
            <ns3:hr>136</ns3:hr>
            <ns3:cad>83</ns3:cad>
          </ns3:TrackPointExtension>
        </extensions>
      </trkpt>
      <trkpt lat="37.5221774540841579437255859375" lon="127.12373069487512111663818359375">
        <ele>25.799999237060546875</ele>
        <time>2026-05-24T00:42:14.000Z</time>
        <extensions>
          <ns3:TrackPointExtension>
            <ns3:hr>136</ns3:hr>
            <ns3:cad>84</ns3:cad>
          </ns3:TrackPointExtension>
        </extensions>
      </trkpt>
      <trkpt lat="37.5222052820026874542236328125" lon="127.12372382171452045440673828125">
        <ele>25.799999237060546875</ele>
        <time>2026-05-24T00:42:15.000Z</time>
        <extensions>
          <ns3:TrackPointExtension>
            <ns3:hr>136</ns3:hr>
            <ns3:cad>84</ns3:cad>
          </ns3:TrackPointExtension>
        </extensions>
      </trkpt>
      <trkpt lat="37.5222243927419185638427734375" lon="127.1237161941826343536376953125">
        <ele>26</ele>
        <time>2026-05-24T00:42:16.000Z</time>
        <extensions>
          <ns3:TrackPointExtension>
            <ns3:hr>135</ns3:hr>
            <ns3:cad>84</ns3:cad>
          </ns3:TrackPointExtension>
        </extensions>
      </trkpt>
      <trkpt lat="37.522253729403018951416015625" lon="127.12371267378330230712890625">
        <ele>26</ele>
        <time>2026-05-24T00:42:17.000Z</time>
        <extensions>
          <ns3:TrackPointExtension>
            <ns3:hr>135</ns3:hr>
            <ns3:cad>84</ns3:cad>
          </ns3:TrackPointExtension>
        </extensions>
      </trkpt>
      <trkpt lat="37.5222787074744701385498046875" lon="127.12371611036360263824462890625">
        <ele>26.200000762939453125</ele>
        <time>2026-05-24T00:42:18.000Z</time>
        <extensions>
          <ns3:TrackPointExtension>
            <ns3:hr>135</ns3:hr>
            <ns3:cad>84</ns3:cad>
          </ns3:TrackPointExtension>
        </extensions>
      </trkpt>
      <trkpt lat="37.5223048590123653411865234375" lon="127.123710326850414276123046875">
        <ele>26.200000762939453125</ele>
        <time>2026-05-24T00:42:19.000Z</time>
        <extensions>
          <ns3:TrackPointExtension>
            <ns3:hr>135</ns3:hr>
            <ns3:cad>84</ns3:cad>
          </ns3:TrackPointExtension>
        </extensions>
      </trkpt>
      <trkpt lat="37.522338218986988067626953125" lon="127.12370471097528934478759765625">
        <ele>26.3999996185302734375</ele>
        <time>2026-05-24T00:42:20.000Z</time>
        <extensions>
          <ns3:TrackPointExtension>
            <ns3:hr>135</ns3:hr>
            <ns3:cad>84</ns3:cad>
          </ns3:TrackPointExtension>
        </extensions>
      </trkpt>
      <trkpt lat="37.5223595090210437774658203125" lon="127.1236964128911495208740234375">
        <ele>26.3999996185302734375</ele>
        <time>2026-05-24T00:42:21.000Z</time>
        <extensions>
          <ns3:TrackPointExtension>
            <ns3:hr>135</ns3:hr>
            <ns3:cad>83</ns3:cad>
          </ns3:TrackPointExtension>
        </extensions>
      </trkpt>
      <trkpt lat="37.522390522062778472900390625" lon="127.123684175312519073486328125">
        <ele>26.6000003814697265625</ele>
        <time>2026-05-24T00:42:22.000Z</time>
        <extensions>
          <ns3:TrackPointExtension>
            <ns3:hr>136</ns3:hr>
            <ns3:cad>83</ns3:cad>
          </ns3:TrackPointExtension>
        </extensions>
      </trkpt>
      <trkpt lat="37.52241658978164196014404296875" lon="127.1236819960176944732666015625">
        <ele>26.799999237060546875</ele>
        <time>2026-05-24T00:42:23.000Z</time>
        <extensions>
          <ns3:TrackPointExtension>
            <ns3:hr>135</ns3:hr>
            <ns3:cad>84</ns3:cad>
          </ns3:TrackPointExtension>
        </extensions>
      </trkpt>
      <trkpt lat="37.52244039438664913177490234375" lon="127.1236759610474109649658203125">
        <ele>27</ele>
        <time>2026-05-24T00:42:24.000Z</time>
        <extensions>
          <ns3:TrackPointExtension>
            <ns3:hr>135</ns3:hr>
            <ns3:cad>84</ns3:cad>
          </ns3:TrackPointExtension>
        </extensions>
      </trkpt>
      <trkpt lat="37.52246872521936893463134765625" lon="127.12367520667612552642822265625">
        <ele>27.200000762939453125</ele>
        <time>2026-05-24T00:42:25.000Z</time>
        <extensions>
          <ns3:TrackPointExtension>
            <ns3:hr>136</ns3:hr>
            <ns3:cad>84</ns3:cad>
          </ns3:TrackPointExtension>
        </extensions>
      </trkpt>
      <trkpt lat="37.52249085344374179840087890625" lon="127.123674787580966949462890625">
        <ele>27.200000762939453125</ele>
        <time>2026-05-24T00:42:26.000Z</time>
        <extensions>
          <ns3:TrackPointExtension>
            <ns3:hr>136</ns3:hr>
            <ns3:cad>83</ns3:cad>
          </ns3:TrackPointExtension>
        </extensions>
      </trkpt>
      <trkpt lat="37.52251801081001758575439453125" lon="127.12367554195225238800048828125">
        <ele>27.200000762939453125</ele>
        <time>2026-05-24T00:42:27.000Z</time>
        <extensions>
          <ns3:TrackPointExtension>
            <ns3:hr>136</ns3:hr>
            <ns3:cad>83</ns3:cad>
          </ns3:TrackPointExtension>
        </extensions>
      </trkpt>
      <trkpt lat="37.5225469283759593963623046875" lon="127.12367587722837924957275390625">
        <ele>27.200000762939453125</ele>
        <time>2026-05-24T00:42:28.000Z</time>
        <extensions>
          <ns3:TrackPointExtension>
            <ns3:hr>137</ns3:hr>
            <ns3:cad>83</ns3:cad>
          </ns3:TrackPointExtension>
        </extensions>
      </trkpt>
      <trkpt lat="37.522568218410015106201171875" lon="127.12367109954357147216796875">
        <ele>27.3999996185302734375</ele>
        <time>2026-05-24T00:42:29.000Z</time>
        <extensions>
          <ns3:TrackPointExtension>
            <ns3:hr>137</ns3:hr>
            <ns3:cad>83</ns3:cad>
          </ns3:TrackPointExtension>
        </extensions>
      </trkpt>
      <trkpt lat="37.52259881235659122467041015625" lon="127.12366414256393909454345703125">
        <ele>27.3999996185302734375</ele>
        <time>2026-05-24T00:42:30.000Z</time>
        <extensions>
          <ns3:TrackPointExtension>
            <ns3:hr>138</ns3:hr>
            <ns3:cad>83</ns3:cad>
          </ns3:TrackPointExtension>
        </extensions>
      </trkpt>
      <trkpt lat="37.52262127585709095001220703125" lon="127.123654671013355255126953125">
        <ele>27.3999996185302734375</ele>
        <time>2026-05-24T00:42:31.000Z</time>
        <extensions>
          <ns3:TrackPointExtension>
            <ns3:hr>138</ns3:hr>
            <ns3:cad>83</ns3:cad>
          </ns3:TrackPointExtension>
        </extensions>
      </trkpt>
      <trkpt lat="37.522650025784969329833984375" lon="127.123644612729549407958984375">
        <ele>27.200000762939453125</ele>
        <time>2026-05-24T00:42:32.000Z</time>
        <extensions>
          <ns3:TrackPointExtension>
            <ns3:hr>138</ns3:hr>
            <ns3:cad>84</ns3:cad>
          </ns3:TrackPointExtension>
        </extensions>
      </trkpt>
      <trkpt lat="37.5226785242557525634765625" lon="127.12363732047379016876220703125">
        <ele>27.200000762939453125</ele>
        <time>2026-05-24T00:42:33.000Z</time>
        <extensions>
          <ns3:TrackPointExtension>
            <ns3:hr>139</ns3:hr>
            <ns3:cad>84</ns3:cad>
          </ns3:TrackPointExtension>
        </extensions>
      </trkpt>
      <trkpt lat="37.5227008201181888580322265625" lon="127.123629860579967498779296875">
        <ele>27</ele>
        <time>2026-05-24T00:42:34.000Z</time>
        <extensions>
          <ns3:TrackPointExtension>
            <ns3:hr>139</ns3:hr>
            <ns3:cad>83</ns3:cad>
          </ns3:TrackPointExtension>
        </extensions>
      </trkpt>
      <trkpt lat="37.5227321684360504150390625" lon="127.1236236579716205596923828125">
        <ele>26.799999237060546875</ele>
        <time>2026-05-24T00:42:35.000Z</time>
        <extensions>
          <ns3:TrackPointExtension>
            <ns3:hr>139</ns3:hr>
            <ns3:cad>83</ns3:cad>
          </ns3:TrackPointExtension>
        </extensions>
      </trkpt>
      <trkpt lat="37.5227541290223598480224609375" lon="127.1236149407923221588134765625">
        <ele>26.799999237060546875</ele>
        <time>2026-05-24T00:42:36.000Z</time>
        <extensions>
          <ns3:TrackPointExtension>
            <ns3:hr>139</ns3:hr>
            <ns3:cad>84</ns3:cad>
          </ns3:TrackPointExtension>
        </extensions>
      </trkpt>
      <trkpt lat="37.52278204075992107391357421875" lon="127.1235991828143596649169921875">
        <ele>26.6000003814697265625</ele>
        <time>2026-05-24T00:42:37.000Z</time>
        <extensions>
          <ns3:TrackPointExtension>
            <ns3:hr>139</ns3:hr>
            <ns3:cad>84</ns3:cad>
          </ns3:TrackPointExtension>
        </extensions>
      </trkpt>
      <trkpt lat="37.5228101201355457305908203125" lon="127.12358434684574604034423828125">
        <ele>26.3999996185302734375</ele>
        <time>2026-05-24T00:42:38.000Z</time>
        <extensions>
          <ns3:TrackPointExtension>
            <ns3:hr>139</ns3:hr>
            <ns3:cad>84</ns3:cad>
          </ns3:TrackPointExtension>
        </extensions>
      </trkpt>
      <trkpt lat="37.522835098206996917724609375" lon="127.12356875650584697723388671875">
        <ele>26.3999996185302734375</ele>
        <time>2026-05-24T00:42:39.000Z</time>
        <extensions>
          <ns3:TrackPointExtension>
            <ns3:hr>139</ns3:hr>
            <ns3:cad>84</ns3:cad>
          </ns3:TrackPointExtension>
        </extensions>
      </trkpt>
      <trkpt lat="37.522867619991302490234375" lon="127.123560793697834014892578125">
        <ele>26.200000762939453125</ele>
        <time>2026-05-24T00:42:40.000Z</time>
        <extensions>
          <ns3:TrackPointExtension>
            <ns3:hr>139</ns3:hr>
            <ns3:cad>84</ns3:cad>
          </ns3:TrackPointExtension>
        </extensions>
      </trkpt>
      <trkpt lat="37.5228848867118358612060546875" lon="127.1235488913953304290771484375">
        <ele>26.200000762939453125</ele>
        <time>2026-05-24T00:42:41.000Z</time>
        <extensions>
          <ns3:TrackPointExtension>
            <ns3:hr>138</ns3:hr>
            <ns3:cad>84</ns3:cad>
          </ns3:TrackPointExtension>
        </extensions>
      </trkpt>
      <trkpt lat="37.52291263081133365631103515625" lon="127.12352818809449672698974609375">
        <ele>26.200000762939453125</ele>
        <time>2026-05-24T00:42:42.000Z</time>
        <extensions>
          <ns3:TrackPointExtension>
            <ns3:hr>138</ns3:hr>
            <ns3:cad>84</ns3:cad>
          </ns3:TrackPointExtension>
        </extensions>
      </trkpt>
      <trkpt lat="37.5229381956160068511962890625" lon="127.12351310066878795623779296875">
        <ele>26</ele>
        <time>2026-05-24T00:42:43.000Z</time>
        <extensions>
          <ns3:TrackPointExtension>
            <ns3:hr>137</ns3:hr>
            <ns3:cad>84</ns3:cad>
          </ns3:TrackPointExtension>
        </extensions>
      </trkpt>
      <trkpt lat="37.52296426333487033843994140625" lon="127.1234979294240474700927734375">
        <ele>26</ele>
        <time>2026-05-24T00:42:44.000Z</time>
        <extensions>
          <ns3:TrackPointExtension>
            <ns3:hr>137</ns3:hr>
            <ns3:cad>84</ns3:cad>
          </ns3:TrackPointExtension>
        </extensions>
      </trkpt>
      <trkpt lat="37.5229891575872898101806640625" lon="127.1234781481325626373291015625">
        <ele>26</ele>
        <time>2026-05-24T00:42:45.000Z</time>
        <extensions>
          <ns3:TrackPointExtension>
            <ns3:hr>137</ns3:hr>
            <ns3:cad>84</ns3:cad>
          </ns3:TrackPointExtension>
        </extensions>
      </trkpt>
      <trkpt lat="37.5230045802891254425048828125" lon="127.12346448563039302825927734375">
        <ele>25.799999237060546875</ele>
        <time>2026-05-24T00:42:46.000Z</time>
        <extensions>
          <ns3:TrackPointExtension>
            <ns3:hr>137</ns3:hr>
            <ns3:cad>84</ns3:cad>
          </ns3:TrackPointExtension>
        </extensions>
      </trkpt>
      <trkpt lat="37.5230267085134983062744140625" lon="127.1234409324824810028076171875">
        <ele>25.6000003814697265625</ele>
        <time>2026-05-24T00:42:47.000Z</time>
        <extensions>
          <ns3:TrackPointExtension>
            <ns3:hr>137</ns3:hr>
            <ns3:cad>84</ns3:cad>
          </ns3:TrackPointExtension>
        </extensions>
      </trkpt>
      <trkpt lat="37.523042298853397369384765625" lon="127.12341955862939357757568359375">
        <ele>25.6000003814697265625</ele>
        <time>2026-05-24T00:42:48.000Z</time>
        <extensions>
          <ns3:TrackPointExtension>
            <ns3:hr>137</ns3:hr>
            <ns3:cad>84</ns3:cad>
          </ns3:TrackPointExtension>
        </extensions>
      </trkpt>
      <trkpt lat="37.52306543290615081787109375" lon="127.123389132320880889892578125">
        <ele>25.3999996185302734375</ele>
        <time>2026-05-24T00:42:49.000Z</time>
        <extensions>
          <ns3:TrackPointExtension>
            <ns3:hr>136</ns3:hr>
            <ns3:cad>84</ns3:cad>
          </ns3:TrackPointExtension>
        </extensions>
      </trkpt>
      <trkpt lat="37.52308689057826995849609375" lon="127.1233624778687953948974609375">
        <ele>25.3999996185302734375</ele>
        <time>2026-05-24T00:42:50.000Z</time>
        <extensions>
          <ns3:TrackPointExtension>
            <ns3:hr>136</ns3:hr>
            <ns3:cad>84</ns3:cad>
          </ns3:TrackPointExtension>
        </extensions>
      </trkpt>
      <trkpt lat="37.523103319108486175537109375" lon="127.1233366616070270538330078125">
        <ele>25.200000762939453125</ele>
        <time>2026-05-24T00:42:51.000Z</time>
        <extensions>
          <ns3:TrackPointExtension>
            <ns3:hr>136</ns3:hr>
            <ns3:cad>84</ns3:cad>
          </ns3:TrackPointExtension>
        </extensions>
      </trkpt>
      <trkpt lat="37.52312687225639820098876953125" lon="127.1233048103749752044677734375">
        <ele>25.200000762939453125</ele>
        <time>2026-05-24T00:42:52.000Z</time>
        <extensions>
          <ns3:TrackPointExtension>
            <ns3:hr>136</ns3:hr>
            <ns3:cad>84</ns3:cad>
          </ns3:TrackPointExtension>
        </extensions>
      </trkpt>
      <trkpt lat="37.52314464189112186431884765625" lon="127.12328460998833179473876953125">
        <ele>25</ele>
        <time>2026-05-24T00:42:53.000Z</time>
        <extensions>
          <ns3:TrackPointExtension>
            <ns3:hr>137</ns3:hr>
            <ns3:cad>84</ns3:cad>
          </ns3:TrackPointExtension>
        </extensions>
      </trkpt>
      <trkpt lat="37.5231621600687503814697265625" lon="127.12324999272823333740234375">
        <ele>25</ele>
        <time>2026-05-24T00:42:54.000Z</time>
        <extensions>
          <ns3:TrackPointExtension>
            <ns3:hr>136</ns3:hr>
            <ns3:cad>84</ns3:cad>
          </ns3:TrackPointExtension>
        </extensions>
      </trkpt>
      <trkpt lat="37.5231775827705860137939453125" lon="127.12321671657264232635498046875">
        <ele>24.799999237060546875</ele>
        <time>2026-05-24T00:42:55.000Z</time>
        <extensions>
          <ns3:TrackPointExtension>
            <ns3:hr>136</ns3:hr>
            <ns3:cad>84</ns3:cad>
          </ns3:TrackPointExtension>
        </extensions>
      </trkpt>
      <trkpt lat="37.52319090999662876129150390625" lon="127.12318486534059047698974609375">
        <ele>24.6000003814697265625</ele>
        <time>2026-05-24T00:42:56.000Z</time>
        <extensions>
          <ns3:TrackPointExtension>
            <ns3:hr>137</ns3:hr>
            <ns3:cad>84</ns3:cad>
          </ns3:TrackPointExtension>
        </extensions>
      </trkpt>
      <trkpt lat="37.52321303822100162506103515625" lon="127.12315334938466548919677734375">
        <ele>24.6000003814697265625</ele>
        <time>2026-05-24T00:42:57.000Z</time>
        <extensions>
          <ns3:TrackPointExtension>
            <ns3:hr>136</ns3:hr>
            <ns3:cad>84</ns3:cad>
          </ns3:TrackPointExtension>
        </extensions>
      </trkpt>
      <trkpt lat="37.52322527579963207244873046875" lon="127.1231311373412609100341796875">
        <ele>24.6000003814697265625</ele>
        <time>2026-05-24T00:42:58.000Z</time>
        <extensions>
          <ns3:TrackPointExtension>
            <ns3:hr>136</ns3:hr>
            <ns3:cad>84</ns3:cad>
          </ns3:TrackPointExtension>
        </extensions>
      </trkpt>
      <trkpt lat="37.5232473202049732208251953125" lon="127.1231006272137165069580078125">
        <ele>24.3999996185302734375</ele>
        <time>2026-05-24T00:42:59.000Z</time>
        <extensions>
          <ns3:TrackPointExtension>
            <ns3:hr>136</ns3:hr>
            <ns3:cad>85</ns3:cad>
          </ns3:TrackPointExtension>
        </extensions>
      </trkpt>
      <trkpt lat="37.52326148562133312225341796875" lon="127.12307740934193134307861328125">
        <ele>24.200000762939453125</ele>
        <time>2026-05-24T00:43:00.000Z</time>
        <extensions>
          <ns3:TrackPointExtension>
            <ns3:hr>136</ns3:hr>
            <ns3:cad>85</ns3:cad>
          </ns3:TrackPointExtension>
        </extensions>
      </trkpt>
      <trkpt lat="37.523281015455722808837890625" lon="127.123059220612049102783203125">
        <ele>24</ele>
        <time>2026-05-24T00:43:01.000Z</time>
        <extensions>
          <ns3:TrackPointExtension>
            <ns3:hr>136</ns3:hr>
            <ns3:cad>85</ns3:cad>
          </ns3:TrackPointExtension>
        </extensions>
      </trkpt>
      <trkpt lat="37.52330817282199859619140625" lon="127.123053856194019317626953125">
        <ele>24</ele>
        <time>2026-05-24T00:43:02.000Z</time>
        <extensions>
          <ns3:TrackPointExtension>
            <ns3:hr>136</ns3:hr>
            <ns3:cad>85</ns3:cad>
          </ns3:TrackPointExtension>
        </extensions>
      </trkpt>
      <trkpt lat="37.52333273179829120635986328125" lon="127.12304589338600635528564453125">
        <ele>23.799999237060546875</ele>
        <time>2026-05-24T00:43:03.000Z</time>
        <extensions>
          <ns3:TrackPointExtension>
            <ns3:hr>136</ns3:hr>
            <ns3:cad>85</ns3:cad>
          </ns3:TrackPointExtension>
        </extensions>
      </trkpt>
      <trkpt lat="37.5233598053455352783203125" lon="127.12303952313959598541259765625">
        <ele>23.6000003814697265625</ele>
        <time>2026-05-24T00:43:04.000Z</time>
        <extensions>
          <ns3:TrackPointExtension>
            <ns3:hr>136</ns3:hr>
            <ns3:cad>84</ns3:cad>
          </ns3:TrackPointExtension>
        </extensions>
      </trkpt>
      <trkpt lat="37.52338520251214504241943359375" lon="127.1230429597198963165283203125">
        <ele>23.6000003814697265625</ele>
        <time>2026-05-24T00:43:05.000Z</time>
        <extensions>
          <ns3:TrackPointExtension>
            <ns3:hr>136</ns3:hr>
            <ns3:cad>84</ns3:cad>
          </ns3:TrackPointExtension>
        </extensions>
      </trkpt>
      <trkpt lat="37.5234134495258331298828125" lon="127.12304438464343547821044921875">
        <ele>23.3999996185302734375</ele>
        <time>2026-05-24T00:43:06.000Z</time>
        <extensions>
          <ns3:TrackPointExtension>
            <ns3:hr>136</ns3:hr>
            <ns3:cad>84</ns3:cad>
          </ns3:TrackPointExtension>
        </extensions>
      </trkpt>
      <trkpt lat="37.52344488166272640228271484375" lon="127.12305377237498760223388671875">
        <ele>23.200000762939453125</ele>
        <time>2026-05-24T00:43:07.000Z</time>
        <extensions>
          <ns3:TrackPointExtension>
            <ns3:hr>135</ns3:hr>
            <ns3:cad>85</ns3:cad>
          </ns3:TrackPointExtension>
        </extensions>
      </trkpt>
      <trkpt lat="37.52347044646739959716796875" lon="127.12305821478366851806640625">
        <ele>23</ele>
        <time>2026-05-24T00:43:08.000Z</time>
        <extensions>
          <ns3:TrackPointExtension>
            <ns3:hr>135</ns3:hr>
            <ns3:cad>85</ns3:cad>
          </ns3:TrackPointExtension>
        </extensions>
      </trkpt>
      <trkpt lat="37.52349601127207279205322265625" lon="127.12306751869618892669677734375">
        <ele>22.799999237060546875</ele>
        <time>2026-05-24T00:43:09.000Z</time>
        <extensions>
          <ns3:TrackPointExtension>
            <ns3:hr>135</ns3:hr>
            <ns3:cad>85</ns3:cad>
          </ns3:TrackPointExtension>
        </extensions>
      </trkpt>
      <trkpt lat="37.52352031879127025604248046875" lon="127.1230771578848361968994140625">
        <ele>22.799999237060546875</ele>
        <time>2026-05-24T00:43:10.000Z</time>
        <extensions>
          <ns3:TrackPointExtension>
            <ns3:hr>135</ns3:hr>
            <ns3:cad>85</ns3:cad>
          </ns3:TrackPointExtension>
        </extensions>
      </trkpt>
      <trkpt lat="37.52354244701564311981201171875" lon="127.12308729998767375946044921875">
        <ele>22.6000003814697265625</ele>
        <time>2026-05-24T00:43:11.000Z</time>
        <extensions>
          <ns3:TrackPointExtension>
            <ns3:hr>135</ns3:hr>
            <ns3:cad>83</ns3:cad>
          </ns3:TrackPointExtension>
        </extensions>
      </trkpt>
      <trkpt lat="37.52356859855353832244873046875" lon="127.1231110207736492156982421875">
        <ele>22.6000003814697265625</ele>
        <time>2026-05-24T00:43:12.000Z</time>
        <extensions>
          <ns3:TrackPointExtension>
            <ns3:hr>135</ns3:hr>
            <ns3:cad>83</ns3:cad>
          </ns3:TrackPointExtension>
        </extensions>
      </trkpt>
      <trkpt lat="37.52358846366405487060546875" lon="127.12312283925712108612060546875">
        <ele>22.3999996185302734375</ele>
        <time>2026-05-24T00:43:13.000Z</time>
        <extensions>
          <ns3:TrackPointExtension>
            <ns3:hr>135</ns3:hr>
            <ns3:cad>84</ns3:cad>
          </ns3:TrackPointExtension>
        </extensions>
      </trkpt>
      <trkpt lat="37.5236208178102970123291015625" lon="127.12314345873892307281494140625">
        <ele>22.200000762939453125</ele>
        <time>2026-05-24T00:43:14.000Z</time>
        <extensions>
          <ns3:TrackPointExtension>
            <ns3:hr>135</ns3:hr>
            <ns3:cad>84</ns3:cad>
          </ns3:TrackPointExtension>
        </extensions>
      </trkpt>
      <trkpt lat="37.5236426107585430145263671875" lon="127.12315854616463184356689453125">
        <ele>22.200000762939453125</ele>
        <time>2026-05-24T00:43:15.000Z</time>
        <extensions>
          <ns3:TrackPointExtension>
            <ns3:hr>135</ns3:hr>
            <ns3:cad>84</ns3:cad>
          </ns3:TrackPointExtension>
        </extensions>
      </trkpt>
      <trkpt lat="37.523670606315135955810546875" lon="127.12318419478833675384521484375">
        <ele>22.200000762939453125</ele>
        <time>2026-05-24T00:43:16.000Z</time>
        <extensions>
          <ns3:TrackPointExtension>
            <ns3:hr>135</ns3:hr>
            <ns3:cad>84</ns3:cad>
          </ns3:TrackPointExtension>
        </extensions>
      </trkpt>
      <trkpt lat="37.52369164489209651947021484375" lon="127.1232090890407562255859375">
        <ele>22.3999996185302734375</ele>
        <time>2026-05-24T00:43:17.000Z</time>
        <extensions>
          <ns3:TrackPointExtension>
            <ns3:hr>134</ns3:hr>
            <ns3:cad>84</ns3:cad>
          </ns3:TrackPointExtension>
        </extensions>
      </trkpt>
      <trkpt lat="37.5237126834690570831298828125" lon="127.1232186444103717803955078125">
        <ele>22.3999996185302734375</ele>
        <time>2026-05-24T00:43:18.000Z</time>
        <extensions>
          <ns3:TrackPointExtension>
            <ns3:hr>134</ns3:hr>
            <ns3:cad>84</ns3:cad>
          </ns3:TrackPointExtension>
        </extensions>
      </trkpt>
      <trkpt lat="37.52374646253883838653564453125" lon="127.12324689142405986785888671875">
        <ele>22.3999996185302734375</ele>
        <time>2026-05-24T00:43:19.000Z</time>
        <extensions>
          <ns3:TrackPointExtension>
            <ns3:hr>134</ns3:hr>
            <ns3:cad>84</ns3:cad>
          </ns3:TrackPointExtension>
        </extensions>
      </trkpt>
      <trkpt lat="37.5237690098583698272705078125" lon="127.12325711734592914581298828125">
        <ele>22.3999996185302734375</ele>
        <time>2026-05-24T00:43:20.000Z</time>
        <extensions>
          <ns3:TrackPointExtension>
            <ns3:hr>134</ns3:hr>
            <ns3:cad>84</ns3:cad>
          </ns3:TrackPointExtension>
        </extensions>
      </trkpt>
      <trkpt lat="37.5237943232059478759765625" lon="127.123281173408031463623046875">
        <ele>22.3999996185302734375</ele>
        <time>2026-05-24T00:43:21.000Z</time>
        <extensions>
          <ns3:TrackPointExtension>
            <ns3:hr>135</ns3:hr>
            <ns3:cad>84</ns3:cad>
          </ns3:TrackPointExtension>
        </extensions>
      </trkpt>
      <trkpt lat="37.52381645143032073974609375" lon="127.1233017928898334503173828125">
        <ele>22.3999996185302734375</ele>
        <time>2026-05-24T00:43:22.000Z</time>
        <extensions>
          <ns3:TrackPointExtension>
            <ns3:hr>134</ns3:hr>
            <ns3:cad>84</ns3:cad>
          </ns3:TrackPointExtension>
        </extensions>
      </trkpt>
      <trkpt lat="37.52384084276854991912841796875" lon="127.12330900132656097412109375">
        <ele>22.3999996185302734375</ele>
        <time>2026-05-24T00:43:23.000Z</time>
        <extensions>
          <ns3:TrackPointExtension>
            <ns3:hr>134</ns3:hr>
            <ns3:cad>84</ns3:cad>
          </ns3:TrackPointExtension>
        </extensions>
      </trkpt>
      <trkpt lat="37.52386682666838169097900390625" lon="127.123333476483821868896484375">
        <ele>22.3999996185302734375</ele>
        <time>2026-05-24T00:43:24.000Z</time>
        <extensions>
          <ns3:TrackPointExtension>
            <ns3:hr>134</ns3:hr>
            <ns3:cad>84</ns3:cad>
          </ns3:TrackPointExtension>
        </extensions>
      </trkpt>
      <trkpt lat="37.5238873623311519622802734375" lon="127.12334252893924713134765625">
        <ele>22.3999996185302734375</ele>
        <time>2026-05-24T00:43:25.000Z</time>
        <extensions>
          <ns3:TrackPointExtension>
            <ns3:hr>134</ns3:hr>
            <ns3:cad>84</ns3:cad>
          </ns3:TrackPointExtension>
        </extensions>
      </trkpt>
      <trkpt lat="37.5239145196974277496337890625" lon="127.12336130440235137939453125">
        <ele>22.3999996185302734375</ele>
        <time>2026-05-24T00:43:26.000Z</time>
        <extensions>
          <ns3:TrackPointExtension>
            <ns3:hr>134</ns3:hr>
            <ns3:cad>84</ns3:cad>
          </ns3:TrackPointExtension>
        </extensions>
      </trkpt>
      <trkpt lat="37.5239363126456737518310546875" lon="127.12337915785610675811767578125">
        <ele>22.3999996185302734375</ele>
        <time>2026-05-24T00:43:27.000Z</time>
        <extensions>
          <ns3:TrackPointExtension>
            <ns3:hr>134</ns3:hr>
            <ns3:cad>84</ns3:cad>
          </ns3:TrackPointExtension>
        </extensions>
      </trkpt>
      <trkpt lat="37.5239557586610317230224609375" lon="127.123386450111865997314453125">
        <ele>22.6000003814697265625</ele>
        <time>2026-05-24T00:43:28.000Z</time>
        <extensions>
          <ns3:TrackPointExtension>
            <ns3:hr>134</ns3:hr>
            <ns3:cad>85</ns3:cad>
          </ns3:TrackPointExtension>
        </extensions>
      </trkpt>
      <trkpt lat="37.5239832513034343719482421875" lon="127.12340899743139743804931640625">
        <ele>22.6000003814697265625</ele>
        <time>2026-05-24T00:43:29.000Z</time>
        <extensions>
          <ns3:TrackPointExtension>
            <ns3:hr>134</ns3:hr>
            <ns3:cad>85</ns3:cad>
          </ns3:TrackPointExtension>
        </extensions>
      </trkpt>
      <trkpt lat="37.52399942837655544281005859375" lon="127.12341503240168094635009765625">
        <ele>22.6000003814697265625</ele>
        <time>2026-05-24T00:43:30.000Z</time>
        <extensions>
          <ns3:TrackPointExtension>
            <ns3:hr>135</ns3:hr>
            <ns3:cad>85</ns3:cad>
          </ns3:TrackPointExtension>
        </extensions>
      </trkpt>
      <trkpt lat="37.524023316800594329833984375" lon="127.12343917228281497955322265625">
        <ele>22.6000003814697265625</ele>
        <time>2026-05-24T00:43:31.000Z</time>
        <extensions>
          <ns3:TrackPointExtension>
            <ns3:hr>134</ns3:hr>
            <ns3:cad>85</ns3:cad>
          </ns3:TrackPointExtension>
        </extensions>
      </trkpt>
      <trkpt lat="37.52404200844466686248779296875" lon="127.12345258332788944244384765625">
        <ele>22.6000003814697265625</ele>
        <time>2026-05-24T00:43:32.000Z</time>
        <extensions>
          <ns3:TrackPointExtension>
            <ns3:hr>134</ns3:hr>
            <ns3:cad>85</ns3:cad>
          </ns3:TrackPointExtension>
        </extensions>
      </trkpt>
      <trkpt lat="37.5240596942603588104248046875" lon="127.12346683256328105926513671875">
        <ele>22.6000003814697265625</ele>
        <time>2026-05-24T00:43:33.000Z</time>
        <extensions>
          <ns3:TrackPointExtension>
            <ns3:hr>134</ns3:hr>
            <ns3:cad>84</ns3:cad>
          </ns3:TrackPointExtension>
        </extensions>
      </trkpt>
      <trkpt lat="37.524085678160190582275390625" lon="127.12348594330251216888427734375">
        <ele>22.6000003814697265625</ele>
        <time>2026-05-24T00:43:34.000Z</time>
        <extensions>
          <ns3:TrackPointExtension>
            <ns3:hr>134</ns3:hr>
            <ns3:cad>84</ns3:cad>
          </ns3:TrackPointExtension>
        </extensions>
      </trkpt>
      <trkpt lat="37.52410336397588253021240234375" lon="127.12349273264408111572265625">
        <ele>22.6000003814697265625</ele>
        <time>2026-05-24T00:43:35.000Z</time>
        <extensions>
          <ns3:TrackPointExtension>
            <ns3:hr>134</ns3:hr>
            <ns3:cad>84</ns3:cad>
          </ns3:TrackPointExtension>
        </extensions>
      </trkpt>
      <trkpt lat="37.52412934787571430206298828125" lon="127.12350823916494846343994140625">
        <ele>22.799999237060546875</ele>
        <time>2026-05-24T00:43:36.000Z</time>
        <extensions>
          <ns3:TrackPointExtension>
            <ns3:hr>133</ns3:hr>
            <ns3:cad>84</ns3:cad>
          </ns3:TrackPointExtension>
        </extensions>
      </trkpt>
      <trkpt lat="37.52415583468973636627197265625" lon="127.12351419031620025634765625">
        <ele>22.799999237060546875</ele>
        <time>2026-05-24T00:43:37.000Z</time>
        <extensions>
          <ns3:TrackPointExtension>
            <ns3:hr>134</ns3:hr>
            <ns3:cad>84</ns3:cad>
          </ns3:TrackPointExtension>
        </extensions>
      </trkpt>
      <trkpt lat="37.52418215386569499969482421875" lon="127.1235153637826442718505859375">
        <ele>22.799999237060546875</ele>
        <time>2026-05-24T00:43:38.000Z</time>
        <extensions>
          <ns3:TrackPointExtension>
            <ns3:hr>134</ns3:hr>
            <ns3:cad>84</ns3:cad>
          </ns3:TrackPointExtension>
        </extensions>
      </trkpt>
      <trkpt lat="37.52420998178422451019287109375" lon="127.12353422306478023529052734375">
        <ele>22.799999237060546875</ele>
        <time>2026-05-24T00:43:39.000Z</time>
        <extensions>
          <ns3:TrackPointExtension>
            <ns3:hr>133</ns3:hr>
            <ns3:cad>84</ns3:cad>
          </ns3:TrackPointExtension>
        </extensions>
      </trkpt>
      <trkpt lat="37.5242296792566776275634765625" lon="127.12353573180735111236572265625">
        <ele>22.799999237060546875</ele>
        <time>2026-05-24T00:43:40.000Z</time>
        <extensions>
          <ns3:TrackPointExtension>
            <ns3:hr>134</ns3:hr>
            <ns3:cad>84</ns3:cad>
          </ns3:TrackPointExtension>
        </extensions>
      </trkpt>
      <trkpt lat="37.524259351193904876708984375" lon="127.12354863993823528289794921875">
        <ele>22.799999237060546875</ele>
        <time>2026-05-24T00:43:41.000Z</time>
        <extensions>
          <ns3:TrackPointExtension>
            <ns3:hr>134</ns3:hr>
            <ns3:cad>84</ns3:cad>
          </ns3:TrackPointExtension>
        </extensions>
      </trkpt>
      <trkpt lat="37.52428323961794376373291015625" lon="127.1235539205372333526611328125">
        <ele>22.799999237060546875</ele>
        <time>2026-05-24T00:43:42.000Z</time>
        <extensions>
          <ns3:TrackPointExtension>
            <ns3:hr>133</ns3:hr>
            <ns3:cad>83</ns3:cad>
          </ns3:TrackPointExtension>
        </extensions>
      </trkpt>
      <trkpt lat="37.52430721186101436614990234375" lon="127.12355651892721652984619140625">
        <ele>22.799999237060546875</ele>
        <time>2026-05-24T00:43:43.000Z</time>
        <extensions>
          <ns3:TrackPointExtension>
            <ns3:hr>134</ns3:hr>
            <ns3:cad>83</ns3:cad>
          </ns3:TrackPointExtension>
        </extensions>
      </trkpt>
      <trkpt lat="37.52433788962662220001220703125" lon="127.1235747076570987701416015625">
        <ele>22.799999237060546875</ele>
        <time>2026-05-24T00:43:44.000Z</time>
        <extensions>
          <ns3:TrackPointExtension>
            <ns3:hr>134</ns3:hr>
            <ns3:cad>83</ns3:cad>
          </ns3:TrackPointExtension>
        </extensions>
      </trkpt>
      <trkpt lat="37.52435691654682159423828125" lon="127.12357395328581333160400390625">
        <ele>23</ele>
        <time>2026-05-24T00:43:45.000Z</time>
        <extensions>
          <ns3:TrackPointExtension>
            <ns3:hr>134</ns3:hr>
            <ns3:cad>83</ns3:cad>
          </ns3:TrackPointExtension>
        </extensions>
      </trkpt>
      <trkpt lat="37.52438415773212909698486328125" lon="127.12358183227479457855224609375">
        <ele>23</ele>
        <time>2026-05-24T00:43:46.000Z</time>
        <extensions>
          <ns3:TrackPointExtension>
            <ns3:hr>135</ns3:hr>
            <ns3:cad>83</ns3:cad>
          </ns3:TrackPointExtension>
        </extensions>
      </trkpt>
      <trkpt lat="37.52440662123262882232666015625" lon="127.12358367629349231719970703125">
        <ele>23</ele>
        <time>2026-05-24T00:43:47.000Z</time>
        <extensions>
          <ns3:TrackPointExtension>
            <ns3:hr>136</ns3:hr>
            <ns3:cad>83</ns3:cad>
          </ns3:TrackPointExtension>
        </extensions>
      </trkpt>
      <trkpt lat="37.5244331918656826019287109375" lon="127.123583592474460601806640625">
        <ele>23.200000762939453125</ele>
        <time>2026-05-24T00:43:48.000Z</time>
        <extensions>
          <ns3:TrackPointExtension>
            <ns3:hr>137</ns3:hr>
            <ns3:cad>83</ns3:cad>
          </ns3:TrackPointExtension>
        </extensions>
      </trkpt>
      <trkpt lat="37.5244657136499881744384765625" lon="127.12359524331986904144287109375">
        <ele>23.200000762939453125</ele>
        <time>2026-05-24T00:43:49.000Z</time>
        <extensions>
          <ns3:TrackPointExtension>
            <ns3:hr>138</ns3:hr>
            <ns3:cad>83</ns3:cad>
          </ns3:TrackPointExtension>
        </extensions>
      </trkpt>
      <trkpt lat="37.52448759041726589202880859375" lon="127.12359088473021984100341796875">
        <ele>23</ele>
        <time>2026-05-24T00:43:50.000Z</time>
        <extensions>
          <ns3:TrackPointExtension>
            <ns3:hr>138</ns3:hr>
            <ns3:cad>83</ns3:cad>
          </ns3:TrackPointExtension>
        </extensions>
      </trkpt>
      <trkpt lat="37.5245183520019054412841796875" lon="127.1235928125679492950439453125">
        <ele>23</ele>
        <time>2026-05-24T00:43:51.000Z</time>
        <extensions>
          <ns3:TrackPointExtension>
            <ns3:hr>139</ns3:hr>
            <ns3:cad>83</ns3:cad>
          </ns3:TrackPointExtension>
        </extensions>
      </trkpt>
      <trkpt lat="37.524543665349483489990234375" lon="127.12359172292053699493408203125">
        <ele>23</ele>
        <time>2026-05-24T00:43:52.000Z</time>
        <extensions>
          <ns3:TrackPointExtension>
            <ns3:hr>139</ns3:hr>
            <ns3:cad>84</ns3:cad>
          </ns3:TrackPointExtension>
        </extensions>
      </trkpt>
      <trkpt lat="37.52457140944898128509521484375" lon="127.12358451448380947113037109375">
        <ele>23</ele>
        <time>2026-05-24T00:43:53.000Z</time>
        <extensions>
          <ns3:TrackPointExtension>
            <ns3:hr>139</ns3:hr>
            <ns3:cad>84</ns3:cad>
          </ns3:TrackPointExtension>
        </extensions>
      </trkpt>
      <trkpt lat="37.52460393123328685760498046875" lon="127.1235938183963298797607421875">
        <ele>23</ele>
        <time>2026-05-24T00:43:54.000Z</time>
        <extensions>
          <ns3:TrackPointExtension>
            <ns3:hr>139</ns3:hr>
            <ns3:cad>83</ns3:cad>
          </ns3:TrackPointExtension>
        </extensions>
      </trkpt>
      <trkpt lat="37.52462304197251796722412109375" lon="127.12359331548213958740234375">
        <ele>23</ele>
        <time>2026-05-24T00:43:55.000Z</time>
        <extensions>
          <ns3:TrackPointExtension>
            <ns3:hr>139</ns3:hr>
            <ns3:cad>83</ns3:cad>
          </ns3:TrackPointExtension>
        </extensions>
      </trkpt>
      <trkpt lat="37.52465204335749149322509765625" lon="127.1236060559749603271484375">
        <ele>23</ele>
        <time>2026-05-24T00:43:56.000Z</time>
        <extensions>
          <ns3:TrackPointExtension>
            <ns3:hr>138</ns3:hr>
            <ns3:cad>83</ns3:cad>
          </ns3:TrackPointExtension>
        </extensions>
      </trkpt>
      <trkpt lat="37.5246759317815303802490234375" lon="127.12360982783138751983642578125">
        <ele>23</ele>
        <time>2026-05-24T00:43:57.000Z</time>
        <extensions>
          <ns3:TrackPointExtension>
            <ns3:hr>139</ns3:hr>
            <ns3:cad>83</ns3:cad>
          </ns3:TrackPointExtension>
        </extensions>
      </trkpt>
      <trkpt lat="37.52469956874847412109375" lon="127.12360882200300693511962890625">
        <ele>23</ele>
        <time>2026-05-24T00:43:58.000Z</time>
        <extensions>
          <ns3:TrackPointExtension>
            <ns3:hr>139</ns3:hr>
            <ns3:cad>84</ns3:cad>
          </ns3:TrackPointExtension>
        </extensions>
      </trkpt>
      <trkpt lat="37.52472932450473308563232421875" lon="127.12362223304808139801025390625">
        <ele>23</ele>
        <time>2026-05-24T00:43:59.000Z</time>
        <extensions>
          <ns3:TrackPointExtension>
            <ns3:hr>138</ns3:hr>
            <ns3:cad>84</ns3:cad>
          </ns3:TrackPointExtension>
        </extensions>
      </trkpt>
      <trkpt lat="37.52474642358720302581787109375" lon="127.12361820973455905914306640625">
        <ele>23.200000762939453125</ele>
        <time>2026-05-24T00:44:00.000Z</time>
        <extensions>
          <ns3:TrackPointExtension>
            <ns3:hr>139</ns3:hr>
            <ns3:cad>84</ns3:cad>
          </ns3:TrackPointExtension>
        </extensions>
      </trkpt>
      <trkpt lat="37.52477559261023998260498046875" lon="127.1236233226954936981201171875">
        <ele>23.3999996185302734375</ele>
        <time>2026-05-24T00:44:01.000Z</time>
        <extensions>
          <ns3:TrackPointExtension>
            <ns3:hr>139</ns3:hr>
            <ns3:cad>83</ns3:cad>
          </ns3:TrackPointExtension>
        </extensions>
      </trkpt>
      <trkpt lat="37.5247999839484691619873046875" lon="127.12362256832420825958251953125">
        <ele>23.6000003814697265625</ele>
        <time>2026-05-24T00:44:02.000Z</time>
        <extensions>
          <ns3:TrackPointExtension>
            <ns3:hr>139</ns3:hr>
            <ns3:cad>83</ns3:cad>
          </ns3:TrackPointExtension>
        </extensions>
      </trkpt>
      <trkpt lat="37.5248221121728420257568359375" lon="127.123621813952922821044921875">
        <ele>23.799999237060546875</ele>
        <time>2026-05-24T00:44:03.000Z</time>
        <extensions>
          <ns3:TrackPointExtension>
            <ns3:hr>139</ns3:hr>
            <ns3:cad>83</ns3:cad>
          </ns3:TrackPointExtension>
        </extensions>
      </trkpt>
      <trkpt lat="37.5248519517481327056884765625" lon="127.12363497354090213775634765625">
        <ele>24</ele>
        <time>2026-05-24T00:44:04.000Z</time>
        <extensions>
          <ns3:TrackPointExtension>
            <ns3:hr>138</ns3:hr>
            <ns3:cad>82</ns3:cad>
          </ns3:TrackPointExtension>
        </extensions>
      </trkpt>
      <trkpt lat="37.52487449906766414642333984375" lon="127.123631536960601806640625">
        <ele>24</ele>
        <time>2026-05-24T00:44:05.000Z</time>
        <extensions>
          <ns3:TrackPointExtension>
            <ns3:hr>139</ns3:hr>
            <ns3:cad>82</ns3:cad>
          </ns3:TrackPointExtension>
        </extensions>
      </trkpt>
      <trkpt lat="37.524906098842620849609375" lon="127.12363916449248790740966796875">
        <ele>24.200000762939453125</ele>
        <time>2026-05-24T00:44:06.000Z</time>
        <extensions>
          <ns3:TrackPointExtension>
            <ns3:hr>139</ns3:hr>
            <ns3:cad>82</ns3:cad>
          </ns3:TrackPointExtension>
        </extensions>
      </trkpt>
      <trkpt lat="37.5249337591230869293212890625" lon="127.1236457861959934234619140625">
        <ele>24.200000762939453125</ele>
        <time>2026-05-24T00:44:07.000Z</time>
        <extensions>
          <ns3:TrackPointExtension>
            <ns3:hr>139</ns3:hr>
            <ns3:cad>82</ns3:cad>
          </ns3:TrackPointExtension>
        </extensions>
      </trkpt>
      <trkpt lat="37.5249572284519672393798828125" lon="127.1236444450914859771728515625">
        <ele>24.200000762939453125</ele>
        <time>2026-05-24T00:44:08.000Z</time>
        <extensions>
          <ns3:TrackPointExtension>
            <ns3:hr>139</ns3:hr>
            <ns3:cad>84</ns3:cad>
          </ns3:TrackPointExtension>
        </extensions>
      </trkpt>
      <trkpt lat="37.52499335445463657379150390625" lon="127.12365240789949893951416015625">
        <ele>24.200000762939453125</ele>
        <time>2026-05-24T00:44:09.000Z</time>
        <extensions>
          <ns3:TrackPointExtension>
            <ns3:hr>139</ns3:hr>
            <ns3:cad>84</ns3:cad>
          </ns3:TrackPointExtension>
        </extensions>
      </trkpt>
      <trkpt lat="37.52501430921256542205810546875" lon="127.12364888750016689300537109375">
        <ele>24</ele>
        <time>2026-05-24T00:44:10.000Z</time>
        <extensions>
          <ns3:TrackPointExtension>
            <ns3:hr>139</ns3:hr>
            <ns3:cad>84</ns3:cad>
          </ns3:TrackPointExtension>
        </extensions>
      </trkpt>
      <trkpt lat="37.52504146657884120941162109375" lon="127.123651318252086639404296875">
        <ele>24</ele>
        <time>2026-05-24T00:44:11.000Z</time>
        <extensions>
          <ns3:TrackPointExtension>
            <ns3:hr>139</ns3:hr>
            <ns3:cad>84</ns3:cad>
          </ns3:TrackPointExtension>
        </extensions>
      </trkpt>
      <trkpt lat="37.52507013268768787384033203125" lon="127.12365274317562580108642578125">
        <ele>24</ele>
        <time>2026-05-24T00:44:12.000Z</time>
        <extensions>
          <ns3:TrackPointExtension>
            <ns3:hr>139</ns3:hr>
            <ns3:cad>84</ns3:cad>
          </ns3:TrackPointExtension>
        </extensions>
      </trkpt>
      <trkpt lat="37.52509175799787044525146484375" lon="127.12364922277629375457763671875">
        <ele>24</ele>
        <time>2026-05-24T00:44:13.000Z</time>
        <extensions>
          <ns3:TrackPointExtension>
            <ns3:hr>139</ns3:hr>
            <ns3:cad>84</ns3:cad>
          </ns3:TrackPointExtension>
        </extensions>
      </trkpt>
      <trkpt lat="37.5251191668212413787841796875" lon="127.1236595325171947479248046875">
        <ele>23.799999237060546875</ele>
        <time>2026-05-24T00:44:14.000Z</time>
        <extensions>
          <ns3:TrackPointExtension>
            <ns3:hr>140</ns3:hr>
            <ns3:cad>83</ns3:cad>
          </ns3:TrackPointExtension>
        </extensions>
      </trkpt>
      <trkpt lat="37.5251402892172336578369140625" lon="127.12366984225809574127197265625">
        <ele>23.6000003814697265625</ele>
        <time>2026-05-24T00:44:15.000Z</time>
        <extensions>
          <ns3:TrackPointExtension>
            <ns3:hr>140</ns3:hr>
            <ns3:cad>83</ns3:cad>
          </ns3:TrackPointExtension>
        </extensions>
      </trkpt>
      <trkpt lat="37.52516920678317546844482421875" lon="127.123674117028713226318359375">
        <ele>23.3999996185302734375</ele>
        <time>2026-05-24T00:44:16.000Z</time>
        <extensions>
          <ns3:TrackPointExtension>
            <ns3:hr>140</ns3:hr>
            <ns3:cad>83</ns3:cad>
          </ns3:TrackPointExtension>
        </extensions>
      </trkpt>
      <trkpt lat="37.525201477110385894775390625" lon="127.12367185391485691070556640625">
        <ele>23.200000762939453125</ele>
        <time>2026-05-24T00:44:17.000Z</time>
        <extensions>
          <ns3:TrackPointExtension>
            <ns3:hr>139</ns3:hr>
            <ns3:cad>83</ns3:cad>
          </ns3:TrackPointExtension>
        </extensions>
      </trkpt>
      <trkpt lat="37.52522620372474193572998046875" lon="127.12366129271686077117919921875">
        <ele>23</ele>
        <time>2026-05-24T00:44:18.000Z</time>
        <extensions>
          <ns3:TrackPointExtension>
            <ns3:hr>140</ns3:hr>
            <ns3:cad>83</ns3:cad>
          </ns3:TrackPointExtension>
        </extensions>
      </trkpt>
      <trkpt lat="37.52526216208934783935546875" lon="127.12366363964974880218505859375">
        <ele>22.799999237060546875</ele>
        <time>2026-05-24T00:44:19.000Z</time>
        <extensions>
          <ns3:TrackPointExtension>
            <ns3:hr>140</ns3:hr>
            <ns3:cad>83</ns3:cad>
          </ns3:TrackPointExtension>
        </extensions>
      </trkpt>
      <trkpt lat="37.52528269775211811065673828125" lon="127.12366078980267047882080078125">
        <ele>23</ele>
        <time>2026-05-24T00:44:20.000Z</time>
        <extensions>
          <ns3:TrackPointExtension>
            <ns3:hr>139</ns3:hr>
            <ns3:cad>83</ns3:cad>
          </ns3:TrackPointExtension>
        </extensions>
      </trkpt>
      <trkpt lat="37.52530180849134922027587890625" lon="127.12366162799298763275146484375">
        <ele>23.200000762939453125</ele>
        <time>2026-05-24T00:44:21.000Z</time>
        <extensions>
          <ns3:TrackPointExtension>
            <ns3:hr>139</ns3:hr>
            <ns3:cad>83</ns3:cad>
          </ns3:TrackPointExtension>
        </extensions>
      </trkpt>
      <trkpt lat="37.52532653510570526123046875" lon="127.12365425191819667816162109375">
        <ele>23.3999996185302734375</ele>
        <time>2026-05-24T00:44:22.000Z</time>
        <extensions>
          <ns3:TrackPointExtension>
            <ns3:hr>139</ns3:hr>
            <ns3:cad>83</ns3:cad>
          </ns3:TrackPointExtension>
        </extensions>
      </trkpt>
      <trkpt lat="37.52533835358917713165283203125" lon="127.12363086640834808349609375">
        <ele>23.6000003814697265625</ele>
        <time>2026-05-24T00:44:23.000Z</time>
        <extensions>
          <ns3:TrackPointExtension>
            <ns3:hr>139</ns3:hr>
            <ns3:cad>83</ns3:cad>
          </ns3:TrackPointExtension>
        </extensions>
      </trkpt>
      <trkpt lat="37.52535847015678882598876953125" lon="127.123592309653759002685546875">
        <ele>24</ele>
        <time>2026-05-24T00:44:24.000Z</time>
        <extensions>
          <ns3:TrackPointExtension>
            <ns3:hr>139</ns3:hr>
            <ns3:cad>83</ns3:cad>
          </ns3:TrackPointExtension>
        </extensions>
      </trkpt>
      <trkpt lat="37.525363750755786895751953125" lon="127.12356741540133953094482421875">
        <ele>24.200000762939453125</ele>
        <time>2026-05-24T00:44:25.000Z</time>
        <extensions>
          <ns3:TrackPointExtension>
            <ns3:hr>139</ns3:hr>
            <ns3:cad>83</ns3:cad>
          </ns3:TrackPointExtension>
        </extensions>
      </trkpt>
      <trkpt lat="37.5253689475357532501220703125" lon="127.1235368214547634124755859375">
        <ele>24.3999996185302734375</ele>
        <time>2026-05-24T00:44:26.000Z</time>
        <extensions>
          <ns3:TrackPointExtension>
            <ns3:hr>139</ns3:hr>
            <ns3:cad>83</ns3:cad>
          </ns3:TrackPointExtension>
        </extensions>
      </trkpt>
      <trkpt lat="37.5253729708492755889892578125" lon="127.12350455112755298614501953125">
        <ele>24.6000003814697265625</ele>
        <time>2026-05-24T00:44:27.000Z</time>
        <extensions>
          <ns3:TrackPointExtension>
            <ns3:hr>139</ns3:hr>
            <ns3:cad>83</ns3:cad>
          </ns3:TrackPointExtension>
        </extensions>
      </trkpt>
      <trkpt lat="37.52537406049668788909912109375" lon="127.123483009636402130126953125">
        <ele>24.6000003814697265625</ele>
        <time>2026-05-24T00:44:28.000Z</time>
        <extensions>
          <ns3:TrackPointExtension>
            <ns3:hr>138</ns3:hr>
            <ns3:cad>83</ns3:cad>
          </ns3:TrackPointExtension>
        </extensions>
      </trkpt>
      <trkpt lat="37.52537623979151248931884765625" lon="127.123443782329559326171875">
        <ele>24.799999237060546875</ele>
        <time>2026-05-24T00:44:29.000Z</time>
        <extensions>
          <ns3:TrackPointExtension>
            <ns3:hr>138</ns3:hr>
            <ns3:cad>83</ns3:cad>
          </ns3:TrackPointExtension>
        </extensions>
      </trkpt>
      <trkpt lat="37.52537406049668788909912109375" lon="127.12342039681971073150634765625">
        <ele>24.799999237060546875</ele>
        <time>2026-05-24T00:44:30.000Z</time>
        <extensions>
          <ns3:TrackPointExtension>
            <ns3:hr>138</ns3:hr>
            <ns3:cad>83</ns3:cad>
          </ns3:TrackPointExtension>
        </extensions>
      </trkpt>
      <trkpt lat="37.52536634914577007293701171875" lon="127.12339474819600582122802734375">
        <ele>24.799999237060546875</ele>
        <time>2026-05-24T00:44:31.000Z</time>
        <extensions>
          <ns3:TrackPointExtension>
            <ns3:hr>138</ns3:hr>
            <ns3:cad>83</ns3:cad>
          </ns3:TrackPointExtension>
        </extensions>
      </trkpt>
      <trkpt lat="37.52536282874643802642822265625" lon="127.1233574487268924713134765625">
        <ele>24.799999237060546875</ele>
        <time>2026-05-24T00:44:32.000Z</time>
        <extensions>
          <ns3:TrackPointExtension>
            <ns3:hr>139</ns3:hr>
            <ns3:cad>83</ns3:cad>
          </ns3:TrackPointExtension>
        </extensions>
      </trkpt>
      <trkpt lat="37.5253595598042011260986328125" lon="127.12333741597831249237060546875">
        <ele>24.799999237060546875</ele>
        <time>2026-05-24T00:44:33.000Z</time>
        <extensions>
          <ns3:TrackPointExtension>
            <ns3:hr>139</ns3:hr>
            <ns3:cad>84</ns3:cad>
          </ns3:TrackPointExtension>
        </extensions>
      </trkpt>
      <trkpt lat="37.525362409651279449462890625" lon="127.12330053560435771942138671875">
        <ele>25</ele>
        <time>2026-05-24T00:44:34.000Z</time>
        <extensions>
          <ns3:TrackPointExtension>
            <ns3:hr>139</ns3:hr>
            <ns3:cad>84</ns3:cad>
          </ns3:TrackPointExtension>
        </extensions>
      </trkpt>
      <trkpt lat="37.52536584623157978057861328125" lon="127.12327279150485992431640625">
        <ele>25</ele>
        <time>2026-05-24T00:44:35.000Z</time>
        <extensions>
          <ns3:TrackPointExtension>
            <ns3:hr>139</ns3:hr>
            <ns3:cad>83</ns3:cad>
          </ns3:TrackPointExtension>
        </extensions>
      </trkpt>
      <trkpt lat="37.52536919899284839630126953125" lon="127.12324270047247409820556640625">
        <ele>25.200000762939453125</ele>
        <time>2026-05-24T00:44:36.000Z</time>
        <extensions>
          <ns3:TrackPointExtension>
            <ns3:hr>138</ns3:hr>
            <ns3:cad>83</ns3:cad>
          </ns3:TrackPointExtension>
        </extensions>
      </trkpt>
      <trkpt lat="37.52537791617214679718017578125" lon="127.123210094869136810302734375">
        <ele>25.200000762939453125</ele>
        <time>2026-05-24T00:44:37.000Z</time>
        <extensions>
          <ns3:TrackPointExtension>
            <ns3:hr>138</ns3:hr>
            <ns3:cad>83</ns3:cad>
          </ns3:TrackPointExtension>
        </extensions>
      </trkpt>
      <trkpt lat="37.5253808498382568359375" lon="127.12318654172122478485107421875">
        <ele>25.3999996185302734375</ele>
        <time>2026-05-24T00:44:38.000Z</time>
        <extensions>
          <ns3:TrackPointExtension>
            <ns3:hr>138</ns3:hr>
            <ns3:cad>82</ns3:cad>
          </ns3:TrackPointExtension>
        </extensions>
      </trkpt>
      <trkpt lat="37.52538680098950862884521484375" lon="127.12315452285110950469970703125">
        <ele>25.3999996185302734375</ele>
        <time>2026-05-24T00:44:39.000Z</time>
        <extensions>
          <ns3:TrackPointExtension>
            <ns3:hr>139</ns3:hr>
            <ns3:cad>82</ns3:cad>
          </ns3:TrackPointExtension>
        </extensions>
      </trkpt>
      <trkpt lat="37.5253940932452678680419921875" lon="127.123125605285167694091796875">
        <ele>25.3999996185302734375</ele>
        <time>2026-05-24T00:44:40.000Z</time>
        <extensions>
          <ns3:TrackPointExtension>
            <ns3:hr>139</ns3:hr>
            <ns3:cad>83</ns3:cad>
          </ns3:TrackPointExtension>
        </extensions>
      </trkpt>
      <trkpt lat="37.525399625301361083984375" lon="127.123098783195018768310546875">
        <ele>25.3999996185302734375</ele>
        <time>2026-05-24T00:44:41.000Z</time>
        <extensions>
          <ns3:TrackPointExtension>
            <ns3:hr>139</ns3:hr>
            <ns3:cad>83</ns3:cad>
          </ns3:TrackPointExtension>
        </extensions>
      </trkpt>
      <trkpt lat="37.5254034809768199920654296875" lon="127.12306299246847629547119140625">
        <ele>25.3999996185302734375</ele>
        <time>2026-05-24T00:44:42.000Z</time>
        <extensions>
          <ns3:TrackPointExtension>
            <ns3:hr>139</ns3:hr>
            <ns3:cad>83</ns3:cad>
          </ns3:TrackPointExtension>
        </extensions>
      </trkpt>
      <trkpt lat="37.5254051573574542999267578125" lon="127.12303985841572284698486328125">
        <ele>25.3999996185302734375</ele>
        <time>2026-05-24T00:44:43.000Z</time>
        <extensions>
          <ns3:TrackPointExtension>
            <ns3:hr>139</ns3:hr>
            <ns3:cad>84</ns3:cad>
          </ns3:TrackPointExtension>
        </extensions>
      </trkpt>
      <trkpt lat="37.525412030518054962158203125" lon="127.12300146929919719696044921875">
        <ele>25.3999996185302734375</ele>
        <time>2026-05-24T00:44:44.000Z</time>
        <extensions>
          <ns3:TrackPointExtension>
            <ns3:hr>139</ns3:hr>
            <ns3:cad>84</ns3:cad>
          </ns3:TrackPointExtension>
        </extensions>
      </trkpt>
      <trkpt lat="37.5254128687083721160888671875" lon="127.1229765750467777252197265625">
        <ele>25.3999996185302734375</ele>
        <time>2026-05-24T00:44:45.000Z</time>
        <extensions>
          <ns3:TrackPointExtension>
            <ns3:hr>140</ns3:hr>
            <ns3:cad>84</ns3:cad>
          </ns3:TrackPointExtension>
        </extensions>
      </trkpt>
      <trkpt lat="37.5254138745367527008056640625" lon="127.12294480763375759124755859375">
        <ele>25.3999996185302734375</ele>
        <time>2026-05-24T00:44:46.000Z</time>
        <extensions>
          <ns3:TrackPointExtension>
            <ns3:hr>140</ns3:hr>
            <ns3:cad>84</ns3:cad>
          </ns3:TrackPointExtension>
        </extensions>
      </trkpt>
      <trkpt lat="37.52541982568800449371337890625" lon="127.1229091845452785491943359375">
        <ele>25.3999996185302734375</ele>
        <time>2026-05-24T00:44:47.000Z</time>
        <extensions>
          <ns3:TrackPointExtension>
            <ns3:hr>140</ns3:hr>
            <ns3:cad>83</ns3:cad>
          </ns3:TrackPointExtension>
        </extensions>
      </trkpt>
      <trkpt lat="37.52542334608733654022216796875" lon="127.12288646958768367767333984375">
        <ele>25.6000003814697265625</ele>
        <time>2026-05-24T00:44:48.000Z</time>
        <extensions>
          <ns3:TrackPointExtension>
            <ns3:hr>140</ns3:hr>
            <ns3:cad>83</ns3:cad>
          </ns3:TrackPointExtension>
        </extensions>
      </trkpt>
      <trkpt lat="37.52542871050536632537841796875" lon="127.12284363806247711181640625">
        <ele>25.3999996185302734375</ele>
        <time>2026-05-24T00:44:49.000Z</time>
        <extensions>
          <ns3:TrackPointExtension>
            <ns3:hr>141</ns3:hr>
            <ns3:cad>83</ns3:cad>
          </ns3:TrackPointExtension>
        </extensions>
      </trkpt>
      <trkpt lat="37.52543172799050807952880859375" lon="127.1228149719536304473876953125">
        <ele>25.6000003814697265625</ele>
        <time>2026-05-24T00:44:50.000Z</time>
        <extensions>
          <ns3:TrackPointExtension>
            <ns3:hr>141</ns3:hr>
            <ns3:cad>83</ns3:cad>
          </ns3:TrackPointExtension>
        </extensions>
      </trkpt>
      <trkpt lat="37.52543239854276180267333984375" lon="127.1227858029305934906005859375">
        <ele>25.6000003814697265625</ele>
        <time>2026-05-24T00:44:51.000Z</time>
        <extensions>
          <ns3:TrackPointExtension>
            <ns3:hr>141</ns3:hr>
            <ns3:cad>84</ns3:cad>
          </ns3:TrackPointExtension>
        </extensions>
      </trkpt>
      <trkpt lat="37.52543642185628414154052734375" lon="127.12274464778602123260498046875">
        <ele>25.6000003814697265625</ele>
        <time>2026-05-24T00:44:52.000Z</time>
        <extensions>
          <ns3:TrackPointExtension>
            <ns3:hr>141</ns3:hr>
            <ns3:cad>84</ns3:cad>
          </ns3:TrackPointExtension>
        </extensions>
      </trkpt>
      <trkpt lat="37.52543692477047443389892578125" lon="127.122721932828426361083984375">
        <ele>25.6000003814697265625</ele>
        <time>2026-05-24T00:44:53.000Z</time>
        <extensions>
          <ns3:TrackPointExtension>
            <ns3:hr>141</ns3:hr>
            <ns3:cad>84</ns3:cad>
          </ns3:TrackPointExtension>
        </extensions>
      </trkpt>
      <trkpt lat="37.5254450552165508270263671875" lon="127.12267776019871234893798828125">
        <ele>25.6000003814697265625</ele>
        <time>2026-05-24T00:44:54.000Z</time>
        <extensions>
          <ns3:TrackPointExtension>
            <ns3:hr>141</ns3:hr>
            <ns3:cad>84</ns3:cad>
          </ns3:TrackPointExtension>
        </extensions>
      </trkpt>
      <trkpt lat="37.52544849179685115814208984375" lon="127.12265362031757831573486328125">
        <ele>25.6000003814697265625</ele>
        <time>2026-05-24T00:44:55.000Z</time>
        <extensions>
          <ns3:TrackPointExtension>
            <ns3:hr>141</ns3:hr>
            <ns3:cad>84</ns3:cad>
          </ns3:TrackPointExtension>
        </extensions>
      </trkpt>
      <trkpt lat="37.52545335330069065093994140625" lon="127.12261673994362354278564453125">
        <ele>25.6000003814697265625</ele>
        <time>2026-05-24T00:44:56.000Z</time>
        <extensions>
          <ns3:TrackPointExtension>
            <ns3:hr>141</ns3:hr>
            <ns3:cad>84</ns3:cad>
          </ns3:TrackPointExtension>
        </extensions>
      </trkpt>
      <trkpt lat="37.52545553259551525115966796875" lon="127.1225883252918720245361328125">
        <ele>25.6000003814697265625</ele>
        <time>2026-05-24T00:44:57.000Z</time>
        <extensions>
          <ns3:TrackPointExtension>
            <ns3:hr>141</ns3:hr>
            <ns3:cad>84</ns3:cad>
          </ns3:TrackPointExtension>
        </extensions>
      </trkpt>
      <trkpt lat="37.52545402385294437408447265625" lon="127.1225581504404544830322265625">
        <ele>25.6000003814697265625</ele>
        <time>2026-05-24T00:44:58.000Z</time>
        <extensions>
          <ns3:TrackPointExtension>
            <ns3:hr>141</ns3:hr>
            <ns3:cad>84</ns3:cad>
          </ns3:TrackPointExtension>
        </extensions>
      </trkpt>
      <trkpt lat="37.52545737661421298980712890625" lon="127.12251917459070682525634765625">
        <ele>25.3999996185302734375</ele>
        <time>2026-05-24T00:44:59.000Z</time>
        <extensions>
          <ns3:TrackPointExtension>
            <ns3:hr>141</ns3:hr>
            <ns3:cad>84</ns3:cad>
          </ns3:TrackPointExtension>
        </extensions>
      </trkpt>
      <trkpt lat="37.52545553259551525115966796875" lon="127.12249184958636760711669921875">
        <ele>25.3999996185302734375</ele>
        <time>2026-05-24T00:45:00.000Z</time>
        <extensions>
          <ns3:TrackPointExtension>
            <ns3:hr>141</ns3:hr>
            <ns3:cad>85</ns3:cad>
          </ns3:TrackPointExtension>
        </extensions>
      </trkpt>
      <trkpt lat="37.52545435912907123565673828125" lon="127.1224572323262691497802734375">
        <ele>25.3999996185302734375</ele>
        <time>2026-05-24T00:45:01.000Z</time>
        <extensions>
          <ns3:TrackPointExtension>
            <ns3:hr>141</ns3:hr>
            <ns3:cad>85</ns3:cad>
          </ns3:TrackPointExtension>
        </extensions>
      </trkpt>
      <trkpt lat="37.5254537723958492279052734375" lon="127.12242479436099529266357421875">
        <ele>25.3999996185302734375</ele>
        <time>2026-05-24T00:45:02.000Z</time>
        <extensions>
          <ns3:TrackPointExtension>
            <ns3:hr>140</ns3:hr>
            <ns3:cad>85</ns3:cad>
          </ns3:TrackPointExtension>
        </extensions>
      </trkpt>
      <trkpt lat="37.5254507549107074737548828125" lon="127.12239478714764118194580078125">
        <ele>25.3999996185302734375</ele>
        <time>2026-05-24T00:45:03.000Z</time>
        <extensions>
          <ns3:TrackPointExtension>
            <ns3:hr>140</ns3:hr>
            <ns3:cad>85</ns3:cad>
          </ns3:TrackPointExtension>
        </extensions>
      </trkpt>
      <trkpt lat="37.52545930445194244384765625" lon="127.1223623491823673248291015625">
        <ele>25.3999996185302734375</ele>
        <time>2026-05-24T00:45:04.000Z</time>
        <extensions>
          <ns3:TrackPointExtension>
            <ns3:hr>139</ns3:hr>
            <ns3:cad>85</ns3:cad>
          </ns3:TrackPointExtension>
        </extensions>
      </trkpt>
      <trkpt lat="37.5254601426422595977783203125" lon="127.12233661673963069915771484375">
        <ele>25.3999996185302734375</ele>
        <time>2026-05-24T00:45:05.000Z</time>
        <extensions>
          <ns3:TrackPointExtension>
            <ns3:hr>139</ns3:hr>
            <ns3:cad>85</ns3:cad>
          </ns3:TrackPointExtension>
        </extensions>
      </trkpt>
      <trkpt lat="37.52546307630836963653564453125" lon="127.12229973636567592620849609375">
        <ele>25.3999996185302734375</ele>
        <time>2026-05-24T00:45:06.000Z</time>
        <extensions>
          <ns3:TrackPointExtension>
            <ns3:hr>139</ns3:hr>
            <ns3:cad>84</ns3:cad>
          </ns3:TrackPointExtension>
        </extensions>
      </trkpt>
      <trkpt lat="37.52546642906963825225830078125" lon="127.12227056734263896942138671875">
        <ele>25.3999996185302734375</ele>
        <time>2026-05-24T00:45:07.000Z</time>
        <extensions>
          <ns3:TrackPointExtension>
            <ns3:hr>139</ns3:hr>
            <ns3:cad>84</ns3:cad>
          </ns3:TrackPointExtension>
        </extensions>
      </trkpt>
      <trkpt lat="37.5254685245454311370849609375" lon="127.12223486043512821197509765625">
        <ele>25.3999996185302734375</ele>
        <time>2026-05-24T00:45:08.000Z</time>
        <extensions>
          <ns3:TrackPointExtension>
            <ns3:hr>139</ns3:hr>
            <ns3:cad>84</ns3:cad>
          </ns3:TrackPointExtension>
        </extensions>
      </trkpt>
      <trkpt lat="37.52547137439250946044921875" lon="127.12220124900341033935546875">
        <ele>25.3999996185302734375</ele>
        <time>2026-05-24T00:45:09.000Z</time>
        <extensions>
          <ns3:TrackPointExtension>
            <ns3:hr>139</ns3:hr>
            <ns3:cad>84</ns3:cad>
          </ns3:TrackPointExtension>
        </extensions>
      </trkpt>
      <trkpt lat="37.5254715420305728912353515625" lon="127.12216998450458049774169921875">
        <ele>25.3999996185302734375</ele>
        <time>2026-05-24T00:45:10.000Z</time>
        <extensions>
          <ns3:TrackPointExtension>
            <ns3:hr>138</ns3:hr>
            <ns3:cad>84</ns3:cad>
          </ns3:TrackPointExtension>
        </extensions>
      </trkpt>
      <trkpt lat="37.52547598443925380706787109375" lon="127.122126482427120208740234375">
        <ele>25.3999996185302734375</ele>
        <time>2026-05-24T00:45:11.000Z</time>
        <extensions>
          <ns3:TrackPointExtension>
            <ns3:hr>138</ns3:hr>
            <ns3:cad>84</ns3:cad>
          </ns3:TrackPointExtension>
        </extensions>
      </trkpt>
      <trkpt lat="37.52546978183090686798095703125" lon="127.1221015043556690216064453125">
        <ele>25.3999996185302734375</ele>
        <time>2026-05-24T00:45:12.000Z</time>
        <extensions>
          <ns3:TrackPointExtension>
            <ns3:hr>138</ns3:hr>
            <ns3:cad>85</ns3:cad>
          </ns3:TrackPointExtension>
        </extensions>
      </trkpt>
      <trkpt lat="37.52546978183090686798095703125" lon="127.12206504307687282562255859375">
        <ele>25.3999996185302734375</ele>
        <time>2026-05-24T00:45:13.000Z</time>
        <extensions>
          <ns3:TrackPointExtension>
            <ns3:hr>138</ns3:hr>
            <ns3:cad>85</ns3:cad>
          </ns3:TrackPointExtension>
        </extensions>
      </trkpt>
      <trkpt lat="37.52547279931604862213134765625" lon="127.122033275663852691650390625">
        <ele>25.3999996185302734375</ele>
        <time>2026-05-24T00:45:14.000Z</time>
        <extensions>
          <ns3:TrackPointExtension>
            <ns3:hr>138</ns3:hr>
            <ns3:cad>84</ns3:cad>
          </ns3:TrackPointExtension>
        </extensions>
      </trkpt>
      <trkpt lat="37.5254705362021923065185546875" lon="127.12200402282178401947021484375">
        <ele>25.3999996185302734375</ele>
        <time>2026-05-24T00:45:15.000Z</time>
        <extensions>
          <ns3:TrackPointExtension>
            <ns3:hr>138</ns3:hr>
            <ns3:cad>84</ns3:cad>
          </ns3:TrackPointExtension>
        </extensions>
      </trkpt>
      <trkpt lat="37.5254779122769832611083984375" lon="127.12196915410459041595458984375">
        <ele>25.3999996185302734375</ele>
        <time>2026-05-24T00:45:16.000Z</time>
        <extensions>
          <ns3:TrackPointExtension>
            <ns3:hr>138</ns3:hr>
            <ns3:cad>84</ns3:cad>
          </ns3:TrackPointExtension>
        </extensions>
      </trkpt>
      <trkpt lat="37.52547539770603179931640625" lon="127.12194015271961688995361328125">
        <ele>25.200000762939453125</ele>
        <time>2026-05-24T00:45:17.000Z</time>
        <extensions>
          <ns3:TrackPointExtension>
            <ns3:hr>137</ns3:hr>
            <ns3:cad>84</ns3:cad>
          </ns3:TrackPointExtension>
        </extensions>
      </trkpt>
      <trkpt lat="37.52547766081988811492919921875" lon="127.1219046972692012786865234375">
        <ele>25.200000762939453125</ele>
        <time>2026-05-24T00:45:18.000Z</time>
        <extensions>
          <ns3:TrackPointExtension>
            <ns3:hr>137</ns3:hr>
            <ns3:cad>84</ns3:cad>
          </ns3:TrackPointExtension>
        </extensions>
      </trkpt>
      <trkpt lat="37.52547514624893665313720703125" lon="127.12188080884516239166259765625">
        <ele>25.200000762939453125</ele>
        <time>2026-05-24T00:45:19.000Z</time>
        <extensions>
          <ns3:TrackPointExtension>
            <ns3:hr>137</ns3:hr>
            <ns3:cad>84</ns3:cad>
          </ns3:TrackPointExtension>
        </extensions>
      </trkpt>
      <trkpt lat="37.5254722125828266143798828125" lon="127.121849544346332550048828125">
        <ele>25.200000762939453125</ele>
        <time>2026-05-24T00:45:20.000Z</time>
        <extensions>
          <ns3:TrackPointExtension>
            <ns3:hr>137</ns3:hr>
            <ns3:cad>84</ns3:cad>
          </ns3:TrackPointExtension>
        </extensions>
      </trkpt>
      <trkpt lat="37.525475732982158660888671875" lon="127.12181660346686840057373046875">
        <ele>25.200000762939453125</ele>
        <time>2026-05-24T00:45:21.000Z</time>
        <extensions>
          <ns3:TrackPointExtension>
            <ns3:hr>137</ns3:hr>
            <ns3:cad>84</ns3:cad>
          </ns3:TrackPointExtension>
        </extensions>
      </trkpt>
      <trkpt lat="37.525475062429904937744140625" lon="127.121789194643497467041015625">
        <ele>25.200000762939453125</ele>
        <time>2026-05-24T00:45:22.000Z</time>
        <extensions>
          <ns3:TrackPointExtension>
            <ns3:hr>137</ns3:hr>
            <ns3:cad>84</ns3:cad>
          </ns3:TrackPointExtension>
        </extensions>
      </trkpt>
      <trkpt lat="37.52548168413341045379638671875" lon="127.121751308441162109375">
        <ele>25.200000762939453125</ele>
        <time>2026-05-24T00:45:23.000Z</time>
        <extensions>
          <ns3:TrackPointExtension>
            <ns3:hr>137</ns3:hr>
            <ns3:cad>84</ns3:cad>
          </ns3:TrackPointExtension>
        </extensions>
      </trkpt>
      <trkpt lat="37.5254842825233936309814453125" lon="127.12172239087522029876708984375">
        <ele>25.200000762939453125</ele>
        <time>2026-05-24T00:45:24.000Z</time>
        <extensions>
          <ns3:TrackPointExtension>
            <ns3:hr>137</ns3:hr>
            <ns3:cad>85</ns3:cad>
          </ns3:TrackPointExtension>
        </extensions>
      </trkpt>
      <trkpt lat="37.5254859589040279388427734375" lon="127.1216837503015995025634765625">
        <ele>25.200000762939453125</ele>
        <time>2026-05-24T00:45:25.000Z</time>
        <extensions>
          <ns3:TrackPointExtension>
            <ns3:hr>137</ns3:hr>
            <ns3:cad>85</ns3:cad>
          </ns3:TrackPointExtension>
        </extensions>
      </trkpt>
      <trkpt lat="37.525484450161457061767578125" lon="127.12164930067956447601318359375">
        <ele>25.200000762939453125</ele>
        <time>2026-05-24T00:45:26.000Z</time>
        <extensions>
          <ns3:TrackPointExtension>
            <ns3:hr>137</ns3:hr>
            <ns3:cad>85</ns3:cad>
          </ns3:TrackPointExtension>
        </extensions>
      </trkpt>
      <trkpt lat="37.52548336051404476165771484375" lon="127.1216217242181301116943359375">
        <ele>25.3999996185302734375</ele>
        <time>2026-05-24T00:45:27.000Z</time>
        <extensions>
          <ns3:TrackPointExtension>
            <ns3:hr>136</ns3:hr>
            <ns3:cad>85</ns3:cad>
          </ns3:TrackPointExtension>
        </extensions>
      </trkpt>
      <trkpt lat="37.5254805944859981536865234375" lon="127.121577970683574676513671875">
        <ele>25.3999996185302734375</ele>
        <time>2026-05-24T00:45:28.000Z</time>
        <extensions>
          <ns3:TrackPointExtension>
            <ns3:hr>136</ns3:hr>
            <ns3:cad>85</ns3:cad>
          </ns3:TrackPointExtension>
        </extensions>
      </trkpt>
      <trkpt lat="37.52547648735344409942626953125" lon="127.12154905311763286590576171875">
        <ele>25.3999996185302734375</ele>
        <time>2026-05-24T00:45:29.000Z</time>
        <extensions>
          <ns3:TrackPointExtension>
            <ns3:hr>136</ns3:hr>
            <ns3:cad>85</ns3:cad>
          </ns3:TrackPointExtension>
        </extensions>
      </trkpt>
      <trkpt lat="37.52547028474509716033935546875" lon="127.12150932289659976959228515625">
        <ele>25.3999996185302734375</ele>
        <time>2026-05-24T00:45:30.000Z</time>
        <extensions>
          <ns3:TrackPointExtension>
            <ns3:hr>136</ns3:hr>
            <ns3:cad>85</ns3:cad>
          </ns3:TrackPointExtension>
        </extensions>
      </trkpt>
      <trkpt lat="37.5254655070602893829345703125" lon="127.12147898040711879730224609375">
        <ele>25.200000762939453125</ele>
        <time>2026-05-24T00:45:31.000Z</time>
        <extensions>
          <ns3:TrackPointExtension>
            <ns3:hr>136</ns3:hr>
            <ns3:cad>85</ns3:cad>
          </ns3:TrackPointExtension>
        </extensions>
      </trkpt>
      <trkpt lat="37.5254599750041961669921875" lon="127.12144310586154460906982421875">
        <ele>25.200000762939453125</ele>
        <time>2026-05-24T00:45:32.000Z</time>
        <extensions>
          <ns3:TrackPointExtension>
            <ns3:hr>136</ns3:hr>
            <ns3:cad>85</ns3:cad>
          </ns3:TrackPointExtension>
        </extensions>
      </trkpt>
      <trkpt lat="37.525460310280323028564453125" lon="127.12140840478241443634033203125">
        <ele>25.200000762939453125</ele>
        <time>2026-05-24T00:45:33.000Z</time>
        <extensions>
          <ns3:TrackPointExtension>
            <ns3:hr>136</ns3:hr>
            <ns3:cad>85</ns3:cad>
          </ns3:TrackPointExtension>
        </extensions>
      </trkpt>
      <trkpt lat="37.52545670606195926666259765625" lon="127.12138116359710693359375">
        <ele>25.200000762939453125</ele>
        <time>2026-05-24T00:45:34.000Z</time>
        <extensions>
          <ns3:TrackPointExtension>
            <ns3:hr>136</ns3:hr>
            <ns3:cad>85</ns3:cad>
          </ns3:TrackPointExtension>
        </extensions>
      </trkpt>
      <trkpt lat="37.52545528113842010498046875" lon="127.12133782915771007537841796875">
        <ele>25</ele>
        <time>2026-05-24T00:45:35.000Z</time>
        <extensions>
          <ns3:TrackPointExtension>
            <ns3:hr>136</ns3:hr>
            <ns3:cad>85</ns3:cad>
          </ns3:TrackPointExtension>
        </extensions>
      </trkpt>
      <trkpt lat="37.525449581444263458251953125" lon="127.1213095821440219879150390625">
        <ele>25</ele>
        <time>2026-05-24T00:45:36.000Z</time>
        <extensions>
          <ns3:TrackPointExtension>
            <ns3:hr>136</ns3:hr>
            <ns3:cad>86</ns3:cad>
          </ns3:TrackPointExtension>
        </extensions>
      </trkpt>
      <trkpt lat="37.52544446848332881927490234375" lon="127.12127161212265491485595703125">
        <ele>24.799999237060546875</ele>
        <time>2026-05-24T00:45:37.000Z</time>
        <extensions>
          <ns3:TrackPointExtension>
            <ns3:hr>136</ns3:hr>
            <ns3:cad>86</ns3:cad>
          </ns3:TrackPointExtension>
        </extensions>
      </trkpt>
      <trkpt lat="37.52543809823691844940185546875" lon="127.12123565375804901123046875">
        <ele>24.799999237060546875</ele>
        <time>2026-05-24T00:45:38.000Z</time>
        <extensions>
          <ns3:TrackPointExtension>
            <ns3:hr>136</ns3:hr>
            <ns3:cad>85</ns3:cad>
          </ns3:TrackPointExtension>
        </extensions>
      </trkpt>
      <trkpt lat="37.5254279561340808868408203125" lon="127.121205814182758331298828125">
        <ele>24.799999237060546875</ele>
        <time>2026-05-24T00:45:39.000Z</time>
        <extensions>
          <ns3:TrackPointExtension>
            <ns3:hr>136</ns3:hr>
            <ns3:cad>85</ns3:cad>
          </ns3:TrackPointExtension>
        </extensions>
      </trkpt>
      <trkpt lat="37.52542485482990741729736328125" lon="127.1211664192378520965576171875">
        <ele>24.799999237060546875</ele>
        <time>2026-05-24T00:45:40.000Z</time>
        <extensions>
          <ns3:TrackPointExtension>
            <ns3:hr>136</ns3:hr>
            <ns3:cad>85</ns3:cad>
          </ns3:TrackPointExtension>
        </extensions>
      </trkpt>
      <trkpt lat="37.52541881985962390899658203125" lon="127.12114202789962291717529296875">
        <ele>24.799999237060546875</ele>
        <time>2026-05-24T00:45:41.000Z</time>
        <extensions>
          <ns3:TrackPointExtension>
            <ns3:hr>136</ns3:hr>
            <ns3:cad>85</ns3:cad>
          </ns3:TrackPointExtension>
        </extensions>
      </trkpt>
      <trkpt lat="37.52541462890803813934326171875" lon="127.12110464461147785186767578125">
        <ele>25</ele>
        <time>2026-05-24T00:45:42.000Z</time>
        <extensions>
          <ns3:TrackPointExtension>
            <ns3:hr>136</ns3:hr>
            <ns3:cad>85</ns3:cad>
          </ns3:TrackPointExtension>
        </extensions>
      </trkpt>
      <trkpt lat="37.52540758810937404632568359375" lon="127.1210767328739166259765625">
        <ele>24.799999237060546875</ele>
        <time>2026-05-24T00:45:43.000Z</time>
        <extensions>
          <ns3:TrackPointExtension>
            <ns3:hr>135</ns3:hr>
            <ns3:cad>84</ns3:cad>
          </ns3:TrackPointExtension>
        </extensions>
      </trkpt>
      <trkpt lat="37.52540121786296367645263671875" lon="127.12104865349829196929931640625">
        <ele>24.799999237060546875</ele>
        <time>2026-05-24T00:45:44.000Z</time>
        <extensions>
          <ns3:TrackPointExtension>
            <ns3:hr>135</ns3:hr>
            <ns3:cad>84</ns3:cad>
          </ns3:TrackPointExtension>
        </extensions>
      </trkpt>
      <trkpt lat="37.52538898028433322906494140625" lon="127.12101043201982975006103515625">
        <ele>24.799999237060546875</ele>
        <time>2026-05-24T00:45:45.000Z</time>
        <extensions>
          <ns3:TrackPointExtension>
            <ns3:hr>135</ns3:hr>
            <ns3:cad>84</ns3:cad>
          </ns3:TrackPointExtension>
        </extensions>
      </trkpt>
      <trkpt lat="37.5253803469240665435791015625" lon="127.12098947726190090179443359375">
        <ele>24.799999237060546875</ele>
        <time>2026-05-24T00:45:46.000Z</time>
        <extensions>
          <ns3:TrackPointExtension>
            <ns3:hr>135</ns3:hr>
            <ns3:cad>84</ns3:cad>
          </ns3:TrackPointExtension>
        </extensions>
      </trkpt>
      <trkpt lat="37.5253676064312458038330078125" lon="127.120955698192119598388671875">
        <ele>24.799999237060546875</ele>
        <time>2026-05-24T00:45:47.000Z</time>
        <extensions>
          <ns3:TrackPointExtension>
            <ns3:hr>135</ns3:hr>
            <ns3:cad>84</ns3:cad>
          </ns3:TrackPointExtension>
        </extensions>
      </trkpt>
      <trkpt lat="37.52536274492740631103515625" lon="127.12093197740614414215087890625">
        <ele>24.799999237060546875</ele>
        <time>2026-05-24T00:45:48.000Z</time>
        <extensions>
          <ns3:TrackPointExtension>
            <ns3:hr>135</ns3:hr>
            <ns3:cad>84</ns3:cad>
          </ns3:TrackPointExtension>
        </extensions>
      </trkpt>
      <trkpt lat="37.5253552012145519256591796875" lon="127.12090197019279003143310546875">
        <ele>24.799999237060546875</ele>
        <time>2026-05-24T00:45:49.000Z</time>
        <extensions>
          <ns3:TrackPointExtension>
            <ns3:hr>135</ns3:hr>
            <ns3:cad>84</ns3:cad>
          </ns3:TrackPointExtension>
        </extensions>
      </trkpt>
      <trkpt lat="37.5253461487591266632080078125" lon="127.12086877785623073577880859375">
        <ele>24.6000003814697265625</ele>
        <time>2026-05-24T00:45:50.000Z</time>
        <extensions>
          <ns3:TrackPointExtension>
            <ns3:hr>134</ns3:hr>
            <ns3:cad>84</ns3:cad>
          </ns3:TrackPointExtension>
        </extensions>
      </trkpt>
      <trkpt lat="37.5253350846469402313232421875" lon="127.12084229104220867156982421875">
        <ele>24.6000003814697265625</ele>
        <time>2026-05-24T00:45:51.000Z</time>
        <extensions>
          <ns3:TrackPointExtension>
            <ns3:hr>134</ns3:hr>
            <ns3:cad>84</ns3:cad>
          </ns3:TrackPointExtension>
        </extensions>
      </trkpt>
      <trkpt lat="37.525329552590847015380859375" lon="127.120800130069255828857421875">
        <ele>24.6000003814697265625</ele>
        <time>2026-05-24T00:45:52.000Z</time>
        <extensions>
          <ns3:TrackPointExtension>
            <ns3:hr>135</ns3:hr>
            <ns3:cad>84</ns3:cad>
          </ns3:TrackPointExtension>
        </extensions>
      </trkpt>
      <trkpt lat="37.52532544545829296112060546875" lon="127.12076836265623569488525390625">
        <ele>24.6000003814697265625</ele>
        <time>2026-05-24T00:45:53.000Z</time>
        <extensions>
          <ns3:TrackPointExtension>
            <ns3:hr>135</ns3:hr>
            <ns3:cad>85</ns3:cad>
          </ns3:TrackPointExtension>
        </extensions>
      </trkpt>
      <trkpt lat="37.525318823754787445068359375" lon="127.120733074843883514404296875">
        <ele>24.6000003814697265625</ele>
        <time>2026-05-24T00:45:54.000Z</time>
        <extensions>
          <ns3:TrackPointExtension>
            <ns3:hr>135</ns3:hr>
            <ns3:cad>85</ns3:cad>
          </ns3:TrackPointExtension>
        </extensions>
      </trkpt>
      <trkpt lat="37.525313794612884521484375" lon="127.12069728411734104156494140625">
        <ele>24.6000003814697265625</ele>
        <time>2026-05-24T00:45:55.000Z</time>
        <extensions>
          <ns3:TrackPointExtension>
            <ns3:hr>134</ns3:hr>
            <ns3:cad>85</ns3:cad>
          </ns3:TrackPointExtension>
        </extensions>
      </trkpt>
      <trkpt lat="37.525307424366474151611328125" lon="127.12067465297877788543701171875">
        <ele>24.6000003814697265625</ele>
        <time>2026-05-24T00:45:56.000Z</time>
        <extensions>
          <ns3:TrackPointExtension>
            <ns3:hr>134</ns3:hr>
            <ns3:cad>85</ns3:cad>
          </ns3:TrackPointExtension>
        </extensions>
      </trkpt>
      <trkpt lat="37.5252990424633026123046875" lon="127.12063777260482311248779296875">
        <ele>24.6000003814697265625</ele>
        <time>2026-05-24T00:45:57.000Z</time>
        <extensions>
          <ns3:TrackPointExtension>
            <ns3:hr>134</ns3:hr>
            <ns3:cad>85</ns3:cad>
          </ns3:TrackPointExtension>
        </extensions>
      </trkpt>
      <trkpt lat="37.52529158256947994232177734375" lon="127.12061606347560882568359375">
        <ele>24.799999237060546875</ele>
        <time>2026-05-24T00:45:58.000Z</time>
        <extensions>
          <ns3:TrackPointExtension>
            <ns3:hr>135</ns3:hr>
            <ns3:cad>84</ns3:cad>
          </ns3:TrackPointExtension>
        </extensions>
      </trkpt>
      <trkpt lat="37.52528185956180095672607421875" lon="127.1205796860158443450927734375">
        <ele>24.799999237060546875</ele>
        <time>2026-05-24T00:45:59.000Z</time>
        <extensions>
          <ns3:TrackPointExtension>
            <ns3:hr>134</ns3:hr>
            <ns3:cad>84</ns3:cad>
          </ns3:TrackPointExtension>
        </extensions>
      </trkpt>
      <trkpt lat="37.5252743996679782867431640625" lon="127.1205461584031581878662109375">
        <ele>24.799999237060546875</ele>
        <time>2026-05-24T00:46:00.000Z</time>
        <extensions>
          <ns3:TrackPointExtension>
            <ns3:hr>134</ns3:hr>
            <ns3:cad>84</ns3:cad>
          </ns3:TrackPointExtension>
        </extensions>
      </trkpt>
      <trkpt lat="37.52526828087866306304931640625" lon="127.12052084505558013916015625">
        <ele>24.6000003814697265625</ele>
        <time>2026-05-24T00:46:01.000Z</time>
        <extensions>
          <ns3:TrackPointExtension>
            <ns3:hr>135</ns3:hr>
            <ns3:cad>84</ns3:cad>
          </ns3:TrackPointExtension>
        </extensions>
      </trkpt>
      <trkpt lat="37.52526124007999897003173828125" lon="127.120484299957752227783203125">
        <ele>24.6000003814697265625</ele>
        <time>2026-05-24T00:46:02.000Z</time>
        <extensions>
          <ns3:TrackPointExtension>
            <ns3:hr>134</ns3:hr>
            <ns3:cad>85</ns3:cad>
          </ns3:TrackPointExtension>
        </extensions>
      </trkpt>
      <trkpt lat="37.52525738440454006195068359375" lon="127.12045940570533275604248046875">
        <ele>24.6000003814697265625</ele>
        <time>2026-05-24T00:46:03.000Z</time>
        <extensions>
          <ns3:TrackPointExtension>
            <ns3:hr>134</ns3:hr>
            <ns3:cad>85</ns3:cad>
          </ns3:TrackPointExtension>
        </extensions>
      </trkpt>
      <trkpt lat="37.52524900250136852264404296875" lon="127.12042269296944141387939453125">
        <ele>24.6000003814697265625</ele>
        <time>2026-05-24T00:46:04.000Z</time>
        <extensions>
          <ns3:TrackPointExtension>
            <ns3:hr>134</ns3:hr>
            <ns3:cad>85</ns3:cad>
          </ns3:TrackPointExtension>
        </extensions>
      </trkpt>
      <trkpt lat="37.52524028532207012176513671875" lon="127.120393104851245880126953125">
        <ele>24.799999237060546875</ele>
        <time>2026-05-24T00:46:05.000Z</time>
        <extensions>
          <ns3:TrackPointExtension>
            <ns3:hr>134</ns3:hr>
            <ns3:cad>85</ns3:cad>
          </ns3:TrackPointExtension>
        </extensions>
      </trkpt>
      <trkpt lat="37.525232993066310882568359375" lon="127.12036334909498691558837890625">
        <ele>24.799999237060546875</ele>
        <time>2026-05-24T00:46:06.000Z</time>
        <extensions>
          <ns3:TrackPointExtension>
            <ns3:hr>134</ns3:hr>
            <ns3:cad>85</ns3:cad>
          </ns3:TrackPointExtension>
        </extensions>
      </trkpt>
      <trkpt lat="37.52522192895412445068359375" lon="127.1203299053013324737548828125">
        <ele>24.799999237060546875</ele>
        <time>2026-05-24T00:46:07.000Z</time>
        <extensions>
          <ns3:TrackPointExtension>
            <ns3:hr>134</ns3:hr>
            <ns3:cad>84</ns3:cad>
          </ns3:TrackPointExtension>
        </extensions>
      </trkpt>
      <trkpt lat="37.52521329559385776519775390625" lon="127.1203024126589298248291015625">
        <ele>24.799999237060546875</ele>
        <time>2026-05-24T00:46:08.000Z</time>
        <extensions>
          <ns3:TrackPointExtension>
            <ns3:hr>133</ns3:hr>
            <ns3:cad>84</ns3:cad>
          </ns3:TrackPointExtension>
        </extensions>
      </trkpt>
      <trkpt lat="37.5252090208232402801513671875" lon="127.12026737630367279052734375">
        <ele>24.799999237060546875</ele>
        <time>2026-05-24T00:46:09.000Z</time>
        <extensions>
          <ns3:TrackPointExtension>
            <ns3:hr>133</ns3:hr>
            <ns3:cad>84</ns3:cad>
          </ns3:TrackPointExtension>
        </extensions>
      </trkpt>
      <trkpt lat="37.52520449459552764892578125" lon="127.12023845873773097991943359375">
        <ele>24.799999237060546875</ele>
        <time>2026-05-24T00:46:10.000Z</time>
        <extensions>
          <ns3:TrackPointExtension>
            <ns3:hr>133</ns3:hr>
            <ns3:cad>84</ns3:cad>
          </ns3:TrackPointExtension>
        </extensions>
      </trkpt>
      <trkpt lat="37.5251956097781658172607421875" lon="127.12020426057279109954833984375">
        <ele>24.6000003814697265625</ele>
        <time>2026-05-24T00:46:11.000Z</time>
        <extensions>
          <ns3:TrackPointExtension>
            <ns3:hr>133</ns3:hr>
            <ns3:cad>84</ns3:cad>
          </ns3:TrackPointExtension>
        </extensions>
      </trkpt>
      <trkpt lat="37.5251917541027069091796875" lon="127.12017274461686611175537109375">
        <ele>24.6000003814697265625</ele>
        <time>2026-05-24T00:46:12.000Z</time>
        <extensions>
          <ns3:TrackPointExtension>
            <ns3:hr>133</ns3:hr>
            <ns3:cad>84</ns3:cad>
          </ns3:TrackPointExtension>
        </extensions>
      </trkpt>
      <trkpt lat="37.52518546767532825469970703125" lon="127.12015204131603240966796875">
        <ele>24.6000003814697265625</ele>
        <time>2026-05-24T00:46:13.000Z</time>
        <extensions>
          <ns3:TrackPointExtension>
            <ns3:hr>132</ns3:hr>
            <ns3:cad>84</ns3:cad>
          </ns3:TrackPointExtension>
        </extensions>
      </trkpt>
      <trkpt lat="37.52517725341022014617919921875" lon="127.1201196871697902679443359375">
        <ele>24.799999237060546875</ele>
        <time>2026-05-24T00:46:14.000Z</time>
        <extensions>
          <ns3:TrackPointExtension>
            <ns3:hr>132</ns3:hr>
            <ns3:cad>84</ns3:cad>
          </ns3:TrackPointExtension>
        </extensions>
      </trkpt>
      <trkpt lat="37.5251724757254123687744140625" lon="127.1200925298035144805908203125">
        <ele>24.799999237060546875</ele>
        <time>2026-05-24T00:46:15.000Z</time>
        <extensions>
          <ns3:TrackPointExtension>
            <ns3:hr>132</ns3:hr>
            <ns3:cad>84</ns3:cad>
          </ns3:TrackPointExtension>
        </extensions>
      </trkpt>
      <trkpt lat="37.52516292035579681396484375" lon="127.12005640380084514617919921875">
        <ele>24.799999237060546875</ele>
        <time>2026-05-24T00:46:16.000Z</time>
        <extensions>
          <ns3:TrackPointExtension>
            <ns3:hr>132</ns3:hr>
            <ns3:cad>84</ns3:cad>
          </ns3:TrackPointExtension>
        </extensions>
      </trkpt>
      <trkpt lat="37.52515487372875213623046875" lon="127.12002237327396869659423828125">
        <ele>24.799999237060546875</ele>
        <time>2026-05-24T00:46:17.000Z</time>
        <extensions>
          <ns3:TrackPointExtension>
            <ns3:hr>131</ns3:hr>
            <ns3:cad>84</ns3:cad>
          </ns3:TrackPointExtension>
        </extensions>
      </trkpt>
      <trkpt lat="37.5251473300158977508544921875" lon="127.11999856866896152496337890625">
        <ele>24.799999237060546875</ele>
        <time>2026-05-24T00:46:18.000Z</time>
        <extensions>
          <ns3:TrackPointExtension>
            <ns3:hr>131</ns3:hr>
            <ns3:cad>85</ns3:cad>
          </ns3:TrackPointExtension>
        </extensions>
      </trkpt>
      <trkpt lat="37.52514121122658252716064453125" lon="127.119959257543087005615234375">
        <ele>24.799999237060546875</ele>
        <time>2026-05-24T00:46:19.000Z</time>
        <extensions>
          <ns3:TrackPointExtension>
            <ns3:hr>131</ns3:hr>
            <ns3:cad>85</ns3:cad>
          </ns3:TrackPointExtension>
        </extensions>
      </trkpt>
      <trkpt lat="37.52512964420020580291748046875" lon="127.11993855424225330352783203125">
        <ele>24.799999237060546875</ele>
        <time>2026-05-24T00:46:20.000Z</time>
        <extensions>
          <ns3:TrackPointExtension>
            <ns3:hr>131</ns3:hr>
            <ns3:cad>85</ns3:cad>
          </ns3:TrackPointExtension>
        </extensions>
      </trkpt>
      <trkpt lat="37.52512277103960514068603515625" lon="127.1199024282395839691162109375">
        <ele>24.799999237060546875</ele>
        <time>2026-05-24T00:46:21.000Z</time>
        <extensions>
          <ns3:TrackPointExtension>
            <ns3:hr>131</ns3:hr>
            <ns3:cad>85</ns3:cad>
          </ns3:TrackPointExtension>
        </extensions>
      </trkpt>
      <trkpt lat="37.5251144729554653167724609375" lon="127.11987577378749847412109375">
        <ele>24.799999237060546875</ele>
        <time>2026-05-24T00:46:22.000Z</time>
        <extensions>
          <ns3:TrackPointExtension>
            <ns3:hr>131</ns3:hr>
            <ns3:cad>84</ns3:cad>
          </ns3:TrackPointExtension>
        </extensions>
      </trkpt>
      <trkpt lat="37.52510751597583293914794921875" lon="127.11984752677381038665771484375">
        <ele>25</ele>
        <time>2026-05-24T00:46:23.000Z</time>
        <extensions>
          <ns3:TrackPointExtension>
            <ns3:hr>131</ns3:hr>
            <ns3:cad>84</ns3:cad>
          </ns3:TrackPointExtension>
        </extensions>
      </trkpt>
      <trkpt lat="37.52509988844394683837890625" lon="127.11980695836246013641357421875">
        <ele>25</ele>
        <time>2026-05-24T00:46:24.000Z</time>
        <extensions>
          <ns3:TrackPointExtension>
            <ns3:hr>131</ns3:hr>
            <ns3:cad>84</ns3:cad>
          </ns3:TrackPointExtension>
        </extensions>
      </trkpt>
      <trkpt lat="37.52509444020688533782958984375" lon="127.1197837404906749725341796875">
        <ele>25</ele>
        <time>2026-05-24T00:46:25.000Z</time>
        <extensions>
          <ns3:TrackPointExtension>
            <ns3:hr>131</ns3:hr>
            <ns3:cad>84</ns3:cad>
          </ns3:TrackPointExtension>
        </extensions>
      </trkpt>
      <trkpt lat="37.52508572302758693695068359375" lon="127.11974509991705417633056640625">
        <ele>25</ele>
        <time>2026-05-24T00:46:26.000Z</time>
        <extensions>
          <ns3:TrackPointExtension>
            <ns3:hr>131</ns3:hr>
            <ns3:cad>84</ns3:cad>
          </ns3:TrackPointExtension>
        </extensions>
      </trkpt>
      <trkpt lat="37.525080777704715728759765625" lon="127.119717188179492950439453125">
        <ele>25</ele>
        <time>2026-05-24T00:46:27.000Z</time>
        <extensions>
          <ns3:TrackPointExtension>
            <ns3:hr>131</ns3:hr>
            <ns3:cad>85</ns3:cad>
          </ns3:TrackPointExtension>
        </extensions>
      </trkpt>
      <trkpt lat="37.52507030032575130462646484375" lon="127.11968290619552135467529296875">
        <ele>25</ele>
        <time>2026-05-24T00:46:28.000Z</time>
        <extensions>
          <ns3:TrackPointExtension>
            <ns3:hr>131</ns3:hr>
            <ns3:cad>85</ns3:cad>
          </ns3:TrackPointExtension>
        </extensions>
      </trkpt>
      <trkpt lat="37.52506594173610210418701171875" lon="127.119645774364471435546875">
        <ele>24.799999237060546875</ele>
        <time>2026-05-24T00:46:29.000Z</time>
        <extensions>
          <ns3:TrackPointExtension>
            <ns3:hr>131</ns3:hr>
            <ns3:cad>85</ns3:cad>
          </ns3:TrackPointExtension>
        </extensions>
      </trkpt>
      <trkpt lat="37.52505973912775516510009765625" lon="127.11961752735078334808349609375">
        <ele>24.799999237060546875</ele>
        <time>2026-05-24T00:46:30.000Z</time>
        <extensions>
          <ns3:TrackPointExtension>
            <ns3:hr>131</ns3:hr>
            <ns3:cad>84</ns3:cad>
          </ns3:TrackPointExtension>
        </extensions>
      </trkpt>
      <trkpt lat="37.5250480882823467254638671875" lon="127.11958668194711208343505859375">
        <ele>24.799999237060546875</ele>
        <time>2026-05-24T00:46:31.000Z</time>
        <extensions>
          <ns3:TrackPointExtension>
            <ns3:hr>131</ns3:hr>
            <ns3:cad>84</ns3:cad>
          </ns3:TrackPointExtension>
        </extensions>
      </trkpt>
      <trkpt lat="37.525044567883014678955078125" lon="127.11956103332340717315673828125">
        <ele>24.799999237060546875</ele>
        <time>2026-05-24T00:46:32.000Z</time>
        <extensions>
          <ns3:TrackPointExtension>
            <ns3:hr>131</ns3:hr>
            <ns3:cad>84</ns3:cad>
          </ns3:TrackPointExtension>
        </extensions>
      </trkpt>
      <trkpt lat="37.52503593452274799346923828125" lon="127.119526080787181854248046875">
        <ele>24.799999237060546875</ele>
        <time>2026-05-24T00:46:33.000Z</time>
        <extensions>
          <ns3:TrackPointExtension>
            <ns3:hr>130</ns3:hr>
            <ns3:cad>84</ns3:cad>
          </ns3:TrackPointExtension>
        </extensions>
      </trkpt>
      <trkpt lat="37.5250246189534664154052734375" lon="127.119491212069988250732421875">
        <ele>24.799999237060546875</ele>
        <time>2026-05-24T00:46:34.000Z</time>
        <extensions>
          <ns3:TrackPointExtension>
            <ns3:hr>131</ns3:hr>
            <ns3:cad>84</ns3:cad>
          </ns3:TrackPointExtension>
        </extensions>
      </trkpt>
      <trkpt lat="37.5250165723264217376708984375" lon="127.1194638870656490325927734375">
        <ele>25</ele>
        <time>2026-05-24T00:46:35.000Z</time>
        <extensions>
          <ns3:TrackPointExtension>
            <ns3:hr>131</ns3:hr>
            <ns3:cad>84</ns3:cad>
          </ns3:TrackPointExtension>
        </extensions>
      </trkpt>
      <trkpt lat="37.5250055082142353057861328125" lon="127.119434885680675506591796875">
        <ele>25</ele>
        <time>2026-05-24T00:46:36.000Z</time>
        <extensions>
          <ns3:TrackPointExtension>
            <ns3:hr>130</ns3:hr>
            <ns3:cad>84</ns3:cad>
          </ns3:TrackPointExtension>
        </extensions>
      </trkpt>
      <trkpt lat="37.52499670721590518951416015625" lon="127.1194082312285900115966796875">
        <ele>25.200000762939453125</ele>
        <time>2026-05-24T00:46:37.000Z</time>
        <extensions>
          <ns3:TrackPointExtension>
            <ns3:hr>130</ns3:hr>
            <ns3:cad>84</ns3:cad>
          </ns3:TrackPointExtension>
        </extensions>
      </trkpt>
      <trkpt lat="37.5249857269227504730224609375" lon="127.11937344633042812347412109375">
        <ele>25</ele>
        <time>2026-05-24T00:46:38.000Z</time>
        <extensions>
          <ns3:TrackPointExtension>
            <ns3:hr>130</ns3:hr>
            <ns3:cad>84</ns3:cad>
          </ns3:TrackPointExtension>
        </extensions>
      </trkpt>
      <trkpt lat="37.52497893758118152618408203125" lon="127.1193351410329341888427734375">
        <ele>25</ele>
        <time>2026-05-24T00:46:39.000Z</time>
        <extensions>
          <ns3:TrackPointExtension>
            <ns3:hr>130</ns3:hr>
            <ns3:cad>84</ns3:cad>
          </ns3:TrackPointExtension>
        </extensions>
      </trkpt>
      <trkpt lat="37.5249696336686611175537109375" lon="127.11930605582892894744873046875">
        <ele>25</ele>
        <time>2026-05-24T00:46:40.000Z</time>
        <extensions>
          <ns3:TrackPointExtension>
            <ns3:hr>130</ns3:hr>
            <ns3:cad>84</ns3:cad>
          </ns3:TrackPointExtension>
        </extensions>
      </trkpt>
      <trkpt lat="37.52496519125998020172119140625" lon="127.119263224303722381591796875">
        <ele>25</ele>
        <time>2026-05-24T00:46:41.000Z</time>
        <extensions>
          <ns3:TrackPointExtension>
            <ns3:hr>130</ns3:hr>
            <ns3:cad>84</ns3:cad>
          </ns3:TrackPointExtension>
        </extensions>
      </trkpt>
      <trkpt lat="37.52495731227099895477294921875" lon="127.1192375756800174713134765625">
        <ele>25</ele>
        <time>2026-05-24T00:46:42.000Z</time>
        <extensions>
          <ns3:TrackPointExtension>
            <ns3:hr>130</ns3:hr>
            <ns3:cad>84</ns3:cad>
          </ns3:TrackPointExtension>
        </extensions>
      </trkpt>
      <trkpt lat="37.52494993619620800018310546875" lon="127.119202874600887298583984375">
        <ele>25</ele>
        <time>2026-05-24T00:46:43.000Z</time>
        <extensions>
          <ns3:TrackPointExtension>
            <ns3:hr>130</ns3:hr>
            <ns3:cad>84</ns3:cad>
          </ns3:TrackPointExtension>
        </extensions>
      </trkpt>
      <trkpt lat="37.52493895590305328369140625" lon="127.11916792206466197967529296875">
        <ele>25</ele>
        <time>2026-05-24T00:46:44.000Z</time>
        <extensions>
          <ns3:TrackPointExtension>
            <ns3:hr>130</ns3:hr>
            <ns3:cad>84</ns3:cad>
          </ns3:TrackPointExtension>
        </extensions>
      </trkpt>
      <trkpt lat="37.52492797560989856719970703125" lon="127.11914177052676677703857421875">
        <ele>25</ele>
        <time>2026-05-24T00:46:45.000Z</time>
        <extensions>
          <ns3:TrackPointExtension>
            <ns3:hr>130</ns3:hr>
            <ns3:cad>84</ns3:cad>
          </ns3:TrackPointExtension>
        </extensions>
      </trkpt>
      <trkpt lat="37.5249206833541393280029296875" lon="127.11910589598119258880615234375">
        <ele>25</ele>
        <time>2026-05-24T00:46:46.000Z</time>
        <extensions>
          <ns3:TrackPointExtension>
            <ns3:hr>130</ns3:hr>
            <ns3:cad>84</ns3:cad>
          </ns3:TrackPointExtension>
        </extensions>
      </trkpt>
      <trkpt lat="37.52491347491741180419921875" lon="127.11908192373812198638916015625">
        <ele>25</ele>
        <time>2026-05-24T00:46:47.000Z</time>
        <extensions>
          <ns3:TrackPointExtension>
            <ns3:hr>129</ns3:hr>
            <ns3:cad>84</ns3:cad>
          </ns3:TrackPointExtension>
        </extensions>
      </trkpt>
      <trkpt lat="37.524905093014240264892578125" lon="127.11904135532677173614501953125">
        <ele>25</ele>
        <time>2026-05-24T00:46:48.000Z</time>
        <extensions>
          <ns3:TrackPointExtension>
            <ns3:hr>130</ns3:hr>
            <ns3:cad>84</ns3:cad>
          </ns3:TrackPointExtension>
        </extensions>
      </trkpt>
      <trkpt lat="37.52489897422492504119873046875" lon="127.119009755551815032958984375">
        <ele>25</ele>
        <time>2026-05-24T00:46:49.000Z</time>
        <extensions>
          <ns3:TrackPointExtension>
            <ns3:hr>130</ns3:hr>
            <ns3:cad>84</ns3:cad>
          </ns3:TrackPointExtension>
        </extensions>
      </trkpt>
      <trkpt lat="37.5248905085027217864990234375" lon="127.11898268200457096099853515625">
        <ele>25</ele>
        <time>2026-05-24T00:46:50.000Z</time>
        <extensions>
          <ns3:TrackPointExtension>
            <ns3:hr>130</ns3:hr>
            <ns3:cad>84</ns3:cad>
          </ns3:TrackPointExtension>
        </extensions>
      </trkpt>
      <trkpt lat="37.5248844735324382781982421875" lon="127.11894529871642589569091796875">
        <ele>25</ele>
        <time>2026-05-24T00:46:51.000Z</time>
        <extensions>
          <ns3:TrackPointExtension>
            <ns3:hr>130</ns3:hr>
            <ns3:cad>84</ns3:cad>
          </ns3:TrackPointExtension>
        </extensions>
      </trkpt>
      <trkpt lat="37.52487600781023502349853515625" lon="127.11892048828303813934326171875">
        <ele>25</ele>
        <time>2026-05-24T00:46:52.000Z</time>
        <extensions>
          <ns3:TrackPointExtension>
            <ns3:hr>130</ns3:hr>
            <ns3:cad>84</ns3:cad>
          </ns3:TrackPointExtension>
        </extensions>
      </trkpt>
      <trkpt lat="37.5248677097260951995849609375" lon="127.11888201534748077392578125">
        <ele>24.799999237060546875</ele>
        <time>2026-05-24T00:46:53.000Z</time>
        <extensions>
          <ns3:TrackPointExtension>
            <ns3:hr>131</ns3:hr>
            <ns3:cad>84</ns3:cad>
          </ns3:TrackPointExtension>
        </extensions>
      </trkpt>
      <trkpt lat="37.524863518774509429931640625" lon="127.1188585460186004638671875">
        <ele>24.799999237060546875</ele>
        <time>2026-05-24T00:46:54.000Z</time>
        <extensions>
          <ns3:TrackPointExtension>
            <ns3:hr>131</ns3:hr>
            <ns3:cad>85</ns3:cad>
          </ns3:TrackPointExtension>
        </extensions>
      </trkpt>
      <trkpt lat="37.52485505305230617523193359375" lon="127.1188221685588359832763671875">
        <ele>25</ele>
        <time>2026-05-24T00:46:55.000Z</time>
        <extensions>
          <ns3:TrackPointExtension>
            <ns3:hr>131</ns3:hr>
            <ns3:cad>85</ns3:cad>
          </ns3:TrackPointExtension>
        </extensions>
      </trkpt>
      <trkpt lat="37.52485019154846668243408203125" lon="127.11878805421292781829833984375">
        <ele>25</ele>
        <time>2026-05-24T00:46:56.000Z</time>
        <extensions>
          <ns3:TrackPointExtension>
            <ns3:hr>131</ns3:hr>
            <ns3:cad>84</ns3:cad>
          </ns3:TrackPointExtension>
        </extensions>
      </trkpt>
      <trkpt lat="37.524842731654644012451171875" lon="127.11876609362661838531494140625">
        <ele>25</ele>
        <time>2026-05-24T00:46:57.000Z</time>
        <extensions>
          <ns3:TrackPointExtension>
            <ns3:hr>130</ns3:hr>
            <ns3:cad>83</ns3:cad>
          </ns3:TrackPointExtension>
        </extensions>
      </trkpt>
      <trkpt lat="37.52483812160789966583251953125" lon="127.11872686631977558135986328125">
        <ele>25</ele>
        <time>2026-05-24T00:46:58.000Z</time>
        <extensions>
          <ns3:TrackPointExtension>
            <ns3:hr>131</ns3:hr>
            <ns3:cad>83</ns3:cad>
          </ns3:TrackPointExtension>
        </extensions>
      </trkpt>
      <trkpt lat="37.52483409829437732696533203125" lon="127.1187081746757030487060546875">
        <ele>25</ele>
        <time>2026-05-24T00:46:59.000Z</time>
        <extensions>
          <ns3:TrackPointExtension>
            <ns3:hr>131</ns3:hr>
            <ns3:cad>84</ns3:cad>
          </ns3:TrackPointExtension>
        </extensions>
      </trkpt>
      <trkpt lat="37.52482856623828411102294921875" lon="127.1186721324920654296875">
        <ele>25</ele>
        <time>2026-05-24T00:47:00.000Z</time>
        <extensions>
          <ns3:TrackPointExtension>
            <ns3:hr>130</ns3:hr>
            <ns3:cad>84</ns3:cad>
          </ns3:TrackPointExtension>
        </extensions>
      </trkpt>
      <trkpt lat="37.5248214416205883026123046875" lon="127.11863785050809383392333984375">
        <ele>25</ele>
        <time>2026-05-24T00:47:01.000Z</time>
        <extensions>
          <ns3:TrackPointExtension>
            <ns3:hr>130</ns3:hr>
            <ns3:cad>84</ns3:cad>
          </ns3:TrackPointExtension>
        </extensions>
      </trkpt>
      <trkpt lat="37.5248162448406219482421875" lon="127.11860951967537403106689453125">
        <ele>25</ele>
        <time>2026-05-24T00:47:02.000Z</time>
        <extensions>
          <ns3:TrackPointExtension>
            <ns3:hr>130</ns3:hr>
            <ns3:cad>85</ns3:cad>
          </ns3:TrackPointExtension>
        </extensions>
      </trkpt>
      <trkpt lat="37.52481012605130672454833984375" lon="127.11856593377888202667236328125">
        <ele>25</ele>
        <time>2026-05-24T00:47:03.000Z</time>
        <extensions>
          <ns3:TrackPointExtension>
            <ns3:hr>130</ns3:hr>
            <ns3:cad>85</ns3:cad>
          </ns3:TrackPointExtension>
        </extensions>
      </trkpt>
      <trkpt lat="37.5248070247471332550048828125" lon="127.11853961460292339324951171875">
        <ele>25</ele>
        <time>2026-05-24T00:47:04.000Z</time>
        <extensions>
          <ns3:TrackPointExtension>
            <ns3:hr>130</ns3:hr>
            <ns3:cad>85</ns3:cad>
          </ns3:TrackPointExtension>
        </extensions>
      </trkpt>
      <trkpt lat="37.52480274997651576995849609375" lon="127.11850005201995372772216796875">
        <ele>25</ele>
        <time>2026-05-24T00:47:05.000Z</time>
        <extensions>
          <ns3:TrackPointExtension>
            <ns3:hr>131</ns3:hr>
            <ns3:cad>85</ns3:cad>
          </ns3:TrackPointExtension>
        </extensions>
      </trkpt>
      <trkpt lat="37.52479839138686656951904296875" lon="127.11847071535885334014892578125">
        <ele>25</ele>
        <time>2026-05-24T00:47:06.000Z</time>
        <extensions>
          <ns3:TrackPointExtension>
            <ns3:hr>130</ns3:hr>
            <ns3:cad>85</ns3:cad>
          </ns3:TrackPointExtension>
        </extensions>
      </trkpt>
      <trkpt lat="37.52479403279721736907958984375" lon="127.11843735538423061370849609375">
        <ele>25</ele>
        <time>2026-05-24T00:47:07.000Z</time>
        <extensions>
          <ns3:TrackPointExtension>
            <ns3:hr>130</ns3:hr>
            <ns3:cad>84</ns3:cad>
          </ns3:TrackPointExtension>
        </extensions>
      </trkpt>
      <trkpt lat="37.52479202114045619964599609375" lon="127.11840298958122730255126953125">
        <ele>25</ele>
        <time>2026-05-24T00:47:08.000Z</time>
        <extensions>
          <ns3:TrackPointExtension>
            <ns3:hr>130</ns3:hr>
            <ns3:cad>84</ns3:cad>
          </ns3:TrackPointExtension>
        </extensions>
      </trkpt>
      <trkpt lat="37.52479118295013904571533203125" lon="127.1183816157281398773193359375">
        <ele>25.200000762939453125</ele>
        <time>2026-05-24T00:47:09.000Z</time>
        <extensions>
          <ns3:TrackPointExtension>
            <ns3:hr>130</ns3:hr>
            <ns3:cad>84</ns3:cad>
          </ns3:TrackPointExtension>
        </extensions>
      </trkpt>
      <trkpt lat="37.52479118295013904571533203125" lon="127.1183360181748867034912109375">
        <ele>25.200000762939453125</ele>
        <time>2026-05-24T00:47:10.000Z</time>
        <extensions>
          <ns3:TrackPointExtension>
            <ns3:hr>129</ns3:hr>
            <ns3:cad>84</ns3:cad>
          </ns3:TrackPointExtension>
        </extensions>
      </trkpt>
      <trkpt lat="37.52478749491274356842041015625" lon="127.11831204593181610107421875">
        <ele>25</ele>
        <time>2026-05-24T00:47:11.000Z</time>
        <extensions>
          <ns3:TrackPointExtension>
            <ns3:hr>129</ns3:hr>
            <ns3:cad>84</ns3:cad>
          </ns3:TrackPointExtension>
        </extensions>
      </trkpt>
      <trkpt lat="37.52478816546499729156494140625" lon="127.1182765066623687744140625">
        <ele>25</ele>
        <time>2026-05-24T00:47:12.000Z</time>
        <extensions>
          <ns3:TrackPointExtension>
            <ns3:hr>129</ns3:hr>
            <ns3:cad>85</ns3:cad>
          </ns3:TrackPointExtension>
        </extensions>
      </trkpt>
      <trkpt lat="37.52478741109371185302734375" lon="127.11824742145836353302001953125">
        <ele>25</ele>
        <time>2026-05-24T00:47:13.000Z</time>
        <extensions>
          <ns3:TrackPointExtension>
            <ns3:hr>129</ns3:hr>
            <ns3:cad>85</ns3:cad>
          </ns3:TrackPointExtension>
        </extensions>
      </trkpt>
      <trkpt lat="37.5247828848659992218017578125" lon="127.1182216890156269073486328125">
        <ele>25</ele>
        <time>2026-05-24T00:47:14.000Z</time>
        <extensions>
          <ns3:TrackPointExtension>
            <ns3:hr>129</ns3:hr>
            <ns3:cad>85</ns3:cad>
          </ns3:TrackPointExtension>
        </extensions>
      </trkpt>
      <trkpt lat="37.52477877773344516754150390625" lon="127.118182964622974395751953125">
        <ele>25</ele>
        <time>2026-05-24T00:47:15.000Z</time>
        <extensions>
          <ns3:TrackPointExtension>
            <ns3:hr>129</ns3:hr>
            <ns3:cad>85</ns3:cad>
          </ns3:TrackPointExtension>
        </extensions>
      </trkpt>
      <trkpt lat="37.52477156929671764373779296875" lon="127.11815907619893550872802734375">
        <ele>25</ele>
        <time>2026-05-24T00:47:16.000Z</time>
        <extensions>
          <ns3:TrackPointExtension>
            <ns3:hr>129</ns3:hr>
            <ns3:cad>85</ns3:cad>
          </ns3:TrackPointExtension>
        </extensions>
      </trkpt>
      <trkpt lat="37.52476268447935581207275390625" lon="127.11812202818691730499267578125">
        <ele>25</ele>
        <time>2026-05-24T00:47:17.000Z</time>
        <extensions>
          <ns3:TrackPointExtension>
            <ns3:hr>128</ns3:hr>
            <ns3:cad>85</ns3:cad>
          </ns3:TrackPointExtension>
        </extensions>
      </trkpt>
      <trkpt lat="37.5247510336339473724365234375" lon="127.1180912666022777557373046875">
        <ele>25</ele>
        <time>2026-05-24T00:47:18.000Z</time>
        <extensions>
          <ns3:TrackPointExtension>
            <ns3:hr>128</ns3:hr>
            <ns3:cad>85</ns3:cad>
          </ns3:TrackPointExtension>
        </extensions>
      </trkpt>
      <trkpt lat="37.524738125503063201904296875" lon="127.11806050501763820648193359375">
        <ele>25</ele>
        <time>2026-05-24T00:47:19.000Z</time>
        <extensions>
          <ns3:TrackPointExtension>
            <ns3:hr>128</ns3:hr>
            <ns3:cad>85</ns3:cad>
          </ns3:TrackPointExtension>
        </extensions>
      </trkpt>
      <trkpt lat="37.5247275643050670623779296875" lon="127.11802714504301548004150390625">
        <ele>25</ele>
        <time>2026-05-24T00:47:20.000Z</time>
        <extensions>
          <ns3:TrackPointExtension>
            <ns3:hr>127</ns3:hr>
            <ns3:cad>85</ns3:cad>
          </ns3:TrackPointExtension>
        </extensions>
      </trkpt>
      <trkpt lat="37.52471633255481719970703125" lon="127.118007279932498931884765625">
        <ele>25</ele>
        <time>2026-05-24T00:47:21.000Z</time>
        <extensions>
          <ns3:TrackPointExtension>
            <ns3:hr>127</ns3:hr>
            <ns3:cad>85</ns3:cad>
          </ns3:TrackPointExtension>
        </extensions>
      </trkpt>
      <trkpt lat="37.52469764091074466705322265625" lon="127.117971740663051605224609375">
        <ele>25</ele>
        <time>2026-05-24T00:47:22.000Z</time>
        <extensions>
          <ns3:TrackPointExtension>
            <ns3:hr>127</ns3:hr>
            <ns3:cad>85</ns3:cad>
          </ns3:TrackPointExtension>
        </extensions>
      </trkpt>
      <trkpt lat="37.52468272112309932708740234375" lon="127.11794651113450527191162109375">
        <ele>25</ele>
        <time>2026-05-24T00:47:23.000Z</time>
        <extensions>
          <ns3:TrackPointExtension>
            <ns3:hr>127</ns3:hr>
            <ns3:cad>85</ns3:cad>
          </ns3:TrackPointExtension>
        </extensions>
      </trkpt>
      <trkpt lat="37.52466830424964427947998046875" lon="127.11791868321597576141357421875">
        <ele>25</ele>
        <time>2026-05-24T00:47:24.000Z</time>
        <extensions>
          <ns3:TrackPointExtension>
            <ns3:hr>127</ns3:hr>
            <ns3:cad>84</ns3:cad>
          </ns3:TrackPointExtension>
        </extensions>
      </trkpt>
      <trkpt lat="37.52465338446199893951416015625" lon="127.117887921631336212158203125">
        <ele>25.200000762939453125</ele>
        <time>2026-05-24T00:47:25.000Z</time>
        <extensions>
          <ns3:TrackPointExtension>
            <ns3:hr>127</ns3:hr>
            <ns3:cad>84</ns3:cad>
          </ns3:TrackPointExtension>
        </extensions>
      </trkpt>
      <trkpt lat="37.52464097924530506134033203125" lon="127.1178629435598850250244140625">
        <ele>25.200000762939453125</ele>
        <time>2026-05-24T00:47:26.000Z</time>
        <extensions>
          <ns3:TrackPointExtension>
            <ns3:hr>127</ns3:hr>
            <ns3:cad>84</ns3:cad>
          </ns3:TrackPointExtension>
        </extensions>
      </trkpt>
      <trkpt lat="37.52462471835315227508544921875" lon="127.11782790720462799072265625">
        <ele>25.200000762939453125</ele>
        <time>2026-05-24T00:47:27.000Z</time>
        <extensions>
          <ns3:TrackPointExtension>
            <ns3:hr>127</ns3:hr>
            <ns3:cad>84</ns3:cad>
          </ns3:TrackPointExtension>
        </extensions>
      </trkpt>
      <trkpt lat="37.52461533062160015106201171875" lon="127.11780670098960399627685546875">
        <ele>25.200000762939453125</ele>
        <time>2026-05-24T00:47:28.000Z</time>
        <extensions>
          <ns3:TrackPointExtension>
            <ns3:hr>127</ns3:hr>
            <ns3:cad>84</ns3:cad>
          </ns3:TrackPointExtension>
        </extensions>
      </trkpt>
      <trkpt lat="37.52459823153913021087646484375" lon="127.117773927748203277587890625">
        <ele>25.200000762939453125</ele>
        <time>2026-05-24T00:47:29.000Z</time>
        <extensions>
          <ns3:TrackPointExtension>
            <ns3:hr>126</ns3:hr>
            <ns3:cad>84</ns3:cad>
          </ns3:TrackPointExtension>
        </extensions>
      </trkpt>
      <trkpt lat="37.524579204618930816650390625" lon="127.11774635128676891326904296875">
        <ele>25.3999996185302734375</ele>
        <time>2026-05-24T00:47:30.000Z</time>
        <extensions>
          <ns3:TrackPointExtension>
            <ns3:hr>127</ns3:hr>
            <ns3:cad>84</ns3:cad>
          </ns3:TrackPointExtension>
        </extensions>
      </trkpt>
      <trkpt lat="37.52455942332744598388671875" lon="127.11772539652884006500244140625">
        <ele>25.3999996185302734375</ele>
        <time>2026-05-24T00:47:31.000Z</time>
        <extensions>
          <ns3:TrackPointExtension>
            <ns3:hr>127</ns3:hr>
            <ns3:cad>84</ns3:cad>
          </ns3:TrackPointExtension>
        </extensions>
      </trkpt>
      <trkpt lat="37.5245408155024051666259765625" lon="127.1177013404667377471923828125">
        <ele>25.200000762939453125</ele>
        <time>2026-05-24T00:47:32.000Z</time>
        <extensions>
          <ns3:TrackPointExtension>
            <ns3:hr>127</ns3:hr>
            <ns3:cad>84</ns3:cad>
          </ns3:TrackPointExtension>
        </extensions>
      </trkpt>
      <trkpt lat="37.5245253928005695343017578125" lon="127.11767904460430145263671875">
        <ele>25.3999996185302734375</ele>
        <time>2026-05-24T00:47:33.000Z</time>
        <extensions>
          <ns3:TrackPointExtension>
            <ns3:hr>126</ns3:hr>
            <ns3:cad>84</ns3:cad>
          </ns3:TrackPointExtension>
        </extensions>
      </trkpt>
      <trkpt lat="37.5245086289942264556884765625" lon="127.1176542341709136962890625">
        <ele>25.3999996185302734375</ele>
        <time>2026-05-24T00:47:34.000Z</time>
        <extensions>
          <ns3:TrackPointExtension>
            <ns3:hr>127</ns3:hr>
            <ns3:cad>84</ns3:cad>
          </ns3:TrackPointExtension>
        </extensions>
      </trkpt>
      <trkpt lat="37.52448993735015392303466796875" lon="127.117628753185272216796875">
        <ele>25.3999996185302734375</ele>
        <time>2026-05-24T00:47:35.000Z</time>
        <extensions>
          <ns3:TrackPointExtension>
            <ns3:hr>127</ns3:hr>
            <ns3:cad>84</ns3:cad>
          </ns3:TrackPointExtension>
        </extensions>
      </trkpt>
      <trkpt lat="37.52447619102895259857177734375" lon="127.11761274375021457672119140625">
        <ele>25.3999996185302734375</ele>
        <time>2026-05-24T00:47:36.000Z</time>
        <extensions>
          <ns3:TrackPointExtension>
            <ns3:hr>126</ns3:hr>
            <ns3:cad>84</ns3:cad>
          </ns3:TrackPointExtension>
        </extensions>
      </trkpt>
      <trkpt lat="37.52445708028972148895263671875" lon="127.11758156307041645050048828125">
        <ele>25.6000003814697265625</ele>
        <time>2026-05-24T00:47:37.000Z</time>
        <extensions>
          <ns3:TrackPointExtension>
            <ns3:hr>127</ns3:hr>
            <ns3:cad>84</ns3:cad>
          </ns3:TrackPointExtension>
        </extensions>
      </trkpt>
      <trkpt lat="37.52443738281726837158203125" lon="127.11756127886474132537841796875">
        <ele>25.6000003814697265625</ele>
        <time>2026-05-24T00:47:38.000Z</time>
        <extensions>
          <ns3:TrackPointExtension>
            <ns3:hr>127</ns3:hr>
            <ns3:cad>84</ns3:cad>
          </ns3:TrackPointExtension>
        </extensions>
      </trkpt>
      <trkpt lat="37.52441936172544956207275390625" lon="127.1175360493361949920654296875">
        <ele>25.6000003814697265625</ele>
        <time>2026-05-24T00:47:39.000Z</time>
        <extensions>
          <ns3:TrackPointExtension>
            <ns3:hr>126</ns3:hr>
            <ns3:cad>84</ns3:cad>
          </ns3:TrackPointExtension>
        </extensions>
      </trkpt>
      <trkpt lat="37.524402849376201629638671875" lon="127.11750595830380916595458984375">
        <ele>25.6000003814697265625</ele>
        <time>2026-05-24T00:47:40.000Z</time>
        <extensions>
          <ns3:TrackPointExtension>
            <ns3:hr>127</ns3:hr>
            <ns3:cad>84</ns3:cad>
          </ns3:TrackPointExtension>
        </extensions>
      </trkpt>
      <trkpt lat="37.5243872590363025665283203125" lon="127.117489613592624664306640625">
        <ele>25.6000003814697265625</ele>
        <time>2026-05-24T00:47:41.000Z</time>
        <extensions>
          <ns3:TrackPointExtension>
            <ns3:hr>127</ns3:hr>
            <ns3:cad>84</ns3:cad>
          </ns3:TrackPointExtension>
        </extensions>
      </trkpt>
      <trkpt lat="37.52436990849673748016357421875" lon="127.117461450397968292236328125">
        <ele>25.799999237060546875</ele>
        <time>2026-05-24T00:47:42.000Z</time>
        <extensions>
          <ns3:TrackPointExtension>
            <ns3:hr>127</ns3:hr>
            <ns3:cad>84</ns3:cad>
          </ns3:TrackPointExtension>
        </extensions>
      </trkpt>
      <trkpt lat="37.524355910718441009521484375" lon="127.11743772961199283599853515625">
        <ele>25.799999237060546875</ele>
        <time>2026-05-24T00:47:43.000Z</time>
        <extensions>
          <ns3:TrackPointExtension>
            <ns3:hr>127</ns3:hr>
            <ns3:cad>84</ns3:cad>
          </ns3:TrackPointExtension>
        </extensions>
      </trkpt>
      <trkpt lat="37.5243373028934001922607421875" lon="127.1174061298370361328125">
        <ele>25.799999237060546875</ele>
        <time>2026-05-24T00:47:44.000Z</time>
        <extensions>
          <ns3:TrackPointExtension>
            <ns3:hr>127</ns3:hr>
            <ns3:cad>84</ns3:cad>
          </ns3:TrackPointExtension>
        </extensions>
      </trkpt>
      <trkpt lat="37.5243228860199451446533203125" lon="127.1173781342804431915283203125">
        <ele>25.799999237060546875</ele>
        <time>2026-05-24T00:47:45.000Z</time>
        <extensions>
          <ns3:TrackPointExtension>
            <ns3:hr>126</ns3:hr>
            <ns3:cad>85</ns3:cad>
          </ns3:TrackPointExtension>
        </extensions>
      </trkpt>
      <trkpt lat="37.5243057869374752044677734375" lon="127.1173596940934658050537109375">
        <ele>25.799999237060546875</ele>
        <time>2026-05-24T00:47:46.000Z</time>
        <extensions>
          <ns3:TrackPointExtension>
            <ns3:hr>127</ns3:hr>
            <ns3:cad>85</ns3:cad>
          </ns3:TrackPointExtension>
        </extensions>
      </trkpt>
      <trkpt lat="37.52428583800792694091796875" lon="127.11732859723269939422607421875">
        <ele>25.799999237060546875</ele>
        <time>2026-05-24T00:47:47.000Z</time>
        <extensions>
          <ns3:TrackPointExtension>
            <ns3:hr>127</ns3:hr>
            <ns3:cad>84</ns3:cad>
          </ns3:TrackPointExtension>
        </extensions>
      </trkpt>
      <trkpt lat="37.52427066676318645477294921875" lon="127.11731535382568836212158203125">
        <ele>25.799999237060546875</ele>
        <time>2026-05-24T00:47:48.000Z</time>
        <extensions>
          <ns3:TrackPointExtension>
            <ns3:hr>126</ns3:hr>
            <ns3:cad>84</ns3:cad>
          </ns3:TrackPointExtension>
        </extensions>
      </trkpt>
      <trkpt lat="37.52424870617687702178955078125" lon="127.117285765707492828369140625">
        <ele>25.6000003814697265625</ele>
        <time>2026-05-24T00:47:49.000Z</time>
        <extensions>
          <ns3:TrackPointExtension>
            <ns3:hr>127</ns3:hr>
            <ns3:cad>84</ns3:cad>
          </ns3:TrackPointExtension>
        </extensions>
      </trkpt>
      <trkpt lat="37.52423495985567569732666015625" lon="127.11727210320532321929931640625">
        <ele>25.6000003814697265625</ele>
        <time>2026-05-24T00:47:50.000Z</time>
        <extensions>
          <ns3:TrackPointExtension>
            <ns3:hr>127</ns3:hr>
            <ns3:cad>84</ns3:cad>
          </ns3:TrackPointExtension>
        </extensions>
      </trkpt>
      <trkpt lat="37.52421601675450801849365234375" lon="127.11725651286542415618896484375">
        <ele>25.6000003814697265625</ele>
        <time>2026-05-24T00:47:51.000Z</time>
        <extensions>
          <ns3:TrackPointExtension>
            <ns3:hr>127</ns3:hr>
            <ns3:cad>84</ns3:cad>
          </ns3:TrackPointExtension>
        </extensions>
      </trkpt>
      <trkpt lat="37.5241981633007526397705078125" lon="127.11723237298429012298583984375">
        <ele>25.6000003814697265625</ele>
        <time>2026-05-24T00:47:52.000Z</time>
        <extensions>
          <ns3:TrackPointExtension>
            <ns3:hr>127</ns3:hr>
            <ns3:cad>84</ns3:cad>
          </ns3:TrackPointExtension>
        </extensions>
      </trkpt>
      <trkpt lat="37.5241904519498348236083984375" lon="127.11721376515924930572509765625">
        <ele>25.6000003814697265625</ele>
        <time>2026-05-24T00:47:53.000Z</time>
        <extensions>
          <ns3:TrackPointExtension>
            <ns3:hr>127</ns3:hr>
            <ns3:cad>84</ns3:cad>
          </ns3:TrackPointExtension>
        </extensions>
      </trkpt>
      <trkpt lat="37.5241832435131072998046875" lon="127.11719356477260589599609375">
        <ele>25.6000003814697265625</ele>
        <time>2026-05-24T00:47:54.000Z</time>
        <extensions>
          <ns3:TrackPointExtension>
            <ns3:hr>127</ns3:hr>
            <ns3:cad>84</ns3:cad>
          </ns3:TrackPointExtension>
        </extensions>
      </trkpt>
      <trkpt lat="37.52418802119791507720947265625" lon="127.11716732941567897796630859375">
        <ele>25.6000003814697265625</ele>
        <time>2026-05-24T00:47:55.000Z</time>
        <extensions>
          <ns3:TrackPointExtension>
            <ns3:hr>127</ns3:hr>
            <ns3:cad>84</ns3:cad>
          </ns3:TrackPointExtension>
        </extensions>
      </trkpt>
      <trkpt lat="37.52420377917587757110595703125" lon="127.11714972741901874542236328125">
        <ele>25.6000003814697265625</ele>
        <time>2026-05-24T00:47:56.000Z</time>
        <extensions>
          <ns3:TrackPointExtension>
            <ns3:hr>127</ns3:hr>
            <ns3:cad>84</ns3:cad>
          </ns3:TrackPointExtension>
        </extensions>
      </trkpt>
      <trkpt lat="37.52421903423964977264404296875" lon="127.11712474934756755828857421875">
        <ele>25.6000003814697265625</ele>
        <time>2026-05-24T00:47:57.000Z</time>
        <extensions>
          <ns3:TrackPointExtension>
            <ns3:hr>128</ns3:hr>
            <ns3:cad>84</ns3:cad>
          </ns3:TrackPointExtension>
        </extensions>
      </trkpt>
      <trkpt lat="37.5242451019585132598876953125" lon="127.11709859780967235565185546875">
        <ele>25.3999996185302734375</ele>
        <time>2026-05-24T00:47:58.000Z</time>
        <extensions>
          <ns3:TrackPointExtension>
            <ns3:hr>127</ns3:hr>
            <ns3:cad>81</ns3:cad>
          </ns3:TrackPointExtension>
        </extensions>
      </trkpt>
      <trkpt lat="37.52424518577754497528076171875" lon="127.117065824568271636962890625">
        <ele>25.3999996185302734375</ele>
        <time>2026-05-24T00:47:59.000Z</time>
        <extensions>
          <ns3:TrackPointExtension>
            <ns3:hr>127</ns3:hr>
            <ns3:cad>79</ns3:cad>
          </ns3:TrackPointExtension>
        </extensions>
      </trkpt>
      <trkpt lat="37.52426513470709323883056640625" lon="127.1170452050864696502685546875">
        <ele>25.200000762939453125</ele>
        <time>2026-05-24T00:48:00.000Z</time>
        <extensions>
          <ns3:TrackPointExtension>
            <ns3:hr>127</ns3:hr>
            <ns3:cad>79</ns3:cad>
          </ns3:TrackPointExtension>
        </extensions>
      </trkpt>
      <trkpt lat="37.52427871339023113250732421875" lon="127.117023579776287078857421875">
        <ele>25.200000762939453125</ele>
        <time>2026-05-24T00:48:01.000Z</time>
        <extensions>
          <ns3:TrackPointExtension>
            <ns3:hr>127</ns3:hr>
            <ns3:cad>79</ns3:cad>
          </ns3:TrackPointExtension>
        </extensions>
      </trkpt>
      <trkpt lat="37.52429028041660785675048828125" lon="127.1169962547719478607177734375">
        <ele>25.200000762939453125</ele>
        <time>2026-05-24T00:48:02.000Z</time>
        <extensions>
          <ns3:TrackPointExtension>
            <ns3:hr>127</ns3:hr>
            <ns3:cad>84</ns3:cad>
          </ns3:TrackPointExtension>
        </extensions>
      </trkpt>
      <trkpt lat="37.52430327236652374267578125" lon="127.116969265043735504150390625">
        <ele>25</ele>
        <time>2026-05-24T00:48:03.000Z</time>
        <extensions>
          <ns3:TrackPointExtension>
            <ns3:hr>127</ns3:hr>
            <ns3:cad>84</ns3:cad>
          </ns3:TrackPointExtension>
        </extensions>
      </trkpt>
      <trkpt lat="37.52431659959256649017333984375" lon="127.1169412694871425628662109375">
        <ele>25</ele>
        <time>2026-05-24T00:48:04.000Z</time>
        <extensions>
          <ns3:TrackPointExtension>
            <ns3:hr>127</ns3:hr>
            <ns3:cad>84</ns3:cad>
          </ns3:TrackPointExtension>
        </extensions>
      </trkpt>
      <trkpt lat="37.5243289209902286529541015625" lon="127.1169097535312175750732421875">
        <ele>25</ele>
        <time>2026-05-24T00:48:05.000Z</time>
        <extensions>
          <ns3:TrackPointExtension>
            <ns3:hr>127</ns3:hr>
            <ns3:cad>84</ns3:cad>
          </ns3:TrackPointExtension>
        </extensions>
      </trkpt>
      <trkpt lat="37.52434006892144680023193359375" lon="127.1168792434036731719970703125">
        <ele>25</ele>
        <time>2026-05-24T00:48:06.000Z</time>
        <extensions>
          <ns3:TrackPointExtension>
            <ns3:hr>127</ns3:hr>
            <ns3:cad>84</ns3:cad>
          </ns3:TrackPointExtension>
        </extensions>
      </trkpt>
      <trkpt lat="37.52434979192912578582763671875" lon="127.1168495714664459228515625">
        <ele>25</ele>
        <time>2026-05-24T00:48:07.000Z</time>
        <extensions>
          <ns3:TrackPointExtension>
            <ns3:hr>126</ns3:hr>
            <ns3:cad>85</ns3:cad>
          </ns3:TrackPointExtension>
        </extensions>
      </trkpt>
      <trkpt lat="37.52435867674648761749267578125" lon="127.116819061338901519775390625">
        <ele>25</ele>
        <time>2026-05-24T00:48:08.000Z</time>
        <extensions>
          <ns3:TrackPointExtension>
            <ns3:hr>126</ns3:hr>
            <ns3:cad>85</ns3:cad>
          </ns3:TrackPointExtension>
        </extensions>
      </trkpt>
      <trkpt lat="37.52436756156384944915771484375" lon="127.1167890541255474090576171875">
        <ele>25</ele>
        <time>2026-05-24T00:48:09.000Z</time>
        <extensions>
          <ns3:TrackPointExtension>
            <ns3:hr>126</ns3:hr>
            <ns3:cad>84</ns3:cad>
          </ns3:TrackPointExtension>
        </extensions>
      </trkpt>
      <trkpt lat="37.52437703311443328857421875" lon="127.11675980128347873687744140625">
        <ele>25.200000762939453125</ele>
        <time>2026-05-24T00:48:10.000Z</time>
        <extensions>
          <ns3:TrackPointExtension>
            <ns3:hr>126</ns3:hr>
            <ns3:cad>84</ns3:cad>
          </ns3:TrackPointExtension>
        </extensions>
      </trkpt>
      <trkpt lat="37.524391114711761474609375" lon="127.11672208271920680999755859375">
        <ele>25.200000762939453125</ele>
        <time>2026-05-24T00:48:11.000Z</time>
        <extensions>
          <ns3:TrackPointExtension>
            <ns3:hr>127</ns3:hr>
            <ns3:cad>84</ns3:cad>
          </ns3:TrackPointExtension>
        </extensions>
      </trkpt>
      <trkpt lat="37.524391449987888336181640625" lon="127.1166918240487575531005859375">
        <ele>25.200000762939453125</ele>
        <time>2026-05-24T00:48:12.000Z</time>
        <extensions>
          <ns3:TrackPointExtension>
            <ns3:hr>126</ns3:hr>
            <ns3:cad>84</ns3:cad>
          </ns3:TrackPointExtension>
        </extensions>
      </trkpt>
      <trkpt lat="37.5243782065808773040771484375" lon="127.1166515909135341644287109375">
        <ele>25.200000762939453125</ele>
        <time>2026-05-24T00:48:13.000Z</time>
        <extensions>
          <ns3:TrackPointExtension>
            <ns3:hr>126</ns3:hr>
            <ns3:cad>84</ns3:cad>
          </ns3:TrackPointExtension>
        </extensions>
      </trkpt>
      <trkpt lat="37.52435280941426753997802734375" lon="127.11660624481737613677978515625">
        <ele>25.200000762939453125</ele>
        <time>2026-05-24T00:48:14.000Z</time>
        <extensions>
          <ns3:TrackPointExtension>
            <ns3:hr>126</ns3:hr>
            <ns3:cad>84</ns3:cad>
          </ns3:TrackPointExtension>
        </extensions>
      </trkpt>
      <trkpt lat="37.52433772198855876922607421875" lon="127.1165701188147068023681640625">
        <ele>25.200000762939453125</ele>
        <time>2026-05-24T00:48:15.000Z</time>
        <extensions>
          <ns3:TrackPointExtension>
            <ns3:hr>127</ns3:hr>
            <ns3:cad>84</ns3:cad>
          </ns3:TrackPointExtension>
        </extensions>
      </trkpt>
      <trkpt lat="37.52433571033179759979248046875" lon="127.1165365912020206451416015625">
        <ele>25</ele>
        <time>2026-05-24T00:48:16.000Z</time>
        <extensions>
          <ns3:TrackPointExtension>
            <ns3:hr>126</ns3:hr>
            <ns3:cad>84</ns3:cad>
          </ns3:TrackPointExtension>
        </extensions>
      </trkpt>
      <trkpt lat="37.52433470450341701507568359375" lon="127.1165037341415882110595703125">
        <ele>25</ele>
        <time>2026-05-24T00:48:17.000Z</time>
        <extensions>
          <ns3:TrackPointExtension>
            <ns3:hr>126</ns3:hr>
            <ns3:cad>84</ns3:cad>
          </ns3:TrackPointExtension>
        </extensions>
      </trkpt>
      <trkpt lat="37.52433353103697299957275390625" lon="127.11646660231053829193115234375">
        <ele>25</ele>
        <time>2026-05-24T00:48:18.000Z</time>
        <extensions>
          <ns3:TrackPointExtension>
            <ns3:hr>126</ns3:hr>
            <ns3:cad>84</ns3:cad>
          </ns3:TrackPointExtension>
        </extensions>
      </trkpt>
      <trkpt lat="37.52433235757052898406982421875" lon="127.11644195951521396636962890625">
        <ele>24.799999237060546875</ele>
        <time>2026-05-24T00:48:19.000Z</time>
        <extensions>
          <ns3:TrackPointExtension>
            <ns3:hr>127</ns3:hr>
            <ns3:cad>84</ns3:cad>
          </ns3:TrackPointExtension>
        </extensions>
      </trkpt>
      <trkpt lat="37.5243342854082584381103515625" lon="127.1164095215499401092529296875">
        <ele>24.799999237060546875</ele>
        <time>2026-05-24T00:48:20.000Z</time>
        <extensions>
          <ns3:TrackPointExtension>
            <ns3:hr>126</ns3:hr>
            <ns3:cad>84</ns3:cad>
          </ns3:TrackPointExtension>
        </extensions>
      </trkpt>
      <trkpt lat="37.52434023655951023101806640625" lon="127.11638043634593486785888671875">
        <ele>24.799999237060546875</ele>
        <time>2026-05-24T00:48:21.000Z</time>
        <extensions>
          <ns3:TrackPointExtension>
            <ns3:hr>127</ns3:hr>
            <ns3:cad>84</ns3:cad>
          </ns3:TrackPointExtension>
        </extensions>
      </trkpt>
      <trkpt lat="37.52434308640658855438232421875" lon="127.1163498423993587493896484375">
        <ele>24.799999237060546875</ele>
        <time>2026-05-24T00:48:22.000Z</time>
        <extensions>
          <ns3:TrackPointExtension>
            <ns3:hr>127</ns3:hr>
            <ns3:cad>84</ns3:cad>
          </ns3:TrackPointExtension>
        </extensions>
      </trkpt>
      <trkpt lat="37.52435482107102870941162109375" lon="127.1163179911673069000244140625">
        <ele>24.799999237060546875</ele>
        <time>2026-05-24T00:48:23.000Z</time>
        <extensions>
          <ns3:TrackPointExtension>
            <ns3:hr>127</ns3:hr>
            <ns3:cad>84</ns3:cad>
          </ns3:TrackPointExtension>
        </extensions>
      </trkpt>
      <trkpt lat="37.5243602693080902099609375" lon="127.11629628203809261322021484375">
        <ele>25</ele>
        <time>2026-05-24T00:48:24.000Z</time>
        <extensions>
          <ns3:TrackPointExtension>
            <ns3:hr>127</ns3:hr>
            <ns3:cad>84</ns3:cad>
          </ns3:TrackPointExtension>
        </extensions>
      </trkpt>
      <trkpt lat="37.5243755243718624114990234375" lon="127.116268537938594818115234375">
        <ele>25</ele>
        <time>2026-05-24T00:48:25.000Z</time>
        <extensions>
          <ns3:TrackPointExtension>
            <ns3:hr>127</ns3:hr>
            <ns3:cad>84</ns3:cad>
          </ns3:TrackPointExtension>
        </extensions>
      </trkpt>
      <trkpt lat="37.52439119853079319000244140625" lon="127.1162442304193973541259765625">
        <ele>24.799999237060546875</ele>
        <time>2026-05-24T00:48:26.000Z</time>
        <extensions>
          <ns3:TrackPointExtension>
            <ns3:hr>127</ns3:hr>
            <ns3:cad>84</ns3:cad>
          </ns3:TrackPointExtension>
        </extensions>
      </trkpt>
      <trkpt lat="37.5244058668613433837890625" lon="127.116217911243438720703125">
        <ele>25</ele>
        <time>2026-05-24T00:48:27.000Z</time>
        <extensions>
          <ns3:TrackPointExtension>
            <ns3:hr>127</ns3:hr>
            <ns3:cad>84</ns3:cad>
          </ns3:TrackPointExtension>
        </extensions>
      </trkpt>
      <trkpt lat="37.52442137338221073150634765625" lon="127.11618983186781406402587890625">
        <ele>25</ele>
        <time>2026-05-24T00:48:28.000Z</time>
        <extensions>
          <ns3:TrackPointExtension>
            <ns3:hr>128</ns3:hr>
            <ns3:cad>84</ns3:cad>
          </ns3:TrackPointExtension>
        </extensions>
      </trkpt>
      <trkpt lat="37.5244328565895557403564453125" lon="127.116171307861804962158203125">
        <ele>25</ele>
        <time>2026-05-24T00:48:29.000Z</time>
        <extensions>
          <ns3:TrackPointExtension>
            <ns3:hr>127</ns3:hr>
            <ns3:cad>84</ns3:cad>
          </ns3:TrackPointExtension>
        </extensions>
      </trkpt>
      <trkpt lat="37.52444400452077388763427734375" lon="127.116138450801372528076171875">
        <ele>25.200000762939453125</ele>
        <time>2026-05-24T00:48:30.000Z</time>
        <extensions>
          <ns3:TrackPointExtension>
            <ns3:hr>127</ns3:hr>
            <ns3:cad>84</ns3:cad>
          </ns3:TrackPointExtension>
        </extensions>
      </trkpt>
      <trkpt lat="37.52445624209940433502197265625" lon="127.11611858569085597991943359375">
        <ele>25.3999996185302734375</ele>
        <time>2026-05-24T00:48:31.000Z</time>
        <extensions>
          <ns3:TrackPointExtension>
            <ns3:hr>128</ns3:hr>
            <ns3:cad>84</ns3:cad>
          </ns3:TrackPointExtension>
        </extensions>
      </trkpt>
      <trkpt lat="37.5244647078216075897216796875" lon="127.116093523800373077392578125">
        <ele>25.799999237060546875</ele>
        <time>2026-05-24T00:48:32.000Z</time>
        <extensions>
          <ns3:TrackPointExtension>
            <ns3:hr>128</ns3:hr>
            <ns3:cad>84</ns3:cad>
          </ns3:TrackPointExtension>
        </extensions>
      </trkpt>
      <trkpt lat="37.52447552047669887542724609375" lon="127.11605974473059177398681640625">
        <ele>26.200000762939453125</ele>
        <time>2026-05-24T00:48:33.000Z</time>
        <extensions>
          <ns3:TrackPointExtension>
            <ns3:hr>128</ns3:hr>
            <ns3:cad>84</ns3:cad>
          </ns3:TrackPointExtension>
        </extensions>
      </trkpt>
      <trkpt lat="37.52447736449539661407470703125" lon="127.11604046635329723358154296875">
        <ele>26.3999996185302734375</ele>
        <time>2026-05-24T00:48:34.000Z</time>
        <extensions>
          <ns3:TrackPointExtension>
            <ns3:hr>128</ns3:hr>
            <ns3:cad>83</ns3:cad>
          </ns3:TrackPointExtension>
        </extensions>
      </trkpt>
      <trkpt lat="37.524483986198902130126953125" lon="127.116002999246120452880859375">
        <ele>26.799999237060546875</ele>
        <time>2026-05-24T00:48:35.000Z</time>
        <extensions>
          <ns3:TrackPointExtension>
            <ns3:hr>128</ns3:hr>
            <ns3:cad>83</ns3:cad>
          </ns3:TrackPointExtension>
        </extensions>
      </trkpt>
      <trkpt lat="37.52449597232043743133544921875" lon="127.11597458459436893463134765625">
        <ele>27</ele>
        <time>2026-05-24T00:48:36.000Z</time>
        <extensions>
          <ns3:TrackPointExtension>
            <ns3:hr>128</ns3:hr>
            <ns3:cad>83</ns3:cad>
          </ns3:TrackPointExtension>
        </extensions>
      </trkpt>
      <trkpt lat="37.5244985707104206085205078125" lon="127.1159545518457889556884765625">
        <ele>27.3999996185302734375</ele>
        <time>2026-05-24T00:48:37.000Z</time>
        <extensions>
          <ns3:TrackPointExtension>
            <ns3:hr>128</ns3:hr>
            <ns3:cad>83</ns3:cad>
          </ns3:TrackPointExtension>
        </extensions>
      </trkpt>
      <trkpt lat="37.52451038919389247894287109375" lon="127.1159196831285953521728515625">
        <ele>27.799999237060546875</ele>
        <time>2026-05-24T00:48:38.000Z</time>
        <extensions>
          <ns3:TrackPointExtension>
            <ns3:hr>129</ns3:hr>
            <ns3:cad>83</ns3:cad>
          </ns3:TrackPointExtension>
        </extensions>
      </trkpt>
      <trkpt lat="37.5245193578302860260009765625" lon="127.11589260958135128021240234375">
        <ele>28</ele>
        <time>2026-05-24T00:48:39.000Z</time>
        <extensions>
          <ns3:TrackPointExtension>
            <ns3:hr>129</ns3:hr>
            <ns3:cad>83</ns3:cad>
          </ns3:TrackPointExtension>
        </extensions>
      </trkpt>
      <trkpt lat="37.52452095039188861846923828125" lon="127.11587500758469104766845703125">
        <ele>28.3999996185302734375</ele>
        <time>2026-05-24T00:48:40.000Z</time>
        <extensions>
          <ns3:TrackPointExtension>
            <ns3:hr>129</ns3:hr>
            <ns3:cad>83</ns3:cad>
          </ns3:TrackPointExtension>
        </extensions>
      </trkpt>
      <trkpt lat="37.52453100867569446563720703125" lon="127.1158452518284320831298828125">
        <ele>28.6000003814697265625</ele>
        <time>2026-05-24T00:48:41.000Z</time>
        <extensions>
          <ns3:TrackPointExtension>
            <ns3:hr>129</ns3:hr>
            <ns3:cad>83</ns3:cad>
          </ns3:TrackPointExtension>
        </extensions>
      </trkpt>
      <trkpt lat="37.52453662455081939697265625" lon="127.11582723073661327362060546875">
        <ele>28.799999237060546875</ele>
        <time>2026-05-24T00:48:42.000Z</time>
        <extensions>
          <ns3:TrackPointExtension>
            <ns3:hr>130</ns3:hr>
            <ns3:cad>83</ns3:cad>
          </ns3:TrackPointExtension>
        </extensions>
      </trkpt>
      <trkpt lat="37.52455062232911586761474609375" lon="127.1157996542751789093017578125">
        <ele>29.200000762939453125</ele>
        <time>2026-05-24T00:48:43.000Z</time>
        <extensions>
          <ns3:TrackPointExtension>
            <ns3:hr>130</ns3:hr>
            <ns3:cad>83</ns3:cad>
          </ns3:TrackPointExtension>
        </extensions>
      </trkpt>
      <trkpt lat="37.52455665729939937591552734375" lon="127.1157698146998882293701171875">
        <ele>29.3999996185302734375</ele>
        <time>2026-05-24T00:48:44.000Z</time>
        <extensions>
          <ns3:TrackPointExtension>
            <ns3:hr>131</ns3:hr>
            <ns3:cad>83</ns3:cad>
          </ns3:TrackPointExtension>
        </extensions>
      </trkpt>
      <trkpt lat="37.524559088051319122314453125" lon="127.11574324406683444976806640625">
        <ele>29.3999996185302734375</ele>
        <time>2026-05-24T00:48:45.000Z</time>
        <extensions>
          <ns3:TrackPointExtension>
            <ns3:hr>132</ns3:hr>
            <ns3:cad>81</ns3:cad>
          </ns3:TrackPointExtension>
        </extensions>
      </trkpt>
      <trkpt lat="37.52456721849739551544189453125" lon="127.11571005173027515411376953125">
        <ele>29.6000003814697265625</ele>
        <time>2026-05-24T00:48:46.000Z</time>
        <extensions>
          <ns3:TrackPointExtension>
            <ns3:hr>132</ns3:hr>
            <ns3:cad>81</ns3:cad>
          </ns3:TrackPointExtension>
        </extensions>
      </trkpt>
      <trkpt lat="37.5245693139731884002685546875" lon="127.1156853251159191131591796875">
        <ele>29.6000003814697265625</ele>
        <time>2026-05-24T00:48:47.000Z</time>
        <extensions>
          <ns3:TrackPointExtension>
            <ns3:hr>133</ns3:hr>
            <ns3:cad>81</ns3:cad>
          </ns3:TrackPointExtension>
        </extensions>
      </trkpt>
      <trkpt lat="37.52456906251609325408935546875" lon="127.11564852856099605560302734375">
        <ele>29.6000003814697265625</ele>
        <time>2026-05-24T00:48:48.000Z</time>
        <extensions>
          <ns3:TrackPointExtension>
            <ns3:hr>134</ns3:hr>
            <ns3:cad>81</ns3:cad>
          </ns3:TrackPointExtension>
        </extensions>
      </trkpt>
      <trkpt lat="37.5245679728686809539794921875" lon="127.1156157553195953369140625">
        <ele>29.6000003814697265625</ele>
        <time>2026-05-24T00:48:49.000Z</time>
        <extensions>
          <ns3:TrackPointExtension>
            <ns3:hr>135</ns3:hr>
            <ns3:cad>81</ns3:cad>
          </ns3:TrackPointExtension>
        </extensions>
      </trkpt>
      <trkpt lat="37.5245632790029048919677734375" lon="127.11559404619038105010986328125">
        <ele>29.799999237060546875</ele>
        <time>2026-05-24T00:48:50.000Z</time>
        <extensions>
          <ns3:TrackPointExtension>
            <ns3:hr>135</ns3:hr>
            <ns3:cad>85</ns3:cad>
          </ns3:TrackPointExtension>
        </extensions>
      </trkpt>
      <trkpt lat="37.52455917187035083770751953125" lon="127.11555481888353824615478515625">
        <ele>29.6000003814697265625</ele>
        <time>2026-05-24T00:48:51.000Z</time>
        <extensions>
          <ns3:TrackPointExtension>
            <ns3:hr>136</ns3:hr>
            <ns3:cad>85</ns3:cad>
          </ns3:TrackPointExtension>
        </extensions>
      </trkpt>
      <trkpt lat="37.52455615438520908355712890625" lon="127.1155334450304508209228515625">
        <ele>29.6000003814697265625</ele>
        <time>2026-05-24T00:48:52.000Z</time>
        <extensions>
          <ns3:TrackPointExtension>
            <ns3:hr>137</ns3:hr>
            <ns3:cad>84</ns3:cad>
          </ns3:TrackPointExtension>
        </extensions>
      </trkpt>
      <trkpt lat="37.5245605967938899993896484375" lon="127.11550016887485980987548828125">
        <ele>29.6000003814697265625</ele>
        <time>2026-05-24T00:48:53.000Z</time>
        <extensions>
          <ns3:TrackPointExtension>
            <ns3:hr>137</ns3:hr>
            <ns3:cad>84</ns3:cad>
          </ns3:TrackPointExtension>
        </extensions>
      </trkpt>
      <trkpt lat="37.52456420101225376129150390625" lon="127.11545993573963642120361328125">
        <ele>29.3999996185302734375</ele>
        <time>2026-05-24T00:48:54.000Z</time>
        <extensions>
          <ns3:TrackPointExtension>
            <ns3:hr>138</ns3:hr>
            <ns3:cad>84</ns3:cad>
          </ns3:TrackPointExtension>
        </extensions>
      </trkpt>
      <trkpt lat="37.52456302754580974578857421875" lon="127.11543311364948749542236328125">
        <ele>29.3999996185302734375</ele>
        <time>2026-05-24T00:48:55.000Z</time>
        <extensions>
          <ns3:TrackPointExtension>
            <ns3:hr>139</ns3:hr>
            <ns3:cad>83</ns3:cad>
          </ns3:TrackPointExtension>
        </extensions>
      </trkpt>
      <trkpt lat="37.52457124181091785430908203125" lon="127.11539489217102527618408203125">
        <ele>29.3999996185302734375</ele>
        <time>2026-05-24T00:48:56.000Z</time>
        <extensions>
          <ns3:TrackPointExtension>
            <ns3:hr>139</ns3:hr>
            <ns3:cad>83</ns3:cad>
          </ns3:TrackPointExtension>
        </extensions>
      </trkpt>
      <trkpt lat="37.5245736725628376007080078125" lon="127.11536672897636890411376953125">
        <ele>29.6000003814697265625</ele>
        <time>2026-05-24T00:48:57.000Z</time>
        <extensions>
          <ns3:TrackPointExtension>
            <ns3:hr>139</ns3:hr>
            <ns3:cad>83</ns3:cad>
          </ns3:TrackPointExtension>
        </extensions>
      </trkpt>
      <trkpt lat="37.5245760194957256317138671875" lon="127.11533118970692157745361328125">
        <ele>29.6000003814697265625</ele>
        <time>2026-05-24T00:48:58.000Z</time>
        <extensions>
          <ns3:TrackPointExtension>
            <ns3:hr>139</ns3:hr>
            <ns3:cad>83</ns3:cad>
          </ns3:TrackPointExtension>
        </extensions>
      </trkpt>
      <trkpt lat="37.5245761871337890625" lon="127.11530235596001148223876953125">
        <ele>29.6000003814697265625</ele>
        <time>2026-05-24T00:48:59.000Z</time>
        <extensions>
          <ns3:TrackPointExtension>
            <ns3:hr>140</ns3:hr>
            <ns3:cad>83</ns3:cad>
          </ns3:TrackPointExtension>
        </extensions>
      </trkpt>
      <trkpt lat="37.524571828544139862060546875" lon="127.1152803115546703338623046875">
        <ele>29.6000003814697265625</ele>
        <time>2026-05-24T00:49:00.000Z</time>
        <extensions>
          <ns3:TrackPointExtension>
            <ns3:hr>140</ns3:hr>
            <ns3:cad>83</ns3:cad>
          </ns3:TrackPointExtension>
        </extensions>
      </trkpt>
      <trkpt lat="37.52457283437252044677734375" lon="127.1152498014271259307861328125">
        <ele>29.3999996185302734375</ele>
        <time>2026-05-24T00:49:01.000Z</time>
        <extensions>
          <ns3:TrackPointExtension>
            <ns3:hr>140</ns3:hr>
            <ns3:cad>84</ns3:cad>
          </ns3:TrackPointExtension>
        </extensions>
      </trkpt>
      <trkpt lat="37.52457208000123500823974609375" lon="127.115227170288562774658203125">
        <ele>29.3999996185302734375</ele>
        <time>2026-05-24T00:49:02.000Z</time>
        <extensions>
          <ns3:TrackPointExtension>
            <ns3:hr>140</ns3:hr>
            <ns3:cad>84</ns3:cad>
          </ns3:TrackPointExtension>
        </extensions>
      </trkpt>
      <trkpt lat="37.5245773606002330780029296875" lon="127.115187607705593109130859375">
        <ele>29.3999996185302734375</ele>
        <time>2026-05-24T00:49:03.000Z</time>
        <extensions>
          <ns3:TrackPointExtension>
            <ns3:hr>140</ns3:hr>
            <ns3:cad>84</ns3:cad>
          </ns3:TrackPointExtension>
        </extensions>
      </trkpt>
      <trkpt lat="37.52458146773278713226318359375" lon="127.115160785615444183349609375">
        <ele>29.3999996185302734375</ele>
        <time>2026-05-24T00:49:04.000Z</time>
        <extensions>
          <ns3:TrackPointExtension>
            <ns3:hr>140</ns3:hr>
            <ns3:cad>84</ns3:cad>
          </ns3:TrackPointExtension>
        </extensions>
      </trkpt>
      <trkpt lat="37.524576522409915924072265625" lon="127.1151304431259632110595703125">
        <ele>29.6000003814697265625</ele>
        <time>2026-05-24T00:49:05.000Z</time>
        <extensions>
          <ns3:TrackPointExtension>
            <ns3:hr>139</ns3:hr>
            <ns3:cad>84</ns3:cad>
          </ns3:TrackPointExtension>
        </extensions>
      </trkpt>
      <trkpt lat="37.52457124181091785430908203125" lon="127.11509984917938709259033203125">
        <ele>29.6000003814697265625</ele>
        <time>2026-05-24T00:49:06.000Z</time>
        <extensions>
          <ns3:TrackPointExtension>
            <ns3:hr>140</ns3:hr>
            <ns3:cad>85</ns3:cad>
          </ns3:TrackPointExtension>
        </extensions>
      </trkpt>
      <trkpt lat="37.5245656259357929229736328125" lon="127.11507654748857021331787109375">
        <ele>29.6000003814697265625</ele>
        <time>2026-05-24T00:49:07.000Z</time>
        <extensions>
          <ns3:TrackPointExtension>
            <ns3:hr>140</ns3:hr>
            <ns3:cad>85</ns3:cad>
          </ns3:TrackPointExtension>
        </extensions>
      </trkpt>
      <trkpt lat="37.5245706550776958465576171875" lon="127.1150385774672031402587890625">
        <ele>29.6000003814697265625</ele>
        <time>2026-05-24T00:49:08.000Z</time>
        <extensions>
          <ns3:TrackPointExtension>
            <ns3:hr>140</ns3:hr>
            <ns3:cad>84</ns3:cad>
          </ns3:TrackPointExtension>
        </extensions>
      </trkpt>
      <trkpt lat="37.5245743431150913238525390625" lon="127.1150110848248004913330078125">
        <ele>29.3999996185302734375</ele>
        <time>2026-05-24T00:49:09.000Z</time>
        <extensions>
          <ns3:TrackPointExtension>
            <ns3:hr>139</ns3:hr>
            <ns3:cad>84</ns3:cad>
          </ns3:TrackPointExtension>
        </extensions>
      </trkpt>
      <trkpt lat="37.52457677386701107025146484375" lon="127.1149775572121143341064453125">
        <ele>29.3999996185302734375</ele>
        <time>2026-05-24T00:49:10.000Z</time>
        <extensions>
          <ns3:TrackPointExtension>
            <ns3:hr>139</ns3:hr>
            <ns3:cad>84</ns3:cad>
          </ns3:TrackPointExtension>
        </extensions>
      </trkpt>
      <trkpt lat="37.52457643859088420867919921875" lon="127.1149463765323162078857421875">
        <ele>29.3999996185302734375</ele>
        <time>2026-05-24T00:49:11.000Z</time>
        <extensions>
          <ns3:TrackPointExtension>
            <ns3:hr>139</ns3:hr>
            <ns3:cad>85</ns3:cad>
          </ns3:TrackPointExtension>
        </extensions>
      </trkpt>
      <trkpt lat="37.52457375638186931610107421875" lon="127.1149229072034358978271484375">
        <ele>29.3999996185302734375</ele>
        <time>2026-05-24T00:49:12.000Z</time>
        <extensions>
          <ns3:TrackPointExtension>
            <ns3:hr>139</ns3:hr>
            <ns3:cad>85</ns3:cad>
          </ns3:TrackPointExtension>
        </extensions>
      </trkpt>
      <trkpt lat="37.52457660622894763946533203125" lon="127.11488678120076656341552734375">
        <ele>29.3999996185302734375</ele>
        <time>2026-05-24T00:49:13.000Z</time>
        <extensions>
          <ns3:TrackPointExtension>
            <ns3:hr>139</ns3:hr>
            <ns3:cad>84</ns3:cad>
          </ns3:TrackPointExtension>
        </extensions>
      </trkpt>
      <trkpt lat="37.52457685768604278564453125" lon="127.11485962383449077606201171875">
        <ele>29.3999996185302734375</ele>
        <time>2026-05-24T00:49:14.000Z</time>
        <extensions>
          <ns3:TrackPointExtension>
            <ns3:hr>139</ns3:hr>
            <ns3:cad>84</ns3:cad>
          </ns3:TrackPointExtension>
        </extensions>
      </trkpt>
      <trkpt lat="37.52457878552377223968505859375" lon="127.11482609622180461883544921875">
        <ele>29.3999996185302734375</ele>
        <time>2026-05-24T00:49:15.000Z</time>
        <extensions>
          <ns3:TrackPointExtension>
            <ns3:hr>138</ns3:hr>
            <ns3:cad>84</ns3:cad>
          </ns3:TrackPointExtension>
        </extensions>
      </trkpt>
      <trkpt lat="37.52457845024764537811279296875" lon="127.11479709483683109283447265625">
        <ele>29.3999996185302734375</ele>
        <time>2026-05-24T00:49:16.000Z</time>
        <extensions>
          <ns3:TrackPointExtension>
            <ns3:hr>138</ns3:hr>
            <ns3:cad>84</ns3:cad>
          </ns3:TrackPointExtension>
        </extensions>
      </trkpt>
      <trkpt lat="37.52457928843796253204345703125" lon="127.11476742289960384368896484375">
        <ele>29.3999996185302734375</ele>
        <time>2026-05-24T00:49:17.000Z</time>
        <extensions>
          <ns3:TrackPointExtension>
            <ns3:hr>138</ns3:hr>
            <ns3:cad>84</ns3:cad>
          </ns3:TrackPointExtension>
        </extensions>
      </trkpt>
      <trkpt lat="37.52458498813211917877197265625" lon="127.11473934352397918701171875">
        <ele>29.3999996185302734375</ele>
        <time>2026-05-24T00:49:18.000Z</time>
        <extensions>
          <ns3:TrackPointExtension>
            <ns3:hr>138</ns3:hr>
            <ns3:cad>84</ns3:cad>
          </ns3:TrackPointExtension>
        </extensions>
      </trkpt>
      <trkpt lat="37.52458046190440654754638671875" lon="127.114710509777069091796875">
        <ele>29.3999996185302734375</ele>
        <time>2026-05-24T00:49:19.000Z</time>
        <extensions>
          <ns3:TrackPointExtension>
            <ns3:hr>138</ns3:hr>
            <ns3:cad>84</ns3:cad>
          </ns3:TrackPointExtension>
        </extensions>
      </trkpt>
      <trkpt lat="37.5245823897421360015869140625" lon="127.11467170156538486480712890625">
        <ele>29.3999996185302734375</ele>
        <time>2026-05-24T00:49:20.000Z</time>
        <extensions>
          <ns3:TrackPointExtension>
            <ns3:hr>138</ns3:hr>
            <ns3:cad>84</ns3:cad>
          </ns3:TrackPointExtension>
        </extensions>
      </trkpt>
      <trkpt lat="37.52457878552377223968505859375" lon="127.11463599465787410736083984375">
        <ele>29.3999996185302734375</ele>
        <time>2026-05-24T00:49:21.000Z</time>
        <extensions>
          <ns3:TrackPointExtension>
            <ns3:hr>138</ns3:hr>
            <ns3:cad>84</ns3:cad>
          </ns3:TrackPointExtension>
        </extensions>
      </trkpt>
      <trkpt lat="37.5245721638202667236328125" lon="127.1146072447299957275390625">
        <ele>29.3999996185302734375</ele>
        <time>2026-05-24T00:49:22.000Z</time>
        <extensions>
          <ns3:TrackPointExtension>
            <ns3:hr>137</ns3:hr>
            <ns3:cad>84</ns3:cad>
          </ns3:TrackPointExtension>
        </extensions>
      </trkpt>
      <trkpt lat="37.52456889487802982330322265625" lon="127.114567346870899200439453125">
        <ele>29.3999996185302734375</ele>
        <time>2026-05-24T00:49:23.000Z</time>
        <extensions>
          <ns3:TrackPointExtension>
            <ns3:hr>137</ns3:hr>
            <ns3:cad>84</ns3:cad>
          </ns3:TrackPointExtension>
        </extensions>
      </trkpt>
      <trkpt lat="37.524558417499065399169921875" lon="127.1145443804562091827392578125">
        <ele>29.3999996185302734375</ele>
        <time>2026-05-24T00:49:24.000Z</time>
        <extensions>
          <ns3:TrackPointExtension>
            <ns3:hr>137</ns3:hr>
            <ns3:cad>84</ns3:cad>
          </ns3:TrackPointExtension>
        </extensions>
      </trkpt>
      <trkpt lat="37.52455330453813076019287109375" lon="127.11450456641614437103271484375">
        <ele>29.3999996185302734375</ele>
        <time>2026-05-24T00:49:25.000Z</time>
        <extensions>
          <ns3:TrackPointExtension>
            <ns3:hr>136</ns3:hr>
            <ns3:cad>84</ns3:cad>
          </ns3:TrackPointExtension>
        </extensions>
      </trkpt>
      <trkpt lat="37.52455271780490875244140625" lon="127.114473469555377960205078125">
        <ele>29.3999996185302734375</ele>
        <time>2026-05-24T00:49:26.000Z</time>
        <extensions>
          <ns3:TrackPointExtension>
            <ns3:hr>136</ns3:hr>
            <ns3:cad>84</ns3:cad>
          </ns3:TrackPointExtension>
        </extensions>
      </trkpt>
      <trkpt lat="37.52455179579555988311767578125" lon="127.114447653293609619140625">
        <ele>29.3999996185302734375</ele>
        <time>2026-05-24T00:49:27.000Z</time>
        <extensions>
          <ns3:TrackPointExtension>
            <ns3:hr>136</ns3:hr>
            <ns3:cad>84</ns3:cad>
          </ns3:TrackPointExtension>
        </extensions>
      </trkpt>
      <trkpt lat="37.52455162815749645233154296875" lon="127.11441219784319400787353515625">
        <ele>29.3999996185302734375</ele>
        <time>2026-05-24T00:49:28.000Z</time>
        <extensions>
          <ns3:TrackPointExtension>
            <ns3:hr>136</ns3:hr>
            <ns3:cad>84</ns3:cad>
          </ns3:TrackPointExtension>
        </extensions>
      </trkpt>
      <trkpt lat="37.5245488621294498443603515625" lon="127.11438889615237712860107421875">
        <ele>29.3999996185302734375</ele>
        <time>2026-05-24T00:49:29.000Z</time>
        <extensions>
          <ns3:TrackPointExtension>
            <ns3:hr>135</ns3:hr>
            <ns3:cad>85</ns3:cad>
          </ns3:TrackPointExtension>
        </extensions>
      </trkpt>
      <trkpt lat="37.52454928122460842132568359375" lon="127.11434916593134403228759765625">
        <ele>29.200000762939453125</ele>
        <time>2026-05-24T00:49:30.000Z</time>
        <extensions>
          <ns3:TrackPointExtension>
            <ns3:hr>135</ns3:hr>
            <ns3:cad>85</ns3:cad>
          </ns3:TrackPointExtension>
        </extensions>
      </trkpt>
      <trkpt lat="37.5245488621294498443603515625" lon="127.11432184092700481414794921875">
        <ele>29.200000762939453125</ele>
        <time>2026-05-24T00:49:31.000Z</time>
        <extensions>
          <ns3:TrackPointExtension>
            <ns3:hr>135</ns3:hr>
            <ns3:cad>84</ns3:cad>
          </ns3:TrackPointExtension>
        </extensions>
      </trkpt>
      <trkpt lat="37.5245478563010692596435546875" lon="127.11429099552333354949951171875">
        <ele>29.200000762939453125</ele>
        <time>2026-05-24T00:49:32.000Z</time>
        <extensions>
          <ns3:TrackPointExtension>
            <ns3:hr>135</ns3:hr>
            <ns3:cad>84</ns3:cad>
          </ns3:TrackPointExtension>
        </extensions>
      </trkpt>
      <trkpt lat="37.52454735338687896728515625" lon="127.11425696499645709991455078125">
        <ele>29.200000762939453125</ele>
        <time>2026-05-24T00:49:33.000Z</time>
        <extensions>
          <ns3:TrackPointExtension>
            <ns3:hr>135</ns3:hr>
            <ns3:cad>84</ns3:cad>
          </ns3:TrackPointExtension>
        </extensions>
      </trkpt>
      <trkpt lat="37.5245438329875469207763671875" lon="127.11423106491565704345703125">
        <ele>29.200000762939453125</ele>
        <time>2026-05-24T00:49:34.000Z</time>
        <extensions>
          <ns3:TrackPointExtension>
            <ns3:hr>135</ns3:hr>
            <ns3:cad>84</ns3:cad>
          </ns3:TrackPointExtension>
        </extensions>
      </trkpt>
      <trkpt lat="37.524543665349483489990234375" lon="127.11418814957141876220703125">
        <ele>29.3999996185302734375</ele>
        <time>2026-05-24T00:49:35.000Z</time>
        <extensions>
          <ns3:TrackPointExtension>
            <ns3:hr>135</ns3:hr>
            <ns3:cad>84</ns3:cad>
          </ns3:TrackPointExtension>
        </extensions>
      </trkpt>
      <trkpt lat="37.5245485268533229827880859375" lon="127.11415889672935009002685546875">
        <ele>29.200000762939453125</ele>
        <time>2026-05-24T00:49:36.000Z</time>
        <extensions>
          <ns3:TrackPointExtension>
            <ns3:hr>135</ns3:hr>
            <ns3:cad>84</ns3:cad>
          </ns3:TrackPointExtension>
        </extensions>
      </trkpt>
      <trkpt lat="37.52454743720591068267822265625" lon="127.11412620730698108673095703125">
        <ele>29.200000762939453125</ele>
        <time>2026-05-24T00:49:37.000Z</time>
        <extensions>
          <ns3:TrackPointExtension>
            <ns3:hr>135</ns3:hr>
            <ns3:cad>83</ns3:cad>
          </ns3:TrackPointExtension>
        </extensions>
      </trkpt>
      <trkpt lat="37.524547688663005828857421875" lon="127.114095278084278106689453125">
        <ele>29.200000762939453125</ele>
        <time>2026-05-24T00:49:38.000Z</time>
        <extensions>
          <ns3:TrackPointExtension>
            <ns3:hr>135</ns3:hr>
            <ns3:cad>83</ns3:cad>
          </ns3:TrackPointExtension>
        </extensions>
      </trkpt>
      <trkpt lat="37.524548359215259552001953125" lon="127.114061750471591949462890625">
        <ele>29.200000762939453125</ele>
        <time>2026-05-24T00:49:39.000Z</time>
        <extensions>
          <ns3:TrackPointExtension>
            <ns3:hr>135</ns3:hr>
            <ns3:cad>84</ns3:cad>
          </ns3:TrackPointExtension>
        </extensions>
      </trkpt>
      <trkpt lat="37.52455028705298900604248046875" lon="127.11402528919279575347900390625">
        <ele>29.200000762939453125</ele>
        <time>2026-05-24T00:49:40.000Z</time>
        <extensions>
          <ns3:TrackPointExtension>
            <ns3:hr>135</ns3:hr>
            <ns3:cad>84</ns3:cad>
          </ns3:TrackPointExtension>
        </extensions>
      </trkpt>
      <trkpt lat="37.52454869449138641357421875" lon="127.11399427615106105804443359375">
        <ele>29.200000762939453125</ele>
        <time>2026-05-24T00:49:41.000Z</time>
        <extensions>
          <ns3:TrackPointExtension>
            <ns3:hr>136</ns3:hr>
            <ns3:cad>84</ns3:cad>
          </ns3:TrackPointExtension>
        </extensions>
      </trkpt>
      <trkpt lat="37.5245465151965618133544921875" lon="127.113957814872264862060546875">
        <ele>29.200000762939453125</ele>
        <time>2026-05-24T00:49:42.000Z</time>
        <extensions>
          <ns3:TrackPointExtension>
            <ns3:hr>136</ns3:hr>
            <ns3:cad>84</ns3:cad>
          </ns3:TrackPointExtension>
        </extensions>
      </trkpt>
      <trkpt lat="37.5245468504726886749267578125" lon="127.11392437107861042022705078125">
        <ele>29.200000762939453125</ele>
        <time>2026-05-24T00:49:43.000Z</time>
        <extensions>
          <ns3:TrackPointExtension>
            <ns3:hr>136</ns3:hr>
            <ns3:cad>84</ns3:cad>
          </ns3:TrackPointExtension>
        </extensions>
      </trkpt>
      <trkpt lat="37.52454291097819805145263671875" lon="127.11389712989330291748046875">
        <ele>29.200000762939453125</ele>
        <time>2026-05-24T00:49:44.000Z</time>
        <extensions>
          <ns3:TrackPointExtension>
            <ns3:hr>136</ns3:hr>
            <ns3:cad>84</ns3:cad>
          </ns3:TrackPointExtension>
        </extensions>
      </trkpt>
      <trkpt lat="37.524539642035961151123046875" lon="127.1138624288141727447509765625">
        <ele>29.200000762939453125</ele>
        <time>2026-05-24T00:49:45.000Z</time>
        <extensions>
          <ns3:TrackPointExtension>
            <ns3:hr>136</ns3:hr>
            <ns3:cad>84</ns3:cad>
          </ns3:TrackPointExtension>
        </extensions>
      </trkpt>
      <trkpt lat="37.52453863620758056640625" lon="127.11384122259914875030517578125">
        <ele>29.200000762939453125</ele>
        <time>2026-05-24T00:49:46.000Z</time>
        <extensions>
          <ns3:TrackPointExtension>
            <ns3:hr>137</ns3:hr>
            <ns3:cad>84</ns3:cad>
          </ns3:TrackPointExtension>
        </extensions>
      </trkpt>
      <trkpt lat="37.52453771419823169708251953125" lon="127.1138034202158451080322265625">
        <ele>29.200000762939453125</ele>
        <time>2026-05-24T00:49:47.000Z</time>
        <extensions>
          <ns3:TrackPointExtension>
            <ns3:hr>137</ns3:hr>
            <ns3:cad>85</ns3:cad>
          </ns3:TrackPointExtension>
        </extensions>
      </trkpt>
      <trkpt lat="37.52453796565532684326171875" lon="127.1137702278792858123779296875">
        <ele>29.200000762939453125</ele>
        <time>2026-05-24T00:49:48.000Z</time>
        <extensions>
          <ns3:TrackPointExtension>
            <ns3:hr>137</ns3:hr>
            <ns3:cad>85</ns3:cad>
          </ns3:TrackPointExtension>
        </extensions>
      </trkpt>
      <trkpt lat="37.524534948170185089111328125" lon="127.11373963393270969390869140625">
        <ele>29.200000762939453125</ele>
        <time>2026-05-24T00:49:49.000Z</time>
        <extensions>
          <ns3:TrackPointExtension>
            <ns3:hr>136</ns3:hr>
            <ns3:cad>85</ns3:cad>
          </ns3:TrackPointExtension>
        </extensions>
      </trkpt>
      <trkpt lat="37.52454006113111972808837890625" lon="127.1136978082358837127685546875">
        <ele>29.200000762939453125</ele>
        <time>2026-05-24T00:49:50.000Z</time>
        <extensions>
          <ns3:TrackPointExtension>
            <ns3:hr>136</ns3:hr>
            <ns3:cad>85</ns3:cad>
          </ns3:TrackPointExtension>
        </extensions>
      </trkpt>
      <trkpt lat="37.52453804947435855865478515625" lon="127.11367450654506683349609375">
        <ele>29.200000762939453125</ele>
        <time>2026-05-24T00:49:51.000Z</time>
        <extensions>
          <ns3:TrackPointExtension>
            <ns3:hr>136</ns3:hr>
            <ns3:cad>84</ns3:cad>
          </ns3:TrackPointExtension>
        </extensions>
      </trkpt>
      <trkpt lat="37.5245391391217708587646484375" lon="127.1136310882866382598876953125">
        <ele>29.200000762939453125</ele>
        <time>2026-05-24T00:49:52.000Z</time>
        <extensions>
          <ns3:TrackPointExtension>
            <ns3:hr>136</ns3:hr>
            <ns3:cad>84</ns3:cad>
          </ns3:TrackPointExtension>
        </extensions>
      </trkpt>
      <trkpt lat="37.5245408155024051666259765625" lon="127.11360150016844272613525390625">
        <ele>29.200000762939453125</ele>
        <time>2026-05-24T00:49:53.000Z</time>
        <extensions>
          <ns3:TrackPointExtension>
            <ns3:hr>136</ns3:hr>
            <ns3:cad>84</ns3:cad>
          </ns3:TrackPointExtension>
        </extensions>
      </trkpt>
      <trkpt lat="37.524541318416595458984375" lon="127.1135677210986614227294921875">
        <ele>29.200000762939453125</ele>
        <time>2026-05-24T00:49:54.000Z</time>
        <extensions>
          <ns3:TrackPointExtension>
            <ns3:hr>136</ns3:hr>
            <ns3:cad>84</ns3:cad>
          </ns3:TrackPointExtension>
        </extensions>
      </trkpt>
      <trkpt lat="37.52454291097819805145263671875" lon="127.1135315112769603729248046875">
        <ele>29.3999996185302734375</ele>
        <time>2026-05-24T00:49:55.000Z</time>
        <extensions>
          <ns3:TrackPointExtension>
            <ns3:hr>136</ns3:hr>
            <ns3:cad>85</ns3:cad>
          </ns3:TrackPointExtension>
        </extensions>
      </trkpt>
      <trkpt lat="37.52453872002661228179931640625" lon="127.11350628174841403961181640625">
        <ele>29.3999996185302734375</ele>
        <time>2026-05-24T00:49:56.000Z</time>
        <extensions>
          <ns3:TrackPointExtension>
            <ns3:hr>136</ns3:hr>
            <ns3:cad>85</ns3:cad>
          </ns3:TrackPointExtension>
        </extensions>
      </trkpt>
      <trkpt lat="37.524541653692722320556640625" lon="127.113465629518032073974609375">
        <ele>29.200000762939453125</ele>
        <time>2026-05-24T00:49:57.000Z</time>
        <extensions>
          <ns3:TrackPointExtension>
            <ns3:hr>135</ns3:hr>
            <ns3:cad>85</ns3:cad>
          </ns3:TrackPointExtension>
        </extensions>
      </trkpt>
      <trkpt lat="37.5245428271591663360595703125" lon="127.1134396456182003021240234375">
        <ele>29.200000762939453125</ele>
        <time>2026-05-24T00:49:58.000Z</time>
        <extensions>
          <ns3:TrackPointExtension>
            <ns3:hr>135</ns3:hr>
            <ns3:cad>85</ns3:cad>
          </ns3:TrackPointExtension>
        </extensions>
      </trkpt>
      <trkpt lat="37.52454760484397411346435546875" lon="127.11340553127229213714599609375">
        <ele>29.200000762939453125</ele>
        <time>2026-05-24T00:49:59.000Z</time>
        <extensions>
          <ns3:TrackPointExtension>
            <ns3:hr>135</ns3:hr>
            <ns3:cad>85</ns3:cad>
          </ns3:TrackPointExtension>
        </extensions>
      </trkpt>
      <trkpt lat="37.52454609610140323638916015625" lon="127.1133680641651153564453125">
        <ele>29.200000762939453125</ele>
        <time>2026-05-24T00:50:00.000Z</time>
        <extensions>
          <ns3:TrackPointExtension>
            <ns3:hr>134</ns3:hr>
            <ns3:cad>85</ns3:cad>
          </ns3:TrackPointExtension>
        </extensions>
      </trkpt>
      <trkpt lat="37.52454601228237152099609375" lon="127.11334115825593471527099609375">
        <ele>29.200000762939453125</ele>
        <time>2026-05-24T00:50:01.000Z</time>
        <extensions>
          <ns3:TrackPointExtension>
            <ns3:hr>134</ns3:hr>
            <ns3:cad>85</ns3:cad>
          </ns3:TrackPointExtension>
        </extensions>
      </trkpt>
      <trkpt lat="37.52454794012010097503662109375" lon="127.1133062057197093963623046875">
        <ele>29.200000762939453125</ele>
        <time>2026-05-24T00:50:02.000Z</time>
        <extensions>
          <ns3:TrackPointExtension>
            <ns3:hr>134</ns3:hr>
            <ns3:cad>85</ns3:cad>
          </ns3:TrackPointExtension>
        </extensions>
      </trkpt>
      <trkpt lat="37.524546682834625244140625" lon="127.113282568752765655517578125">
        <ele>29.3999996185302734375</ele>
        <time>2026-05-24T00:50:03.000Z</time>
        <extensions>
          <ns3:TrackPointExtension>
            <ns3:hr>133</ns3:hr>
            <ns3:cad>84</ns3:cad>
          </ns3:TrackPointExtension>
        </extensions>
      </trkpt>
      <trkpt lat="37.52454601228237152099609375" lon="127.11324401199817657470703125">
        <ele>29.3999996185302734375</ele>
        <time>2026-05-24T00:50:04.000Z</time>
        <extensions>
          <ns3:TrackPointExtension>
            <ns3:hr>132</ns3:hr>
            <ns3:cad>84</ns3:cad>
          </ns3:TrackPointExtension>
        </extensions>
      </trkpt>
      <trkpt lat="37.52453888766467571258544921875" lon="127.11320939473807811737060546875">
        <ele>29.3999996185302734375</ele>
        <time>2026-05-24T00:50:05.000Z</time>
        <extensions>
          <ns3:TrackPointExtension>
            <ns3:hr>132</ns3:hr>
            <ns3:cad>84</ns3:cad>
          </ns3:TrackPointExtension>
        </extensions>
      </trkpt>
      <trkpt lat="37.52453930675983428955078125" lon="127.1131784655153751373291015625">
        <ele>29.3999996185302734375</ele>
        <time>2026-05-24T00:50:06.000Z</time>
        <extensions>
          <ns3:TrackPointExtension>
            <ns3:hr>131</ns3:hr>
            <ns3:cad>84</ns3:cad>
          </ns3:TrackPointExtension>
        </extensions>
      </trkpt>
      <trkpt lat="37.524535618722438812255859375" lon="127.11314435116946697235107421875">
        <ele>29.3999996185302734375</ele>
        <time>2026-05-24T00:50:07.000Z</time>
        <extensions>
          <ns3:TrackPointExtension>
            <ns3:hr>131</ns3:hr>
            <ns3:cad>84</ns3:cad>
          </ns3:TrackPointExtension>
        </extensions>
      </trkpt>
      <trkpt lat="37.52453922294080257415771484375" lon="127.11312322877347469329833984375">
        <ele>29.3999996185302734375</ele>
        <time>2026-05-24T00:50:08.000Z</time>
        <extensions>
          <ns3:TrackPointExtension>
            <ns3:hr>131</ns3:hr>
            <ns3:cad>84</ns3:cad>
          </ns3:TrackPointExtension>
        </extensions>
      </trkpt>
      <trkpt lat="37.5245421566069126129150390625" lon="127.1130852587521076202392578125">
        <ele>29.3999996185302734375</ele>
        <time>2026-05-24T00:50:09.000Z</time>
        <extensions>
          <ns3:TrackPointExtension>
            <ns3:hr>131</ns3:hr>
            <ns3:cad>84</ns3:cad>
          </ns3:TrackPointExtension>
        </extensions>
      </trkpt>
      <trkpt lat="37.5245401449501514434814453125" lon="127.11305265314877033233642578125">
        <ele>29.3999996185302734375</ele>
        <time>2026-05-24T00:50:10.000Z</time>
        <extensions>
          <ns3:TrackPointExtension>
            <ns3:hr>131</ns3:hr>
            <ns3:cad>84</ns3:cad>
          </ns3:TrackPointExtension>
        </extensions>
      </trkpt>
      <trkpt lat="37.52453972585499286651611328125" lon="127.1130175329744815826416015625">
        <ele>29.6000003814697265625</ele>
        <time>2026-05-24T00:50:11.000Z</time>
        <extensions>
          <ns3:TrackPointExtension>
            <ns3:hr>131</ns3:hr>
            <ns3:cad>84</ns3:cad>
          </ns3:TrackPointExtension>
        </extensions>
      </trkpt>
      <trkpt lat="37.5245426595211029052734375" lon="127.11297906003892421722412109375">
        <ele>29.6000003814697265625</ele>
        <time>2026-05-24T00:50:12.000Z</time>
        <extensions>
          <ns3:TrackPointExtension>
            <ns3:hr>130</ns3:hr>
            <ns3:cad>84</ns3:cad>
          </ns3:TrackPointExtension>
        </extensions>
      </trkpt>
      <trkpt lat="37.52453922294080257415771484375" lon="127.1129550039768218994140625">
        <ele>29.6000003814697265625</ele>
        <time>2026-05-24T00:50:13.000Z</time>
        <extensions>
          <ns3:TrackPointExtension>
            <ns3:hr>131</ns3:hr>
            <ns3:cad>84</ns3:cad>
          </ns3:TrackPointExtension>
        </extensions>
      </trkpt>
      <trkpt lat="37.52454307861626148223876953125" lon="127.11291921325027942657470703125">
        <ele>29.6000003814697265625</ele>
        <time>2026-05-24T00:50:14.000Z</time>
        <extensions>
          <ns3:TrackPointExtension>
            <ns3:hr>130</ns3:hr>
            <ns3:cad>84</ns3:cad>
          </ns3:TrackPointExtension>
        </extensions>
      </trkpt>
      <trkpt lat="37.5245414860546588897705078125" lon="127.11289909668266773223876953125">
        <ele>29.6000003814697265625</ele>
        <time>2026-05-24T00:50:15.000Z</time>
        <extensions>
          <ns3:TrackPointExtension>
            <ns3:hr>130</ns3:hr>
            <ns3:cad>84</ns3:cad>
          </ns3:TrackPointExtension>
        </extensions>
      </trkpt>
      <trkpt lat="37.52454173751175403594970703125" lon="127.11286523379385471343994140625">
        <ele>29.6000003814697265625</ele>
        <time>2026-05-24T00:50:16.000Z</time>
        <extensions>
          <ns3:TrackPointExtension>
            <ns3:hr>130</ns3:hr>
            <ns3:cad>84</ns3:cad>
          </ns3:TrackPointExtension>
        </extensions>
      </trkpt>
      <trkpt lat="37.52454291097819805145263671875" lon="127.1128343045711517333984375">
        <ele>29.6000003814697265625</ele>
        <time>2026-05-24T00:50:17.000Z</time>
        <extensions>
          <ns3:TrackPointExtension>
            <ns3:hr>131</ns3:hr>
            <ns3:cad>84</ns3:cad>
          </ns3:TrackPointExtension>
        </extensions>
      </trkpt>
      <trkpt lat="37.52454207278788089752197265625" lon="127.11280421353876590728759765625">
        <ele>29.6000003814697265625</ele>
        <time>2026-05-24T00:50:18.000Z</time>
        <extensions>
          <ns3:TrackPointExtension>
            <ns3:hr>130</ns3:hr>
            <ns3:cad>84</ns3:cad>
          </ns3:TrackPointExtension>
        </extensions>
      </trkpt>
      <trkpt lat="37.52454441972076892852783203125" lon="127.11276699788868427276611328125">
        <ele>29.6000003814697265625</ele>
        <time>2026-05-24T00:50:19.000Z</time>
        <extensions>
          <ns3:TrackPointExtension>
            <ns3:hr>130</ns3:hr>
            <ns3:cad>84</ns3:cad>
          </ns3:TrackPointExtension>
        </extensions>
      </trkpt>
      <trkpt lat="37.524543665349483489990234375" lon="127.11273849941790103912353515625">
        <ele>29.3999996185302734375</ele>
        <time>2026-05-24T00:50:20.000Z</time>
        <extensions>
          <ns3:TrackPointExtension>
            <ns3:hr>130</ns3:hr>
            <ns3:cad>84</ns3:cad>
          </ns3:TrackPointExtension>
        </extensions>
      </trkpt>
      <trkpt lat="37.52455045469105243682861328125" lon="127.1126939915120601654052734375">
        <ele>29.3999996185302734375</ele>
        <time>2026-05-24T00:50:21.000Z</time>
        <extensions>
          <ns3:TrackPointExtension>
            <ns3:hr>131</ns3:hr>
            <ns3:cad>84</ns3:cad>
          </ns3:TrackPointExtension>
        </extensions>
      </trkpt>
      <trkpt lat="37.52455011941492557525634765625" lon="127.11265929043292999267578125">
        <ele>29.3999996185302734375</ele>
        <time>2026-05-24T00:50:22.000Z</time>
        <extensions>
          <ns3:TrackPointExtension>
            <ns3:hr>131</ns3:hr>
            <ns3:cad>85</ns3:cad>
          </ns3:TrackPointExtension>
        </extensions>
      </trkpt>
      <trkpt lat="37.52455062232911586761474609375" lon="127.112629450857639312744140625">
        <ele>29.3999996185302734375</ele>
        <time>2026-05-24T00:50:23.000Z</time>
        <extensions>
          <ns3:TrackPointExtension>
            <ns3:hr>131</ns3:hr>
            <ns3:cad>85</ns3:cad>
          </ns3:TrackPointExtension>
        </extensions>
      </trkpt>
      <trkpt lat="37.52455045469105243682861328125" lon="127.11259550414979457855224609375">
        <ele>29.3999996185302734375</ele>
        <time>2026-05-24T00:50:24.000Z</time>
        <extensions>
          <ns3:TrackPointExtension>
            <ns3:hr>130</ns3:hr>
            <ns3:cad>84</ns3:cad>
          </ns3:TrackPointExtension>
        </extensions>
      </trkpt>
      <trkpt lat="37.524545677006244659423828125" lon="127.112570106983184814453125">
        <ele>29.3999996185302734375</ele>
        <time>2026-05-24T00:50:25.000Z</time>
        <extensions>
          <ns3:TrackPointExtension>
            <ns3:hr>130</ns3:hr>
            <ns3:cad>84</ns3:cad>
          </ns3:TrackPointExtension>
        </extensions>
      </trkpt>
      <trkpt lat="37.52454542554914951324462890625" lon="127.11253901012241840362548828125">
        <ele>29.3999996185302734375</ele>
        <time>2026-05-24T00:50:26.000Z</time>
        <extensions>
          <ns3:TrackPointExtension>
            <ns3:hr>130</ns3:hr>
            <ns3:cad>84</ns3:cad>
          </ns3:TrackPointExtension>
        </extensions>
      </trkpt>
      <trkpt lat="37.52454240806400775909423828125" lon="127.11250908672809600830078125">
        <ele>29.3999996185302734375</ele>
        <time>2026-05-24T00:50:27.000Z</time>
        <extensions>
          <ns3:TrackPointExtension>
            <ns3:hr>130</ns3:hr>
            <ns3:cad>84</ns3:cad>
          </ns3:TrackPointExtension>
        </extensions>
      </trkpt>
      <trkpt lat="37.5245399773120880126953125" lon="127.11247622966766357421875">
        <ele>29.3999996185302734375</ele>
        <time>2026-05-24T00:50:28.000Z</time>
        <extensions>
          <ns3:TrackPointExtension>
            <ns3:hr>131</ns3:hr>
            <ns3:cad>84</ns3:cad>
          </ns3:TrackPointExtension>
        </extensions>
      </trkpt>
      <trkpt lat="37.52454391680657863616943359375" lon="127.11243976838886737823486328125">
        <ele>29.6000003814697265625</ele>
        <time>2026-05-24T00:50:29.000Z</time>
        <extensions>
          <ns3:TrackPointExtension>
            <ns3:hr>130</ns3:hr>
            <ns3:cad>84</ns3:cad>
          </ns3:TrackPointExtension>
        </extensions>
      </trkpt>
      <trkpt lat="37.5245451740920543670654296875" lon="127.1124133653938770294189453125">
        <ele>29.6000003814697265625</ele>
        <time>2026-05-24T00:50:30.000Z</time>
        <extensions>
          <ns3:TrackPointExtension>
            <ns3:hr>130</ns3:hr>
            <ns3:cad>84</ns3:cad>
          </ns3:TrackPointExtension>
        </extensions>
      </trkpt>
      <trkpt lat="37.5245478563010692596435546875" lon="127.1123764850199222564697265625">
        <ele>29.6000003814697265625</ele>
        <time>2026-05-24T00:50:31.000Z</time>
        <extensions>
          <ns3:TrackPointExtension>
            <ns3:hr>130</ns3:hr>
            <ns3:cad>84</ns3:cad>
          </ns3:TrackPointExtension>
        </extensions>
      </trkpt>
      <trkpt lat="37.52454609610140323638916015625" lon="127.11235092021524906158447265625">
        <ele>29.6000003814697265625</ele>
        <time>2026-05-24T00:50:32.000Z</time>
        <extensions>
          <ns3:TrackPointExtension>
            <ns3:hr>131</ns3:hr>
            <ns3:cad>84</ns3:cad>
          </ns3:TrackPointExtension>
        </extensions>
      </trkpt>
      <trkpt lat="37.52454894594848155975341796875" lon="127.112313620746135711669921875">
        <ele>29.6000003814697265625</ele>
        <time>2026-05-24T00:50:33.000Z</time>
        <extensions>
          <ns3:TrackPointExtension>
            <ns3:hr>130</ns3:hr>
            <ns3:cad>84</ns3:cad>
          </ns3:TrackPointExtension>
        </extensions>
      </trkpt>
      <trkpt lat="37.52454626373946666717529296875" lon="127.11228000931441783905029296875">
        <ele>29.6000003814697265625</ele>
        <time>2026-05-24T00:50:34.000Z</time>
        <extensions>
          <ns3:TrackPointExtension>
            <ns3:hr>130</ns3:hr>
            <ns3:cad>84</ns3:cad>
          </ns3:TrackPointExtension>
        </extensions>
      </trkpt>
      <trkpt lat="37.52454509027302265167236328125" lon="127.1122484095394611358642578125">
        <ele>29.3999996185302734375</ele>
        <time>2026-05-24T00:50:35.000Z</time>
        <extensions>
          <ns3:TrackPointExtension>
            <ns3:hr>130</ns3:hr>
            <ns3:cad>85</ns3:cad>
          </ns3:TrackPointExtension>
        </extensions>
      </trkpt>
      <trkpt lat="37.5245440006256103515625" lon="127.11221404373645782470703125">
        <ele>29.3999996185302734375</ele>
        <time>2026-05-24T00:50:36.000Z</time>
        <extensions>
          <ns3:TrackPointExtension>
            <ns3:hr>130</ns3:hr>
            <ns3:cad>85</ns3:cad>
          </ns3:TrackPointExtension>
        </extensions>
      </trkpt>
      <trkpt lat="37.52453528344631195068359375" lon="127.11218914948403835296630859375">
        <ele>29.6000003814697265625</ele>
        <time>2026-05-24T00:50:37.000Z</time>
        <extensions>
          <ns3:TrackPointExtension>
            <ns3:hr>130</ns3:hr>
            <ns3:cad>85</ns3:cad>
          </ns3:TrackPointExtension>
        </extensions>
      </trkpt>
      <trkpt lat="37.52453318797051906585693359375" lon="127.1121505089104175567626953125">
        <ele>29.6000003814697265625</ele>
        <time>2026-05-24T00:50:38.000Z</time>
        <extensions>
          <ns3:TrackPointExtension>
            <ns3:hr>130</ns3:hr>
            <ns3:cad>85</ns3:cad>
          </ns3:TrackPointExtension>
        </extensions>
      </trkpt>
      <trkpt lat="37.52452866174280643463134765625" lon="127.1121236868202686309814453125">
        <ele>29.6000003814697265625</ele>
        <time>2026-05-24T00:50:39.000Z</time>
        <extensions>
          <ns3:TrackPointExtension>
            <ns3:hr>130</ns3:hr>
            <ns3:cad>84</ns3:cad>
          </ns3:TrackPointExtension>
        </extensions>
      </trkpt>
      <trkpt lat="37.52452966757118701934814453125" lon="127.1120898239314556121826171875">
        <ele>29.6000003814697265625</ele>
        <time>2026-05-24T00:50:40.000Z</time>
        <extensions>
          <ns3:TrackPointExtension>
            <ns3:hr>130</ns3:hr>
            <ns3:cad>84</ns3:cad>
          </ns3:TrackPointExtension>
        </extensions>
      </trkpt>
      <trkpt lat="37.524535618722438812255859375" lon="127.1120505966246128082275390625">
        <ele>29.6000003814697265625</ele>
        <time>2026-05-24T00:50:41.000Z</time>
        <extensions>
          <ns3:TrackPointExtension>
            <ns3:hr>130</ns3:hr>
            <ns3:cad>85</ns3:cad>
          </ns3:TrackPointExtension>
        </extensions>
      </trkpt>
      <trkpt lat="37.52453302033245563507080078125" lon="127.11202955804765224456787109375">
        <ele>29.6000003814697265625</ele>
        <time>2026-05-24T00:50:42.000Z</time>
        <extensions>
          <ns3:TrackPointExtension>
            <ns3:hr>129</ns3:hr>
            <ns3:cad>85</ns3:cad>
          </ns3:TrackPointExtension>
        </extensions>
      </trkpt>
      <trkpt lat="37.52453536726534366607666015625" lon="127.1119922585785388946533203125">
        <ele>29.6000003814697265625</ele>
        <time>2026-05-24T00:50:43.000Z</time>
        <extensions>
          <ns3:TrackPointExtension>
            <ns3:hr>129</ns3:hr>
            <ns3:cad>85</ns3:cad>
          </ns3:TrackPointExtension>
        </extensions>
      </trkpt>
      <trkpt lat="37.52453872002661228179931640625" lon="127.1119590662419795989990234375">
        <ele>29.6000003814697265625</ele>
        <time>2026-05-24T00:50:44.000Z</time>
        <extensions>
          <ns3:TrackPointExtension>
            <ns3:hr>129</ns3:hr>
            <ns3:cad>85</ns3:cad>
          </ns3:TrackPointExtension>
        </extensions>
      </trkpt>
      <trkpt lat="37.52453260123729705810546875" lon="127.11192612536251544952392578125">
        <ele>29.6000003814697265625</ele>
        <time>2026-05-24T00:50:45.000Z</time>
        <extensions>
          <ns3:TrackPointExtension>
            <ns3:hr>129</ns3:hr>
            <ns3:cad>85</ns3:cad>
          </ns3:TrackPointExtension>
        </extensions>
      </trkpt>
      <trkpt lat="37.52453117631375789642333984375" lon="127.11189477704465389251708984375">
        <ele>29.6000003814697265625</ele>
        <time>2026-05-24T00:50:46.000Z</time>
        <extensions>
          <ns3:TrackPointExtension>
            <ns3:hr>129</ns3:hr>
            <ns3:cad>84</ns3:cad>
          </ns3:TrackPointExtension>
        </extensions>
      </trkpt>
      <trkpt lat="37.5245292484760284423828125" lon="127.11187298409640789031982421875">
        <ele>29.6000003814697265625</ele>
        <time>2026-05-24T00:50:47.000Z</time>
        <extensions>
          <ns3:TrackPointExtension>
            <ns3:hr>129</ns3:hr>
            <ns3:cad>84</ns3:cad>
          </ns3:TrackPointExtension>
        </extensions>
      </trkpt>
      <trkpt lat="37.5245399773120880126953125" lon="127.11182512342929840087890625">
        <ele>29.6000003814697265625</ele>
        <time>2026-05-24T00:50:48.000Z</time>
        <extensions>
          <ns3:TrackPointExtension>
            <ns3:hr>128</ns3:hr>
            <ns3:cad>84</ns3:cad>
          </ns3:TrackPointExtension>
        </extensions>
      </trkpt>
      <trkpt lat="37.52454341389238834381103515625" lon="127.11179989390075206756591796875">
        <ele>29.6000003814697265625</ele>
        <time>2026-05-24T00:50:49.000Z</time>
        <extensions>
          <ns3:TrackPointExtension>
            <ns3:hr>128</ns3:hr>
            <ns3:cad>84</ns3:cad>
          </ns3:TrackPointExtension>
        </extensions>
      </trkpt>
      <trkpt lat="37.524541318416595458984375" lon="127.11176401935517787933349609375">
        <ele>29.6000003814697265625</ele>
        <time>2026-05-24T00:50:50.000Z</time>
        <extensions>
          <ns3:TrackPointExtension>
            <ns3:hr>128</ns3:hr>
            <ns3:cad>84</ns3:cad>
          </ns3:TrackPointExtension>
        </extensions>
      </trkpt>
      <trkpt lat="37.52454006113111972808837890625" lon="127.1117344312369823455810546875">
        <ele>29.799999237060546875</ele>
        <time>2026-05-24T00:50:51.000Z</time>
        <extensions>
          <ns3:TrackPointExtension>
            <ns3:hr>128</ns3:hr>
            <ns3:cad>84</ns3:cad>
          </ns3:TrackPointExtension>
        </extensions>
      </trkpt>
      <trkpt lat="37.52454006113111972808837890625" lon="127.11170551367104053497314453125">
        <ele>29.6000003814697265625</ele>
        <time>2026-05-24T00:50:52.000Z</time>
        <extensions>
          <ns3:TrackPointExtension>
            <ns3:hr>128</ns3:hr>
            <ns3:cad>84</ns3:cad>
          </ns3:TrackPointExtension>
        </extensions>
      </trkpt>
      <trkpt lat="37.52454240806400775909423828125" lon="127.11166511289775371551513671875">
        <ele>29.6000003814697265625</ele>
        <time>2026-05-24T00:50:53.000Z</time>
        <extensions>
          <ns3:TrackPointExtension>
            <ns3:hr>129</ns3:hr>
            <ns3:cad>84</ns3:cad>
          </ns3:TrackPointExtension>
        </extensions>
      </trkpt>
      <trkpt lat="37.5245451740920543670654296875" lon="127.1116353571414947509765625">
        <ele>29.6000003814697265625</ele>
        <time>2026-05-24T00:50:54.000Z</time>
        <extensions>
          <ns3:TrackPointExtension>
            <ns3:hr>128</ns3:hr>
            <ns3:cad>84</ns3:cad>
          </ns3:TrackPointExtension>
        </extensions>
      </trkpt>
      <trkpt lat="37.5245512090623378753662109375" lon="127.1115993149578571319580078125">
        <ele>29.6000003814697265625</ele>
        <time>2026-05-24T00:50:55.000Z</time>
        <extensions>
          <ns3:TrackPointExtension>
            <ns3:hr>128</ns3:hr>
            <ns3:cad>85</ns3:cad>
          </ns3:TrackPointExtension>
        </extensions>
      </trkpt>
      <trkpt lat="37.52455397509038448333740234375" lon="127.11157090030610561370849609375">
        <ele>29.6000003814697265625</ele>
        <time>2026-05-24T00:50:56.000Z</time>
        <extensions>
          <ns3:TrackPointExtension>
            <ns3:hr>128</ns3:hr>
            <ns3:cad>85</ns3:cad>
          </ns3:TrackPointExtension>
        </extensions>
      </trkpt>
      <trkpt lat="37.52455196343362331390380859375" lon="127.11153670214116573333740234375">
        <ele>29.6000003814697265625</ele>
        <time>2026-05-24T00:50:57.000Z</time>
        <extensions>
          <ns3:TrackPointExtension>
            <ns3:hr>128</ns3:hr>
            <ns3:cad>85</ns3:cad>
          </ns3:TrackPointExtension>
        </extensions>
      </trkpt>
      <trkpt lat="37.5245528854429721832275390625" lon="127.11150166578590869903564453125">
        <ele>29.6000003814697265625</ele>
        <time>2026-05-24T00:50:58.000Z</time>
        <extensions>
          <ns3:TrackPointExtension>
            <ns3:hr>128</ns3:hr>
            <ns3:cad>85</ns3:cad>
          </ns3:TrackPointExtension>
        </extensions>
      </trkpt>
      <trkpt lat="37.5245468504726886749267578125" lon="127.1114779449999332427978515625">
        <ele>29.6000003814697265625</ele>
        <time>2026-05-24T00:50:59.000Z</time>
        <extensions>
          <ns3:TrackPointExtension>
            <ns3:hr>128</ns3:hr>
            <ns3:cad>84</ns3:cad>
          </ns3:TrackPointExtension>
        </extensions>
      </trkpt>
      <trkpt lat="37.524544335901737213134765625" lon="127.1114437468349933624267578125">
        <ele>29.3999996185302734375</ele>
        <time>2026-05-24T00:51:00.000Z</time>
        <extensions>
          <ns3:TrackPointExtension>
            <ns3:hr>128</ns3:hr>
            <ns3:cad>84</ns3:cad>
          </ns3:TrackPointExtension>
        </extensions>
      </trkpt>
      <trkpt lat="37.5245388038456439971923828125" lon="127.11141549982130527496337890625">
        <ele>29.6000003814697265625</ele>
        <time>2026-05-24T00:51:01.000Z</time>
        <extensions>
          <ns3:TrackPointExtension>
            <ns3:hr>128</ns3:hr>
            <ns3:cad>84</ns3:cad>
          </ns3:TrackPointExtension>
        </extensions>
      </trkpt>
      <trkpt lat="37.5245346128940582275390625" lon="127.111375518143177032470703125">
        <ele>29.3999996185302734375</ele>
        <time>2026-05-24T00:51:02.000Z</time>
        <extensions>
          <ns3:TrackPointExtension>
            <ns3:hr>128</ns3:hr>
            <ns3:cad>84</ns3:cad>
          </ns3:TrackPointExtension>
        </extensions>
      </trkpt>
      <trkpt lat="37.52453855238854885101318359375" lon="127.11133972741663455963134765625">
        <ele>29.3999996185302734375</ele>
        <time>2026-05-24T00:51:03.000Z</time>
        <extensions>
          <ns3:TrackPointExtension>
            <ns3:hr>128</ns3:hr>
            <ns3:cad>85</ns3:cad>
          </ns3:TrackPointExtension>
        </extensions>
      </trkpt>
      <trkpt lat="37.52453721128404140472412109375" lon="127.11130787618458271026611328125">
        <ele>29.3999996185302734375</ele>
        <time>2026-05-24T00:51:04.000Z</time>
        <extensions>
          <ns3:TrackPointExtension>
            <ns3:hr>128</ns3:hr>
            <ns3:cad>85</ns3:cad>
          </ns3:TrackPointExtension>
        </extensions>
      </trkpt>
      <trkpt lat="37.52454156987369060516357421875" lon="127.111268900334835052490234375">
        <ele>29.3999996185302734375</ele>
        <time>2026-05-24T00:51:05.000Z</time>
        <extensions>
          <ns3:TrackPointExtension>
            <ns3:hr>128</ns3:hr>
            <ns3:cad>85</ns3:cad>
          </ns3:TrackPointExtension>
        </extensions>
      </trkpt>
      <trkpt lat="37.524540312588214874267578125" lon="127.1112464368343353271484375">
        <ele>29.3999996185302734375</ele>
        <time>2026-05-24T00:51:06.000Z</time>
        <extensions>
          <ns3:TrackPointExtension>
            <ns3:hr>127</ns3:hr>
            <ns3:cad>85</ns3:cad>
          </ns3:TrackPointExtension>
        </extensions>
      </trkpt>
      <trkpt lat="37.524546682834625244140625" lon="127.111205868422985076904296875">
        <ele>29.3999996185302734375</ele>
        <time>2026-05-24T00:51:07.000Z</time>
        <extensions>
          <ns3:TrackPointExtension>
            <ns3:hr>127</ns3:hr>
            <ns3:cad>85</ns3:cad>
          </ns3:TrackPointExtension>
        </extensions>
      </trkpt>
      <trkpt lat="37.52454777248203754425048828125" lon="127.111171670258045196533203125">
        <ele>29.3999996185302734375</ele>
        <time>2026-05-24T00:51:08.000Z</time>
        <extensions>
          <ns3:TrackPointExtension>
            <ns3:hr>127</ns3:hr>
            <ns3:cad>86</ns3:cad>
          </ns3:TrackPointExtension>
        </extensions>
      </trkpt>
      <trkpt lat="37.52454542554914951324462890625" lon="127.11114074103534221649169921875">
        <ele>29.6000003814697265625</ele>
        <time>2026-05-24T00:51:09.000Z</time>
        <extensions>
          <ns3:TrackPointExtension>
            <ns3:hr>127</ns3:hr>
            <ns3:cad>86</ns3:cad>
          </ns3:TrackPointExtension>
        </extensions>
      </trkpt>
      <trkpt lat="37.5245438329875469207763671875" lon="127.11111165583133697509765625">
        <ele>29.6000003814697265625</ele>
        <time>2026-05-24T00:51:10.000Z</time>
        <extensions>
          <ns3:TrackPointExtension>
            <ns3:hr>127</ns3:hr>
            <ns3:cad>85</ns3:cad>
          </ns3:TrackPointExtension>
        </extensions>
      </trkpt>
      <trkpt lat="37.52453888766467571258544921875" lon="127.11108743213117122650146484375">
        <ele>29.6000003814697265625</ele>
        <time>2026-05-24T00:51:11.000Z</time>
        <extensions>
          <ns3:TrackPointExtension>
            <ns3:hr>127</ns3:hr>
            <ns3:cad>85</ns3:cad>
          </ns3:TrackPointExtension>
        </extensions>
      </trkpt>
      <trkpt lat="37.52453821711242198944091796875" lon="127.11104921065270900726318359375">
        <ele>29.6000003814697265625</ele>
        <time>2026-05-24T00:51:12.000Z</time>
        <extensions>
          <ns3:TrackPointExtension>
            <ns3:hr>128</ns3:hr>
            <ns3:cad>85</ns3:cad>
          </ns3:TrackPointExtension>
        </extensions>
      </trkpt>
      <trkpt lat="37.52453872002661228179931640625" lon="127.1110206283628940582275390625">
        <ele>29.6000003814697265625</ele>
        <time>2026-05-24T00:51:13.000Z</time>
        <extensions>
          <ns3:TrackPointExtension>
            <ns3:hr>127</ns3:hr>
            <ns3:cad>85</ns3:cad>
          </ns3:TrackPointExtension>
        </extensions>
      </trkpt>
      <trkpt lat="37.52454073168337345123291015625" lon="127.11098383180797100067138671875">
        <ele>29.6000003814697265625</ele>
        <time>2026-05-24T00:51:14.000Z</time>
        <extensions>
          <ns3:TrackPointExtension>
            <ns3:hr>127</ns3:hr>
            <ns3:cad>85</ns3:cad>
          </ns3:TrackPointExtension>
        </extensions>
      </trkpt>
      <trkpt lat="37.5245404802262783050537109375" lon="127.1109559200704097747802734375">
        <ele>29.3999996185302734375</ele>
        <time>2026-05-24T00:51:15.000Z</time>
        <extensions>
          <ns3:TrackPointExtension>
            <ns3:hr>127</ns3:hr>
            <ns3:cad>85</ns3:cad>
          </ns3:TrackPointExtension>
        </extensions>
      </trkpt>
      <trkpt lat="37.52454743720591068267822265625" lon="127.11092121899127960205078125">
        <ele>29.3999996185302734375</ele>
        <time>2026-05-24T00:51:16.000Z</time>
        <extensions>
          <ns3:TrackPointExtension>
            <ns3:hr>127</ns3:hr>
            <ns3:cad>85</ns3:cad>
          </ns3:TrackPointExtension>
        </extensions>
      </trkpt>
      <trkpt lat="37.52454978413879871368408203125" lon="127.11088911630213260650634765625">
        <ele>29.3999996185302734375</ele>
        <time>2026-05-24T00:51:17.000Z</time>
        <extensions>
          <ns3:TrackPointExtension>
            <ns3:hr>127</ns3:hr>
            <ns3:cad>85</ns3:cad>
          </ns3:TrackPointExtension>
        </extensions>
      </trkpt>
      <trkpt lat="37.52454911358654499053955078125" lon="127.11086397059261798858642578125">
        <ele>29.3999996185302734375</ele>
        <time>2026-05-24T00:51:18.000Z</time>
        <extensions>
          <ns3:TrackPointExtension>
            <ns3:hr>127</ns3:hr>
            <ns3:cad>85</ns3:cad>
          </ns3:TrackPointExtension>
        </extensions>
      </trkpt>
      <trkpt lat="37.524553053081035614013671875" lon="127.11082491092383861541748046875">
        <ele>29.3999996185302734375</ele>
        <time>2026-05-24T00:51:19.000Z</time>
        <extensions>
          <ns3:TrackPointExtension>
            <ns3:hr>127</ns3:hr>
            <ns3:cad>85</ns3:cad>
          </ns3:TrackPointExtension>
        </extensions>
      </trkpt>
      <trkpt lat="37.524555064737796783447265625" lon="127.11079188622534275054931640625">
        <ele>29.3999996185302734375</ele>
        <time>2026-05-24T00:51:20.000Z</time>
        <extensions>
          <ns3:TrackPointExtension>
            <ns3:hr>127</ns3:hr>
            <ns3:cad>85</ns3:cad>
          </ns3:TrackPointExtension>
        </extensions>
      </trkpt>
      <trkpt lat="37.52455682493746280670166015625" lon="127.1107597835361957550048828125">
        <ele>29.6000003814697265625</ele>
        <time>2026-05-24T00:51:21.000Z</time>
        <extensions>
          <ns3:TrackPointExtension>
            <ns3:hr>126</ns3:hr>
            <ns3:cad>85</ns3:cad>
          </ns3:TrackPointExtension>
        </extensions>
      </trkpt>
      <trkpt lat="37.52455632202327251434326171875" lon="127.11072298698127269744873046875">
        <ele>29.6000003814697265625</ele>
        <time>2026-05-24T00:51:22.000Z</time>
        <extensions>
          <ns3:TrackPointExtension>
            <ns3:hr>126</ns3:hr>
            <ns3:cad>85</ns3:cad>
          </ns3:TrackPointExtension>
        </extensions>
      </trkpt>
      <trkpt lat="37.524552382528781890869140625" lon="127.1106970869004726409912109375">
        <ele>29.6000003814697265625</ele>
        <time>2026-05-24T00:51:23.000Z</time>
        <extensions>
          <ns3:TrackPointExtension>
            <ns3:hr>126</ns3:hr>
            <ns3:cad>84</ns3:cad>
          </ns3:TrackPointExtension>
        </extensions>
      </trkpt>
      <trkpt lat="37.5245533883571624755859375" lon="127.1106538362801074981689453125">
        <ele>29.6000003814697265625</ele>
        <time>2026-05-24T00:51:24.000Z</time>
        <extensions>
          <ns3:TrackPointExtension>
            <ns3:hr>126</ns3:hr>
            <ns3:cad>84</ns3:cad>
          </ns3:TrackPointExtension>
        </extensions>
      </trkpt>
      <trkpt lat="37.52455011941492557525634765625" lon="127.1106303669512271881103515625">
        <ele>29.6000003814697265625</ele>
        <time>2026-05-24T00:51:25.000Z</time>
        <extensions>
          <ns3:TrackPointExtension>
            <ns3:hr>125</ns3:hr>
            <ns3:cad>84</ns3:cad>
          </ns3:TrackPointExtension>
        </extensions>
      </trkpt>
      <trkpt lat="37.524547018110752105712890625" lon="127.1105941571295261383056640625">
        <ele>29.6000003814697265625</ele>
        <time>2026-05-24T00:51:26.000Z</time>
        <extensions>
          <ns3:TrackPointExtension>
            <ns3:hr>126</ns3:hr>
            <ns3:cad>84</ns3:cad>
          </ns3:TrackPointExtension>
        </extensions>
      </trkpt>
      <trkpt lat="37.5245481915771961212158203125" lon="127.110560126602649688720703125">
        <ele>29.6000003814697265625</ele>
        <time>2026-05-24T00:51:27.000Z</time>
        <extensions>
          <ns3:TrackPointExtension>
            <ns3:hr>126</ns3:hr>
            <ns3:cad>84</ns3:cad>
          </ns3:TrackPointExtension>
        </extensions>
      </trkpt>
      <trkpt lat="37.5245441682636737823486328125" lon="127.11052752099931240081787109375">
        <ele>29.6000003814697265625</ele>
        <time>2026-05-24T00:51:28.000Z</time>
        <extensions>
          <ns3:TrackPointExtension>
            <ns3:hr>126</ns3:hr>
            <ns3:cad>85</ns3:cad>
          </ns3:TrackPointExtension>
        </extensions>
      </trkpt>
      <trkpt lat="37.5245391391217708587646484375" lon="127.11049164645373821258544921875">
        <ele>29.6000003814697265625</ele>
        <time>2026-05-24T00:51:29.000Z</time>
        <extensions>
          <ns3:TrackPointExtension>
            <ns3:hr>125</ns3:hr>
            <ns3:cad>85</ns3:cad>
          </ns3:TrackPointExtension>
        </extensions>
      </trkpt>
      <trkpt lat="37.52453620545566082000732421875" lon="127.110463567078113555908203125">
        <ele>29.6000003814697265625</ele>
        <time>2026-05-24T00:51:30.000Z</time>
        <extensions>
          <ns3:TrackPointExtension>
            <ns3:hr>126</ns3:hr>
            <ns3:cad>85</ns3:cad>
          </ns3:TrackPointExtension>
        </extensions>
      </trkpt>
      <trkpt lat="37.52453662455081939697265625" lon="127.110421992838382720947265625">
        <ele>29.6000003814697265625</ele>
        <time>2026-05-24T00:51:31.000Z</time>
        <extensions>
          <ns3:TrackPointExtension>
            <ns3:hr>126</ns3:hr>
            <ns3:cad>85</ns3:cad>
          </ns3:TrackPointExtension>
        </extensions>
      </trkpt>
      <trkpt lat="37.524535618722438812255859375" lon="127.11038737557828426361083984375">
        <ele>29.6000003814697265625</ele>
        <time>2026-05-24T00:51:32.000Z</time>
        <extensions>
          <ns3:TrackPointExtension>
            <ns3:hr>126</ns3:hr>
            <ns3:cad>85</ns3:cad>
          </ns3:TrackPointExtension>
        </extensions>
      </trkpt>
      <trkpt lat="37.52453737892210483551025390625" lon="127.11035233922302722930908203125">
        <ele>29.6000003814697265625</ele>
        <time>2026-05-24T00:51:33.000Z</time>
        <extensions>
          <ns3:TrackPointExtension>
            <ns3:hr>126</ns3:hr>
            <ns3:cad>85</ns3:cad>
          </ns3:TrackPointExtension>
        </extensions>
      </trkpt>
      <trkpt lat="37.52453436143696308135986328125" lon="127.110314704477787017822265625">
        <ele>29.799999237060546875</ele>
        <time>2026-05-24T00:51:34.000Z</time>
        <extensions>
          <ns3:TrackPointExtension>
            <ns3:hr>126</ns3:hr>
            <ns3:cad>85</ns3:cad>
          </ns3:TrackPointExtension>
        </extensions>
      </trkpt>
      <trkpt lat="37.52453117631375789642333984375" lon="127.1102903969585895538330078125">
        <ele>29.799999237060546875</ele>
        <time>2026-05-24T00:51:35.000Z</time>
        <extensions>
          <ns3:TrackPointExtension>
            <ns3:hr>126</ns3:hr>
            <ns3:cad>85</ns3:cad>
          </ns3:TrackPointExtension>
        </extensions>
      </trkpt>
      <trkpt lat="37.5245354510843753814697265625" lon="127.11025066673755645751953125">
        <ele>29.799999237060546875</ele>
        <time>2026-05-24T00:51:36.000Z</time>
        <extensions>
          <ns3:TrackPointExtension>
            <ns3:hr>127</ns3:hr>
            <ns3:cad>85</ns3:cad>
          </ns3:TrackPointExtension>
        </extensions>
      </trkpt>
      <trkpt lat="37.52453704364597797393798828125" lon="127.1102186478674411773681640625">
        <ele>29.799999237060546875</ele>
        <time>2026-05-24T00:51:37.000Z</time>
        <extensions>
          <ns3:TrackPointExtension>
            <ns3:hr>127</ns3:hr>
            <ns3:cad>85</ns3:cad>
          </ns3:TrackPointExtension>
        </extensions>
      </trkpt>
      <trkpt lat="37.5245394743978977203369140625" lon="127.11017958819866180419921875">
        <ele>29.799999237060546875</ele>
        <time>2026-05-24T00:51:38.000Z</time>
        <extensions>
          <ns3:TrackPointExtension>
            <ns3:hr>127</ns3:hr>
            <ns3:cad>84</ns3:cad>
          </ns3:TrackPointExtension>
        </extensions>
      </trkpt>
      <trkpt lat="37.5245391391217708587646484375" lon="127.11014203727245330810546875">
        <ele>29.799999237060546875</ele>
        <time>2026-05-24T00:51:39.000Z</time>
        <extensions>
          <ns3:TrackPointExtension>
            <ns3:hr>127</ns3:hr>
            <ns3:cad>84</ns3:cad>
          </ns3:TrackPointExtension>
        </extensions>
      </trkpt>
      <trkpt lat="37.52453972585499286651611328125" lon="127.11011680774390697479248046875">
        <ele>29.799999237060546875</ele>
        <time>2026-05-24T00:51:40.000Z</time>
        <extensions>
          <ns3:TrackPointExtension>
            <ns3:hr>127</ns3:hr>
            <ns3:cad>84</ns3:cad>
          </ns3:TrackPointExtension>
        </extensions>
      </trkpt>
      <trkpt lat="37.52454073168337345123291015625" lon="127.1100868843495845794677734375">
        <ele>30</ele>
        <time>2026-05-24T00:51:41.000Z</time>
        <extensions>
          <ns3:TrackPointExtension>
            <ns3:hr>127</ns3:hr>
            <ns3:cad>84</ns3:cad>
          </ns3:TrackPointExtension>
        </extensions>
      </trkpt>
      <trkpt lat="37.52453620545566082000732421875" lon="127.11006048135459423065185546875">
        <ele>30</ele>
        <time>2026-05-24T00:51:42.000Z</time>
        <extensions>
          <ns3:TrackPointExtension>
            <ns3:hr>127</ns3:hr>
            <ns3:cad>84</ns3:cad>
          </ns3:TrackPointExtension>
        </extensions>
      </trkpt>
      <trkpt lat="37.52453553490340709686279296875" lon="127.110019661486148834228515625">
        <ele>30</ele>
        <time>2026-05-24T00:51:43.000Z</time>
        <extensions>
          <ns3:TrackPointExtension>
            <ns3:hr>127</ns3:hr>
            <ns3:cad>85</ns3:cad>
          </ns3:TrackPointExtension>
        </extensions>
      </trkpt>
      <trkpt lat="37.52453955821692943572998046875" lon="127.10999074392020702362060546875">
        <ele>30</ele>
        <time>2026-05-24T00:51:44.000Z</time>
        <extensions>
          <ns3:TrackPointExtension>
            <ns3:hr>127</ns3:hr>
            <ns3:cad>85</ns3:cad>
          </ns3:TrackPointExtension>
        </extensions>
      </trkpt>
      <trkpt lat="37.52453687600791454315185546875" lon="127.10996090434491634368896484375">
        <ele>30</ele>
        <time>2026-05-24T00:51:45.000Z</time>
        <extensions>
          <ns3:TrackPointExtension>
            <ns3:hr>127</ns3:hr>
            <ns3:cad>85</ns3:cad>
          </ns3:TrackPointExtension>
        </extensions>
      </trkpt>
      <trkpt lat="37.52453251741826534271240234375" lon="127.10992821492254734039306640625">
        <ele>30</ele>
        <time>2026-05-24T00:51:46.000Z</time>
        <extensions>
          <ns3:TrackPointExtension>
            <ns3:hr>127</ns3:hr>
            <ns3:cad>85</ns3:cad>
          </ns3:TrackPointExtension>
        </extensions>
      </trkpt>
      <trkpt lat="37.52453369088470935821533203125" lon="127.10990558378398418426513671875">
        <ele>30</ele>
        <time>2026-05-24T00:51:47.000Z</time>
        <extensions>
          <ns3:TrackPointExtension>
            <ns3:hr>127</ns3:hr>
            <ns3:cad>85</ns3:cad>
          </ns3:TrackPointExtension>
        </extensions>
      </trkpt>
      <trkpt lat="37.5245408155024051666259765625" lon="127.109863422811031341552734375">
        <ele>30</ele>
        <time>2026-05-24T00:51:48.000Z</time>
        <extensions>
          <ns3:TrackPointExtension>
            <ns3:hr>127</ns3:hr>
            <ns3:cad>85</ns3:cad>
          </ns3:TrackPointExtension>
        </extensions>
      </trkpt>
      <trkpt lat="37.52454190514981746673583984375" lon="127.109841294586658477783203125">
        <ele>30</ele>
        <time>2026-05-24T00:51:49.000Z</time>
        <extensions>
          <ns3:TrackPointExtension>
            <ns3:hr>127</ns3:hr>
            <ns3:cad>84</ns3:cad>
          </ns3:TrackPointExtension>
        </extensions>
      </trkpt>
      <trkpt lat="37.52454525791108608245849609375" lon="127.109803073108196258544921875">
        <ele>30</ele>
        <time>2026-05-24T00:51:50.000Z</time>
        <extensions>
          <ns3:TrackPointExtension>
            <ns3:hr>128</ns3:hr>
            <ns3:cad>84</ns3:cad>
          </ns3:TrackPointExtension>
        </extensions>
      </trkpt>
      <trkpt lat="37.5245475210249423980712890625" lon="127.1097687073051929473876953125">
        <ele>30</ele>
        <time>2026-05-24T00:51:51.000Z</time>
        <extensions>
          <ns3:TrackPointExtension>
            <ns3:hr>128</ns3:hr>
            <ns3:cad>84</ns3:cad>
          </ns3:TrackPointExtension>
        </extensions>
      </trkpt>
      <trkpt lat="37.5245471857488155364990234375" lon="127.10974347777664661407470703125">
        <ele>30</ele>
        <time>2026-05-24T00:51:52.000Z</time>
        <extensions>
          <ns3:TrackPointExtension>
            <ns3:hr>128</ns3:hr>
            <ns3:cad>84</ns3:cad>
          </ns3:TrackPointExtension>
        </extensions>
      </trkpt>
      <trkpt lat="37.52454391680657863616943359375" lon="127.10970492102205753326416015625">
        <ele>30</ele>
        <time>2026-05-24T00:51:53.000Z</time>
        <extensions>
          <ns3:TrackPointExtension>
            <ns3:hr>129</ns3:hr>
            <ns3:cad>84</ns3:cad>
          </ns3:TrackPointExtension>
        </extensions>
      </trkpt>
      <trkpt lat="37.52454123459756374359130859375" lon="127.10968547500669956207275390625">
        <ele>30</ele>
        <time>2026-05-24T00:51:54.000Z</time>
        <extensions>
          <ns3:TrackPointExtension>
            <ns3:hr>129</ns3:hr>
            <ns3:cad>84</ns3:cad>
          </ns3:TrackPointExtension>
        </extensions>
      </trkpt>
      <trkpt lat="37.524542994797229766845703125" lon="127.1096456609666347503662109375">
        <ele>30</ele>
        <time>2026-05-24T00:51:55.000Z</time>
        <extensions>
          <ns3:TrackPointExtension>
            <ns3:hr>129</ns3:hr>
            <ns3:cad>84</ns3:cad>
          </ns3:TrackPointExtension>
        </extensions>
      </trkpt>
      <trkpt lat="37.52453519962728023529052734375" lon="127.10962261073291301727294921875">
        <ele>30</ele>
        <time>2026-05-24T00:51:56.000Z</time>
        <extensions>
          <ns3:TrackPointExtension>
            <ns3:hr>129</ns3:hr>
            <ns3:cad>85</ns3:cad>
          </ns3:TrackPointExtension>
        </extensions>
      </trkpt>
      <trkpt lat="37.52453528344631195068359375" lon="127.10959109477698802947998046875">
        <ele>30</ele>
        <time>2026-05-24T00:51:57.000Z</time>
        <extensions>
          <ns3:TrackPointExtension>
            <ns3:hr>129</ns3:hr>
            <ns3:cad>85</ns3:cad>
          </ns3:TrackPointExtension>
        </extensions>
      </trkpt>
      <trkpt lat="37.52453620545566082000732421875" lon="127.10956041701138019561767578125">
        <ele>30</ele>
        <time>2026-05-24T00:51:58.000Z</time>
        <extensions>
          <ns3:TrackPointExtension>
            <ns3:hr>130</ns3:hr>
            <ns3:cad>85</ns3:cad>
          </ns3:TrackPointExtension>
        </extensions>
      </trkpt>
      <trkpt lat="37.52453469671308994293212890625" lon="127.1095273084938526153564453125">
        <ele>30</ele>
        <time>2026-05-24T00:51:59.000Z</time>
        <extensions>
          <ns3:TrackPointExtension>
            <ns3:hr>130</ns3:hr>
            <ns3:cad>85</ns3:cad>
          </ns3:TrackPointExtension>
        </extensions>
      </trkpt>
      <trkpt lat="37.52453855238854885101318359375" lon="127.10948380641639232635498046875">
        <ele>30</ele>
        <time>2026-05-24T00:52:00.000Z</time>
        <extensions>
          <ns3:TrackPointExtension>
            <ns3:hr>130</ns3:hr>
            <ns3:cad>85</ns3:cad>
          </ns3:TrackPointExtension>
        </extensions>
      </trkpt>
      <trkpt lat="37.52454022876918315887451171875" lon="127.109455727040767669677734375">
        <ele>30</ele>
        <time>2026-05-24T00:52:01.000Z</time>
        <extensions>
          <ns3:TrackPointExtension>
            <ns3:hr>130</ns3:hr>
            <ns3:cad>85</ns3:cad>
          </ns3:TrackPointExtension>
        </extensions>
      </trkpt>
      <trkpt lat="37.5245451740920543670654296875" lon="127.10941851139068603515625">
        <ele>30</ele>
        <time>2026-05-24T00:52:02.000Z</time>
        <extensions>
          <ns3:TrackPointExtension>
            <ns3:hr>129</ns3:hr>
            <ns3:cad>85</ns3:cad>
          </ns3:TrackPointExtension>
        </extensions>
      </trkpt>
      <trkpt lat="37.52455011941492557525634765625" lon="127.10938506759703159332275390625">
        <ele>30</ele>
        <time>2026-05-24T00:52:03.000Z</time>
        <extensions>
          <ns3:TrackPointExtension>
            <ns3:hr>130</ns3:hr>
            <ns3:cad>84</ns3:cad>
          </ns3:TrackPointExtension>
        </extensions>
      </trkpt>
      <trkpt lat="37.5245518796145915985107421875" lon="127.10935975424945354461669921875">
        <ele>30</ele>
        <time>2026-05-24T00:52:04.000Z</time>
        <extensions>
          <ns3:TrackPointExtension>
            <ns3:hr>130</ns3:hr>
            <ns3:cad>84</ns3:cad>
          </ns3:TrackPointExtension>
        </extensions>
      </trkpt>
      <trkpt lat="37.52455799840390682220458984375" lon="127.10932052694261074066162109375">
        <ele>29.799999237060546875</ele>
        <time>2026-05-24T00:52:05.000Z</time>
        <extensions>
          <ns3:TrackPointExtension>
            <ns3:hr>130</ns3:hr>
            <ns3:cad>85</ns3:cad>
          </ns3:TrackPointExtension>
        </extensions>
      </trkpt>
      <trkpt lat="37.5245533883571624755859375" lon="127.1092966385185718536376953125">
        <ele>29.799999237060546875</ele>
        <time>2026-05-24T00:52:06.000Z</time>
        <extensions>
          <ns3:TrackPointExtension>
            <ns3:hr>129</ns3:hr>
            <ns3:cad>85</ns3:cad>
          </ns3:TrackPointExtension>
        </extensions>
      </trkpt>
      <trkpt lat="37.52455933950841426849365234375" lon="127.1092616021633148193359375">
        <ele>29.799999237060546875</ele>
        <time>2026-05-24T00:52:07.000Z</time>
        <extensions>
          <ns3:TrackPointExtension>
            <ns3:hr>130</ns3:hr>
            <ns3:cad>85</ns3:cad>
          </ns3:TrackPointExtension>
        </extensions>
      </trkpt>
      <trkpt lat="37.5245622731745243072509765625" lon="127.10922933183610439300537109375">
        <ele>30</ele>
        <time>2026-05-24T00:52:08.000Z</time>
        <extensions>
          <ns3:TrackPointExtension>
            <ns3:hr>130</ns3:hr>
            <ns3:cad>85</ns3:cad>
          </ns3:TrackPointExtension>
        </extensions>
      </trkpt>
      <trkpt lat="37.52455816604197025299072265625" lon="127.10920217446982860565185546875">
        <ele>30</ele>
        <time>2026-05-24T00:52:09.000Z</time>
        <extensions>
          <ns3:TrackPointExtension>
            <ns3:hr>130</ns3:hr>
            <ns3:cad>84</ns3:cad>
          </ns3:TrackPointExtension>
        </extensions>
      </trkpt>
      <trkpt lat="37.52455598674714565277099609375" lon="127.1091662161052227020263671875">
        <ele>30</ele>
        <time>2026-05-24T00:52:10.000Z</time>
        <extensions>
          <ns3:TrackPointExtension>
            <ns3:hr>129</ns3:hr>
            <ns3:cad>83</ns3:cad>
          </ns3:TrackPointExtension>
        </extensions>
      </trkpt>
      <trkpt lat="37.524553053081035614013671875" lon="127.10914048366248607635498046875">
        <ele>30</ele>
        <time>2026-05-24T00:52:11.000Z</time>
        <extensions>
          <ns3:TrackPointExtension>
            <ns3:hr>130</ns3:hr>
            <ns3:cad>83</ns3:cad>
          </ns3:TrackPointExtension>
        </extensions>
      </trkpt>
      <trkpt lat="37.52454609610140323638916015625" lon="127.10910326801240444183349609375">
        <ele>29.799999237060546875</ele>
        <time>2026-05-24T00:52:12.000Z</time>
        <extensions>
          <ns3:TrackPointExtension>
            <ns3:hr>130</ns3:hr>
            <ns3:cad>83</ns3:cad>
          </ns3:TrackPointExtension>
        </extensions>
      </trkpt>
      <trkpt lat="37.5245465151965618133544921875" lon="127.1090659685432910919189453125">
        <ele>29.799999237060546875</ele>
        <time>2026-05-24T00:52:13.000Z</time>
        <extensions>
          <ns3:TrackPointExtension>
            <ns3:hr>129</ns3:hr>
            <ns3:cad>83</ns3:cad>
          </ns3:TrackPointExtension>
        </extensions>
      </trkpt>
      <trkpt lat="37.5245465151965618133544921875" lon="127.1090384759008884429931640625">
        <ele>29.799999237060546875</ele>
        <time>2026-05-24T00:52:14.000Z</time>
        <extensions>
          <ns3:TrackPointExtension>
            <ns3:hr>130</ns3:hr>
            <ns3:cad>83</ns3:cad>
          </ns3:TrackPointExtension>
        </extensions>
      </trkpt>
      <trkpt lat="37.5245434977114200592041015625" lon="127.10899807512760162353515625">
        <ele>29.799999237060546875</ele>
        <time>2026-05-24T00:52:15.000Z</time>
        <extensions>
          <ns3:TrackPointExtension>
            <ns3:hr>130</ns3:hr>
            <ns3:cad>83</ns3:cad>
          </ns3:TrackPointExtension>
        </extensions>
      </trkpt>
      <trkpt lat="37.52453872002661228179931640625" lon="127.10897368378937244415283203125">
        <ele>29.799999237060546875</ele>
        <time>2026-05-24T00:52:16.000Z</time>
        <extensions>
          <ns3:TrackPointExtension>
            <ns3:hr>129</ns3:hr>
            <ns3:cad>83</ns3:cad>
          </ns3:TrackPointExtension>
        </extensions>
      </trkpt>
      <trkpt lat="37.52453872002661228179931640625" lon="127.10893345065414905548095703125">
        <ele>30</ele>
        <time>2026-05-24T00:52:17.000Z</time>
        <extensions>
          <ns3:TrackPointExtension>
            <ns3:hr>130</ns3:hr>
            <ns3:cad>85</ns3:cad>
          </ns3:TrackPointExtension>
        </extensions>
      </trkpt>
      <trkpt lat="37.52454173751175403594970703125" lon="127.10890310816466808319091796875">
        <ele>29.799999237060546875</ele>
        <time>2026-05-24T00:52:18.000Z</time>
        <extensions>
          <ns3:TrackPointExtension>
            <ns3:hr>129</ns3:hr>
            <ns3:cad>85</ns3:cad>
          </ns3:TrackPointExtension>
        </extensions>
      </trkpt>
      <trkpt lat="37.5245388038456439971923828125" lon="127.10886974819004535675048828125">
        <ele>29.799999237060546875</ele>
        <time>2026-05-24T00:52:19.000Z</time>
        <extensions>
          <ns3:TrackPointExtension>
            <ns3:hr>129</ns3:hr>
            <ns3:cad>85</ns3:cad>
          </ns3:TrackPointExtension>
        </extensions>
      </trkpt>
      <trkpt lat="37.52454475499689579010009765625" lon="127.1088346280157566070556640625">
        <ele>29.799999237060546875</ele>
        <time>2026-05-24T00:52:20.000Z</time>
        <extensions>
          <ns3:TrackPointExtension>
            <ns3:hr>130</ns3:hr>
            <ns3:cad>85</ns3:cad>
          </ns3:TrackPointExtension>
        </extensions>
      </trkpt>
      <trkpt lat="37.5245438329875469207763671875" lon="127.10880889557301998138427734375">
        <ele>30</ele>
        <time>2026-05-24T00:52:21.000Z</time>
        <extensions>
          <ns3:TrackPointExtension>
            <ns3:hr>130</ns3:hr>
            <ns3:cad>85</ns3:cad>
          </ns3:TrackPointExtension>
        </extensions>
      </trkpt>
      <trkpt lat="37.52454441972076892852783203125" lon="127.10877268575131893157958984375">
        <ele>30</ele>
        <time>2026-05-24T00:52:22.000Z</time>
        <extensions>
          <ns3:TrackPointExtension>
            <ns3:hr>130</ns3:hr>
            <ns3:cad>84</ns3:cad>
          </ns3:TrackPointExtension>
        </extensions>
      </trkpt>
      <trkpt lat="37.5245441682636737823486328125" lon="127.1087464503943920135498046875">
        <ele>30</ele>
        <time>2026-05-24T00:52:23.000Z</time>
        <extensions>
          <ns3:TrackPointExtension>
            <ns3:hr>130</ns3:hr>
            <ns3:cad>84</ns3:cad>
          </ns3:TrackPointExtension>
        </extensions>
      </trkpt>
      <trkpt lat="37.52454374916851520538330078125" lon="127.108710072934627532958984375">
        <ele>30</ele>
        <time>2026-05-24T00:52:24.000Z</time>
        <extensions>
          <ns3:TrackPointExtension>
            <ns3:hr>130</ns3:hr>
            <ns3:cad>84</ns3:cad>
          </ns3:TrackPointExtension>
        </extensions>
      </trkpt>
      <trkpt lat="37.52454743720591068267822265625" lon="127.10867729969322681427001953125">
        <ele>30</ele>
        <time>2026-05-24T00:52:25.000Z</time>
        <extensions>
          <ns3:TrackPointExtension>
            <ns3:hr>130</ns3:hr>
            <ns3:cad>84</ns3:cad>
          </ns3:TrackPointExtension>
        </extensions>
      </trkpt>
      <trkpt lat="37.52454978413879871368408203125" lon="127.1086529083549976348876953125">
        <ele>30</ele>
        <time>2026-05-24T00:52:26.000Z</time>
        <extensions>
          <ns3:TrackPointExtension>
            <ns3:hr>130</ns3:hr>
            <ns3:cad>84</ns3:cad>
          </ns3:TrackPointExtension>
        </extensions>
      </trkpt>
      <trkpt lat="37.52455380745232105255126953125" lon="127.1086116693913936614990234375">
        <ele>30</ele>
        <time>2026-05-24T00:52:27.000Z</time>
        <extensions>
          <ns3:TrackPointExtension>
            <ns3:hr>130</ns3:hr>
            <ns3:cad>84</ns3:cad>
          </ns3:TrackPointExtension>
        </extensions>
      </trkpt>
      <trkpt lat="37.52455363981425762176513671875" lon="127.10858979262411594390869140625">
        <ele>30</ele>
        <time>2026-05-24T00:52:28.000Z</time>
        <extensions>
          <ns3:TrackPointExtension>
            <ns3:hr>130</ns3:hr>
            <ns3:cad>84</ns3:cad>
          </ns3:TrackPointExtension>
        </extensions>
      </trkpt>
      <trkpt lat="37.5245575793087482452392578125" lon="127.1085503138601779937744140625">
        <ele>30</ele>
        <time>2026-05-24T00:52:29.000Z</time>
        <extensions>
          <ns3:TrackPointExtension>
            <ns3:hr>130</ns3:hr>
            <ns3:cad>84</ns3:cad>
          </ns3:TrackPointExtension>
        </extensions>
      </trkpt>
      <trkpt lat="37.52456068061292171478271484375" lon="127.10851603187620639801025390625">
        <ele>30</ele>
        <time>2026-05-24T00:52:30.000Z</time>
        <extensions>
          <ns3:TrackPointExtension>
            <ns3:hr>129</ns3:hr>
            <ns3:cad>84</ns3:cad>
          </ns3:TrackPointExtension>
        </extensions>
      </trkpt>
      <trkpt lat="37.524559088051319122314453125" lon="127.10848853923380374908447265625">
        <ele>30</ele>
        <time>2026-05-24T00:52:31.000Z</time>
        <extensions>
          <ns3:TrackPointExtension>
            <ns3:hr>130</ns3:hr>
            <ns3:cad>84</ns3:cad>
          </ns3:TrackPointExtension>
        </extensions>
      </trkpt>
      <trkpt lat="37.5245562382042407989501953125" lon="127.10844822227954864501953125">
        <ele>30</ele>
        <time>2026-05-24T00:52:32.000Z</time>
        <extensions>
          <ns3:TrackPointExtension>
            <ns3:hr>130</ns3:hr>
            <ns3:cad>84</ns3:cad>
          </ns3:TrackPointExtension>
        </extensions>
      </trkpt>
      <trkpt lat="37.52455950714647769927978515625" lon="127.10842735134065151214599609375">
        <ele>30</ele>
        <time>2026-05-24T00:52:33.000Z</time>
        <extensions>
          <ns3:TrackPointExtension>
            <ns3:hr>129</ns3:hr>
            <ns3:cad>84</ns3:cad>
          </ns3:TrackPointExtension>
        </extensions>
      </trkpt>
      <trkpt lat="37.524563111364841461181640625" lon="127.10838544182479381561279296875">
        <ele>30</ele>
        <time>2026-05-24T00:52:34.000Z</time>
        <extensions>
          <ns3:TrackPointExtension>
            <ns3:hr>129</ns3:hr>
            <ns3:cad>85</ns3:cad>
          </ns3:TrackPointExtension>
        </extensions>
      </trkpt>
      <trkpt lat="37.524556405842304229736328125" lon="127.10835660807788372039794921875">
        <ele>30</ele>
        <time>2026-05-24T00:52:35.000Z</time>
        <extensions>
          <ns3:TrackPointExtension>
            <ns3:hr>129</ns3:hr>
            <ns3:cad>85</ns3:cad>
          </ns3:TrackPointExtension>
        </extensions>
      </trkpt>
      <trkpt lat="37.52455405890941619873046875" lon="127.1083256788551807403564453125">
        <ele>30</ele>
        <time>2026-05-24T00:52:36.000Z</time>
        <extensions>
          <ns3:TrackPointExtension>
            <ns3:hr>129</ns3:hr>
            <ns3:cad>83</ns3:cad>
          </ns3:TrackPointExtension>
        </extensions>
      </trkpt>
      <trkpt lat="37.524554394185543060302734375" lon="127.10828653536736965179443359375">
        <ele>29.799999237060546875</ele>
        <time>2026-05-24T00:52:37.000Z</time>
        <extensions>
          <ns3:TrackPointExtension>
            <ns3:hr>129</ns3:hr>
            <ns3:cad>83</ns3:cad>
          </ns3:TrackPointExtension>
        </extensions>
      </trkpt>
      <trkpt lat="37.5245533883571624755859375" lon="127.10826423950493335723876953125">
        <ele>30</ele>
        <time>2026-05-24T00:52:38.000Z</time>
        <extensions>
          <ns3:TrackPointExtension>
            <ns3:hr>129</ns3:hr>
            <ns3:cad>83</ns3:cad>
          </ns3:TrackPointExtension>
        </extensions>
      </trkpt>
      <trkpt lat="37.5245488621294498443603515625" lon="127.10822568275034427642822265625">
        <ele>29.799999237060546875</ele>
        <time>2026-05-24T00:52:39.000Z</time>
        <extensions>
          <ns3:TrackPointExtension>
            <ns3:hr>129</ns3:hr>
            <ns3:cad>83</ns3:cad>
          </ns3:TrackPointExtension>
        </extensions>
      </trkpt>
      <trkpt lat="37.52454257570207118988037109375" lon="127.108193747699260711669921875">
        <ele>29.799999237060546875</ele>
        <time>2026-05-24T00:52:40.000Z</time>
        <extensions>
          <ns3:TrackPointExtension>
            <ns3:hr>129</ns3:hr>
            <ns3:cad>84</ns3:cad>
          </ns3:TrackPointExtension>
        </extensions>
      </trkpt>
      <trkpt lat="37.52454358153045177459716796875" lon="127.10815988481044769287109375">
        <ele>29.799999237060546875</ele>
        <time>2026-05-24T00:52:41.000Z</time>
        <extensions>
          <ns3:TrackPointExtension>
            <ns3:hr>129</ns3:hr>
            <ns3:cad>85</ns3:cad>
          </ns3:TrackPointExtension>
        </extensions>
      </trkpt>
      <trkpt lat="37.524546682834625244140625" lon="127.10812828503549098968505859375">
        <ele>29.799999237060546875</ele>
        <time>2026-05-24T00:52:42.000Z</time>
        <extensions>
          <ns3:TrackPointExtension>
            <ns3:hr>128</ns3:hr>
            <ns3:cad>85</ns3:cad>
          </ns3:TrackPointExtension>
        </extensions>
      </trkpt>
      <trkpt lat="37.52454609610140323638916015625" lon="127.10810196585953235626220703125">
        <ele>29.799999237060546875</ele>
        <time>2026-05-24T00:52:43.000Z</time>
        <extensions>
          <ns3:TrackPointExtension>
            <ns3:hr>128</ns3:hr>
            <ns3:cad>85</ns3:cad>
          </ns3:TrackPointExtension>
        </extensions>
      </trkpt>
      <trkpt lat="37.52454810775816440582275390625" lon="127.108065672218799591064453125">
        <ele>29.799999237060546875</ele>
        <time>2026-05-24T00:52:44.000Z</time>
        <extensions>
          <ns3:TrackPointExtension>
            <ns3:hr>128</ns3:hr>
            <ns3:cad>85</ns3:cad>
          </ns3:TrackPointExtension>
        </extensions>
      </trkpt>
      <trkpt lat="37.52454743720591068267822265625" lon="127.1080370061099529266357421875">
        <ele>29.799999237060546875</ele>
        <time>2026-05-24T00:52:45.000Z</time>
        <extensions>
          <ns3:TrackPointExtension>
            <ns3:hr>129</ns3:hr>
            <ns3:cad>85</ns3:cad>
          </ns3:TrackPointExtension>
        </extensions>
      </trkpt>
      <trkpt lat="37.52454911358654499053955078125" lon="127.10800473578274250030517578125">
        <ele>29.799999237060546875</ele>
        <time>2026-05-24T00:52:46.000Z</time>
        <extensions>
          <ns3:TrackPointExtension>
            <ns3:hr>128</ns3:hr>
            <ns3:cad>84</ns3:cad>
          </ns3:TrackPointExtension>
        </extensions>
      </trkpt>
      <trkpt lat="37.52455003559589385986328125" lon="127.10796969942748546600341796875">
        <ele>29.799999237060546875</ele>
        <time>2026-05-24T00:52:47.000Z</time>
        <extensions>
          <ns3:TrackPointExtension>
            <ns3:hr>128</ns3:hr>
            <ns3:cad>84</ns3:cad>
          </ns3:TrackPointExtension>
        </extensions>
      </trkpt>
      <trkpt lat="37.524543665349483489990234375" lon="127.10794623009860515594482421875">
        <ele>29.799999237060546875</ele>
        <time>2026-05-24T00:52:48.000Z</time>
        <extensions>
          <ns3:TrackPointExtension>
            <ns3:hr>128</ns3:hr>
            <ns3:cad>85</ns3:cad>
          </ns3:TrackPointExtension>
        </extensions>
      </trkpt>
      <trkpt lat="37.52453955821692943572998046875" lon="127.107910774648189544677734375">
        <ele>29.799999237060546875</ele>
        <time>2026-05-24T00:52:49.000Z</time>
        <extensions>
          <ns3:TrackPointExtension>
            <ns3:hr>128</ns3:hr>
            <ns3:cad>85</ns3:cad>
          </ns3:TrackPointExtension>
        </extensions>
      </trkpt>
      <trkpt lat="37.52454089932143688201904296875" lon="127.10788135416805744171142578125">
        <ele>29.799999237060546875</ele>
        <time>2026-05-24T00:52:50.000Z</time>
        <extensions>
          <ns3:TrackPointExtension>
            <ns3:hr>128</ns3:hr>
            <ns3:cad>84</ns3:cad>
          </ns3:TrackPointExtension>
        </extensions>
      </trkpt>
      <trkpt lat="37.52454173751175403594970703125" lon="127.1078415401279926300048828125">
        <ele>29.799999237060546875</ele>
        <time>2026-05-24T00:52:51.000Z</time>
        <extensions>
          <ns3:TrackPointExtension>
            <ns3:hr>128</ns3:hr>
            <ns3:cad>83</ns3:cad>
          </ns3:TrackPointExtension>
        </extensions>
      </trkpt>
      <trkpt lat="37.5245418213307857513427734375" lon="127.10781027562916278839111328125">
        <ele>29.799999237060546875</ele>
        <time>2026-05-24T00:52:52.000Z</time>
        <extensions>
          <ns3:TrackPointExtension>
            <ns3:hr>128</ns3:hr>
            <ns3:cad>83</ns3:cad>
          </ns3:TrackPointExtension>
        </extensions>
      </trkpt>
      <trkpt lat="37.52454056404531002044677734375" lon="127.10777767002582550048828125">
        <ele>29.799999237060546875</ele>
        <time>2026-05-24T00:52:53.000Z</time>
        <extensions>
          <ns3:TrackPointExtension>
            <ns3:hr>128</ns3:hr>
            <ns3:cad>84</ns3:cad>
          </ns3:TrackPointExtension>
        </extensions>
      </trkpt>
      <trkpt lat="37.52454073168337345123291015625" lon="127.10774070583283901214599609375">
        <ele>29.799999237060546875</ele>
        <time>2026-05-24T00:52:54.000Z</time>
        <extensions>
          <ns3:TrackPointExtension>
            <ns3:hr>128</ns3:hr>
            <ns3:cad>84</ns3:cad>
          </ns3:TrackPointExtension>
        </extensions>
      </trkpt>
      <trkpt lat="37.52454064786434173583984375" lon="127.1077161468565464019775390625">
        <ele>29.799999237060546875</ele>
        <time>2026-05-24T00:52:55.000Z</time>
        <extensions>
          <ns3:TrackPointExtension>
            <ns3:hr>128</ns3:hr>
            <ns3:cad>84</ns3:cad>
          </ns3:TrackPointExtension>
        </extensions>
      </trkpt>
      <trkpt lat="37.524538971483707427978515625" lon="127.10767767392098903656005859375">
        <ele>29.799999237060546875</ele>
        <time>2026-05-24T00:52:56.000Z</time>
        <extensions>
          <ns3:TrackPointExtension>
            <ns3:hr>128</ns3:hr>
            <ns3:cad>84</ns3:cad>
          </ns3:TrackPointExtension>
        </extensions>
      </trkpt>
      <trkpt lat="37.52453528344631195068359375" lon="127.10764431394636631011962890625">
        <ele>29.799999237060546875</ele>
        <time>2026-05-24T00:52:57.000Z</time>
        <extensions>
          <ns3:TrackPointExtension>
            <ns3:hr>128</ns3:hr>
            <ns3:cad>85</ns3:cad>
          </ns3:TrackPointExtension>
        </extensions>
      </trkpt>
      <trkpt lat="37.5245337747037410736083984375" lon="127.10761464200913906097412109375">
        <ele>29.799999237060546875</ele>
        <time>2026-05-24T00:52:58.000Z</time>
        <extensions>
          <ns3:TrackPointExtension>
            <ns3:hr>128</ns3:hr>
            <ns3:cad>85</ns3:cad>
          </ns3:TrackPointExtension>
        </extensions>
      </trkpt>
      <trkpt lat="37.5245351158082485198974609375" lon="127.10757792927324771881103515625">
        <ele>29.799999237060546875</ele>
        <time>2026-05-24T00:52:59.000Z</time>
        <extensions>
          <ns3:TrackPointExtension>
            <ns3:hr>128</ns3:hr>
            <ns3:cad>83</ns3:cad>
          </ns3:TrackPointExtension>
        </extensions>
      </trkpt>
      <trkpt lat="37.5245317630469799041748046875" lon="127.1075548790395259857177734375">
        <ele>29.799999237060546875</ele>
        <time>2026-05-24T00:53:00.000Z</time>
        <extensions>
          <ns3:TrackPointExtension>
            <ns3:hr>127</ns3:hr>
            <ns3:cad>83</ns3:cad>
          </ns3:TrackPointExtension>
        </extensions>
      </trkpt>
      <trkpt lat="37.52453905530273914337158203125" lon="127.1075173281133174896240234375">
        <ele>29.6000003814697265625</ele>
        <time>2026-05-24T00:53:01.000Z</time>
        <extensions>
          <ns3:TrackPointExtension>
            <ns3:hr>128</ns3:hr>
            <ns3:cad>84</ns3:cad>
          </ns3:TrackPointExtension>
        </extensions>
      </trkpt>
      <trkpt lat="37.52453821711242198944091796875" lon="127.107487656176090240478515625">
        <ele>29.6000003814697265625</ele>
        <time>2026-05-24T00:53:02.000Z</time>
        <extensions>
          <ns3:TrackPointExtension>
            <ns3:hr>128</ns3:hr>
            <ns3:cad>84</ns3:cad>
          </ns3:TrackPointExtension>
        </extensions>
      </trkpt>
      <trkpt lat="37.52454190514981746673583984375" lon="127.107452452182769775390625">
        <ele>29.799999237060546875</ele>
        <time>2026-05-24T00:53:03.000Z</time>
        <extensions>
          <ns3:TrackPointExtension>
            <ns3:hr>128</ns3:hr>
            <ns3:cad>84</ns3:cad>
          </ns3:TrackPointExtension>
        </extensions>
      </trkpt>
      <trkpt lat="37.5245461799204349517822265625" lon="127.1074154041707515716552734375">
        <ele>29.799999237060546875</ele>
        <time>2026-05-24T00:53:04.000Z</time>
        <extensions>
          <ns3:TrackPointExtension>
            <ns3:hr>127</ns3:hr>
            <ns3:cad>84</ns3:cad>
          </ns3:TrackPointExtension>
        </extensions>
      </trkpt>
      <trkpt lat="37.52454240806400775909423828125" lon="127.10738983936607837677001953125">
        <ele>29.6000003814697265625</ele>
        <time>2026-05-24T00:53:05.000Z</time>
        <extensions>
          <ns3:TrackPointExtension>
            <ns3:hr>128</ns3:hr>
            <ns3:cad>84</ns3:cad>
          </ns3:TrackPointExtension>
        </extensions>
      </trkpt>
      <trkpt lat="37.5245461799204349517822265625" lon="127.10734977386891841888427734375">
        <ele>29.6000003814697265625</ele>
        <time>2026-05-24T00:53:06.000Z</time>
        <extensions>
          <ns3:TrackPointExtension>
            <ns3:hr>128</ns3:hr>
            <ns3:cad>83</ns3:cad>
          </ns3:TrackPointExtension>
        </extensions>
      </trkpt>
      <trkpt lat="37.52453930675983428955078125" lon="127.107322700321674346923828125">
        <ele>29.6000003814697265625</ele>
        <time>2026-05-24T00:53:07.000Z</time>
        <extensions>
          <ns3:TrackPointExtension>
            <ns3:hr>127</ns3:hr>
            <ns3:cad>83</ns3:cad>
          </ns3:TrackPointExtension>
        </extensions>
      </trkpt>
      <trkpt lat="37.524536289274692535400390625" lon="127.10728908888995647430419921875">
        <ele>29.6000003814697265625</ele>
        <time>2026-05-24T00:53:08.000Z</time>
        <extensions>
          <ns3:TrackPointExtension>
            <ns3:hr>128</ns3:hr>
            <ns3:cad>83</ns3:cad>
          </ns3:TrackPointExtension>
        </extensions>
      </trkpt>
      <trkpt lat="37.52453972585499286651611328125" lon="127.10725036449730396270751953125">
        <ele>29.6000003814697265625</ele>
        <time>2026-05-24T00:53:09.000Z</time>
        <extensions>
          <ns3:TrackPointExtension>
            <ns3:hr>128</ns3:hr>
            <ns3:cad>84</ns3:cad>
          </ns3:TrackPointExtension>
        </extensions>
      </trkpt>
      <trkpt lat="37.52453955821692943572998046875" lon="127.1072256378829479217529296875">
        <ele>29.799999237060546875</ele>
        <time>2026-05-24T00:53:10.000Z</time>
        <extensions>
          <ns3:TrackPointExtension>
            <ns3:hr>127</ns3:hr>
            <ns3:cad>84</ns3:cad>
          </ns3:TrackPointExtension>
        </extensions>
      </trkpt>
      <trkpt lat="37.52453637309372425079345703125" lon="127.10719370283186435699462890625">
        <ele>29.799999237060546875</ele>
        <time>2026-05-24T00:53:11.000Z</time>
        <extensions>
          <ns3:TrackPointExtension>
            <ns3:hr>127</ns3:hr>
            <ns3:cad>84</ns3:cad>
          </ns3:TrackPointExtension>
        </extensions>
      </trkpt>
      <trkpt lat="37.5245354510843753814697265625" lon="127.10716470144689083099365234375">
        <ele>29.799999237060546875</ele>
        <time>2026-05-24T00:53:12.000Z</time>
        <extensions>
          <ns3:TrackPointExtension>
            <ns3:hr>127</ns3:hr>
            <ns3:cad>84</ns3:cad>
          </ns3:TrackPointExtension>
        </extensions>
      </trkpt>
      <trkpt lat="37.52453268505632877349853515625" lon="127.10713352076709270477294921875">
        <ele>29.799999237060546875</ele>
        <time>2026-05-24T00:53:13.000Z</time>
        <extensions>
          <ns3:TrackPointExtension>
            <ns3:hr>128</ns3:hr>
            <ns3:cad>84</ns3:cad>
          </ns3:TrackPointExtension>
        </extensions>
      </trkpt>
      <trkpt lat="37.52453151158988475799560546875" lon="127.1070935390889644622802734375">
        <ele>29.799999237060546875</ele>
        <time>2026-05-24T00:53:14.000Z</time>
        <extensions>
          <ns3:TrackPointExtension>
            <ns3:hr>127</ns3:hr>
            <ns3:cad>85</ns3:cad>
          </ns3:TrackPointExtension>
        </extensions>
      </trkpt>
      <trkpt lat="37.52452799119055271148681640625" lon="127.107066214084625244140625">
        <ele>29.799999237060546875</ele>
        <time>2026-05-24T00:53:15.000Z</time>
        <extensions>
          <ns3:TrackPointExtension>
            <ns3:hr>127</ns3:hr>
            <ns3:cad>85</ns3:cad>
          </ns3:TrackPointExtension>
        </extensions>
      </trkpt>
      <trkpt lat="37.52452715300023555755615234375" lon="127.1070321835577487945556640625">
        <ele>29.799999237060546875</ele>
        <time>2026-05-24T00:53:16.000Z</time>
        <extensions>
          <ns3:TrackPointExtension>
            <ns3:hr>128</ns3:hr>
            <ns3:cad>85</ns3:cad>
          </ns3:TrackPointExtension>
        </extensions>
      </trkpt>
      <trkpt lat="37.52452681772410869598388671875" lon="127.1069996617734432220458984375">
        <ele>29.6000003814697265625</ele>
        <time>2026-05-24T00:53:17.000Z</time>
        <extensions>
          <ns3:TrackPointExtension>
            <ns3:hr>127</ns3:hr>
            <ns3:cad>83</ns3:cad>
          </ns3:TrackPointExtension>
        </extensions>
      </trkpt>
      <trkpt lat="37.5245212018489837646484375" lon="127.10696537978947162628173828125">
        <ele>29.6000003814697265625</ele>
        <time>2026-05-24T00:53:18.000Z</time>
        <extensions>
          <ns3:TrackPointExtension>
            <ns3:hr>127</ns3:hr>
            <ns3:cad>83</ns3:cad>
          </ns3:TrackPointExtension>
        </extensions>
      </trkpt>
      <trkpt lat="37.5245233811438083648681640625" lon="127.10693252272903919219970703125">
        <ele>29.6000003814697265625</ele>
        <time>2026-05-24T00:53:19.000Z</time>
        <extensions>
          <ns3:TrackPointExtension>
            <ns3:hr>127</ns3:hr>
            <ns3:cad>83</ns3:cad>
          </ns3:TrackPointExtension>
        </extensions>
      </trkpt>
      <trkpt lat="37.52452279441058635711669921875" lon="127.10690687410533428192138671875">
        <ele>29.6000003814697265625</ele>
        <time>2026-05-24T00:53:20.000Z</time>
        <extensions>
          <ns3:TrackPointExtension>
            <ns3:hr>127</ns3:hr>
            <ns3:cad>84</ns3:cad>
          </ns3:TrackPointExtension>
        </extensions>
      </trkpt>
      <trkpt lat="37.524526901543140411376953125" lon="127.1068689040839672088623046875">
        <ele>29.6000003814697265625</ele>
        <time>2026-05-24T00:53:21.000Z</time>
        <extensions>
          <ns3:TrackPointExtension>
            <ns3:hr>127</ns3:hr>
            <ns3:cad>84</ns3:cad>
          </ns3:TrackPointExtension>
        </extensions>
      </trkpt>
      <trkpt lat="37.524529583752155303955078125" lon="127.10683495737612247467041015625">
        <ele>29.6000003814697265625</ele>
        <time>2026-05-24T00:53:22.000Z</time>
        <extensions>
          <ns3:TrackPointExtension>
            <ns3:hr>128</ns3:hr>
            <ns3:cad>84</ns3:cad>
          </ns3:TrackPointExtension>
        </extensions>
      </trkpt>
      <trkpt lat="37.52453419379889965057373046875" lon="127.106802351772785186767578125">
        <ele>29.799999237060546875</ele>
        <time>2026-05-24T00:53:23.000Z</time>
        <extensions>
          <ns3:TrackPointExtension>
            <ns3:hr>127</ns3:hr>
            <ns3:cad>84</ns3:cad>
          </ns3:TrackPointExtension>
        </extensions>
      </trkpt>
      <trkpt lat="37.5245367921888828277587890625" lon="127.10676505230367183685302734375">
        <ele>29.799999237060546875</ele>
        <time>2026-05-24T00:53:24.000Z</time>
        <extensions>
          <ns3:TrackPointExtension>
            <ns3:hr>128</ns3:hr>
            <ns3:cad>84</ns3:cad>
          </ns3:TrackPointExtension>
        </extensions>
      </trkpt>
      <trkpt lat="37.52453905530273914337158203125" lon="127.106740660965442657470703125">
        <ele>29.799999237060546875</ele>
        <time>2026-05-24T00:53:25.000Z</time>
        <extensions>
          <ns3:TrackPointExtension>
            <ns3:hr>128</ns3:hr>
            <ns3:cad>84</ns3:cad>
          </ns3:TrackPointExtension>
        </extensions>
      </trkpt>
      <trkpt lat="37.52454006113111972808837890625" lon="127.1067000925540924072265625">
        <ele>30</ele>
        <time>2026-05-24T00:53:26.000Z</time>
        <extensions>
          <ns3:TrackPointExtension>
            <ns3:hr>128</ns3:hr>
            <ns3:cad>84</ns3:cad>
          </ns3:TrackPointExtension>
        </extensions>
      </trkpt>
      <trkpt lat="37.52454207278788089752197265625" lon="127.1066720969974994659423828125">
        <ele>30</ele>
        <time>2026-05-24T00:53:27.000Z</time>
        <extensions>
          <ns3:TrackPointExtension>
            <ns3:hr>129</ns3:hr>
            <ns3:cad>84</ns3:cad>
          </ns3:TrackPointExtension>
        </extensions>
      </trkpt>
      <trkpt lat="37.5245434977114200592041015625" lon="127.10664116777479648590087890625">
        <ele>29.799999237060546875</ele>
        <time>2026-05-24T00:53:28.000Z</time>
        <extensions>
          <ns3:TrackPointExtension>
            <ns3:hr>129</ns3:hr>
            <ns3:cad>84</ns3:cad>
          </ns3:TrackPointExtension>
        </extensions>
      </trkpt>
      <trkpt lat="37.52454576082527637481689453125" lon="127.1066080592572689056396484375">
        <ele>29.799999237060546875</ele>
        <time>2026-05-24T00:53:29.000Z</time>
        <extensions>
          <ns3:TrackPointExtension>
            <ns3:hr>129</ns3:hr>
            <ns3:cad>84</ns3:cad>
          </ns3:TrackPointExtension>
        </extensions>
      </trkpt>
      <trkpt lat="37.52454609610140323638916015625" lon="127.1065849252045154571533203125">
        <ele>29.799999237060546875</ele>
        <time>2026-05-24T00:53:30.000Z</time>
        <extensions>
          <ns3:TrackPointExtension>
            <ns3:hr>129</ns3:hr>
            <ns3:cad>84</ns3:cad>
          </ns3:TrackPointExtension>
        </extensions>
      </trkpt>
      <trkpt lat="37.52454257570207118988037109375" lon="127.10654913447797298431396484375">
        <ele>29.799999237060546875</ele>
        <time>2026-05-24T00:53:31.000Z</time>
        <extensions>
          <ns3:TrackPointExtension>
            <ns3:hr>129</ns3:hr>
            <ns3:cad>85</ns3:cad>
          </ns3:TrackPointExtension>
        </extensions>
      </trkpt>
      <trkpt lat="37.52454006113111972808837890625" lon="127.10651879198849201202392578125">
        <ele>29.799999237060546875</ele>
        <time>2026-05-24T00:53:32.000Z</time>
        <extensions>
          <ns3:TrackPointExtension>
            <ns3:hr>129</ns3:hr>
            <ns3:cad>85</ns3:cad>
          </ns3:TrackPointExtension>
        </extensions>
      </trkpt>
      <trkpt lat="37.52453452907502651214599609375" lon="127.10648861713707447052001953125">
        <ele>29.6000003814697265625</ele>
        <time>2026-05-24T00:53:33.000Z</time>
        <extensions>
          <ns3:TrackPointExtension>
            <ns3:hr>130</ns3:hr>
            <ns3:cad>85</ns3:cad>
          </ns3:TrackPointExtension>
        </extensions>
      </trkpt>
      <trkpt lat="37.52452991902828216552734375" lon="127.106458358466625213623046875">
        <ele>29.6000003814697265625</ele>
        <time>2026-05-24T00:53:34.000Z</time>
        <extensions>
          <ns3:TrackPointExtension>
            <ns3:hr>129</ns3:hr>
            <ns3:cad>84</ns3:cad>
          </ns3:TrackPointExtension>
        </extensions>
      </trkpt>
      <trkpt lat="37.5245277397334575653076171875" lon="127.10643312893807888031005859375">
        <ele>29.6000003814697265625</ele>
        <time>2026-05-24T00:53:35.000Z</time>
        <extensions>
          <ns3:TrackPointExtension>
            <ns3:hr>130</ns3:hr>
            <ns3:cad>84</ns3:cad>
          </ns3:TrackPointExtension>
        </extensions>
      </trkpt>
      <trkpt lat="37.5245324335992336273193359375" lon="127.10639289580285549163818359375">
        <ele>29.6000003814697265625</ele>
        <time>2026-05-24T00:53:36.000Z</time>
        <extensions>
          <ns3:TrackPointExtension>
            <ns3:hr>130</ns3:hr>
            <ns3:cad>83</ns3:cad>
          </ns3:TrackPointExtension>
        </extensions>
      </trkpt>
      <trkpt lat="37.5245361216366291046142578125" lon="127.1063673309981822967529296875">
        <ele>29.6000003814697265625</ele>
        <time>2026-05-24T00:53:37.000Z</time>
        <extensions>
          <ns3:TrackPointExtension>
            <ns3:hr>130</ns3:hr>
            <ns3:cad>83</ns3:cad>
          </ns3:TrackPointExtension>
        </extensions>
      </trkpt>
      <trkpt lat="37.524540312588214874267578125" lon="127.1063264273107051849365234375">
        <ele>29.6000003814697265625</ele>
        <time>2026-05-24T00:53:38.000Z</time>
        <extensions>
          <ns3:TrackPointExtension>
            <ns3:hr>130</ns3:hr>
            <ns3:cad>83</ns3:cad>
          </ns3:TrackPointExtension>
        </extensions>
      </trkpt>
      <trkpt lat="37.5245453417301177978515625" lon="127.1062939055263996124267578125">
        <ele>29.6000003814697265625</ele>
        <time>2026-05-24T00:53:39.000Z</time>
        <extensions>
          <ns3:TrackPointExtension>
            <ns3:hr>129</ns3:hr>
            <ns3:cad>84</ns3:cad>
          </ns3:TrackPointExtension>
        </extensions>
      </trkpt>
      <trkpt lat="37.5245498679578304290771484375" lon="127.106267921626567840576171875">
        <ele>29.6000003814697265625</ele>
        <time>2026-05-24T00:53:40.000Z</time>
        <extensions>
          <ns3:TrackPointExtension>
            <ns3:hr>129</ns3:hr>
            <ns3:cad>85</ns3:cad>
          </ns3:TrackPointExtension>
        </extensions>
      </trkpt>
      <trkpt lat="37.5245515443384647369384765625" lon="127.1062280237674713134765625">
        <ele>29.6000003814697265625</ele>
        <time>2026-05-24T00:53:41.000Z</time>
        <extensions>
          <ns3:TrackPointExtension>
            <ns3:hr>129</ns3:hr>
            <ns3:cad>85</ns3:cad>
          </ns3:TrackPointExtension>
        </extensions>
      </trkpt>
      <trkpt lat="37.524554394185543060302734375" lon="127.10619382560253143310546875">
        <ele>29.6000003814697265625</ele>
        <time>2026-05-24T00:53:42.000Z</time>
        <extensions>
          <ns3:TrackPointExtension>
            <ns3:hr>129</ns3:hr>
            <ns3:cad>84</ns3:cad>
          </ns3:TrackPointExtension>
        </extensions>
      </trkpt>
      <trkpt lat="37.52455313690006732940673828125" lon="127.10615753196179866790771484375">
        <ele>29.6000003814697265625</ele>
        <time>2026-05-24T00:53:43.000Z</time>
        <extensions>
          <ns3:TrackPointExtension>
            <ns3:hr>129</ns3:hr>
            <ns3:cad>84</ns3:cad>
          </ns3:TrackPointExtension>
        </extensions>
      </trkpt>
      <trkpt lat="37.52455431036651134490966796875" lon="127.10612065158784389495849609375">
        <ele>29.6000003814697265625</ele>
        <time>2026-05-24T00:53:44.000Z</time>
        <extensions>
          <ns3:TrackPointExtension>
            <ns3:hr>129</ns3:hr>
            <ns3:cad>83</ns3:cad>
          </ns3:TrackPointExtension>
        </extensions>
      </trkpt>
      <trkpt lat="37.5245512090623378753662109375" lon="127.1060893870890140533447265625">
        <ele>29.6000003814697265625</ele>
        <time>2026-05-24T00:53:45.000Z</time>
        <extensions>
          <ns3:TrackPointExtension>
            <ns3:hr>129</ns3:hr>
            <ns3:cad>83</ns3:cad>
          </ns3:TrackPointExtension>
        </extensions>
      </trkpt>
      <trkpt lat="37.52455095760524272918701171875" lon="127.10605175234377384185791015625">
        <ele>29.3999996185302734375</ele>
        <time>2026-05-24T00:53:46.000Z</time>
        <extensions>
          <ns3:TrackPointExtension>
            <ns3:hr>129</ns3:hr>
            <ns3:cad>83</ns3:cad>
          </ns3:TrackPointExtension>
        </extensions>
      </trkpt>
      <trkpt lat="37.5245481915771961212158203125" lon="127.1060233376920223236083984375">
        <ele>29.6000003814697265625</ele>
        <time>2026-05-24T00:53:47.000Z</time>
        <extensions>
          <ns3:TrackPointExtension>
            <ns3:hr>129</ns3:hr>
            <ns3:cad>84</ns3:cad>
          </ns3:TrackPointExtension>
        </extensions>
      </trkpt>
      <trkpt lat="37.5245495326817035675048828125" lon="127.10599131882190704345703125">
        <ele>29.6000003814697265625</ele>
        <time>2026-05-24T00:53:48.000Z</time>
        <extensions>
          <ns3:TrackPointExtension>
            <ns3:hr>128</ns3:hr>
            <ns3:cad>84</ns3:cad>
          </ns3:TrackPointExtension>
        </extensions>
      </trkpt>
      <trkpt lat="37.52455011941492557525634765625" lon="127.105957455933094024658203125">
        <ele>29.6000003814697265625</ele>
        <time>2026-05-24T00:53:49.000Z</time>
        <extensions>
          <ns3:TrackPointExtension>
            <ns3:hr>128</ns3:hr>
            <ns3:cad>84</ns3:cad>
          </ns3:TrackPointExtension>
        </extensions>
      </trkpt>
      <trkpt lat="37.52454743720591068267822265625" lon="127.10593390278518199920654296875">
        <ele>29.6000003814697265625</ele>
        <time>2026-05-24T00:53:50.000Z</time>
        <extensions>
          <ns3:TrackPointExtension>
            <ns3:hr>128</ns3:hr>
            <ns3:cad>84</ns3:cad>
          </ns3:TrackPointExtension>
        </extensions>
      </trkpt>
      <trkpt lat="37.52454961650073528289794921875" lon="127.10589618422091007232666015625">
        <ele>29.6000003814697265625</ele>
        <time>2026-05-24T00:53:51.000Z</time>
        <extensions>
          <ns3:TrackPointExtension>
            <ns3:hr>128</ns3:hr>
            <ns3:cad>85</ns3:cad>
          </ns3:TrackPointExtension>
        </extensions>
      </trkpt>
      <trkpt lat="37.52454777248203754425048828125" lon="127.10586936213076114654541015625">
        <ele>29.6000003814697265625</ele>
        <time>2026-05-24T00:53:52.000Z</time>
        <extensions>
          <ns3:TrackPointExtension>
            <ns3:hr>128</ns3:hr>
            <ns3:cad>85</ns3:cad>
          </ns3:TrackPointExtension>
        </extensions>
      </trkpt>
      <trkpt lat="37.5245471857488155364990234375" lon="127.10583114065229892730712890625">
        <ele>29.6000003814697265625</ele>
        <time>2026-05-24T00:53:53.000Z</time>
        <extensions>
          <ns3:TrackPointExtension>
            <ns3:hr>129</ns3:hr>
            <ns3:cad>85</ns3:cad>
          </ns3:TrackPointExtension>
        </extensions>
      </trkpt>
      <trkpt lat="37.52454777248203754425048828125" lon="127.1057960204780101776123046875">
        <ele>29.6000003814697265625</ele>
        <time>2026-05-24T00:53:54.000Z</time>
        <extensions>
          <ns3:TrackPointExtension>
            <ns3:hr>128</ns3:hr>
            <ns3:cad>83</ns3:cad>
          </ns3:TrackPointExtension>
        </extensions>
      </trkpt>
      <trkpt lat="37.52455011941492557525634765625" lon="127.1057577989995479583740234375">
        <ele>29.6000003814697265625</ele>
        <time>2026-05-24T00:53:55.000Z</time>
        <extensions>
          <ns3:TrackPointExtension>
            <ns3:hr>128</ns3:hr>
            <ns3:cad>83</ns3:cad>
          </ns3:TrackPointExtension>
        </extensions>
      </trkpt>
      <trkpt lat="37.52454944886267185211181640625" lon="127.1057242713868618011474609375">
        <ele>29.6000003814697265625</ele>
        <time>2026-05-24T00:53:56.000Z</time>
        <extensions>
          <ns3:TrackPointExtension>
            <ns3:hr>128</ns3:hr>
            <ns3:cad>84</ns3:cad>
          </ns3:TrackPointExtension>
        </extensions>
      </trkpt>
      <trkpt lat="37.52454592846333980560302734375" lon="127.1056971140205860137939453125">
        <ele>29.6000003814697265625</ele>
        <time>2026-05-24T00:53:57.000Z</time>
        <extensions>
          <ns3:TrackPointExtension>
            <ns3:hr>128</ns3:hr>
            <ns3:cad>84</ns3:cad>
          </ns3:TrackPointExtension>
        </extensions>
      </trkpt>
      <trkpt lat="37.52454710192978382110595703125" lon="127.10565478540956974029541015625">
        <ele>29.6000003814697265625</ele>
        <time>2026-05-24T00:53:58.000Z</time>
        <extensions>
          <ns3:TrackPointExtension>
            <ns3:hr>128</ns3:hr>
            <ns3:cad>84</ns3:cad>
          </ns3:TrackPointExtension>
        </extensions>
      </trkpt>
      <trkpt lat="37.524549700319766998291015625" lon="127.105622179806232452392578125">
        <ele>29.6000003814697265625</ele>
        <time>2026-05-24T00:53:59.000Z</time>
        <extensions>
          <ns3:TrackPointExtension>
            <ns3:hr>128</ns3:hr>
            <ns3:cad>84</ns3:cad>
          </ns3:TrackPointExtension>
        </extensions>
      </trkpt>
      <trkpt lat="37.5245468504726886749267578125" lon="127.1055965311825275421142578125">
        <ele>29.6000003814697265625</ele>
        <time>2026-05-24T00:54:00.000Z</time>
        <extensions>
          <ns3:TrackPointExtension>
            <ns3:hr>128</ns3:hr>
            <ns3:cad>84</ns3:cad>
          </ns3:TrackPointExtension>
        </extensions>
      </trkpt>
      <trkpt lat="37.52454894594848155975341796875" lon="127.10556040517985820770263671875">
        <ele>29.6000003814697265625</ele>
        <time>2026-05-24T00:54:01.000Z</time>
        <extensions>
          <ns3:TrackPointExtension>
            <ns3:hr>128</ns3:hr>
            <ns3:cad>84</ns3:cad>
          </ns3:TrackPointExtension>
        </extensions>
      </trkpt>
      <trkpt lat="37.5245461799204349517822265625" lon="127.10554012097418308258056640625">
        <ele>29.6000003814697265625</ele>
        <time>2026-05-24T00:54:02.000Z</time>
        <extensions>
          <ns3:TrackPointExtension>
            <ns3:hr>128</ns3:hr>
            <ns3:cad>84</ns3:cad>
          </ns3:TrackPointExtension>
        </extensions>
      </trkpt>
      <trkpt lat="37.524546682834625244140625" lon="127.10550726391375064849853515625">
        <ele>29.6000003814697265625</ele>
        <time>2026-05-24T00:54:03.000Z</time>
        <extensions>
          <ns3:TrackPointExtension>
            <ns3:hr>128</ns3:hr>
            <ns3:cad>84</ns3:cad>
          </ns3:TrackPointExtension>
        </extensions>
      </trkpt>
      <trkpt lat="37.52454794012010097503662109375" lon="127.10547876544296741485595703125">
        <ele>29.6000003814697265625</ele>
        <time>2026-05-24T00:54:04.000Z</time>
        <extensions>
          <ns3:TrackPointExtension>
            <ns3:hr>128</ns3:hr>
            <ns3:cad>84</ns3:cad>
          </ns3:TrackPointExtension>
        </extensions>
      </trkpt>
      <trkpt lat="37.52454894594848155975341796875" lon="127.10544372908771038055419921875">
        <ele>29.6000003814697265625</ele>
        <time>2026-05-24T00:54:05.000Z</time>
        <extensions>
          <ns3:TrackPointExtension>
            <ns3:hr>128</ns3:hr>
            <ns3:cad>84</ns3:cad>
          </ns3:TrackPointExtension>
        </extensions>
      </trkpt>
      <trkpt lat="37.52454827539622783660888671875" lon="127.10541187785565853118896484375">
        <ele>29.6000003814697265625</ele>
        <time>2026-05-24T00:54:06.000Z</time>
        <extensions>
          <ns3:TrackPointExtension>
            <ns3:hr>128</ns3:hr>
            <ns3:cad>84</ns3:cad>
          </ns3:TrackPointExtension>
        </extensions>
      </trkpt>
      <trkpt lat="37.52454307861626148223876953125" lon="127.10538337938487529754638671875">
        <ele>29.6000003814697265625</ele>
        <time>2026-05-24T00:54:07.000Z</time>
        <extensions>
          <ns3:TrackPointExtension>
            <ns3:hr>128</ns3:hr>
            <ns3:cad>84</ns3:cad>
          </ns3:TrackPointExtension>
        </extensions>
      </trkpt>
      <trkpt lat="37.52454911358654499053955078125" lon="127.10534222424030303955078125">
        <ele>29.6000003814697265625</ele>
        <time>2026-05-24T00:54:08.000Z</time>
        <extensions>
          <ns3:TrackPointExtension>
            <ns3:hr>128</ns3:hr>
            <ns3:cad>84</ns3:cad>
          </ns3:TrackPointExtension>
        </extensions>
      </trkpt>
      <trkpt lat="37.52455003559589385986328125" lon="127.10531531833112239837646484375">
        <ele>29.6000003814697265625</ele>
        <time>2026-05-24T00:54:09.000Z</time>
        <extensions>
          <ns3:TrackPointExtension>
            <ns3:hr>128</ns3:hr>
            <ns3:cad>84</ns3:cad>
          </ns3:TrackPointExtension>
        </extensions>
      </trkpt>
      <trkpt lat="37.52454995177686214447021484375" lon="127.105279527604579925537109375">
        <ele>29.3999996185302734375</ele>
        <time>2026-05-24T00:54:10.000Z</time>
        <extensions>
          <ns3:TrackPointExtension>
            <ns3:hr>128</ns3:hr>
            <ns3:cad>86</ns3:cad>
          </ns3:TrackPointExtension>
        </extensions>
      </trkpt>
      <trkpt lat="37.52455313690006732940673828125" lon="127.10524834692478179931640625">
        <ele>29.3999996185302734375</ele>
        <time>2026-05-24T00:54:11.000Z</time>
        <extensions>
          <ns3:TrackPointExtension>
            <ns3:hr>128</ns3:hr>
            <ns3:cad>86</ns3:cad>
          </ns3:TrackPointExtension>
        </extensions>
      </trkpt>
      <trkpt lat="37.524550370872020721435546875" lon="127.105217166244983673095703125">
        <ele>29.3999996185302734375</ele>
        <time>2026-05-24T00:54:12.000Z</time>
        <extensions>
          <ns3:TrackPointExtension>
            <ns3:hr>128</ns3:hr>
            <ns3:cad>86</ns3:cad>
          </ns3:TrackPointExtension>
        </extensions>
      </trkpt>
      <trkpt lat="37.52455179579555988311767578125" lon="127.10517953149974346160888671875">
        <ele>29.200000762939453125</ele>
        <time>2026-05-24T00:54:13.000Z</time>
        <extensions>
          <ns3:TrackPointExtension>
            <ns3:hr>128</ns3:hr>
            <ns3:cad>85</ns3:cad>
          </ns3:TrackPointExtension>
        </extensions>
      </trkpt>
      <trkpt lat="37.52455011941492557525634765625" lon="127.1051522903144359588623046875">
        <ele>29.200000762939453125</ele>
        <time>2026-05-24T00:54:14.000Z</time>
        <extensions>
          <ns3:TrackPointExtension>
            <ns3:hr>128</ns3:hr>
            <ns3:cad>84</ns3:cad>
          </ns3:TrackPointExtension>
        </extensions>
      </trkpt>
      <trkpt lat="37.52455514855682849884033203125" lon="127.10511515848338603973388671875">
        <ele>29.3999996185302734375</ele>
        <time>2026-05-24T00:54:15.000Z</time>
        <extensions>
          <ns3:TrackPointExtension>
            <ns3:hr>128</ns3:hr>
            <ns3:cad>84</ns3:cad>
          </ns3:TrackPointExtension>
        </extensions>
      </trkpt>
      <trkpt lat="37.52455397509038448333740234375" lon="127.10508339107036590576171875">
        <ele>29.3999996185302734375</ele>
        <time>2026-05-24T00:54:16.000Z</time>
        <extensions>
          <ns3:TrackPointExtension>
            <ns3:hr>128</ns3:hr>
            <ns3:cad>84</ns3:cad>
          </ns3:TrackPointExtension>
        </extensions>
      </trkpt>
      <trkpt lat="37.52454794012010097503662109375" lon="127.1050493605434894561767578125">
        <ele>29.3999996185302734375</ele>
        <time>2026-05-24T00:54:17.000Z</time>
        <extensions>
          <ns3:TrackPointExtension>
            <ns3:hr>128</ns3:hr>
            <ns3:cad>84</ns3:cad>
          </ns3:TrackPointExtension>
        </extensions>
      </trkpt>
      <trkpt lat="37.5245428271591663360595703125" lon="127.105011306703090667724609375">
        <ele>29.3999996185302734375</ele>
        <time>2026-05-24T00:54:18.000Z</time>
        <extensions>
          <ns3:TrackPointExtension>
            <ns3:hr>128</ns3:hr>
            <ns3:cad>84</ns3:cad>
          </ns3:TrackPointExtension>
        </extensions>
      </trkpt>
      <trkpt lat="37.52453972585499286651611328125" lon="127.10498523898422718048095703125">
        <ele>29.3999996185302734375</ele>
        <time>2026-05-24T00:54:19.000Z</time>
        <extensions>
          <ns3:TrackPointExtension>
            <ns3:hr>128</ns3:hr>
            <ns3:cad>84</ns3:cad>
          </ns3:TrackPointExtension>
        </extensions>
      </trkpt>
      <trkpt lat="37.52455179579555988311767578125" lon="127.10494802333414554595947265625">
        <ele>29.200000762939453125</ele>
        <time>2026-05-24T00:54:20.000Z</time>
        <extensions>
          <ns3:TrackPointExtension>
            <ns3:hr>128</ns3:hr>
            <ns3:cad>84</ns3:cad>
          </ns3:TrackPointExtension>
        </extensions>
      </trkpt>
      <trkpt lat="37.5245582498610019683837890625" lon="127.104916758835315704345703125">
        <ele>29</ele>
        <time>2026-05-24T00:54:21.000Z</time>
        <extensions>
          <ns3:TrackPointExtension>
            <ns3:hr>128</ns3:hr>
            <ns3:cad>84</ns3:cad>
          </ns3:TrackPointExtension>
        </extensions>
      </trkpt>
      <trkpt lat="37.5245599262416362762451171875" lon="127.10487158037722110748291015625">
        <ele>29</ele>
        <time>2026-05-24T00:54:22.000Z</time>
        <extensions>
          <ns3:TrackPointExtension>
            <ns3:hr>128</ns3:hr>
            <ns3:cad>84</ns3:cad>
          </ns3:TrackPointExtension>
        </extensions>
      </trkpt>
      <trkpt lat="37.5245579145848751068115234375" lon="127.10483671166002750396728515625">
        <ele>29</ele>
        <time>2026-05-24T00:54:23.000Z</time>
        <extensions>
          <ns3:TrackPointExtension>
            <ns3:hr>128</ns3:hr>
            <ns3:cad>85</ns3:cad>
          </ns3:TrackPointExtension>
        </extensions>
      </trkpt>
      <trkpt lat="37.52455783076584339141845703125" lon="127.1048049442470073699951171875">
        <ele>29</ele>
        <time>2026-05-24T00:54:24.000Z</time>
        <extensions>
          <ns3:TrackPointExtension>
            <ns3:hr>128</ns3:hr>
            <ns3:cad>85</ns3:cad>
          </ns3:TrackPointExtension>
        </extensions>
      </trkpt>
      <trkpt lat="37.52456185407936573028564453125" lon="127.10476630367338657379150390625">
        <ele>29</ele>
        <time>2026-05-24T00:54:25.000Z</time>
        <extensions>
          <ns3:TrackPointExtension>
            <ns3:hr>128</ns3:hr>
            <ns3:cad>86</ns3:cad>
          </ns3:TrackPointExtension>
        </extensions>
      </trkpt>
      <trkpt lat="37.52455447800457477569580078125" lon="127.10474300198256969451904296875">
        <ele>29.200000762939453125</ele>
        <time>2026-05-24T00:54:26.000Z</time>
        <extensions>
          <ns3:TrackPointExtension>
            <ns3:hr>129</ns3:hr>
            <ns3:cad>87</ns3:cad>
          </ns3:TrackPointExtension>
        </extensions>
      </trkpt>
      <trkpt lat="37.52455129288136959075927734375" lon="127.1047043614089488983154296875">
        <ele>29.200000762939453125</ele>
        <time>2026-05-24T00:54:27.000Z</time>
        <extensions>
          <ns3:TrackPointExtension>
            <ns3:hr>129</ns3:hr>
            <ns3:cad>87</ns3:cad>
          </ns3:TrackPointExtension>
        </extensions>
      </trkpt>
      <trkpt lat="37.52454978413879871368408203125" lon="127.104673348367214202880859375">
        <ele>29.200000762939453125</ele>
        <time>2026-05-24T00:54:28.000Z</time>
        <extensions>
          <ns3:TrackPointExtension>
            <ns3:hr>129</ns3:hr>
            <ns3:cad>87</ns3:cad>
          </ns3:TrackPointExtension>
        </extensions>
      </trkpt>
      <trkpt lat="37.52454794012010097503662109375" lon="127.1046426706016063690185546875">
        <ele>29.200000762939453125</ele>
        <time>2026-05-24T00:54:29.000Z</time>
        <extensions>
          <ns3:TrackPointExtension>
            <ns3:hr>129</ns3:hr>
            <ns3:cad>87</ns3:cad>
          </ns3:TrackPointExtension>
        </extensions>
      </trkpt>
      <trkpt lat="37.5245455093681812286376953125" lon="127.10460687987506389617919921875">
        <ele>29.200000762939453125</ele>
        <time>2026-05-24T00:54:30.000Z</time>
        <extensions>
          <ns3:TrackPointExtension>
            <ns3:hr>129</ns3:hr>
            <ns3:cad>87</ns3:cad>
          </ns3:TrackPointExtension>
        </extensions>
      </trkpt>
      <trkpt lat="37.5245381332933902740478515625" lon="127.104580812156200408935546875">
        <ele>29.200000762939453125</ele>
        <time>2026-05-24T00:54:31.000Z</time>
        <extensions>
          <ns3:TrackPointExtension>
            <ns3:hr>129</ns3:hr>
            <ns3:cad>87</ns3:cad>
          </ns3:TrackPointExtension>
        </extensions>
      </trkpt>
      <trkpt lat="37.524534948170185089111328125" lon="127.10454200394451618194580078125">
        <ele>29.200000762939453125</ele>
        <time>2026-05-24T00:54:32.000Z</time>
        <extensions>
          <ns3:TrackPointExtension>
            <ns3:hr>129</ns3:hr>
            <ns3:cad>84</ns3:cad>
          </ns3:TrackPointExtension>
        </extensions>
      </trkpt>
      <trkpt lat="37.5245319306850433349609375" lon="127.10451518185436725616455078125">
        <ele>29</ele>
        <time>2026-05-24T00:54:33.000Z</time>
        <extensions>
          <ns3:TrackPointExtension>
            <ns3:hr>130</ns3:hr>
            <ns3:cad>84</ns3:cad>
          </ns3:TrackPointExtension>
        </extensions>
      </trkpt>
      <trkpt lat="37.524525560438632965087890625" lon="127.1044807322323322296142578125">
        <ele>29</ele>
        <time>2026-05-24T00:54:34.000Z</time>
        <extensions>
          <ns3:TrackPointExtension>
            <ns3:hr>129</ns3:hr>
            <ns3:cad>85</ns3:cad>
          </ns3:TrackPointExtension>
        </extensions>
      </trkpt>
      <trkpt lat="37.524522878229618072509765625" lon="127.10445131175220012664794921875">
        <ele>29</ele>
        <time>2026-05-24T00:54:35.000Z</time>
        <extensions>
          <ns3:TrackPointExtension>
            <ns3:hr>129</ns3:hr>
            <ns3:cad>85</ns3:cad>
          </ns3:TrackPointExtension>
        </extensions>
      </trkpt>
      <trkpt lat="37.524514161050319671630859375" lon="127.10442063398659229278564453125">
        <ele>28.799999237060546875</ele>
        <time>2026-05-24T00:54:36.000Z</time>
        <extensions>
          <ns3:TrackPointExtension>
            <ns3:hr>129</ns3:hr>
            <ns3:cad>85</ns3:cad>
          </ns3:TrackPointExtension>
        </extensions>
      </trkpt>
      <trkpt lat="37.52449714578688144683837890625" lon="127.10438459180295467376708984375">
        <ele>28.6000003814697265625</ele>
        <time>2026-05-24T00:54:37.000Z</time>
        <extensions>
          <ns3:TrackPointExtension>
            <ns3:hr>130</ns3:hr>
            <ns3:cad>85</ns3:cad>
          </ns3:TrackPointExtension>
        </extensions>
      </trkpt>
      <trkpt lat="37.5244851596653461456298828125" lon="127.1043643914163112640380859375">
        <ele>28.6000003814697265625</ele>
        <time>2026-05-24T00:54:38.000Z</time>
        <extensions>
          <ns3:TrackPointExtension>
            <ns3:hr>129</ns3:hr>
            <ns3:cad>85</ns3:cad>
          </ns3:TrackPointExtension>
        </extensions>
      </trkpt>
      <trkpt lat="37.52447501756250858306884765625" lon="127.10432432591915130615234375">
        <ele>28.200000762939453125</ele>
        <time>2026-05-24T00:54:39.000Z</time>
        <extensions>
          <ns3:TrackPointExtension>
            <ns3:hr>130</ns3:hr>
            <ns3:cad>85</ns3:cad>
          </ns3:TrackPointExtension>
        </extensions>
      </trkpt>
      <trkpt lat="37.52446479164063930511474609375" lon="127.10429490543901920318603515625">
        <ele>28</ele>
        <time>2026-05-24T00:54:40.000Z</time>
        <extensions>
          <ns3:TrackPointExtension>
            <ns3:hr>130</ns3:hr>
            <ns3:cad>85</ns3:cad>
          </ns3:TrackPointExtension>
        </extensions>
      </trkpt>
      <trkpt lat="37.52445423044264316558837890625" lon="127.10425886325538158416748046875">
        <ele>27.799999237060546875</ele>
        <time>2026-05-24T00:54:41.000Z</time>
        <extensions>
          <ns3:TrackPointExtension>
            <ns3:hr>130</ns3:hr>
            <ns3:cad>85</ns3:cad>
          </ns3:TrackPointExtension>
        </extensions>
      </trkpt>
      <trkpt lat="37.52444811165332794189453125" lon="127.1042289398610591888427734375">
        <ele>27.3999996185302734375</ele>
        <time>2026-05-24T00:54:42.000Z</time>
        <extensions>
          <ns3:TrackPointExtension>
            <ns3:hr>130</ns3:hr>
            <ns3:cad>83</ns3:cad>
          </ns3:TrackPointExtension>
        </extensions>
      </trkpt>
      <trkpt lat="37.52444249577820301055908203125" lon="127.1041977591812610626220703125">
        <ele>27.200000762939453125</ele>
        <time>2026-05-24T00:54:43.000Z</time>
        <extensions>
          <ns3:TrackPointExtension>
            <ns3:hr>129</ns3:hr>
            <ns3:cad>83</ns3:cad>
          </ns3:TrackPointExtension>
        </extensions>
      </trkpt>
      <trkpt lat="37.52442799508571624755859375" lon="127.10417655296623706817626953125">
        <ele>26.799999237060546875</ele>
        <time>2026-05-24T00:54:44.000Z</time>
        <extensions>
          <ns3:TrackPointExtension>
            <ns3:hr>130</ns3:hr>
            <ns3:cad>83</ns3:cad>
          </ns3:TrackPointExtension>
        </extensions>
      </trkpt>
      <trkpt lat="37.5244152545928955078125" lon="127.10415408946573734283447265625">
        <ele>26.6000003814697265625</ele>
        <time>2026-05-24T00:54:45.000Z</time>
        <extensions>
          <ns3:TrackPointExtension>
            <ns3:hr>130</ns3:hr>
            <ns3:cad>83</ns3:cad>
          </ns3:TrackPointExtension>
        </extensions>
      </trkpt>
      <trkpt lat="37.52440117299556732177734375" lon="127.104128189384937286376953125">
        <ele>26</ele>
        <time>2026-05-24T00:54:46.000Z</time>
        <extensions>
          <ns3:TrackPointExtension>
            <ns3:hr>130</ns3:hr>
            <ns3:cad>87</ns3:cad>
          </ns3:TrackPointExtension>
        </extensions>
      </trkpt>
      <trkpt lat="37.5243886001408100128173828125" lon="127.10410497151315212249755859375">
        <ele>25.6000003814697265625</ele>
        <time>2026-05-24T00:54:47.000Z</time>
        <extensions>
          <ns3:TrackPointExtension>
            <ns3:hr>130</ns3:hr>
            <ns3:cad>87</ns3:cad>
          </ns3:TrackPointExtension>
        </extensions>
      </trkpt>
      <trkpt lat="37.52437627874314785003662109375" lon="127.10407060571014881134033203125">
        <ele>25</ele>
        <time>2026-05-24T00:54:48.000Z</time>
        <extensions>
          <ns3:TrackPointExtension>
            <ns3:hr>130</ns3:hr>
            <ns3:cad>87</ns3:cad>
          </ns3:TrackPointExtension>
        </extensions>
      </trkpt>
      <trkpt lat="37.52436253242194652557373046875" lon="127.10404361598193645477294921875">
        <ele>24.6000003814697265625</ele>
        <time>2026-05-24T00:54:49.000Z</time>
        <extensions>
          <ns3:TrackPointExtension>
            <ns3:hr>130</ns3:hr>
            <ns3:cad>89</ns3:cad>
          </ns3:TrackPointExtension>
        </extensions>
      </trkpt>
      <trkpt lat="37.52434861846268177032470703125" lon="127.10401142947375774383544921875">
        <ele>24.200000762939453125</ele>
        <time>2026-05-24T00:54:50.000Z</time>
        <extensions>
          <ns3:TrackPointExtension>
            <ns3:hr>130</ns3:hr>
            <ns3:cad>90</ns3:cad>
          </ns3:TrackPointExtension>
        </extensions>
      </trkpt>
      <trkpt lat="37.524330429732799530029296875" lon="127.1039892174303531646728515625">
        <ele>23.799999237060546875</ele>
        <time>2026-05-24T00:54:51.000Z</time>
        <extensions>
          <ns3:TrackPointExtension>
            <ns3:hr>130</ns3:hr>
            <ns3:cad>90</ns3:cad>
          </ns3:TrackPointExtension>
        </extensions>
      </trkpt>
      <trkpt lat="37.52431240864098072052001953125" lon="127.10395208559930324554443359375">
        <ele>23.3999996185302734375</ele>
        <time>2026-05-24T00:54:52.000Z</time>
        <extensions>
          <ns3:TrackPointExtension>
            <ns3:hr>130</ns3:hr>
            <ns3:cad>90</ns3:cad>
          </ns3:TrackPointExtension>
        </extensions>
      </trkpt>
      <trkpt lat="37.52430000342428684234619140625" lon="127.10393029265105724334716796875">
        <ele>22.799999237060546875</ele>
        <time>2026-05-24T00:54:53.000Z</time>
        <extensions>
          <ns3:TrackPointExtension>
            <ns3:hr>130</ns3:hr>
            <ns3:cad>90</ns3:cad>
          </ns3:TrackPointExtension>
        </extensions>
      </trkpt>
      <trkpt lat="37.5242866761982440948486328125" lon="127.10389173589646816253662109375">
        <ele>22.6000003814697265625</ele>
        <time>2026-05-24T00:54:54.000Z</time>
        <extensions>
          <ns3:TrackPointExtension>
            <ns3:hr>129</ns3:hr>
            <ns3:cad>90</ns3:cad>
          </ns3:TrackPointExtension>
        </extensions>
      </trkpt>
      <trkpt lat="37.5242809765040874481201171875" lon="127.10386432707309722900390625">
        <ele>22.3999996185302734375</ele>
        <time>2026-05-24T00:54:55.000Z</time>
        <extensions>
          <ns3:TrackPointExtension>
            <ns3:hr>129</ns3:hr>
            <ns3:cad>90</ns3:cad>
          </ns3:TrackPointExtension>
        </extensions>
      </trkpt>
      <trkpt lat="37.52427318133413791656494140625" lon="127.10382367484271526336669921875">
        <ele>22</ele>
        <time>2026-05-24T00:54:56.000Z</time>
        <extensions>
          <ns3:TrackPointExtension>
            <ns3:hr>129</ns3:hr>
            <ns3:cad>88</ns3:cad>
          </ns3:TrackPointExtension>
        </extensions>
      </trkpt>
      <trkpt lat="37.5242675654590129852294921875" lon="127.1037940867245197296142578125">
        <ele>21.6000003814697265625</ele>
        <time>2026-05-24T00:54:57.000Z</time>
        <extensions>
          <ns3:TrackPointExtension>
            <ns3:hr>129</ns3:hr>
            <ns3:cad>88</ns3:cad>
          </ns3:TrackPointExtension>
        </extensions>
      </trkpt>
      <trkpt lat="37.52426194958388805389404296875" lon="127.1037642471492290496826171875">
        <ele>21.3999996185302734375</ele>
        <time>2026-05-24T00:54:58.000Z</time>
        <extensions>
          <ns3:TrackPointExtension>
            <ns3:hr>129</ns3:hr>
            <ns3:cad>88</ns3:cad>
          </ns3:TrackPointExtension>
        </extensions>
      </trkpt>
      <trkpt lat="37.52425624988973140716552734375" lon="127.103731893002986907958984375">
        <ele>21</ele>
        <time>2026-05-24T00:54:59.000Z</time>
        <extensions>
          <ns3:TrackPointExtension>
            <ns3:hr>130</ns3:hr>
            <ns3:cad>87</ns3:cad>
          </ns3:TrackPointExtension>
        </extensions>
      </trkpt>
      <trkpt lat="37.524255998432636260986328125" lon="127.10369710810482501983642578125">
        <ele>20.799999237060546875</ele>
        <time>2026-05-24T00:55:00.000Z</time>
        <extensions>
          <ns3:TrackPointExtension>
            <ns3:hr>129</ns3:hr>
            <ns3:cad>87</ns3:cad>
          </ns3:TrackPointExtension>
        </extensions>
      </trkpt>
      <trkpt lat="37.52425909973680973052978515625" lon="127.10366944782435894012451171875">
        <ele>20.6000003814697265625</ele>
        <time>2026-05-24T00:55:01.000Z</time>
        <extensions>
          <ns3:TrackPointExtension>
            <ns3:hr>129</ns3:hr>
            <ns3:cad>87</ns3:cad>
          </ns3:TrackPointExtension>
        </extensions>
      </trkpt>
      <trkpt lat="37.52426479943096637725830078125" lon="127.10364011116325855255126953125">
        <ele>20.6000003814697265625</ele>
        <time>2026-05-24T00:55:02.000Z</time>
        <extensions>
          <ns3:TrackPointExtension>
            <ns3:hr>129</ns3:hr>
            <ns3:cad>87</ns3:cad>
          </ns3:TrackPointExtension>
        </extensions>
      </trkpt>
      <trkpt lat="37.52426848746836185455322265625" lon="127.10361127741634845733642578125">
        <ele>20.3999996185302734375</ele>
        <time>2026-05-24T00:55:03.000Z</time>
        <extensions>
          <ns3:TrackPointExtension>
            <ns3:hr>129</ns3:hr>
            <ns3:cad>86</ns3:cad>
          </ns3:TrackPointExtension>
        </extensions>
      </trkpt>
      <trkpt lat="37.5242851674556732177734375" lon="127.1035754866898059844970703125">
        <ele>20.200000762939453125</ele>
        <time>2026-05-24T00:55:04.000Z</time>
        <extensions>
          <ns3:TrackPointExtension>
            <ns3:hr>129</ns3:hr>
            <ns3:cad>86</ns3:cad>
          </ns3:TrackPointExtension>
        </extensions>
      </trkpt>
      <trkpt lat="37.52428290434181690216064453125" lon="127.10354187525808811187744140625">
        <ele>20.200000762939453125</ele>
        <time>2026-05-24T00:55:05.000Z</time>
        <extensions>
          <ns3:TrackPointExtension>
            <ns3:hr>129</ns3:hr>
            <ns3:cad>86</ns3:cad>
          </ns3:TrackPointExtension>
        </extensions>
      </trkpt>
      <trkpt lat="37.52429514192044734954833984375" lon="127.103504240512847900390625">
        <ele>20.200000762939453125</ele>
        <time>2026-05-24T00:55:06.000Z</time>
        <extensions>
          <ns3:TrackPointExtension>
            <ns3:hr>130</ns3:hr>
            <ns3:cad>86</ns3:cad>
          </ns3:TrackPointExtension>
        </extensions>
      </trkpt>
      <trkpt lat="37.52430989407002925872802734375" lon="127.103469036519527435302734375">
        <ele>20</ele>
        <time>2026-05-24T00:55:07.000Z</time>
        <extensions>
          <ns3:TrackPointExtension>
            <ns3:hr>129</ns3:hr>
            <ns3:cad>85</ns3:cad>
          </ns3:TrackPointExtension>
        </extensions>
      </trkpt>
      <trkpt lat="37.52432070672512054443359375" lon="127.10342989303171634674072265625">
        <ele>20</ele>
        <time>2026-05-24T00:55:08.000Z</time>
        <extensions>
          <ns3:TrackPointExtension>
            <ns3:hr>129</ns3:hr>
            <ns3:cad>85</ns3:cad>
          </ns3:TrackPointExtension>
        </extensions>
      </trkpt>
      <trkpt lat="37.52432732842862606048583984375" lon="127.10339686833322048187255859375">
        <ele>20</ele>
        <time>2026-05-24T00:55:09.000Z</time>
        <extensions>
          <ns3:TrackPointExtension>
            <ns3:hr>130</ns3:hr>
            <ns3:cad>85</ns3:cad>
          </ns3:TrackPointExtension>
        </extensions>
      </trkpt>
      <trkpt lat="37.5243352912366390228271484375" lon="127.10336267016828060150146484375">
        <ele>19.799999237060546875</ele>
        <time>2026-05-24T00:55:10.000Z</time>
        <extensions>
          <ns3:TrackPointExtension>
            <ns3:hr>129</ns3:hr>
            <ns3:cad>84</ns3:cad>
          </ns3:TrackPointExtension>
        </extensions>
      </trkpt>
      <trkpt lat="37.524348199367523193359375" lon="127.10332629270851612091064453125">
        <ele>19.799999237060546875</ele>
        <time>2026-05-24T00:55:11.000Z</time>
        <extensions>
          <ns3:TrackPointExtension>
            <ns3:hr>129</ns3:hr>
            <ns3:cad>84</ns3:cad>
          </ns3:TrackPointExtension>
        </extensions>
      </trkpt>
      <trkpt lat="37.524357251822948455810546875" lon="127.10329729132354259490966796875">
        <ele>19.799999237060546875</ele>
        <time>2026-05-24T00:55:12.000Z</time>
        <extensions>
          <ns3:TrackPointExtension>
            <ns3:hr>130</ns3:hr>
            <ns3:cad>84</ns3:cad>
          </ns3:TrackPointExtension>
        </extensions>
      </trkpt>
      <trkpt lat="37.5243674777448177337646484375" lon="127.10327046923339366912841796875">
        <ele>19.799999237060546875</ele>
        <time>2026-05-24T00:55:13.000Z</time>
        <extensions>
          <ns3:TrackPointExtension>
            <ns3:hr>129</ns3:hr>
            <ns3:cad>84</ns3:cad>
          </ns3:TrackPointExtension>
        </extensions>
      </trkpt>
      <trkpt lat="37.5243761949241161346435546875" lon="127.1032438986003398895263671875">
        <ele>19.799999237060546875</ele>
        <time>2026-05-24T00:55:14.000Z</time>
        <extensions>
          <ns3:TrackPointExtension>
            <ns3:hr>130</ns3:hr>
            <ns3:cad>84</ns3:cad>
          </ns3:TrackPointExtension>
        </extensions>
      </trkpt>
      <trkpt lat="37.52438633702695369720458984375" lon="127.1032157354056835174560546875">
        <ele>19.6000003814697265625</ele>
        <time>2026-05-24T00:55:15.000Z</time>
        <extensions>
          <ns3:TrackPointExtension>
            <ns3:hr>130</ns3:hr>
            <ns3:cad>84</ns3:cad>
          </ns3:TrackPointExtension>
        </extensions>
      </trkpt>
      <trkpt lat="37.52439756877720355987548828125" lon="127.1031852252781391143798828125">
        <ele>19.3999996185302734375</ele>
        <time>2026-05-24T00:55:16.000Z</time>
        <extensions>
          <ns3:TrackPointExtension>
            <ns3:hr>130</ns3:hr>
            <ns3:cad>84</ns3:cad>
          </ns3:TrackPointExtension>
        </extensions>
      </trkpt>
      <trkpt lat="37.52440779469907283782958984375" lon="127.1031573973596096038818359375">
        <ele>19.3999996185302734375</ele>
        <time>2026-05-24T00:55:17.000Z</time>
        <extensions>
          <ns3:TrackPointExtension>
            <ns3:hr>129</ns3:hr>
            <ns3:cad>84</ns3:cad>
          </ns3:TrackPointExtension>
        </extensions>
      </trkpt>
      <trkpt lat="37.524417936801910400390625" lon="127.1031327545642852783203125">
        <ele>19.200000762939453125</ele>
        <time>2026-05-24T00:55:18.000Z</time>
        <extensions>
          <ns3:TrackPointExtension>
            <ns3:hr>130</ns3:hr>
            <ns3:cad>84</ns3:cad>
          </ns3:TrackPointExtension>
        </extensions>
      </trkpt>
      <trkpt lat="37.5244452618062496185302734375" lon="127.10312881506979465484619140625">
        <ele>19.200000762939453125</ele>
        <time>2026-05-24T00:55:19.000Z</time>
        <extensions>
          <ns3:TrackPointExtension>
            <ns3:hr>130</ns3:hr>
            <ns3:cad>84</ns3:cad>
          </ns3:TrackPointExtension>
        </extensions>
      </trkpt>
      <trkpt lat="37.52446160651743412017822265625" lon="127.103105597198009490966796875">
        <ele>19.200000762939453125</ele>
        <time>2026-05-24T00:55:20.000Z</time>
        <extensions>
          <ns3:TrackPointExtension>
            <ns3:hr>130</ns3:hr>
            <ns3:cad>84</ns3:cad>
          </ns3:TrackPointExtension>
        </extensions>
      </trkpt>
      <trkpt lat="37.524490691721439361572265625" lon="127.1030732430517673492431640625">
        <ele>19.200000762939453125</ele>
        <time>2026-05-24T00:55:21.000Z</time>
        <extensions>
          <ns3:TrackPointExtension>
            <ns3:hr>129</ns3:hr>
            <ns3:cad>84</ns3:cad>
          </ns3:TrackPointExtension>
        </extensions>
      </trkpt>
      <trkpt lat="37.5245086289942264556884765625" lon="127.10304633714258670806884765625">
        <ele>19.200000762939453125</ele>
        <time>2026-05-24T00:55:22.000Z</time>
        <extensions>
          <ns3:TrackPointExtension>
            <ns3:hr>130</ns3:hr>
            <ns3:cad>84</ns3:cad>
          </ns3:TrackPointExtension>
        </extensions>
      </trkpt>
      <trkpt lat="37.52453251741826534271240234375" lon="127.10300794802606105804443359375">
        <ele>19.200000762939453125</ele>
        <time>2026-05-24T00:55:23.000Z</time>
        <extensions>
          <ns3:TrackPointExtension>
            <ns3:hr>130</ns3:hr>
            <ns3:cad>84</ns3:cad>
          </ns3:TrackPointExtension>
        </extensions>
      </trkpt>
      <trkpt lat="37.5245428271591663360595703125" lon="127.10297517478466033935546875">
        <ele>19.200000762939453125</ele>
        <time>2026-05-24T00:55:24.000Z</time>
        <extensions>
          <ns3:TrackPointExtension>
            <ns3:hr>130</ns3:hr>
            <ns3:cad>84</ns3:cad>
          </ns3:TrackPointExtension>
        </extensions>
      </trkpt>
      <trkpt lat="37.5245465151965618133544921875" lon="127.102943994104862213134765625">
        <ele>19.200000762939453125</ele>
        <time>2026-05-24T00:55:25.000Z</time>
        <extensions>
          <ns3:TrackPointExtension>
            <ns3:hr>130</ns3:hr>
            <ns3:cad>84</ns3:cad>
          </ns3:TrackPointExtension>
        </extensions>
      </trkpt>
      <trkpt lat="37.52455296926200389862060546875" lon="127.10290669463574886322021484375">
        <ele>19.200000762939453125</ele>
        <time>2026-05-24T00:55:26.000Z</time>
        <extensions>
          <ns3:TrackPointExtension>
            <ns3:hr>130</ns3:hr>
            <ns3:cad>84</ns3:cad>
          </ns3:TrackPointExtension>
        </extensions>
      </trkpt>
      <trkpt lat="37.52455246634781360626220703125" lon="127.10288741625845432281494140625">
        <ele>19.200000762939453125</ele>
        <time>2026-05-24T00:55:27.000Z</time>
        <extensions>
          <ns3:TrackPointExtension>
            <ns3:hr>129</ns3:hr>
            <ns3:cad>84</ns3:cad>
          </ns3:TrackPointExtension>
        </extensions>
      </trkpt>
      <trkpt lat="37.52455363981425762176513671875" lon="127.1028484404087066650390625">
        <ele>19.200000762939453125</ele>
        <time>2026-05-24T00:55:28.000Z</time>
        <extensions>
          <ns3:TrackPointExtension>
            <ns3:hr>130</ns3:hr>
            <ns3:cad>84</ns3:cad>
          </ns3:TrackPointExtension>
        </extensions>
      </trkpt>
      <trkpt lat="37.52455196343362331390380859375" lon="127.10281566716730594635009765625">
        <ele>19.200000762939453125</ele>
        <time>2026-05-24T00:55:29.000Z</time>
        <extensions>
          <ns3:TrackPointExtension>
            <ns3:hr>130</ns3:hr>
            <ns3:cad>84</ns3:cad>
          </ns3:TrackPointExtension>
        </extensions>
      </trkpt>
      <trkpt lat="37.524552382528781890869140625" lon="127.1027787029743194580078125">
        <ele>19.200000762939453125</ele>
        <time>2026-05-24T00:55:30.000Z</time>
        <extensions>
          <ns3:TrackPointExtension>
            <ns3:hr>130</ns3:hr>
            <ns3:cad>84</ns3:cad>
          </ns3:TrackPointExtension>
        </extensions>
      </trkpt>
      <trkpt lat="37.52455481328070163726806640625" lon="127.102738805115222930908203125">
        <ele>19.3999996185302734375</ele>
        <time>2026-05-24T00:55:31.000Z</time>
        <extensions>
          <ns3:TrackPointExtension>
            <ns3:hr>130</ns3:hr>
            <ns3:cad>84</ns3:cad>
          </ns3:TrackPointExtension>
        </extensions>
      </trkpt>
      <trkpt lat="37.52454936504364013671875" lon="127.10271223448216915130615234375">
        <ele>19.3999996185302734375</ele>
        <time>2026-05-24T00:55:32.000Z</time>
        <extensions>
          <ns3:TrackPointExtension>
            <ns3:hr>130</ns3:hr>
            <ns3:cad>84</ns3:cad>
          </ns3:TrackPointExtension>
        </extensions>
      </trkpt>
      <trkpt lat="37.5245475210249423980712890625" lon="127.1026702411472797393798828125">
        <ele>19.200000762939453125</ele>
        <time>2026-05-24T00:55:33.000Z</time>
        <extensions>
          <ns3:TrackPointExtension>
            <ns3:hr>130</ns3:hr>
            <ns3:cad>85</ns3:cad>
          </ns3:TrackPointExtension>
        </extensions>
      </trkpt>
      <trkpt lat="37.52454022876918315887451171875" lon="127.10264258086681365966796875">
        <ele>19.200000762939453125</ele>
        <time>2026-05-24T00:55:34.000Z</time>
        <extensions>
          <ns3:TrackPointExtension>
            <ns3:hr>131</ns3:hr>
            <ns3:cad>85</ns3:cad>
          </ns3:TrackPointExtension>
        </extensions>
      </trkpt>
      <trkpt lat="37.52453863620758056640625" lon="127.1026028506457805633544921875">
        <ele>19.200000762939453125</ele>
        <time>2026-05-24T00:55:35.000Z</time>
        <extensions>
          <ns3:TrackPointExtension>
            <ns3:hr>131</ns3:hr>
            <ns3:cad>85</ns3:cad>
          </ns3:TrackPointExtension>
        </extensions>
      </trkpt>
      <trkpt lat="37.524538971483707427978515625" lon="127.1025693230330944061279296875">
        <ele>19.200000762939453125</ele>
        <time>2026-05-24T00:55:36.000Z</time>
        <extensions>
          <ns3:TrackPointExtension>
            <ns3:hr>131</ns3:hr>
            <ns3:cad>84</ns3:cad>
          </ns3:TrackPointExtension>
        </extensions>
      </trkpt>
      <trkpt lat="37.52453419379889965057373046875" lon="127.1025408245623111724853515625">
        <ele>19.200000762939453125</ele>
        <time>2026-05-24T00:55:37.000Z</time>
        <extensions>
          <ns3:TrackPointExtension>
            <ns3:hr>131</ns3:hr>
            <ns3:cad>84</ns3:cad>
          </ns3:TrackPointExtension>
        </extensions>
      </trkpt>
      <trkpt lat="37.52454324625432491302490234375" lon="127.102500759065151214599609375">
        <ele>19.200000762939453125</ele>
        <time>2026-05-24T00:55:38.000Z</time>
        <extensions>
          <ns3:TrackPointExtension>
            <ns3:hr>131</ns3:hr>
            <ns3:cad>84</ns3:cad>
          </ns3:TrackPointExtension>
        </extensions>
      </trkpt>
      <trkpt lat="37.524540983140468597412109375" lon="127.10247485898435115814208984375">
        <ele>19.200000762939453125</ele>
        <time>2026-05-24T00:55:39.000Z</time>
        <extensions>
          <ns3:TrackPointExtension>
            <ns3:hr>130</ns3:hr>
            <ns3:cad>84</ns3:cad>
          </ns3:TrackPointExtension>
        </extensions>
      </trkpt>
      <trkpt lat="37.52455296926200389862060546875" lon="127.10243563167750835418701171875">
        <ele>19.3999996185302734375</ele>
        <time>2026-05-24T00:55:40.000Z</time>
        <extensions>
          <ns3:TrackPointExtension>
            <ns3:hr>131</ns3:hr>
            <ns3:cad>84</ns3:cad>
          </ns3:TrackPointExtension>
        </extensions>
      </trkpt>
      <trkpt lat="37.52456671558320522308349609375" lon="127.10240830667316913604736328125">
        <ele>19.3999996185302734375</ele>
        <time>2026-05-24T00:55:41.000Z</time>
        <extensions>
          <ns3:TrackPointExtension>
            <ns3:hr>130</ns3:hr>
            <ns3:cad>84</ns3:cad>
          </ns3:TrackPointExtension>
        </extensions>
      </trkpt>
      <trkpt lat="37.52457526512444019317626953125" lon="127.10238299332559108734130859375">
        <ele>19.200000762939453125</ele>
        <time>2026-05-24T00:55:42.000Z</time>
        <extensions>
          <ns3:TrackPointExtension>
            <ns3:hr>130</ns3:hr>
            <ns3:cad>84</ns3:cad>
          </ns3:TrackPointExtension>
        </extensions>
      </trkpt>
      <trkpt lat="37.524591945111751556396484375" lon="127.10235080681741237640380859375">
        <ele>19</ele>
        <time>2026-05-24T00:55:43.000Z</time>
        <extensions>
          <ns3:TrackPointExtension>
            <ns3:hr>130</ns3:hr>
            <ns3:cad>84</ns3:cad>
          </ns3:TrackPointExtension>
        </extensions>
      </trkpt>
      <trkpt lat="37.52460694871842861175537109375" lon="127.1023239009082317352294921875">
        <ele>19</ele>
        <time>2026-05-24T00:55:44.000Z</time>
        <extensions>
          <ns3:TrackPointExtension>
            <ns3:hr>131</ns3:hr>
            <ns3:cad>84</ns3:cad>
          </ns3:TrackPointExtension>
        </extensions>
      </trkpt>
      <trkpt lat="37.52463108859956264495849609375" lon="127.102292887866497039794921875">
        <ele>19</ele>
        <time>2026-05-24T00:55:45.000Z</time>
        <extensions>
          <ns3:TrackPointExtension>
            <ns3:hr>130</ns3:hr>
            <ns3:cad>84</ns3:cad>
          </ns3:TrackPointExtension>
        </extensions>
      </trkpt>
      <trkpt lat="37.52465120516717433929443359375" lon="127.10227168165147304534912109375">
        <ele>19</ele>
        <time>2026-05-24T00:55:46.000Z</time>
        <extensions>
          <ns3:TrackPointExtension>
            <ns3:hr>130</ns3:hr>
            <ns3:cad>84</ns3:cad>
          </ns3:TrackPointExtension>
        </extensions>
      </trkpt>
      <trkpt lat="37.524670399725437164306640625" lon="127.102250643074512481689453125">
        <ele>19</ele>
        <time>2026-05-24T00:55:47.000Z</time>
        <extensions>
          <ns3:TrackPointExtension>
            <ns3:hr>131</ns3:hr>
            <ns3:cad>84</ns3:cad>
          </ns3:TrackPointExtension>
        </extensions>
      </trkpt>
      <trkpt lat="37.52468875609338283538818359375" lon="127.1022172830998897552490234375">
        <ele>19</ele>
        <time>2026-05-24T00:55:48.000Z</time>
        <extensions>
          <ns3:TrackPointExtension>
            <ns3:hr>130</ns3:hr>
            <ns3:cad>84</ns3:cad>
          </ns3:TrackPointExtension>
        </extensions>
      </trkpt>
      <trkpt lat="37.52468548715114593505859375" lon="127.10219624452292919158935546875">
        <ele>19</ele>
        <time>2026-05-24T00:55:49.000Z</time>
        <extensions>
          <ns3:TrackPointExtension>
            <ns3:hr>130</ns3:hr>
            <ns3:cad>84</ns3:cad>
          </ns3:TrackPointExtension>
        </extensions>
      </trkpt>
      <trkpt lat="37.524680458009243011474609375" lon="127.1021579392254352569580078125">
        <ele>18.799999237060546875</ele>
        <time>2026-05-24T00:55:50.000Z</time>
        <extensions>
          <ns3:TrackPointExtension>
            <ns3:hr>131</ns3:hr>
            <ns3:cad>84</ns3:cad>
          </ns3:TrackPointExtension>
        </extensions>
      </trkpt>
      <trkpt lat="37.52467609941959381103515625" lon="127.10213405080139636993408203125">
        <ele>18.799999237060546875</ele>
        <time>2026-05-24T00:55:51.000Z</time>
        <extensions>
          <ns3:TrackPointExtension>
            <ns3:hr>131</ns3:hr>
            <ns3:cad>84</ns3:cad>
          </ns3:TrackPointExtension>
        </extensions>
      </trkpt>
      <trkpt lat="37.52466679550707340240478515625" lon="127.10212030448019504547119140625">
        <ele>18.799999237060546875</ele>
        <time>2026-05-24T00:55:52.000Z</time>
        <extensions>
          <ns3:TrackPointExtension>
            <ns3:hr>131</ns3:hr>
            <ns3:cad>84</ns3:cad>
          </ns3:TrackPointExtension>
        </extensions>
      </trkpt>
      <trkpt lat="37.52464248798787593841552734375" lon="127.10210370831191539764404296875">
        <ele>18.6000003814697265625</ele>
        <time>2026-05-24T00:55:53.000Z</time>
        <extensions>
          <ns3:TrackPointExtension>
            <ns3:hr>131</ns3:hr>
            <ns3:cad>84</ns3:cad>
          </ns3:TrackPointExtension>
        </extensions>
      </trkpt>
      <trkpt lat="37.5246311724185943603515625" lon="127.102097757160663604736328125">
        <ele>18.6000003814697265625</ele>
        <time>2026-05-24T00:55:54.000Z</time>
        <extensions>
          <ns3:TrackPointExtension>
            <ns3:hr>131</ns3:hr>
            <ns3:cad>84</ns3:cad>
          </ns3:TrackPointExtension>
        </extensions>
      </trkpt>
      <trkpt lat="37.52460904419422149658203125" lon="127.10208644159138202667236328125">
        <ele>18.6000003814697265625</ele>
        <time>2026-05-24T00:55:55.000Z</time>
        <extensions>
          <ns3:TrackPointExtension>
            <ns3:hr>131</ns3:hr>
            <ns3:cad>83</ns3:cad>
          </ns3:TrackPointExtension>
        </extensions>
      </trkpt>
      <trkpt lat="37.52457819879055023193359375" lon="127.1020768024027347564697265625">
        <ele>18.3999996185302734375</ele>
        <time>2026-05-24T00:55:56.000Z</time>
        <extensions>
          <ns3:TrackPointExtension>
            <ns3:hr>131</ns3:hr>
            <ns3:cad>83</ns3:cad>
          </ns3:TrackPointExtension>
        </extensions>
      </trkpt>
      <trkpt lat="37.5245569087564945220947265625" lon="127.10207705385982990264892578125">
        <ele>18.3999996185302734375</ele>
        <time>2026-05-24T00:55:57.000Z</time>
        <extensions>
          <ns3:TrackPointExtension>
            <ns3:hr>131</ns3:hr>
            <ns3:cad>83</ns3:cad>
          </ns3:TrackPointExtension>
        </extensions>
      </trkpt>
      <trkpt lat="37.524522207677364349365234375" lon="127.102060876786708831787109375">
        <ele>18.6000003814697265625</ele>
        <time>2026-05-24T00:55:58.000Z</time>
        <extensions>
          <ns3:TrackPointExtension>
            <ns3:hr>131</ns3:hr>
            <ns3:cad>83</ns3:cad>
          </ns3:TrackPointExtension>
        </extensions>
      </trkpt>
      <trkpt lat="37.5245042704045772552490234375" lon="127.10205744020640850067138671875">
        <ele>18.6000003814697265625</ele>
        <time>2026-05-24T00:55:59.000Z</time>
        <extensions>
          <ns3:TrackPointExtension>
            <ns3:hr>131</ns3:hr>
            <ns3:cad>83</ns3:cad>
          </ns3:TrackPointExtension>
        </extensions>
      </trkpt>
      <trkpt lat="37.52448163926601409912109375" lon="127.10203883238136768341064453125">
        <ele>18.799999237060546875</ele>
        <time>2026-05-24T00:56:00.000Z</time>
        <extensions>
          <ns3:TrackPointExtension>
            <ns3:hr>131</ns3:hr>
            <ns3:cad>83</ns3:cad>
          </ns3:TrackPointExtension>
        </extensions>
      </trkpt>
      <trkpt lat="37.52446328289806842803955078125" lon="127.10202173329889774322509765625">
        <ele>18.799999237060546875</ele>
        <time>2026-05-24T00:56:01.000Z</time>
        <extensions>
          <ns3:TrackPointExtension>
            <ns3:hr>131</ns3:hr>
            <ns3:cad>83</ns3:cad>
          </ns3:TrackPointExtension>
        </extensions>
      </trkpt>
      <trkpt lat="37.524443082511425018310546875" lon="127.10201519541442394256591796875">
        <ele>18.799999237060546875</ele>
        <time>2026-05-24T00:56:02.000Z</time>
        <extensions>
          <ns3:TrackPointExtension>
            <ns3:hr>131</ns3:hr>
            <ns3:cad>83</ns3:cad>
          </ns3:TrackPointExtension>
        </extensions>
      </trkpt>
      <trkpt lat="37.524412572383880615234375" lon="127.10199256427586078643798828125">
        <ele>19</ele>
        <time>2026-05-24T00:56:03.000Z</time>
        <extensions>
          <ns3:TrackPointExtension>
            <ns3:hr>131</ns3:hr>
            <ns3:cad>83</ns3:cad>
          </ns3:TrackPointExtension>
        </extensions>
      </trkpt>
      <trkpt lat="37.52439522184431552886962890625" lon="127.10198032669723033905029296875">
        <ele>19</ele>
        <time>2026-05-24T00:56:04.000Z</time>
        <extensions>
          <ns3:TrackPointExtension>
            <ns3:hr>131</ns3:hr>
            <ns3:cad>83</ns3:cad>
          </ns3:TrackPointExtension>
        </extensions>
      </trkpt>
      <trkpt lat="37.5243715010583400726318359375" lon="127.10195752792060375213623046875">
        <ele>19</ele>
        <time>2026-05-24T00:56:05.000Z</time>
        <extensions>
          <ns3:TrackPointExtension>
            <ns3:hr>131</ns3:hr>
            <ns3:cad>83</ns3:cad>
          </ns3:TrackPointExtension>
        </extensions>
      </trkpt>
      <trkpt lat="37.5243500433862209320068359375" lon="127.10193791426718235015869140625">
        <ele>19</ele>
        <time>2026-05-24T00:56:06.000Z</time>
        <extensions>
          <ns3:TrackPointExtension>
            <ns3:hr>131</ns3:hr>
            <ns3:cad>83</ns3:cad>
          </ns3:TrackPointExtension>
        </extensions>
      </trkpt>
      <trkpt lat="37.52432967536151409149169921875" lon="127.1019292809069156646728515625">
        <ele>18.799999237060546875</ele>
        <time>2026-05-24T00:56:07.000Z</time>
        <extensions>
          <ns3:TrackPointExtension>
            <ns3:hr>131</ns3:hr>
            <ns3:cad>84</ns3:cad>
          </ns3:TrackPointExtension>
        </extensions>
      </trkpt>
      <trkpt lat="37.52430536784231662750244140625" lon="127.1019078232347965240478515625">
        <ele>18.799999237060546875</ele>
        <time>2026-05-24T00:56:08.000Z</time>
        <extensions>
          <ns3:TrackPointExtension>
            <ns3:hr>131</ns3:hr>
            <ns3:cad>84</ns3:cad>
          </ns3:TrackPointExtension>
        </extensions>
      </trkpt>
      <trkpt lat="37.5242878496646881103515625" lon="127.1019007824361324310302734375">
        <ele>18.799999237060546875</ele>
        <time>2026-05-24T00:56:09.000Z</time>
        <extensions>
          <ns3:TrackPointExtension>
            <ns3:hr>131</ns3:hr>
            <ns3:cad>84</ns3:cad>
          </ns3:TrackPointExtension>
        </extensions>
      </trkpt>
      <trkpt lat="37.5242638774216175079345703125" lon="127.10188142023980617523193359375">
        <ele>18.799999237060546875</ele>
        <time>2026-05-24T00:56:10.000Z</time>
        <extensions>
          <ns3:TrackPointExtension>
            <ns3:hr>131</ns3:hr>
            <ns3:cad>84</ns3:cad>
          </ns3:TrackPointExtension>
        </extensions>
      </trkpt>
      <trkpt lat="37.52424468286335468292236328125" lon="127.1018672548234462738037109375">
        <ele>18.799999237060546875</ele>
        <time>2026-05-24T00:56:11.000Z</time>
        <extensions>
          <ns3:TrackPointExtension>
            <ns3:hr>131</ns3:hr>
            <ns3:cad>84</ns3:cad>
          </ns3:TrackPointExtension>
        </extensions>
      </trkpt>
      <trkpt lat="37.5242276675999164581298828125" lon="127.10185811854898929595947265625">
        <ele>19</ele>
        <time>2026-05-24T00:56:12.000Z</time>
        <extensions>
          <ns3:TrackPointExtension>
            <ns3:hr>131</ns3:hr>
            <ns3:cad>84</ns3:cad>
          </ns3:TrackPointExtension>
        </extensions>
      </trkpt>
      <trkpt lat="37.52420461736619472503662109375" lon="127.10184034891426563262939453125">
        <ele>19</ele>
        <time>2026-05-24T00:56:13.000Z</time>
        <extensions>
          <ns3:TrackPointExtension>
            <ns3:hr>131</ns3:hr>
            <ns3:cad>84</ns3:cad>
          </ns3:TrackPointExtension>
        </extensions>
      </trkpt>
      <trkpt lat="37.52417745999991893768310546875" lon="127.10182928480207920074462890625">
        <ele>19</ele>
        <time>2026-05-24T00:56:14.000Z</time>
        <extensions>
          <ns3:TrackPointExtension>
            <ns3:hr>130</ns3:hr>
            <ns3:cad>84</ns3:cad>
          </ns3:TrackPointExtension>
        </extensions>
      </trkpt>
      <trkpt lat="37.52416111528873443603515625" lon="127.1018112637102603912353515625">
        <ele>19</ele>
        <time>2026-05-24T00:56:15.000Z</time>
        <extensions>
          <ns3:TrackPointExtension>
            <ns3:hr>131</ns3:hr>
            <ns3:cad>84</ns3:cad>
          </ns3:TrackPointExtension>
        </extensions>
      </trkpt>
      <trkpt lat="37.5241363048553466796875" lon="127.1017944999039173126220703125">
        <ele>18.799999237060546875</ele>
        <time>2026-05-24T00:56:16.000Z</time>
        <extensions>
          <ns3:TrackPointExtension>
            <ns3:hr>131</ns3:hr>
            <ns3:cad>84</ns3:cad>
          </ns3:TrackPointExtension>
        </extensions>
      </trkpt>
      <trkpt lat="37.52412021160125732421875" lon="127.1017790772020816802978515625">
        <ele>18.799999237060546875</ele>
        <time>2026-05-24T00:56:17.000Z</time>
        <extensions>
          <ns3:TrackPointExtension>
            <ns3:hr>131</ns3:hr>
            <ns3:cad>84</ns3:cad>
          </ns3:TrackPointExtension>
        </extensions>
      </trkpt>
      <trkpt lat="37.52409716136753559112548828125" lon="127.10175384767353534698486328125">
        <ele>18.799999237060546875</ele>
        <time>2026-05-24T00:56:18.000Z</time>
        <extensions>
          <ns3:TrackPointExtension>
            <ns3:hr>130</ns3:hr>
            <ns3:cad>84</ns3:cad>
          </ns3:TrackPointExtension>
        </extensions>
      </trkpt>
      <trkpt lat="37.52407335676252841949462890625" lon="127.10173775441944599151611328125">
        <ele>18.799999237060546875</ele>
        <time>2026-05-24T00:56:19.000Z</time>
        <extensions>
          <ns3:TrackPointExtension>
            <ns3:hr>131</ns3:hr>
            <ns3:cad>83</ns3:cad>
          </ns3:TrackPointExtension>
        </extensions>
      </trkpt>
      <trkpt lat="37.52404117025434970855712890625" lon="127.10171260870993137359619140625">
        <ele>19</ele>
        <time>2026-05-24T00:56:20.000Z</time>
        <extensions>
          <ns3:TrackPointExtension>
            <ns3:hr>131</ns3:hr>
            <ns3:cad>83</ns3:cad>
          </ns3:TrackPointExtension>
        </extensions>
      </trkpt>
      <trkpt lat="37.52401535399258136749267578125" lon="127.10169048048555850982666015625">
        <ele>19</ele>
        <time>2026-05-24T00:56:21.000Z</time>
        <extensions>
          <ns3:TrackPointExtension>
            <ns3:hr>131</ns3:hr>
            <ns3:cad>83</ns3:cad>
          </ns3:TrackPointExtension>
        </extensions>
      </trkpt>
      <trkpt lat="37.5239874422550201416015625" lon="127.1016731299459934234619140625">
        <ele>18.799999237060546875</ele>
        <time>2026-05-24T00:56:22.000Z</time>
        <extensions>
          <ns3:TrackPointExtension>
            <ns3:hr>131</ns3:hr>
            <ns3:cad>83</ns3:cad>
          </ns3:TrackPointExtension>
        </extensions>
      </trkpt>
      <trkpt lat="37.523964308202266693115234375" lon="127.1016510017216205596923828125">
        <ele>18.799999237060546875</ele>
        <time>2026-05-24T00:56:23.000Z</time>
        <extensions>
          <ns3:TrackPointExtension>
            <ns3:hr>131</ns3:hr>
            <ns3:cad>83</ns3:cad>
          </ns3:TrackPointExtension>
        </extensions>
      </trkpt>
      <trkpt lat="37.52394226379692554473876953125" lon="127.101641111075878143310546875">
        <ele>18.799999237060546875</ele>
        <time>2026-05-24T00:56:24.000Z</time>
        <extensions>
          <ns3:TrackPointExtension>
            <ns3:hr>132</ns3:hr>
            <ns3:cad>85</ns3:cad>
          </ns3:TrackPointExtension>
        </extensions>
      </trkpt>
      <trkpt lat="37.52391141839325428009033203125" lon="127.101615965366363525390625">
        <ele>18.799999237060546875</ele>
        <time>2026-05-24T00:56:25.000Z</time>
        <extensions>
          <ns3:TrackPointExtension>
            <ns3:hr>131</ns3:hr>
            <ns3:cad>85</ns3:cad>
          </ns3:TrackPointExtension>
        </extensions>
      </trkpt>
      <trkpt lat="37.523889206349849700927734375" lon="127.1016020514070987701416015625">
        <ele>19</ele>
        <time>2026-05-24T00:56:26.000Z</time>
        <extensions>
          <ns3:TrackPointExtension>
            <ns3:hr>131</ns3:hr>
            <ns3:cad>84</ns3:cad>
          </ns3:TrackPointExtension>
        </extensions>
      </trkpt>
      <trkpt lat="37.52386607229709625244140625" lon="127.1015878021717071533203125">
        <ele>19</ele>
        <time>2026-05-24T00:56:27.000Z</time>
        <extensions>
          <ns3:TrackPointExtension>
            <ns3:hr>132</ns3:hr>
            <ns3:cad>83</ns3:cad>
          </ns3:TrackPointExtension>
        </extensions>
      </trkpt>
      <trkpt lat="37.52384671010076999664306640625" lon="127.101566009223461151123046875">
        <ele>19</ele>
        <time>2026-05-24T00:56:28.000Z</time>
        <extensions>
          <ns3:TrackPointExtension>
            <ns3:hr>132</ns3:hr>
            <ns3:cad>83</ns3:cad>
          </ns3:TrackPointExtension>
        </extensions>
      </trkpt>
      <trkpt lat="37.52382374368607997894287109375" lon="127.1015628241002559661865234375">
        <ele>19</ele>
        <time>2026-05-24T00:56:29.000Z</time>
        <extensions>
          <ns3:TrackPointExtension>
            <ns3:hr>132</ns3:hr>
            <ns3:cad>83</ns3:cad>
          </ns3:TrackPointExtension>
        </extensions>
      </trkpt>
      <trkpt lat="37.523798681795597076416015625" lon="127.101541198790073394775390625">
        <ele>19</ele>
        <time>2026-05-24T00:56:30.000Z</time>
        <extensions>
          <ns3:TrackPointExtension>
            <ns3:hr>132</ns3:hr>
            <ns3:cad>83</ns3:cad>
          </ns3:TrackPointExtension>
        </extensions>
      </trkpt>
      <trkpt lat="37.52378292381763458251953125" lon="127.10152720101177692413330078125">
        <ele>18.799999237060546875</ele>
        <time>2026-05-24T00:56:31.000Z</time>
        <extensions>
          <ns3:TrackPointExtension>
            <ns3:hr>132</ns3:hr>
            <ns3:cad>83</ns3:cad>
          </ns3:TrackPointExtension>
        </extensions>
      </trkpt>
      <trkpt lat="37.523759789764881134033203125" lon="127.10150876082479953765869140625">
        <ele>18.799999237060546875</ele>
        <time>2026-05-24T00:56:32.000Z</time>
        <extensions>
          <ns3:TrackPointExtension>
            <ns3:hr>132</ns3:hr>
            <ns3:cad>83</ns3:cad>
          </ns3:TrackPointExtension>
        </extensions>
      </trkpt>
      <trkpt lat="37.52374143339693546295166015625" lon="127.10148730315268039703369140625">
        <ele>18.799999237060546875</ele>
        <time>2026-05-24T00:56:33.000Z</time>
        <extensions>
          <ns3:TrackPointExtension>
            <ns3:hr>132</ns3:hr>
            <ns3:cad>84</ns3:cad>
          </ns3:TrackPointExtension>
        </extensions>
      </trkpt>
      <trkpt lat="37.52372634597122669219970703125" lon="127.1014823578298091888427734375">
        <ele>18.799999237060546875</ele>
        <time>2026-05-24T00:56:34.000Z</time>
        <extensions>
          <ns3:TrackPointExtension>
            <ns3:hr>132</ns3:hr>
            <ns3:cad>84</ns3:cad>
          </ns3:TrackPointExtension>
        </extensions>
      </trkpt>
      <trkpt lat="37.52370036207139492034912109375" lon="127.10146182216703891754150390625">
        <ele>18.799999237060546875</ele>
        <time>2026-05-24T00:56:35.000Z</time>
        <extensions>
          <ns3:TrackPointExtension>
            <ns3:hr>132</ns3:hr>
            <ns3:cad>84</ns3:cad>
          </ns3:TrackPointExtension>
        </extensions>
      </trkpt>
      <trkpt lat="37.52368502318859100341796875" lon="127.10144422017037868499755859375">
        <ele>18.799999237060546875</ele>
        <time>2026-05-24T00:56:36.000Z</time>
        <extensions>
          <ns3:TrackPointExtension>
            <ns3:hr>132</ns3:hr>
            <ns3:cad>84</ns3:cad>
          </ns3:TrackPointExtension>
        </extensions>
      </trkpt>
      <trkpt lat="37.5236600451171398162841796875" lon="127.1014241874217987060546875">
        <ele>18.799999237060546875</ele>
        <time>2026-05-24T00:56:37.000Z</time>
        <extensions>
          <ns3:TrackPointExtension>
            <ns3:hr>133</ns3:hr>
            <ns3:cad>84</ns3:cad>
          </ns3:TrackPointExtension>
        </extensions>
      </trkpt>
      <trkpt lat="37.52363582141697406768798828125" lon="127.10139594040811061859130859375">
        <ele>18.799999237060546875</ele>
        <time>2026-05-24T00:56:38.000Z</time>
        <extensions>
          <ns3:TrackPointExtension>
            <ns3:hr>132</ns3:hr>
            <ns3:cad>84</ns3:cad>
          </ns3:TrackPointExtension>
        </extensions>
      </trkpt>
      <trkpt lat="37.52362056635320186614990234375" lon="127.101384960114955902099609375">
        <ele>18.799999237060546875</ele>
        <time>2026-05-24T00:56:39.000Z</time>
        <extensions>
          <ns3:TrackPointExtension>
            <ns3:hr>132</ns3:hr>
            <ns3:cad>84</ns3:cad>
          </ns3:TrackPointExtension>
        </extensions>
      </trkpt>
      <trkpt lat="37.52360380254685878753662109375" lon="127.10135637782514095306396484375">
        <ele>18.6000003814697265625</ele>
        <time>2026-05-24T00:56:40.000Z</time>
        <extensions>
          <ns3:TrackPointExtension>
            <ns3:hr>132</ns3:hr>
            <ns3:cad>84</ns3:cad>
          </ns3:TrackPointExtension>
        </extensions>
      </trkpt>
      <trkpt lat="37.523591481149196624755859375" lon="127.1013368479907512664794921875">
        <ele>18.6000003814697265625</ele>
        <time>2026-05-24T00:56:41.000Z</time>
        <extensions>
          <ns3:TrackPointExtension>
            <ns3:hr>132</ns3:hr>
            <ns3:cad>84</ns3:cad>
          </ns3:TrackPointExtension>
        </extensions>
      </trkpt>
      <trkpt lat="37.5235758908092975616455078125" lon="127.1013106964528560638427734375">
        <ele>18.6000003814697265625</ele>
        <time>2026-05-24T00:56:42.000Z</time>
        <extensions>
          <ns3:TrackPointExtension>
            <ns3:hr>132</ns3:hr>
            <ns3:cad>84</ns3:cad>
          </ns3:TrackPointExtension>
        </extensions>
      </trkpt>
      <trkpt lat="37.52355988137423992156982421875" lon="127.10128161124885082244873046875">
        <ele>18.6000003814697265625</ele>
        <time>2026-05-24T00:56:43.000Z</time>
        <extensions>
          <ns3:TrackPointExtension>
            <ns3:hr>132</ns3:hr>
            <ns3:cad>84</ns3:cad>
          </ns3:TrackPointExtension>
        </extensions>
      </trkpt>
      <trkpt lat="37.523545883595943450927734375" lon="127.10126467980444431304931640625">
        <ele>18.6000003814697265625</ele>
        <time>2026-05-24T00:56:44.000Z</time>
        <extensions>
          <ns3:TrackPointExtension>
            <ns3:hr>132</ns3:hr>
            <ns3:cad>84</ns3:cad>
          </ns3:TrackPointExtension>
        </extensions>
      </trkpt>
      <trkpt lat="37.52352585084736347198486328125" lon="127.10123308002948760986328125">
        <ele>18.6000003814697265625</ele>
        <time>2026-05-24T00:56:45.000Z</time>
        <extensions>
          <ns3:TrackPointExtension>
            <ns3:hr>132</ns3:hr>
            <ns3:cad>84</ns3:cad>
          </ns3:TrackPointExtension>
        </extensions>
      </trkpt>
      <trkpt lat="37.5235128588974475860595703125" lon="127.10121287964284420013427734375">
        <ele>18.6000003814697265625</ele>
        <time>2026-05-24T00:56:46.000Z</time>
        <extensions>
          <ns3:TrackPointExtension>
            <ns3:hr>132</ns3:hr>
            <ns3:cad>83</ns3:cad>
          </ns3:TrackPointExtension>
        </extensions>
      </trkpt>
      <trkpt lat="37.5234981067478656768798828125" lon="127.1011896617710590362548828125">
        <ele>18.6000003814697265625</ele>
        <time>2026-05-24T00:56:47.000Z</time>
        <extensions>
          <ns3:TrackPointExtension>
            <ns3:hr>132</ns3:hr>
            <ns3:cad>83</ns3:cad>
          </ns3:TrackPointExtension>
        </extensions>
      </trkpt>
      <trkpt lat="37.523481845855712890625" lon="127.10116309113800525665283203125">
        <ele>18.6000003814697265625</ele>
        <time>2026-05-24T00:56:48.000Z</time>
        <extensions>
          <ns3:TrackPointExtension>
            <ns3:hr>132</ns3:hr>
            <ns3:cad>83</ns3:cad>
          </ns3:TrackPointExtension>
        </extensions>
      </trkpt>
      <trkpt lat="37.5234729610383510589599609375" lon="127.1011504344642162322998046875">
        <ele>18.6000003814697265625</ele>
        <time>2026-05-24T00:56:49.000Z</time>
        <extensions>
          <ns3:TrackPointExtension>
            <ns3:hr>132</ns3:hr>
            <ns3:cad>83</ns3:cad>
          </ns3:TrackPointExtension>
        </extensions>
      </trkpt>
      <trkpt lat="37.52345493994653224945068359375" lon="127.10112185217440128326416015625">
        <ele>18.6000003814697265625</ele>
        <time>2026-05-24T00:56:50.000Z</time>
        <extensions>
          <ns3:TrackPointExtension>
            <ns3:hr>131</ns3:hr>
            <ns3:cad>84</ns3:cad>
          </ns3:TrackPointExtension>
        </extensions>
      </trkpt>
      <trkpt lat="37.52343700267374515533447265625" lon="127.1011014841496944427490234375">
        <ele>18.6000003814697265625</ele>
        <time>2026-05-24T00:56:51.000Z</time>
        <extensions>
          <ns3:TrackPointExtension>
            <ns3:hr>131</ns3:hr>
            <ns3:cad>84</ns3:cad>
          </ns3:TrackPointExtension>
        </extensions>
      </trkpt>
      <trkpt lat="37.5234199874103069305419921875" lon="127.10107508115470409393310546875">
        <ele>18.6000003814697265625</ele>
        <time>2026-05-24T00:56:52.000Z</time>
        <extensions>
          <ns3:TrackPointExtension>
            <ns3:hr>131</ns3:hr>
            <ns3:cad>84</ns3:cad>
          </ns3:TrackPointExtension>
        </extensions>
      </trkpt>
      <trkpt lat="37.5234079174697399139404296875" lon="127.101040966808795928955078125">
        <ele>18.6000003814697265625</ele>
        <time>2026-05-24T00:56:53.000Z</time>
        <extensions>
          <ns3:TrackPointExtension>
            <ns3:hr>132</ns3:hr>
            <ns3:cad>84</ns3:cad>
          </ns3:TrackPointExtension>
        </extensions>
      </trkpt>
      <trkpt lat="37.52339341677725315093994140625" lon="127.1010206826031208038330078125">
        <ele>18.6000003814697265625</ele>
        <time>2026-05-24T00:56:54.000Z</time>
        <extensions>
          <ns3:TrackPointExtension>
            <ns3:hr>131</ns3:hr>
            <ns3:cad>84</ns3:cad>
          </ns3:TrackPointExtension>
        </extensions>
      </trkpt>
      <trkpt lat="37.5233787484467029571533203125" lon="127.10099075920879840850830078125">
        <ele>18.6000003814697265625</ele>
        <time>2026-05-24T00:56:55.000Z</time>
        <extensions>
          <ns3:TrackPointExtension>
            <ns3:hr>131</ns3:hr>
            <ns3:cad>84</ns3:cad>
          </ns3:TrackPointExtension>
        </extensions>
      </trkpt>
      <trkpt lat="37.52336592413485050201416015625" lon="127.1009683795273303985595703125">
        <ele>18.6000003814697265625</ele>
        <time>2026-05-24T00:56:56.000Z</time>
        <extensions>
          <ns3:TrackPointExtension>
            <ns3:hr>131</ns3:hr>
            <ns3:cad>84</ns3:cad>
          </ns3:TrackPointExtension>
        </extensions>
      </trkpt>
      <trkpt lat="37.52335284836590290069580078125" lon="127.10093677975237369537353515625">
        <ele>18.6000003814697265625</ele>
        <time>2026-05-24T00:56:57.000Z</time>
        <extensions>
          <ns3:TrackPointExtension>
            <ns3:hr>131</ns3:hr>
            <ns3:cad>84</ns3:cad>
          </ns3:TrackPointExtension>
        </extensions>
      </trkpt>
      <trkpt lat="37.52334027551114559173583984375" lon="127.1009040065109729766845703125">
        <ele>18.799999237060546875</ele>
        <time>2026-05-24T00:56:58.000Z</time>
        <extensions>
          <ns3:TrackPointExtension>
            <ns3:hr>131</ns3:hr>
            <ns3:cad>84</ns3:cad>
          </ns3:TrackPointExtension>
        </extensions>
      </trkpt>
      <trkpt lat="37.52333021722733974456787109375" lon="127.10088363848626613616943359375">
        <ele>18.799999237060546875</ele>
        <time>2026-05-24T00:56:59.000Z</time>
        <extensions>
          <ns3:TrackPointExtension>
            <ns3:hr>131</ns3:hr>
            <ns3:cad>84</ns3:cad>
          </ns3:TrackPointExtension>
        </extensions>
      </trkpt>
      <trkpt lat="37.52331429161131381988525390625" lon="127.100847177207469940185546875">
        <ele>18.799999237060546875</ele>
        <time>2026-05-24T00:57:00.000Z</time>
        <extensions>
          <ns3:TrackPointExtension>
            <ns3:hr>131</ns3:hr>
            <ns3:cad>84</ns3:cad>
          </ns3:TrackPointExtension>
        </extensions>
      </trkpt>
      <trkpt lat="37.52329819835722446441650390625" lon="127.100827060639858245849609375">
        <ele>18.799999237060546875</ele>
        <time>2026-05-24T00:57:01.000Z</time>
        <extensions>
          <ns3:TrackPointExtension>
            <ns3:hr>131</ns3:hr>
            <ns3:cad>85</ns3:cad>
          </ns3:TrackPointExtension>
        </extensions>
      </trkpt>
      <trkpt lat="37.52328713424503803253173828125" lon="127.10079931654036045074462890625">
        <ele>18.799999237060546875</ele>
        <time>2026-05-24T00:57:02.000Z</time>
        <extensions>
          <ns3:TrackPointExtension>
            <ns3:hr>131</ns3:hr>
            <ns3:cad>85</ns3:cad>
          </ns3:TrackPointExtension>
        </extensions>
      </trkpt>
      <trkpt lat="37.52327263355255126953125" lon="127.1007688902318477630615234375">
        <ele>18.799999237060546875</ele>
        <time>2026-05-24T00:57:03.000Z</time>
        <extensions>
          <ns3:TrackPointExtension>
            <ns3:hr>131</ns3:hr>
            <ns3:cad>85</ns3:cad>
          </ns3:TrackPointExtension>
        </extensions>
      </trkpt>
      <trkpt lat="37.52325679175555706024169921875" lon="127.1007474325597286224365234375">
        <ele>18.799999237060546875</ele>
        <time>2026-05-24T00:57:04.000Z</time>
        <extensions>
          <ns3:TrackPointExtension>
            <ns3:hr>131</ns3:hr>
            <ns3:cad>85</ns3:cad>
          </ns3:TrackPointExtension>
        </extensions>
      </trkpt>
      <trkpt lat="37.5232392735779285430908203125" lon="127.10071465931832790374755859375">
        <ele>18.799999237060546875</ele>
        <time>2026-05-24T00:57:05.000Z</time>
        <extensions>
          <ns3:TrackPointExtension>
            <ns3:hr>131</ns3:hr>
            <ns3:cad>85</ns3:cad>
          </ns3:TrackPointExtension>
        </extensions>
      </trkpt>
      <trkpt lat="37.52322544343769550323486328125" lon="127.1006914414465427398681640625">
        <ele>18.799999237060546875</ele>
        <time>2026-05-24T00:57:06.000Z</time>
        <extensions>
          <ns3:TrackPointExtension>
            <ns3:hr>131</ns3:hr>
            <ns3:cad>84</ns3:cad>
          </ns3:TrackPointExtension>
        </extensions>
      </trkpt>
      <trkpt lat="37.523211278021335601806640625" lon="127.10066269151866436004638671875">
        <ele>18.799999237060546875</ele>
        <time>2026-05-24T00:57:07.000Z</time>
        <extensions>
          <ns3:TrackPointExtension>
            <ns3:hr>131</ns3:hr>
            <ns3:cad>84</ns3:cad>
          </ns3:TrackPointExtension>
        </extensions>
      </trkpt>
      <trkpt lat="37.523199878633022308349609375" lon="127.10063184611499309539794921875">
        <ele>18.799999237060546875</ele>
        <time>2026-05-24T00:57:08.000Z</time>
        <extensions>
          <ns3:TrackPointExtension>
            <ns3:hr>132</ns3:hr>
            <ns3:cad>84</ns3:cad>
          </ns3:TrackPointExtension>
        </extensions>
      </trkpt>
      <trkpt lat="37.52318755723536014556884765625" lon="127.1006029285490512847900390625">
        <ele>18.799999237060546875</ele>
        <time>2026-05-24T00:57:09.000Z</time>
        <extensions>
          <ns3:TrackPointExtension>
            <ns3:hr>131</ns3:hr>
            <ns3:cad>84</ns3:cad>
          </ns3:TrackPointExtension>
        </extensions>
      </trkpt>
      <trkpt lat="37.523171044886112213134765625" lon="127.1005712449550628662109375">
        <ele>18.6000003814697265625</ele>
        <time>2026-05-24T00:57:10.000Z</time>
        <extensions>
          <ns3:TrackPointExtension>
            <ns3:hr>131</ns3:hr>
            <ns3:cad>84</ns3:cad>
          </ns3:TrackPointExtension>
        </extensions>
      </trkpt>
      <trkpt lat="37.52316006459295749664306640625" lon="127.10054936818778514862060546875">
        <ele>18.6000003814697265625</ele>
        <time>2026-05-24T00:57:11.000Z</time>
        <extensions>
          <ns3:TrackPointExtension>
            <ns3:hr>132</ns3:hr>
            <ns3:cad>84</ns3:cad>
          </ns3:TrackPointExtension>
        </extensions>
      </trkpt>
      <trkpt lat="37.52314698882400989532470703125" lon="127.1005095541477203369140625">
        <ele>18.799999237060546875</ele>
        <time>2026-05-24T00:57:12.000Z</time>
        <extensions>
          <ns3:TrackPointExtension>
            <ns3:hr>132</ns3:hr>
            <ns3:cad>84</ns3:cad>
          </ns3:TrackPointExtension>
        </extensions>
      </trkpt>
      <trkpt lat="37.5231336615979671478271484375" lon="127.1004815585911273956298828125">
        <ele>18.799999237060546875</ele>
        <time>2026-05-24T00:57:13.000Z</time>
        <extensions>
          <ns3:TrackPointExtension>
            <ns3:hr>132</ns3:hr>
            <ns3:cad>84</ns3:cad>
          </ns3:TrackPointExtension>
        </extensions>
      </trkpt>
      <trkpt lat="37.5231168977916240692138671875" lon="127.10045934654772281646728515625">
        <ele>18.799999237060546875</ele>
        <time>2026-05-24T00:57:14.000Z</time>
        <extensions>
          <ns3:TrackPointExtension>
            <ns3:hr>132</ns3:hr>
            <ns3:cad>84</ns3:cad>
          </ns3:TrackPointExtension>
        </extensions>
      </trkpt>
      <trkpt lat="37.5231049954891204833984375" lon="127.10042833350598812103271484375">
        <ele>18.799999237060546875</ele>
        <time>2026-05-24T00:57:15.000Z</time>
        <extensions>
          <ns3:TrackPointExtension>
            <ns3:hr>131</ns3:hr>
            <ns3:cad>84</ns3:cad>
          </ns3:TrackPointExtension>
        </extensions>
      </trkpt>
      <trkpt lat="37.52308982424437999725341796875" lon="127.100402601063251495361328125">
        <ele>18.799999237060546875</ele>
        <time>2026-05-24T00:57:16.000Z</time>
        <extensions>
          <ns3:TrackPointExtension>
            <ns3:hr>132</ns3:hr>
            <ns3:cad>84</ns3:cad>
          </ns3:TrackPointExtension>
        </extensions>
      </trkpt>
      <trkpt lat="37.52307658083736896514892578125" lon="127.1003648824989795684814453125">
        <ele>18.799999237060546875</ele>
        <time>2026-05-24T00:57:17.000Z</time>
        <extensions>
          <ns3:TrackPointExtension>
            <ns3:hr>131</ns3:hr>
            <ns3:cad>84</ns3:cad>
          </ns3:TrackPointExtension>
        </extensions>
      </trkpt>
      <trkpt lat="37.52306300215423107147216796875" lon="127.100334875285625457763671875">
        <ele>18.799999237060546875</ele>
        <time>2026-05-24T00:57:18.000Z</time>
        <extensions>
          <ns3:TrackPointExtension>
            <ns3:hr>131</ns3:hr>
            <ns3:cad>84</ns3:cad>
          </ns3:TrackPointExtension>
        </extensions>
      </trkpt>
      <trkpt lat="37.52305026166141033172607421875" lon="127.1003102324903011322021484375">
        <ele>18.799999237060546875</ele>
        <time>2026-05-24T00:57:19.000Z</time>
        <extensions>
          <ns3:TrackPointExtension>
            <ns3:hr>131</ns3:hr>
            <ns3:cad>84</ns3:cad>
          </ns3:TrackPointExtension>
        </extensions>
      </trkpt>
      <trkpt lat="37.52303701825439929962158203125" lon="127.100278548896312713623046875">
        <ele>18.799999237060546875</ele>
        <time>2026-05-24T00:57:20.000Z</time>
        <extensions>
          <ns3:TrackPointExtension>
            <ns3:hr>131</ns3:hr>
            <ns3:cad>84</ns3:cad>
          </ns3:TrackPointExtension>
        </extensions>
      </trkpt>
      <trkpt lat="37.52302075736224651336669921875" lon="127.10026321001350879669189453125">
        <ele>18.799999237060546875</ele>
        <time>2026-05-24T00:57:21.000Z</time>
        <extensions>
          <ns3:TrackPointExtension>
            <ns3:hr>131</ns3:hr>
            <ns3:cad>84</ns3:cad>
          </ns3:TrackPointExtension>
        </extensions>
      </trkpt>
      <trkpt lat="37.52300642430782318115234375" lon="127.10022917948663234710693359375">
        <ele>18.799999237060546875</ele>
        <time>2026-05-24T00:57:22.000Z</time>
        <extensions>
          <ns3:TrackPointExtension>
            <ns3:hr>131</ns3:hr>
            <ns3:cad>84</ns3:cad>
          </ns3:TrackPointExtension>
        </extensions>
      </trkpt>
      <trkpt lat="37.5229955278337001800537109375" lon="127.10020336322486400604248046875">
        <ele>19</ele>
        <time>2026-05-24T00:57:23.000Z</time>
        <extensions>
          <ns3:TrackPointExtension>
            <ns3:hr>131</ns3:hr>
            <ns3:cad>84</ns3:cad>
          </ns3:TrackPointExtension>
        </extensions>
      </trkpt>
      <trkpt lat="37.52298303879797458648681640625" lon="127.10017628967761993408203125">
        <ele>19</ele>
        <time>2026-05-24T00:57:24.000Z</time>
        <extensions>
          <ns3:TrackPointExtension>
            <ns3:hr>130</ns3:hr>
            <ns3:cad>84</ns3:cad>
          </ns3:TrackPointExtension>
        </extensions>
      </trkpt>
      <trkpt lat="37.52296711318194866180419921875" lon="127.10014678537845611572265625">
        <ele>19</ele>
        <time>2026-05-24T00:57:25.000Z</time>
        <extensions>
          <ns3:TrackPointExtension>
            <ns3:hr>130</ns3:hr>
            <ns3:cad>84</ns3:cad>
          </ns3:TrackPointExtension>
        </extensions>
      </trkpt>
      <trkpt lat="37.5229499302804470062255859375" lon="127.10012809373438358306884765625">
        <ele>19</ele>
        <time>2026-05-24T00:57:26.000Z</time>
        <extensions>
          <ns3:TrackPointExtension>
            <ns3:hr>130</ns3:hr>
            <ns3:cad>85</ns3:cad>
          </ns3:TrackPointExtension>
        </extensions>
      </trkpt>
      <trkpt lat="37.52294012345373630523681640625" lon="127.10009448230266571044921875">
        <ele>19</ele>
        <time>2026-05-24T00:57:27.000Z</time>
        <extensions>
          <ns3:TrackPointExtension>
            <ns3:hr>130</ns3:hr>
            <ns3:cad>85</ns3:cad>
          </ns3:TrackPointExtension>
        </extensions>
      </trkpt>
      <trkpt lat="37.52292931079864501953125" lon="127.100069336593151092529296875">
        <ele>19</ele>
        <time>2026-05-24T00:57:28.000Z</time>
        <extensions>
          <ns3:TrackPointExtension>
            <ns3:hr>130</ns3:hr>
            <ns3:cad>84</ns3:cad>
          </ns3:TrackPointExtension>
        </extensions>
      </trkpt>
      <trkpt lat="37.52291866578161716461181640625" lon="127.1000329591333866119384765625">
        <ele>19</ele>
        <time>2026-05-24T00:57:29.000Z</time>
        <extensions>
          <ns3:TrackPointExtension>
            <ns3:hr>130</ns3:hr>
            <ns3:cad>84</ns3:cad>
          </ns3:TrackPointExtension>
        </extensions>
      </trkpt>
      <trkpt lat="37.52290257252752780914306640625" lon="127.1000064723193645477294921875">
        <ele>19</ele>
        <time>2026-05-24T00:57:30.000Z</time>
        <extensions>
          <ns3:TrackPointExtension>
            <ns3:hr>130</ns3:hr>
            <ns3:cad>84</ns3:cad>
          </ns3:TrackPointExtension>
        </extensions>
      </trkpt>
      <trkpt lat="37.52288346178829669952392578125" lon="127.09998476319015026092529296875">
        <ele>18.799999237060546875</ele>
        <time>2026-05-24T00:57:31.000Z</time>
        <extensions>
          <ns3:TrackPointExtension>
            <ns3:hr>130</ns3:hr>
            <ns3:cad>85</ns3:cad>
          </ns3:TrackPointExtension>
        </extensions>
      </trkpt>
      <trkpt lat="37.52286963164806365966796875" lon="127.09995090030133724212646484375">
        <ele>18.799999237060546875</ele>
        <time>2026-05-24T00:57:32.000Z</time>
        <extensions>
          <ns3:TrackPointExtension>
            <ns3:hr>130</ns3:hr>
            <ns3:cad>85</ns3:cad>
          </ns3:TrackPointExtension>
        </extensions>
      </trkpt>
      <trkpt lat="37.52285814844071865081787109375" lon="127.099927179515361785888671875">
        <ele>18.799999237060546875</ele>
        <time>2026-05-24T00:57:33.000Z</time>
        <extensions>
          <ns3:TrackPointExtension>
            <ns3:hr>130</ns3:hr>
            <ns3:cad>85</ns3:cad>
          </ns3:TrackPointExtension>
        </extensions>
      </trkpt>
      <trkpt lat="37.52284976653754711151123046875" lon="127.099902369081974029541015625">
        <ele>19</ele>
        <time>2026-05-24T00:57:34.000Z</time>
        <extensions>
          <ns3:TrackPointExtension>
            <ns3:hr>130</ns3:hr>
            <ns3:cad>84</ns3:cad>
          </ns3:TrackPointExtension>
        </extensions>
      </trkpt>
      <trkpt lat="37.52284205518662929534912109375" lon="127.09987428970634937286376953125">
        <ele>19</ele>
        <time>2026-05-24T00:57:35.000Z</time>
        <extensions>
          <ns3:TrackPointExtension>
            <ns3:hr>130</ns3:hr>
            <ns3:cad>83</ns3:cad>
          </ns3:TrackPointExtension>
        </extensions>
      </trkpt>
      <trkpt lat="37.5228288955986499786376953125" lon="127.0998488925397396087646484375">
        <ele>19</ele>
        <time>2026-05-24T00:57:36.000Z</time>
        <extensions>
          <ns3:TrackPointExtension>
            <ns3:hr>130</ns3:hr>
            <ns3:cad>83</ns3:cad>
          </ns3:TrackPointExtension>
        </extensions>
      </trkpt>
      <trkpt lat="37.5228185020387172698974609375" lon="127.0998120121657848358154296875">
        <ele>19.200000762939453125</ele>
        <time>2026-05-24T00:57:37.000Z</time>
        <extensions>
          <ns3:TrackPointExtension>
            <ns3:hr>130</ns3:hr>
            <ns3:cad>84</ns3:cad>
          </ns3:TrackPointExtension>
        </extensions>
      </trkpt>
      <trkpt lat="37.5228104554116725921630859375" lon="127.099780328571796417236328125">
        <ele>19.200000762939453125</ele>
        <time>2026-05-24T00:57:38.000Z</time>
        <extensions>
          <ns3:TrackPointExtension>
            <ns3:hr>130</ns3:hr>
            <ns3:cad>84</ns3:cad>
          </ns3:TrackPointExtension>
        </extensions>
      </trkpt>
      <trkpt lat="37.522799558937549591064453125" lon="127.09974369965493679046630859375">
        <ele>19.200000762939453125</ele>
        <time>2026-05-24T00:57:39.000Z</time>
        <extensions>
          <ns3:TrackPointExtension>
            <ns3:hr>129</ns3:hr>
            <ns3:cad>84</ns3:cad>
          </ns3:TrackPointExtension>
        </extensions>
      </trkpt>
      <trkpt lat="37.52278924919664859771728515625" lon="127.09970950148999691009521484375">
        <ele>19.200000762939453125</ele>
        <time>2026-05-24T00:57:40.000Z</time>
        <extensions>
          <ns3:TrackPointExtension>
            <ns3:hr>130</ns3:hr>
            <ns3:cad>84</ns3:cad>
          </ns3:TrackPointExtension>
        </extensions>
      </trkpt>
      <trkpt lat="37.52277382649481296539306640625" lon="127.0996862836182117462158203125">
        <ele>19.200000762939453125</ele>
        <time>2026-05-24T00:57:41.000Z</time>
        <extensions>
          <ns3:TrackPointExtension>
            <ns3:hr>130</ns3:hr>
            <ns3:cad>84</ns3:cad>
          </ns3:TrackPointExtension>
        </extensions>
      </trkpt>
      <trkpt lat="37.522761337459087371826171875" lon="127.099650911986827850341796875">
        <ele>19.200000762939453125</ele>
        <time>2026-05-24T00:57:42.000Z</time>
        <extensions>
          <ns3:TrackPointExtension>
            <ns3:hr>130</ns3:hr>
            <ns3:cad>84</ns3:cad>
          </ns3:TrackPointExtension>
        </extensions>
      </trkpt>
      <trkpt lat="37.52274951897561550140380859375" lon="127.099626101553440093994140625">
        <ele>19.200000762939453125</ele>
        <time>2026-05-24T00:57:43.000Z</time>
        <extensions>
          <ns3:TrackPointExtension>
            <ns3:hr>130</ns3:hr>
            <ns3:cad>84</ns3:cad>
          </ns3:TrackPointExtension>
        </extensions>
      </trkpt>
      <trkpt lat="37.52274482510983943939208984375" lon="127.099592573940753936767578125">
        <ele>19.200000762939453125</ele>
        <time>2026-05-24T00:57:44.000Z</time>
        <extensions>
          <ns3:TrackPointExtension>
            <ns3:hr>130</ns3:hr>
            <ns3:cad>84</ns3:cad>
          </ns3:TrackPointExtension>
        </extensions>
      </trkpt>
      <trkpt lat="37.52273619174957275390625" lon="127.099563740193843841552734375">
        <ele>19.200000762939453125</ele>
        <time>2026-05-24T00:57:45.000Z</time>
        <extensions>
          <ns3:TrackPointExtension>
            <ns3:hr>130</ns3:hr>
            <ns3:cad>84</ns3:cad>
          </ns3:TrackPointExtension>
        </extensions>
      </trkpt>
      <trkpt lat="37.52272772602736949920654296875" lon="127.09953658282756805419921875">
        <ele>19.200000762939453125</ele>
        <time>2026-05-24T00:57:46.000Z</time>
        <extensions>
          <ns3:TrackPointExtension>
            <ns3:hr>130</ns3:hr>
            <ns3:cad>84</ns3:cad>
          </ns3:TrackPointExtension>
        </extensions>
      </trkpt>
      <trkpt lat="37.5227175839245319366455078125" lon="127.09950380958616733551025390625">
        <ele>19</ele>
        <time>2026-05-24T00:57:47.000Z</time>
        <extensions>
          <ns3:TrackPointExtension>
            <ns3:hr>131</ns3:hr>
            <ns3:cad>84</ns3:cad>
          </ns3:TrackPointExtension>
        </extensions>
      </trkpt>
      <trkpt lat="37.522706352174282073974609375" lon="127.09948402829468250274658203125">
        <ele>19</ele>
        <time>2026-05-24T00:57:48.000Z</time>
        <extensions>
          <ns3:TrackPointExtension>
            <ns3:hr>130</ns3:hr>
            <ns3:cad>84</ns3:cad>
          </ns3:TrackPointExtension>
        </extensions>
      </trkpt>
      <trkpt lat="37.52269855700433254241943359375" lon="127.09944664500653743743896484375">
        <ele>19</ele>
        <time>2026-05-24T00:57:49.000Z</time>
        <extensions>
          <ns3:TrackPointExtension>
            <ns3:hr>130</ns3:hr>
            <ns3:cad>84</ns3:cad>
          </ns3:TrackPointExtension>
        </extensions>
      </trkpt>
      <trkpt lat="37.522690594196319580078125" lon="127.09942166693508625030517578125">
        <ele>19</ele>
        <time>2026-05-24T00:57:50.000Z</time>
        <extensions>
          <ns3:TrackPointExtension>
            <ns3:hr>130</ns3:hr>
            <ns3:cad>84</ns3:cad>
          </ns3:TrackPointExtension>
        </extensions>
      </trkpt>
      <trkpt lat="37.52268296666443347930908203125" lon="127.09939316846430301666259765625">
        <ele>19</ele>
        <time>2026-05-24T00:57:51.000Z</time>
        <extensions>
          <ns3:TrackPointExtension>
            <ns3:hr>130</ns3:hr>
            <ns3:cad>84</ns3:cad>
          </ns3:TrackPointExtension>
        </extensions>
      </trkpt>
      <trkpt lat="37.522676177322864532470703125" lon="127.0993624068796634674072265625">
        <ele>19</ele>
        <time>2026-05-24T00:57:52.000Z</time>
        <extensions>
          <ns3:TrackPointExtension>
            <ns3:hr>130</ns3:hr>
            <ns3:cad>84</ns3:cad>
          </ns3:TrackPointExtension>
        </extensions>
      </trkpt>
      <trkpt lat="37.5226651132106781005859375" lon="127.099343128502368927001953125">
        <ele>19</ele>
        <time>2026-05-24T00:57:53.000Z</time>
        <extensions>
          <ns3:TrackPointExtension>
            <ns3:hr>130</ns3:hr>
            <ns3:cad>84</ns3:cad>
          </ns3:TrackPointExtension>
        </extensions>
      </trkpt>
      <trkpt lat="37.5226498581469058990478515625" lon="127.0993000455200672149658203125">
        <ele>19</ele>
        <time>2026-05-24T00:57:54.000Z</time>
        <extensions>
          <ns3:TrackPointExtension>
            <ns3:hr>130</ns3:hr>
            <ns3:cad>84</ns3:cad>
          </ns3:TrackPointExtension>
        </extensions>
      </trkpt>
      <trkpt lat="37.52263770438730716705322265625" lon="127.09926945157349109649658203125">
        <ele>19</ele>
        <time>2026-05-24T00:57:55.000Z</time>
        <extensions>
          <ns3:TrackPointExtension>
            <ns3:hr>130</ns3:hr>
            <ns3:cad>84</ns3:cad>
          </ns3:TrackPointExtension>
        </extensions>
      </trkpt>
      <trkpt lat="37.5226260535418987274169921875" lon="127.099233828485012054443359375">
        <ele>19</ele>
        <time>2026-05-24T00:57:56.000Z</time>
        <extensions>
          <ns3:TrackPointExtension>
            <ns3:hr>130</ns3:hr>
            <ns3:cad>84</ns3:cad>
          </ns3:TrackPointExtension>
        </extensions>
      </trkpt>
      <trkpt lat="37.522619180381298065185546875" lon="127.099196948111057281494140625">
        <ele>19</ele>
        <time>2026-05-24T00:57:57.000Z</time>
        <extensions>
          <ns3:TrackPointExtension>
            <ns3:hr>130</ns3:hr>
            <ns3:cad>84</ns3:cad>
          </ns3:TrackPointExtension>
        </extensions>
      </trkpt>
      <trkpt lat="37.52261037938296794891357421875" lon="127.09916903637349605560302734375">
        <ele>19</ele>
        <time>2026-05-24T00:57:58.000Z</time>
        <extensions>
          <ns3:TrackPointExtension>
            <ns3:hr>130</ns3:hr>
            <ns3:cad>84</ns3:cad>
          </ns3:TrackPointExtension>
        </extensions>
      </trkpt>
      <trkpt lat="37.52260182984173297882080078125" lon="127.09912813268601894378662109375">
        <ele>19</ele>
        <time>2026-05-24T00:57:59.000Z</time>
        <extensions>
          <ns3:TrackPointExtension>
            <ns3:hr>130</ns3:hr>
            <ns3:cad>84</ns3:cad>
          </ns3:TrackPointExtension>
        </extensions>
      </trkpt>
      <trkpt lat="37.52259076572954654693603515625" lon="127.09909929893910884857177734375">
        <ele>19</ele>
        <time>2026-05-24T00:58:00.000Z</time>
        <extensions>
          <ns3:TrackPointExtension>
            <ns3:hr>130</ns3:hr>
            <ns3:cad>84</ns3:cad>
          </ns3:TrackPointExtension>
        </extensions>
      </trkpt>
      <trkpt lat="37.522580288350582122802734375" lon="127.0990673638880252838134765625">
        <ele>19</ele>
        <time>2026-05-24T00:58:01.000Z</time>
        <extensions>
          <ns3:TrackPointExtension>
            <ns3:hr>130</ns3:hr>
            <ns3:cad>84</ns3:cad>
          </ns3:TrackPointExtension>
        </extensions>
      </trkpt>
      <trkpt lat="37.52256788313388824462890625" lon="127.099036686122417449951171875">
        <ele>19.200000762939453125</ele>
        <time>2026-05-24T00:58:02.000Z</time>
        <extensions>
          <ns3:TrackPointExtension>
            <ns3:hr>130</ns3:hr>
            <ns3:cad>84</ns3:cad>
          </ns3:TrackPointExtension>
        </extensions>
      </trkpt>
      <trkpt lat="37.52255380153656005859375" lon="127.0990127138793468475341796875">
        <ele>19.200000762939453125</ele>
        <time>2026-05-24T00:58:03.000Z</time>
        <extensions>
          <ns3:TrackPointExtension>
            <ns3:hr>129</ns3:hr>
            <ns3:cad>84</ns3:cad>
          </ns3:TrackPointExtension>
        </extensions>
      </trkpt>
      <trkpt lat="37.5225412286818027496337890625" lon="127.09897675551474094390869140625">
        <ele>19.200000762939453125</ele>
        <time>2026-05-24T00:58:04.000Z</time>
        <extensions>
          <ns3:TrackPointExtension>
            <ns3:hr>129</ns3:hr>
            <ns3:cad>84</ns3:cad>
          </ns3:TrackPointExtension>
        </extensions>
      </trkpt>
      <trkpt lat="37.52252806909382343292236328125" lon="127.09896284155547618865966796875">
        <ele>19.3999996185302734375</ele>
        <time>2026-05-24T00:58:05.000Z</time>
        <extensions>
          <ns3:TrackPointExtension>
            <ns3:hr>129</ns3:hr>
            <ns3:cad>85</ns3:cad>
          </ns3:TrackPointExtension>
        </extensions>
      </trkpt>
      <trkpt lat="37.52251666970551013946533203125" lon="127.09893518127501010894775390625">
        <ele>19.3999996185302734375</ele>
        <time>2026-05-24T00:58:06.000Z</time>
        <extensions>
          <ns3:TrackPointExtension>
            <ns3:hr>129</ns3:hr>
            <ns3:cad>85</ns3:cad>
          </ns3:TrackPointExtension>
        </extensions>
      </trkpt>
      <trkpt lat="37.52251113764941692352294921875" lon="127.0989017374813556671142578125">
        <ele>19.200000762939453125</ele>
        <time>2026-05-24T00:58:07.000Z</time>
        <extensions>
          <ns3:TrackPointExtension>
            <ns3:hr>128</ns3:hr>
            <ns3:cad>84</ns3:cad>
          </ns3:TrackPointExtension>
        </extensions>
      </trkpt>
      <trkpt lat="37.522501163184642791748046875" lon="127.098871730268001556396484375">
        <ele>19.200000762939453125</ele>
        <time>2026-05-24T00:58:08.000Z</time>
        <extensions>
          <ns3:TrackPointExtension>
            <ns3:hr>128</ns3:hr>
            <ns3:cad>84</ns3:cad>
          </ns3:TrackPointExtension>
        </extensions>
      </trkpt>
      <trkpt lat="37.522488422691822052001953125" lon="127.09883593954145908355712890625">
        <ele>19.200000762939453125</ele>
        <time>2026-05-24T00:58:09.000Z</time>
        <extensions>
          <ns3:TrackPointExtension>
            <ns3:hr>128</ns3:hr>
            <ns3:cad>84</ns3:cad>
          </ns3:TrackPointExtension>
        </extensions>
      </trkpt>
      <trkpt lat="37.522478364408016204833984375" lon="127.09881615824997425079345703125">
        <ele>19</ele>
        <time>2026-05-24T00:58:10.000Z</time>
        <extensions>
          <ns3:TrackPointExtension>
            <ns3:hr>128</ns3:hr>
            <ns3:cad>84</ns3:cad>
          </ns3:TrackPointExtension>
        </extensions>
      </trkpt>
      <trkpt lat="37.5224639475345611572265625" lon="127.0987763442099094390869140625">
        <ele>19</ele>
        <time>2026-05-24T00:58:11.000Z</time>
        <extensions>
          <ns3:TrackPointExtension>
            <ns3:hr>129</ns3:hr>
            <ns3:cad>84</ns3:cad>
          </ns3:TrackPointExtension>
        </extensions>
      </trkpt>
      <trkpt lat="37.5224507041275501251220703125" lon="127.0987488515675067901611328125">
        <ele>19</ele>
        <time>2026-05-24T00:58:12.000Z</time>
        <extensions>
          <ns3:TrackPointExtension>
            <ns3:hr>128</ns3:hr>
            <ns3:cad>84</ns3:cad>
          </ns3:TrackPointExtension>
        </extensions>
      </trkpt>
      <trkpt lat="37.52243570052087306976318359375" lon="127.09871725179255008697509765625">
        <ele>19</ele>
        <time>2026-05-24T00:58:13.000Z</time>
        <extensions>
          <ns3:TrackPointExtension>
            <ns3:hr>128</ns3:hr>
            <ns3:cad>84</ns3:cad>
          </ns3:TrackPointExtension>
        </extensions>
      </trkpt>
      <trkpt lat="37.5224262289702892303466796875" lon="127.0986834727227687835693359375">
        <ele>19.200000762939453125</ele>
        <time>2026-05-24T00:58:14.000Z</time>
        <extensions>
          <ns3:TrackPointExtension>
            <ns3:hr>129</ns3:hr>
            <ns3:cad>84</ns3:cad>
          </ns3:TrackPointExtension>
        </extensions>
      </trkpt>
      <trkpt lat="37.5224144943058490753173828125" lon="127.09866226650774478912353515625">
        <ele>19.200000762939453125</ele>
        <time>2026-05-24T00:58:15.000Z</time>
        <extensions>
          <ns3:TrackPointExtension>
            <ns3:hr>129</ns3:hr>
            <ns3:cad>84</ns3:cad>
          </ns3:TrackPointExtension>
        </extensions>
      </trkpt>
      <trkpt lat="37.5224041007459163665771484375" lon="127.098620273172855377197265625">
        <ele>19</ele>
        <time>2026-05-24T00:58:16.000Z</time>
        <extensions>
          <ns3:TrackPointExtension>
            <ns3:hr>129</ns3:hr>
            <ns3:cad>84</ns3:cad>
          </ns3:TrackPointExtension>
        </extensions>
      </trkpt>
      <trkpt lat="37.52239353954792022705078125" lon="127.09859504364430904388427734375">
        <ele>19</ele>
        <time>2026-05-24T00:58:17.000Z</time>
        <extensions>
          <ns3:TrackPointExtension>
            <ns3:hr>129</ns3:hr>
            <ns3:cad>84</ns3:cad>
          </ns3:TrackPointExtension>
        </extensions>
      </trkpt>
      <trkpt lat="37.52238188870251178741455078125" lon="127.0985624380409717559814453125">
        <ele>19</ele>
        <time>2026-05-24T00:58:18.000Z</time>
        <extensions>
          <ns3:TrackPointExtension>
            <ns3:hr>128</ns3:hr>
            <ns3:cad>84</ns3:cad>
          </ns3:TrackPointExtension>
        </extensions>
      </trkpt>
      <trkpt lat="37.522379793226718902587890625" lon="127.098526060581207275390625">
        <ele>19</ele>
        <time>2026-05-24T00:58:19.000Z</time>
        <extensions>
          <ns3:TrackPointExtension>
            <ns3:hr>129</ns3:hr>
            <ns3:cad>84</ns3:cad>
          </ns3:TrackPointExtension>
        </extensions>
      </trkpt>
      <trkpt lat="37.52236948348581790924072265625" lon="127.09850552491843700408935546875">
        <ele>19</ele>
        <time>2026-05-24T00:58:20.000Z</time>
        <extensions>
          <ns3:TrackPointExtension>
            <ns3:hr>129</ns3:hr>
            <ns3:cad>84</ns3:cad>
          </ns3:TrackPointExtension>
        </extensions>
      </trkpt>
      <trkpt lat="37.52236261032521724700927734375" lon="127.098468057811260223388671875">
        <ele>19</ele>
        <time>2026-05-24T00:58:21.000Z</time>
        <extensions>
          <ns3:TrackPointExtension>
            <ns3:hr>129</ns3:hr>
            <ns3:cad>84</ns3:cad>
          </ns3:TrackPointExtension>
        </extensions>
      </trkpt>
      <trkpt lat="37.52235867083072662353515625" lon="127.09843712858855724334716796875">
        <ele>19</ele>
        <time>2026-05-24T00:58:22.000Z</time>
        <extensions>
          <ns3:TrackPointExtension>
            <ns3:hr>129</ns3:hr>
            <ns3:cad>84</ns3:cad>
          </ns3:TrackPointExtension>
        </extensions>
      </trkpt>
      <trkpt lat="37.52234886400401592254638671875" lon="127.09840527735650539398193359375">
        <ele>19</ele>
        <time>2026-05-24T00:58:23.000Z</time>
        <extensions>
          <ns3:TrackPointExtension>
            <ns3:hr>129</ns3:hr>
            <ns3:cad>84</ns3:cad>
          </ns3:TrackPointExtension>
        </extensions>
      </trkpt>
      <trkpt lat="37.52234433777630329132080078125" lon="127.09836982190608978271484375">
        <ele>19</ele>
        <time>2026-05-24T00:58:24.000Z</time>
        <extensions>
          <ns3:TrackPointExtension>
            <ns3:hr>129</ns3:hr>
            <ns3:cad>83</ns3:cad>
          </ns3:TrackPointExtension>
        </extensions>
      </trkpt>
      <trkpt lat="37.52233587205410003662109375" lon="127.09834459237754344940185546875">
        <ele>19.200000762939453125</ele>
        <time>2026-05-24T00:58:25.000Z</time>
        <extensions>
          <ns3:TrackPointExtension>
            <ns3:hr>129</ns3:hr>
            <ns3:cad>83</ns3:cad>
          </ns3:TrackPointExtension>
        </extensions>
      </trkpt>
      <trkpt lat="37.522332184016704559326171875" lon="127.09830016829073429107666015625">
        <ele>19.200000762939453125</ele>
        <time>2026-05-24T00:58:26.000Z</time>
        <extensions>
          <ns3:TrackPointExtension>
            <ns3:hr>129</ns3:hr>
            <ns3:cad>83</ns3:cad>
          </ns3:TrackPointExtension>
        </extensions>
      </trkpt>
      <trkpt lat="37.5223263166844844818115234375" lon="127.09826747886836528778076171875">
        <ele>19.3999996185302734375</ele>
        <time>2026-05-24T00:58:27.000Z</time>
        <extensions>
          <ns3:TrackPointExtension>
            <ns3:hr>129</ns3:hr>
            <ns3:cad>84</ns3:cad>
          </ns3:TrackPointExtension>
        </extensions>
      </trkpt>
      <trkpt lat="37.5223226286470890045166015625" lon="127.09823034703731536865234375">
        <ele>19.3999996185302734375</ele>
        <time>2026-05-24T00:58:28.000Z</time>
        <extensions>
          <ns3:TrackPointExtension>
            <ns3:hr>128</ns3:hr>
            <ns3:cad>84</ns3:cad>
          </ns3:TrackPointExtension>
        </extensions>
      </trkpt>
      <trkpt lat="37.5223142467439174652099609375" lon="127.09819304756820201873779296875">
        <ele>19.3999996185302734375</ele>
        <time>2026-05-24T00:58:29.000Z</time>
        <extensions>
          <ns3:TrackPointExtension>
            <ns3:hr>129</ns3:hr>
            <ns3:cad>83</ns3:cad>
          </ns3:TrackPointExtension>
        </extensions>
      </trkpt>
      <trkpt lat="37.52230745740234851837158203125" lon="127.09817075170576572418212890625">
        <ele>19.6000003814697265625</ele>
        <time>2026-05-24T00:58:30.000Z</time>
        <extensions>
          <ns3:TrackPointExtension>
            <ns3:hr>129</ns3:hr>
            <ns3:cad>83</ns3:cad>
          </ns3:TrackPointExtension>
        </extensions>
      </trkpt>
      <trkpt lat="37.5223001651465892791748046875" lon="127.09813236258924007415771484375">
        <ele>19.6000003814697265625</ele>
        <time>2026-05-24T00:58:31.000Z</time>
        <extensions>
          <ns3:TrackPointExtension>
            <ns3:hr>128</ns3:hr>
            <ns3:cad>84</ns3:cad>
          </ns3:TrackPointExtension>
        </extensions>
      </trkpt>
      <trkpt lat="37.5222944654524326324462890625" lon="127.098105959594249725341796875">
        <ele>19.799999237060546875</ele>
        <time>2026-05-24T00:58:32.000Z</time>
        <extensions>
          <ns3:TrackPointExtension>
            <ns3:hr>129</ns3:hr>
            <ns3:cad>84</ns3:cad>
          </ns3:TrackPointExtension>
        </extensions>
      </trkpt>
      <trkpt lat="37.5222907774150371551513671875" lon="127.09806614555418491363525390625">
        <ele>19.799999237060546875</ele>
        <time>2026-05-24T00:58:33.000Z</time>
        <extensions>
          <ns3:TrackPointExtension>
            <ns3:hr>129</ns3:hr>
            <ns3:cad>84</ns3:cad>
          </ns3:TrackPointExtension>
        </extensions>
      </trkpt>
      <trkpt lat="37.52228817902505397796630859375" lon="127.09802943281829357147216796875">
        <ele>19.799999237060546875</ele>
        <time>2026-05-24T00:58:34.000Z</time>
        <extensions>
          <ns3:TrackPointExtension>
            <ns3:hr>129</ns3:hr>
            <ns3:cad>84</ns3:cad>
          </ns3:TrackPointExtension>
        </extensions>
      </trkpt>
      <trkpt lat="37.52227552235126495361328125" lon="127.0980035327374935150146484375">
        <ele>19.799999237060546875</ele>
        <time>2026-05-24T00:58:35.000Z</time>
        <extensions>
          <ns3:TrackPointExtension>
            <ns3:hr>128</ns3:hr>
            <ns3:cad>84</ns3:cad>
          </ns3:TrackPointExtension>
        </extensions>
      </trkpt>
      <trkpt lat="37.52226303331553936004638671875" lon="127.097968161106109619140625">
        <ele>19.799999237060546875</ele>
        <time>2026-05-24T00:58:36.000Z</time>
        <extensions>
          <ns3:TrackPointExtension>
            <ns3:hr>129</ns3:hr>
            <ns3:cad>84</ns3:cad>
          </ns3:TrackPointExtension>
        </extensions>
      </trkpt>
      <trkpt lat="37.52225431613624095916748046875" lon="127.09794611670076847076416015625">
        <ele>19.799999237060546875</ele>
        <time>2026-05-24T00:58:37.000Z</time>
        <extensions>
          <ns3:TrackPointExtension>
            <ns3:hr>129</ns3:hr>
            <ns3:cad>84</ns3:cad>
          </ns3:TrackPointExtension>
        </extensions>
      </trkpt>
      <trkpt lat="37.52225062809884548187255859375" lon="127.09790789522230625152587890625">
        <ele>19.799999237060546875</ele>
        <time>2026-05-24T00:58:38.000Z</time>
        <extensions>
          <ns3:TrackPointExtension>
            <ns3:hr>129</ns3:hr>
            <ns3:cad>84</ns3:cad>
          </ns3:TrackPointExtension>
        </extensions>
      </trkpt>
      <trkpt lat="37.52224409021437168121337890625" lon="127.09787135012447834014892578125">
        <ele>19.799999237060546875</ele>
        <time>2026-05-24T00:58:39.000Z</time>
        <extensions>
          <ns3:TrackPointExtension>
            <ns3:hr>130</ns3:hr>
            <ns3:cad>84</ns3:cad>
          </ns3:TrackPointExtension>
        </extensions>
      </trkpt>
      <trkpt lat="37.5222331099212169647216796875" lon="127.0978407561779022216796875">
        <ele>19.6000003814697265625</ele>
        <time>2026-05-24T00:58:40.000Z</time>
        <extensions>
          <ns3:TrackPointExtension>
            <ns3:hr>130</ns3:hr>
            <ns3:cad>84</ns3:cad>
          </ns3:TrackPointExtension>
        </extensions>
      </trkpt>
      <trkpt lat="37.52222187817096710205078125" lon="127.097802869975566864013671875">
        <ele>19.6000003814697265625</ele>
        <time>2026-05-24T00:58:41.000Z</time>
        <extensions>
          <ns3:TrackPointExtension>
            <ns3:hr>131</ns3:hr>
            <ns3:cad>84</ns3:cad>
          </ns3:TrackPointExtension>
        </extensions>
      </trkpt>
      <trkpt lat="37.52221290953457355499267578125" lon="127.09777772426605224609375">
        <ele>19.6000003814697265625</ele>
        <time>2026-05-24T00:58:42.000Z</time>
        <extensions>
          <ns3:TrackPointExtension>
            <ns3:hr>131</ns3:hr>
            <ns3:cad>84</ns3:cad>
          </ns3:TrackPointExtension>
        </extensions>
      </trkpt>
      <trkpt lat="37.5222116522490978240966796875" lon="127.09773707203567028045654296875">
        <ele>19.3999996185302734375</ele>
        <time>2026-05-24T00:58:43.000Z</time>
        <extensions>
          <ns3:TrackPointExtension>
            <ns3:hr>131</ns3:hr>
            <ns3:cad>84</ns3:cad>
          </ns3:TrackPointExtension>
        </extensions>
      </trkpt>
      <trkpt lat="37.52220042049884796142578125" lon="127.09770170040428638458251953125">
        <ele>19.200000762939453125</ele>
        <time>2026-05-24T00:58:44.000Z</time>
        <extensions>
          <ns3:TrackPointExtension>
            <ns3:hr>131</ns3:hr>
            <ns3:cad>84</ns3:cad>
          </ns3:TrackPointExtension>
        </extensions>
      </trkpt>
      <trkpt lat="37.522191368043422698974609375" lon="127.097672782838344573974609375">
        <ele>19</ele>
        <time>2026-05-24T00:58:45.000Z</time>
        <extensions>
          <ns3:TrackPointExtension>
            <ns3:hr>132</ns3:hr>
            <ns3:cad>85</ns3:cad>
          </ns3:TrackPointExtension>
        </extensions>
      </trkpt>
      <trkpt lat="37.5221828185021877288818359375" lon="127.09763531573116779327392578125">
        <ele>18.799999237060546875</ele>
        <time>2026-05-24T00:58:46.000Z</time>
        <extensions>
          <ns3:TrackPointExtension>
            <ns3:hr>132</ns3:hr>
            <ns3:cad>85</ns3:cad>
          </ns3:TrackPointExtension>
        </extensions>
      </trkpt>
      <trkpt lat="37.52217116765677928924560546875" lon="127.09761612117290496826171875">
        <ele>18.6000003814697265625</ele>
        <time>2026-05-24T00:58:47.000Z</time>
        <extensions>
          <ns3:TrackPointExtension>
            <ns3:hr>132</ns3:hr>
            <ns3:cad>85</ns3:cad>
          </ns3:TrackPointExtension>
        </extensions>
      </trkpt>
      <trkpt lat="37.52216957509517669677734375" lon="127.0975757203996181488037109375">
        <ele>18.6000003814697265625</ele>
        <time>2026-05-24T00:58:48.000Z</time>
        <extensions>
          <ns3:TrackPointExtension>
            <ns3:hr>131</ns3:hr>
            <ns3:cad>85</ns3:cad>
          </ns3:TrackPointExtension>
        </extensions>
      </trkpt>
      <trkpt lat="37.52216278575360774993896484375" lon="127.09754646755754947662353515625">
        <ele>18.3999996185302734375</ele>
        <time>2026-05-24T00:58:49.000Z</time>
        <extensions>
          <ns3:TrackPointExtension>
            <ns3:hr>132</ns3:hr>
            <ns3:cad>83</ns3:cad>
          </ns3:TrackPointExtension>
        </extensions>
      </trkpt>
      <trkpt lat="37.52215239219367504119873046875" lon="127.0975173823535442352294921875">
        <ele>18.200000762939453125</ele>
        <time>2026-05-24T00:58:50.000Z</time>
        <extensions>
          <ns3:TrackPointExtension>
            <ns3:hr>132</ns3:hr>
            <ns3:cad>83</ns3:cad>
          </ns3:TrackPointExtension>
        </extensions>
      </trkpt>
      <trkpt lat="37.5221420824527740478515625" lon="127.09748326800763607025146484375">
        <ele>18.200000762939453125</ele>
        <time>2026-05-24T00:58:51.000Z</time>
        <extensions>
          <ns3:TrackPointExtension>
            <ns3:hr>131</ns3:hr>
            <ns3:cad>83</ns3:cad>
          </ns3:TrackPointExtension>
        </extensions>
      </trkpt>
      <trkpt lat="37.5221355445683002471923828125" lon="127.0974627323448657989501953125">
        <ele>18.200000762939453125</ele>
        <time>2026-05-24T00:58:52.000Z</time>
        <extensions>
          <ns3:TrackPointExtension>
            <ns3:hr>131</ns3:hr>
            <ns3:cad>83</ns3:cad>
          </ns3:TrackPointExtension>
        </extensions>
      </trkpt>
      <trkpt lat="37.52213546074926853179931640625" lon="127.0974204875528812408447265625">
        <ele>18</ele>
        <time>2026-05-24T00:58:53.000Z</time>
        <extensions>
          <ns3:TrackPointExtension>
            <ns3:hr>131</ns3:hr>
            <ns3:cad>83</ns3:cad>
          </ns3:TrackPointExtension>
        </extensions>
      </trkpt>
      <trkpt lat="37.52212557010352611541748046875" lon="127.09739173762500286102294921875">
        <ele>18</ele>
        <time>2026-05-24T00:58:54.000Z</time>
        <extensions>
          <ns3:TrackPointExtension>
            <ns3:hr>132</ns3:hr>
            <ns3:cad>84</ns3:cad>
          </ns3:TrackPointExtension>
        </extensions>
      </trkpt>
      <trkpt lat="37.52211852930486202239990234375" lon="127.09736223332583904266357421875">
        <ele>18</ele>
        <time>2026-05-24T00:58:55.000Z</time>
        <extensions>
          <ns3:TrackPointExtension>
            <ns3:hr>131</ns3:hr>
            <ns3:cad>84</ns3:cad>
          </ns3:TrackPointExtension>
        </extensions>
      </trkpt>
      <trkpt lat="37.52210780046880245208740234375" lon="127.0973252691328525543212890625">
        <ele>18</ele>
        <time>2026-05-24T00:58:56.000Z</time>
        <extensions>
          <ns3:TrackPointExtension>
            <ns3:hr>131</ns3:hr>
            <ns3:cad>84</ns3:cad>
          </ns3:TrackPointExtension>
        </extensions>
      </trkpt>
      <trkpt lat="37.5220936350524425506591796875" lon="127.09730406291782855987548828125">
        <ele>18</ele>
        <time>2026-05-24T00:58:57.000Z</time>
        <extensions>
          <ns3:TrackPointExtension>
            <ns3:hr>131</ns3:hr>
            <ns3:cad>84</ns3:cad>
          </ns3:TrackPointExtension>
        </extensions>
      </trkpt>
      <trkpt lat="37.522084414958953857421875" lon="127.09726282395422458648681640625">
        <ele>17.799999237060546875</ele>
        <time>2026-05-24T00:58:58.000Z</time>
        <extensions>
          <ns3:TrackPointExtension>
            <ns3:hr>131</ns3:hr>
            <ns3:cad>84</ns3:cad>
          </ns3:TrackPointExtension>
        </extensions>
      </trkpt>
      <trkpt lat="37.52207594923675060272216796875" lon="127.09723583422601222991943359375">
        <ele>17.6000003814697265625</ele>
        <time>2026-05-24T00:58:59.000Z</time>
        <extensions>
          <ns3:TrackPointExtension>
            <ns3:hr>131</ns3:hr>
            <ns3:cad>84</ns3:cad>
          </ns3:TrackPointExtension>
        </extensions>
      </trkpt>
      <trkpt lat="37.52206538803875446319580078125" lon="127.097206078469753265380859375">
        <ele>17.6000003814697265625</ele>
        <time>2026-05-24T00:59:00.000Z</time>
        <extensions>
          <ns3:TrackPointExtension>
            <ns3:hr>131</ns3:hr>
            <ns3:cad>84</ns3:cad>
          </ns3:TrackPointExtension>
        </extensions>
      </trkpt>
      <trkpt lat="37.52205499447882175445556640625" lon="127.09717347286641597747802734375">
        <ele>17.6000003814697265625</ele>
        <time>2026-05-24T00:59:01.000Z</time>
        <extensions>
          <ns3:TrackPointExtension>
            <ns3:hr>131</ns3:hr>
            <ns3:cad>85</ns3:cad>
          </ns3:TrackPointExtension>
        </extensions>
      </trkpt>
      <trkpt lat="37.52204929478466510772705078125" lon="127.0971512608230113983154296875">
        <ele>17.799999237060546875</ele>
        <time>2026-05-24T00:59:02.000Z</time>
        <extensions>
          <ns3:TrackPointExtension>
            <ns3:hr>131</ns3:hr>
            <ns3:cad>85</ns3:cad>
          </ns3:TrackPointExtension>
        </extensions>
      </trkpt>
      <trkpt lat="37.522041834890842437744140625" lon="127.09710524417459964752197265625">
        <ele>17.799999237060546875</ele>
        <time>2026-05-24T00:59:03.000Z</time>
        <extensions>
          <ns3:TrackPointExtension>
            <ns3:hr>131</ns3:hr>
            <ns3:cad>85</ns3:cad>
          </ns3:TrackPointExtension>
        </extensions>
      </trkpt>
      <trkpt lat="37.52204091288149356842041015625" lon="127.09707297384738922119140625">
        <ele>17.799999237060546875</ele>
        <time>2026-05-24T00:59:04.000Z</time>
        <extensions>
          <ns3:TrackPointExtension>
            <ns3:hr>131</ns3:hr>
            <ns3:cad>85</ns3:cad>
          </ns3:TrackPointExtension>
        </extensions>
      </trkpt>
      <trkpt lat="37.52203269861638545989990234375" lon="127.09703433327376842498779296875">
        <ele>17.799999237060546875</ele>
        <time>2026-05-24T00:59:05.000Z</time>
        <extensions>
          <ns3:TrackPointExtension>
            <ns3:hr>130</ns3:hr>
            <ns3:cad>85</ns3:cad>
          </ns3:TrackPointExtension>
        </extensions>
      </trkpt>
      <trkpt lat="37.52202549017965793609619140625" lon="127.097001560032367706298828125">
        <ele>17.6000003814697265625</ele>
        <time>2026-05-24T00:59:06.000Z</time>
        <extensions>
          <ns3:TrackPointExtension>
            <ns3:hr>130</ns3:hr>
            <ns3:cad>84</ns3:cad>
          </ns3:TrackPointExtension>
        </extensions>
      </trkpt>
      <trkpt lat="37.522014677524566650390625" lon="127.0969785936176776885986328125">
        <ele>17.3999996185302734375</ele>
        <time>2026-05-24T00:59:07.000Z</time>
        <extensions>
          <ns3:TrackPointExtension>
            <ns3:hr>130</ns3:hr>
            <ns3:cad>84</ns3:cad>
          </ns3:TrackPointExtension>
        </extensions>
      </trkpt>
      <trkpt lat="37.521999590098857879638671875" lon="127.09693752229213714599609375">
        <ele>17.3999996185302734375</ele>
        <time>2026-05-24T00:59:08.000Z</time>
        <extensions>
          <ns3:TrackPointExtension>
            <ns3:hr>130</ns3:hr>
            <ns3:cad>84</ns3:cad>
          </ns3:TrackPointExtension>
        </extensions>
      </trkpt>
      <trkpt lat="37.52199925482273101806640625" lon="127.096913047134876251220703125">
        <ele>17.200000762939453125</ele>
        <time>2026-05-24T00:59:09.000Z</time>
        <extensions>
          <ns3:TrackPointExtension>
            <ns3:hr>130</ns3:hr>
            <ns3:cad>84</ns3:cad>
          </ns3:TrackPointExtension>
        </extensions>
      </trkpt>
      <trkpt lat="37.52199313603341579437255859375" lon="127.0968713052570819854736328125">
        <ele>17.200000762939453125</ele>
        <time>2026-05-24T00:59:10.000Z</time>
        <extensions>
          <ns3:TrackPointExtension>
            <ns3:hr>130</ns3:hr>
            <ns3:cad>84</ns3:cad>
          </ns3:TrackPointExtension>
        </extensions>
      </trkpt>
      <trkpt lat="37.52198291011154651641845703125" lon="127.09684037603437900543212890625">
        <ele>17.200000762939453125</ele>
        <time>2026-05-24T00:59:11.000Z</time>
        <extensions>
          <ns3:TrackPointExtension>
            <ns3:hr>130</ns3:hr>
            <ns3:cad>85</ns3:cad>
          </ns3:TrackPointExtension>
        </extensions>
      </trkpt>
      <trkpt lat="37.52197167836129665374755859375" lon="127.09681439213454723358154296875">
        <ele>17.200000762939453125</ele>
        <time>2026-05-24T00:59:12.000Z</time>
        <extensions>
          <ns3:TrackPointExtension>
            <ns3:hr>130</ns3:hr>
            <ns3:cad>84</ns3:cad>
          </ns3:TrackPointExtension>
        </extensions>
      </trkpt>
      <trkpt lat="37.52195592038333415985107421875" lon="127.09677482955157756805419921875">
        <ele>17.200000762939453125</ele>
        <time>2026-05-24T00:59:13.000Z</time>
        <extensions>
          <ns3:TrackPointExtension>
            <ns3:hr>130</ns3:hr>
            <ns3:cad>85</ns3:cad>
          </ns3:TrackPointExtension>
        </extensions>
      </trkpt>
      <trkpt lat="37.5219454430043697357177734375" lon="127.09675136022269725799560546875">
        <ele>17</ele>
        <time>2026-05-24T00:59:14.000Z</time>
        <extensions>
          <ns3:TrackPointExtension>
            <ns3:hr>130</ns3:hr>
            <ns3:cad>85</ns3:cad>
          </ns3:TrackPointExtension>
        </extensions>
      </trkpt>
      <trkpt lat="37.5219350494444370269775390625" lon="127.0967100374400615692138671875">
        <ele>17</ele>
        <time>2026-05-24T00:59:15.000Z</time>
        <extensions>
          <ns3:TrackPointExtension>
            <ns3:hr>130</ns3:hr>
            <ns3:cad>85</ns3:cad>
          </ns3:TrackPointExtension>
        </extensions>
      </trkpt>
      <trkpt lat="37.521928511559963226318359375" lon="127.0966788567602634429931640625">
        <ele>16.799999237060546875</ele>
        <time>2026-05-24T00:59:16.000Z</time>
        <extensions>
          <ns3:TrackPointExtension>
            <ns3:hr>130</ns3:hr>
            <ns3:cad>85</ns3:cad>
          </ns3:TrackPointExtension>
        </extensions>
      </trkpt>
      <trkpt lat="37.52191887237131595611572265625" lon="127.09664373658597469329833984375">
        <ele>16.799999237060546875</ele>
        <time>2026-05-24T00:59:17.000Z</time>
        <extensions>
          <ns3:TrackPointExtension>
            <ns3:hr>130</ns3:hr>
            <ns3:cad>85</ns3:cad>
          </ns3:TrackPointExtension>
        </extensions>
      </trkpt>
      <trkpt lat="37.5219112448394298553466796875" lon="127.0966064371168613433837890625">
        <ele>16.799999237060546875</ele>
        <time>2026-05-24T00:59:18.000Z</time>
        <extensions>
          <ns3:TrackPointExtension>
            <ns3:hr>130</ns3:hr>
            <ns3:cad>85</ns3:cad>
          </ns3:TrackPointExtension>
        </extensions>
      </trkpt>
      <trkpt lat="37.5218981690704822540283203125" lon="127.096576429903507232666015625">
        <ele>16.6000003814697265625</ele>
        <time>2026-05-24T00:59:19.000Z</time>
        <extensions>
          <ns3:TrackPointExtension>
            <ns3:hr>130</ns3:hr>
            <ns3:cad>86</ns3:cad>
          </ns3:TrackPointExtension>
        </extensions>
      </trkpt>
      <trkpt lat="37.52188651822507381439208984375" lon="127.0965360291302204132080078125">
        <ele>16.6000003814697265625</ele>
        <time>2026-05-24T00:59:20.000Z</time>
        <extensions>
          <ns3:TrackPointExtension>
            <ns3:hr>130</ns3:hr>
            <ns3:cad>86</ns3:cad>
          </ns3:TrackPointExtension>
        </extensions>
      </trkpt>
      <trkpt lat="37.521878890693187713623046875" lon="127.09651029668748378753662109375">
        <ele>16.3999996185302734375</ele>
        <time>2026-05-24T00:59:21.000Z</time>
        <extensions>
          <ns3:TrackPointExtension>
            <ns3:hr>129</ns3:hr>
            <ns3:cad>86</ns3:cad>
          </ns3:TrackPointExtension>
        </extensions>
      </trkpt>
      <trkpt lat="37.52186824567615985870361328125" lon="127.09647878073155879974365234375">
        <ele>16.3999996185302734375</ele>
        <time>2026-05-24T00:59:22.000Z</time>
        <extensions>
          <ns3:TrackPointExtension>
            <ns3:hr>130</ns3:hr>
            <ns3:cad>86</ns3:cad>
          </ns3:TrackPointExtension>
        </extensions>
      </trkpt>
      <trkpt lat="37.521855421364307403564453125" lon="127.09644961170852184295654296875">
        <ele>16.200000762939453125</ele>
        <time>2026-05-24T00:59:23.000Z</time>
        <extensions>
          <ns3:TrackPointExtension>
            <ns3:hr>130</ns3:hr>
            <ns3:cad>86</ns3:cad>
          </ns3:TrackPointExtension>
        </extensions>
      </trkpt>
      <trkpt lat="37.521847374737262725830078125" lon="127.09642748348414897918701171875">
        <ele>16.200000762939453125</ele>
        <time>2026-05-24T00:59:24.000Z</time>
        <extensions>
          <ns3:TrackPointExtension>
            <ns3:hr>130</ns3:hr>
            <ns3:cad>86</ns3:cad>
          </ns3:TrackPointExtension>
        </extensions>
      </trkpt>
      <trkpt lat="37.52183605916798114776611328125" lon="127.09639026783406734466552734375">
        <ele>16.200000762939453125</ele>
        <time>2026-05-24T00:59:25.000Z</time>
        <extensions>
          <ns3:TrackPointExtension>
            <ns3:hr>129</ns3:hr>
            <ns3:cad>84</ns3:cad>
          </ns3:TrackPointExtension>
        </extensions>
      </trkpt>
      <trkpt lat="37.5218301080167293548583984375" lon="127.09636042825877666473388671875">
        <ele>16.200000762939453125</ele>
        <time>2026-05-24T00:59:26.000Z</time>
        <extensions>
          <ns3:TrackPointExtension>
            <ns3:hr>130</ns3:hr>
            <ns3:cad>84</ns3:cad>
          </ns3:TrackPointExtension>
        </extensions>
      </trkpt>
      <trkpt lat="37.52182616852223873138427734375" lon="127.0963274873793125152587890625">
        <ele>16.200000762939453125</ele>
        <time>2026-05-24T00:59:27.000Z</time>
        <extensions>
          <ns3:TrackPointExtension>
            <ns3:hr>130</ns3:hr>
            <ns3:cad>84</ns3:cad>
          </ns3:TrackPointExtension>
        </extensions>
      </trkpt>
      <trkpt lat="37.52181946299970149993896484375" lon="127.0962946303188800811767578125">
        <ele>16.200000762939453125</ele>
        <time>2026-05-24T00:59:28.000Z</time>
        <extensions>
          <ns3:TrackPointExtension>
            <ns3:hr>129</ns3:hr>
            <ns3:cad>84</ns3:cad>
          </ns3:TrackPointExtension>
        </extensions>
      </trkpt>
      <trkpt lat="37.52180722542107105255126953125" lon="127.0962708257138729095458984375">
        <ele>16.200000762939453125</ele>
        <time>2026-05-24T00:59:29.000Z</time>
        <extensions>
          <ns3:TrackPointExtension>
            <ns3:hr>130</ns3:hr>
            <ns3:cad>84</ns3:cad>
          </ns3:TrackPointExtension>
        </extensions>
      </trkpt>
      <trkpt lat="37.5217955745756626129150390625" lon="127.096233107149600982666015625">
        <ele>16</ele>
        <time>2026-05-24T00:59:30.000Z</time>
        <extensions>
          <ns3:TrackPointExtension>
            <ns3:hr>130</ns3:hr>
            <ns3:cad>84</ns3:cad>
          </ns3:TrackPointExtension>
        </extensions>
      </trkpt>
      <trkpt lat="37.52178610302507877349853515625" lon="127.096210308372974395751953125">
        <ele>15.80000019073486328125</ele>
        <time>2026-05-24T00:59:31.000Z</time>
        <extensions>
          <ns3:TrackPointExtension>
            <ns3:hr>129</ns3:hr>
            <ns3:cad>83</ns3:cad>
          </ns3:TrackPointExtension>
        </extensions>
      </trkpt>
      <trkpt lat="37.52177453599870204925537109375" lon="127.09617317654192447662353515625">
        <ele>15.6000003814697265625</ele>
        <time>2026-05-24T00:59:32.000Z</time>
        <extensions>
          <ns3:TrackPointExtension>
            <ns3:hr>130</ns3:hr>
            <ns3:cad>83</ns3:cad>
          </ns3:TrackPointExtension>
        </extensions>
      </trkpt>
      <trkpt lat="37.52176028676331043243408203125" lon="127.0961427502334117889404296875">
        <ele>15.3999996185302734375</ele>
        <time>2026-05-24T00:59:33.000Z</time>
        <extensions>
          <ns3:TrackPointExtension>
            <ns3:hr>130</ns3:hr>
            <ns3:cad>83</ns3:cad>
          </ns3:TrackPointExtension>
        </extensions>
      </trkpt>
      <trkpt lat="37.5217533297836780548095703125" lon="127.0961155928671360015869140625">
        <ele>15.19999980926513671875</ele>
        <time>2026-05-24T00:59:34.000Z</time>
        <extensions>
          <ns3:TrackPointExtension>
            <ns3:hr>130</ns3:hr>
            <ns3:cad>83</ns3:cad>
          </ns3:TrackPointExtension>
        </extensions>
      </trkpt>
      <trkpt lat="37.52175542525947093963623046875" lon="127.09607594646513462066650390625">
        <ele>15</ele>
        <time>2026-05-24T00:59:35.000Z</time>
        <extensions>
          <ns3:TrackPointExtension>
            <ns3:hr>130</ns3:hr>
            <ns3:cad>83</ns3:cad>
          </ns3:TrackPointExtension>
        </extensions>
      </trkpt>
      <trkpt lat="37.5229874812066555023193359375" lon="127.09864164702594280242919921875">
        <ele>14.6000003814697265625</ele>
        <time>2026-05-24T01:09:36.000Z</time>
        <extensions>
          <ns3:TrackPointExtension>
            <ns3:hr>79</ns3:hr>
            <ns3:cad>53</ns3:cad>
          </ns3:TrackPointExtension>
        </extensions>
      </trkpt>
      <trkpt lat="37.52299879677593708038330078125" lon="127.09865321405231952667236328125">
        <ele>14.6000003814697265625</ele>
        <time>2026-05-24T01:09:37.000Z</time>
        <extensions>
          <ns3:TrackPointExtension>
            <ns3:hr>79</ns3:hr>
            <ns3:cad>53</ns3:cad>
          </ns3:TrackPointExtension>
        </extensions>
      </trkpt>
      <trkpt lat="37.52301271073520183563232421875" lon="127.09866779856383800506591796875">
        <ele>14.80000019073486328125</ele>
        <time>2026-05-24T01:09:38.000Z</time>
        <extensions>
          <ns3:TrackPointExtension>
            <ns3:hr>80</ns3:hr>
            <ns3:cad>54</ns3:cad>
          </ns3:TrackPointExtension>
        </extensions>
      </trkpt>
      <trkpt lat="37.5230283848941326141357421875" lon="127.09868439473211765289306640625">
        <ele>14.80000019073486328125</ele>
        <time>2026-05-24T01:09:39.000Z</time>
        <extensions>
          <ns3:TrackPointExtension>
            <ns3:hr>80</ns3:hr>
            <ns3:cad>54</ns3:cad>
          </ns3:TrackPointExtension>
        </extensions>
      </trkpt>
      <trkpt lat="37.52304825000464916229248046875" lon="127.098697386682033538818359375">
        <ele>14.80000019073486328125</ele>
        <time>2026-05-24T01:09:40.000Z</time>
        <extensions>
          <ns3:TrackPointExtension>
            <ns3:hr>81</ns3:hr>
            <ns3:cad>54</ns3:cad>
          </ns3:TrackPointExtension>
        </extensions>
      </trkpt>
      <trkpt lat="37.52306903712451457977294921875" lon="127.098712809383869171142578125">
        <ele>15</ele>
        <time>2026-05-24T01:09:41.000Z</time>
        <extensions>
          <ns3:TrackPointExtension>
            <ns3:hr>82</ns3:hr>
            <ns3:cad>54</ns3:cad>
          </ns3:TrackPointExtension>
        </extensions>
      </trkpt>
      <trkpt lat="37.52309166826307773590087890625" lon="127.09873066283762454986572265625">
        <ele>15</ele>
        <time>2026-05-24T01:09:42.000Z</time>
        <extensions>
          <ns3:TrackPointExtension>
            <ns3:hr>82</ns3:hr>
            <ns3:cad>79</ns3:cad>
          </ns3:TrackPointExtension>
        </extensions>
      </trkpt>
      <trkpt lat="37.523112036287784576416015625" lon="127.09874105639755725860595703125">
        <ele>14.80000019073486328125</ele>
        <time>2026-05-24T01:09:43.000Z</time>
        <extensions>
          <ns3:TrackPointExtension>
            <ns3:hr>84</ns3:hr>
            <ns3:cad>81</ns3:cad>
          </ns3:TrackPointExtension>
        </extensions>
      </trkpt>
      <trkpt lat="37.52314112149178981781005859375" lon="127.09876670502126216888427734375">
        <ele>14.80000019073486328125</ele>
        <time>2026-05-24T01:09:44.000Z</time>
        <extensions>
          <ns3:TrackPointExtension>
            <ns3:hr>85</ns3:hr>
            <ns3:cad>82</ns3:cad>
          </ns3:TrackPointExtension>
        </extensions>
      </trkpt>
      <trkpt lat="37.5231584720313549041748046875" lon="127.09877709858119487762451171875">
        <ele>14.80000019073486328125</ele>
        <time>2026-05-24T01:09:45.000Z</time>
        <extensions>
          <ns3:TrackPointExtension>
            <ns3:hr>87</ns3:hr>
            <ns3:cad>82</ns3:cad>
          </ns3:TrackPointExtension>
        </extensions>
      </trkpt>
      <trkpt lat="37.5231809355318546295166015625" lon="127.098804004490375518798828125">
        <ele>14.3999996185302734375</ele>
        <time>2026-05-24T01:09:46.000Z</time>
        <extensions>
          <ns3:TrackPointExtension>
            <ns3:hr>89</ns3:hr>
            <ns3:cad>82</ns3:cad>
          </ns3:TrackPointExtension>
        </extensions>
      </trkpt>
      <trkpt lat="37.52319778315722942352294921875" lon="127.09882856346666812896728515625">
        <ele>14.3999996185302734375</ele>
        <time>2026-05-24T01:09:47.000Z</time>
        <extensions>
          <ns3:TrackPointExtension>
            <ns3:hr>90</ns3:hr>
            <ns3:cad>82</ns3:cad>
          </ns3:TrackPointExtension>
        </extensions>
      </trkpt>
      <trkpt lat="37.5232111103832721710205078125" lon="127.09885152988135814666748046875">
        <ele>14.3999996185302734375</ele>
        <time>2026-05-24T01:09:48.000Z</time>
        <extensions>
          <ns3:TrackPointExtension>
            <ns3:hr>90</ns3:hr>
            <ns3:cad>83</ns3:cad>
          </ns3:TrackPointExtension>
        </extensions>
      </trkpt>
      <trkpt lat="37.5232248567044734954833984375" lon="127.098885476589202880859375">
        <ele>14.3999996185302734375</ele>
        <time>2026-05-24T01:09:49.000Z</time>
        <extensions>
          <ns3:TrackPointExtension>
            <ns3:hr>91</ns3:hr>
            <ns3:cad>83</ns3:cad>
          </ns3:TrackPointExtension>
        </extensions>
      </trkpt>
      <trkpt lat="37.523237764835357666015625" lon="127.09890626370906829833984375">
        <ele>14.19999980926513671875</ele>
        <time>2026-05-24T01:09:50.000Z</time>
        <extensions>
          <ns3:TrackPointExtension>
            <ns3:hr>92</ns3:hr>
            <ns3:cad>83</ns3:cad>
          </ns3:TrackPointExtension>
        </extensions>
      </trkpt>
      <trkpt lat="37.5232489965856075286865234375" lon="127.0989493466913700103759765625">
        <ele>14.19999980926513671875</ele>
        <time>2026-05-24T01:09:51.000Z</time>
        <extensions>
          <ns3:TrackPointExtension>
            <ns3:hr>93</ns3:hr>
            <ns3:cad>84</ns3:cad>
          </ns3:TrackPointExtension>
        </extensions>
      </trkpt>
      <trkpt lat="37.5232567079365253448486328125" lon="127.09897600114345550537109375">
        <ele>14.19999980926513671875</ele>
        <time>2026-05-24T01:09:52.000Z</time>
        <extensions>
          <ns3:TrackPointExtension>
            <ns3:hr>93</ns3:hr>
            <ns3:cad>85</ns3:cad>
          </ns3:TrackPointExtension>
        </extensions>
      </trkpt>
      <trkpt lat="37.52326483838260173797607421875" lon="127.09900944493710994720458984375">
        <ele>14</ele>
        <time>2026-05-24T01:09:53.000Z</time>
        <extensions>
          <ns3:TrackPointExtension>
            <ns3:hr>94</ns3:hr>
            <ns3:cad>85</ns3:cad>
          </ns3:TrackPointExtension>
        </extensions>
      </trkpt>
      <trkpt lat="37.52327439375221729278564453125" lon="127.09904682822525501251220703125">
        <ele>14</ele>
        <time>2026-05-24T01:09:54.000Z</time>
        <extensions>
          <ns3:TrackPointExtension>
            <ns3:hr>94</ns3:hr>
            <ns3:cad>85</ns3:cad>
          </ns3:TrackPointExtension>
        </extensions>
      </trkpt>
      <trkpt lat="37.52327732741832733154296875" lon="127.0990754105150699615478515625">
        <ele>13.80000019073486328125</ele>
        <time>2026-05-24T01:09:55.000Z</time>
        <extensions>
          <ns3:TrackPointExtension>
            <ns3:hr>95</ns3:hr>
            <ns3:cad>85</ns3:cad>
          </ns3:TrackPointExtension>
        </extensions>
      </trkpt>
      <trkpt lat="37.5232825241982936859130859375" lon="127.09911874495446681976318359375">
        <ele>13.80000019073486328125</ele>
        <time>2026-05-24T01:09:56.000Z</time>
        <extensions>
          <ns3:TrackPointExtension>
            <ns3:hr>96</ns3:hr>
            <ns3:cad>85</ns3:cad>
          </ns3:TrackPointExtension>
        </extensions>
      </trkpt>
      <trkpt lat="37.523291073739528656005859375" lon="127.0991407893598079681396484375">
        <ele>13.80000019073486328125</ele>
        <time>2026-05-24T01:09:57.000Z</time>
        <extensions>
          <ns3:TrackPointExtension>
            <ns3:hr>96</ns3:hr>
            <ns3:cad>85</ns3:cad>
          </ns3:TrackPointExtension>
        </extensions>
      </trkpt>
      <trkpt lat="37.5232994556427001953125" lon="127.09918127395212650299072265625">
        <ele>13.80000019073486328125</ele>
        <time>2026-05-24T01:09:58.000Z</time>
        <extensions>
          <ns3:TrackPointExtension>
            <ns3:hr>97</ns3:hr>
            <ns3:cad>85</ns3:cad>
          </ns3:TrackPointExtension>
        </extensions>
      </trkpt>
      <trkpt lat="37.52330557443201541900634765625" lon="127.0992100238800048828125">
        <ele>14</ele>
        <time>2026-05-24T01:09:59.000Z</time>
        <extensions>
          <ns3:TrackPointExtension>
            <ns3:hr>98</ns3:hr>
            <ns3:cad>85</ns3:cad>
          </ns3:TrackPointExtension>
        </extensions>
      </trkpt>
      <trkpt lat="37.52331211231648921966552734375" lon="127.099237851798534393310546875">
        <ele>14</ele>
        <time>2026-05-24T01:10:00.000Z</time>
        <extensions>
          <ns3:TrackPointExtension>
            <ns3:hr>98</ns3:hr>
            <ns3:cad>85</ns3:cad>
          </ns3:TrackPointExtension>
        </extensions>
      </trkpt>
      <trkpt lat="37.52332652918994426727294921875" lon="127.0992715470492839813232421875">
        <ele>14</ele>
        <time>2026-05-24T01:10:01.000Z</time>
        <extensions>
          <ns3:TrackPointExtension>
            <ns3:hr>99</ns3:hr>
            <ns3:cad>85</ns3:cad>
          </ns3:TrackPointExtension>
        </extensions>
      </trkpt>
      <trkpt lat="37.52333692274987697601318359375" lon="127.09928789176046848297119140625">
        <ele>14</ele>
        <time>2026-05-24T01:10:02.000Z</time>
        <extensions>
          <ns3:TrackPointExtension>
            <ns3:hr>99</ns3:hr>
            <ns3:cad>85</ns3:cad>
          </ns3:TrackPointExtension>
        </extensions>
      </trkpt>
      <trkpt lat="37.5233532674610614776611328125" lon="127.099319659173488616943359375">
        <ele>14</ele>
        <time>2026-05-24T01:10:03.000Z</time>
        <extensions>
          <ns3:TrackPointExtension>
            <ns3:hr>100</ns3:hr>
            <ns3:cad>84</ns3:cad>
          </ns3:TrackPointExtension>
        </extensions>
      </trkpt>
      <trkpt lat="37.52336558885872364044189453125" lon="127.09934002719819545745849609375">
        <ele>14</ele>
        <time>2026-05-24T01:10:04.000Z</time>
        <extensions>
          <ns3:TrackPointExtension>
            <ns3:hr>101</ns3:hr>
            <ns3:cad>84</ns3:cad>
          </ns3:TrackPointExtension>
        </extensions>
      </trkpt>
      <trkpt lat="37.5233780778944492340087890625" lon="127.09936735220253467559814453125">
        <ele>14</ele>
        <time>2026-05-24T01:10:05.000Z</time>
        <extensions>
          <ns3:TrackPointExtension>
            <ns3:hr>101</ns3:hr>
            <ns3:cad>84</ns3:cad>
          </ns3:TrackPointExtension>
        </extensions>
      </trkpt>
      <trkpt lat="37.52339140512049198150634765625" lon="127.09940406493842601776123046875">
        <ele>14</ele>
        <time>2026-05-24T01:10:06.000Z</time>
        <extensions>
          <ns3:TrackPointExtension>
            <ns3:hr>102</ns3:hr>
            <ns3:cad>84</ns3:cad>
          </ns3:TrackPointExtension>
        </extensions>
      </trkpt>
      <trkpt lat="37.52340230159461498260498046875" lon="127.09942250512540340423583984375">
        <ele>13.80000019073486328125</ele>
        <time>2026-05-24T01:10:07.000Z</time>
        <extensions>
          <ns3:TrackPointExtension>
            <ns3:hr>103</ns3:hr>
            <ns3:cad>84</ns3:cad>
          </ns3:TrackPointExtension>
        </extensions>
      </trkpt>
      <trkpt lat="37.523414790630340576171875" lon="127.09946089424192905426025390625">
        <ele>13.80000019073486328125</ele>
        <time>2026-05-24T01:10:08.000Z</time>
        <extensions>
          <ns3:TrackPointExtension>
            <ns3:hr>103</ns3:hr>
            <ns3:cad>84</ns3:cad>
          </ns3:TrackPointExtension>
        </extensions>
      </trkpt>
      <trkpt lat="37.523425854742527008056640625" lon="127.09948603995144367218017578125">
        <ele>13.80000019073486328125</ele>
        <time>2026-05-24T01:10:09.000Z</time>
        <extensions>
          <ns3:TrackPointExtension>
            <ns3:hr>103</ns3:hr>
            <ns3:cad>84</ns3:cad>
          </ns3:TrackPointExtension>
        </extensions>
      </trkpt>
      <trkpt lat="37.52343784086406230926513671875" lon="127.0995171368122100830078125">
        <ele>13.6000003814697265625</ele>
        <time>2026-05-24T01:10:10.000Z</time>
        <extensions>
          <ns3:TrackPointExtension>
            <ns3:hr>103</ns3:hr>
            <ns3:cad>84</ns3:cad>
          </ns3:TrackPointExtension>
        </extensions>
      </trkpt>
      <trkpt lat="37.52344991080462932586669921875" lon="127.099550999701023101806640625">
        <ele>13.6000003814697265625</ele>
        <time>2026-05-24T01:10:11.000Z</time>
        <extensions>
          <ns3:TrackPointExtension>
            <ns3:hr>104</ns3:hr>
            <ns3:cad>84</ns3:cad>
          </ns3:TrackPointExtension>
        </extensions>
      </trkpt>
      <trkpt lat="37.5234598852694034576416015625" lon="127.099570445716381072998046875">
        <ele>13.6000003814697265625</ele>
        <time>2026-05-24T01:10:12.000Z</time>
        <extensions>
          <ns3:TrackPointExtension>
            <ns3:hr>105</ns3:hr>
            <ns3:cad>84</ns3:cad>
          </ns3:TrackPointExtension>
        </extensions>
      </trkpt>
      <trkpt lat="37.5234706141054630279541015625" lon="127.09960757754743099212646484375">
        <ele>13.6000003814697265625</ele>
        <time>2026-05-24T01:10:13.000Z</time>
        <extensions>
          <ns3:TrackPointExtension>
            <ns3:hr>105</ns3:hr>
            <ns3:cad>84</ns3:cad>
          </ns3:TrackPointExtension>
        </extensions>
      </trkpt>
      <trkpt lat="37.523480169475078582763671875" lon="127.09963046014308929443359375">
        <ele>13.6000003814697265625</ele>
        <time>2026-05-24T01:10:14.000Z</time>
        <extensions>
          <ns3:TrackPointExtension>
            <ns3:hr>105</ns3:hr>
            <ns3:cad>84</ns3:cad>
          </ns3:TrackPointExtension>
        </extensions>
      </trkpt>
      <trkpt lat="37.5234880484640598297119140625" lon="127.09966574795544147491455078125">
        <ele>13.6000003814697265625</ele>
        <time>2026-05-24T01:10:15.000Z</time>
        <extensions>
          <ns3:TrackPointExtension>
            <ns3:hr>106</ns3:hr>
            <ns3:cad>85</ns3:cad>
          </ns3:TrackPointExtension>
        </extensions>
      </trkpt>
      <trkpt lat="37.52349483780562877655029296875" lon="127.0996956713497638702392578125">
        <ele>13.6000003814697265625</ele>
        <time>2026-05-24T01:10:16.000Z</time>
        <extensions>
          <ns3:TrackPointExtension>
            <ns3:hr>106</ns3:hr>
            <ns3:cad>85</ns3:cad>
          </ns3:TrackPointExtension>
        </extensions>
      </trkpt>
      <trkpt lat="37.523497603833675384521484375" lon="127.09972559474408626556396484375">
        <ele>13.6000003814697265625</ele>
        <time>2026-05-24T01:10:17.000Z</time>
        <extensions>
          <ns3:TrackPointExtension>
            <ns3:hr>107</ns3:hr>
            <ns3:cad>85</ns3:cad>
          </ns3:TrackPointExtension>
        </extensions>
      </trkpt>
      <trkpt lat="37.52349869348108768463134765625" lon="127.09976180456578731536865234375">
        <ele>13.80000019073486328125</ele>
        <time>2026-05-24T01:10:18.000Z</time>
        <extensions>
          <ns3:TrackPointExtension>
            <ns3:hr>107</ns3:hr>
            <ns3:cad>85</ns3:cad>
          </ns3:TrackPointExtension>
        </extensions>
      </trkpt>
      <trkpt lat="37.52350523136556148529052734375" lon="127.0997815020382404327392578125">
        <ele>13.80000019073486328125</ele>
        <time>2026-05-24T01:10:19.000Z</time>
        <extensions>
          <ns3:TrackPointExtension>
            <ns3:hr>107</ns3:hr>
            <ns3:cad>85</ns3:cad>
          </ns3:TrackPointExtension>
        </extensions>
      </trkpt>
      <trkpt lat="37.5235051475465297698974609375" lon="127.09982031024992465972900390625">
        <ele>13.6000003814697265625</ele>
        <time>2026-05-24T01:10:20.000Z</time>
        <extensions>
          <ns3:TrackPointExtension>
            <ns3:hr>108</ns3:hr>
            <ns3:cad>85</ns3:cad>
          </ns3:TrackPointExtension>
        </extensions>
      </trkpt>
      <trkpt lat="37.52350875176489353179931640625" lon="127.09984637796878814697265625">
        <ele>13.6000003814697265625</ele>
        <time>2026-05-24T01:10:21.000Z</time>
        <extensions>
          <ns3:TrackPointExtension>
            <ns3:hr>107</ns3:hr>
            <ns3:cad>85</ns3:cad>
          </ns3:TrackPointExtension>
        </extensions>
      </trkpt>
      <trkpt lat="37.52350866794586181640625" lon="127.099878229200839996337890625">
        <ele>13.6000003814697265625</ele>
        <time>2026-05-24T01:10:22.000Z</time>
        <extensions>
          <ns3:TrackPointExtension>
            <ns3:hr>108</ns3:hr>
            <ns3:cad>85</ns3:cad>
          </ns3:TrackPointExtension>
        </extensions>
      </trkpt>
      <trkpt lat="37.52350590191781520843505859375" lon="127.0999152772128582000732421875">
        <ele>13.6000003814697265625</ele>
        <time>2026-05-24T01:10:23.000Z</time>
        <extensions>
          <ns3:TrackPointExtension>
            <ns3:hr>108</ns3:hr>
            <ns3:cad>85</ns3:cad>
          </ns3:TrackPointExtension>
        </extensions>
      </trkpt>
      <trkpt lat="37.52350958995521068572998046875" lon="127.0999360643327236175537109375">
        <ele>13.80000019073486328125</ele>
        <time>2026-05-24T01:10:24.000Z</time>
        <extensions>
          <ns3:TrackPointExtension>
            <ns3:hr>108</ns3:hr>
            <ns3:cad>85</ns3:cad>
          </ns3:TrackPointExtension>
        </extensions>
      </trkpt>
      <trkpt lat="37.52350808121263980865478515625" lon="127.09996397607028484344482421875">
        <ele>13.80000019073486328125</ele>
        <time>2026-05-24T01:10:25.000Z</time>
        <extensions>
          <ns3:TrackPointExtension>
            <ns3:hr>109</ns3:hr>
            <ns3:cad>85</ns3:cad>
          </ns3:TrackPointExtension>
        </extensions>
      </trkpt>
      <trkpt lat="37.523505650460720062255859375" lon="127.0999900437891483306884765625">
        <ele>14</ele>
        <time>2026-05-24T01:10:26.000Z</time>
        <extensions>
          <ns3:TrackPointExtension>
            <ns3:hr>109</ns3:hr>
            <ns3:cad>84</ns3:cad>
          </ns3:TrackPointExtension>
        </extensions>
      </trkpt>
      <trkpt lat="37.52350154332816600799560546875" lon="127.10002181120216846466064453125">
        <ele>14</ele>
        <time>2026-05-24T01:10:27.000Z</time>
        <extensions>
          <ns3:TrackPointExtension>
            <ns3:hr>109</ns3:hr>
            <ns3:cad>84</ns3:cad>
          </ns3:TrackPointExtension>
        </extensions>
      </trkpt>
      <trkpt lat="37.52349383197724819183349609375" lon="127.10005366243422031402587890625">
        <ele>14.19999980926513671875</ele>
        <time>2026-05-24T01:10:28.000Z</time>
        <extensions>
          <ns3:TrackPointExtension>
            <ns3:hr>110</ns3:hr>
            <ns3:cad>84</ns3:cad>
          </ns3:TrackPointExtension>
        </extensions>
      </trkpt>
      <trkpt lat="37.52349617891013622283935546875" lon="127.10007679648697376251220703125">
        <ele>14.3999996185302734375</ele>
        <time>2026-05-24T01:10:29.000Z</time>
        <extensions>
          <ns3:TrackPointExtension>
            <ns3:hr>110</ns3:hr>
            <ns3:cad>83</ns3:cad>
          </ns3:TrackPointExtension>
        </extensions>
      </trkpt>
      <trkpt lat="37.52349802292883396148681640625" lon="127.100113593041896820068359375">
        <ele>14.6000003814697265625</ele>
        <time>2026-05-24T01:10:30.000Z</time>
        <extensions>
          <ns3:TrackPointExtension>
            <ns3:hr>110</ns3:hr>
            <ns3:cad>83</ns3:cad>
          </ns3:TrackPointExtension>
        </extensions>
      </trkpt>
      <trkpt lat="37.52350020222365856170654296875" lon="127.10013915784657001495361328125">
        <ele>14.80000019073486328125</ele>
        <time>2026-05-24T01:10:31.000Z</time>
        <extensions>
          <ns3:TrackPointExtension>
            <ns3:hr>110</ns3:hr>
            <ns3:cad>83</ns3:cad>
          </ns3:TrackPointExtension>
        </extensions>
      </trkpt>
      <trkpt lat="37.523497603833675384521484375" lon="127.1001771278679370880126953125">
        <ele>15</ele>
        <time>2026-05-24T01:10:32.000Z</time>
        <extensions>
          <ns3:TrackPointExtension>
            <ns3:hr>111</ns3:hr>
            <ns3:cad>83</ns3:cad>
          </ns3:TrackPointExtension>
        </extensions>
      </trkpt>
      <trkpt lat="37.52349567599594593048095703125" lon="127.10021174512803554534912109375">
        <ele>15</ele>
        <time>2026-05-24T01:10:33.000Z</time>
        <extensions>
          <ns3:TrackPointExtension>
            <ns3:hr>111</ns3:hr>
            <ns3:cad>85</ns3:cad>
          </ns3:TrackPointExtension>
        </extensions>
      </trkpt>
      <trkpt lat="37.5234974361956119537353515625" lon="127.10024074651300907135009765625">
        <ele>15.19999980926513671875</ele>
        <time>2026-05-24T01:10:34.000Z</time>
        <extensions>
          <ns3:TrackPointExtension>
            <ns3:hr>111</ns3:hr>
            <ns3:cad>85</ns3:cad>
          </ns3:TrackPointExtension>
        </extensions>
      </trkpt>
      <trkpt lat="37.52349567599594593048095703125" lon="127.10027729161083698272705078125">
        <ele>15.19999980926513671875</ele>
        <time>2026-05-24T01:10:35.000Z</time>
        <extensions>
          <ns3:TrackPointExtension>
            <ns3:hr>111</ns3:hr>
            <ns3:cad>84</ns3:cad>
          </ns3:TrackPointExtension>
        </extensions>
      </trkpt>
      <trkpt lat="37.52350389026105403900146484375" lon="127.100305370986461639404296875">
        <ele>15.3999996185302734375</ele>
        <time>2026-05-24T01:10:36.000Z</time>
        <extensions>
          <ns3:TrackPointExtension>
            <ns3:hr>112</ns3:hr>
            <ns3:cad>83</ns3:cad>
          </ns3:TrackPointExtension>
        </extensions>
      </trkpt>
      <trkpt lat="37.5235046446323394775390625" lon="127.10034082643687725067138671875">
        <ele>15.3999996185302734375</ele>
        <time>2026-05-24T01:10:37.000Z</time>
        <extensions>
          <ns3:TrackPointExtension>
            <ns3:hr>112</ns3:hr>
            <ns3:cad>83</ns3:cad>
          </ns3:TrackPointExtension>
        </extensions>
      </trkpt>
      <trkpt lat="37.52350724302232265472412109375" lon="127.10037477314472198486328125">
        <ele>15.6000003814697265625</ele>
        <time>2026-05-24T01:10:38.000Z</time>
        <extensions>
          <ns3:TrackPointExtension>
            <ns3:hr>112</ns3:hr>
            <ns3:cad>83</ns3:cad>
          </ns3:TrackPointExtension>
        </extensions>
      </trkpt>
      <trkpt lat="37.52351797185838222503662109375" lon="127.1004007570445537567138671875">
        <ele>15.6000003814697265625</ele>
        <time>2026-05-24T01:10:39.000Z</time>
        <extensions>
          <ns3:TrackPointExtension>
            <ns3:hr>113</ns3:hr>
            <ns3:cad>83</ns3:cad>
          </ns3:TrackPointExtension>
        </extensions>
      </trkpt>
      <trkpt lat="37.52352702431380748748779296875" lon="127.1004416607320308685302734375">
        <ele>15.6000003814697265625</ele>
        <time>2026-05-24T01:10:40.000Z</time>
        <extensions>
          <ns3:TrackPointExtension>
            <ns3:hr>113</ns3:hr>
            <ns3:cad>84</ns3:cad>
          </ns3:TrackPointExtension>
        </extensions>
      </trkpt>
      <trkpt lat="37.5235339812934398651123046875" lon="127.10046320222318172454833984375">
        <ele>15.80000019073486328125</ele>
        <time>2026-05-24T01:10:41.000Z</time>
        <extensions>
          <ns3:TrackPointExtension>
            <ns3:hr>113</ns3:hr>
            <ns3:cad>84</ns3:cad>
          </ns3:TrackPointExtension>
        </extensions>
      </trkpt>
      <trkpt lat="37.52353750169277191162109375" lon="127.10050284862518310546875">
        <ele>16</ele>
        <time>2026-05-24T01:10:42.000Z</time>
        <extensions>
          <ns3:TrackPointExtension>
            <ns3:hr>113</ns3:hr>
            <ns3:cad>84</ns3:cad>
          </ns3:TrackPointExtension>
        </extensions>
      </trkpt>
      <trkpt lat="37.5235276110470294952392578125" lon="127.1005355380475521087646484375">
        <ele>16.200000762939453125</ele>
        <time>2026-05-24T01:10:43.000Z</time>
        <extensions>
          <ns3:TrackPointExtension>
            <ns3:hr>114</ns3:hr>
            <ns3:cad>84</ns3:cad>
          </ns3:TrackPointExtension>
        </extensions>
      </trkpt>
      <trkpt lat="37.5235235877335071563720703125" lon="127.10056059993803501129150390625">
        <ele>16.3999996185302734375</ele>
        <time>2026-05-24T01:10:44.000Z</time>
        <extensions>
          <ns3:TrackPointExtension>
            <ns3:hr>115</ns3:hr>
            <ns3:cad>84</ns3:cad>
          </ns3:TrackPointExtension>
        </extensions>
      </trkpt>
      <trkpt lat="37.523512355983257293701171875" lon="127.10059228353202342987060546875">
        <ele>16.799999237060546875</ele>
        <time>2026-05-24T01:10:45.000Z</time>
        <extensions>
          <ns3:TrackPointExtension>
            <ns3:hr>115</ns3:hr>
            <ns3:cad>84</ns3:cad>
          </ns3:TrackPointExtension>
        </extensions>
      </trkpt>
      <trkpt lat="37.52351109869778156280517578125" lon="127.10061206482350826263427734375">
        <ele>17</ele>
        <time>2026-05-24T01:10:46.000Z</time>
        <extensions>
          <ns3:TrackPointExtension>
            <ns3:hr>116</ns3:hr>
            <ns3:cad>84</ns3:cad>
          </ns3:TrackPointExtension>
        </extensions>
      </trkpt>
      <trkpt lat="37.523495256900787353515625" lon="127.10064676590263843536376953125">
        <ele>17.200000762939453125</ele>
        <time>2026-05-24T01:10:47.000Z</time>
        <extensions>
          <ns3:TrackPointExtension>
            <ns3:hr>117</ns3:hr>
            <ns3:cad>84</ns3:cad>
          </ns3:TrackPointExtension>
        </extensions>
      </trkpt>
      <trkpt lat="37.52348427660763263702392578125" lon="127.10067576728761196136474609375">
        <ele>17.6000003814697265625</ele>
        <time>2026-05-24T01:10:48.000Z</time>
        <extensions>
          <ns3:TrackPointExtension>
            <ns3:hr>117</ns3:hr>
            <ns3:cad>84</ns3:cad>
          </ns3:TrackPointExtension>
        </extensions>
      </trkpt>
      <trkpt lat="37.52347405068576335906982421875" lon="127.10070325993001461029052734375">
        <ele>17.799999237060546875</ele>
        <time>2026-05-24T01:10:49.000Z</time>
        <extensions>
          <ns3:TrackPointExtension>
            <ns3:hr>118</ns3:hr>
            <ns3:cad>84</ns3:cad>
          </ns3:TrackPointExtension>
        </extensions>
      </trkpt>
      <trkpt lat="37.523458711802959442138671875" lon="127.1007373742759227752685546875">
        <ele>18</ele>
        <time>2026-05-24T01:10:50.000Z</time>
        <extensions>
          <ns3:TrackPointExtension>
            <ns3:hr>119</ns3:hr>
            <ns3:cad>84</ns3:cad>
          </ns3:TrackPointExtension>
        </extensions>
      </trkpt>
      <trkpt lat="37.52345577813684940338134765625" lon="127.1007616817951202392578125">
        <ele>18.200000762939453125</ele>
        <time>2026-05-24T01:10:51.000Z</time>
        <extensions>
          <ns3:TrackPointExtension>
            <ns3:hr>120</ns3:hr>
            <ns3:cad>84</ns3:cad>
          </ns3:TrackPointExtension>
        </extensions>
      </trkpt>
      <trkpt lat="37.5234491564333438873291015625" lon="127.100793533027172088623046875">
        <ele>18.3999996185302734375</ele>
        <time>2026-05-24T01:10:52.000Z</time>
        <extensions>
          <ns3:TrackPointExtension>
            <ns3:hr>120</ns3:hr>
            <ns3:cad>84</ns3:cad>
          </ns3:TrackPointExtension>
        </extensions>
      </trkpt>
      <trkpt lat="37.523441277444362640380859375" lon="127.1008260548114776611328125">
        <ele>18.6000003814697265625</ele>
        <time>2026-05-24T01:10:53.000Z</time>
        <extensions>
          <ns3:TrackPointExtension>
            <ns3:hr>121</ns3:hr>
            <ns3:cad>84</ns3:cad>
          </ns3:TrackPointExtension>
        </extensions>
      </trkpt>
      <trkpt lat="37.5234474800527095794677734375" lon="127.10084944032132625579833984375">
        <ele>18.6000003814697265625</ele>
        <time>2026-05-24T01:10:54.000Z</time>
        <extensions>
          <ns3:TrackPointExtension>
            <ns3:hr>122</ns3:hr>
            <ns3:cad>82</ns3:cad>
          </ns3:TrackPointExtension>
        </extensions>
      </trkpt>
      <trkpt lat="37.52345946617424488067626953125" lon="127.10088782943785190582275390625">
        <ele>18.6000003814697265625</ele>
        <time>2026-05-24T01:10:55.000Z</time>
        <extensions>
          <ns3:TrackPointExtension>
            <ns3:hr>123</ns3:hr>
            <ns3:cad>82</ns3:cad>
          </ns3:TrackPointExtension>
        </extensions>
      </trkpt>
      <trkpt lat="37.5234689377248287200927734375" lon="127.10091129876673221588134765625">
        <ele>18.6000003814697265625</ele>
        <time>2026-05-24T01:10:56.000Z</time>
        <extensions>
          <ns3:TrackPointExtension>
            <ns3:hr>124</ns3:hr>
            <ns3:cad>82</ns3:cad>
          </ns3:TrackPointExtension>
        </extensions>
      </trkpt>
      <trkpt lat="37.52346902154386043548583984375" lon="127.10094340145587921142578125">
        <ele>18.6000003814697265625</ele>
        <time>2026-05-24T01:10:57.000Z</time>
        <extensions>
          <ns3:TrackPointExtension>
            <ns3:hr>125</ns3:hr>
            <ns3:cad>82</ns3:cad>
          </ns3:TrackPointExtension>
        </extensions>
      </trkpt>
      <trkpt lat="37.52346600405871868133544921875" lon="127.1009750850498676300048828125">
        <ele>18.6000003814697265625</ele>
        <time>2026-05-24T01:10:58.000Z</time>
        <extensions>
          <ns3:TrackPointExtension>
            <ns3:hr>125</ns3:hr>
            <ns3:cad>82</ns3:cad>
          </ns3:TrackPointExtension>
        </extensions>
      </trkpt>
      <trkpt lat="37.5234670937061309814453125" lon="127.10099914111196994781494140625">
        <ele>18.3999996185302734375</ele>
        <time>2026-05-24T01:10:59.000Z</time>
        <extensions>
          <ns3:TrackPointExtension>
            <ns3:hr>126</ns3:hr>
            <ns3:cad>83</ns3:cad>
          </ns3:TrackPointExtension>
        </extensions>
      </trkpt>
      <trkpt lat="37.52346910536289215087890625" lon="127.10104356519877910614013671875">
        <ele>18.3999996185302734375</ele>
        <time>2026-05-24T01:11:00.000Z</time>
        <extensions>
          <ns3:TrackPointExtension>
            <ns3:hr>127</ns3:hr>
            <ns3:cad>83</ns3:cad>
          </ns3:TrackPointExtension>
        </extensions>
      </trkpt>
      <trkpt lat="37.5234759785234928131103515625" lon="127.10106854327023029327392578125">
        <ele>18.200000762939453125</ele>
        <time>2026-05-24T01:11:01.000Z</time>
        <extensions>
          <ns3:TrackPointExtension>
            <ns3:hr>127</ns3:hr>
            <ns3:cad>84</ns3:cad>
          </ns3:TrackPointExtension>
        </extensions>
      </trkpt>
      <trkpt lat="37.5234813429415225982666015625" lon="127.10110140033066272735595703125">
        <ele>18.200000762939453125</ele>
        <time>2026-05-24T01:11:02.000Z</time>
        <extensions>
          <ns3:TrackPointExtension>
            <ns3:hr>127</ns3:hr>
            <ns3:cad>84</ns3:cad>
          </ns3:TrackPointExtension>
        </extensions>
      </trkpt>
      <trkpt lat="37.52347891218960285186767578125" lon="127.1011386997997760772705078125">
        <ele>18</ele>
        <time>2026-05-24T01:11:03.000Z</time>
        <extensions>
          <ns3:TrackPointExtension>
            <ns3:hr>128</ns3:hr>
            <ns3:cad>84</ns3:cad>
          </ns3:TrackPointExtension>
        </extensions>
      </trkpt>
      <trkpt lat="37.52348377369344234466552734375" lon="127.10115990601480007171630859375">
        <ele>17.799999237060546875</ele>
        <time>2026-05-24T01:11:04.000Z</time>
        <extensions>
          <ns3:TrackPointExtension>
            <ns3:hr>128</ns3:hr>
            <ns3:cad>84</ns3:cad>
          </ns3:TrackPointExtension>
        </extensions>
      </trkpt>
      <trkpt lat="37.52349550835788249969482421875" lon="127.10119645111262798309326171875">
        <ele>17.799999237060546875</ele>
        <time>2026-05-24T01:11:05.000Z</time>
        <extensions>
          <ns3:TrackPointExtension>
            <ns3:hr>128</ns3:hr>
            <ns3:cad>84</ns3:cad>
          </ns3:TrackPointExtension>
        </extensions>
      </trkpt>
      <trkpt lat="37.52351193688809871673583984375" lon="127.10121028125286102294921875">
        <ele>17.799999237060546875</ele>
        <time>2026-05-24T01:11:06.000Z</time>
        <extensions>
          <ns3:TrackPointExtension>
            <ns3:hr>128</ns3:hr>
            <ns3:cad>84</ns3:cad>
          </ns3:TrackPointExtension>
        </extensions>
      </trkpt>
      <trkpt lat="37.52352970652282238006591796875" lon="127.101236097514629364013671875">
        <ele>17.799999237060546875</ele>
        <time>2026-05-24T01:11:07.000Z</time>
        <extensions>
          <ns3:TrackPointExtension>
            <ns3:hr>128</ns3:hr>
            <ns3:cad>84</ns3:cad>
          </ns3:TrackPointExtension>
        </extensions>
      </trkpt>
      <trkpt lat="37.52353775314986705780029296875" lon="127.1012647636234760284423828125">
        <ele>17.799999237060546875</ele>
        <time>2026-05-24T01:11:08.000Z</time>
        <extensions>
          <ns3:TrackPointExtension>
            <ns3:hr>128</ns3:hr>
            <ns3:cad>84</ns3:cad>
          </ns3:TrackPointExtension>
        </extensions>
      </trkpt>
      <trkpt lat="37.5235520862042903900146484375" lon="127.10128546692430973052978515625">
        <ele>17.799999237060546875</ele>
        <time>2026-05-24T01:11:09.000Z</time>
        <extensions>
          <ns3:TrackPointExtension>
            <ns3:hr>128</ns3:hr>
            <ns3:cad>84</ns3:cad>
          </ns3:TrackPointExtension>
        </extensions>
      </trkpt>
      <trkpt lat="37.5235654972493648529052734375" lon="127.1013190783560276031494140625">
        <ele>17.799999237060546875</ele>
        <time>2026-05-24T01:11:10.000Z</time>
        <extensions>
          <ns3:TrackPointExtension>
            <ns3:hr>127</ns3:hr>
            <ns3:cad>84</ns3:cad>
          </ns3:TrackPointExtension>
        </extensions>
      </trkpt>
      <trkpt lat="37.52358184196054935455322265625" lon="127.10133257322013378143310546875">
        <ele>17.6000003814697265625</ele>
        <time>2026-05-24T01:11:11.000Z</time>
        <extensions>
          <ns3:TrackPointExtension>
            <ns3:hr>127</ns3:hr>
            <ns3:cad>84</ns3:cad>
          </ns3:TrackPointExtension>
        </extensions>
      </trkpt>
      <trkpt lat="37.52360246144235134124755859375" lon="127.10136760957539081573486328125">
        <ele>17.799999237060546875</ele>
        <time>2026-05-24T01:11:12.000Z</time>
        <extensions>
          <ns3:TrackPointExtension>
            <ns3:hr>127</ns3:hr>
            <ns3:cad>84</ns3:cad>
          </ns3:TrackPointExtension>
        </extensions>
      </trkpt>
      <trkpt lat="37.5236151181161403656005859375" lon="127.1013888157904148101806640625">
        <ele>17.799999237060546875</ele>
        <time>2026-05-24T01:11:13.000Z</time>
        <extensions>
          <ns3:TrackPointExtension>
            <ns3:hr>127</ns3:hr>
            <ns3:cad>84</ns3:cad>
          </ns3:TrackPointExtension>
        </extensions>
      </trkpt>
      <trkpt lat="37.52363313920795917510986328125" lon="127.1014106087386608123779296875">
        <ele>17.799999237060546875</ele>
        <time>2026-05-24T01:11:14.000Z</time>
        <extensions>
          <ns3:TrackPointExtension>
            <ns3:hr>127</ns3:hr>
            <ns3:cad>84</ns3:cad>
          </ns3:TrackPointExtension>
        </extensions>
      </trkpt>
      <trkpt lat="37.52365124411880970001220703125" lon="127.1014394424855709075927734375">
        <ele>17.799999237060546875</ele>
        <time>2026-05-24T01:11:15.000Z</time>
        <extensions>
          <ns3:TrackPointExtension>
            <ns3:hr>127</ns3:hr>
            <ns3:cad>85</ns3:cad>
          </ns3:TrackPointExtension>
        </extensions>
      </trkpt>
      <trkpt lat="37.52366892993450164794921875" lon="127.10145293734967708587646484375">
        <ele>17.799999237060546875</ele>
        <time>2026-05-24T01:11:16.000Z</time>
        <extensions>
          <ns3:TrackPointExtension>
            <ns3:hr>127</ns3:hr>
            <ns3:cad>85</ns3:cad>
          </ns3:TrackPointExtension>
        </extensions>
      </trkpt>
      <trkpt lat="37.5236999429762363433837890625" lon="127.10147716104984283447265625">
        <ele>17.799999237060546875</ele>
        <time>2026-05-24T01:11:17.000Z</time>
        <extensions>
          <ns3:TrackPointExtension>
            <ns3:hr>127</ns3:hr>
            <ns3:cad>85</ns3:cad>
          </ns3:TrackPointExtension>
        </extensions>
      </trkpt>
      <trkpt lat="37.52371595241129398345947265625" lon="127.10148445330560207366943359375">
        <ele>17.799999237060546875</ele>
        <time>2026-05-24T01:11:18.000Z</time>
        <extensions>
          <ns3:TrackPointExtension>
            <ns3:hr>127</ns3:hr>
            <ns3:cad>85</ns3:cad>
          </ns3:TrackPointExtension>
        </extensions>
      </trkpt>
      <trkpt lat="37.52374093048274517059326171875" lon="127.10150373168289661407470703125">
        <ele>17.799999237060546875</ele>
        <time>2026-05-24T01:11:19.000Z</time>
        <extensions>
          <ns3:TrackPointExtension>
            <ns3:hr>126</ns3:hr>
            <ns3:cad>84</ns3:cad>
          </ns3:TrackPointExtension>
        </extensions>
      </trkpt>
      <trkpt lat="37.52376171760261058807373046875" lon="127.10152250714600086212158203125">
        <ele>17.799999237060546875</ele>
        <time>2026-05-24T01:11:20.000Z</time>
        <extensions>
          <ns3:TrackPointExtension>
            <ns3:hr>126</ns3:hr>
            <ns3:cad>84</ns3:cad>
          </ns3:TrackPointExtension>
        </extensions>
      </trkpt>
      <trkpt lat="37.52377948723733425140380859375" lon="127.10153524763882160186767578125">
        <ele>17.799999237060546875</ele>
        <time>2026-05-24T01:11:21.000Z</time>
        <extensions>
          <ns3:TrackPointExtension>
            <ns3:hr>126</ns3:hr>
            <ns3:cad>85</ns3:cad>
          </ns3:TrackPointExtension>
        </extensions>
      </trkpt>
      <trkpt lat="37.52380438148975372314453125" lon="127.1015624888241291046142578125">
        <ele>18</ele>
        <time>2026-05-24T01:11:22.000Z</time>
        <extensions>
          <ns3:TrackPointExtension>
            <ns3:hr>126</ns3:hr>
            <ns3:cad>85</ns3:cad>
          </ns3:TrackPointExtension>
        </extensions>
      </trkpt>
      <trkpt lat="37.52382173202931880950927734375" lon="127.10156810469925403594970703125">
        <ele>18</ele>
        <time>2026-05-24T01:11:23.000Z</time>
        <extensions>
          <ns3:TrackPointExtension>
            <ns3:hr>126</ns3:hr>
            <ns3:cad>85</ns3:cad>
          </ns3:TrackPointExtension>
        </extensions>
      </trkpt>
      <trkpt lat="37.52385274507105350494384765625" lon="127.101592160761356353759765625">
        <ele>17.799999237060546875</ele>
        <time>2026-05-24T01:11:24.000Z</time>
        <extensions>
          <ns3:TrackPointExtension>
            <ns3:hr>126</ns3:hr>
            <ns3:cad>85</ns3:cad>
          </ns3:TrackPointExtension>
        </extensions>
      </trkpt>
      <trkpt lat="37.523870766162872314453125" lon="127.101605236530303955078125">
        <ele>17.799999237060546875</ele>
        <time>2026-05-24T01:11:25.000Z</time>
        <extensions>
          <ns3:TrackPointExtension>
            <ns3:hr>126</ns3:hr>
            <ns3:cad>85</ns3:cad>
          </ns3:TrackPointExtension>
        </extensions>
      </trkpt>
      <trkpt lat="37.52389465458691120147705078125" lon="127.10162225179374217987060546875">
        <ele>17.799999237060546875</ele>
        <time>2026-05-24T01:11:26.000Z</time>
        <extensions>
          <ns3:TrackPointExtension>
            <ns3:hr>126</ns3:hr>
            <ns3:cad>85</ns3:cad>
          </ns3:TrackPointExtension>
        </extensions>
      </trkpt>
      <trkpt lat="37.523914016783237457275390625" lon="127.101643122732639312744140625">
        <ele>17.799999237060546875</ele>
        <time>2026-05-24T01:11:27.000Z</time>
        <extensions>
          <ns3:TrackPointExtension>
            <ns3:hr>126</ns3:hr>
            <ns3:cad>85</ns3:cad>
          </ns3:TrackPointExtension>
        </extensions>
      </trkpt>
      <trkpt lat="37.52393237315118312835693359375" lon="127.101653851568698883056640625">
        <ele>17.799999237060546875</ele>
        <time>2026-05-24T01:11:28.000Z</time>
        <extensions>
          <ns3:TrackPointExtension>
            <ns3:hr>125</ns3:hr>
            <ns3:cad>85</ns3:cad>
          </ns3:TrackPointExtension>
        </extensions>
      </trkpt>
      <trkpt lat="37.52395517192780971527099609375" lon="127.10167220793664455413818359375">
        <ele>18</ele>
        <time>2026-05-24T01:11:29.000Z</time>
        <extensions>
          <ns3:TrackPointExtension>
            <ns3:hr>125</ns3:hr>
            <ns3:cad>85</ns3:cad>
          </ns3:TrackPointExtension>
        </extensions>
      </trkpt>
      <trkpt lat="37.52397193573415279388427734375" lon="127.101675979793071746826171875">
        <ele>17.799999237060546875</ele>
        <time>2026-05-24T01:11:30.000Z</time>
        <extensions>
          <ns3:TrackPointExtension>
            <ns3:hr>125</ns3:hr>
            <ns3:cad>85</ns3:cad>
          </ns3:TrackPointExtension>
        </extensions>
      </trkpt>
      <trkpt lat="37.523999847471714019775390625" lon="127.10169400088489055633544921875">
        <ele>17.799999237060546875</ele>
        <time>2026-05-24T01:11:31.000Z</time>
        <extensions>
          <ns3:TrackPointExtension>
            <ns3:hr>125</ns3:hr>
            <ns3:cad>85</ns3:cad>
          </ns3:TrackPointExtension>
        </extensions>
      </trkpt>
      <trkpt lat="37.52402105368673801422119140625" lon="127.10170875303447246551513671875">
        <ele>17.799999237060546875</ele>
        <time>2026-05-24T01:11:32.000Z</time>
        <extensions>
          <ns3:TrackPointExtension>
            <ns3:hr>125</ns3:hr>
            <ns3:cad>85</ns3:cad>
          </ns3:TrackPointExtension>
        </extensions>
      </trkpt>
      <trkpt lat="37.52404167316854000091552734375" lon="127.1017190627753734588623046875">
        <ele>17.799999237060546875</ele>
        <time>2026-05-24T01:11:33.000Z</time>
        <extensions>
          <ns3:TrackPointExtension>
            <ns3:hr>126</ns3:hr>
            <ns3:cad>85</ns3:cad>
          </ns3:TrackPointExtension>
        </extensions>
      </trkpt>
      <trkpt lat="37.5240674056112766265869140625" lon="127.1017425321042537689208984375">
        <ele>17.799999237060546875</ele>
        <time>2026-05-24T01:11:34.000Z</time>
        <extensions>
          <ns3:TrackPointExtension>
            <ns3:hr>125</ns3:hr>
            <ns3:cad>86</ns3:cad>
          </ns3:TrackPointExtension>
        </extensions>
      </trkpt>
      <trkpt lat="37.52408735454082489013671875" lon="127.1017552725970745086669921875">
        <ele>17.799999237060546875</ele>
        <time>2026-05-24T01:11:35.000Z</time>
        <extensions>
          <ns3:TrackPointExtension>
            <ns3:hr>125</ns3:hr>
            <ns3:cad>86</ns3:cad>
          </ns3:TrackPointExtension>
        </extensions>
      </trkpt>
      <trkpt lat="37.52410872839391231536865234375" lon="127.101791314780712127685546875">
        <ele>17.799999237060546875</ele>
        <time>2026-05-24T01:11:36.000Z</time>
        <extensions>
          <ns3:TrackPointExtension>
            <ns3:hr>126</ns3:hr>
            <ns3:cad>86</ns3:cad>
          </ns3:TrackPointExtension>
        </extensions>
      </trkpt>
      <trkpt lat="37.524130605161190032958984375" lon="127.10180732421576976776123046875">
        <ele>17.799999237060546875</ele>
        <time>2026-05-24T01:11:37.000Z</time>
        <extensions>
          <ns3:TrackPointExtension>
            <ns3:hr>127</ns3:hr>
            <ns3:cad>86</ns3:cad>
          </ns3:TrackPointExtension>
        </extensions>
      </trkpt>
      <trkpt lat="37.52415801398456096649169921875" lon="127.10183146409690380096435546875">
        <ele>17.799999237060546875</ele>
        <time>2026-05-24T01:11:38.000Z</time>
        <extensions>
          <ns3:TrackPointExtension>
            <ns3:hr>127</ns3:hr>
            <ns3:cad>86</ns3:cad>
          </ns3:TrackPointExtension>
        </extensions>
      </trkpt>
      <trkpt lat="37.52418131567537784576416015625" lon="127.10185375995934009552001953125">
        <ele>17.799999237060546875</ele>
        <time>2026-05-24T01:11:39.000Z</time>
        <extensions>
          <ns3:TrackPointExtension>
            <ns3:hr>127</ns3:hr>
            <ns3:cad>85</ns3:cad>
          </ns3:TrackPointExtension>
        </extensions>
      </trkpt>
      <trkpt lat="37.52420964650809764862060546875" lon="127.10187102667987346649169921875">
        <ele>17.799999237060546875</ele>
        <time>2026-05-24T01:11:40.000Z</time>
        <extensions>
          <ns3:TrackPointExtension>
            <ns3:hr>127</ns3:hr>
            <ns3:cad>85</ns3:cad>
          </ns3:TrackPointExtension>
        </extensions>
      </trkpt>
      <trkpt lat="37.52423621714115142822265625" lon="127.10189851932227611541748046875">
        <ele>17.799999237060546875</ele>
        <time>2026-05-24T01:11:41.000Z</time>
        <extensions>
          <ns3:TrackPointExtension>
            <ns3:hr>127</ns3:hr>
            <ns3:cad>85</ns3:cad>
          </ns3:TrackPointExtension>
        </extensions>
      </trkpt>
      <trkpt lat="37.5242556631565093994140625" lon="127.10190975107252597808837890625">
        <ele>17.799999237060546875</ele>
        <time>2026-05-24T01:11:42.000Z</time>
        <extensions>
          <ns3:TrackPointExtension>
            <ns3:hr>127</ns3:hr>
            <ns3:cad>85</ns3:cad>
          </ns3:TrackPointExtension>
        </extensions>
      </trkpt>
      <trkpt lat="37.5242824852466583251953125" lon="127.10193640552461147308349609375">
        <ele>17.799999237060546875</ele>
        <time>2026-05-24T01:11:43.000Z</time>
        <extensions>
          <ns3:TrackPointExtension>
            <ns3:hr>127</ns3:hr>
            <ns3:cad>85</ns3:cad>
          </ns3:TrackPointExtension>
        </extensions>
      </trkpt>
      <trkpt lat="37.52430452965199947357177734375" lon="127.10194394923746585845947265625">
        <ele>17.799999237060546875</ele>
        <time>2026-05-24T01:11:44.000Z</time>
        <extensions>
          <ns3:TrackPointExtension>
            <ns3:hr>127</ns3:hr>
            <ns3:cad>85</ns3:cad>
          </ns3:TrackPointExtension>
        </extensions>
      </trkpt>
      <trkpt lat="37.5243307650089263916015625" lon="127.1019561029970645904541015625">
        <ele>18</ele>
        <time>2026-05-24T01:11:45.000Z</time>
        <extensions>
          <ns3:TrackPointExtension>
            <ns3:hr>127</ns3:hr>
            <ns3:cad>85</ns3:cad>
          </ns3:TrackPointExtension>
        </extensions>
      </trkpt>
      <trkpt lat="37.52435197122395038604736328125" lon="127.10196993313729763031005859375">
        <ele>17.799999237060546875</ele>
        <time>2026-05-24T01:11:46.000Z</time>
        <extensions>
          <ns3:TrackPointExtension>
            <ns3:hr>127</ns3:hr>
            <ns3:cad>85</ns3:cad>
          </ns3:TrackPointExtension>
        </extensions>
      </trkpt>
      <trkpt lat="37.5243704952299594879150390625" lon="127.10197965614497661590576171875">
        <ele>17.799999237060546875</ele>
        <time>2026-05-24T01:11:47.000Z</time>
        <extensions>
          <ns3:TrackPointExtension>
            <ns3:hr>127</ns3:hr>
            <ns3:cad>85</ns3:cad>
          </ns3:TrackPointExtension>
        </extensions>
      </trkpt>
      <trkpt lat="37.52439220435917377471923828125" lon="127.1019970066845417022705078125">
        <ele>17.6000003814697265625</ele>
        <time>2026-05-24T01:11:48.000Z</time>
        <extensions>
          <ns3:TrackPointExtension>
            <ns3:hr>127</ns3:hr>
            <ns3:cad>85</ns3:cad>
          </ns3:TrackPointExtension>
        </extensions>
      </trkpt>
      <trkpt lat="37.52440880052745342254638671875" lon="127.10200564004480838775634765625">
        <ele>17.6000003814697265625</ele>
        <time>2026-05-24T01:11:49.000Z</time>
        <extensions>
          <ns3:TrackPointExtension>
            <ns3:hr>128</ns3:hr>
            <ns3:cad>85</ns3:cad>
          </ns3:TrackPointExtension>
        </extensions>
      </trkpt>
      <trkpt lat="37.5244372151792049407958984375" lon="127.1020285226404666900634765625">
        <ele>17.6000003814697265625</ele>
        <time>2026-05-24T01:11:50.000Z</time>
        <extensions>
          <ns3:TrackPointExtension>
            <ns3:hr>127</ns3:hr>
            <ns3:cad>85</ns3:cad>
          </ns3:TrackPointExtension>
        </extensions>
      </trkpt>
      <trkpt lat="37.5244581699371337890625" lon="127.10203640162944793701171875">
        <ele>17.6000003814697265625</ele>
        <time>2026-05-24T01:11:51.000Z</time>
        <extensions>
          <ns3:TrackPointExtension>
            <ns3:hr>127</ns3:hr>
            <ns3:cad>85</ns3:cad>
          </ns3:TrackPointExtension>
        </extensions>
      </trkpt>
      <trkpt lat="37.5244781188666820526123046875" lon="127.10204956121742725372314453125">
        <ele>17.3999996185302734375</ele>
        <time>2026-05-24T01:11:52.000Z</time>
        <extensions>
          <ns3:TrackPointExtension>
            <ns3:hr>127</ns3:hr>
            <ns3:cad>85</ns3:cad>
          </ns3:TrackPointExtension>
        </extensions>
      </trkpt>
      <trkpt lat="37.5244955532252788543701171875" lon="127.10206867195665836334228515625">
        <ele>17.6000003814697265625</ele>
        <time>2026-05-24T01:11:53.000Z</time>
        <extensions>
          <ns3:TrackPointExtension>
            <ns3:hr>126</ns3:hr>
            <ns3:cad>85</ns3:cad>
          </ns3:TrackPointExtension>
        </extensions>
      </trkpt>
      <trkpt lat="37.52451022155582904815673828125" lon="127.1020811609923839569091796875">
        <ele>17.6000003814697265625</ele>
        <time>2026-05-24T01:11:54.000Z</time>
        <extensions>
          <ns3:TrackPointExtension>
            <ns3:hr>126</ns3:hr>
            <ns3:cad>85</ns3:cad>
          </ns3:TrackPointExtension>
        </extensions>
      </trkpt>
      <trkpt lat="37.5245287455618381500244140625" lon="127.10211175493896007537841796875">
        <ele>17.6000003814697265625</ele>
        <time>2026-05-24T01:11:55.000Z</time>
        <extensions>
          <ns3:TrackPointExtension>
            <ns3:hr>126</ns3:hr>
            <ns3:cad>85</ns3:cad>
          </ns3:TrackPointExtension>
        </extensions>
      </trkpt>
      <trkpt lat="37.5245440006256103515625" lon="127.10212499834597110748291015625">
        <ele>17.6000003814697265625</ele>
        <time>2026-05-24T01:11:56.000Z</time>
        <extensions>
          <ns3:TrackPointExtension>
            <ns3:hr>126</ns3:hr>
            <ns3:cad>85</ns3:cad>
          </ns3:TrackPointExtension>
        </extensions>
      </trkpt>
      <trkpt lat="37.52456210553646087646484375" lon="127.10215131752192974090576171875">
        <ele>17.6000003814697265625</ele>
        <time>2026-05-24T01:11:57.000Z</time>
        <extensions>
          <ns3:TrackPointExtension>
            <ns3:hr>125</ns3:hr>
            <ns3:cad>85</ns3:cad>
          </ns3:TrackPointExtension>
        </extensions>
      </trkpt>
      <trkpt lat="37.52457761205732822418212890625" lon="127.10217730142176151275634765625">
        <ele>17.6000003814697265625</ele>
        <time>2026-05-24T01:11:58.000Z</time>
        <extensions>
          <ns3:TrackPointExtension>
            <ns3:hr>125</ns3:hr>
            <ns3:cad>84</ns3:cad>
          </ns3:TrackPointExtension>
        </extensions>
      </trkpt>
      <trkpt lat="37.52458917908370494842529296875" lon="127.1021964959800243377685546875">
        <ele>17.6000003814697265625</ele>
        <time>2026-05-24T01:11:59.000Z</time>
        <extensions>
          <ns3:TrackPointExtension>
            <ns3:hr>125</ns3:hr>
            <ns3:cad>83</ns3:cad>
          </ns3:TrackPointExtension>
        </extensions>
      </trkpt>
      <trkpt lat="37.52460191957652568817138671875" lon="127.1022353880107402801513671875">
        <ele>17.6000003814697265625</ele>
        <time>2026-05-24T01:12:00.000Z</time>
        <extensions>
          <ns3:TrackPointExtension>
            <ns3:hr>125</ns3:hr>
            <ns3:cad>83</ns3:cad>
          </ns3:TrackPointExtension>
        </extensions>
      </trkpt>
      <trkpt lat="37.52461063675582408905029296875" lon="127.10225810296833515167236328125">
        <ele>17.6000003814697265625</ele>
        <time>2026-05-24T01:12:01.000Z</time>
        <extensions>
          <ns3:TrackPointExtension>
            <ns3:hr>124</ns3:hr>
            <ns3:cad>83</ns3:cad>
          </ns3:TrackPointExtension>
        </extensions>
      </trkpt>
      <trkpt lat="37.52461533062160015106201171875" lon="127.10229531861841678619384765625">
        <ele>17.6000003814697265625</ele>
        <time>2026-05-24T01:12:02.000Z</time>
        <extensions>
          <ns3:TrackPointExtension>
            <ns3:hr>124</ns3:hr>
            <ns3:cad>84</ns3:cad>
          </ns3:TrackPointExtension>
        </extensions>
      </trkpt>
      <trkpt lat="37.524610720574855804443359375" lon="127.10232675075531005859375">
        <ele>17.799999237060546875</ele>
        <time>2026-05-24T01:12:03.000Z</time>
        <extensions>
          <ns3:TrackPointExtension>
            <ns3:hr>124</ns3:hr>
            <ns3:cad>84</ns3:cad>
          </ns3:TrackPointExtension>
        </extensions>
      </trkpt>
      <trkpt lat="37.5246031768620014190673828125" lon="127.10235499776899814605712890625">
        <ele>17.799999237060546875</ele>
        <time>2026-05-24T01:12:04.000Z</time>
        <extensions>
          <ns3:TrackPointExtension>
            <ns3:hr>123</ns3:hr>
            <ns3:cad>84</ns3:cad>
          </ns3:TrackPointExtension>
        </extensions>
      </trkpt>
      <trkpt lat="37.52458398230373859405517578125" lon="127.10238869301974773406982421875">
        <ele>17.799999237060546875</ele>
        <time>2026-05-24T01:12:05.000Z</time>
        <extensions>
          <ns3:TrackPointExtension>
            <ns3:hr>123</ns3:hr>
            <ns3:cad>84</ns3:cad>
          </ns3:TrackPointExtension>
        </extensions>
      </trkpt>
      <trkpt lat="37.524578869342803955078125" lon="127.10241325199604034423828125">
        <ele>17.799999237060546875</ele>
        <time>2026-05-24T01:12:06.000Z</time>
        <extensions>
          <ns3:TrackPointExtension>
            <ns3:hr>123</ns3:hr>
            <ns3:cad>85</ns3:cad>
          </ns3:TrackPointExtension>
        </extensions>
      </trkpt>
      <trkpt lat="37.52456520684063434600830078125" lon="127.1024506352841854095458984375">
        <ele>17.799999237060546875</ele>
        <time>2026-05-24T01:12:07.000Z</time>
        <extensions>
          <ns3:TrackPointExtension>
            <ns3:hr>122</ns3:hr>
            <ns3:cad>85</ns3:cad>
          </ns3:TrackPointExtension>
        </extensions>
      </trkpt>
      <trkpt lat="37.5245599262416362762451171875" lon="127.102476619184017181396484375">
        <ele>17.6000003814697265625</ele>
        <time>2026-05-24T01:12:08.000Z</time>
        <extensions>
          <ns3:TrackPointExtension>
            <ns3:hr>122</ns3:hr>
            <ns3:cad>85</ns3:cad>
          </ns3:TrackPointExtension>
        </extensions>
      </trkpt>
      <trkpt lat="37.5245528854429721832275390625" lon="127.10250788368284702301025390625">
        <ele>17.799999237060546875</ele>
        <time>2026-05-24T01:12:09.000Z</time>
        <extensions>
          <ns3:TrackPointExtension>
            <ns3:hr>122</ns3:hr>
            <ns3:cad>85</ns3:cad>
          </ns3:TrackPointExtension>
        </extensions>
      </trkpt>
      <trkpt lat="37.524542994797229766845703125" lon="127.1025425009429454803466796875">
        <ele>17.799999237060546875</ele>
        <time>2026-05-24T01:12:10.000Z</time>
        <extensions>
          <ns3:TrackPointExtension>
            <ns3:hr>122</ns3:hr>
            <ns3:cad>85</ns3:cad>
          </ns3:TrackPointExtension>
        </extensions>
      </trkpt>
      <trkpt lat="37.5245458446443080902099609375" lon="127.10256370715796947479248046875">
        <ele>17.799999237060546875</ele>
        <time>2026-05-24T01:12:11.000Z</time>
        <extensions>
          <ns3:TrackPointExtension>
            <ns3:hr>121</ns3:hr>
            <ns3:cad>84</ns3:cad>
          </ns3:TrackPointExtension>
        </extensions>
      </trkpt>
      <trkpt lat="37.5245481915771961212158203125" lon="127.1026085503399372100830078125">
        <ele>17.799999237060546875</ele>
        <time>2026-05-24T01:12:12.000Z</time>
        <extensions>
          <ns3:TrackPointExtension>
            <ns3:hr>121</ns3:hr>
            <ns3:cad>84</ns3:cad>
          </ns3:TrackPointExtension>
        </extensions>
      </trkpt>
      <trkpt lat="37.5245515443384647369384765625" lon="127.10263989865779876708984375">
        <ele>18</ele>
        <time>2026-05-24T01:12:13.000Z</time>
        <extensions>
          <ns3:TrackPointExtension>
            <ns3:hr>121</ns3:hr>
            <ns3:cad>85</ns3:cad>
          </ns3:TrackPointExtension>
        </extensions>
      </trkpt>
      <trkpt lat="37.52454978413879871368408203125" lon="127.10267535410821437835693359375">
        <ele>18</ele>
        <time>2026-05-24T01:12:14.000Z</time>
        <extensions>
          <ns3:TrackPointExtension>
            <ns3:hr>121</ns3:hr>
            <ns3:cad>85</ns3:cad>
          </ns3:TrackPointExtension>
        </extensions>
      </trkpt>
      <trkpt lat="37.524544335901737213134765625" lon="127.102711983025074005126953125">
        <ele>18</ele>
        <time>2026-05-24T01:12:15.000Z</time>
        <extensions>
          <ns3:TrackPointExtension>
            <ns3:hr>120</ns3:hr>
            <ns3:cad>85</ns3:cad>
          </ns3:TrackPointExtension>
        </extensions>
      </trkpt>
      <trkpt lat="37.5245461799204349517822265625" lon="127.1027406491339206695556640625">
        <ele>18</ele>
        <time>2026-05-24T01:12:16.000Z</time>
        <extensions>
          <ns3:TrackPointExtension>
            <ns3:hr>120</ns3:hr>
            <ns3:cad>85</ns3:cad>
          </ns3:TrackPointExtension>
        </extensions>
      </trkpt>
      <trkpt lat="37.5245455093681812286376953125" lon="127.102786414325237274169921875">
        <ele>18</ele>
        <time>2026-05-24T01:12:17.000Z</time>
        <extensions>
          <ns3:TrackPointExtension>
            <ns3:hr>120</ns3:hr>
            <ns3:cad>84</ns3:cad>
          </ns3:TrackPointExtension>
        </extensions>
      </trkpt>
      <trkpt lat="37.52455414272844791412353515625" lon="127.102812565863132476806640625">
        <ele>18</ele>
        <time>2026-05-24T01:12:18.000Z</time>
        <extensions>
          <ns3:TrackPointExtension>
            <ns3:hr>120</ns3:hr>
            <ns3:cad>84</ns3:cad>
          </ns3:TrackPointExtension>
        </extensions>
      </trkpt>
      <trkpt lat="37.524556405842304229736328125" lon="127.102849446237087249755859375">
        <ele>18</ele>
        <time>2026-05-24T01:12:19.000Z</time>
        <extensions>
          <ns3:TrackPointExtension>
            <ns3:hr>120</ns3:hr>
            <ns3:cad>84</ns3:cad>
          </ns3:TrackPointExtension>
        </extensions>
      </trkpt>
      <trkpt lat="37.524548359215259552001953125" lon="127.10288054309785366058349609375">
        <ele>18</ele>
        <time>2026-05-24T01:12:20.000Z</time>
        <extensions>
          <ns3:TrackPointExtension>
            <ns3:hr>119</ns3:hr>
            <ns3:cad>84</ns3:cad>
          </ns3:TrackPointExtension>
        </extensions>
      </trkpt>
      <trkpt lat="37.524546347558498382568359375" lon="127.10290401242673397064208984375">
        <ele>18</ele>
        <time>2026-05-24T01:12:21.000Z</time>
        <extensions>
          <ns3:TrackPointExtension>
            <ns3:hr>120</ns3:hr>
            <ns3:cad>84</ns3:cad>
          </ns3:TrackPointExtension>
        </extensions>
      </trkpt>
      <trkpt lat="37.52453654073178768157958984375" lon="127.10294826887547969818115234375">
        <ele>18</ele>
        <time>2026-05-24T01:12:22.000Z</time>
        <extensions>
          <ns3:TrackPointExtension>
            <ns3:hr>120</ns3:hr>
            <ns3:cad>84</ns3:cad>
          </ns3:TrackPointExtension>
        </extensions>
      </trkpt>
      <trkpt lat="37.52453754656016826629638671875" lon="127.1029743365943431854248046875">
        <ele>18</ele>
        <time>2026-05-24T01:12:23.000Z</time>
        <extensions>
          <ns3:TrackPointExtension>
            <ns3:hr>119</ns3:hr>
            <ns3:cad>84</ns3:cad>
          </ns3:TrackPointExtension>
        </extensions>
      </trkpt>
      <trkpt lat="37.52452782355248928070068359375" lon="127.1030078642070293426513671875">
        <ele>18</ele>
        <time>2026-05-24T01:12:24.000Z</time>
        <extensions>
          <ns3:TrackPointExtension>
            <ns3:hr>120</ns3:hr>
            <ns3:cad>84</ns3:cad>
          </ns3:TrackPointExtension>
        </extensions>
      </trkpt>
      <trkpt lat="37.52451072447001934051513671875" lon="127.1030336804687976837158203125">
        <ele>17.799999237060546875</ele>
        <time>2026-05-24T01:12:25.000Z</time>
        <extensions>
          <ns3:TrackPointExtension>
            <ns3:hr>120</ns3:hr>
            <ns3:cad>84</ns3:cad>
          </ns3:TrackPointExtension>
        </extensions>
      </trkpt>
      <trkpt lat="37.524507455527782440185546875" lon="127.103053964674472808837890625">
        <ele>17.799999237060546875</ele>
        <time>2026-05-24T01:12:26.000Z</time>
        <extensions>
          <ns3:TrackPointExtension>
            <ns3:hr>119</ns3:hr>
            <ns3:cad>84</ns3:cad>
          </ns3:TrackPointExtension>
        </extensions>
      </trkpt>
      <trkpt lat="37.52449044026434421539306640625" lon="127.10309511981904506683349609375">
        <ele>17.799999237060546875</ele>
        <time>2026-05-24T01:12:27.000Z</time>
        <extensions>
          <ns3:TrackPointExtension>
            <ns3:hr>119</ns3:hr>
            <ns3:cad>84</ns3:cad>
          </ns3:TrackPointExtension>
        </extensions>
      </trkpt>
      <trkpt lat="37.524477951228618621826171875" lon="127.1031245402991771697998046875">
        <ele>17.799999237060546875</ele>
        <time>2026-05-24T01:12:28.000Z</time>
        <extensions>
          <ns3:TrackPointExtension>
            <ns3:hr>119</ns3:hr>
            <ns3:cad>83</ns3:cad>
          </ns3:TrackPointExtension>
        </extensions>
      </trkpt>
      <trkpt lat="37.52446345053613185882568359375" lon="127.10315781645476818084716796875">
        <ele>17.799999237060546875</ele>
        <time>2026-05-24T01:12:29.000Z</time>
        <extensions>
          <ns3:TrackPointExtension>
            <ns3:hr>119</ns3:hr>
            <ns3:cad>83</ns3:cad>
          </ns3:TrackPointExtension>
        </extensions>
      </trkpt>
      <trkpt lat="37.524447776377201080322265625" lon="127.10318933241069316864013671875">
        <ele>17.799999237060546875</ele>
        <time>2026-05-24T01:12:30.000Z</time>
        <extensions>
          <ns3:TrackPointExtension>
            <ns3:hr>120</ns3:hr>
            <ns3:cad>83</ns3:cad>
          </ns3:TrackPointExtension>
        </extensions>
      </trkpt>
      <trkpt lat="37.5244318507611751556396484375" lon="127.10321850143373012542724609375">
        <ele>17.799999237060546875</ele>
        <time>2026-05-24T01:12:31.000Z</time>
        <extensions>
          <ns3:TrackPointExtension>
            <ns3:hr>119</ns3:hr>
            <ns3:cad>83</ns3:cad>
          </ns3:TrackPointExtension>
        </extensions>
      </trkpt>
      <trkpt lat="37.5244144164025783538818359375" lon="127.10324817337095737457275390625">
        <ele>17.799999237060546875</ele>
        <time>2026-05-24T01:12:32.000Z</time>
        <extensions>
          <ns3:TrackPointExtension>
            <ns3:hr>119</ns3:hr>
            <ns3:cad>83</ns3:cad>
          </ns3:TrackPointExtension>
        </extensions>
      </trkpt>
      <trkpt lat="37.5244137458503246307373046875" lon="127.1032687090337276458740234375">
        <ele>17.6000003814697265625</ele>
        <time>2026-05-24T01:12:33.000Z</time>
        <extensions>
          <ns3:TrackPointExtension>
            <ns3:hr>119</ns3:hr>
            <ns3:cad>84</ns3:cad>
          </ns3:TrackPointExtension>
        </extensions>
      </trkpt>
      <trkpt lat="37.5243978202342987060546875" lon="127.1032935194671154022216796875">
        <ele>17.6000003814697265625</ele>
        <time>2026-05-24T01:12:34.000Z</time>
        <extensions>
          <ns3:TrackPointExtension>
            <ns3:hr>119</ns3:hr>
            <ns3:cad>84</ns3:cad>
          </ns3:TrackPointExtension>
        </extensions>
      </trkpt>
      <trkpt lat="37.5243736803531646728515625" lon="127.1033059246838092803955078125">
        <ele>17.799999237060546875</ele>
        <time>2026-05-24T01:12:35.000Z</time>
        <extensions>
          <ns3:TrackPointExtension>
            <ns3:hr>119</ns3:hr>
            <ns3:cad>84</ns3:cad>
          </ns3:TrackPointExtension>
        </extensions>
      </trkpt>
      <trkpt lat="37.52436496317386627197265625" lon="127.1033283881843090057373046875">
        <ele>17.799999237060546875</ele>
        <time>2026-05-24T01:12:36.000Z</time>
        <extensions>
          <ns3:TrackPointExtension>
            <ns3:hr>119</ns3:hr>
            <ns3:cad>84</ns3:cad>
          </ns3:TrackPointExtension>
        </extensions>
      </trkpt>
      <trkpt lat="37.5243523903191089630126953125" lon="127.103362418711185455322265625">
        <ele>18</ele>
        <time>2026-05-24T01:12:37.000Z</time>
        <extensions>
          <ns3:TrackPointExtension>
            <ns3:hr>119</ns3:hr>
            <ns3:cad>84</ns3:cad>
          </ns3:TrackPointExtension>
        </extensions>
      </trkpt>
      <trkpt lat="37.52434660680592060089111328125" lon="127.10338865406811237335205078125">
        <ele>18.200000762939453125</ele>
        <time>2026-05-24T01:12:38.000Z</time>
        <extensions>
          <ns3:TrackPointExtension>
            <ns3:hr>119</ns3:hr>
            <ns3:cad>84</ns3:cad>
          </ns3:TrackPointExtension>
        </extensions>
      </trkpt>
      <trkpt lat="37.52434090711176395416259765625" lon="127.10342301987111568450927734375">
        <ele>18.200000762939453125</ele>
        <time>2026-05-24T01:12:39.000Z</time>
        <extensions>
          <ns3:TrackPointExtension>
            <ns3:hr>119</ns3:hr>
            <ns3:cad>84</ns3:cad>
          </ns3:TrackPointExtension>
        </extensions>
      </trkpt>
      <trkpt lat="37.52433009445667266845703125" lon="127.10345839150249958038330078125">
        <ele>18.200000762939453125</ele>
        <time>2026-05-24T01:12:40.000Z</time>
        <extensions>
          <ns3:TrackPointExtension>
            <ns3:hr>119</ns3:hr>
            <ns3:cad>84</ns3:cad>
          </ns3:TrackPointExtension>
        </extensions>
      </trkpt>
      <trkpt lat="37.52432095818221569061279296875" lon="127.10348789580166339874267578125">
        <ele>18.200000762939453125</ele>
        <time>2026-05-24T01:12:41.000Z</time>
        <extensions>
          <ns3:TrackPointExtension>
            <ns3:hr>119</ns3:hr>
            <ns3:cad>84</ns3:cad>
          </ns3:TrackPointExtension>
        </extensions>
      </trkpt>
      <trkpt lat="37.5243074633181095123291015625" lon="127.10352368652820587158203125">
        <ele>18.200000762939453125</ele>
        <time>2026-05-24T01:12:42.000Z</time>
        <extensions>
          <ns3:TrackPointExtension>
            <ns3:hr>119</ns3:hr>
            <ns3:cad>85</ns3:cad>
          </ns3:TrackPointExtension>
        </extensions>
      </trkpt>
      <trkpt lat="37.524300254881381988525390625" lon="127.10354908369481563568115234375">
        <ele>18.200000762939453125</ele>
        <time>2026-05-24T01:12:43.000Z</time>
        <extensions>
          <ns3:TrackPointExtension>
            <ns3:hr>120</ns3:hr>
            <ns3:cad>85</ns3:cad>
          </ns3:TrackPointExtension>
        </extensions>
      </trkpt>
      <trkpt lat="37.52429665066301822662353515625" lon="127.10358344949781894683837890625">
        <ele>18.200000762939453125</ele>
        <time>2026-05-24T01:12:44.000Z</time>
        <extensions>
          <ns3:TrackPointExtension>
            <ns3:hr>120</ns3:hr>
            <ns3:cad>85</ns3:cad>
          </ns3:TrackPointExtension>
        </extensions>
      </trkpt>
      <trkpt lat="37.52429530955851078033447265625" lon="127.1036130376160144805908203125">
        <ele>18.3999996185302734375</ele>
        <time>2026-05-24T01:12:45.000Z</time>
        <extensions>
          <ns3:TrackPointExtension>
            <ns3:hr>120</ns3:hr>
            <ns3:cad>85</ns3:cad>
          </ns3:TrackPointExtension>
        </extensions>
      </trkpt>
      <trkpt lat="37.5242896936833858489990234375" lon="127.103643380105495452880859375">
        <ele>18.3999996185302734375</ele>
        <time>2026-05-24T01:12:46.000Z</time>
        <extensions>
          <ns3:TrackPointExtension>
            <ns3:hr>120</ns3:hr>
            <ns3:cad>85</ns3:cad>
          </ns3:TrackPointExtension>
        </extensions>
      </trkpt>
      <trkpt lat="37.52428206615149974822998046875" lon="127.1036665141582489013671875">
        <ele>18.6000003814697265625</ele>
        <time>2026-05-24T01:12:47.000Z</time>
        <extensions>
          <ns3:TrackPointExtension>
            <ns3:hr>119</ns3:hr>
            <ns3:cad>85</ns3:cad>
          </ns3:TrackPointExtension>
        </extensions>
      </trkpt>
      <trkpt lat="37.524278461933135986328125" lon="127.1036914922297000885009765625">
        <ele>18.6000003814697265625</ele>
        <time>2026-05-24T01:12:48.000Z</time>
        <extensions>
          <ns3:TrackPointExtension>
            <ns3:hr>120</ns3:hr>
            <ns3:cad>85</ns3:cad>
          </ns3:TrackPointExtension>
        </extensions>
      </trkpt>
      <trkpt lat="37.5242759473621845245361328125" lon="127.10372845642268657684326171875">
        <ele>18.6000003814697265625</ele>
        <time>2026-05-24T01:12:49.000Z</time>
        <extensions>
          <ns3:TrackPointExtension>
            <ns3:hr>120</ns3:hr>
            <ns3:cad>85</ns3:cad>
          </ns3:TrackPointExtension>
        </extensions>
      </trkpt>
      <trkpt lat="37.52428642474114894866943359375" lon="127.10375376977026462554931640625">
        <ele>18.6000003814697265625</ele>
        <time>2026-05-24T01:12:50.000Z</time>
        <extensions>
          <ns3:TrackPointExtension>
            <ns3:hr>121</ns3:hr>
            <ns3:cad>86</ns3:cad>
          </ns3:TrackPointExtension>
        </extensions>
      </trkpt>
      <trkpt lat="37.52428642474114894866943359375" lon="127.10379123687744140625">
        <ele>18.6000003814697265625</ele>
        <time>2026-05-24T01:12:51.000Z</time>
        <extensions>
          <ns3:TrackPointExtension>
            <ns3:hr>121</ns3:hr>
            <ns3:cad>86</ns3:cad>
          </ns3:TrackPointExtension>
        </extensions>
      </trkpt>
      <trkpt lat="37.52428424544632434844970703125" lon="127.103821076452732086181640625">
        <ele>18.799999237060546875</ele>
        <time>2026-05-24T01:12:52.000Z</time>
        <extensions>
          <ns3:TrackPointExtension>
            <ns3:hr>124</ns3:hr>
            <ns3:cad>86</ns3:cad>
          </ns3:TrackPointExtension>
        </extensions>
      </trkpt>
      <trkpt lat="37.5242863409221172332763671875" lon="127.10384613834321498870849609375">
        <ele>19</ele>
        <time>2026-05-24T01:12:53.000Z</time>
        <extensions>
          <ns3:TrackPointExtension>
            <ns3:hr>125</ns3:hr>
            <ns3:cad>86</ns3:cad>
          </ns3:TrackPointExtension>
        </extensions>
      </trkpt>
      <trkpt lat="37.5242878496646881103515625" lon="127.10388670675456523895263671875">
        <ele>19.200000762939453125</ele>
        <time>2026-05-24T01:12:54.000Z</time>
        <extensions>
          <ns3:TrackPointExtension>
            <ns3:hr>127</ns3:hr>
            <ns3:cad>85</ns3:cad>
          </ns3:TrackPointExtension>
        </extensions>
      </trkpt>
      <trkpt lat="37.52429061569273471832275390625" lon="127.10390782915055751800537109375">
        <ele>19.6000003814697265625</ele>
        <time>2026-05-24T01:12:55.000Z</time>
        <extensions>
          <ns3:TrackPointExtension>
            <ns3:hr>127</ns3:hr>
            <ns3:cad>85</ns3:cad>
          </ns3:TrackPointExtension>
        </extensions>
      </trkpt>
      <trkpt lat="37.5243039429187774658203125" lon="127.1039426140487194061279296875">
        <ele>19.799999237060546875</ele>
        <time>2026-05-24T01:12:56.000Z</time>
        <extensions>
          <ns3:TrackPointExtension>
            <ns3:hr>127</ns3:hr>
            <ns3:cad>85</ns3:cad>
          </ns3:TrackPointExtension>
        </extensions>
      </trkpt>
      <trkpt lat="37.52431341446936130523681640625" lon="127.10397488437592983245849609375">
        <ele>20</ele>
        <time>2026-05-24T01:12:57.000Z</time>
        <extensions>
          <ns3:TrackPointExtension>
            <ns3:hr>127</ns3:hr>
            <ns3:cad>85</ns3:cad>
          </ns3:TrackPointExtension>
        </extensions>
      </trkpt>
      <trkpt lat="37.524323724210262298583984375" lon="127.1039949171245098114013671875">
        <ele>20.3999996185302734375</ele>
        <time>2026-05-24T01:12:58.000Z</time>
        <extensions>
          <ns3:TrackPointExtension>
            <ns3:hr>128</ns3:hr>
            <ns3:cad>84</ns3:cad>
          </ns3:TrackPointExtension>
        </extensions>
      </trkpt>
      <trkpt lat="37.52433411777019500732421875" lon="127.10402869619429111480712890625">
        <ele>20.799999237060546875</ele>
        <time>2026-05-24T01:12:59.000Z</time>
        <extensions>
          <ns3:TrackPointExtension>
            <ns3:hr>128</ns3:hr>
            <ns3:cad>84</ns3:cad>
          </ns3:TrackPointExtension>
        </extensions>
      </trkpt>
      <trkpt lat="37.52434342168271541595458984375" lon="127.10404495708644390106201171875">
        <ele>21</ele>
        <time>2026-05-24T01:13:00.000Z</time>
        <extensions>
          <ns3:TrackPointExtension>
            <ns3:hr>128</ns3:hr>
            <ns3:cad>83</ns3:cad>
          </ns3:TrackPointExtension>
        </extensions>
      </trkpt>
      <trkpt lat="37.524363286793231964111328125" lon="127.1040661633014678955078125">
        <ele>21.3999996185302734375</ele>
        <time>2026-05-24T01:13:01.000Z</time>
        <extensions>
          <ns3:TrackPointExtension>
            <ns3:hr>128</ns3:hr>
            <ns3:cad>83</ns3:cad>
          </ns3:TrackPointExtension>
        </extensions>
      </trkpt>
      <trkpt lat="37.52437032759189605712890625" lon="127.1040924824774265289306640625">
        <ele>21.799999237060546875</ele>
        <time>2026-05-24T01:13:02.000Z</time>
        <extensions>
          <ns3:TrackPointExtension>
            <ns3:hr>129</ns3:hr>
            <ns3:cad>83</ns3:cad>
          </ns3:TrackPointExtension>
        </extensions>
      </trkpt>
      <trkpt lat="37.52438013441860675811767578125" lon="127.104108743369579315185546875">
        <ele>22</ele>
        <time>2026-05-24T01:13:03.000Z</time>
        <extensions>
          <ns3:TrackPointExtension>
            <ns3:hr>129</ns3:hr>
            <ns3:cad>84</ns3:cad>
          </ns3:TrackPointExtension>
        </extensions>
      </trkpt>
      <trkpt lat="37.524390108883380889892578125" lon="127.10414059460163116455078125">
        <ele>22.200000762939453125</ele>
        <time>2026-05-24T01:13:04.000Z</time>
        <extensions>
          <ns3:TrackPointExtension>
            <ns3:hr>129</ns3:hr>
            <ns3:cad>84</ns3:cad>
          </ns3:TrackPointExtension>
        </extensions>
      </trkpt>
      <trkpt lat="37.5243986584246158599853515625" lon="127.1041585318744182586669921875">
        <ele>22.6000003814697265625</ele>
        <time>2026-05-24T01:13:05.000Z</time>
        <extensions>
          <ns3:TrackPointExtension>
            <ns3:hr>130</ns3:hr>
            <ns3:cad>84</ns3:cad>
          </ns3:TrackPointExtension>
        </extensions>
      </trkpt>
      <trkpt lat="37.5244110636413097381591796875" lon="127.1041796542704105377197265625">
        <ele>22.799999237060546875</ele>
        <time>2026-05-24T01:13:06.000Z</time>
        <extensions>
          <ns3:TrackPointExtension>
            <ns3:hr>131</ns3:hr>
            <ns3:cad>84</ns3:cad>
          </ns3:TrackPointExtension>
        </extensions>
      </trkpt>
      <trkpt lat="37.524429671466350555419921875" lon="127.10420337505638599395751953125">
        <ele>23.200000762939453125</ele>
        <time>2026-05-24T01:13:07.000Z</time>
        <extensions>
          <ns3:TrackPointExtension>
            <ns3:hr>132</ns3:hr>
            <ns3:cad>83</ns3:cad>
          </ns3:TrackPointExtension>
        </extensions>
      </trkpt>
      <trkpt lat="37.524439729750156402587890625" lon="127.10421569645404815673828125">
        <ele>23.6000003814697265625</ele>
        <time>2026-05-24T01:13:08.000Z</time>
        <extensions>
          <ns3:TrackPointExtension>
            <ns3:hr>133</ns3:hr>
            <ns3:cad>83</ns3:cad>
          </ns3:TrackPointExtension>
        </extensions>
      </trkpt>
      <trkpt lat="37.52445288933813571929931640625" lon="127.10424796678125858306884765625">
        <ele>24</ele>
        <time>2026-05-24T01:13:09.000Z</time>
        <extensions>
          <ns3:TrackPointExtension>
            <ns3:hr>133</ns3:hr>
            <ns3:cad>83</ns3:cad>
          </ns3:TrackPointExtension>
        </extensions>
      </trkpt>
      <trkpt lat="37.524460516870021820068359375" lon="127.10427738726139068603515625">
        <ele>24.3999996185302734375</ele>
        <time>2026-05-24T01:13:10.000Z</time>
        <extensions>
          <ns3:TrackPointExtension>
            <ns3:hr>134</ns3:hr>
            <ns3:cad>82</ns3:cad>
          </ns3:TrackPointExtension>
        </extensions>
      </trkpt>
      <trkpt lat="37.5244700722396373748779296875" lon="127.1042936481535434722900390625">
        <ele>24.799999237060546875</ele>
        <time>2026-05-24T01:13:11.000Z</time>
        <extensions>
          <ns3:TrackPointExtension>
            <ns3:hr>135</ns3:hr>
            <ns3:cad>82</ns3:cad>
          </ns3:TrackPointExtension>
        </extensions>
      </trkpt>
      <trkpt lat="37.5244838185608386993408203125" lon="127.1043236553668975830078125">
        <ele>25</ele>
        <time>2026-05-24T01:13:12.000Z</time>
        <extensions>
          <ns3:TrackPointExtension>
            <ns3:hr>134</ns3:hr>
            <ns3:cad>82</ns3:cad>
          </ns3:TrackPointExtension>
        </extensions>
      </trkpt>
      <trkpt lat="37.52448675222694873809814453125" lon="127.10434720851480960845947265625">
        <ele>25.3999996185302734375</ele>
        <time>2026-05-24T01:13:13.000Z</time>
        <extensions>
          <ns3:TrackPointExtension>
            <ns3:hr>134</ns3:hr>
            <ns3:cad>82</ns3:cad>
          </ns3:TrackPointExtension>
        </extensions>
      </trkpt>
      <trkpt lat="37.52449412830173969268798828125" lon="127.1043737791478633880615234375">
        <ele>25.6000003814697265625</ele>
        <time>2026-05-24T01:13:14.000Z</time>
        <extensions>
          <ns3:TrackPointExtension>
            <ns3:hr>134</ns3:hr>
            <ns3:cad>82</ns3:cad>
          </ns3:TrackPointExtension>
        </extensions>
      </trkpt>
      <trkpt lat="37.524503767490386962890625" lon="127.10440822876989841461181640625">
        <ele>25.799999237060546875</ele>
        <time>2026-05-24T01:13:15.000Z</time>
        <extensions>
          <ns3:TrackPointExtension>
            <ns3:hr>134</ns3:hr>
            <ns3:cad>82</ns3:cad>
          </ns3:TrackPointExtension>
        </extensions>
      </trkpt>
      <trkpt lat="37.5245096348226070404052734375" lon="127.104426920413970947265625">
        <ele>26</ele>
        <time>2026-05-24T01:13:16.000Z</time>
        <extensions>
          <ns3:TrackPointExtension>
            <ns3:hr>134</ns3:hr>
            <ns3:cad>82</ns3:cad>
          </ns3:TrackPointExtension>
        </extensions>
      </trkpt>
      <trkpt lat="37.5245180167257785797119140625" lon="127.10445382632315158843994140625">
        <ele>26.3999996185302734375</ele>
        <time>2026-05-24T01:13:17.000Z</time>
        <extensions>
          <ns3:TrackPointExtension>
            <ns3:hr>135</ns3:hr>
            <ns3:cad>82</ns3:cad>
          </ns3:TrackPointExtension>
        </extensions>
      </trkpt>
      <trkpt lat="37.52452111802995204925537109375" lon="127.10448400117456912994384765625">
        <ele>26.6000003814697265625</ele>
        <time>2026-05-24T01:13:18.000Z</time>
        <extensions>
          <ns3:TrackPointExtension>
            <ns3:hr>135</ns3:hr>
            <ns3:cad>82</ns3:cad>
          </ns3:TrackPointExtension>
        </extensions>
      </trkpt>
      <trkpt lat="37.5245243869721889495849609375" lon="127.1045042015612125396728515625">
        <ele>26.799999237060546875</ele>
        <time>2026-05-24T01:13:19.000Z</time>
        <extensions>
          <ns3:TrackPointExtension>
            <ns3:hr>136</ns3:hr>
            <ns3:cad>82</ns3:cad>
          </ns3:TrackPointExtension>
        </extensions>
      </trkpt>
      <trkpt lat="37.52452732063829898834228515625" lon="127.10453689098358154296875">
        <ele>26.799999237060546875</ele>
        <time>2026-05-24T01:13:20.000Z</time>
        <extensions>
          <ns3:TrackPointExtension>
            <ns3:hr>136</ns3:hr>
            <ns3:cad>82</ns3:cad>
          </ns3:TrackPointExtension>
        </extensions>
      </trkpt>
      <trkpt lat="37.52452665008604526519775390625" lon="127.10456631146371364593505859375">
        <ele>27</ele>
        <time>2026-05-24T01:13:21.000Z</time>
        <extensions>
          <ns3:TrackPointExtension>
            <ns3:hr>137</ns3:hr>
            <ns3:cad>82</ns3:cad>
          </ns3:TrackPointExtension>
        </extensions>
      </trkpt>
      <trkpt lat="37.524526901543140411376953125" lon="127.1045953966677188873291015625">
        <ele>27</ele>
        <time>2026-05-24T01:13:22.000Z</time>
        <extensions>
          <ns3:TrackPointExtension>
            <ns3:hr>137</ns3:hr>
            <ns3:cad>82</ns3:cad>
          </ns3:TrackPointExtension>
        </extensions>
      </trkpt>
      <trkpt lat="37.5245257280766963958740234375" lon="127.1046292595565319061279296875">
        <ele>27.200000762939453125</ele>
        <time>2026-05-24T01:13:23.000Z</time>
        <extensions>
          <ns3:TrackPointExtension>
            <ns3:hr>138</ns3:hr>
            <ns3:cad>82</ns3:cad>
          </ns3:TrackPointExtension>
        </extensions>
      </trkpt>
      <trkpt lat="37.5245331041514873504638671875" lon="127.10464711301028728485107421875">
        <ele>27.200000762939453125</ele>
        <time>2026-05-24T01:13:24.000Z</time>
        <extensions>
          <ns3:TrackPointExtension>
            <ns3:hr>138</ns3:hr>
            <ns3:cad>82</ns3:cad>
          </ns3:TrackPointExtension>
        </extensions>
      </trkpt>
      <trkpt lat="37.52453888766467571258544921875" lon="127.10468064062297344207763671875">
        <ele>27.200000762939453125</ele>
        <time>2026-05-24T01:13:25.000Z</time>
        <extensions>
          <ns3:TrackPointExtension>
            <ns3:hr>139</ns3:hr>
            <ns3:cad>83</ns3:cad>
          </ns3:TrackPointExtension>
        </extensions>
      </trkpt>
      <trkpt lat="37.52454726956784725189208984375" lon="127.1047018468379974365234375">
        <ele>27.200000762939453125</ele>
        <time>2026-05-24T01:13:26.000Z</time>
        <extensions>
          <ns3:TrackPointExtension>
            <ns3:hr>139</ns3:hr>
            <ns3:cad>83</ns3:cad>
          </ns3:TrackPointExtension>
        </extensions>
      </trkpt>
      <trkpt lat="37.52455799840390682220458984375" lon="127.10473470389842987060546875">
        <ele>27.3999996185302734375</ele>
        <time>2026-05-24T01:13:27.000Z</time>
        <extensions>
          <ns3:TrackPointExtension>
            <ns3:hr>139</ns3:hr>
            <ns3:cad>83</ns3:cad>
          </ns3:TrackPointExtension>
        </extensions>
      </trkpt>
      <trkpt lat="37.52455883659422397613525390625" lon="127.10476613603532314300537109375">
        <ele>27.3999996185302734375</ele>
        <time>2026-05-24T01:13:28.000Z</time>
        <extensions>
          <ns3:TrackPointExtension>
            <ns3:hr>140</ns3:hr>
            <ns3:cad>84</ns3:cad>
          </ns3:TrackPointExtension>
        </extensions>
      </trkpt>
      <trkpt lat="37.5245614349842071533203125" lon="127.10479144938290119171142578125">
        <ele>27.3999996185302734375</ele>
        <time>2026-05-24T01:13:29.000Z</time>
        <extensions>
          <ns3:TrackPointExtension>
            <ns3:hr>140</ns3:hr>
            <ns3:cad>84</ns3:cad>
          </ns3:TrackPointExtension>
        </extensions>
      </trkpt>
      <trkpt lat="37.5245609320700168609619140625" lon="127.1048307605087757110595703125">
        <ele>27.3999996185302734375</ele>
        <time>2026-05-24T01:13:30.000Z</time>
        <extensions>
          <ns3:TrackPointExtension>
            <ns3:hr>140</ns3:hr>
            <ns3:cad>84</ns3:cad>
          </ns3:TrackPointExtension>
        </extensions>
      </trkpt>
      <trkpt lat="37.52456470392644405364990234375" lon="127.10485850460827350616455078125">
        <ele>27.3999996185302734375</ele>
        <time>2026-05-24T01:13:31.000Z</time>
        <extensions>
          <ns3:TrackPointExtension>
            <ns3:hr>140</ns3:hr>
            <ns3:cad>84</ns3:cad>
          </ns3:TrackPointExtension>
        </extensions>
      </trkpt>
      <trkpt lat="37.5245649553835391998291015625" lon="127.10490175522863864898681640625">
        <ele>27.6000003814697265625</ele>
        <time>2026-05-24T01:13:32.000Z</time>
        <extensions>
          <ns3:TrackPointExtension>
            <ns3:hr>140</ns3:hr>
            <ns3:cad>84</ns3:cad>
          </ns3:TrackPointExtension>
        </extensions>
      </trkpt>
      <trkpt lat="37.52456638030707836151123046875" lon="127.10493880324065685272216796875">
        <ele>27.6000003814697265625</ele>
        <time>2026-05-24T01:13:33.000Z</time>
        <extensions>
          <ns3:TrackPointExtension>
            <ns3:hr>140</ns3:hr>
            <ns3:cad>84</ns3:cad>
          </ns3:TrackPointExtension>
        </extensions>
      </trkpt>
      <trkpt lat="37.524566464126110076904296875" lon="127.10497048683464527130126953125">
        <ele>27.6000003814697265625</ele>
        <time>2026-05-24T01:13:34.000Z</time>
        <extensions>
          <ns3:TrackPointExtension>
            <ns3:hr>140</ns3:hr>
            <ns3:cad>84</ns3:cad>
          </ns3:TrackPointExtension>
        </extensions>
      </trkpt>
      <trkpt lat="37.5245666317641735076904296875" lon="127.1050077863037586212158203125">
        <ele>27.6000003814697265625</ele>
        <time>2026-05-24T01:13:35.000Z</time>
        <extensions>
          <ns3:TrackPointExtension>
            <ns3:hr>140</ns3:hr>
            <ns3:cad>84</ns3:cad>
          </ns3:TrackPointExtension>
        </extensions>
      </trkpt>
      <trkpt lat="37.52457082271575927734375" lon="127.1050289086997509002685546875">
        <ele>27.6000003814697265625</ele>
        <time>2026-05-24T01:13:36.000Z</time>
        <extensions>
          <ns3:TrackPointExtension>
            <ns3:hr>139</ns3:hr>
            <ns3:cad>84</ns3:cad>
          </ns3:TrackPointExtension>
        </extensions>
      </trkpt>
      <trkpt lat="37.52456889487802982330322265625" lon="127.1050661243498325347900390625">
        <ele>27.6000003814697265625</ele>
        <time>2026-05-24T01:13:37.000Z</time>
        <extensions>
          <ns3:TrackPointExtension>
            <ns3:hr>139</ns3:hr>
            <ns3:cad>84</ns3:cad>
          </ns3:TrackPointExtension>
        </extensions>
      </trkpt>
      <trkpt lat="37.52456805668771266937255859375" lon="127.10509588010609149932861328125">
        <ele>27.6000003814697265625</ele>
        <time>2026-05-24T01:13:38.000Z</time>
        <extensions>
          <ns3:TrackPointExtension>
            <ns3:hr>139</ns3:hr>
            <ns3:cad>84</ns3:cad>
          </ns3:TrackPointExtension>
        </extensions>
      </trkpt>
      <trkpt lat="37.524569146335124969482421875" lon="127.1051254682242870330810546875">
        <ele>27.6000003814697265625</ele>
        <time>2026-05-24T01:13:39.000Z</time>
        <extensions>
          <ns3:TrackPointExtension>
            <ns3:hr>139</ns3:hr>
            <ns3:cad>84</ns3:cad>
          </ns3:TrackPointExtension>
        </extensions>
      </trkpt>
      <trkpt lat="37.52456688322126865386962890625" lon="127.1051658689975738525390625">
        <ele>27.6000003814697265625</ele>
        <time>2026-05-24T01:13:40.000Z</time>
        <extensions>
          <ns3:TrackPointExtension>
            <ns3:hr>139</ns3:hr>
            <ns3:cad>84</ns3:cad>
          </ns3:TrackPointExtension>
        </extensions>
      </trkpt>
      <trkpt lat="37.5245667994022369384765625" lon="127.1051911823451519012451171875">
        <ele>27.6000003814697265625</ele>
        <time>2026-05-24T01:13:41.000Z</time>
        <extensions>
          <ns3:TrackPointExtension>
            <ns3:hr>138</ns3:hr>
            <ns3:cad>84</ns3:cad>
          </ns3:TrackPointExtension>
        </extensions>
      </trkpt>
      <trkpt lat="37.524566464126110076904296875" lon="127.1052206866443157196044921875">
        <ele>27.6000003814697265625</ele>
        <time>2026-05-24T01:13:42.000Z</time>
        <extensions>
          <ns3:TrackPointExtension>
            <ns3:hr>138</ns3:hr>
            <ns3:cad>84</ns3:cad>
          </ns3:TrackPointExtension>
        </extensions>
      </trkpt>
      <trkpt lat="37.52456621266901493072509765625" lon="127.10524993948638439178466796875">
        <ele>27.6000003814697265625</ele>
        <time>2026-05-24T01:13:43.000Z</time>
        <extensions>
          <ns3:TrackPointExtension>
            <ns3:hr>138</ns3:hr>
            <ns3:cad>83</ns3:cad>
          </ns3:TrackPointExtension>
        </extensions>
      </trkpt>
      <trkpt lat="37.524565793573856353759765625" lon="127.1052817068994045257568359375">
        <ele>27.6000003814697265625</ele>
        <time>2026-05-24T01:13:44.000Z</time>
        <extensions>
          <ns3:TrackPointExtension>
            <ns3:hr>138</ns3:hr>
            <ns3:cad>83</ns3:cad>
          </ns3:TrackPointExtension>
        </extensions>
      </trkpt>
      <trkpt lat="37.52456420101225376129150390625" lon="127.10532185621559619903564453125">
        <ele>27.6000003814697265625</ele>
        <time>2026-05-24T01:13:45.000Z</time>
        <extensions>
          <ns3:TrackPointExtension>
            <ns3:hr>138</ns3:hr>
            <ns3:cad>83</ns3:cad>
          </ns3:TrackPointExtension>
        </extensions>
      </trkpt>
      <trkpt lat="37.52456788904964923858642578125" lon="127.10534901358187198638916015625">
        <ele>27.6000003814697265625</ele>
        <time>2026-05-24T01:13:46.000Z</time>
        <extensions>
          <ns3:TrackPointExtension>
            <ns3:hr>137</ns3:hr>
            <ns3:cad>84</ns3:cad>
          </ns3:TrackPointExtension>
        </extensions>
      </trkpt>
      <trkpt lat="37.5245652906596660614013671875" lon="127.10537843406200408935546875">
        <ele>27.6000003814697265625</ele>
        <time>2026-05-24T01:13:47.000Z</time>
        <extensions>
          <ns3:TrackPointExtension>
            <ns3:hr>137</ns3:hr>
            <ns3:cad>84</ns3:cad>
          </ns3:TrackPointExtension>
        </extensions>
      </trkpt>
      <trkpt lat="37.52457073889672756195068359375" lon="127.1054024063050746917724609375">
        <ele>27.6000003814697265625</ele>
        <time>2026-05-24T01:13:48.000Z</time>
        <extensions>
          <ns3:TrackPointExtension>
            <ns3:hr>137</ns3:hr>
            <ns3:cad>85</ns3:cad>
          </ns3:TrackPointExtension>
        </extensions>
      </trkpt>
      <trkpt lat="37.5245723314583301544189453125" lon="127.10543517954647541046142578125">
        <ele>27.6000003814697265625</ele>
        <time>2026-05-24T01:13:49.000Z</time>
        <extensions>
          <ns3:TrackPointExtension>
            <ns3:hr>136</ns3:hr>
            <ns3:cad>85</ns3:cad>
          </ns3:TrackPointExtension>
        </extensions>
      </trkpt>
      <trkpt lat="37.5245676375925540924072265625" lon="127.10547138936817646026611328125">
        <ele>27.799999237060546875</ele>
        <time>2026-05-24T01:13:50.000Z</time>
        <extensions>
          <ns3:TrackPointExtension>
            <ns3:hr>136</ns3:hr>
            <ns3:cad>85</ns3:cad>
          </ns3:TrackPointExtension>
        </extensions>
      </trkpt>
      <trkpt lat="37.524569146335124969482421875" lon="127.105502821505069732666015625">
        <ele>27.799999237060546875</ele>
        <time>2026-05-24T01:13:51.000Z</time>
        <extensions>
          <ns3:TrackPointExtension>
            <ns3:hr>136</ns3:hr>
            <ns3:cad>85</ns3:cad>
          </ns3:TrackPointExtension>
        </extensions>
      </trkpt>
      <trkpt lat="37.52456554211676120758056640625" lon="127.1055472455918788909912109375">
        <ele>27.799999237060546875</ele>
        <time>2026-05-24T01:13:52.000Z</time>
        <extensions>
          <ns3:TrackPointExtension>
            <ns3:hr>136</ns3:hr>
            <ns3:cad>85</ns3:cad>
          </ns3:TrackPointExtension>
        </extensions>
      </trkpt>
      <trkpt lat="37.524564452469348907470703125" lon="127.1055760793387889862060546875">
        <ele>28</ele>
        <time>2026-05-24T01:13:53.000Z</time>
        <extensions>
          <ns3:TrackPointExtension>
            <ns3:hr>136</ns3:hr>
            <ns3:cad>84</ns3:cad>
          </ns3:TrackPointExtension>
        </extensions>
      </trkpt>
      <trkpt lat="37.524565793573856353759765625" lon="127.105608098208904266357421875">
        <ele>28</ele>
        <time>2026-05-24T01:13:54.000Z</time>
        <extensions>
          <ns3:TrackPointExtension>
            <ns3:hr>136</ns3:hr>
            <ns3:cad>84</ns3:cad>
          </ns3:TrackPointExtension>
        </extensions>
      </trkpt>
      <trkpt lat="37.52456420101225376129150390625" lon="127.10563885979354381561279296875">
        <ele>28</ele>
        <time>2026-05-24T01:13:55.000Z</time>
        <extensions>
          <ns3:TrackPointExtension>
            <ns3:hr>135</ns3:hr>
            <ns3:cad>84</ns3:cad>
          </ns3:TrackPointExtension>
        </extensions>
      </trkpt>
      <trkpt lat="37.52456587739288806915283203125" lon="127.10566677153110504150390625">
        <ele>28</ele>
        <time>2026-05-24T01:13:56.000Z</time>
        <extensions>
          <ns3:TrackPointExtension>
            <ns3:hr>135</ns3:hr>
            <ns3:cad>84</ns3:cad>
          </ns3:TrackPointExtension>
        </extensions>
      </trkpt>
      <trkpt lat="37.5245587527751922607421875" lon="127.1057034842669963836669921875">
        <ele>28.200000762939453125</ele>
        <time>2026-05-24T01:13:57.000Z</time>
        <extensions>
          <ns3:TrackPointExtension>
            <ns3:hr>135</ns3:hr>
            <ns3:cad>84</ns3:cad>
          </ns3:TrackPointExtension>
        </extensions>
      </trkpt>
      <trkpt lat="37.524558417499065399169921875" lon="127.10573106072843074798583984375">
        <ele>28.200000762939453125</ele>
        <time>2026-05-24T01:13:58.000Z</time>
        <extensions>
          <ns3:TrackPointExtension>
            <ns3:hr>135</ns3:hr>
            <ns3:cad>84</ns3:cad>
          </ns3:TrackPointExtension>
        </extensions>
      </trkpt>
      <trkpt lat="37.52456420101225376129150390625" lon="127.10576861165463924407958984375">
        <ele>28.200000762939453125</ele>
        <time>2026-05-24T01:13:59.000Z</time>
        <extensions>
          <ns3:TrackPointExtension>
            <ns3:hr>135</ns3:hr>
            <ns3:cad>84</ns3:cad>
          </ns3:TrackPointExtension>
        </extensions>
      </trkpt>
      <trkpt lat="37.524564452469348907470703125" lon="127.10580297745764255523681640625">
        <ele>28.200000762939453125</ele>
        <time>2026-05-24T01:14:00.000Z</time>
        <extensions>
          <ns3:TrackPointExtension>
            <ns3:hr>135</ns3:hr>
            <ns3:cad>84</ns3:cad>
          </ns3:TrackPointExtension>
        </extensions>
      </trkpt>
      <trkpt lat="37.524567134678363800048828125" lon="127.1058399416506290435791015625">
        <ele>28.200000762939453125</ele>
        <time>2026-05-24T01:14:01.000Z</time>
        <extensions>
          <ns3:TrackPointExtension>
            <ns3:hr>134</ns3:hr>
            <ns3:cad>84</ns3:cad>
          </ns3:TrackPointExtension>
        </extensions>
      </trkpt>
      <trkpt lat="37.52456688322126865386962890625" lon="127.10587690584361553192138671875">
        <ele>28.200000762939453125</ele>
        <time>2026-05-24T01:14:02.000Z</time>
        <extensions>
          <ns3:TrackPointExtension>
            <ns3:hr>134</ns3:hr>
            <ns3:cad>84</ns3:cad>
          </ns3:TrackPointExtension>
        </extensions>
      </trkpt>
      <trkpt lat="37.5245646201074123382568359375" lon="127.1058996208012104034423828125">
        <ele>28.200000762939453125</ele>
        <time>2026-05-24T01:14:03.000Z</time>
        <extensions>
          <ns3:TrackPointExtension>
            <ns3:hr>134</ns3:hr>
            <ns3:cad>85</ns3:cad>
          </ns3:TrackPointExtension>
        </extensions>
      </trkpt>
      <trkpt lat="37.52456612884998321533203125" lon="127.105938680469989776611328125">
        <ele>28.200000762939453125</ele>
        <time>2026-05-24T01:14:04.000Z</time>
        <extensions>
          <ns3:TrackPointExtension>
            <ns3:hr>134</ns3:hr>
            <ns3:cad>85</ns3:cad>
          </ns3:TrackPointExtension>
        </extensions>
      </trkpt>
      <trkpt lat="37.524565123021602630615234375" lon="127.10596843622624874114990234375">
        <ele>28.200000762939453125</ele>
        <time>2026-05-24T01:14:05.000Z</time>
        <extensions>
          <ns3:TrackPointExtension>
            <ns3:hr>134</ns3:hr>
            <ns3:cad>84</ns3:cad>
          </ns3:TrackPointExtension>
        </extensions>
      </trkpt>
      <trkpt lat="37.52456654794514179229736328125" lon="127.105999030172824859619140625">
        <ele>28.200000762939453125</ele>
        <time>2026-05-24T01:14:06.000Z</time>
        <extensions>
          <ns3:TrackPointExtension>
            <ns3:hr>133</ns3:hr>
            <ns3:cad>83</ns3:cad>
          </ns3:TrackPointExtension>
        </extensions>
      </trkpt>
      <trkpt lat="37.52456302754580974578857421875" lon="127.10603532381355762481689453125">
        <ele>28</ele>
        <time>2026-05-24T01:14:07.000Z</time>
        <extensions>
          <ns3:TrackPointExtension>
            <ns3:hr>133</ns3:hr>
            <ns3:cad>83</ns3:cad>
          </ns3:TrackPointExtension>
        </extensions>
      </trkpt>
      <trkpt lat="37.5245622731745243072509765625" lon="127.106064073741436004638671875">
        <ele>28</ele>
        <time>2026-05-24T01:14:08.000Z</time>
        <extensions>
          <ns3:TrackPointExtension>
            <ns3:hr>133</ns3:hr>
            <ns3:cad>84</ns3:cad>
          </ns3:TrackPointExtension>
        </extensions>
      </trkpt>
      <trkpt lat="37.52456202171742916107177734375" lon="127.10611176677048206329345703125">
        <ele>28</ele>
        <time>2026-05-24T01:14:09.000Z</time>
        <extensions>
          <ns3:TrackPointExtension>
            <ns3:hr>133</ns3:hr>
            <ns3:cad>84</ns3:cad>
          </ns3:TrackPointExtension>
        </extensions>
      </trkpt>
      <trkpt lat="37.524559088051319122314453125" lon="127.10613557137548923492431640625">
        <ele>28</ele>
        <time>2026-05-24T01:14:10.000Z</time>
        <extensions>
          <ns3:TrackPointExtension>
            <ns3:hr>133</ns3:hr>
            <ns3:cad>84</ns3:cad>
          </ns3:TrackPointExtension>
        </extensions>
      </trkpt>
      <trkpt lat="37.52455967478454113006591796875" lon="127.10616474039852619171142578125">
        <ele>28</ele>
        <time>2026-05-24T01:14:11.000Z</time>
        <extensions>
          <ns3:TrackPointExtension>
            <ns3:hr>132</ns3:hr>
            <ns3:cad>84</ns3:cad>
          </ns3:TrackPointExtension>
        </extensions>
      </trkpt>
      <trkpt lat="37.52455766312777996063232421875" lon="127.10620380006730556488037109375">
        <ele>28</ele>
        <time>2026-05-24T01:14:12.000Z</time>
        <extensions>
          <ns3:TrackPointExtension>
            <ns3:hr>132</ns3:hr>
            <ns3:cad>84</ns3:cad>
          </ns3:TrackPointExtension>
        </extensions>
      </trkpt>
      <trkpt lat="37.52456135116517543792724609375" lon="127.1062271855771541595458984375">
        <ele>27.799999237060546875</ele>
        <time>2026-05-24T01:14:13.000Z</time>
        <extensions>
          <ns3:TrackPointExtension>
            <ns3:hr>132</ns3:hr>
            <ns3:cad>84</ns3:cad>
          </ns3:TrackPointExtension>
        </extensions>
      </trkpt>
      <trkpt lat="37.5245587527751922607421875" lon="127.1062664128839969635009765625">
        <ele>27.799999237060546875</ele>
        <time>2026-05-24T01:14:14.000Z</time>
        <extensions>
          <ns3:TrackPointExtension>
            <ns3:hr>132</ns3:hr>
            <ns3:cad>84</ns3:cad>
          </ns3:TrackPointExtension>
        </extensions>
      </trkpt>
      <trkpt lat="37.52455481328070163726806640625" lon="127.106294073164463043212890625">
        <ele>28</ele>
        <time>2026-05-24T01:14:15.000Z</time>
        <extensions>
          <ns3:TrackPointExtension>
            <ns3:hr>132</ns3:hr>
            <ns3:cad>84</ns3:cad>
          </ns3:TrackPointExtension>
        </extensions>
      </trkpt>
      <trkpt lat="37.5245552323758602142333984375" lon="127.106320559978485107421875">
        <ele>28</ele>
        <time>2026-05-24T01:14:16.000Z</time>
        <extensions>
          <ns3:TrackPointExtension>
            <ns3:hr>132</ns3:hr>
            <ns3:cad>84</ns3:cad>
          </ns3:TrackPointExtension>
        </extensions>
      </trkpt>
      <trkpt lat="37.5245528854429721832275390625" lon="127.1063555963337421417236328125">
        <ele>28</ele>
        <time>2026-05-24T01:14:17.000Z</time>
        <extensions>
          <ns3:TrackPointExtension>
            <ns3:hr>132</ns3:hr>
            <ns3:cad>84</ns3:cad>
          </ns3:TrackPointExtension>
        </extensions>
      </trkpt>
      <trkpt lat="37.5245535559952259063720703125" lon="127.10638158023357391357421875">
        <ele>28</ele>
        <time>2026-05-24T01:14:18.000Z</time>
        <extensions>
          <ns3:TrackPointExtension>
            <ns3:hr>131</ns3:hr>
            <ns3:cad>84</ns3:cad>
          </ns3:TrackPointExtension>
        </extensions>
      </trkpt>
      <trkpt lat="37.5245518796145915985107421875" lon="127.10641569457948207855224609375">
        <ele>28</ele>
        <time>2026-05-24T01:14:19.000Z</time>
        <extensions>
          <ns3:TrackPointExtension>
            <ns3:hr>131</ns3:hr>
            <ns3:cad>84</ns3:cad>
          </ns3:TrackPointExtension>
        </extensions>
      </trkpt>
      <trkpt lat="37.52455313690006732940673828125" lon="127.10644167847931385040283203125">
        <ele>28</ele>
        <time>2026-05-24T01:14:20.000Z</time>
        <extensions>
          <ns3:TrackPointExtension>
            <ns3:hr>131</ns3:hr>
            <ns3:cad>84</ns3:cad>
          </ns3:TrackPointExtension>
        </extensions>
      </trkpt>
      <trkpt lat="37.5245562382042407989501953125" lon="127.10647922940552234649658203125">
        <ele>28</ele>
        <time>2026-05-24T01:14:21.000Z</time>
        <extensions>
          <ns3:TrackPointExtension>
            <ns3:hr>131</ns3:hr>
            <ns3:cad>84</ns3:cad>
          </ns3:TrackPointExtension>
        </extensions>
      </trkpt>
      <trkpt lat="37.52455682493746280670166015625" lon="127.10651761852204799652099609375">
        <ele>28</ele>
        <time>2026-05-24T01:14:22.000Z</time>
        <extensions>
          <ns3:TrackPointExtension>
            <ns3:hr>130</ns3:hr>
            <ns3:cad>84</ns3:cad>
          </ns3:TrackPointExtension>
        </extensions>
      </trkpt>
      <trkpt lat="37.5245569087564945220947265625" lon="127.10654628463089466094970703125">
        <ele>28</ele>
        <time>2026-05-24T01:14:23.000Z</time>
        <extensions>
          <ns3:TrackPointExtension>
            <ns3:hr>130</ns3:hr>
            <ns3:cad>84</ns3:cad>
          </ns3:TrackPointExtension>
        </extensions>
      </trkpt>
      <trkpt lat="37.52455363981425762176513671875" lon="127.10658542811870574951171875">
        <ele>28</ele>
        <time>2026-05-24T01:14:24.000Z</time>
        <extensions>
          <ns3:TrackPointExtension>
            <ns3:hr>130</ns3:hr>
            <ns3:cad>83</ns3:cad>
          </ns3:TrackPointExtension>
        </extensions>
      </trkpt>
      <trkpt lat="37.52456135116517543792724609375" lon="127.10661132819950580596923828125">
        <ele>28</ele>
        <time>2026-05-24T01:14:25.000Z</time>
        <extensions>
          <ns3:TrackPointExtension>
            <ns3:hr>130</ns3:hr>
            <ns3:cad>83</ns3:cad>
          </ns3:TrackPointExtension>
        </extensions>
      </trkpt>
      <trkpt lat="37.524563111364841461181640625" lon="127.10664720274507999420166015625">
        <ele>28</ele>
        <time>2026-05-24T01:14:26.000Z</time>
        <extensions>
          <ns3:TrackPointExtension>
            <ns3:hr>130</ns3:hr>
            <ns3:cad>83</ns3:cad>
          </ns3:TrackPointExtension>
        </extensions>
      </trkpt>
      <trkpt lat="37.5245602615177631378173828125" lon="127.10668156854808330535888671875">
        <ele>28.200000762939453125</ele>
        <time>2026-05-24T01:14:27.000Z</time>
        <extensions>
          <ns3:TrackPointExtension>
            <ns3:hr>130</ns3:hr>
            <ns3:cad>84</ns3:cad>
          </ns3:TrackPointExtension>
        </extensions>
      </trkpt>
      <trkpt lat="37.52455749548971652984619140625" lon="127.10671274922788143157958984375">
        <ele>28.200000762939453125</ele>
        <time>2026-05-24T01:14:28.000Z</time>
        <extensions>
          <ns3:TrackPointExtension>
            <ns3:hr>129</ns3:hr>
            <ns3:cad>84</ns3:cad>
          </ns3:TrackPointExtension>
        </extensions>
      </trkpt>
      <trkpt lat="37.52455732785165309906005859375" lon="127.10674979723989963531494140625">
        <ele>28.200000762939453125</ele>
        <time>2026-05-24T01:14:29.000Z</time>
        <extensions>
          <ns3:TrackPointExtension>
            <ns3:hr>129</ns3:hr>
            <ns3:cad>85</ns3:cad>
          </ns3:TrackPointExtension>
        </extensions>
      </trkpt>
      <trkpt lat="37.52456034533679485321044921875" lon="127.10677527822554111480712890625">
        <ele>28.200000762939453125</ele>
        <time>2026-05-24T01:14:30.000Z</time>
        <extensions>
          <ns3:TrackPointExtension>
            <ns3:hr>129</ns3:hr>
            <ns3:cad>85</ns3:cad>
          </ns3:TrackPointExtension>
        </extensions>
      </trkpt>
      <trkpt lat="37.5245656259357929229736328125" lon="127.10681115277111530303955078125">
        <ele>28.200000762939453125</ele>
        <time>2026-05-24T01:14:31.000Z</time>
        <extensions>
          <ns3:TrackPointExtension>
            <ns3:hr>129</ns3:hr>
            <ns3:cad>85</ns3:cad>
          </ns3:TrackPointExtension>
        </extensions>
      </trkpt>
      <trkpt lat="37.52456705085933208465576171875" lon="127.106844596564769744873046875">
        <ele>28.200000762939453125</ele>
        <time>2026-05-24T01:14:32.000Z</time>
        <extensions>
          <ns3:TrackPointExtension>
            <ns3:hr>130</ns3:hr>
            <ns3:cad>83</ns3:cad>
          </ns3:TrackPointExtension>
        </extensions>
      </trkpt>
      <trkpt lat="37.52456612884998321533203125" lon="127.10687837563455104827880859375">
        <ele>28.200000762939453125</ele>
        <time>2026-05-24T01:14:33.000Z</time>
        <extensions>
          <ns3:TrackPointExtension>
            <ns3:hr>129</ns3:hr>
            <ns3:cad>83</ns3:cad>
          </ns3:TrackPointExtension>
        </extensions>
      </trkpt>
      <trkpt lat="37.52456210553646087646484375" lon="127.10691307671368122100830078125">
        <ele>28.200000762939453125</ele>
        <time>2026-05-24T01:14:34.000Z</time>
        <extensions>
          <ns3:TrackPointExtension>
            <ns3:hr>129</ns3:hr>
            <ns3:cad>83</ns3:cad>
          </ns3:TrackPointExtension>
        </extensions>
      </trkpt>
      <trkpt lat="37.5245622731745243072509765625" lon="127.1069426648318767547607421875">
        <ele>28.200000762939453125</ele>
        <time>2026-05-24T01:14:35.000Z</time>
        <extensions>
          <ns3:TrackPointExtension>
            <ns3:hr>129</ns3:hr>
            <ns3:cad>85</ns3:cad>
          </ns3:TrackPointExtension>
        </extensions>
      </trkpt>
      <trkpt lat="37.524557411670684814453125" lon="127.10698734037578105926513671875">
        <ele>28.200000762939453125</ele>
        <time>2026-05-24T01:14:36.000Z</time>
        <extensions>
          <ns3:TrackPointExtension>
            <ns3:hr>129</ns3:hr>
            <ns3:cad>85</ns3:cad>
          </ns3:TrackPointExtension>
        </extensions>
      </trkpt>
      <trkpt lat="37.52455766312777996063232421875" lon="127.10701189935207366943359375">
        <ele>28.200000762939453125</ele>
        <time>2026-05-24T01:14:37.000Z</time>
        <extensions>
          <ns3:TrackPointExtension>
            <ns3:hr>129</ns3:hr>
            <ns3:cad>86</ns3:cad>
          </ns3:TrackPointExtension>
        </extensions>
      </trkpt>
      <trkpt lat="37.5245555676519870758056640625" lon="127.10705154575407505035400390625">
        <ele>28.200000762939453125</ele>
        <time>2026-05-24T01:14:38.000Z</time>
        <extensions>
          <ns3:TrackPointExtension>
            <ns3:hr>129</ns3:hr>
            <ns3:cad>86</ns3:cad>
          </ns3:TrackPointExtension>
        </extensions>
      </trkpt>
      <trkpt lat="37.524549700319766998291015625" lon="127.10708641447126865386962890625">
        <ele>28.200000762939453125</ele>
        <time>2026-05-24T01:14:39.000Z</time>
        <extensions>
          <ns3:TrackPointExtension>
            <ns3:hr>129</ns3:hr>
            <ns3:cad>86</ns3:cad>
          </ns3:TrackPointExtension>
        </extensions>
      </trkpt>
      <trkpt lat="37.52454877831041812896728515625" lon="127.10711675696074962615966796875">
        <ele>28.200000762939453125</ele>
        <time>2026-05-24T01:14:40.000Z</time>
        <extensions>
          <ns3:TrackPointExtension>
            <ns3:hr>130</ns3:hr>
            <ns3:cad>85</ns3:cad>
          </ns3:TrackPointExtension>
        </extensions>
      </trkpt>
      <trkpt lat="37.52454391680657863616943359375" lon="127.10715933702886104583740234375">
        <ele>28.200000762939453125</ele>
        <time>2026-05-24T01:14:41.000Z</time>
        <extensions>
          <ns3:TrackPointExtension>
            <ns3:hr>129</ns3:hr>
            <ns3:cad>85</ns3:cad>
          </ns3:TrackPointExtension>
        </extensions>
      </trkpt>
      <trkpt lat="37.52454844303429126739501953125" lon="127.107187248766422271728515625">
        <ele>28.200000762939453125</ele>
        <time>2026-05-24T01:14:42.000Z</time>
        <extensions>
          <ns3:TrackPointExtension>
            <ns3:hr>129</ns3:hr>
            <ns3:cad>84</ns3:cad>
          </ns3:TrackPointExtension>
        </extensions>
      </trkpt>
      <trkpt lat="37.52455129288136959075927734375" lon="127.1072330139577388763427734375">
        <ele>28.200000762939453125</ele>
        <time>2026-05-24T01:14:43.000Z</time>
        <extensions>
          <ns3:TrackPointExtension>
            <ns3:hr>129</ns3:hr>
            <ns3:cad>84</ns3:cad>
          </ns3:TrackPointExtension>
        </extensions>
      </trkpt>
      <trkpt lat="37.524557076394557952880859375" lon="127.10726092569530010223388671875">
        <ele>28.200000762939453125</ele>
        <time>2026-05-24T01:14:44.000Z</time>
        <extensions>
          <ns3:TrackPointExtension>
            <ns3:hr>129</ns3:hr>
            <ns3:cad>85</ns3:cad>
          </ns3:TrackPointExtension>
        </extensions>
      </trkpt>
      <trkpt lat="37.52455531619489192962646484375" lon="127.10729713551700115203857421875">
        <ele>28.200000762939453125</ele>
        <time>2026-05-24T01:14:45.000Z</time>
        <extensions>
          <ns3:TrackPointExtension>
            <ns3:hr>129</ns3:hr>
            <ns3:cad>85</ns3:cad>
          </ns3:TrackPointExtension>
        </extensions>
      </trkpt>
      <trkpt lat="37.524551711976528167724609375" lon="127.10733016021549701690673828125">
        <ele>28.200000762939453125</ele>
        <time>2026-05-24T01:14:46.000Z</time>
        <extensions>
          <ns3:TrackPointExtension>
            <ns3:hr>129</ns3:hr>
            <ns3:cad>85</ns3:cad>
          </ns3:TrackPointExtension>
        </extensions>
      </trkpt>
      <trkpt lat="37.52455263398587703704833984375" lon="127.10735430009663105010986328125">
        <ele>28.200000762939453125</ele>
        <time>2026-05-24T01:14:47.000Z</time>
        <extensions>
          <ns3:TrackPointExtension>
            <ns3:hr>129</ns3:hr>
            <ns3:cad>85</ns3:cad>
          </ns3:TrackPointExtension>
        </extensions>
      </trkpt>
      <trkpt lat="37.52455137670040130615234375" lon="127.10738615132868289947509765625">
        <ele>28.200000762939453125</ele>
        <time>2026-05-24T01:14:48.000Z</time>
        <extensions>
          <ns3:TrackPointExtension>
            <ns3:hr>129</ns3:hr>
            <ns3:cad>85</ns3:cad>
          </ns3:TrackPointExtension>
        </extensions>
      </trkpt>
      <trkpt lat="37.52455062232911586761474609375" lon="127.1074154041707515716552734375">
        <ele>28</ele>
        <time>2026-05-24T01:14:49.000Z</time>
        <extensions>
          <ns3:TrackPointExtension>
            <ns3:hr>129</ns3:hr>
            <ns3:cad>85</ns3:cad>
          </ns3:TrackPointExtension>
        </extensions>
      </trkpt>
      <trkpt lat="37.5245491974055767059326171875" lon="127.10744968615472316741943359375">
        <ele>28</ele>
        <time>2026-05-24T01:14:50.000Z</time>
        <extensions>
          <ns3:TrackPointExtension>
            <ns3:hr>129</ns3:hr>
            <ns3:cad>85</ns3:cad>
          </ns3:TrackPointExtension>
        </extensions>
      </trkpt>
      <trkpt lat="37.52454693429172039031982421875" lon="127.10747902281582355499267578125">
        <ele>28</ele>
        <time>2026-05-24T01:14:51.000Z</time>
        <extensions>
          <ns3:TrackPointExtension>
            <ns3:hr>129</ns3:hr>
            <ns3:cad>85</ns3:cad>
          </ns3:TrackPointExtension>
        </extensions>
      </trkpt>
      <trkpt lat="37.52454441972076892852783203125" lon="127.10750408470630645751953125">
        <ele>28.200000762939453125</ele>
        <time>2026-05-24T01:14:52.000Z</time>
        <extensions>
          <ns3:TrackPointExtension>
            <ns3:hr>129</ns3:hr>
            <ns3:cad>85</ns3:cad>
          </ns3:TrackPointExtension>
        </extensions>
      </trkpt>
      <trkpt lat="37.524536289274692535400390625" lon="127.1075387857854366302490234375">
        <ele>28.200000762939453125</ele>
        <time>2026-05-24T01:14:53.000Z</time>
        <extensions>
          <ns3:TrackPointExtension>
            <ns3:hr>129</ns3:hr>
            <ns3:cad>84</ns3:cad>
          </ns3:TrackPointExtension>
        </extensions>
      </trkpt>
      <trkpt lat="37.52454358153045177459716796875" lon="127.10757072083652019500732421875">
        <ele>28.200000762939453125</ele>
        <time>2026-05-24T01:14:54.000Z</time>
        <extensions>
          <ns3:TrackPointExtension>
            <ns3:hr>129</ns3:hr>
            <ns3:cad>84</ns3:cad>
          </ns3:TrackPointExtension>
        </extensions>
      </trkpt>
      <trkpt lat="37.52454467117786407470703125" lon="127.10760626010596752166748046875">
        <ele>28.200000762939453125</ele>
        <time>2026-05-24T01:14:55.000Z</time>
        <extensions>
          <ns3:TrackPointExtension>
            <ns3:hr>129</ns3:hr>
            <ns3:cad>84</ns3:cad>
          </ns3:TrackPointExtension>
        </extensions>
      </trkpt>
      <trkpt lat="37.52454408444464206695556640625" lon="127.107640206813812255859375">
        <ele>28.200000762939453125</ele>
        <time>2026-05-24T01:14:56.000Z</time>
        <extensions>
          <ns3:TrackPointExtension>
            <ns3:hr>129</ns3:hr>
            <ns3:cad>84</ns3:cad>
          </ns3:TrackPointExtension>
        </extensions>
      </trkpt>
      <trkpt lat="37.52454592846333980560302734375" lon="127.10766308940947055816650390625">
        <ele>28.200000762939453125</ele>
        <time>2026-05-24T01:14:57.000Z</time>
        <extensions>
          <ns3:TrackPointExtension>
            <ns3:hr>128</ns3:hr>
            <ns3:cad>85</ns3:cad>
          </ns3:TrackPointExtension>
        </extensions>
      </trkpt>
      <trkpt lat="37.5245404802262783050537109375" lon="127.10769644938409328460693359375">
        <ele>28.3999996185302734375</ele>
        <time>2026-05-24T01:14:58.000Z</time>
        <extensions>
          <ns3:TrackPointExtension>
            <ns3:hr>128</ns3:hr>
            <ns3:cad>85</ns3:cad>
          </ns3:TrackPointExtension>
        </extensions>
      </trkpt>
      <trkpt lat="37.5245391391217708587646484375" lon="127.1077191643416881561279296875">
        <ele>28.3999996185302734375</ele>
        <time>2026-05-24T01:14:59.000Z</time>
        <extensions>
          <ns3:TrackPointExtension>
            <ns3:hr>128</ns3:hr>
            <ns3:cad>84</ns3:cad>
          </ns3:TrackPointExtension>
        </extensions>
      </trkpt>
      <trkpt lat="37.524536289274692535400390625" lon="127.10775495506823062896728515625">
        <ele>28.3999996185302734375</ele>
        <time>2026-05-24T01:15:00.000Z</time>
        <extensions>
          <ns3:TrackPointExtension>
            <ns3:hr>128</ns3:hr>
            <ns3:cad>84</ns3:cad>
          </ns3:TrackPointExtension>
        </extensions>
      </trkpt>
      <trkpt lat="37.5245354510843753814697265625" lon="127.10779233835637569427490234375">
        <ele>28.3999996185302734375</ele>
        <time>2026-05-24T01:15:01.000Z</time>
        <extensions>
          <ns3:TrackPointExtension>
            <ns3:hr>128</ns3:hr>
            <ns3:cad>84</ns3:cad>
          </ns3:TrackPointExtension>
        </extensions>
      </trkpt>
      <trkpt lat="37.52454073168337345123291015625" lon="127.1078247763216495513916015625">
        <ele>28.3999996185302734375</ele>
        <time>2026-05-24T01:15:02.000Z</time>
        <extensions>
          <ns3:TrackPointExtension>
            <ns3:hr>128</ns3:hr>
            <ns3:cad>85</ns3:cad>
          </ns3:TrackPointExtension>
        </extensions>
      </trkpt>
      <trkpt lat="37.52454123459756374359130859375" lon="127.1078663505613803863525390625">
        <ele>28.3999996185302734375</ele>
        <time>2026-05-24T01:15:03.000Z</time>
        <extensions>
          <ns3:TrackPointExtension>
            <ns3:hr>128</ns3:hr>
            <ns3:cad>85</ns3:cad>
          </ns3:TrackPointExtension>
        </extensions>
      </trkpt>
      <trkpt lat="37.52454274334013462066650390625" lon="127.1078904904425144195556640625">
        <ele>28.3999996185302734375</ele>
        <time>2026-05-24T01:15:04.000Z</time>
        <extensions>
          <ns3:TrackPointExtension>
            <ns3:hr>128</ns3:hr>
            <ns3:cad>84</ns3:cad>
          </ns3:TrackPointExtension>
        </extensions>
      </trkpt>
      <trkpt lat="37.5245411507785320281982421875" lon="127.1079216711223125457763671875">
        <ele>28.3999996185302734375</ele>
        <time>2026-05-24T01:15:05.000Z</time>
        <extensions>
          <ns3:TrackPointExtension>
            <ns3:hr>127</ns3:hr>
            <ns3:cad>84</ns3:cad>
          </ns3:TrackPointExtension>
        </extensions>
      </trkpt>
      <trkpt lat="37.52454441972076892852783203125" lon="127.10795067250728607177734375">
        <ele>28.3999996185302734375</ele>
        <time>2026-05-24T01:15:06.000Z</time>
        <extensions>
          <ns3:TrackPointExtension>
            <ns3:hr>127</ns3:hr>
            <ns3:cad>84</ns3:cad>
          </ns3:TrackPointExtension>
        </extensions>
      </trkpt>
      <trkpt lat="37.52454592846333980560302734375" lon="127.10798562504351139068603515625">
        <ele>28.3999996185302734375</ele>
        <time>2026-05-24T01:15:07.000Z</time>
        <extensions>
          <ns3:TrackPointExtension>
            <ns3:hr>127</ns3:hr>
            <ns3:cad>84</ns3:cad>
          </ns3:TrackPointExtension>
        </extensions>
      </trkpt>
      <trkpt lat="37.52454525791108608245849609375" lon="127.10802753455936908721923828125">
        <ele>28.3999996185302734375</ele>
        <time>2026-05-24T01:15:08.000Z</time>
        <extensions>
          <ns3:TrackPointExtension>
            <ns3:hr>127</ns3:hr>
            <ns3:cad>84</ns3:cad>
          </ns3:TrackPointExtension>
        </extensions>
      </trkpt>
      <trkpt lat="37.5245488621294498443603515625" lon="127.10806173272430896759033203125">
        <ele>28.3999996185302734375</ele>
        <time>2026-05-24T01:15:09.000Z</time>
        <extensions>
          <ns3:TrackPointExtension>
            <ns3:hr>127</ns3:hr>
            <ns3:cad>84</ns3:cad>
          </ns3:TrackPointExtension>
        </extensions>
      </trkpt>
      <trkpt lat="37.52455003559589385986328125" lon="127.108099199831485748291015625">
        <ele>28.3999996185302734375</ele>
        <time>2026-05-24T01:15:10.000Z</time>
        <extensions>
          <ns3:TrackPointExtension>
            <ns3:hr>127</ns3:hr>
            <ns3:cad>84</ns3:cad>
          </ns3:TrackPointExtension>
        </extensions>
      </trkpt>
      <trkpt lat="37.5245518796145915985107421875" lon="127.10812929086387157440185546875">
        <ele>28.3999996185302734375</ele>
        <time>2026-05-24T01:15:11.000Z</time>
        <extensions>
          <ns3:TrackPointExtension>
            <ns3:hr>127</ns3:hr>
            <ns3:cad>84</ns3:cad>
          </ns3:TrackPointExtension>
        </extensions>
      </trkpt>
      <trkpt lat="37.52455179579555988311767578125" lon="127.108156867325305938720703125">
        <ele>28.3999996185302734375</ele>
        <time>2026-05-24T01:15:12.000Z</time>
        <extensions>
          <ns3:TrackPointExtension>
            <ns3:hr>127</ns3:hr>
            <ns3:cad>84</ns3:cad>
          </ns3:TrackPointExtension>
        </extensions>
      </trkpt>
      <trkpt lat="37.5245538912713527679443359375" lon="127.10818846710026264190673828125">
        <ele>28.3999996185302734375</ele>
        <time>2026-05-24T01:15:13.000Z</time>
        <extensions>
          <ns3:TrackPointExtension>
            <ns3:hr>126</ns3:hr>
            <ns3:cad>84</ns3:cad>
          </ns3:TrackPointExtension>
        </extensions>
      </trkpt>
      <trkpt lat="37.524559758603572845458984375" lon="127.1082173846662044525146484375">
        <ele>28.3999996185302734375</ele>
        <time>2026-05-24T01:15:14.000Z</time>
        <extensions>
          <ns3:TrackPointExtension>
            <ns3:hr>126</ns3:hr>
            <ns3:cad>84</ns3:cad>
          </ns3:TrackPointExtension>
        </extensions>
      </trkpt>
      <trkpt lat="37.524562440812587738037109375" lon="127.1082477271556854248046875">
        <ele>28.3999996185302734375</ele>
        <time>2026-05-24T01:15:15.000Z</time>
        <extensions>
          <ns3:TrackPointExtension>
            <ns3:hr>126</ns3:hr>
            <ns3:cad>84</ns3:cad>
          </ns3:TrackPointExtension>
        </extensions>
      </trkpt>
      <trkpt lat="37.52456034533679485321044921875" lon="127.10827480070292949676513671875">
        <ele>28.3999996185302734375</ele>
        <time>2026-05-24T01:15:16.000Z</time>
        <extensions>
          <ns3:TrackPointExtension>
            <ns3:hr>126</ns3:hr>
            <ns3:cad>84</ns3:cad>
          </ns3:TrackPointExtension>
        </extensions>
      </trkpt>
      <trkpt lat="37.5245569087564945220947265625" lon="127.10830715484917163848876953125">
        <ele>28.6000003814697265625</ele>
        <time>2026-05-24T01:15:17.000Z</time>
        <extensions>
          <ns3:TrackPointExtension>
            <ns3:hr>126</ns3:hr>
            <ns3:cad>84</ns3:cad>
          </ns3:TrackPointExtension>
        </extensions>
      </trkpt>
      <trkpt lat="37.52455514855682849884033203125" lon="127.1083374135196208953857421875">
        <ele>28.6000003814697265625</ele>
        <time>2026-05-24T01:15:18.000Z</time>
        <extensions>
          <ns3:TrackPointExtension>
            <ns3:hr>126</ns3:hr>
            <ns3:cad>84</ns3:cad>
          </ns3:TrackPointExtension>
        </extensions>
      </trkpt>
      <trkpt lat="37.52455716021358966827392578125" lon="127.1083679236471652984619140625">
        <ele>28.6000003814697265625</ele>
        <time>2026-05-24T01:15:19.000Z</time>
        <extensions>
          <ns3:TrackPointExtension>
            <ns3:hr>126</ns3:hr>
            <ns3:cad>84</ns3:cad>
          </ns3:TrackPointExtension>
        </extensions>
      </trkpt>
      <trkpt lat="37.5245528854429721832275390625" lon="127.10840723477303981781005859375">
        <ele>28.6000003814697265625</ele>
        <time>2026-05-24T01:15:20.000Z</time>
        <extensions>
          <ns3:TrackPointExtension>
            <ns3:hr>125</ns3:hr>
            <ns3:cad>84</ns3:cad>
          </ns3:TrackPointExtension>
        </extensions>
      </trkpt>
      <trkpt lat="37.524551041424274444580078125" lon="127.1084359847009181976318359375">
        <ele>28.6000003814697265625</ele>
        <time>2026-05-24T01:15:21.000Z</time>
        <extensions>
          <ns3:TrackPointExtension>
            <ns3:hr>125</ns3:hr>
            <ns3:cad>84</ns3:cad>
          </ns3:TrackPointExtension>
        </extensions>
      </trkpt>
      <trkpt lat="37.52455347217619419097900390625" lon="127.1084735356271266937255859375">
        <ele>28.6000003814697265625</ele>
        <time>2026-05-24T01:15:22.000Z</time>
        <extensions>
          <ns3:TrackPointExtension>
            <ns3:hr>125</ns3:hr>
            <ns3:cad>84</ns3:cad>
          </ns3:TrackPointExtension>
        </extensions>
      </trkpt>
      <trkpt lat="37.5245532207190990447998046875" lon="127.10850899107754230499267578125">
        <ele>28.6000003814697265625</ele>
        <time>2026-05-24T01:15:23.000Z</time>
        <extensions>
          <ns3:TrackPointExtension>
            <ns3:hr>125</ns3:hr>
            <ns3:cad>84</ns3:cad>
          </ns3:TrackPointExtension>
        </extensions>
      </trkpt>
      <trkpt lat="37.52455464564263820648193359375" lon="127.1085422672331333160400390625">
        <ele>28.6000003814697265625</ele>
        <time>2026-05-24T01:15:24.000Z</time>
        <extensions>
          <ns3:TrackPointExtension>
            <ns3:hr>125</ns3:hr>
            <ns3:cad>84</ns3:cad>
          </ns3:TrackPointExtension>
        </extensions>
      </trkpt>
      <trkpt lat="37.52455380745232105255126953125" lon="127.108578644692897796630859375">
        <ele>28.6000003814697265625</ele>
        <time>2026-05-24T01:15:25.000Z</time>
        <extensions>
          <ns3:TrackPointExtension>
            <ns3:hr>125</ns3:hr>
            <ns3:cad>85</ns3:cad>
          </ns3:TrackPointExtension>
        </extensions>
      </trkpt>
      <trkpt lat="37.52455883659422397613525390625" lon="127.10860420949757099151611328125">
        <ele>28.6000003814697265625</ele>
        <time>2026-05-24T01:15:26.000Z</time>
        <extensions>
          <ns3:TrackPointExtension>
            <ns3:hr>125</ns3:hr>
            <ns3:cad>85</ns3:cad>
          </ns3:TrackPointExtension>
        </extensions>
      </trkpt>
      <trkpt lat="37.5245614349842071533203125" lon="127.10864326916635036468505859375">
        <ele>28.6000003814697265625</ele>
        <time>2026-05-24T01:15:27.000Z</time>
        <extensions>
          <ns3:TrackPointExtension>
            <ns3:hr>125</ns3:hr>
            <ns3:cad>85</ns3:cad>
          </ns3:TrackPointExtension>
        </extensions>
      </trkpt>
      <trkpt lat="37.5245622731745243072509765625" lon="127.1086706779897212982177734375">
        <ele>28.6000003814697265625</ele>
        <time>2026-05-24T01:15:28.000Z</time>
        <extensions>
          <ns3:TrackPointExtension>
            <ns3:hr>125</ns3:hr>
            <ns3:cad>85</ns3:cad>
          </ns3:TrackPointExtension>
        </extensions>
      </trkpt>
      <trkpt lat="37.5245646201074123382568359375" lon="127.10870143957436084747314453125">
        <ele>28.6000003814697265625</ele>
        <time>2026-05-24T01:15:29.000Z</time>
        <extensions>
          <ns3:TrackPointExtension>
            <ns3:hr>125</ns3:hr>
            <ns3:cad>85</ns3:cad>
          </ns3:TrackPointExtension>
        </extensions>
      </trkpt>
      <trkpt lat="37.52456738613545894622802734375" lon="127.10872909985482692718505859375">
        <ele>28.6000003814697265625</ele>
        <time>2026-05-24T01:15:30.000Z</time>
        <extensions>
          <ns3:TrackPointExtension>
            <ns3:hr>124</ns3:hr>
            <ns3:cad>85</ns3:cad>
          </ns3:TrackPointExtension>
        </extensions>
      </trkpt>
      <trkpt lat="37.524570487439632415771484375" lon="127.10875357501208782196044921875">
        <ele>28.6000003814697265625</ele>
        <time>2026-05-24T01:15:31.000Z</time>
        <extensions>
          <ns3:TrackPointExtension>
            <ns3:hr>125</ns3:hr>
            <ns3:cad>85</ns3:cad>
          </ns3:TrackPointExtension>
        </extensions>
      </trkpt>
      <trkpt lat="37.524562440812587738037109375" lon="127.1087897010147571563720703125">
        <ele>28.6000003814697265625</ele>
        <time>2026-05-24T01:15:32.000Z</time>
        <extensions>
          <ns3:TrackPointExtension>
            <ns3:hr>125</ns3:hr>
            <ns3:cad>85</ns3:cad>
          </ns3:TrackPointExtension>
        </extensions>
      </trkpt>
      <trkpt lat="37.524561770260334014892578125" lon="127.1088141761720180511474609375">
        <ele>28.6000003814697265625</ele>
        <time>2026-05-24T01:15:33.000Z</time>
        <extensions>
          <ns3:TrackPointExtension>
            <ns3:hr>125</ns3:hr>
            <ns3:cad>85</ns3:cad>
          </ns3:TrackPointExtension>
        </extensions>
      </trkpt>
      <trkpt lat="37.52456084825098514556884765625" lon="127.108847200870513916015625">
        <ele>28.6000003814697265625</ele>
        <time>2026-05-24T01:15:34.000Z</time>
        <extensions>
          <ns3:TrackPointExtension>
            <ns3:hr>125</ns3:hr>
            <ns3:cad>85</ns3:cad>
          </ns3:TrackPointExtension>
        </extensions>
      </trkpt>
      <trkpt lat="37.52456319518387317657470703125" lon="127.10888165049254894256591796875">
        <ele>28.6000003814697265625</ele>
        <time>2026-05-24T01:15:35.000Z</time>
        <extensions>
          <ns3:TrackPointExtension>
            <ns3:hr>125</ns3:hr>
            <ns3:cad>85</ns3:cad>
          </ns3:TrackPointExtension>
        </extensions>
      </trkpt>
      <trkpt lat="37.52456654794514179229736328125" lon="127.10891098715364933013916015625">
        <ele>28.6000003814697265625</ele>
        <time>2026-05-24T01:15:36.000Z</time>
        <extensions>
          <ns3:TrackPointExtension>
            <ns3:hr>124</ns3:hr>
            <ns3:cad>85</ns3:cad>
          </ns3:TrackPointExtension>
        </extensions>
      </trkpt>
      <trkpt lat="37.5245646201074123382568359375" lon="127.10893931798636913299560546875">
        <ele>28.6000003814697265625</ele>
        <time>2026-05-24T01:15:37.000Z</time>
        <extensions>
          <ns3:TrackPointExtension>
            <ns3:hr>125</ns3:hr>
            <ns3:cad>85</ns3:cad>
          </ns3:TrackPointExtension>
        </extensions>
      </trkpt>
      <trkpt lat="37.5245641171932220458984375" lon="127.10897183977067470550537109375">
        <ele>28.6000003814697265625</ele>
        <time>2026-05-24T01:15:38.000Z</time>
        <extensions>
          <ns3:TrackPointExtension>
            <ns3:hr>125</ns3:hr>
            <ns3:cad>85</ns3:cad>
          </ns3:TrackPointExtension>
        </extensions>
      </trkpt>
      <trkpt lat="37.5245609320700168609619140625" lon="127.10900955833494663238525390625">
        <ele>28.6000003814697265625</ele>
        <time>2026-05-24T01:15:39.000Z</time>
        <extensions>
          <ns3:TrackPointExtension>
            <ns3:hr>125</ns3:hr>
            <ns3:cad>85</ns3:cad>
          </ns3:TrackPointExtension>
        </extensions>
      </trkpt>
      <trkpt lat="37.52455632202327251434326171875" lon="127.10904275067150592803955078125">
        <ele>28.6000003814697265625</ele>
        <time>2026-05-24T01:15:40.000Z</time>
        <extensions>
          <ns3:TrackPointExtension>
            <ns3:hr>124</ns3:hr>
            <ns3:cad>84</ns3:cad>
          </ns3:TrackPointExtension>
        </extensions>
      </trkpt>
      <trkpt lat="37.52455313690006732940673828125" lon="127.109076194465160369873046875">
        <ele>28.6000003814697265625</ele>
        <time>2026-05-24T01:15:41.000Z</time>
        <extensions>
          <ns3:TrackPointExtension>
            <ns3:hr>125</ns3:hr>
            <ns3:cad>84</ns3:cad>
          </ns3:TrackPointExtension>
        </extensions>
      </trkpt>
      <trkpt lat="37.52455380745232105255126953125" lon="127.10912011563777923583984375">
        <ele>28.6000003814697265625</ele>
        <time>2026-05-24T01:15:42.000Z</time>
        <extensions>
          <ns3:TrackPointExtension>
            <ns3:hr>125</ns3:hr>
            <ns3:cad>84</ns3:cad>
          </ns3:TrackPointExtension>
        </extensions>
      </trkpt>
      <trkpt lat="37.524556405842304229736328125" lon="127.10915473289787769317626953125">
        <ele>28.6000003814697265625</ele>
        <time>2026-05-24T01:15:43.000Z</time>
        <extensions>
          <ns3:TrackPointExtension>
            <ns3:hr>124</ns3:hr>
            <ns3:cad>84</ns3:cad>
          </ns3:TrackPointExtension>
        </extensions>
      </trkpt>
      <trkpt lat="37.5245579145848751068115234375" lon="127.10919798351824283599853515625">
        <ele>28.6000003814697265625</ele>
        <time>2026-05-24T01:15:44.000Z</time>
        <extensions>
          <ns3:TrackPointExtension>
            <ns3:hr>124</ns3:hr>
            <ns3:cad>84</ns3:cad>
          </ns3:TrackPointExtension>
        </extensions>
      </trkpt>
      <trkpt lat="37.5245582498610019683837890625" lon="127.1092307567596435546875">
        <ele>28.6000003814697265625</ele>
        <time>2026-05-24T01:15:45.000Z</time>
        <extensions>
          <ns3:TrackPointExtension>
            <ns3:hr>124</ns3:hr>
            <ns3:cad>84</ns3:cad>
          </ns3:TrackPointExtension>
        </extensions>
      </trkpt>
      <trkpt lat="37.52455850131809711456298828125" lon="127.1092669665813446044921875">
        <ele>28.6000003814697265625</ele>
        <time>2026-05-24T01:15:46.000Z</time>
        <extensions>
          <ns3:TrackPointExtension>
            <ns3:hr>125</ns3:hr>
            <ns3:cad>84</ns3:cad>
          </ns3:TrackPointExtension>
        </extensions>
      </trkpt>
      <trkpt lat="37.524559088051319122314453125" lon="127.109302841126918792724609375">
        <ele>28.6000003814697265625</ele>
        <time>2026-05-24T01:15:47.000Z</time>
        <extensions>
          <ns3:TrackPointExtension>
            <ns3:hr>124</ns3:hr>
            <ns3:cad>84</ns3:cad>
          </ns3:TrackPointExtension>
        </extensions>
      </trkpt>
      <trkpt lat="37.52456084825098514556884765625" lon="127.10933024995028972625732421875">
        <ele>28.6000003814697265625</ele>
        <time>2026-05-24T01:15:48.000Z</time>
        <extensions>
          <ns3:TrackPointExtension>
            <ns3:hr>124</ns3:hr>
            <ns3:cad>84</ns3:cad>
          </ns3:TrackPointExtension>
        </extensions>
      </trkpt>
      <trkpt lat="37.5245560705661773681640625" lon="127.1093714050948619842529296875">
        <ele>28.6000003814697265625</ele>
        <time>2026-05-24T01:15:49.000Z</time>
        <extensions>
          <ns3:TrackPointExtension>
            <ns3:hr>124</ns3:hr>
            <ns3:cad>84</ns3:cad>
          </ns3:TrackPointExtension>
        </extensions>
      </trkpt>
      <trkpt lat="37.52455347217619419097900390625" lon="127.10940350778400897979736328125">
        <ele>28.6000003814697265625</ele>
        <time>2026-05-24T01:15:50.000Z</time>
        <extensions>
          <ns3:TrackPointExtension>
            <ns3:hr>124</ns3:hr>
            <ns3:cad>84</ns3:cad>
          </ns3:TrackPointExtension>
        </extensions>
      </trkpt>
      <trkpt lat="37.5245478563010692596435546875" lon="127.10943795740604400634765625">
        <ele>28.6000003814697265625</ele>
        <time>2026-05-24T01:15:51.000Z</time>
        <extensions>
          <ns3:TrackPointExtension>
            <ns3:hr>123</ns3:hr>
            <ns3:cad>84</ns3:cad>
          </ns3:TrackPointExtension>
        </extensions>
      </trkpt>
      <trkpt lat="37.5245428271591663360595703125" lon="127.10946922190487384796142578125">
        <ele>28.6000003814697265625</ele>
        <time>2026-05-24T01:15:52.000Z</time>
        <extensions>
          <ns3:TrackPointExtension>
            <ns3:hr>123</ns3:hr>
            <ns3:cad>84</ns3:cad>
          </ns3:TrackPointExtension>
        </extensions>
      </trkpt>
      <trkpt lat="37.52454123459756374359130859375" lon="127.109498642385005950927734375">
        <ele>28.6000003814697265625</ele>
        <time>2026-05-24T01:15:53.000Z</time>
        <extensions>
          <ns3:TrackPointExtension>
            <ns3:hr>123</ns3:hr>
            <ns3:cad>84</ns3:cad>
          </ns3:TrackPointExtension>
        </extensions>
      </trkpt>
      <trkpt lat="37.52453796565532684326171875" lon="127.10953317582607269287109375">
        <ele>28.6000003814697265625</ele>
        <time>2026-05-24T01:15:54.000Z</time>
        <extensions>
          <ns3:TrackPointExtension>
            <ns3:hr>123</ns3:hr>
            <ns3:cad>84</ns3:cad>
          </ns3:TrackPointExtension>
        </extensions>
      </trkpt>
      <trkpt lat="37.52453754656016826629638671875" lon="127.10955605842173099517822265625">
        <ele>28.6000003814697265625</ele>
        <time>2026-05-24T01:15:55.000Z</time>
        <extensions>
          <ns3:TrackPointExtension>
            <ns3:hr>123</ns3:hr>
            <ns3:cad>84</ns3:cad>
          </ns3:TrackPointExtension>
        </extensions>
      </trkpt>
      <trkpt lat="37.524535953998565673828125" lon="127.10959897376596927642822265625">
        <ele>28.6000003814697265625</ele>
        <time>2026-05-24T01:15:56.000Z</time>
        <extensions>
          <ns3:TrackPointExtension>
            <ns3:hr>123</ns3:hr>
            <ns3:cad>84</ns3:cad>
          </ns3:TrackPointExtension>
        </extensions>
      </trkpt>
      <trkpt lat="37.52453352324664592742919921875" lon="127.10962596349418163299560546875">
        <ele>28.3999996185302734375</ele>
        <time>2026-05-24T01:15:57.000Z</time>
        <extensions>
          <ns3:TrackPointExtension>
            <ns3:hr>122</ns3:hr>
            <ns3:cad>83</ns3:cad>
          </ns3:TrackPointExtension>
        </extensions>
      </trkpt>
      <trkpt lat="37.524536959826946258544921875" lon="127.10965815000236034393310546875">
        <ele>28.3999996185302734375</ele>
        <time>2026-05-24T01:15:58.000Z</time>
        <extensions>
          <ns3:TrackPointExtension>
            <ns3:hr>122</ns3:hr>
            <ns3:cad>83</ns3:cad>
          </ns3:TrackPointExtension>
        </extensions>
      </trkpt>
      <trkpt lat="37.524535618722438812255859375" lon="127.109691090881824493408203125">
        <ele>28.6000003814697265625</ele>
        <time>2026-05-24T01:15:59.000Z</time>
        <extensions>
          <ns3:TrackPointExtension>
            <ns3:hr>122</ns3:hr>
            <ns3:cad>83</ns3:cad>
          </ns3:TrackPointExtension>
        </extensions>
      </trkpt>
      <trkpt lat="37.52453687600791454315185546875" lon="127.10971447639167308807373046875">
        <ele>28.6000003814697265625</ele>
        <time>2026-05-24T01:16:00.000Z</time>
        <extensions>
          <ns3:TrackPointExtension>
            <ns3:hr>123</ns3:hr>
            <ns3:cad>83</ns3:cad>
          </ns3:TrackPointExtension>
        </extensions>
      </trkpt>
      <trkpt lat="37.52453930675983428955078125" lon="127.10975152440369129180908203125">
        <ele>28.799999237060546875</ele>
        <time>2026-05-24T01:16:01.000Z</time>
        <extensions>
          <ns3:TrackPointExtension>
            <ns3:hr>122</ns3:hr>
            <ns3:cad>83</ns3:cad>
          </ns3:TrackPointExtension>
        </extensions>
      </trkpt>
      <trkpt lat="37.52454467117786407470703125" lon="127.1097765862941741943359375">
        <ele>28.799999237060546875</ele>
        <time>2026-05-24T01:16:02.000Z</time>
        <extensions>
          <ns3:TrackPointExtension>
            <ns3:hr>122</ns3:hr>
            <ns3:cad>83</ns3:cad>
          </ns3:TrackPointExtension>
        </extensions>
      </trkpt>
      <trkpt lat="37.52454425208270549774169921875" lon="127.1098126284778118133544921875">
        <ele>28.799999237060546875</ele>
        <time>2026-05-24T01:16:03.000Z</time>
        <extensions>
          <ns3:TrackPointExtension>
            <ns3:hr>122</ns3:hr>
            <ns3:cad>87</ns3:cad>
          </ns3:TrackPointExtension>
        </extensions>
      </trkpt>
      <trkpt lat="37.5245445035398006439208984375" lon="127.109839618206024169921875">
        <ele>28.799999237060546875</ele>
        <time>2026-05-24T01:16:04.000Z</time>
        <extensions>
          <ns3:TrackPointExtension>
            <ns3:hr>123</ns3:hr>
            <ns3:cad>87</ns3:cad>
          </ns3:TrackPointExtension>
        </extensions>
      </trkpt>
      <trkpt lat="37.52454794012010097503662109375" lon="127.10986786521971225738525390625">
        <ele>28.799999237060546875</ele>
        <time>2026-05-24T01:16:05.000Z</time>
        <extensions>
          <ns3:TrackPointExtension>
            <ns3:hr>122</ns3:hr>
            <ns3:cad>85</ns3:cad>
          </ns3:TrackPointExtension>
        </extensions>
      </trkpt>
      <trkpt lat="37.52454743720591068267822265625" lon="127.10991044528782367706298828125">
        <ele>28.799999237060546875</ele>
        <time>2026-05-24T01:16:06.000Z</time>
        <extensions>
          <ns3:TrackPointExtension>
            <ns3:hr>122</ns3:hr>
            <ns3:cad>85</ns3:cad>
          </ns3:TrackPointExtension>
        </extensions>
      </trkpt>
      <trkpt lat="37.524547688663005828857421875" lon="127.1099373511970043182373046875">
        <ele>28.799999237060546875</ele>
        <time>2026-05-24T01:16:07.000Z</time>
        <extensions>
          <ns3:TrackPointExtension>
            <ns3:hr>122</ns3:hr>
            <ns3:cad>85</ns3:cad>
          </ns3:TrackPointExtension>
        </extensions>
      </trkpt>
      <trkpt lat="37.52454425208270549774169921875" lon="127.10998001508414745330810546875">
        <ele>28.799999237060546875</ele>
        <time>2026-05-24T01:16:08.000Z</time>
        <extensions>
          <ns3:TrackPointExtension>
            <ns3:hr>122</ns3:hr>
            <ns3:cad>85</ns3:cad>
          </ns3:TrackPointExtension>
        </extensions>
      </trkpt>
      <trkpt lat="37.5245453417301177978515625" lon="127.1100070886313915252685546875">
        <ele>28.799999237060546875</ele>
        <time>2026-05-24T01:16:09.000Z</time>
        <extensions>
          <ns3:TrackPointExtension>
            <ns3:hr>123</ns3:hr>
            <ns3:cad>84</ns3:cad>
          </ns3:TrackPointExtension>
        </extensions>
      </trkpt>
      <trkpt lat="37.52454810775816440582275390625" lon="127.11004070006310939788818359375">
        <ele>28.799999237060546875</ele>
        <time>2026-05-24T01:16:10.000Z</time>
        <extensions>
          <ns3:TrackPointExtension>
            <ns3:hr>122</ns3:hr>
            <ns3:cad>84</ns3:cad>
          </ns3:TrackPointExtension>
        </extensions>
      </trkpt>
      <trkpt lat="37.52454995177686214447021484375" lon="127.11007573641836643218994140625">
        <ele>28.799999237060546875</ele>
        <time>2026-05-24T01:16:11.000Z</time>
        <extensions>
          <ns3:TrackPointExtension>
            <ns3:hr>122</ns3:hr>
            <ns3:cad>86</ns3:cad>
          </ns3:TrackPointExtension>
        </extensions>
      </trkpt>
      <trkpt lat="37.524557076394557952880859375" lon="127.1101086772978305816650390625">
        <ele>28.799999237060546875</ele>
        <time>2026-05-24T01:16:12.000Z</time>
        <extensions>
          <ns3:TrackPointExtension>
            <ns3:hr>123</ns3:hr>
            <ns3:cad>86</ns3:cad>
          </ns3:TrackPointExtension>
        </extensions>
      </trkpt>
      <trkpt lat="37.524564452469348907470703125" lon="127.1101395227015018463134765625">
        <ele>28.799999237060546875</ele>
        <time>2026-05-24T01:16:13.000Z</time>
        <extensions>
          <ns3:TrackPointExtension>
            <ns3:hr>123</ns3:hr>
            <ns3:cad>86</ns3:cad>
          </ns3:TrackPointExtension>
        </extensions>
      </trkpt>
      <trkpt lat="37.52456822432577610015869140625" lon="127.11016894318163394927978515625">
        <ele>28.799999237060546875</ele>
        <time>2026-05-24T01:16:14.000Z</time>
        <extensions>
          <ns3:TrackPointExtension>
            <ns3:hr>123</ns3:hr>
            <ns3:cad>85</ns3:cad>
          </ns3:TrackPointExtension>
        </extensions>
      </trkpt>
      <trkpt lat="37.52456554211676120758056640625" lon="127.1102038957178592681884765625">
        <ele>28.799999237060546875</ele>
        <time>2026-05-24T01:16:15.000Z</time>
        <extensions>
          <ns3:TrackPointExtension>
            <ns3:hr>123</ns3:hr>
            <ns3:cad>85</ns3:cad>
          </ns3:TrackPointExtension>
        </extensions>
      </trkpt>
      <trkpt lat="37.52456470392644405364990234375" lon="127.1102293767035007476806640625">
        <ele>28.799999237060546875</ele>
        <time>2026-05-24T01:16:16.000Z</time>
        <extensions>
          <ns3:TrackPointExtension>
            <ns3:hr>123</ns3:hr>
            <ns3:cad>85</ns3:cad>
          </ns3:TrackPointExtension>
        </extensions>
      </trkpt>
      <trkpt lat="37.52456537447869777679443359375" lon="127.11026273667812347412109375">
        <ele>28.799999237060546875</ele>
        <time>2026-05-24T01:16:17.000Z</time>
        <extensions>
          <ns3:TrackPointExtension>
            <ns3:hr>123</ns3:hr>
            <ns3:cad>85</ns3:cad>
          </ns3:TrackPointExtension>
        </extensions>
      </trkpt>
      <trkpt lat="37.52456009387969970703125" lon="127.11030070669949054718017578125">
        <ele>28.799999237060546875</ele>
        <time>2026-05-24T01:16:18.000Z</time>
        <extensions>
          <ns3:TrackPointExtension>
            <ns3:hr>122</ns3:hr>
            <ns3:cad>84</ns3:cad>
          </ns3:TrackPointExtension>
        </extensions>
      </trkpt>
      <trkpt lat="37.5245533883571624755859375" lon="127.11033247411251068115234375">
        <ele>28.799999237060546875</ele>
        <time>2026-05-24T01:16:19.000Z</time>
        <extensions>
          <ns3:TrackPointExtension>
            <ns3:hr>123</ns3:hr>
            <ns3:cad>84</ns3:cad>
          </ns3:TrackPointExtension>
        </extensions>
      </trkpt>
      <trkpt lat="37.5245552323758602142333984375" lon="127.11037379689514636993408203125">
        <ele>28.6000003814697265625</ele>
        <time>2026-05-24T01:16:20.000Z</time>
        <extensions>
          <ns3:TrackPointExtension>
            <ns3:hr>123</ns3:hr>
            <ns3:cad>84</ns3:cad>
          </ns3:TrackPointExtension>
        </extensions>
      </trkpt>
      <trkpt lat="37.52455850131809711456298828125" lon="127.11040179245173931121826171875">
        <ele>28.6000003814697265625</ele>
        <time>2026-05-24T01:16:21.000Z</time>
        <extensions>
          <ns3:TrackPointExtension>
            <ns3:hr>123</ns3:hr>
            <ns3:cad>84</ns3:cad>
          </ns3:TrackPointExtension>
        </extensions>
      </trkpt>
      <trkpt lat="37.5245585851371288299560546875" lon="127.110440097749233245849609375">
        <ele>28.6000003814697265625</ele>
        <time>2026-05-24T01:16:22.000Z</time>
        <extensions>
          <ns3:TrackPointExtension>
            <ns3:hr>123</ns3:hr>
            <ns3:cad>84</ns3:cad>
          </ns3:TrackPointExtension>
        </extensions>
      </trkpt>
      <trkpt lat="37.52456135116517543792724609375" lon="127.11047622375190258026123046875">
        <ele>28.6000003814697265625</ele>
        <time>2026-05-24T01:16:23.000Z</time>
        <extensions>
          <ns3:TrackPointExtension>
            <ns3:hr>123</ns3:hr>
            <ns3:cad>85</ns3:cad>
          </ns3:TrackPointExtension>
        </extensions>
      </trkpt>
      <trkpt lat="37.52456302754580974578857421875" lon="127.110514529049396514892578125">
        <ele>28.6000003814697265625</ele>
        <time>2026-05-24T01:16:24.000Z</time>
        <extensions>
          <ns3:TrackPointExtension>
            <ns3:hr>123</ns3:hr>
            <ns3:cad>86</ns3:cad>
          </ns3:TrackPointExtension>
        </extensions>
      </trkpt>
      <trkpt lat="37.52456344664096832275390625" lon="127.1105542592704296112060546875">
        <ele>28.799999237060546875</ele>
        <time>2026-05-24T01:16:25.000Z</time>
        <extensions>
          <ns3:TrackPointExtension>
            <ns3:hr>123</ns3:hr>
            <ns3:cad>86</ns3:cad>
          </ns3:TrackPointExtension>
        </extensions>
      </trkpt>
      <trkpt lat="37.5245619378983974456787109375" lon="127.11058150045573711395263671875">
        <ele>28.799999237060546875</ele>
        <time>2026-05-24T01:16:26.000Z</time>
        <extensions>
          <ns3:TrackPointExtension>
            <ns3:hr>123</ns3:hr>
            <ns3:cad>86</ns3:cad>
          </ns3:TrackPointExtension>
        </extensions>
      </trkpt>
      <trkpt lat="37.52456001006066799163818359375" lon="127.110614776611328125">
        <ele>28.799999237060546875</ele>
        <time>2026-05-24T01:16:27.000Z</time>
        <extensions>
          <ns3:TrackPointExtension>
            <ns3:hr>123</ns3:hr>
            <ns3:cad>86</ns3:cad>
          </ns3:TrackPointExtension>
        </extensions>
      </trkpt>
      <trkpt lat="37.52455942332744598388671875" lon="127.11064570583403110504150390625">
        <ele>28.6000003814697265625</ele>
        <time>2026-05-24T01:16:28.000Z</time>
        <extensions>
          <ns3:TrackPointExtension>
            <ns3:hr>123</ns3:hr>
            <ns3:cad>85</ns3:cad>
          </ns3:TrackPointExtension>
        </extensions>
      </trkpt>
      <trkpt lat="37.52456135116517543792724609375" lon="127.11067713797092437744140625">
        <ele>28.6000003814697265625</ele>
        <time>2026-05-24T01:16:29.000Z</time>
        <extensions>
          <ns3:TrackPointExtension>
            <ns3:hr>123</ns3:hr>
            <ns3:cad>85</ns3:cad>
          </ns3:TrackPointExtension>
        </extensions>
      </trkpt>
      <trkpt lat="37.5245589204132556915283203125" lon="127.11070940829813480377197265625">
        <ele>28.6000003814697265625</ele>
        <time>2026-05-24T01:16:30.000Z</time>
        <extensions>
          <ns3:TrackPointExtension>
            <ns3:hr>123</ns3:hr>
            <ns3:cad>85</ns3:cad>
          </ns3:TrackPointExtension>
        </extensions>
      </trkpt>
      <trkpt lat="37.5245609320700168609619140625" lon="127.11073891259729862213134765625">
        <ele>28.6000003814697265625</ele>
        <time>2026-05-24T01:16:31.000Z</time>
        <extensions>
          <ns3:TrackPointExtension>
            <ns3:hr>123</ns3:hr>
            <ns3:cad>85</ns3:cad>
          </ns3:TrackPointExtension>
        </extensions>
      </trkpt>
      <trkpt lat="37.5245572440326213836669921875" lon="127.110773026943206787109375">
        <ele>28.6000003814697265625</ele>
        <time>2026-05-24T01:16:32.000Z</time>
        <extensions>
          <ns3:TrackPointExtension>
            <ns3:hr>123</ns3:hr>
            <ns3:cad>84</ns3:cad>
          </ns3:TrackPointExtension>
        </extensions>
      </trkpt>
      <trkpt lat="37.5245582498610019683837890625" lon="127.11080051958560943603515625">
        <ele>28.3999996185302734375</ele>
        <time>2026-05-24T01:16:33.000Z</time>
        <extensions>
          <ns3:TrackPointExtension>
            <ns3:hr>123</ns3:hr>
            <ns3:cad>85</ns3:cad>
          </ns3:TrackPointExtension>
        </extensions>
      </trkpt>
      <trkpt lat="37.52455431036651134490966796875" lon="127.11083664558827877044677734375">
        <ele>28.3999996185302734375</ele>
        <time>2026-05-24T01:16:34.000Z</time>
        <extensions>
          <ns3:TrackPointExtension>
            <ns3:hr>123</ns3:hr>
            <ns3:cad>85</ns3:cad>
          </ns3:TrackPointExtension>
        </extensions>
      </trkpt>
      <trkpt lat="37.52455078996717929840087890625" lon="127.11087436415255069732666015625">
        <ele>28.3999996185302734375</ele>
        <time>2026-05-24T01:16:35.000Z</time>
        <extensions>
          <ns3:TrackPointExtension>
            <ns3:hr>123</ns3:hr>
            <ns3:cad>85</ns3:cad>
          </ns3:TrackPointExtension>
        </extensions>
      </trkpt>
      <trkpt lat="37.52455146051943302154541015625" lon="127.11090512573719024658203125">
        <ele>28.200000762939453125</ele>
        <time>2026-05-24T01:16:36.000Z</time>
        <extensions>
          <ns3:TrackPointExtension>
            <ns3:hr>123</ns3:hr>
            <ns3:cad>85</ns3:cad>
          </ns3:TrackPointExtension>
        </extensions>
      </trkpt>
      <trkpt lat="37.524546347558498382568359375" lon="127.11094527505338191986083984375">
        <ele>28.200000762939453125</ele>
        <time>2026-05-24T01:16:37.000Z</time>
        <extensions>
          <ns3:TrackPointExtension>
            <ns3:hr>123</ns3:hr>
            <ns3:cad>85</ns3:cad>
          </ns3:TrackPointExtension>
        </extensions>
      </trkpt>
      <trkpt lat="37.524550370872020721435546875" lon="127.1109728515148162841796875">
        <ele>28.3999996185302734375</ele>
        <time>2026-05-24T01:16:38.000Z</time>
        <extensions>
          <ns3:TrackPointExtension>
            <ns3:hr>122</ns3:hr>
            <ns3:cad>85</ns3:cad>
          </ns3:TrackPointExtension>
        </extensions>
      </trkpt>
      <trkpt lat="37.52454869449138641357421875" lon="127.111008726060390472412109375">
        <ele>28.3999996185302734375</ele>
        <time>2026-05-24T01:16:39.000Z</time>
        <extensions>
          <ns3:TrackPointExtension>
            <ns3:hr>123</ns3:hr>
            <ns3:cad>84</ns3:cad>
          </ns3:TrackPointExtension>
        </extensions>
      </trkpt>
      <trkpt lat="37.5245502032339572906494140625" lon="127.111037559807300567626953125">
        <ele>28.3999996185302734375</ele>
        <time>2026-05-24T01:16:40.000Z</time>
        <extensions>
          <ns3:TrackPointExtension>
            <ns3:hr>123</ns3:hr>
            <ns3:cad>84</ns3:cad>
          </ns3:TrackPointExtension>
        </extensions>
      </trkpt>
      <trkpt lat="37.5245515443384647369384765625" lon="127.11107066832482814788818359375">
        <ele>28.3999996185302734375</ele>
        <time>2026-05-24T01:16:41.000Z</time>
        <extensions>
          <ns3:TrackPointExtension>
            <ns3:hr>123</ns3:hr>
            <ns3:cad>84</ns3:cad>
          </ns3:TrackPointExtension>
        </extensions>
      </trkpt>
      <trkpt lat="37.5245418213307857513427734375" lon="127.11111157201230525970458984375">
        <ele>28.3999996185302734375</ele>
        <time>2026-05-24T01:16:42.000Z</time>
        <extensions>
          <ns3:TrackPointExtension>
            <ns3:hr>123</ns3:hr>
            <ns3:cad>85</ns3:cad>
          </ns3:TrackPointExtension>
        </extensions>
      </trkpt>
      <trkpt lat="37.5245391391217708587646484375" lon="127.1111406572163105010986328125">
        <ele>28.3999996185302734375</ele>
        <time>2026-05-24T01:16:43.000Z</time>
        <extensions>
          <ns3:TrackPointExtension>
            <ns3:hr>123</ns3:hr>
            <ns3:cad>85</ns3:cad>
          </ns3:TrackPointExtension>
        </extensions>
      </trkpt>
      <trkpt lat="37.524536289274692535400390625" lon="127.11117544211447238922119140625">
        <ele>28.3999996185302734375</ele>
        <time>2026-05-24T01:16:44.000Z</time>
        <extensions>
          <ns3:TrackPointExtension>
            <ns3:hr>123</ns3:hr>
            <ns3:cad>85</ns3:cad>
          </ns3:TrackPointExtension>
        </extensions>
      </trkpt>
      <trkpt lat="37.52453402616083621978759765625" lon="127.11120578460395336151123046875">
        <ele>28.3999996185302734375</ele>
        <time>2026-05-24T01:16:45.000Z</time>
        <extensions>
          <ns3:TrackPointExtension>
            <ns3:hr>123</ns3:hr>
            <ns3:cad>85</ns3:cad>
          </ns3:TrackPointExtension>
        </extensions>
      </trkpt>
      <trkpt lat="37.52453285269439220428466796875" lon="127.111237049102783203125">
        <ele>28.3999996185302734375</ele>
        <time>2026-05-24T01:16:46.000Z</time>
        <extensions>
          <ns3:TrackPointExtension>
            <ns3:hr>123</ns3:hr>
            <ns3:cad>84</ns3:cad>
          </ns3:TrackPointExtension>
        </extensions>
      </trkpt>
      <trkpt lat="37.524535953998565673828125" lon="127.111270241439342498779296875">
        <ele>28.3999996185302734375</ele>
        <time>2026-05-24T01:16:47.000Z</time>
        <extensions>
          <ns3:TrackPointExtension>
            <ns3:hr>123</ns3:hr>
            <ns3:cad>84</ns3:cad>
          </ns3:TrackPointExtension>
        </extensions>
      </trkpt>
      <trkpt lat="37.52453955821692943572998046875" lon="127.11129195056855678558349609375">
        <ele>28.3999996185302734375</ele>
        <time>2026-05-24T01:16:48.000Z</time>
        <extensions>
          <ns3:TrackPointExtension>
            <ns3:hr>123</ns3:hr>
            <ns3:cad>84</ns3:cad>
          </ns3:TrackPointExtension>
        </extensions>
      </trkpt>
      <trkpt lat="37.5245377980172634124755859375" lon="127.11133033968508243560791015625">
        <ele>28.3999996185302734375</ele>
        <time>2026-05-24T01:16:49.000Z</time>
        <extensions>
          <ns3:TrackPointExtension>
            <ns3:hr>123</ns3:hr>
            <ns3:cad>84</ns3:cad>
          </ns3:TrackPointExtension>
        </extensions>
      </trkpt>
      <trkpt lat="37.5245388038456439971923828125" lon="127.11135900579392910003662109375">
        <ele>28.3999996185302734375</ele>
        <time>2026-05-24T01:16:50.000Z</time>
        <extensions>
          <ns3:TrackPointExtension>
            <ns3:hr>124</ns3:hr>
            <ns3:cad>84</ns3:cad>
          </ns3:TrackPointExtension>
        </extensions>
      </trkpt>
      <trkpt lat="37.52454224042594432830810546875" lon="127.1113971434533596038818359375">
        <ele>28.3999996185302734375</ele>
        <time>2026-05-24T01:16:51.000Z</time>
        <extensions>
          <ns3:TrackPointExtension>
            <ns3:hr>124</ns3:hr>
            <ns3:cad>85</ns3:cad>
          </ns3:TrackPointExtension>
        </extensions>
      </trkpt>
      <trkpt lat="37.5245441682636737823486328125" lon="127.11142924614250659942626953125">
        <ele>28.3999996185302734375</ele>
        <time>2026-05-24T01:16:52.000Z</time>
        <extensions>
          <ns3:TrackPointExtension>
            <ns3:hr>124</ns3:hr>
            <ns3:cad>85</ns3:cad>
          </ns3:TrackPointExtension>
        </extensions>
      </trkpt>
      <trkpt lat="37.52454760484397411346435546875" lon="127.11146160028874874114990234375">
        <ele>28.3999996185302734375</ele>
        <time>2026-05-24T01:16:53.000Z</time>
        <extensions>
          <ns3:TrackPointExtension>
            <ns3:hr>124</ns3:hr>
            <ns3:cad>85</ns3:cad>
          </ns3:TrackPointExtension>
        </extensions>
      </trkpt>
      <trkpt lat="37.524545006453990936279296875" lon="127.111497558653354644775390625">
        <ele>28.6000003814697265625</ele>
        <time>2026-05-24T01:16:54.000Z</time>
        <extensions>
          <ns3:TrackPointExtension>
            <ns3:hr>124</ns3:hr>
            <ns3:cad>85</ns3:cad>
          </ns3:TrackPointExtension>
        </extensions>
      </trkpt>
      <trkpt lat="37.52454609610140323638916015625" lon="127.11152228526771068572998046875">
        <ele>28.6000003814697265625</ele>
        <time>2026-05-24T01:16:55.000Z</time>
        <extensions>
          <ns3:TrackPointExtension>
            <ns3:hr>123</ns3:hr>
            <ns3:cad>84</ns3:cad>
          </ns3:TrackPointExtension>
        </extensions>
      </trkpt>
      <trkpt lat="37.524546347558498382568359375" lon="127.111556231975555419921875">
        <ele>28.6000003814697265625</ele>
        <time>2026-05-24T01:16:56.000Z</time>
        <extensions>
          <ns3:TrackPointExtension>
            <ns3:hr>124</ns3:hr>
            <ns3:cad>84</ns3:cad>
          </ns3:TrackPointExtension>
        </extensions>
      </trkpt>
      <trkpt lat="37.52454743720591068267822265625" lon="127.1115872450172901153564453125">
        <ele>28.6000003814697265625</ele>
        <time>2026-05-24T01:16:57.000Z</time>
        <extensions>
          <ns3:TrackPointExtension>
            <ns3:hr>124</ns3:hr>
            <ns3:cad>84</ns3:cad>
          </ns3:TrackPointExtension>
        </extensions>
      </trkpt>
      <trkpt lat="37.5245480239391326904296875" lon="127.111620269715785980224609375">
        <ele>28.6000003814697265625</ele>
        <time>2026-05-24T01:16:58.000Z</time>
        <extensions>
          <ns3:TrackPointExtension>
            <ns3:hr>124</ns3:hr>
            <ns3:cad>84</ns3:cad>
          </ns3:TrackPointExtension>
        </extensions>
      </trkpt>
      <trkpt lat="37.524544335901737213134765625" lon="127.11165723390877246856689453125">
        <ele>28.6000003814697265625</ele>
        <time>2026-05-24T01:16:59.000Z</time>
        <extensions>
          <ns3:TrackPointExtension>
            <ns3:hr>124</ns3:hr>
            <ns3:cad>84</ns3:cad>
          </ns3:TrackPointExtension>
        </extensions>
      </trkpt>
      <trkpt lat="37.52454441972076892852783203125" lon="127.1116864867508411407470703125">
        <ele>28.6000003814697265625</ele>
        <time>2026-05-24T01:17:00.000Z</time>
        <extensions>
          <ns3:TrackPointExtension>
            <ns3:hr>123</ns3:hr>
            <ns3:cad>84</ns3:cad>
          </ns3:TrackPointExtension>
        </extensions>
      </trkpt>
      <trkpt lat="37.52454576082527637481689453125" lon="127.111719511449337005615234375">
        <ele>28.6000003814697265625</ele>
        <time>2026-05-24T01:17:01.000Z</time>
        <extensions>
          <ns3:TrackPointExtension>
            <ns3:hr>124</ns3:hr>
            <ns3:cad>84</ns3:cad>
          </ns3:TrackPointExtension>
        </extensions>
      </trkpt>
      <trkpt lat="37.5245488621294498443603515625" lon="127.11174926720559597015380859375">
        <ele>28.6000003814697265625</ele>
        <time>2026-05-24T01:17:02.000Z</time>
        <extensions>
          <ns3:TrackPointExtension>
            <ns3:hr>124</ns3:hr>
            <ns3:cad>84</ns3:cad>
          </ns3:TrackPointExtension>
        </extensions>
      </trkpt>
      <trkpt lat="37.52455313690006732940673828125" lon="127.11178028024733066558837890625">
        <ele>28.799999237060546875</ele>
        <time>2026-05-24T01:17:03.000Z</time>
        <extensions>
          <ns3:TrackPointExtension>
            <ns3:hr>124</ns3:hr>
            <ns3:cad>84</ns3:cad>
          </ns3:TrackPointExtension>
        </extensions>
      </trkpt>
      <trkpt lat="37.52454894594848155975341796875" lon="127.11181439459323883056640625">
        <ele>28.799999237060546875</ele>
        <time>2026-05-24T01:17:04.000Z</time>
        <extensions>
          <ns3:TrackPointExtension>
            <ns3:hr>123</ns3:hr>
            <ns3:cad>84</ns3:cad>
          </ns3:TrackPointExtension>
        </extensions>
      </trkpt>
      <trkpt lat="37.5245525501668453216552734375" lon="127.11184389889240264892578125">
        <ele>28.799999237060546875</ele>
        <time>2026-05-24T01:17:05.000Z</time>
        <extensions>
          <ns3:TrackPointExtension>
            <ns3:hr>124</ns3:hr>
            <ns3:cad>84</ns3:cad>
          </ns3:TrackPointExtension>
        </extensions>
      </trkpt>
      <trkpt lat="37.52454928122460842132568359375" lon="127.11188488639891147613525390625">
        <ele>28.799999237060546875</ele>
        <time>2026-05-24T01:17:06.000Z</time>
        <extensions>
          <ns3:TrackPointExtension>
            <ns3:hr>124</ns3:hr>
            <ns3:cad>85</ns3:cad>
          </ns3:TrackPointExtension>
        </extensions>
      </trkpt>
      <trkpt lat="37.52455146051943302154541015625" lon="127.11191740818321704864501953125">
        <ele>28.799999237060546875</ele>
        <time>2026-05-24T01:17:07.000Z</time>
        <extensions>
          <ns3:TrackPointExtension>
            <ns3:hr>123</ns3:hr>
            <ns3:cad>85</ns3:cad>
          </ns3:TrackPointExtension>
        </extensions>
      </trkpt>
      <trkpt lat="37.52455514855682849884033203125" lon="127.1119533665478229522705078125">
        <ele>28.799999237060546875</ele>
        <time>2026-05-24T01:17:08.000Z</time>
        <extensions>
          <ns3:TrackPointExtension>
            <ns3:hr>124</ns3:hr>
            <ns3:cad>84</ns3:cad>
          </ns3:TrackPointExtension>
        </extensions>
      </trkpt>
      <trkpt lat="37.52455481328070163726806640625" lon="127.1119909174740314483642578125">
        <ele>28.799999237060546875</ele>
        <time>2026-05-24T01:17:09.000Z</time>
        <extensions>
          <ns3:TrackPointExtension>
            <ns3:hr>123</ns3:hr>
            <ns3:cad>84</ns3:cad>
          </ns3:TrackPointExtension>
        </extensions>
      </trkpt>
      <trkpt lat="37.5245560705661773681640625" lon="127.11202084086835384368896484375">
        <ele>28.799999237060546875</ele>
        <time>2026-05-24T01:17:10.000Z</time>
        <extensions>
          <ns3:TrackPointExtension>
            <ns3:hr>123</ns3:hr>
            <ns3:cad>84</ns3:cad>
          </ns3:TrackPointExtension>
        </extensions>
      </trkpt>
      <trkpt lat="37.5245502032339572906494140625" lon="127.112059481441974639892578125">
        <ele>28.799999237060546875</ele>
        <time>2026-05-24T01:17:11.000Z</time>
        <extensions>
          <ns3:TrackPointExtension>
            <ns3:hr>123</ns3:hr>
            <ns3:cad>84</ns3:cad>
          </ns3:TrackPointExtension>
        </extensions>
      </trkpt>
      <trkpt lat="37.52455380745232105255126953125" lon="127.1120868064463138580322265625">
        <ele>28.799999237060546875</ele>
        <time>2026-05-24T01:17:12.000Z</time>
        <extensions>
          <ns3:TrackPointExtension>
            <ns3:hr>123</ns3:hr>
            <ns3:cad>84</ns3:cad>
          </ns3:TrackPointExtension>
        </extensions>
      </trkpt>
      <trkpt lat="37.52455799840390682220458984375" lon="127.11212075315415859222412109375">
        <ele>28.799999237060546875</ele>
        <time>2026-05-24T01:17:13.000Z</time>
        <extensions>
          <ns3:TrackPointExtension>
            <ns3:hr>122</ns3:hr>
            <ns3:cad>84</ns3:cad>
          </ns3:TrackPointExtension>
        </extensions>
      </trkpt>
      <trkpt lat="37.5245545618236064910888671875" lon="127.11215344257652759552001953125">
        <ele>28.799999237060546875</ele>
        <time>2026-05-24T01:17:14.000Z</time>
        <extensions>
          <ns3:TrackPointExtension>
            <ns3:hr>122</ns3:hr>
            <ns3:cad>84</ns3:cad>
          </ns3:TrackPointExtension>
        </extensions>
      </trkpt>
      <trkpt lat="37.52455380745232105255126953125" lon="127.11218479089438915252685546875">
        <ele>28.799999237060546875</ele>
        <time>2026-05-24T01:17:15.000Z</time>
        <extensions>
          <ns3:TrackPointExtension>
            <ns3:hr>122</ns3:hr>
            <ns3:cad>84</ns3:cad>
          </ns3:TrackPointExtension>
        </extensions>
      </trkpt>
      <trkpt lat="37.52454861067235469818115234375" lon="127.11222569458186626434326171875">
        <ele>28.799999237060546875</ele>
        <time>2026-05-24T01:17:16.000Z</time>
        <extensions>
          <ns3:TrackPointExtension>
            <ns3:hr>122</ns3:hr>
            <ns3:cad>84</ns3:cad>
          </ns3:TrackPointExtension>
        </extensions>
      </trkpt>
      <trkpt lat="37.52454861067235469818115234375" lon="127.11225704289972782135009765625">
        <ele>28.799999237060546875</ele>
        <time>2026-05-24T01:17:17.000Z</time>
        <extensions>
          <ns3:TrackPointExtension>
            <ns3:hr>121</ns3:hr>
            <ns3:cad>84</ns3:cad>
          </ns3:TrackPointExtension>
        </extensions>
      </trkpt>
      <trkpt lat="37.524552382528781890869140625" lon="127.11230280809104442596435546875">
        <ele>28.6000003814697265625</ele>
        <time>2026-05-24T01:17:18.000Z</time>
        <extensions>
          <ns3:TrackPointExtension>
            <ns3:hr>121</ns3:hr>
            <ns3:cad>84</ns3:cad>
          </ns3:TrackPointExtension>
        </extensions>
      </trkpt>
      <trkpt lat="37.52455464564263820648193359375" lon="127.11233474314212799072265625">
        <ele>28.6000003814697265625</ele>
        <time>2026-05-24T01:17:19.000Z</time>
        <extensions>
          <ns3:TrackPointExtension>
            <ns3:hr>121</ns3:hr>
            <ns3:cad>85</ns3:cad>
          </ns3:TrackPointExtension>
        </extensions>
      </trkpt>
      <trkpt lat="37.52455984242260456085205078125" lon="127.11236516945064067840576171875">
        <ele>28.6000003814697265625</ele>
        <time>2026-05-24T01:17:20.000Z</time>
        <extensions>
          <ns3:TrackPointExtension>
            <ns3:hr>121</ns3:hr>
            <ns3:cad>85</ns3:cad>
          </ns3:TrackPointExtension>
        </extensions>
      </trkpt>
      <trkpt lat="37.52455632202327251434326171875" lon="127.11240179836750030517578125">
        <ele>28.6000003814697265625</ele>
        <time>2026-05-24T01:17:21.000Z</time>
        <extensions>
          <ns3:TrackPointExtension>
            <ns3:hr>121</ns3:hr>
            <ns3:cad>84</ns3:cad>
          </ns3:TrackPointExtension>
        </extensions>
      </trkpt>
      <trkpt lat="37.524554394185543060302734375" lon="127.11242568679153919219970703125">
        <ele>28.6000003814697265625</ele>
        <time>2026-05-24T01:17:22.000Z</time>
        <extensions>
          <ns3:TrackPointExtension>
            <ns3:hr>121</ns3:hr>
            <ns3:cad>84</ns3:cad>
          </ns3:TrackPointExtension>
        </extensions>
      </trkpt>
      <trkpt lat="37.52455179579555988311767578125" lon="127.1124633215367794036865234375">
        <ele>28.6000003814697265625</ele>
        <time>2026-05-24T01:17:23.000Z</time>
        <extensions>
          <ns3:TrackPointExtension>
            <ns3:hr>121</ns3:hr>
            <ns3:cad>84</ns3:cad>
          </ns3:TrackPointExtension>
        </extensions>
      </trkpt>
      <trkpt lat="37.52455347217619419097900390625" lon="127.11248519830405712127685546875">
        <ele>28.799999237060546875</ele>
        <time>2026-05-24T01:17:24.000Z</time>
        <extensions>
          <ns3:TrackPointExtension>
            <ns3:hr>121</ns3:hr>
            <ns3:cad>84</ns3:cad>
          </ns3:TrackPointExtension>
        </extensions>
      </trkpt>
      <trkpt lat="37.5245595909655094146728515625" lon="127.11252124048769474029541015625">
        <ele>28.799999237060546875</ele>
        <time>2026-05-24T01:17:25.000Z</time>
        <extensions>
          <ns3:TrackPointExtension>
            <ns3:hr>121</ns3:hr>
            <ns3:cad>85</ns3:cad>
          </ns3:TrackPointExtension>
        </extensions>
      </trkpt>
      <trkpt lat="37.52455749548971652984619140625" lon="127.1125553548336029052734375">
        <ele>28.799999237060546875</ele>
        <time>2026-05-24T01:17:26.000Z</time>
        <extensions>
          <ns3:TrackPointExtension>
            <ns3:hr>121</ns3:hr>
            <ns3:cad>85</ns3:cad>
          </ns3:TrackPointExtension>
        </extensions>
      </trkpt>
      <trkpt lat="37.52455900423228740692138671875" lon="127.112575806677341461181640625">
        <ele>28.799999237060546875</ele>
        <time>2026-05-24T01:17:27.000Z</time>
        <extensions>
          <ns3:TrackPointExtension>
            <ns3:hr>121</ns3:hr>
            <ns3:cad>85</ns3:cad>
          </ns3:TrackPointExtension>
        </extensions>
      </trkpt>
      <trkpt lat="37.52455749548971652984619140625" lon="127.11261377669870853424072265625">
        <ele>28.799999237060546875</ele>
        <time>2026-05-24T01:17:28.000Z</time>
        <extensions>
          <ns3:TrackPointExtension>
            <ns3:hr>121</ns3:hr>
            <ns3:cad>85</ns3:cad>
          </ns3:TrackPointExtension>
        </extensions>
      </trkpt>
      <trkpt lat="37.5245595909655094146728515625" lon="127.112642861902713775634765625">
        <ele>28.799999237060546875</ele>
        <time>2026-05-24T01:17:29.000Z</time>
        <extensions>
          <ns3:TrackPointExtension>
            <ns3:hr>121</ns3:hr>
            <ns3:cad>85</ns3:cad>
          </ns3:TrackPointExtension>
        </extensions>
      </trkpt>
      <trkpt lat="37.52455917187035083770751953125" lon="127.11268451996147632598876953125">
        <ele>28.799999237060546875</ele>
        <time>2026-05-24T01:17:30.000Z</time>
        <extensions>
          <ns3:TrackPointExtension>
            <ns3:hr>121</ns3:hr>
            <ns3:cad>85</ns3:cad>
          </ns3:TrackPointExtension>
        </extensions>
      </trkpt>
      <trkpt lat="37.5245587527751922607421875" lon="127.1127154491841793060302734375">
        <ele>28.6000003814697265625</ele>
        <time>2026-05-24T01:17:31.000Z</time>
        <extensions>
          <ns3:TrackPointExtension>
            <ns3:hr>122</ns3:hr>
            <ns3:cad>85</ns3:cad>
          </ns3:TrackPointExtension>
        </extensions>
      </trkpt>
      <trkpt lat="37.5245548970997333526611328125" lon="127.11274738423526287078857421875">
        <ele>28.799999237060546875</ele>
        <time>2026-05-24T01:17:32.000Z</time>
        <extensions>
          <ns3:TrackPointExtension>
            <ns3:hr>122</ns3:hr>
            <ns3:cad>85</ns3:cad>
          </ns3:TrackPointExtension>
        </extensions>
      </trkpt>
      <trkpt lat="37.52454626373946666717529296875" lon="127.11278778500854969024658203125">
        <ele>28.799999237060546875</ele>
        <time>2026-05-24T01:17:33.000Z</time>
        <extensions>
          <ns3:TrackPointExtension>
            <ns3:hr>122</ns3:hr>
            <ns3:cad>84</ns3:cad>
          </ns3:TrackPointExtension>
        </extensions>
      </trkpt>
      <trkpt lat="37.5245458446443080902099609375" lon="127.11281829513609409332275390625">
        <ele>28.799999237060546875</ele>
        <time>2026-05-24T01:17:34.000Z</time>
        <extensions>
          <ns3:TrackPointExtension>
            <ns3:hr>122</ns3:hr>
            <ns3:cad>84</ns3:cad>
          </ns3:TrackPointExtension>
        </extensions>
      </trkpt>
      <trkpt lat="37.5245399773120880126953125" lon="127.11285148747265338897705078125">
        <ele>28.799999237060546875</ele>
        <time>2026-05-24T01:17:35.000Z</time>
        <extensions>
          <ns3:TrackPointExtension>
            <ns3:hr>122</ns3:hr>
            <ns3:cad>84</ns3:cad>
          </ns3:TrackPointExtension>
        </extensions>
      </trkpt>
      <trkpt lat="37.5245398096740245819091796875" lon="127.1128767170011997222900390625">
        <ele>28.6000003814697265625</ele>
        <time>2026-05-24T01:17:36.000Z</time>
        <extensions>
          <ns3:TrackPointExtension>
            <ns3:hr>122</ns3:hr>
            <ns3:cad>85</ns3:cad>
          </ns3:TrackPointExtension>
        </extensions>
      </trkpt>
      <trkpt lat="37.52454467117786407470703125" lon="127.11290949024260044097900390625">
        <ele>28.6000003814697265625</ele>
        <time>2026-05-24T01:17:37.000Z</time>
        <extensions>
          <ns3:TrackPointExtension>
            <ns3:hr>122</ns3:hr>
            <ns3:cad>85</ns3:cad>
          </ns3:TrackPointExtension>
        </extensions>
      </trkpt>
      <trkpt lat="37.52454140223562717437744140625" lon="127.112945280969142913818359375">
        <ele>28.6000003814697265625</ele>
        <time>2026-05-24T01:17:38.000Z</time>
        <extensions>
          <ns3:TrackPointExtension>
            <ns3:hr>123</ns3:hr>
            <ns3:cad>85</ns3:cad>
          </ns3:TrackPointExtension>
        </extensions>
      </trkpt>
      <trkpt lat="37.52453838475048542022705078125" lon="127.11297151632606983184814453125">
        <ele>28.6000003814697265625</ele>
        <time>2026-05-24T01:17:39.000Z</time>
        <extensions>
          <ns3:TrackPointExtension>
            <ns3:hr>123</ns3:hr>
            <ns3:cad>85</ns3:cad>
          </ns3:TrackPointExtension>
        </extensions>
      </trkpt>
      <trkpt lat="37.524535953998565673828125" lon="127.113009653985500335693359375">
        <ele>28.799999237060546875</ele>
        <time>2026-05-24T01:17:40.000Z</time>
        <extensions>
          <ns3:TrackPointExtension>
            <ns3:hr>123</ns3:hr>
            <ns3:cad>85</ns3:cad>
          </ns3:TrackPointExtension>
        </extensions>
      </trkpt>
      <trkpt lat="37.52454056404531002044677734375" lon="127.11303706280887126922607421875">
        <ele>28.799999237060546875</ele>
        <time>2026-05-24T01:17:41.000Z</time>
        <extensions>
          <ns3:TrackPointExtension>
            <ns3:hr>123</ns3:hr>
            <ns3:cad>85</ns3:cad>
          </ns3:TrackPointExtension>
        </extensions>
      </trkpt>
      <trkpt lat="37.52454022876918315887451171875" lon="127.11307427845895290374755859375">
        <ele>28.799999237060546875</ele>
        <time>2026-05-24T01:17:42.000Z</time>
        <extensions>
          <ns3:TrackPointExtension>
            <ns3:hr>123</ns3:hr>
            <ns3:cad>84</ns3:cad>
          </ns3:TrackPointExtension>
        </extensions>
      </trkpt>
      <trkpt lat="37.52454022876918315887451171875" lon="127.11310948245227336883544921875">
        <ele>28.799999237060546875</ele>
        <time>2026-05-24T01:17:43.000Z</time>
        <extensions>
          <ns3:TrackPointExtension>
            <ns3:hr>123</ns3:hr>
            <ns3:cad>84</ns3:cad>
          </ns3:TrackPointExtension>
        </extensions>
      </trkpt>
      <trkpt lat="37.52454106695950031280517578125" lon="127.11314166896045207977294921875">
        <ele>28.6000003814697265625</ele>
        <time>2026-05-24T01:17:44.000Z</time>
        <extensions>
          <ns3:TrackPointExtension>
            <ns3:hr>123</ns3:hr>
            <ns3:cad>84</ns3:cad>
          </ns3:TrackPointExtension>
        </extensions>
      </trkpt>
      <trkpt lat="37.5245374627411365509033203125" lon="127.11317435838282108306884765625">
        <ele>28.6000003814697265625</ele>
        <time>2026-05-24T01:17:45.000Z</time>
        <extensions>
          <ns3:TrackPointExtension>
            <ns3:hr>123</ns3:hr>
            <ns3:cad>84</ns3:cad>
          </ns3:TrackPointExtension>
        </extensions>
      </trkpt>
      <trkpt lat="37.52454064786434173583984375" lon="127.1132015995681285858154296875">
        <ele>28.6000003814697265625</ele>
        <time>2026-05-24T01:17:46.000Z</time>
        <extensions>
          <ns3:TrackPointExtension>
            <ns3:hr>123</ns3:hr>
            <ns3:cad>85</ns3:cad>
          </ns3:TrackPointExtension>
        </extensions>
      </trkpt>
      <trkpt lat="37.5245431624352931976318359375" lon="127.113238312304019927978515625">
        <ele>28.6000003814697265625</ele>
        <time>2026-05-24T01:17:47.000Z</time>
        <extensions>
          <ns3:TrackPointExtension>
            <ns3:hr>123</ns3:hr>
            <ns3:cad>85</ns3:cad>
          </ns3:TrackPointExtension>
        </extensions>
      </trkpt>
      <trkpt lat="37.52454458735883235931396484375" lon="127.11326957680284976959228515625">
        <ele>28.6000003814697265625</ele>
        <time>2026-05-24T01:17:48.000Z</time>
        <extensions>
          <ns3:TrackPointExtension>
            <ns3:hr>123</ns3:hr>
            <ns3:cad>85</ns3:cad>
          </ns3:TrackPointExtension>
        </extensions>
      </trkpt>
      <trkpt lat="37.52454441972076892852783203125" lon="127.11329857818782329559326171875">
        <ele>28.6000003814697265625</ele>
        <time>2026-05-24T01:17:49.000Z</time>
        <extensions>
          <ns3:TrackPointExtension>
            <ns3:hr>123</ns3:hr>
            <ns3:cad>85</ns3:cad>
          </ns3:TrackPointExtension>
        </extensions>
      </trkpt>
      <trkpt lat="37.52453930675983428955078125" lon="127.113333530724048614501953125">
        <ele>28.6000003814697265625</ele>
        <time>2026-05-24T01:17:50.000Z</time>
        <extensions>
          <ns3:TrackPointExtension>
            <ns3:hr>123</ns3:hr>
            <ns3:cad>85</ns3:cad>
          </ns3:TrackPointExtension>
        </extensions>
      </trkpt>
      <trkpt lat="37.52453821711242198944091796875" lon="127.11336068809032440185546875">
        <ele>28.3999996185302734375</ele>
        <time>2026-05-24T01:17:51.000Z</time>
        <extensions>
          <ns3:TrackPointExtension>
            <ns3:hr>123</ns3:hr>
            <ns3:cad>85</ns3:cad>
          </ns3:TrackPointExtension>
        </extensions>
      </trkpt>
      <trkpt lat="37.52453419379889965057373046875" lon="127.11339890956878662109375">
        <ele>28.3999996185302734375</ele>
        <time>2026-05-24T01:17:52.000Z</time>
        <extensions>
          <ns3:TrackPointExtension>
            <ns3:hr>123</ns3:hr>
            <ns3:cad>85</ns3:cad>
          </ns3:TrackPointExtension>
        </extensions>
      </trkpt>
      <trkpt lat="37.524533607065677642822265625" lon="127.1134262345731258392333984375">
        <ele>28.3999996185302734375</ele>
        <time>2026-05-24T01:17:53.000Z</time>
        <extensions>
          <ns3:TrackPointExtension>
            <ns3:hr>123</ns3:hr>
            <ns3:cad>85</ns3:cad>
          </ns3:TrackPointExtension>
        </extensions>
      </trkpt>
      <trkpt lat="37.5245324335992336273193359375" lon="127.11346403695642948150634765625">
        <ele>28.3999996185302734375</ele>
        <time>2026-05-24T01:17:54.000Z</time>
        <extensions>
          <ns3:TrackPointExtension>
            <ns3:hr>123</ns3:hr>
            <ns3:cad>84</ns3:cad>
          </ns3:TrackPointExtension>
        </extensions>
      </trkpt>
      <trkpt lat="37.52452765591442584991455078125" lon="127.11350041441619396209716796875">
        <ele>28.6000003814697265625</ele>
        <time>2026-05-24T01:17:55.000Z</time>
        <extensions>
          <ns3:TrackPointExtension>
            <ns3:hr>123</ns3:hr>
            <ns3:cad>84</ns3:cad>
          </ns3:TrackPointExtension>
        </extensions>
      </trkpt>
      <trkpt lat="37.52453050576150417327880859375" lon="127.1135271526873111724853515625">
        <ele>28.6000003814697265625</ele>
        <time>2026-05-24T01:17:56.000Z</time>
        <extensions>
          <ns3:TrackPointExtension>
            <ns3:hr>123</ns3:hr>
            <ns3:cad>84</ns3:cad>
          </ns3:TrackPointExtension>
        </extensions>
      </trkpt>
      <trkpt lat="37.52453369088470935821533203125" lon="127.11356914602220058441162109375">
        <ele>28.6000003814697265625</ele>
        <time>2026-05-24T01:17:57.000Z</time>
        <extensions>
          <ns3:TrackPointExtension>
            <ns3:hr>123</ns3:hr>
            <ns3:cad>84</ns3:cad>
          </ns3:TrackPointExtension>
        </extensions>
      </trkpt>
      <trkpt lat="37.524539642035961151123046875" lon="127.11359806358814239501953125">
        <ele>28.6000003814697265625</ele>
        <time>2026-05-24T01:17:58.000Z</time>
        <extensions>
          <ns3:TrackPointExtension>
            <ns3:hr>123</ns3:hr>
            <ns3:cad>84</ns3:cad>
          </ns3:TrackPointExtension>
        </extensions>
      </trkpt>
      <trkpt lat="37.52454509027302265167236328125" lon="127.11363159120082855224609375">
        <ele>28.6000003814697265625</ele>
        <time>2026-05-24T01:17:59.000Z</time>
        <extensions>
          <ns3:TrackPointExtension>
            <ns3:hr>123</ns3:hr>
            <ns3:cad>84</ns3:cad>
          </ns3:TrackPointExtension>
        </extensions>
      </trkpt>
      <trkpt lat="37.5245451740920543670654296875" lon="127.1136619336903095245361328125">
        <ele>28.6000003814697265625</ele>
        <time>2026-05-24T01:18:00.000Z</time>
        <extensions>
          <ns3:TrackPointExtension>
            <ns3:hr>123</ns3:hr>
            <ns3:cad>84</ns3:cad>
          </ns3:TrackPointExtension>
        </extensions>
      </trkpt>
      <trkpt lat="37.52454374916851520538330078125" lon="127.11368716321885585784912109375">
        <ele>28.6000003814697265625</ele>
        <time>2026-05-24T01:18:01.000Z</time>
        <extensions>
          <ns3:TrackPointExtension>
            <ns3:hr>123</ns3:hr>
            <ns3:cad>84</ns3:cad>
          </ns3:TrackPointExtension>
        </extensions>
      </trkpt>
      <trkpt lat="37.52454123459756374359130859375" lon="127.11372287012636661529541015625">
        <ele>28.3999996185302734375</ele>
        <time>2026-05-24T01:18:02.000Z</time>
        <extensions>
          <ns3:TrackPointExtension>
            <ns3:hr>123</ns3:hr>
            <ns3:cad>84</ns3:cad>
          </ns3:TrackPointExtension>
        </extensions>
      </trkpt>
      <trkpt lat="37.52454601228237152099609375" lon="127.11374181322753429412841796875">
        <ele>28.3999996185302734375</ele>
        <time>2026-05-24T01:18:03.000Z</time>
        <extensions>
          <ns3:TrackPointExtension>
            <ns3:hr>123</ns3:hr>
            <ns3:cad>84</ns3:cad>
          </ns3:TrackPointExtension>
        </extensions>
      </trkpt>
      <trkpt lat="37.524548359215259552001953125" lon="127.1137819625437259674072265625">
        <ele>28.6000003814697265625</ele>
        <time>2026-05-24T01:18:04.000Z</time>
        <extensions>
          <ns3:TrackPointExtension>
            <ns3:hr>123</ns3:hr>
            <ns3:cad>84</ns3:cad>
          </ns3:TrackPointExtension>
        </extensions>
      </trkpt>
      <trkpt lat="37.52454861067235469818115234375" lon="127.11381708271801471710205078125">
        <ele>28.6000003814697265625</ele>
        <time>2026-05-24T01:18:05.000Z</time>
        <extensions>
          <ns3:TrackPointExtension>
            <ns3:hr>122</ns3:hr>
            <ns3:cad>84</ns3:cad>
          </ns3:TrackPointExtension>
        </extensions>
      </trkpt>
      <trkpt lat="37.5245498679578304290771484375" lon="127.11384641937911510467529296875">
        <ele>28.6000003814697265625</ele>
        <time>2026-05-24T01:18:06.000Z</time>
        <extensions>
          <ns3:TrackPointExtension>
            <ns3:hr>122</ns3:hr>
            <ns3:cad>84</ns3:cad>
          </ns3:TrackPointExtension>
        </extensions>
      </trkpt>
      <trkpt lat="37.52455011941492557525634765625" lon="127.1138889156281948089599609375">
        <ele>28.799999237060546875</ele>
        <time>2026-05-24T01:18:07.000Z</time>
        <extensions>
          <ns3:TrackPointExtension>
            <ns3:hr>122</ns3:hr>
            <ns3:cad>84</ns3:cad>
          </ns3:TrackPointExtension>
        </extensions>
      </trkpt>
      <trkpt lat="37.52455431036651134490966796875" lon="127.11391783319413661956787109375">
        <ele>28.799999237060546875</ele>
        <time>2026-05-24T01:18:08.000Z</time>
        <extensions>
          <ns3:TrackPointExtension>
            <ns3:hr>122</ns3:hr>
            <ns3:cad>84</ns3:cad>
          </ns3:TrackPointExtension>
        </extensions>
      </trkpt>
      <trkpt lat="37.524555735290050506591796875" lon="127.11395488120615482330322265625">
        <ele>28.799999237060546875</ele>
        <time>2026-05-24T01:18:09.000Z</time>
        <extensions>
          <ns3:TrackPointExtension>
            <ns3:hr>122</ns3:hr>
            <ns3:cad>84</ns3:cad>
          </ns3:TrackPointExtension>
        </extensions>
      </trkpt>
      <trkpt lat="37.52455548383295536041259765625" lon="127.11398974992334842681884765625">
        <ele>28.799999237060546875</ele>
        <time>2026-05-24T01:18:10.000Z</time>
        <extensions>
          <ns3:TrackPointExtension>
            <ns3:hr>122</ns3:hr>
            <ns3:cad>85</ns3:cad>
          </ns3:TrackPointExtension>
        </extensions>
      </trkpt>
      <trkpt lat="37.52455632202327251434326171875" lon="127.114022858440876007080078125">
        <ele>28.799999237060546875</ele>
        <time>2026-05-24T01:18:11.000Z</time>
        <extensions>
          <ns3:TrackPointExtension>
            <ns3:hr>122</ns3:hr>
            <ns3:cad>85</ns3:cad>
          </ns3:TrackPointExtension>
        </extensions>
      </trkpt>
      <trkpt lat="37.52455540001392364501953125" lon="127.11406602524220943450927734375">
        <ele>28.799999237060546875</ele>
        <time>2026-05-24T01:18:12.000Z</time>
        <extensions>
          <ns3:TrackPointExtension>
            <ns3:hr>122</ns3:hr>
            <ns3:cad>85</ns3:cad>
          </ns3:TrackPointExtension>
        </extensions>
      </trkpt>
      <trkpt lat="37.524561099708080291748046875" lon="127.1140951104462146759033203125">
        <ele>28.799999237060546875</ele>
        <time>2026-05-24T01:18:13.000Z</time>
        <extensions>
          <ns3:TrackPointExtension>
            <ns3:hr>123</ns3:hr>
            <ns3:cad>85</ns3:cad>
          </ns3:TrackPointExtension>
        </extensions>
      </trkpt>
      <trkpt lat="37.5245652906596660614013671875" lon="127.114130817353725433349609375">
        <ele>28.799999237060546875</ele>
        <time>2026-05-24T01:18:14.000Z</time>
        <extensions>
          <ns3:TrackPointExtension>
            <ns3:hr>123</ns3:hr>
            <ns3:cad>85</ns3:cad>
          </ns3:TrackPointExtension>
        </extensions>
      </trkpt>
      <trkpt lat="37.52456420101225376129150390625" lon="127.1141611598432064056396484375">
        <ele>28.799999237060546875</ele>
        <time>2026-05-24T01:18:15.000Z</time>
        <extensions>
          <ns3:TrackPointExtension>
            <ns3:hr>123</ns3:hr>
            <ns3:cad>84</ns3:cad>
          </ns3:TrackPointExtension>
        </extensions>
      </trkpt>
      <trkpt lat="37.52456772141158580780029296875" lon="127.11419259198009967803955078125">
        <ele>28.799999237060546875</ele>
        <time>2026-05-24T01:18:16.000Z</time>
        <extensions>
          <ns3:TrackPointExtension>
            <ns3:hr>123</ns3:hr>
            <ns3:cad>84</ns3:cad>
          </ns3:TrackPointExtension>
        </extensions>
      </trkpt>
      <trkpt lat="37.52456420101225376129150390625" lon="127.11423165164887905120849609375">
        <ele>28.799999237060546875</ele>
        <time>2026-05-24T01:18:17.000Z</time>
        <extensions>
          <ns3:TrackPointExtension>
            <ns3:hr>123</ns3:hr>
            <ns3:cad>84</ns3:cad>
          </ns3:TrackPointExtension>
        </extensions>
      </trkpt>
      <trkpt lat="37.524569816887378692626953125" lon="127.1142520196735858917236328125">
        <ele>28.799999237060546875</ele>
        <time>2026-05-24T01:18:18.000Z</time>
        <extensions>
          <ns3:TrackPointExtension>
            <ns3:hr>123</ns3:hr>
            <ns3:cad>84</ns3:cad>
          </ns3:TrackPointExtension>
        </extensions>
      </trkpt>
      <trkpt lat="37.5245766900479793548583984375" lon="127.11428747512400150299072265625">
        <ele>29</ele>
        <time>2026-05-24T01:18:19.000Z</time>
        <extensions>
          <ns3:TrackPointExtension>
            <ns3:hr>123</ns3:hr>
            <ns3:cad>84</ns3:cad>
          </ns3:TrackPointExtension>
        </extensions>
      </trkpt>
      <trkpt lat="37.52457593567669391632080078125" lon="127.11431287229061126708984375">
        <ele>29</ele>
        <time>2026-05-24T01:18:20.000Z</time>
        <extensions>
          <ns3:TrackPointExtension>
            <ns3:hr>123</ns3:hr>
            <ns3:cad>84</ns3:cad>
          </ns3:TrackPointExtension>
        </extensions>
      </trkpt>
      <trkpt lat="37.52457610331475734710693359375" lon="127.1143448911607265472412109375">
        <ele>29</ele>
        <time>2026-05-24T01:18:21.000Z</time>
        <extensions>
          <ns3:TrackPointExtension>
            <ns3:hr>123</ns3:hr>
            <ns3:cad>84</ns3:cad>
          </ns3:TrackPointExtension>
        </extensions>
      </trkpt>
      <trkpt lat="37.524572499096393585205078125" lon="127.1143805980682373046875">
        <ele>29</ele>
        <time>2026-05-24T01:18:22.000Z</time>
        <extensions>
          <ns3:TrackPointExtension>
            <ns3:hr>123</ns3:hr>
            <ns3:cad>84</ns3:cad>
          </ns3:TrackPointExtension>
        </extensions>
      </trkpt>
      <trkpt lat="37.52457895316183567047119140625" lon="127.11440901271998882293701171875">
        <ele>29</ele>
        <time>2026-05-24T01:18:23.000Z</time>
        <extensions>
          <ns3:TrackPointExtension>
            <ns3:hr>123</ns3:hr>
            <ns3:cad>84</ns3:cad>
          </ns3:TrackPointExtension>
        </extensions>
      </trkpt>
      <trkpt lat="37.524582557380199432373046875" lon="127.11444958113133907318115234375">
        <ele>29</ele>
        <time>2026-05-24T01:18:24.000Z</time>
        <extensions>
          <ns3:TrackPointExtension>
            <ns3:hr>123</ns3:hr>
            <ns3:cad>84</ns3:cad>
          </ns3:TrackPointExtension>
        </extensions>
      </trkpt>
      <trkpt lat="37.5245870836079120635986328125" lon="127.11447807960212230682373046875">
        <ele>29</ele>
        <time>2026-05-24T01:18:25.000Z</time>
        <extensions>
          <ns3:TrackPointExtension>
            <ns3:hr>123</ns3:hr>
            <ns3:cad>84</ns3:cad>
          </ns3:TrackPointExtension>
        </extensions>
      </trkpt>
      <trkpt lat="37.52458917908370494842529296875" lon="127.11451177485287189483642578125">
        <ele>28.799999237060546875</ele>
        <time>2026-05-24T01:18:26.000Z</time>
        <extensions>
          <ns3:TrackPointExtension>
            <ns3:hr>123</ns3:hr>
            <ns3:cad>84</ns3:cad>
          </ns3:TrackPointExtension>
        </extensions>
      </trkpt>
      <trkpt lat="37.5245857425034046173095703125" lon="127.1145460568368434906005859375">
        <ele>28.799999237060546875</ele>
        <time>2026-05-24T01:18:27.000Z</time>
        <extensions>
          <ns3:TrackPointExtension>
            <ns3:hr>123</ns3:hr>
            <ns3:cad>84</ns3:cad>
          </ns3:TrackPointExtension>
        </extensions>
      </trkpt>
      <trkpt lat="37.5245911069214344024658203125" lon="127.11457480676472187042236328125">
        <ele>28.799999237060546875</ele>
        <time>2026-05-24T01:18:28.000Z</time>
        <extensions>
          <ns3:TrackPointExtension>
            <ns3:hr>123</ns3:hr>
            <ns3:cad>84</ns3:cad>
          </ns3:TrackPointExtension>
        </extensions>
      </trkpt>
      <trkpt lat="37.52458951435983180999755859375" lon="127.11461327970027923583984375">
        <ele>29</ele>
        <time>2026-05-24T01:18:29.000Z</time>
        <extensions>
          <ns3:TrackPointExtension>
            <ns3:hr>123</ns3:hr>
            <ns3:cad>84</ns3:cad>
          </ns3:TrackPointExtension>
        </extensions>
      </trkpt>
      <trkpt lat="37.52458666451275348663330078125" lon="127.1146372519433498382568359375">
        <ele>29</ele>
        <time>2026-05-24T01:18:30.000Z</time>
        <extensions>
          <ns3:TrackPointExtension>
            <ns3:hr>123</ns3:hr>
            <ns3:cad>84</ns3:cad>
          </ns3:TrackPointExtension>
        </extensions>
      </trkpt>
      <trkpt lat="37.52458783797919750213623046875" lon="127.11466918699443340301513671875">
        <ele>29</ele>
        <time>2026-05-24T01:18:31.000Z</time>
        <extensions>
          <ns3:TrackPointExtension>
            <ns3:hr>123</ns3:hr>
            <ns3:cad>84</ns3:cad>
          </ns3:TrackPointExtension>
        </extensions>
      </trkpt>
      <trkpt lat="37.52458062954246997833251953125" lon="127.11470791138708591461181640625">
        <ele>29</ele>
        <time>2026-05-24T01:18:32.000Z</time>
        <extensions>
          <ns3:TrackPointExtension>
            <ns3:hr>123</ns3:hr>
            <ns3:cad>84</ns3:cad>
          </ns3:TrackPointExtension>
        </extensions>
      </trkpt>
      <trkpt lat="37.52458012662827968597412109375" lon="127.11473590694367885589599609375">
        <ele>29.200000762939453125</ele>
        <time>2026-05-24T01:18:33.000Z</time>
        <extensions>
          <ns3:TrackPointExtension>
            <ns3:hr>123</ns3:hr>
            <ns3:cad>83</ns3:cad>
          </ns3:TrackPointExtension>
        </extensions>
      </trkpt>
      <trkpt lat="37.52457677386701107025146484375" lon="127.1147857792675495147705078125">
        <ele>29.200000762939453125</ele>
        <time>2026-05-24T01:18:34.000Z</time>
        <extensions>
          <ns3:TrackPointExtension>
            <ns3:hr>124</ns3:hr>
            <ns3:cad>83</ns3:cad>
          </ns3:TrackPointExtension>
        </extensions>
      </trkpt>
      <trkpt lat="37.5245820544660091400146484375" lon="127.114816792309284210205078125">
        <ele>29.200000762939453125</ele>
        <time>2026-05-24T01:18:35.000Z</time>
        <extensions>
          <ns3:TrackPointExtension>
            <ns3:hr>124</ns3:hr>
            <ns3:cad>84</ns3:cad>
          </ns3:TrackPointExtension>
        </extensions>
      </trkpt>
      <trkpt lat="37.5245844013988971710205078125" lon="127.1148471347987651824951171875">
        <ele>29.200000762939453125</ele>
        <time>2026-05-24T01:18:36.000Z</time>
        <extensions>
          <ns3:TrackPointExtension>
            <ns3:hr>124</ns3:hr>
            <ns3:cad>84</ns3:cad>
          </ns3:TrackPointExtension>
        </extensions>
      </trkpt>
      <trkpt lat="37.5245783664286136627197265625" lon="127.1148840151727199554443359375">
        <ele>29</ele>
        <time>2026-05-24T01:18:37.000Z</time>
        <extensions>
          <ns3:TrackPointExtension>
            <ns3:hr>123</ns3:hr>
            <ns3:cad>84</ns3:cad>
          </ns3:TrackPointExtension>
        </extensions>
      </trkpt>
      <trkpt lat="37.524578534066677093505859375" lon="127.11491343565285205841064453125">
        <ele>29</ele>
        <time>2026-05-24T01:18:38.000Z</time>
        <extensions>
          <ns3:TrackPointExtension>
            <ns3:hr>124</ns3:hr>
            <ns3:cad>85</ns3:cad>
          </ns3:TrackPointExtension>
        </extensions>
      </trkpt>
      <trkpt lat="37.52457777969539165496826171875" lon="127.114949561655521392822265625">
        <ele>29</ele>
        <time>2026-05-24T01:18:39.000Z</time>
        <extensions>
          <ns3:TrackPointExtension>
            <ns3:hr>124</ns3:hr>
            <ns3:cad>85</ns3:cad>
          </ns3:TrackPointExtension>
        </extensions>
      </trkpt>
      <trkpt lat="37.5245790369808673858642578125" lon="127.1149758808314800262451171875">
        <ele>29.200000762939453125</ele>
        <time>2026-05-24T01:18:40.000Z</time>
        <extensions>
          <ns3:TrackPointExtension>
            <ns3:hr>124</ns3:hr>
            <ns3:cad>85</ns3:cad>
          </ns3:TrackPointExtension>
        </extensions>
      </trkpt>
      <trkpt lat="37.5245844013988971710205078125" lon="127.1150174550712108612060546875">
        <ele>29.200000762939453125</ele>
        <time>2026-05-24T01:18:41.000Z</time>
        <extensions>
          <ns3:TrackPointExtension>
            <ns3:hr>123</ns3:hr>
            <ns3:cad>85</ns3:cad>
          </ns3:TrackPointExtension>
        </extensions>
      </trkpt>
      <trkpt lat="37.52458465285599231719970703125" lon="127.11505006067454814910888671875">
        <ele>29</ele>
        <time>2026-05-24T01:18:42.000Z</time>
        <extensions>
          <ns3:TrackPointExtension>
            <ns3:hr>124</ns3:hr>
            <ns3:cad>85</ns3:cad>
          </ns3:TrackPointExtension>
        </extensions>
      </trkpt>
      <trkpt lat="37.5245827250182628631591796875" lon="127.11508392356336116790771484375">
        <ele>29.200000762939453125</ele>
        <time>2026-05-24T01:18:43.000Z</time>
        <extensions>
          <ns3:TrackPointExtension>
            <ns3:hr>123</ns3:hr>
            <ns3:cad>85</ns3:cad>
          </ns3:TrackPointExtension>
        </extensions>
      </trkpt>
      <trkpt lat="37.5245761871337890625" lon="127.115125246345996856689453125">
        <ele>29.200000762939453125</ele>
        <time>2026-05-24T01:18:44.000Z</time>
        <extensions>
          <ns3:TrackPointExtension>
            <ns3:hr>123</ns3:hr>
            <ns3:cad>85</ns3:cad>
          </ns3:TrackPointExtension>
        </extensions>
      </trkpt>
      <trkpt lat="37.5245730020105838775634765625" lon="127.11515240371227264404296875">
        <ele>29.200000762939453125</ele>
        <time>2026-05-24T01:18:45.000Z</time>
        <extensions>
          <ns3:TrackPointExtension>
            <ns3:hr>123</ns3:hr>
            <ns3:cad>85</ns3:cad>
          </ns3:TrackPointExtension>
        </extensions>
      </trkpt>
      <trkpt lat="37.52457560040056705474853515625" lon="127.11518852971494197845458984375">
        <ele>29</ele>
        <time>2026-05-24T01:18:46.000Z</time>
        <extensions>
          <ns3:TrackPointExtension>
            <ns3:hr>124</ns3:hr>
            <ns3:cad>85</ns3:cad>
          </ns3:TrackPointExtension>
        </extensions>
      </trkpt>
      <trkpt lat="37.524577192962169647216796875" lon="127.11521769873797893524169921875">
        <ele>29</ele>
        <time>2026-05-24T01:18:47.000Z</time>
        <extensions>
          <ns3:TrackPointExtension>
            <ns3:hr>124</ns3:hr>
            <ns3:cad>85</ns3:cad>
          </ns3:TrackPointExtension>
        </extensions>
      </trkpt>
      <trkpt lat="37.52457727678120136260986328125" lon="127.11524837650358676910400390625">
        <ele>29</ele>
        <time>2026-05-24T01:18:48.000Z</time>
        <extensions>
          <ns3:TrackPointExtension>
            <ns3:hr>124</ns3:hr>
            <ns3:cad>85</ns3:cad>
          </ns3:TrackPointExtension>
        </extensions>
      </trkpt>
      <trkpt lat="37.52457593567669391632080078125" lon="127.11528358049690723419189453125">
        <ele>29</ele>
        <time>2026-05-24T01:18:49.000Z</time>
        <extensions>
          <ns3:TrackPointExtension>
            <ns3:hr>124</ns3:hr>
            <ns3:cad>84</ns3:cad>
          </ns3:TrackPointExtension>
        </extensions>
      </trkpt>
      <trkpt lat="37.52457509748637676239013671875" lon="127.11530772037804126739501953125">
        <ele>29.200000762939453125</ele>
        <time>2026-05-24T01:18:50.000Z</time>
        <extensions>
          <ns3:TrackPointExtension>
            <ns3:hr>124</ns3:hr>
            <ns3:cad>84</ns3:cad>
          </ns3:TrackPointExtension>
        </extensions>
      </trkpt>
      <trkpt lat="37.5245753489434719085693359375" lon="127.115343175828456878662109375">
        <ele>29.200000762939453125</ele>
        <time>2026-05-24T01:18:51.000Z</time>
        <extensions>
          <ns3:TrackPointExtension>
            <ns3:hr>124</ns3:hr>
            <ns3:cad>84</ns3:cad>
          </ns3:TrackPointExtension>
        </extensions>
      </trkpt>
      <trkpt lat="37.52457417547702789306640625" lon="127.115367315709590911865234375">
        <ele>29.200000762939453125</ele>
        <time>2026-05-24T01:18:52.000Z</time>
        <extensions>
          <ns3:TrackPointExtension>
            <ns3:hr>124</ns3:hr>
            <ns3:cad>84</ns3:cad>
          </ns3:TrackPointExtension>
        </extensions>
      </trkpt>
      <trkpt lat="37.52457459457218647003173828125" lon="127.11540143005549907684326171875">
        <ele>29.200000762939453125</ele>
        <time>2026-05-24T01:18:53.000Z</time>
        <extensions>
          <ns3:TrackPointExtension>
            <ns3:hr>124</ns3:hr>
            <ns3:cad>84</ns3:cad>
          </ns3:TrackPointExtension>
        </extensions>
      </trkpt>
      <trkpt lat="37.52456923015415668487548828125" lon="127.11543914861977100372314453125">
        <ele>29.200000762939453125</ele>
        <time>2026-05-24T01:18:54.000Z</time>
        <extensions>
          <ns3:TrackPointExtension>
            <ns3:hr>124</ns3:hr>
            <ns3:cad>84</ns3:cad>
          </ns3:TrackPointExtension>
        </extensions>
      </trkpt>
      <trkpt lat="37.52457492984831333160400390625" lon="127.11546764709055423736572265625">
        <ele>29</ele>
        <time>2026-05-24T01:18:55.000Z</time>
        <extensions>
          <ns3:TrackPointExtension>
            <ns3:hr>124</ns3:hr>
            <ns3:cad>84</ns3:cad>
          </ns3:TrackPointExtension>
        </extensions>
      </trkpt>
      <trkpt lat="37.5245748460292816162109375" lon="127.115505449473857879638671875">
        <ele>29.200000762939453125</ele>
        <time>2026-05-24T01:18:56.000Z</time>
        <extensions>
          <ns3:TrackPointExtension>
            <ns3:hr>124</ns3:hr>
            <ns3:cad>84</ns3:cad>
          </ns3:TrackPointExtension>
        </extensions>
      </trkpt>
      <trkpt lat="37.52457283437252044677734375" lon="127.11554132401943206787109375">
        <ele>29</ele>
        <time>2026-05-24T01:18:57.000Z</time>
        <extensions>
          <ns3:TrackPointExtension>
            <ns3:hr>124</ns3:hr>
            <ns3:cad>84</ns3:cad>
          </ns3:TrackPointExtension>
        </extensions>
      </trkpt>
      <trkpt lat="37.5245709903538227081298828125" lon="127.11558231152594089508056640625">
        <ele>29</ele>
        <time>2026-05-24T01:18:58.000Z</time>
        <extensions>
          <ns3:TrackPointExtension>
            <ns3:hr>124</ns3:hr>
            <ns3:cad>84</ns3:cad>
          </ns3:TrackPointExtension>
        </extensions>
      </trkpt>
      <trkpt lat="37.52457560040056705474853515625" lon="127.115609385073184967041015625">
        <ele>29</ele>
        <time>2026-05-24T01:18:59.000Z</time>
        <extensions>
          <ns3:TrackPointExtension>
            <ns3:hr>125</ns3:hr>
            <ns3:cad>84</ns3:cad>
          </ns3:TrackPointExtension>
        </extensions>
      </trkpt>
      <trkpt lat="37.52457811497151851654052734375" lon="127.115644253790378570556640625">
        <ele>29.200000762939453125</ele>
        <time>2026-05-24T01:19:00.000Z</time>
        <extensions>
          <ns3:TrackPointExtension>
            <ns3:hr>124</ns3:hr>
            <ns3:cad>84</ns3:cad>
          </ns3:TrackPointExtension>
        </extensions>
      </trkpt>
      <trkpt lat="37.524572499096393585205078125" lon="127.11568121798336505889892578125">
        <ele>29.200000762939453125</ele>
        <time>2026-05-24T01:19:01.000Z</time>
        <extensions>
          <ns3:TrackPointExtension>
            <ns3:hr>125</ns3:hr>
            <ns3:cad>84</ns3:cad>
          </ns3:TrackPointExtension>
        </extensions>
      </trkpt>
      <trkpt lat="37.524571157991886138916015625" lon="127.1157081238925457000732421875">
        <ele>29.200000762939453125</ele>
        <time>2026-05-24T01:19:02.000Z</time>
        <extensions>
          <ns3:TrackPointExtension>
            <ns3:hr>125</ns3:hr>
            <ns3:cad>84</ns3:cad>
          </ns3:TrackPointExtension>
        </extensions>
      </trkpt>
      <trkpt lat="37.52456210553646087646484375" lon="127.11574575863778591156005859375">
        <ele>29</ele>
        <time>2026-05-24T01:19:03.000Z</time>
        <extensions>
          <ns3:TrackPointExtension>
            <ns3:hr>125</ns3:hr>
            <ns3:cad>84</ns3:cad>
          </ns3:TrackPointExtension>
        </extensions>
      </trkpt>
      <trkpt lat="37.52455380745232105255126953125" lon="127.115773670375347137451171875">
        <ele>29</ele>
        <time>2026-05-24T01:19:04.000Z</time>
        <extensions>
          <ns3:TrackPointExtension>
            <ns3:hr>124</ns3:hr>
            <ns3:cad>84</ns3:cad>
          </ns3:TrackPointExtension>
        </extensions>
      </trkpt>
      <trkpt lat="37.524541653692722320556640625" lon="127.115803845226764678955078125">
        <ele>29</ele>
        <time>2026-05-24T01:19:05.000Z</time>
        <extensions>
          <ns3:TrackPointExtension>
            <ns3:hr>125</ns3:hr>
            <ns3:cad>84</ns3:cad>
          </ns3:TrackPointExtension>
        </extensions>
      </trkpt>
      <trkpt lat="37.52452815882861614227294921875" lon="127.11583494208753108978271484375">
        <ele>29</ele>
        <time>2026-05-24T01:19:06.000Z</time>
        <extensions>
          <ns3:TrackPointExtension>
            <ns3:hr>125</ns3:hr>
            <ns3:cad>84</ns3:cad>
          </ns3:TrackPointExtension>
        </extensions>
      </trkpt>
      <trkpt lat="37.5245267339050769805908203125" lon="127.115852795541286468505859375">
        <ele>29</ele>
        <time>2026-05-24T01:19:07.000Z</time>
        <extensions>
          <ns3:TrackPointExtension>
            <ns3:hr>124</ns3:hr>
            <ns3:cad>84</ns3:cad>
          </ns3:TrackPointExtension>
        </extensions>
      </trkpt>
      <trkpt lat="37.524517513811588287353515625" lon="127.11589059792459011077880859375">
        <ele>29</ele>
        <time>2026-05-24T01:19:08.000Z</time>
        <extensions>
          <ns3:TrackPointExtension>
            <ns3:hr>125</ns3:hr>
            <ns3:cad>84</ns3:cad>
          </ns3:TrackPointExtension>
        </extensions>
      </trkpt>
      <trkpt lat="37.5245104730129241943359375" lon="127.11592261679470539093017578125">
        <ele>28.799999237060546875</ele>
        <time>2026-05-24T01:19:09.000Z</time>
        <extensions>
          <ns3:TrackPointExtension>
            <ns3:hr>125</ns3:hr>
            <ns3:cad>84</ns3:cad>
          </ns3:TrackPointExtension>
        </extensions>
      </trkpt>
      <trkpt lat="37.5245015881955623626708984375" lon="127.1159563958644866943359375">
        <ele>28.6000003814697265625</ele>
        <time>2026-05-24T01:19:10.000Z</time>
        <extensions>
          <ns3:TrackPointExtension>
            <ns3:hr>125</ns3:hr>
            <ns3:cad>84</ns3:cad>
          </ns3:TrackPointExtension>
        </extensions>
      </trkpt>
      <trkpt lat="37.5244891829788684844970703125" lon="127.11599369533360004425048828125">
        <ele>28.3999996185302734375</ele>
        <time>2026-05-24T01:19:11.000Z</time>
        <extensions>
          <ns3:TrackPointExtension>
            <ns3:hr>125</ns3:hr>
            <ns3:cad>84</ns3:cad>
          </ns3:TrackPointExtension>
        </extensions>
      </trkpt>
      <trkpt lat="37.52448976971209049224853515625" lon="127.1160154044628143310546875">
        <ele>28</ele>
        <time>2026-05-24T01:19:12.000Z</time>
        <extensions>
          <ns3:TrackPointExtension>
            <ns3:hr>126</ns3:hr>
            <ns3:cad>83</ns3:cad>
          </ns3:TrackPointExtension>
        </extensions>
      </trkpt>
      <trkpt lat="37.524482645094394683837890625" lon="127.11605689488351345062255859375">
        <ele>27.6000003814697265625</ele>
        <time>2026-05-24T01:19:13.000Z</time>
        <extensions>
          <ns3:TrackPointExtension>
            <ns3:hr>126</ns3:hr>
            <ns3:cad>83</ns3:cad>
          </ns3:TrackPointExtension>
        </extensions>
      </trkpt>
      <trkpt lat="37.5244784541428089141845703125" lon="127.1160799451172351837158203125">
        <ele>27.200000762939453125</ele>
        <time>2026-05-24T01:19:14.000Z</time>
        <extensions>
          <ns3:TrackPointExtension>
            <ns3:hr>126</ns3:hr>
            <ns3:cad>83</ns3:cad>
          </ns3:TrackPointExtension>
        </extensions>
      </trkpt>
      <trkpt lat="37.5244690664112567901611328125" lon="127.11611959151923656463623046875">
        <ele>26.799999237060546875</ele>
        <time>2026-05-24T01:19:15.000Z</time>
        <extensions>
          <ns3:TrackPointExtension>
            <ns3:hr>125</ns3:hr>
            <ns3:cad>83</ns3:cad>
          </ns3:TrackPointExtension>
        </extensions>
      </trkpt>
      <trkpt lat="37.524465210735797882080078125" lon="127.11615043692290782928466796875">
        <ele>26.3999996185302734375</ele>
        <time>2026-05-24T01:19:16.000Z</time>
        <extensions>
          <ns3:TrackPointExtension>
            <ns3:hr>126</ns3:hr>
            <ns3:cad>85</ns3:cad>
          </ns3:TrackPointExtension>
        </extensions>
      </trkpt>
      <trkpt lat="37.52445506863296031951904296875" lon="127.1161835454404354095458984375">
        <ele>26</ele>
        <time>2026-05-24T01:19:17.000Z</time>
        <extensions>
          <ns3:TrackPointExtension>
            <ns3:hr>126</ns3:hr>
            <ns3:cad>86</ns3:cad>
          </ns3:TrackPointExtension>
        </extensions>
      </trkpt>
      <trkpt lat="37.5244398973882198333740234375" lon="127.11622017435729503631591796875">
        <ele>25.6000003814697265625</ele>
        <time>2026-05-24T01:19:18.000Z</time>
        <extensions>
          <ns3:TrackPointExtension>
            <ns3:hr>126</ns3:hr>
            <ns3:cad>86</ns3:cad>
          </ns3:TrackPointExtension>
        </extensions>
      </trkpt>
      <trkpt lat="37.52442992292344570159912109375" lon="127.1162539534270763397216796875">
        <ele>25.200000762939453125</ele>
        <time>2026-05-24T01:19:19.000Z</time>
        <extensions>
          <ns3:TrackPointExtension>
            <ns3:hr>126</ns3:hr>
            <ns3:cad>86</ns3:cad>
          </ns3:TrackPointExtension>
        </extensions>
      </trkpt>
      <trkpt lat="37.524410896003246307373046875" lon="127.11629234254360198974609375">
        <ele>25</ele>
        <time>2026-05-24T01:19:20.000Z</time>
        <extensions>
          <ns3:TrackPointExtension>
            <ns3:hr>126</ns3:hr>
            <ns3:cad>85</ns3:cad>
          </ns3:TrackPointExtension>
        </extensions>
      </trkpt>
      <trkpt lat="37.52441148273646831512451171875" lon="127.11631975136697292327880859375">
        <ele>24.6000003814697265625</ele>
        <time>2026-05-24T01:19:21.000Z</time>
        <extensions>
          <ns3:TrackPointExtension>
            <ns3:hr>126</ns3:hr>
            <ns3:cad>85</ns3:cad>
          </ns3:TrackPointExtension>
        </extensions>
      </trkpt>
      <trkpt lat="37.52440058626234531402587890625" lon="127.116363756358623504638671875">
        <ele>24.6000003814697265625</ele>
        <time>2026-05-24T01:19:22.000Z</time>
        <extensions>
          <ns3:TrackPointExtension>
            <ns3:hr>127</ns3:hr>
            <ns3:cad>85</ns3:cad>
          </ns3:TrackPointExtension>
        </extensions>
      </trkpt>
      <trkpt lat="37.52438985742628574371337890625" lon="127.1163935959339141845703125">
        <ele>24.6000003814697265625</ele>
        <time>2026-05-24T01:19:23.000Z</time>
        <extensions>
          <ns3:TrackPointExtension>
            <ns3:hr>126</ns3:hr>
            <ns3:cad>85</ns3:cad>
          </ns3:TrackPointExtension>
        </extensions>
      </trkpt>
      <trkpt lat="37.5243812240660190582275390625" lon="127.1164259500801563262939453125">
        <ele>24.6000003814697265625</ele>
        <time>2026-05-24T01:19:24.000Z</time>
        <extensions>
          <ns3:TrackPointExtension>
            <ns3:hr>126</ns3:hr>
            <ns3:cad>85</ns3:cad>
          </ns3:TrackPointExtension>
        </extensions>
      </trkpt>
      <trkpt lat="37.524366639554500579833984375" lon="127.1164660155773162841796875">
        <ele>24.6000003814697265625</ele>
        <time>2026-05-24T01:19:25.000Z</time>
        <extensions>
          <ns3:TrackPointExtension>
            <ns3:hr>126</ns3:hr>
            <ns3:cad>85</ns3:cad>
          </ns3:TrackPointExtension>
        </extensions>
      </trkpt>
      <trkpt lat="37.524369321763515472412109375" lon="127.11648881435394287109375">
        <ele>24.6000003814697265625</ele>
        <time>2026-05-24T01:19:26.000Z</time>
        <extensions>
          <ns3:TrackPointExtension>
            <ns3:hr>126</ns3:hr>
            <ns3:cad>85</ns3:cad>
          </ns3:TrackPointExtension>
        </extensions>
      </trkpt>
      <trkpt lat="37.524364292621612548828125" lon="127.11653013713657855987548828125">
        <ele>24.6000003814697265625</ele>
        <time>2026-05-24T01:19:27.000Z</time>
        <extensions>
          <ns3:TrackPointExtension>
            <ns3:hr>126</ns3:hr>
            <ns3:cad>84</ns3:cad>
          </ns3:TrackPointExtension>
        </extensions>
      </trkpt>
      <trkpt lat="37.5243614427745342254638671875" lon="127.1165590547025203704833984375">
        <ele>24.6000003814697265625</ele>
        <time>2026-05-24T01:19:28.000Z</time>
        <extensions>
          <ns3:TrackPointExtension>
            <ns3:hr>126</ns3:hr>
            <ns3:cad>84</ns3:cad>
          </ns3:TrackPointExtension>
        </extensions>
      </trkpt>
      <trkpt lat="37.5243570841848850250244140625" lon="127.116593420505523681640625">
        <ele>24.6000003814697265625</ele>
        <time>2026-05-24T01:19:29.000Z</time>
        <extensions>
          <ns3:TrackPointExtension>
            <ns3:hr>125</ns3:hr>
            <ns3:cad>84</ns3:cad>
          </ns3:TrackPointExtension>
        </extensions>
      </trkpt>
      <trkpt lat="37.52434928901493549346923828125" lon="127.1166214160621166229248046875">
        <ele>24.6000003814697265625</ele>
        <time>2026-05-24T01:19:30.000Z</time>
        <extensions>
          <ns3:TrackPointExtension>
            <ns3:hr>125</ns3:hr>
            <ns3:cad>84</ns3:cad>
          </ns3:TrackPointExtension>
        </extensions>
      </trkpt>
      <trkpt lat="37.524369657039642333984375" lon="127.11664773523807525634765625">
        <ele>24.6000003814697265625</ele>
        <time>2026-05-24T01:19:31.000Z</time>
        <extensions>
          <ns3:TrackPointExtension>
            <ns3:hr>125</ns3:hr>
            <ns3:cad>84</ns3:cad>
          </ns3:TrackPointExtension>
        </extensions>
      </trkpt>
      <trkpt lat="37.52437477000057697296142578125" lon="127.1166713722050189971923828125">
        <ele>24.6000003814697265625</ele>
        <time>2026-05-24T01:19:32.000Z</time>
        <extensions>
          <ns3:TrackPointExtension>
            <ns3:hr>124</ns3:hr>
            <ns3:cad>84</ns3:cad>
          </ns3:TrackPointExtension>
        </extensions>
      </trkpt>
      <trkpt lat="37.52437560819089412689208984375" lon="127.11670137941837310791015625">
        <ele>24.6000003814697265625</ele>
        <time>2026-05-24T01:19:33.000Z</time>
        <extensions>
          <ns3:TrackPointExtension>
            <ns3:hr>124</ns3:hr>
            <ns3:cad>84</ns3:cad>
          </ns3:TrackPointExtension>
        </extensions>
      </trkpt>
      <trkpt lat="37.5243683159351348876953125" lon="127.1167293749749660491943359375">
        <ele>24.6000003814697265625</ele>
        <time>2026-05-24T01:19:34.000Z</time>
        <extensions>
          <ns3:TrackPointExtension>
            <ns3:hr>124</ns3:hr>
            <ns3:cad>84</ns3:cad>
          </ns3:TrackPointExtension>
        </extensions>
      </trkpt>
      <trkpt lat="37.52436504699289798736572265625" lon="127.11675904691219329833984375">
        <ele>24.799999237060546875</ele>
        <time>2026-05-24T01:19:35.000Z</time>
        <extensions>
          <ns3:TrackPointExtension>
            <ns3:hr>124</ns3:hr>
            <ns3:cad>84</ns3:cad>
          </ns3:TrackPointExtension>
        </extensions>
      </trkpt>
      <trkpt lat="37.52436471171677112579345703125" lon="127.11678997613489627838134765625">
        <ele>24.799999237060546875</ele>
        <time>2026-05-24T01:19:36.000Z</time>
        <extensions>
          <ns3:TrackPointExtension>
            <ns3:hr>124</ns3:hr>
            <ns3:cad>84</ns3:cad>
          </ns3:TrackPointExtension>
        </extensions>
      </trkpt>
      <trkpt lat="37.52436404116451740264892578125" lon="127.11682082153856754302978515625">
        <ele>24.799999237060546875</ele>
        <time>2026-05-24T01:19:37.000Z</time>
        <extensions>
          <ns3:TrackPointExtension>
            <ns3:hr>124</ns3:hr>
            <ns3:cad>84</ns3:cad>
          </ns3:TrackPointExtension>
        </extensions>
      </trkpt>
      <trkpt lat="37.52436487935483455657958984375" lon="127.1168477274477481842041015625">
        <ele>24.799999237060546875</ele>
        <time>2026-05-24T01:19:38.000Z</time>
        <extensions>
          <ns3:TrackPointExtension>
            <ns3:hr>123</ns3:hr>
            <ns3:cad>84</ns3:cad>
          </ns3:TrackPointExtension>
        </extensions>
      </trkpt>
      <trkpt lat="37.52436638809740543365478515625" lon="127.11687195114791393280029296875">
        <ele>25</ele>
        <time>2026-05-24T01:19:39.000Z</time>
        <extensions>
          <ns3:TrackPointExtension>
            <ns3:hr>123</ns3:hr>
            <ns3:cad>84</ns3:cad>
          </ns3:TrackPointExtension>
        </extensions>
      </trkpt>
      <trkpt lat="37.52436839975416660308837890625" lon="127.11689961142838001251220703125">
        <ele>25</ele>
        <time>2026-05-24T01:19:40.000Z</time>
        <extensions>
          <ns3:TrackPointExtension>
            <ns3:hr>123</ns3:hr>
            <ns3:cad>85</ns3:cad>
          </ns3:TrackPointExtension>
        </extensions>
      </trkpt>
      <trkpt lat="37.52437259070575237274169921875" lon="127.11693062447011470794677734375">
        <ele>24.799999237060546875</ele>
        <time>2026-05-24T01:19:41.000Z</time>
        <extensions>
          <ns3:TrackPointExtension>
            <ns3:hr>124</ns3:hr>
            <ns3:cad>85</ns3:cad>
          </ns3:TrackPointExtension>
        </extensions>
      </trkpt>
      <trkpt lat="37.52437728457152843475341796875" lon="127.11695862002670764923095703125">
        <ele>24.799999237060546875</ele>
        <time>2026-05-24T01:19:42.000Z</time>
        <extensions>
          <ns3:TrackPointExtension>
            <ns3:hr>123</ns3:hr>
            <ns3:cad>84</ns3:cad>
          </ns3:TrackPointExtension>
        </extensions>
      </trkpt>
      <trkpt lat="37.524380721151828765869140625" lon="127.1169831790030002593994140625">
        <ele>24.6000003814697265625</ele>
        <time>2026-05-24T01:19:43.000Z</time>
        <extensions>
          <ns3:TrackPointExtension>
            <ns3:hr>123</ns3:hr>
            <ns3:cad>83</ns3:cad>
          </ns3:TrackPointExtension>
        </extensions>
      </trkpt>
      <trkpt lat="37.5243875943124294281005859375" lon="127.11698544211685657501220703125">
        <ele>24.6000003814697265625</ele>
        <time>2026-05-24T01:19:44.000Z</time>
        <extensions>
          <ns3:TrackPointExtension>
            <ns3:hr>123</ns3:hr>
            <ns3:cad>83</ns3:cad>
          </ns3:TrackPointExtension>
        </extensions>
      </trkpt>
      <trkpt lat="37.5243480317294597625732421875" lon="127.1170346438884735107421875">
        <ele>24.6000003814697265625</ele>
        <time>2026-05-24T01:19:45.000Z</time>
        <extensions>
          <ns3:TrackPointExtension>
            <ns3:hr>123</ns3:hr>
            <ns3:cad>83</ns3:cad>
          </ns3:TrackPointExtension>
        </extensions>
      </trkpt>
      <trkpt lat="37.52434962429106235504150390625" lon="127.117057777941226959228515625">
        <ele>24.6000003814697265625</ele>
        <time>2026-05-24T01:19:46.000Z</time>
        <extensions>
          <ns3:TrackPointExtension>
            <ns3:hr>123</ns3:hr>
            <ns3:cad>84</ns3:cad>
          </ns3:TrackPointExtension>
        </extensions>
      </trkpt>
      <trkpt lat="37.5243352912366390228271484375" lon="127.117124497890472412109375">
        <ele>24.6000003814697265625</ele>
        <time>2026-05-24T01:19:47.000Z</time>
        <extensions>
          <ns3:TrackPointExtension>
            <ns3:hr>123</ns3:hr>
            <ns3:cad>85</ns3:cad>
          </ns3:TrackPointExtension>
        </extensions>
      </trkpt>
      <trkpt lat="37.524337135255336761474609375" lon="127.11717353202402591705322265625">
        <ele>24.799999237060546875</ele>
        <time>2026-05-24T01:19:48.000Z</time>
        <extensions>
          <ns3:TrackPointExtension>
            <ns3:hr>123</ns3:hr>
            <ns3:cad>85</ns3:cad>
          </ns3:TrackPointExtension>
        </extensions>
      </trkpt>
      <trkpt lat="37.5243423320353031158447265625" lon="127.11720655672252178192138671875">
        <ele>25</ele>
        <time>2026-05-24T01:19:49.000Z</time>
        <extensions>
          <ns3:TrackPointExtension>
            <ns3:hr>122</ns3:hr>
            <ns3:cad>85</ns3:cad>
          </ns3:TrackPointExtension>
        </extensions>
      </trkpt>
      <trkpt lat="37.52434191294014453887939453125" lon="127.11724746040999889373779296875">
        <ele>25.200000762939453125</ele>
        <time>2026-05-24T01:19:50.000Z</time>
        <extensions>
          <ns3:TrackPointExtension>
            <ns3:hr>123</ns3:hr>
            <ns3:cad>84</ns3:cad>
          </ns3:TrackPointExtension>
        </extensions>
      </trkpt>
      <trkpt lat="37.52434543333947658538818359375" lon="127.11727646179497241973876953125">
        <ele>25.3999996185302734375</ele>
        <time>2026-05-24T01:19:51.000Z</time>
        <extensions>
          <ns3:TrackPointExtension>
            <ns3:hr>123</ns3:hr>
            <ns3:cad>84</ns3:cad>
          </ns3:TrackPointExtension>
        </extensions>
      </trkpt>
      <trkpt lat="37.5243495404720306396484375" lon="127.1173167787492275238037109375">
        <ele>25.3999996185302734375</ele>
        <time>2026-05-24T01:19:52.000Z</time>
        <extensions>
          <ns3:TrackPointExtension>
            <ns3:hr>122</ns3:hr>
            <ns3:cad>84</ns3:cad>
          </ns3:TrackPointExtension>
        </extensions>
      </trkpt>
      <trkpt lat="37.52435532398521900177001953125" lon="127.117348797619342803955078125">
        <ele>25.3999996185302734375</ele>
        <time>2026-05-24T01:19:53.000Z</time>
        <extensions>
          <ns3:TrackPointExtension>
            <ns3:hr>123</ns3:hr>
            <ns3:cad>84</ns3:cad>
          </ns3:TrackPointExtension>
        </extensions>
      </trkpt>
      <trkpt lat="37.52436236478388309478759765625" lon="127.11737737990915775299072265625">
        <ele>25.6000003814697265625</ele>
        <time>2026-05-24T01:19:54.000Z</time>
        <extensions>
          <ns3:TrackPointExtension>
            <ns3:hr>124</ns3:hr>
            <ns3:cad>83</ns3:cad>
          </ns3:TrackPointExtension>
        </extensions>
      </trkpt>
      <trkpt lat="37.52436655573546886444091796875" lon="127.1174143441021442413330078125">
        <ele>25.6000003814697265625</ele>
        <time>2026-05-24T01:19:55.000Z</time>
        <extensions>
          <ns3:TrackPointExtension>
            <ns3:hr>124</ns3:hr>
            <ns3:cad>82</ns3:cad>
          </ns3:TrackPointExtension>
        </extensions>
      </trkpt>
      <trkpt lat="37.5243745185434818267822265625" lon="127.11744108237326145172119140625">
        <ele>25.3999996185302734375</ele>
        <time>2026-05-24T01:19:56.000Z</time>
        <extensions>
          <ns3:TrackPointExtension>
            <ns3:hr>124</ns3:hr>
            <ns3:cad>82</ns3:cad>
          </ns3:TrackPointExtension>
        </extensions>
      </trkpt>
      <trkpt lat="37.52439119853079319000244140625" lon="127.11747092194855213165283203125">
        <ele>25.6000003814697265625</ele>
        <time>2026-05-24T01:19:57.000Z</time>
        <extensions>
          <ns3:TrackPointExtension>
            <ns3:hr>124</ns3:hr>
            <ns3:cad>82</ns3:cad>
          </ns3:TrackPointExtension>
        </extensions>
      </trkpt>
      <trkpt lat="37.52440787851810455322265625" lon="127.1174961514770984649658203125">
        <ele>25.6000003814697265625</ele>
        <time>2026-05-24T01:19:58.000Z</time>
        <extensions>
          <ns3:TrackPointExtension>
            <ns3:hr>125</ns3:hr>
            <ns3:cad>82</ns3:cad>
          </ns3:TrackPointExtension>
        </extensions>
      </trkpt>
      <trkpt lat="37.52442053519189357757568359375" lon="127.117513082921504974365234375">
        <ele>25.6000003814697265625</ele>
        <time>2026-05-24T01:19:59.000Z</time>
        <extensions>
          <ns3:TrackPointExtension>
            <ns3:hr>125</ns3:hr>
            <ns3:cad>83</ns3:cad>
          </ns3:TrackPointExtension>
        </extensions>
      </trkpt>
      <trkpt lat="37.52443470060825347900390625" lon="127.1175427548587322235107421875">
        <ele>25.6000003814697265625</ele>
        <time>2026-05-24T01:20:00.000Z</time>
        <extensions>
          <ns3:TrackPointExtension>
            <ns3:hr>125</ns3:hr>
            <ns3:cad>83</ns3:cad>
          </ns3:TrackPointExtension>
        </extensions>
      </trkpt>
      <trkpt lat="37.5244472734630107879638671875" lon="127.1175518073141574859619140625">
        <ele>25.6000003814697265625</ele>
        <time>2026-05-24T01:20:01.000Z</time>
        <extensions>
          <ns3:TrackPointExtension>
            <ns3:hr>125</ns3:hr>
            <ns3:cad>83</ns3:cad>
          </ns3:TrackPointExtension>
        </extensions>
      </trkpt>
      <trkpt lat="37.524465210735797882080078125" lon="127.11758290417492389678955078125">
        <ele>25.6000003814697265625</ele>
        <time>2026-05-24T01:20:02.000Z</time>
        <extensions>
          <ns3:TrackPointExtension>
            <ns3:hr>125</ns3:hr>
            <ns3:cad>83</ns3:cad>
          </ns3:TrackPointExtension>
        </extensions>
      </trkpt>
      <trkpt lat="37.5244797952473163604736328125" lon="127.11760394275188446044921875">
        <ele>25.6000003814697265625</ele>
        <time>2026-05-24T01:20:03.000Z</time>
        <extensions>
          <ns3:TrackPointExtension>
            <ns3:hr>126</ns3:hr>
            <ns3:cad>84</ns3:cad>
          </ns3:TrackPointExtension>
        </extensions>
      </trkpt>
      <trkpt lat="37.52449773252010345458984375" lon="127.1176302619278430938720703125">
        <ele>25.6000003814697265625</ele>
        <time>2026-05-24T01:20:04.000Z</time>
        <extensions>
          <ns3:TrackPointExtension>
            <ns3:hr>126</ns3:hr>
            <ns3:cad>84</ns3:cad>
          </ns3:TrackPointExtension>
        </extensions>
      </trkpt>
      <trkpt lat="37.52451474778354167938232421875" lon="127.11766806431114673614501953125">
        <ele>25.6000003814697265625</ele>
        <time>2026-05-24T01:20:05.000Z</time>
        <extensions>
          <ns3:TrackPointExtension>
            <ns3:hr>126</ns3:hr>
            <ns3:cad>84</ns3:cad>
          </ns3:TrackPointExtension>
        </extensions>
      </trkpt>
      <trkpt lat="37.524528913199901580810546875" lon="127.11768734268844127655029296875">
        <ele>25.6000003814697265625</ele>
        <time>2026-05-24T01:20:06.000Z</time>
        <extensions>
          <ns3:TrackPointExtension>
            <ns3:hr>126</ns3:hr>
            <ns3:cad>84</ns3:cad>
          </ns3:TrackPointExtension>
        </extensions>
      </trkpt>
      <trkpt lat="37.524554394185543060302734375" lon="127.11772321723401546478271484375">
        <ele>25.3999996185302734375</ele>
        <time>2026-05-24T01:20:07.000Z</time>
        <extensions>
          <ns3:TrackPointExtension>
            <ns3:hr>126</ns3:hr>
            <ns3:cad>84</ns3:cad>
          </ns3:TrackPointExtension>
        </extensions>
      </trkpt>
      <trkpt lat="37.52457057125866413116455078125" lon="127.1177439205348491668701171875">
        <ele>25.3999996185302734375</ele>
        <time>2026-05-24T01:20:08.000Z</time>
        <extensions>
          <ns3:TrackPointExtension>
            <ns3:hr>125</ns3:hr>
            <ns3:cad>84</ns3:cad>
          </ns3:TrackPointExtension>
        </extensions>
      </trkpt>
      <trkpt lat="37.5245869159698486328125" lon="127.11776621639728546142578125">
        <ele>25.3999996185302734375</ele>
        <time>2026-05-24T01:20:09.000Z</time>
        <extensions>
          <ns3:TrackPointExtension>
            <ns3:hr>126</ns3:hr>
            <ns3:cad>84</ns3:cad>
          </ns3:TrackPointExtension>
        </extensions>
      </trkpt>
      <trkpt lat="37.5245994888246059417724609375" lon="127.11779798381030559539794921875">
        <ele>25.3999996185302734375</ele>
        <time>2026-05-24T01:20:10.000Z</time>
        <extensions>
          <ns3:TrackPointExtension>
            <ns3:hr>126</ns3:hr>
            <ns3:cad>85</ns3:cad>
          </ns3:TrackPointExtension>
        </extensions>
      </trkpt>
      <trkpt lat="37.5246083736419677734375" lon="127.11781189776957035064697265625">
        <ele>25.3999996185302734375</ele>
        <time>2026-05-24T01:20:11.000Z</time>
        <extensions>
          <ns3:TrackPointExtension>
            <ns3:hr>126</ns3:hr>
            <ns3:cad>85</ns3:cad>
          </ns3:TrackPointExtension>
        </extensions>
      </trkpt>
      <trkpt lat="37.52463184297084808349609375" lon="127.1178446710109710693359375">
        <ele>25.3999996185302734375</ele>
        <time>2026-05-24T01:20:12.000Z</time>
        <extensions>
          <ns3:TrackPointExtension>
            <ns3:hr>126</ns3:hr>
            <ns3:cad>84</ns3:cad>
          </ns3:TrackPointExtension>
        </extensions>
      </trkpt>
      <trkpt lat="37.5246501155197620391845703125" lon="127.117861099541187286376953125">
        <ele>25.3999996185302734375</ele>
        <time>2026-05-24T01:20:13.000Z</time>
        <extensions>
          <ns3:TrackPointExtension>
            <ns3:hr>126</ns3:hr>
            <ns3:cad>83</ns3:cad>
          </ns3:TrackPointExtension>
        </extensions>
      </trkpt>
      <trkpt lat="37.52466863952577114105224609375" lon="127.1178884245455265045166015625">
        <ele>25.200000762939453125</ele>
        <time>2026-05-24T01:20:14.000Z</time>
        <extensions>
          <ns3:TrackPointExtension>
            <ns3:hr>126</ns3:hr>
            <ns3:cad>83</ns3:cad>
          </ns3:TrackPointExtension>
        </extensions>
      </trkpt>
      <trkpt lat="37.524680458009243011474609375" lon="127.11792019195854663848876953125">
        <ele>25.200000762939453125</ele>
        <time>2026-05-24T01:20:15.000Z</time>
        <extensions>
          <ns3:TrackPointExtension>
            <ns3:hr>126</ns3:hr>
            <ns3:cad>84</ns3:cad>
          </ns3:TrackPointExtension>
        </extensions>
      </trkpt>
      <trkpt lat="37.52469328232109546661376953125" lon="127.1179367043077945709228515625">
        <ele>25.200000762939453125</ele>
        <time>2026-05-24T01:20:16.000Z</time>
        <extensions>
          <ns3:TrackPointExtension>
            <ns3:hr>126</ns3:hr>
            <ns3:cad>84</ns3:cad>
          </ns3:TrackPointExtension>
        </extensions>
      </trkpt>
      <trkpt lat="37.52471029758453369140625" lon="127.1179725788533687591552734375">
        <ele>25.200000762939453125</ele>
        <time>2026-05-24T01:20:17.000Z</time>
        <extensions>
          <ns3:TrackPointExtension>
            <ns3:hr>127</ns3:hr>
            <ns3:cad>84</ns3:cad>
          </ns3:TrackPointExtension>
        </extensions>
      </trkpt>
      <trkpt lat="37.5247238762676715850830078125" lon="127.11799495853483676910400390625">
        <ele>25.200000762939453125</ele>
        <time>2026-05-24T01:20:18.000Z</time>
        <extensions>
          <ns3:TrackPointExtension>
            <ns3:hr>127</ns3:hr>
            <ns3:cad>84</ns3:cad>
          </ns3:TrackPointExtension>
        </extensions>
      </trkpt>
      <trkpt lat="37.52474256791174411773681640625" lon="127.118023373186588287353515625">
        <ele>25.200000762939453125</ele>
        <time>2026-05-24T01:20:19.000Z</time>
        <extensions>
          <ns3:TrackPointExtension>
            <ns3:hr>127</ns3:hr>
            <ns3:cad>84</ns3:cad>
          </ns3:TrackPointExtension>
        </extensions>
      </trkpt>
      <trkpt lat="37.524761259555816650390625" lon="127.1180520392954349517822265625">
        <ele>25.200000762939453125</ele>
        <time>2026-05-24T01:20:20.000Z</time>
        <extensions>
          <ns3:TrackPointExtension>
            <ns3:hr>127</ns3:hr>
            <ns3:cad>83</ns3:cad>
          </ns3:TrackPointExtension>
        </extensions>
      </trkpt>
      <trkpt lat="37.5247733294963836669921875" lon="127.118071652948856353759765625">
        <ele>25.200000762939453125</ele>
        <time>2026-05-24T01:20:21.000Z</time>
        <extensions>
          <ns3:TrackPointExtension>
            <ns3:hr>127</ns3:hr>
            <ns3:cad>83</ns3:cad>
          </ns3:TrackPointExtension>
        </extensions>
      </trkpt>
      <trkpt lat="37.52479411661624908447265625" lon="127.11810685694217681884765625">
        <ele>25</ele>
        <time>2026-05-24T01:20:22.000Z</time>
        <extensions>
          <ns3:TrackPointExtension>
            <ns3:hr>127</ns3:hr>
            <ns3:cad>83</ns3:cad>
          </ns3:TrackPointExtension>
        </extensions>
      </trkpt>
      <trkpt lat="37.52480777911841869354248046875" lon="127.11813426576554775238037109375">
        <ele>25</ele>
        <time>2026-05-24T01:20:23.000Z</time>
        <extensions>
          <ns3:TrackPointExtension>
            <ns3:hr>127</ns3:hr>
            <ns3:cad>84</ns3:cad>
          </ns3:TrackPointExtension>
        </extensions>
      </trkpt>
      <trkpt lat="37.52481398172676563262939453125" lon="127.11817198432981967926025390625">
        <ele>24.799999237060546875</ele>
        <time>2026-05-24T01:20:24.000Z</time>
        <extensions>
          <ns3:TrackPointExtension>
            <ns3:hr>127</ns3:hr>
            <ns3:cad>84</ns3:cad>
          </ns3:TrackPointExtension>
        </extensions>
      </trkpt>
      <trkpt lat="37.52481557428836822509765625" lon="127.11820542812347412109375">
        <ele>24.799999237060546875</ele>
        <time>2026-05-24T01:20:25.000Z</time>
        <extensions>
          <ns3:TrackPointExtension>
            <ns3:hr>128</ns3:hr>
            <ns3:cad>84</ns3:cad>
          </ns3:TrackPointExtension>
        </extensions>
      </trkpt>
      <trkpt lat="37.5248254649341106414794921875" lon="127.11822847835719585418701171875">
        <ele>24.799999237060546875</ele>
        <time>2026-05-24T01:20:26.000Z</time>
        <extensions>
          <ns3:TrackPointExtension>
            <ns3:hr>128</ns3:hr>
            <ns3:cad>83</ns3:cad>
          </ns3:TrackPointExtension>
        </extensions>
      </trkpt>
      <trkpt lat="37.52482588402926921844482421875" lon="127.118266783654689788818359375">
        <ele>24.799999237060546875</ele>
        <time>2026-05-24T01:20:27.000Z</time>
        <extensions>
          <ns3:TrackPointExtension>
            <ns3:hr>129</ns3:hr>
            <ns3:cad>83</ns3:cad>
          </ns3:TrackPointExtension>
        </extensions>
      </trkpt>
      <trkpt lat="37.5248274765908718109130859375" lon="127.11829670704901218414306640625">
        <ele>25</ele>
        <time>2026-05-24T01:20:28.000Z</time>
        <extensions>
          <ns3:TrackPointExtension>
            <ns3:hr>129</ns3:hr>
            <ns3:cad>83</ns3:cad>
          </ns3:TrackPointExtension>
        </extensions>
      </trkpt>
      <trkpt lat="37.5248268060386180877685546875" lon="127.1183296479284763336181640625">
        <ele>25</ele>
        <time>2026-05-24T01:20:29.000Z</time>
        <extensions>
          <ns3:TrackPointExtension>
            <ns3:hr>129</ns3:hr>
            <ns3:cad>42</ns3:cad>
          </ns3:TrackPointExtension>
        </extensions>
      </trkpt>
      <trkpt lat="37.5248214416205883026123046875" lon="127.11836493574082851409912109375">
        <ele>25</ele>
        <time>2026-05-24T01:20:30.000Z</time>
        <extensions>
          <ns3:TrackPointExtension>
            <ns3:hr>129</ns3:hr>
            <ns3:cad>42</ns3:cad>
          </ns3:TrackPointExtension>
        </extensions>
      </trkpt>
      <trkpt lat="37.52482764422893524169921875" lon="127.1183876506984233856201171875">
        <ele>25</ele>
        <time>2026-05-24T01:20:31.000Z</time>
        <extensions>
          <ns3:TrackPointExtension>
            <ns3:hr>129</ns3:hr>
            <ns3:cad>84</ns3:cad>
          </ns3:TrackPointExtension>
        </extensions>
      </trkpt>
      <trkpt lat="37.5248325057327747344970703125" lon="127.11842847056686878204345703125">
        <ele>25.200000762939453125</ele>
        <time>2026-05-24T01:20:32.000Z</time>
        <extensions>
          <ns3:TrackPointExtension>
            <ns3:hr>129</ns3:hr>
            <ns3:cad>84</ns3:cad>
          </ns3:TrackPointExtension>
        </extensions>
      </trkpt>
      <trkpt lat="37.5248375348746776580810546875" lon="127.11845822632312774658203125">
        <ele>25.200000762939453125</ele>
        <time>2026-05-24T01:20:33.000Z</time>
        <extensions>
          <ns3:TrackPointExtension>
            <ns3:hr>129</ns3:hr>
            <ns3:cad>84</ns3:cad>
          </ns3:TrackPointExtension>
        </extensions>
      </trkpt>
      <trkpt lat="37.52483837306499481201171875" lon="127.118490077555179595947265625">
        <ele>25.200000762939453125</ele>
        <time>2026-05-24T01:20:34.000Z</time>
        <extensions>
          <ns3:TrackPointExtension>
            <ns3:hr>129</ns3:hr>
            <ns3:cad>84</ns3:cad>
          </ns3:TrackPointExtension>
        </extensions>
      </trkpt>
      <trkpt lat="37.5248371995985507965087890625" lon="127.11852536536753177642822265625">
        <ele>25.200000762939453125</ele>
        <time>2026-05-24T01:20:35.000Z</time>
        <extensions>
          <ns3:TrackPointExtension>
            <ns3:hr>129</ns3:hr>
            <ns3:cad>84</ns3:cad>
          </ns3:TrackPointExtension>
        </extensions>
      </trkpt>
      <trkpt lat="37.5248422287404537200927734375" lon="127.11855906061828136444091796875">
        <ele>25</ele>
        <time>2026-05-24T01:20:36.000Z</time>
        <extensions>
          <ns3:TrackPointExtension>
            <ns3:hr>129</ns3:hr>
            <ns3:cad>83</ns3:cad>
          </ns3:TrackPointExtension>
        </extensions>
      </trkpt>
      <trkpt lat="37.5248489342629909515380859375" lon="127.11860306560993194580078125">
        <ele>25</ele>
        <time>2026-05-24T01:20:37.000Z</time>
        <extensions>
          <ns3:TrackPointExtension>
            <ns3:hr>128</ns3:hr>
            <ns3:cad>83</ns3:cad>
          </ns3:TrackPointExtension>
        </extensions>
      </trkpt>
      <trkpt lat="37.52485371194779872894287109375" lon="127.118627540767192840576171875">
        <ele>25</ele>
        <time>2026-05-24T01:20:38.000Z</time>
        <extensions>
          <ns3:TrackPointExtension>
            <ns3:hr>129</ns3:hr>
            <ns3:cad>83</ns3:cad>
          </ns3:TrackPointExtension>
        </extensions>
      </trkpt>
      <trkpt lat="37.52485924400389194488525390625" lon="127.118660397827625274658203125">
        <ele>25</ele>
        <time>2026-05-24T01:20:39.000Z</time>
        <extensions>
          <ns3:TrackPointExtension>
            <ns3:hr>128</ns3:hr>
            <ns3:cad>83</ns3:cad>
          </ns3:TrackPointExtension>
        </extensions>
      </trkpt>
      <trkpt lat="37.52486385405063629150390625" lon="127.11869333870708942413330078125">
        <ele>25</ele>
        <time>2026-05-24T01:20:40.000Z</time>
        <extensions>
          <ns3:TrackPointExtension>
            <ns3:hr>128</ns3:hr>
            <ns3:cad>83</ns3:cad>
          </ns3:TrackPointExtension>
        </extensions>
      </trkpt>
      <trkpt lat="37.52487181685864925384521484375" lon="127.118714042007923126220703125">
        <ele>25</ele>
        <time>2026-05-24T01:20:41.000Z</time>
        <extensions>
          <ns3:TrackPointExtension>
            <ns3:hr>128</ns3:hr>
            <ns3:cad>83</ns3:cad>
          </ns3:TrackPointExtension>
        </extensions>
      </trkpt>
      <trkpt lat="37.52487667836248874664306640625" lon="127.1187564544379711151123046875">
        <ele>25</ele>
        <time>2026-05-24T01:20:42.000Z</time>
        <extensions>
          <ns3:TrackPointExtension>
            <ns3:hr>129</ns3:hr>
            <ns3:cad>83</ns3:cad>
          </ns3:TrackPointExtension>
        </extensions>
      </trkpt>
      <trkpt lat="37.5248817913234233856201171875" lon="127.11878478527069091796875">
        <ele>25</ele>
        <time>2026-05-24T01:20:43.000Z</time>
        <extensions>
          <ns3:TrackPointExtension>
            <ns3:hr>128</ns3:hr>
            <ns3:cad>83</ns3:cad>
          </ns3:TrackPointExtension>
        </extensions>
      </trkpt>
      <trkpt lat="37.52488891594111919403076171875" lon="127.118817307054996490478515625">
        <ele>25.200000762939453125</ele>
        <time>2026-05-24T01:20:44.000Z</time>
        <extensions>
          <ns3:TrackPointExtension>
            <ns3:hr>128</ns3:hr>
            <ns3:cad>83</ns3:cad>
          </ns3:TrackPointExtension>
        </extensions>
      </trkpt>
      <trkpt lat="37.5248905085027217864990234375" lon="127.11885510943830013275146484375">
        <ele>25.200000762939453125</ele>
        <time>2026-05-24T01:20:45.000Z</time>
        <extensions>
          <ns3:TrackPointExtension>
            <ns3:hr>128</ns3:hr>
            <ns3:cad>84</ns3:cad>
          </ns3:TrackPointExtension>
        </extensions>
      </trkpt>
      <trkpt lat="37.52489428035914897918701171875" lon="127.11887841112911701202392578125">
        <ele>25.200000762939453125</ele>
        <time>2026-05-24T01:20:46.000Z</time>
        <extensions>
          <ns3:TrackPointExtension>
            <ns3:hr>128</ns3:hr>
            <ns3:cad>84</ns3:cad>
          </ns3:TrackPointExtension>
        </extensions>
      </trkpt>
      <trkpt lat="37.52490232698619365692138671875" lon="127.11892350576817989349365234375">
        <ele>25</ele>
        <time>2026-05-24T01:20:47.000Z</time>
        <extensions>
          <ns3:TrackPointExtension>
            <ns3:hr>128</ns3:hr>
            <ns3:cad>84</ns3:cad>
          </ns3:TrackPointExtension>
        </extensions>
      </trkpt>
      <trkpt lat="37.52490945160388946533203125" lon="127.11895368061959743499755859375">
        <ele>25.200000762939453125</ele>
        <time>2026-05-24T01:20:48.000Z</time>
        <extensions>
          <ns3:TrackPointExtension>
            <ns3:hr>128</ns3:hr>
            <ns3:cad>84</ns3:cad>
          </ns3:TrackPointExtension>
        </extensions>
      </trkpt>
      <trkpt lat="37.5249169953167438507080078125" lon="127.11898620240390300750732421875">
        <ele>25.200000762939453125</ele>
        <time>2026-05-24T01:20:49.000Z</time>
        <extensions>
          <ns3:TrackPointExtension>
            <ns3:hr>128</ns3:hr>
            <ns3:cad>84</ns3:cad>
          </ns3:TrackPointExtension>
        </extensions>
      </trkpt>
      <trkpt lat="37.52491858787834644317626953125" lon="127.11901738308370113372802734375">
        <ele>25.200000762939453125</ele>
        <time>2026-05-24T01:20:50.000Z</time>
        <extensions>
          <ns3:TrackPointExtension>
            <ns3:hr>128</ns3:hr>
            <ns3:cad>84</ns3:cad>
          </ns3:TrackPointExtension>
        </extensions>
      </trkpt>
      <trkpt lat="37.52492881380021572113037109375" lon="127.11903582327067852020263671875">
        <ele>25.200000762939453125</ele>
        <time>2026-05-24T01:20:51.000Z</time>
        <extensions>
          <ns3:TrackPointExtension>
            <ns3:hr>128</ns3:hr>
            <ns3:cad>83</ns3:cad>
          </ns3:TrackPointExtension>
        </extensions>
      </trkpt>
      <trkpt lat="37.52494306303560733795166015625" lon="127.1190776489675045013427734375">
        <ele>25.200000762939453125</ele>
        <time>2026-05-24T01:20:52.000Z</time>
        <extensions>
          <ns3:TrackPointExtension>
            <ns3:hr>128</ns3:hr>
            <ns3:cad>83</ns3:cad>
          </ns3:TrackPointExtension>
        </extensions>
      </trkpt>
      <trkpt lat="37.5249557197093963623046875" lon="127.11909902282059192657470703125">
        <ele>25.200000762939453125</ele>
        <time>2026-05-24T01:20:53.000Z</time>
        <extensions>
          <ns3:TrackPointExtension>
            <ns3:hr>127</ns3:hr>
            <ns3:cad>83</ns3:cad>
          </ns3:TrackPointExtension>
        </extensions>
      </trkpt>
      <trkpt lat="37.5249639339745044708251953125" lon="127.11912919767200946807861328125">
        <ele>25.200000762939453125</ele>
        <time>2026-05-24T01:20:54.000Z</time>
        <extensions>
          <ns3:TrackPointExtension>
            <ns3:hr>128</ns3:hr>
            <ns3:cad>83</ns3:cad>
          </ns3:TrackPointExtension>
        </extensions>
      </trkpt>
      <trkpt lat="37.5249682925641536712646484375" lon="127.11916289292275905609130859375">
        <ele>25.200000762939453125</ele>
        <time>2026-05-24T01:20:55.000Z</time>
        <extensions>
          <ns3:TrackPointExtension>
            <ns3:hr>127</ns3:hr>
            <ns3:cad>83</ns3:cad>
          </ns3:TrackPointExtension>
        </extensions>
      </trkpt>
      <trkpt lat="37.52497742883861064910888671875" lon="127.11918267421424388885498046875">
        <ele>25.200000762939453125</ele>
        <time>2026-05-24T01:20:56.000Z</time>
        <extensions>
          <ns3:TrackPointExtension>
            <ns3:hr>127</ns3:hr>
            <ns3:cad>83</ns3:cad>
          </ns3:TrackPointExtension>
        </extensions>
      </trkpt>
      <trkpt lat="37.52498966641724109649658203125" lon="127.119221985340118408203125">
        <ele>25.200000762939453125</ele>
        <time>2026-05-24T01:20:57.000Z</time>
        <extensions>
          <ns3:TrackPointExtension>
            <ns3:hr>127</ns3:hr>
            <ns3:cad>83</ns3:cad>
          </ns3:TrackPointExtension>
        </extensions>
      </trkpt>
      <trkpt lat="37.5250051729381084442138671875" lon="127.11924050934612751007080078125">
        <ele>25</ele>
        <time>2026-05-24T01:20:58.000Z</time>
        <extensions>
          <ns3:TrackPointExtension>
            <ns3:hr>127</ns3:hr>
            <ns3:cad>83</ns3:cad>
          </ns3:TrackPointExtension>
        </extensions>
      </trkpt>
      <trkpt lat="37.5250132195651531219482421875" lon="127.11926884017884731292724609375">
        <ele>25</ele>
        <time>2026-05-24T01:20:59.000Z</time>
        <extensions>
          <ns3:TrackPointExtension>
            <ns3:hr>128</ns3:hr>
            <ns3:cad>83</ns3:cad>
          </ns3:TrackPointExtension>
        </extensions>
      </trkpt>
      <trkpt lat="37.52502034418284893035888671875" lon="127.11930002085864543914794921875">
        <ele>25</ele>
        <time>2026-05-24T01:21:00.000Z</time>
        <extensions>
          <ns3:TrackPointExtension>
            <ns3:hr>127</ns3:hr>
            <ns3:cad>84</ns3:cad>
          </ns3:TrackPointExtension>
        </extensions>
      </trkpt>
      <trkpt lat="37.5250293128192424774169921875" lon="127.11932265199720859527587890625">
        <ele>25</ele>
        <time>2026-05-24T01:21:01.000Z</time>
        <extensions>
          <ns3:TrackPointExtension>
            <ns3:hr>127</ns3:hr>
            <ns3:cad>84</ns3:cad>
          </ns3:TrackPointExtension>
        </extensions>
      </trkpt>
      <trkpt lat="37.52503811381757259368896484375" lon="127.1193629689514636993408203125">
        <ele>25</ele>
        <time>2026-05-24T01:21:02.000Z</time>
        <extensions>
          <ns3:TrackPointExtension>
            <ns3:hr>127</ns3:hr>
            <ns3:cad>84</ns3:cad>
          </ns3:TrackPointExtension>
        </extensions>
      </trkpt>
      <trkpt lat="37.52504465170204639434814453125" lon="127.119391299784183502197265625">
        <ele>25.200000762939453125</ele>
        <time>2026-05-24T01:21:03.000Z</time>
        <extensions>
          <ns3:TrackPointExtension>
            <ns3:hr>127</ns3:hr>
            <ns3:cad>83</ns3:cad>
          </ns3:TrackPointExtension>
        </extensions>
      </trkpt>
      <trkpt lat="37.52505186013877391815185546875" lon="127.11942658759653568267822265625">
        <ele>25.200000762939453125</ele>
        <time>2026-05-24T01:21:04.000Z</time>
        <extensions>
          <ns3:TrackPointExtension>
            <ns3:hr>127</ns3:hr>
            <ns3:cad>83</ns3:cad>
          </ns3:TrackPointExtension>
        </extensions>
      </trkpt>
      <trkpt lat="37.52505688928067684173583984375" lon="127.1194588579237461090087890625">
        <ele>25.3999996185302734375</ele>
        <time>2026-05-24T01:21:05.000Z</time>
        <extensions>
          <ns3:TrackPointExtension>
            <ns3:hr>128</ns3:hr>
            <ns3:cad>83</ns3:cad>
          </ns3:TrackPointExtension>
        </extensions>
      </trkpt>
      <trkpt lat="37.52506560645997524261474609375" lon="127.11948215961456298828125">
        <ele>25.200000762939453125</ele>
        <time>2026-05-24T01:21:06.000Z</time>
        <extensions>
          <ns3:TrackPointExtension>
            <ns3:hr>127</ns3:hr>
            <ns3:cad>83</ns3:cad>
          </ns3:TrackPointExtension>
        </extensions>
      </trkpt>
      <trkpt lat="37.5250789336860179901123046875" lon="127.11951778270304203033447265625">
        <ele>25.200000762939453125</ele>
        <time>2026-05-24T01:21:07.000Z</time>
        <extensions>
          <ns3:TrackPointExtension>
            <ns3:hr>127</ns3:hr>
            <ns3:cad>84</ns3:cad>
          </ns3:TrackPointExtension>
        </extensions>
      </trkpt>
      <trkpt lat="37.5250873155891895294189453125" lon="127.1195396594703197479248046875">
        <ele>25.200000762939453125</ele>
        <time>2026-05-24T01:21:08.000Z</time>
        <extensions>
          <ns3:TrackPointExtension>
            <ns3:hr>127</ns3:hr>
            <ns3:cad>84</ns3:cad>
          </ns3:TrackPointExtension>
        </extensions>
      </trkpt>
      <trkpt lat="37.52509444020688533782958984375" lon="127.1195718459784984588623046875">
        <ele>25.200000762939453125</ele>
        <time>2026-05-24T01:21:09.000Z</time>
        <extensions>
          <ns3:TrackPointExtension>
            <ns3:hr>127</ns3:hr>
            <ns3:cad>84</ns3:cad>
          </ns3:TrackPointExtension>
        </extensions>
      </trkpt>
      <trkpt lat="37.52509796060621738433837890625" lon="127.119607217609882354736328125">
        <ele>25.200000762939453125</ele>
        <time>2026-05-24T01:21:10.000Z</time>
        <extensions>
          <ns3:TrackPointExtension>
            <ns3:hr>127</ns3:hr>
            <ns3:cad>84</ns3:cad>
          </ns3:TrackPointExtension>
        </extensions>
      </trkpt>
      <trkpt lat="37.525104582309722900390625" lon="127.11962993256747722625732421875">
        <ele>25.200000762939453125</ele>
        <time>2026-05-24T01:21:11.000Z</time>
        <extensions>
          <ns3:TrackPointExtension>
            <ns3:hr>128</ns3:hr>
            <ns3:cad>83</ns3:cad>
          </ns3:TrackPointExtension>
        </extensions>
      </trkpt>
      <trkpt lat="37.525113634765148162841796875" lon="127.1196658909320831298828125">
        <ele>25.200000762939453125</ele>
        <time>2026-05-24T01:21:12.000Z</time>
        <extensions>
          <ns3:TrackPointExtension>
            <ns3:hr>128</ns3:hr>
            <ns3:cad>83</ns3:cad>
          </ns3:TrackPointExtension>
        </extensions>
      </trkpt>
      <trkpt lat="37.52512478269636631011962890625" lon="127.11969447322189807891845703125">
        <ele>25</ele>
        <time>2026-05-24T01:21:13.000Z</time>
        <extensions>
          <ns3:TrackPointExtension>
            <ns3:hr>128</ns3:hr>
            <ns3:cad>83</ns3:cad>
          </ns3:TrackPointExtension>
        </extensions>
      </trkpt>
      <trkpt lat="37.52513400278985500335693359375" lon="127.11972783319652080535888671875">
        <ele>25</ele>
        <time>2026-05-24T01:21:14.000Z</time>
        <extensions>
          <ns3:TrackPointExtension>
            <ns3:hr>128</ns3:hr>
            <ns3:cad>84</ns3:cad>
          </ns3:TrackPointExtension>
        </extensions>
      </trkpt>
      <trkpt lat="37.52513475716114044189453125" lon="127.11976085789501667022705078125">
        <ele>25</ele>
        <time>2026-05-24T01:21:15.000Z</time>
        <extensions>
          <ns3:TrackPointExtension>
            <ns3:hr>128</ns3:hr>
            <ns3:cad>84</ns3:cad>
          </ns3:TrackPointExtension>
        </extensions>
      </trkpt>
      <trkpt lat="37.52513651736080646514892578125" lon="127.119785249233245849609375">
        <ele>25</ele>
        <time>2026-05-24T01:21:16.000Z</time>
        <extensions>
          <ns3:TrackPointExtension>
            <ns3:hr>129</ns3:hr>
            <ns3:cad>84</ns3:cad>
          </ns3:TrackPointExtension>
        </extensions>
      </trkpt>
      <trkpt lat="37.52514339052140712738037109375" lon="127.11982254870235919952392578125">
        <ele>25</ele>
        <time>2026-05-24T01:21:17.000Z</time>
        <extensions>
          <ns3:TrackPointExtension>
            <ns3:hr>128</ns3:hr>
            <ns3:cad>84</ns3:cad>
          </ns3:TrackPointExtension>
        </extensions>
      </trkpt>
      <trkpt lat="37.52514959312975406646728515625" lon="127.1198491193354129791259765625">
        <ele>25.200000762939453125</ele>
        <time>2026-05-24T01:21:18.000Z</time>
        <extensions>
          <ns3:TrackPointExtension>
            <ns3:hr>128</ns3:hr>
            <ns3:cad>84</ns3:cad>
          </ns3:TrackPointExtension>
        </extensions>
      </trkpt>
      <trkpt lat="37.525160573422908782958984375" lon="127.11988122202455997467041015625">
        <ele>25</ele>
        <time>2026-05-24T01:21:19.000Z</time>
        <extensions>
          <ns3:TrackPointExtension>
            <ns3:hr>128</ns3:hr>
            <ns3:cad>84</ns3:cad>
          </ns3:TrackPointExtension>
        </extensions>
      </trkpt>
      <trkpt lat="37.52516635693609714508056640625" lon="127.11991642601788043975830078125">
        <ele>24.799999237060546875</ele>
        <time>2026-05-24T01:21:20.000Z</time>
        <extensions>
          <ns3:TrackPointExtension>
            <ns3:hr>129</ns3:hr>
            <ns3:cad>84</ns3:cad>
          </ns3:TrackPointExtension>
        </extensions>
      </trkpt>
      <trkpt lat="37.52517473883926868438720703125" lon="127.11994224227964878082275390625">
        <ele>24.6000003814697265625</ele>
        <time>2026-05-24T01:21:21.000Z</time>
        <extensions>
          <ns3:TrackPointExtension>
            <ns3:hr>128</ns3:hr>
            <ns3:cad>84</ns3:cad>
          </ns3:TrackPointExtension>
        </extensions>
      </trkpt>
      <trkpt lat="37.5251811929047107696533203125" lon="127.1199879236519336700439453125">
        <ele>24.6000003814697265625</ele>
        <time>2026-05-24T01:21:22.000Z</time>
        <extensions>
          <ns3:TrackPointExtension>
            <ns3:hr>128</ns3:hr>
            <ns3:cad>84</ns3:cad>
          </ns3:TrackPointExtension>
        </extensions>
      </trkpt>
      <trkpt lat="37.525192089378833770751953125" lon="127.1200154162943363189697265625">
        <ele>24.6000003814697265625</ele>
        <time>2026-05-24T01:21:23.000Z</time>
        <extensions>
          <ns3:TrackPointExtension>
            <ns3:hr>129</ns3:hr>
            <ns3:cad>84</ns3:cad>
          </ns3:TrackPointExtension>
        </extensions>
      </trkpt>
      <trkpt lat="37.52520357258617877960205078125" lon="127.1200489439070224761962890625">
        <ele>24.6000003814697265625</ele>
        <time>2026-05-24T01:21:24.000Z</time>
        <extensions>
          <ns3:TrackPointExtension>
            <ns3:hr>129</ns3:hr>
            <ns3:cad>82</ns3:cad>
          </ns3:TrackPointExtension>
        </extensions>
      </trkpt>
      <trkpt lat="37.525208182632923126220703125" lon="127.12008791975677013397216796875">
        <ele>24.6000003814697265625</ele>
        <time>2026-05-24T01:21:25.000Z</time>
        <extensions>
          <ns3:TrackPointExtension>
            <ns3:hr>129</ns3:hr>
            <ns3:cad>82</ns3:cad>
          </ns3:TrackPointExtension>
        </extensions>
      </trkpt>
      <trkpt lat="37.5252106972038745880126953125" lon="127.120109461247920989990234375">
        <ele>24.799999237060546875</ele>
        <time>2026-05-24T01:21:26.000Z</time>
        <extensions>
          <ns3:TrackPointExtension>
            <ns3:hr>129</ns3:hr>
            <ns3:cad>82</ns3:cad>
          </ns3:TrackPointExtension>
        </extensions>
      </trkpt>
      <trkpt lat="37.52521681599318981170654296875" lon="127.12014910764992237091064453125">
        <ele>24.799999237060546875</ele>
        <time>2026-05-24T01:21:27.000Z</time>
        <extensions>
          <ns3:TrackPointExtension>
            <ns3:hr>129</ns3:hr>
            <ns3:cad>81</ns3:cad>
          </ns3:TrackPointExtension>
        </extensions>
      </trkpt>
      <trkpt lat="37.52522435970604419708251953125" lon="127.1201652847230434417724609375">
        <ele>24.6000003814697265625</ele>
        <time>2026-05-24T01:21:28.000Z</time>
        <extensions>
          <ns3:TrackPointExtension>
            <ns3:hr>129</ns3:hr>
            <ns3:cad>0</ns3:cad>
          </ns3:TrackPointExtension>
        </extensions>
      </trkpt>
      <trkpt lat="37.5252365134656429290771484375" lon="127.1202018298208713531494140625">
        <ele>24.6000003814697265625</ele>
        <time>2026-05-24T01:21:29.000Z</time>
        <extensions>
          <ns3:TrackPointExtension>
            <ns3:hr>129</ns3:hr>
            <ns3:cad>0</ns3:cad>
          </ns3:TrackPointExtension>
        </extensions>
      </trkpt>
      <trkpt lat="37.52523978240787982940673828125" lon="127.12023116648197174072265625">
        <ele>24.6000003814697265625</ele>
        <time>2026-05-24T01:21:30.000Z</time>
        <extensions>
          <ns3:TrackPointExtension>
            <ns3:hr>129</ns3:hr>
            <ns3:cad>0</ns3:cad>
          </ns3:TrackPointExtension>
        </extensions>
      </trkpt>
      <trkpt lat="37.525244057178497314453125" lon="127.12025396525859832763671875">
        <ele>24.6000003814697265625</ele>
        <time>2026-05-24T01:21:31.000Z</time>
        <extensions>
          <ns3:TrackPointExtension>
            <ns3:hr>129</ns3:hr>
            <ns3:cad>0</ns3:cad>
          </ns3:TrackPointExtension>
        </extensions>
      </trkpt>
      <trkpt lat="37.52524648793041706085205078125" lon="127.1202977187931537628173828125">
        <ele>24.6000003814697265625</ele>
        <time>2026-05-24T01:21:32.000Z</time>
        <extensions>
          <ns3:TrackPointExtension>
            <ns3:hr>128</ns3:hr>
            <ns3:cad>0</ns3:cad>
          </ns3:TrackPointExtension>
        </extensions>
      </trkpt>
      <trkpt lat="37.52525436691939830780029296875" lon="127.12031775154173374176025390625">
        <ele>24.6000003814697265625</ele>
        <time>2026-05-24T01:21:33.000Z</time>
        <extensions>
          <ns3:TrackPointExtension>
            <ns3:hr>128</ns3:hr>
            <ns3:cad>0</ns3:cad>
          </ns3:TrackPointExtension>
        </extensions>
      </trkpt>
      <trkpt lat="37.52526576630771160125732421875" lon="127.12034574709832668304443359375">
        <ele>24.6000003814697265625</ele>
        <time>2026-05-24T01:21:34.000Z</time>
        <extensions>
          <ns3:TrackPointExtension>
            <ns3:hr>128</ns3:hr>
            <ns3:cad>84</ns3:cad>
          </ns3:TrackPointExtension>
        </extensions>
      </trkpt>
      <trkpt lat="37.52526744268834590911865234375" lon="127.12037676014006137847900390625">
        <ele>24.6000003814697265625</ele>
        <time>2026-05-24T01:21:35.000Z</time>
        <extensions>
          <ns3:TrackPointExtension>
            <ns3:hr>128</ns3:hr>
            <ns3:cad>84</ns3:cad>
          </ns3:TrackPointExtension>
        </extensions>
      </trkpt>
      <trkpt lat="37.525273896753787994384765625" lon="127.12039955891668796539306640625">
        <ele>24.6000003814697265625</ele>
        <time>2026-05-24T01:21:36.000Z</time>
        <extensions>
          <ns3:TrackPointExtension>
            <ns3:hr>127</ns3:hr>
            <ns3:cad>84</ns3:cad>
          </ns3:TrackPointExtension>
        </extensions>
      </trkpt>
      <trkpt lat="37.52528688870370388031005859375" lon="127.12044171988964080810546875">
        <ele>24.6000003814697265625</ele>
        <time>2026-05-24T01:21:37.000Z</time>
        <extensions>
          <ns3:TrackPointExtension>
            <ns3:hr>128</ns3:hr>
            <ns3:cad>84</ns3:cad>
          </ns3:TrackPointExtension>
        </extensions>
      </trkpt>
      <trkpt lat="37.5252901576459407806396484375" lon="127.12046644650399684906005859375">
        <ele>24.6000003814697265625</ele>
        <time>2026-05-24T01:21:38.000Z</time>
        <extensions>
          <ns3:TrackPointExtension>
            <ns3:hr>128</ns3:hr>
            <ns3:cad>84</ns3:cad>
          </ns3:TrackPointExtension>
        </extensions>
      </trkpt>
      <trkpt lat="37.5252968631684780120849609375" lon="127.1205008961260318756103515625">
        <ele>24.6000003814697265625</ele>
        <time>2026-05-24T01:21:39.000Z</time>
        <extensions>
          <ns3:TrackPointExtension>
            <ns3:hr>127</ns3:hr>
            <ns3:cad>84</ns3:cad>
          </ns3:TrackPointExtension>
        </extensions>
      </trkpt>
      <trkpt lat="37.52529946155846118927001953125" lon="127.1205407939851284027099609375">
        <ele>24.6000003814697265625</ele>
        <time>2026-05-24T01:21:40.000Z</time>
        <extensions>
          <ns3:TrackPointExtension>
            <ns3:hr>128</ns3:hr>
            <ns3:cad>84</ns3:cad>
          </ns3:TrackPointExtension>
        </extensions>
      </trkpt>
      <trkpt lat="37.52531220205128192901611328125" lon="127.120568118989467620849609375">
        <ele>24.6000003814697265625</ele>
        <time>2026-05-24T01:21:41.000Z</time>
        <extensions>
          <ns3:TrackPointExtension>
            <ns3:hr>128</ns3:hr>
            <ns3:cad>84</ns3:cad>
          </ns3:TrackPointExtension>
        </extensions>
      </trkpt>
      <trkpt lat="37.52532326616346836090087890625" lon="127.12060960941016674041748046875">
        <ele>24.3999996185302734375</ele>
        <time>2026-05-24T01:21:42.000Z</time>
        <extensions>
          <ns3:TrackPointExtension>
            <ns3:hr>127</ns3:hr>
            <ns3:cad>84</ns3:cad>
          </ns3:TrackPointExtension>
        </extensions>
      </trkpt>
      <trkpt lat="37.525333575904369354248046875" lon="127.120631150901317596435546875">
        <ele>24.3999996185302734375</ele>
        <time>2026-05-24T01:21:43.000Z</time>
        <extensions>
          <ns3:TrackPointExtension>
            <ns3:hr>128</ns3:hr>
            <ns3:cad>83</ns3:cad>
          </ns3:TrackPointExtension>
        </extensions>
      </trkpt>
      <trkpt lat="37.52534170635044574737548828125" lon="127.12065973319113254547119140625">
        <ele>24.3999996185302734375</ele>
        <time>2026-05-24T01:21:44.000Z</time>
        <extensions>
          <ns3:TrackPointExtension>
            <ns3:hr>128</ns3:hr>
            <ns3:cad>83</ns3:cad>
          </ns3:TrackPointExtension>
        </extensions>
      </trkpt>
      <trkpt lat="37.52534774132072925567626953125" lon="127.1206899918615818023681640625">
        <ele>24.3999996185302734375</ele>
        <time>2026-05-24T01:21:45.000Z</time>
        <extensions>
          <ns3:TrackPointExtension>
            <ns3:hr>127</ns3:hr>
            <ns3:cad>83</ns3:cad>
          </ns3:TrackPointExtension>
        </extensions>
      </trkpt>
      <trkpt lat="37.52535897307097911834716796875" lon="127.12071639485657215118408203125">
        <ele>24.6000003814697265625</ele>
        <time>2026-05-24T01:21:46.000Z</time>
        <extensions>
          <ns3:TrackPointExtension>
            <ns3:hr>128</ns3:hr>
            <ns3:cad>83</ns3:cad>
          </ns3:TrackPointExtension>
        </extensions>
      </trkpt>
      <trkpt lat="37.52536718733608722686767578125" lon="127.120753861963748931884765625">
        <ele>24.6000003814697265625</ele>
        <time>2026-05-24T01:21:47.000Z</time>
        <extensions>
          <ns3:TrackPointExtension>
            <ns3:hr>128</ns3:hr>
            <ns3:cad>84</ns3:cad>
          </ns3:TrackPointExtension>
        </extensions>
      </trkpt>
      <trkpt lat="37.52537204883992671966552734375" lon="127.12077892385423183441162109375">
        <ele>24.6000003814697265625</ele>
        <time>2026-05-24T01:21:48.000Z</time>
        <extensions>
          <ns3:TrackPointExtension>
            <ns3:hr>128</ns3:hr>
            <ns3:cad>84</ns3:cad>
          </ns3:TrackPointExtension>
        </extensions>
      </trkpt>
      <trkpt lat="37.52538177184760570526123046875" lon="127.12081345729529857635498046875">
        <ele>24.3999996185302734375</ele>
        <time>2026-05-24T01:21:49.000Z</time>
        <extensions>
          <ns3:TrackPointExtension>
            <ns3:hr>127</ns3:hr>
            <ns3:cad>85</ns3:cad>
          </ns3:TrackPointExtension>
        </extensions>
      </trkpt>
      <trkpt lat="37.5253877229988574981689453125" lon="127.12084732018411159515380859375">
        <ele>24.3999996185302734375</ele>
        <time>2026-05-24T01:21:50.000Z</time>
        <extensions>
          <ns3:TrackPointExtension>
            <ns3:hr>128</ns3:hr>
            <ns3:cad>85</ns3:cad>
          </ns3:TrackPointExtension>
        </extensions>
      </trkpt>
      <trkpt lat="37.5253991223871707916259765625" lon="127.1208737231791019439697265625">
        <ele>24.3999996185302734375</ele>
        <time>2026-05-24T01:21:51.000Z</time>
        <extensions>
          <ns3:TrackPointExtension>
            <ns3:hr>128</ns3:hr>
            <ns3:cad>84</ns3:cad>
          </ns3:TrackPointExtension>
        </extensions>
      </trkpt>
      <trkpt lat="37.52540767192840576171875" lon="127.1209158003330230712890625">
        <ele>24.200000762939453125</ele>
        <time>2026-05-24T01:21:52.000Z</time>
        <extensions>
          <ns3:TrackPointExtension>
            <ns3:hr>128</ns3:hr>
            <ns3:cad>83</ns3:cad>
          </ns3:TrackPointExtension>
        </extensions>
      </trkpt>
      <trkpt lat="37.52541446126997470855712890625" lon="127.1209426224231719970703125">
        <ele>24.200000762939453125</ele>
        <time>2026-05-24T01:21:53.000Z</time>
        <extensions>
          <ns3:TrackPointExtension>
            <ns3:hr>128</ns3:hr>
            <ns3:cad>83</ns3:cad>
          </ns3:TrackPointExtension>
        </extensions>
      </trkpt>
      <trkpt lat="37.52542602829635143280029296875" lon="127.12098042480647563934326171875">
        <ele>24.200000762939453125</ele>
        <time>2026-05-24T01:21:54.000Z</time>
        <extensions>
          <ns3:TrackPointExtension>
            <ns3:hr>128</ns3:hr>
            <ns3:cad>83</ns3:cad>
          </ns3:TrackPointExtension>
        </extensions>
      </trkpt>
      <trkpt lat="37.5254309736192226409912109375" lon="127.1210138686001300811767578125">
        <ele>24.3999996185302734375</ele>
        <time>2026-05-24T01:21:55.000Z</time>
        <extensions>
          <ns3:TrackPointExtension>
            <ns3:hr>127</ns3:hr>
            <ns3:cad>84</ns3:cad>
          </ns3:TrackPointExtension>
        </extensions>
      </trkpt>
      <trkpt lat="37.52543784677982330322265625" lon="127.1210364997386932373046875">
        <ele>24.200000762939453125</ele>
        <time>2026-05-24T01:21:56.000Z</time>
        <extensions>
          <ns3:TrackPointExtension>
            <ns3:hr>128</ns3:hr>
            <ns3:cad>84</ns3:cad>
          </ns3:TrackPointExtension>
        </extensions>
      </trkpt>
      <trkpt lat="37.525443546473979949951171875" lon="127.12107614614069461822509765625">
        <ele>24.3999996185302734375</ele>
        <time>2026-05-24T01:21:57.000Z</time>
        <extensions>
          <ns3:TrackPointExtension>
            <ns3:hr>128</ns3:hr>
            <ns3:cad>84</ns3:cad>
          </ns3:TrackPointExtension>
        </extensions>
      </trkpt>
      <trkpt lat="37.5254514254629611968994140625" lon="127.12109995074570178985595703125">
        <ele>24.3999996185302734375</ele>
        <time>2026-05-24T01:21:58.000Z</time>
        <extensions>
          <ns3:TrackPointExtension>
            <ns3:hr>127</ns3:hr>
            <ns3:cad>84</ns3:cad>
          </ns3:TrackPointExtension>
        </extensions>
      </trkpt>
      <trkpt lat="37.52545670606195926666259765625" lon="127.12113297544419765472412109375">
        <ele>24.3999996185302734375</ele>
        <time>2026-05-24T01:21:59.000Z</time>
        <extensions>
          <ns3:TrackPointExtension>
            <ns3:hr>128</ns3:hr>
            <ns3:cad>84</ns3:cad>
          </ns3:TrackPointExtension>
        </extensions>
      </trkpt>
      <trkpt lat="37.52546039409935474395751953125" lon="127.121162228286266326904296875">
        <ele>24.3999996185302734375</ele>
        <time>2026-05-24T01:22:00.000Z</time>
        <extensions>
          <ns3:TrackPointExtension>
            <ns3:hr>128</ns3:hr>
            <ns3:cad>84</ns3:cad>
          </ns3:TrackPointExtension>
        </extensions>
      </trkpt>
      <trkpt lat="37.52546642906963825225830078125" lon="127.12118343450129032135009765625">
        <ele>24.3999996185302734375</ele>
        <time>2026-05-24T01:22:01.000Z</time>
        <extensions>
          <ns3:TrackPointExtension>
            <ns3:hr>127</ns3:hr>
            <ns3:cad>84</ns3:cad>
          </ns3:TrackPointExtension>
        </extensions>
      </trkpt>
      <trkpt lat="37.52546726725995540618896484375" lon="127.12121981196105480194091796875">
        <ele>24.6000003814697265625</ele>
        <time>2026-05-24T01:22:02.000Z</time>
        <extensions>
          <ns3:TrackPointExtension>
            <ns3:hr>127</ns3:hr>
            <ns3:cad>84</ns3:cad>
          </ns3:TrackPointExtension>
        </extensions>
      </trkpt>
      <trkpt lat="37.52547271549701690673828125" lon="127.12124596349895000457763671875">
        <ele>24.6000003814697265625</ele>
        <time>2026-05-24T01:22:03.000Z</time>
        <extensions>
          <ns3:TrackPointExtension>
            <ns3:hr>127</ns3:hr>
            <ns3:cad>84</ns3:cad>
          </ns3:TrackPointExtension>
        </extensions>
      </trkpt>
      <trkpt lat="37.52548235468566417694091796875" lon="127.12128217332065105438232421875">
        <ele>24.6000003814697265625</ele>
        <time>2026-05-24T01:22:04.000Z</time>
        <extensions>
          <ns3:TrackPointExtension>
            <ns3:hr>126</ns3:hr>
            <ns3:cad>84</ns3:cad>
          </ns3:TrackPointExtension>
        </extensions>
      </trkpt>
      <trkpt lat="37.5254866294562816619873046875" lon="127.1213169582188129425048828125">
        <ele>24.6000003814697265625</ele>
        <time>2026-05-24T01:22:05.000Z</time>
        <extensions>
          <ns3:TrackPointExtension>
            <ns3:hr>126</ns3:hr>
            <ns3:cad>84</ns3:cad>
          </ns3:TrackPointExtension>
        </extensions>
      </trkpt>
      <trkpt lat="37.52549123950302600860595703125" lon="127.1213461272418498992919921875">
        <ele>24.799999237060546875</ele>
        <time>2026-05-24T01:22:06.000Z</time>
        <extensions>
          <ns3:TrackPointExtension>
            <ns3:hr>125</ns3:hr>
            <ns3:cad>84</ns3:cad>
          </ns3:TrackPointExtension>
        </extensions>
      </trkpt>
      <trkpt lat="37.5254948437213897705078125" lon="127.1213890425860881805419921875">
        <ele>24.799999237060546875</ele>
        <time>2026-05-24T01:22:07.000Z</time>
        <extensions>
          <ns3:TrackPointExtension>
            <ns3:hr>125</ns3:hr>
            <ns3:cad>83</ns3:cad>
          </ns3:TrackPointExtension>
        </extensions>
      </trkpt>
      <trkpt lat="37.52550029195845127105712890625" lon="127.121411673724651336669921875">
        <ele>24.799999237060546875</ele>
        <time>2026-05-24T01:22:08.000Z</time>
        <extensions>
          <ns3:TrackPointExtension>
            <ns3:hr>125</ns3:hr>
            <ns3:cad>83</ns3:cad>
          </ns3:TrackPointExtension>
        </extensions>
      </trkpt>
      <trkpt lat="37.525503896176815032958984375" lon="127.12144562043249607086181640625">
        <ele>24.799999237060546875</ele>
        <time>2026-05-24T01:22:09.000Z</time>
        <extensions>
          <ns3:TrackPointExtension>
            <ns3:hr>125</ns3:hr>
            <ns3:cad>83</ns3:cad>
          </ns3:TrackPointExtension>
        </extensions>
      </trkpt>
      <trkpt lat="37.52550532110035419464111328125" lon="127.12147847749292850494384765625">
        <ele>24.799999237060546875</ele>
        <time>2026-05-24T01:22:10.000Z</time>
        <extensions>
          <ns3:TrackPointExtension>
            <ns3:hr>125</ns3:hr>
            <ns3:cad>84</ns3:cad>
          </ns3:TrackPointExtension>
        </extensions>
      </trkpt>
      <trkpt lat="37.52551085315644741058349609375" lon="127.12150563485920429229736328125">
        <ele>24.799999237060546875</ele>
        <time>2026-05-24T01:22:11.000Z</time>
        <extensions>
          <ns3:TrackPointExtension>
            <ns3:hr>125</ns3:hr>
            <ns3:cad>83</ns3:cad>
          </ns3:TrackPointExtension>
        </extensions>
      </trkpt>
      <trkpt lat="37.5255141220986843109130859375" lon="127.1215456165373325347900390625">
        <ele>24.799999237060546875</ele>
        <time>2026-05-24T01:22:12.000Z</time>
        <extensions>
          <ns3:TrackPointExtension>
            <ns3:hr>125</ns3:hr>
            <ns3:cad>84</ns3:cad>
          </ns3:TrackPointExtension>
        </extensions>
      </trkpt>
      <trkpt lat="37.52551973797380924224853515625" lon="127.12156883440911769866943359375">
        <ele>24.799999237060546875</ele>
        <time>2026-05-24T01:22:13.000Z</time>
        <extensions>
          <ns3:TrackPointExtension>
            <ns3:hr>124</ns3:hr>
            <ns3:cad>84</ns3:cad>
          </ns3:TrackPointExtension>
        </extensions>
      </trkpt>
      <trkpt lat="37.52553029917180538177490234375" lon="127.12160722352564334869384765625">
        <ele>25</ele>
        <time>2026-05-24T01:22:14.000Z</time>
        <extensions>
          <ns3:TrackPointExtension>
            <ns3:hr>125</ns3:hr>
            <ns3:cad>84</ns3:cad>
          </ns3:TrackPointExtension>
        </extensions>
      </trkpt>
      <trkpt lat="37.52552862279117107391357421875" lon="127.12163723073899745941162109375">
        <ele>25</ele>
        <time>2026-05-24T01:22:15.000Z</time>
        <extensions>
          <ns3:TrackPointExtension>
            <ns3:hr>125</ns3:hr>
            <ns3:cad>84</ns3:cad>
          </ns3:TrackPointExtension>
        </extensions>
      </trkpt>
      <trkpt lat="37.52553214319050312042236328125" lon="127.1216689981520175933837890625">
        <ele>25</ele>
        <time>2026-05-24T01:22:16.000Z</time>
        <extensions>
          <ns3:TrackPointExtension>
            <ns3:hr>125</ns3:hr>
            <ns3:cad>84</ns3:cad>
          </ns3:TrackPointExtension>
        </extensions>
      </trkpt>
      <trkpt lat="37.5255255214869976043701171875" lon="127.12171099148690700531005859375">
        <ele>25</ele>
        <time>2026-05-24T01:22:17.000Z</time>
        <extensions>
          <ns3:TrackPointExtension>
            <ns3:hr>125</ns3:hr>
            <ns3:cad>84</ns3:cad>
          </ns3:TrackPointExtension>
        </extensions>
      </trkpt>
      <trkpt lat="37.52552811987698078155517578125" lon="127.121738232672214508056640625">
        <ele>25</ele>
        <time>2026-05-24T01:22:18.000Z</time>
        <extensions>
          <ns3:TrackPointExtension>
            <ns3:hr>125</ns3:hr>
            <ns3:cad>83</ns3:cad>
          </ns3:TrackPointExtension>
        </extensions>
      </trkpt>
      <trkpt lat="37.525526024401187896728515625" lon="127.1217803098261356353759765625">
        <ele>25</ele>
        <time>2026-05-24T01:22:19.000Z</time>
        <extensions>
          <ns3:TrackPointExtension>
            <ns3:hr>125</ns3:hr>
            <ns3:cad>83</ns3:cad>
          </ns3:TrackPointExtension>
        </extensions>
      </trkpt>
      <trkpt lat="37.5255255214869976043701171875" lon="127.12181341834366321563720703125">
        <ele>25.200000762939453125</ele>
        <time>2026-05-24T01:22:20.000Z</time>
        <extensions>
          <ns3:TrackPointExtension>
            <ns3:hr>124</ns3:hr>
            <ns3:cad>83</ns3:cad>
          </ns3:TrackPointExtension>
        </extensions>
      </trkpt>
      <trkpt lat="37.5255271978676319122314453125" lon="127.12184409610927104949951171875">
        <ele>25.200000762939453125</ele>
        <time>2026-05-24T01:22:21.000Z</time>
        <extensions>
          <ns3:TrackPointExtension>
            <ns3:hr>124</ns3:hr>
            <ns3:cad>84</ns3:cad>
          </ns3:TrackPointExtension>
        </extensions>
      </trkpt>
      <trkpt lat="37.525519318878650665283203125" lon="127.12188214994966983795166015625">
        <ele>25.200000762939453125</ele>
        <time>2026-05-24T01:22:22.000Z</time>
        <extensions>
          <ns3:TrackPointExtension>
            <ns3:hr>124</ns3:hr>
            <ns3:cad>84</ns3:cad>
          </ns3:TrackPointExtension>
        </extensions>
      </trkpt>
      <trkpt lat="37.525524683296680450439453125" lon="127.121907882392406463623046875">
        <ele>25.200000762939453125</ele>
        <time>2026-05-24T01:22:23.000Z</time>
        <extensions>
          <ns3:TrackPointExtension>
            <ns3:hr>124</ns3:hr>
            <ns3:cad>84</ns3:cad>
          </ns3:TrackPointExtension>
        </extensions>
      </trkpt>
      <trkpt lat="37.52552191726863384246826171875" lon="127.12194736115634441375732421875">
        <ele>25.200000762939453125</ele>
        <time>2026-05-24T01:22:24.000Z</time>
        <extensions>
          <ns3:TrackPointExtension>
            <ns3:hr>125</ns3:hr>
            <ns3:cad>84</ns3:cad>
          </ns3:TrackPointExtension>
        </extensions>
      </trkpt>
      <trkpt lat="37.52551957033574581146240234375" lon="127.12197904475033283233642578125">
        <ele>25.200000762939453125</ele>
        <time>2026-05-24T01:22:25.000Z</time>
        <extensions>
          <ns3:TrackPointExtension>
            <ns3:hr>125</ns3:hr>
            <ns3:cad>84</ns3:cad>
          </ns3:TrackPointExtension>
        </extensions>
      </trkpt>
      <trkpt lat="37.5255137868225574493408203125" lon="127.12200871668756008148193359375">
        <ele>25</ele>
        <time>2026-05-24T01:22:26.000Z</time>
        <extensions>
          <ns3:TrackPointExtension>
            <ns3:hr>125</ns3:hr>
            <ns3:cad>84</ns3:cad>
          </ns3:TrackPointExtension>
        </extensions>
      </trkpt>
      <trkpt lat="37.52550758421421051025390625" lon="127.1220423281192779541015625">
        <ele>25</ele>
        <time>2026-05-24T01:22:27.000Z</time>
        <extensions>
          <ns3:TrackPointExtension>
            <ns3:hr>125</ns3:hr>
            <ns3:cad>84</ns3:cad>
          </ns3:TrackPointExtension>
        </extensions>
      </trkpt>
      <trkpt lat="37.5255107693374156951904296875" lon="127.1220706589519977569580078125">
        <ele>25</ele>
        <time>2026-05-24T01:22:28.000Z</time>
        <extensions>
          <ns3:TrackPointExtension>
            <ns3:hr>125</ns3:hr>
            <ns3:cad>84</ns3:cad>
          </ns3:TrackPointExtension>
        </extensions>
      </trkpt>
      <trkpt lat="37.5255064107477664947509765625" lon="127.12211717851459980010986328125">
        <ele>25</ele>
        <time>2026-05-24T01:22:29.000Z</time>
        <extensions>
          <ns3:TrackPointExtension>
            <ns3:hr>125</ns3:hr>
            <ns3:cad>84</ns3:cad>
          </ns3:TrackPointExtension>
        </extensions>
      </trkpt>
      <trkpt lat="37.525506578385829925537109375" lon="127.1221471019089221954345703125">
        <ele>25</ele>
        <time>2026-05-24T01:22:30.000Z</time>
        <extensions>
          <ns3:TrackPointExtension>
            <ns3:hr>125</ns3:hr>
            <ns3:cad>85</ns3:cad>
          </ns3:TrackPointExtension>
        </extensions>
      </trkpt>
      <trkpt lat="37.5255037285387516021728515625" lon="127.12217979133129119873046875">
        <ele>25.200000762939453125</ele>
        <time>2026-05-24T01:22:31.000Z</time>
        <extensions>
          <ns3:TrackPointExtension>
            <ns3:hr>125</ns3:hr>
            <ns3:cad>85</ns3:cad>
          </ns3:TrackPointExtension>
        </extensions>
      </trkpt>
      <trkpt lat="37.52549593336880207061767578125" lon="127.1222141571342945098876953125">
        <ele>25.200000762939453125</ele>
        <time>2026-05-24T01:22:32.000Z</time>
        <extensions>
          <ns3:TrackPointExtension>
            <ns3:hr>125</ns3:hr>
            <ns3:cad>84</ns3:cad>
          </ns3:TrackPointExtension>
        </extensions>
      </trkpt>
      <trkpt lat="37.525501884520053863525390625" lon="127.12224106304347515106201171875">
        <ele>25.200000762939453125</ele>
        <time>2026-05-24T01:22:33.000Z</time>
        <extensions>
          <ns3:TrackPointExtension>
            <ns3:hr>126</ns3:hr>
            <ns3:cad>84</ns3:cad>
          </ns3:TrackPointExtension>
        </extensions>
      </trkpt>
      <trkpt lat="37.5254986993968486785888671875" lon="127.12227635085582733154296875">
        <ele>25.200000762939453125</ele>
        <time>2026-05-24T01:22:34.000Z</time>
        <extensions>
          <ns3:TrackPointExtension>
            <ns3:hr>126</ns3:hr>
            <ns3:cad>84</ns3:cad>
          </ns3:TrackPointExtension>
        </extensions>
      </trkpt>
      <trkpt lat="37.52550364471971988677978515625" lon="127.122300826013088226318359375">
        <ele>25.200000762939453125</ele>
        <time>2026-05-24T01:22:35.000Z</time>
        <extensions>
          <ns3:TrackPointExtension>
            <ns3:hr>126</ns3:hr>
            <ns3:cad>84</ns3:cad>
          </ns3:TrackPointExtension>
        </extensions>
      </trkpt>
      <trkpt lat="37.5255010463297367095947265625" lon="127.12233670055866241455078125">
        <ele>25.200000762939453125</ele>
        <time>2026-05-24T01:22:36.000Z</time>
        <extensions>
          <ns3:TrackPointExtension>
            <ns3:hr>126</ns3:hr>
            <ns3:cad>84</ns3:cad>
          </ns3:TrackPointExtension>
        </extensions>
      </trkpt>
      <trkpt lat="37.5254983641207218170166015625" lon="127.12237031199038028717041015625">
        <ele>25.200000762939453125</ele>
        <time>2026-05-24T01:22:37.000Z</time>
        <extensions>
          <ns3:TrackPointExtension>
            <ns3:hr>126</ns3:hr>
            <ns3:cad>84</ns3:cad>
          </ns3:TrackPointExtension>
        </extensions>
      </trkpt>
      <trkpt lat="37.52550113014876842498779296875" lon="127.12239445187151432037353515625">
        <ele>25.200000762939453125</ele>
        <time>2026-05-24T01:22:38.000Z</time>
        <extensions>
          <ns3:TrackPointExtension>
            <ns3:hr>126</ns3:hr>
            <ns3:cad>84</ns3:cad>
          </ns3:TrackPointExtension>
        </extensions>
      </trkpt>
      <trkpt lat="37.5254950113594532012939453125" lon="127.12243166752159595489501953125">
        <ele>25.200000762939453125</ele>
        <time>2026-05-24T01:22:39.000Z</time>
        <extensions>
          <ns3:TrackPointExtension>
            <ns3:hr>127</ns3:hr>
            <ns3:cad>84</ns3:cad>
          </ns3:TrackPointExtension>
        </extensions>
      </trkpt>
      <trkpt lat="37.5254963524639606475830078125" lon="127.1224589087069034576416015625">
        <ele>25.200000762939453125</ele>
        <time>2026-05-24T01:22:40.000Z</time>
        <extensions>
          <ns3:TrackPointExtension>
            <ns3:hr>127</ns3:hr>
            <ns3:cad>84</ns3:cad>
          </ns3:TrackPointExtension>
        </extensions>
      </trkpt>
      <trkpt lat="37.52548880875110626220703125" lon="127.12249972857534885406494140625">
        <ele>25.200000762939453125</ele>
        <time>2026-05-24T01:22:41.000Z</time>
        <extensions>
          <ns3:TrackPointExtension>
            <ns3:hr>127</ns3:hr>
            <ns3:cad>84</ns3:cad>
          </ns3:TrackPointExtension>
        </extensions>
      </trkpt>
      <trkpt lat="37.5254802592098712921142578125" lon="127.12253342382609844207763671875">
        <ele>25.200000762939453125</ele>
        <time>2026-05-24T01:22:42.000Z</time>
        <extensions>
          <ns3:TrackPointExtension>
            <ns3:hr>126</ns3:hr>
            <ns3:cad>84</ns3:cad>
          </ns3:TrackPointExtension>
        </extensions>
      </trkpt>
      <trkpt lat="37.52548017539083957672119140625" lon="127.12255940772593021392822265625">
        <ele>25.200000762939453125</ele>
        <time>2026-05-24T01:22:43.000Z</time>
        <extensions>
          <ns3:TrackPointExtension>
            <ns3:hr>127</ns3:hr>
            <ns3:cad>84</ns3:cad>
          </ns3:TrackPointExtension>
        </extensions>
      </trkpt>
      <trkpt lat="37.5254728831350803375244140625" lon="127.12260165251791477203369140625">
        <ele>25.200000762939453125</ele>
        <time>2026-05-24T01:22:44.000Z</time>
        <extensions>
          <ns3:TrackPointExtension>
            <ns3:hr>126</ns3:hr>
            <ns3:cad>83</ns3:cad>
          </ns3:TrackPointExtension>
        </extensions>
      </trkpt>
      <trkpt lat="37.5254769064486026763916015625" lon="127.12262637913227081298828125">
        <ele>25.200000762939453125</ele>
        <time>2026-05-24T01:22:45.000Z</time>
        <extensions>
          <ns3:TrackPointExtension>
            <ns3:hr>126</ns3:hr>
            <ns3:cad>83</ns3:cad>
          </ns3:TrackPointExtension>
        </extensions>
      </trkpt>
      <trkpt lat="37.525471709668636322021484375" lon="127.1226711384952068328857421875">
        <ele>25.200000762939453125</ele>
        <time>2026-05-24T01:22:46.000Z</time>
        <extensions>
          <ns3:TrackPointExtension>
            <ns3:hr>126</ns3:hr>
            <ns3:cad>83</ns3:cad>
          </ns3:TrackPointExtension>
        </extensions>
      </trkpt>
      <trkpt lat="37.5254675187170505523681640625" lon="127.1227026544511318206787109375">
        <ele>25.3999996185302734375</ele>
        <time>2026-05-24T01:22:47.000Z</time>
        <extensions>
          <ns3:TrackPointExtension>
            <ns3:hr>127</ns3:hr>
            <ns3:cad>84</ns3:cad>
          </ns3:TrackPointExtension>
        </extensions>
      </trkpt>
      <trkpt lat="37.52546844072639942169189453125" lon="127.12273023091256618499755859375">
        <ele>25.3999996185302734375</ele>
        <time>2026-05-24T01:22:48.000Z</time>
        <extensions>
          <ns3:TrackPointExtension>
            <ns3:hr>126</ns3:hr>
            <ns3:cad>84</ns3:cad>
          </ns3:TrackPointExtension>
        </extensions>
      </trkpt>
      <trkpt lat="37.52545620314776897430419921875" lon="127.12277247570455074310302734375">
        <ele>25.3999996185302734375</ele>
        <time>2026-05-24T01:22:49.000Z</time>
        <extensions>
          <ns3:TrackPointExtension>
            <ns3:hr>126</ns3:hr>
            <ns3:cad>84</ns3:cad>
          </ns3:TrackPointExtension>
        </extensions>
      </trkpt>
      <trkpt lat="37.52545519731938838958740234375" lon="127.12279778905212879180908203125">
        <ele>25.3999996185302734375</ele>
        <time>2026-05-24T01:22:50.000Z</time>
        <extensions>
          <ns3:TrackPointExtension>
            <ns3:hr>126</ns3:hr>
            <ns3:cad>84</ns3:cad>
          </ns3:TrackPointExtension>
        </extensions>
      </trkpt>
      <trkpt lat="37.5254497490823268890380859375" lon="127.1228407882153987884521484375">
        <ele>25.3999996185302734375</ele>
        <time>2026-05-24T01:22:51.000Z</time>
        <extensions>
          <ns3:TrackPointExtension>
            <ns3:hr>127</ns3:hr>
            <ns3:cad>84</ns3:cad>
          </ns3:TrackPointExtension>
        </extensions>
      </trkpt>
      <trkpt lat="37.52544832415878772735595703125" lon="127.122874148190021514892578125">
        <ele>25.3999996185302734375</ele>
        <time>2026-05-24T01:22:52.000Z</time>
        <extensions>
          <ns3:TrackPointExtension>
            <ns3:hr>127</ns3:hr>
            <ns3:cad>84</ns3:cad>
          </ns3:TrackPointExtension>
        </extensions>
      </trkpt>
      <trkpt lat="37.52544346265494823455810546875" lon="127.1229085139930248260498046875">
        <ele>25.3999996185302734375</ele>
        <time>2026-05-24T01:22:53.000Z</time>
        <extensions>
          <ns3:TrackPointExtension>
            <ns3:hr>127</ns3:hr>
            <ns3:cad>84</ns3:cad>
          </ns3:TrackPointExtension>
        </extensions>
      </trkpt>
      <trkpt lat="37.52543306909501552581787109375" lon="127.12294983677566051483154296875">
        <ele>25.3999996185302734375</ele>
        <time>2026-05-24T01:22:54.000Z</time>
        <extensions>
          <ns3:TrackPointExtension>
            <ns3:hr>127</ns3:hr>
            <ns3:cad>84</ns3:cad>
          </ns3:TrackPointExtension>
        </extensions>
      </trkpt>
      <trkpt lat="37.525434829294681549072265625" lon="127.12297498248517513275146484375">
        <ele>25.3999996185302734375</ele>
        <time>2026-05-24T01:22:55.000Z</time>
        <extensions>
          <ns3:TrackPointExtension>
            <ns3:hr>127</ns3:hr>
            <ns3:cad>84</ns3:cad>
          </ns3:TrackPointExtension>
        </extensions>
      </trkpt>
      <trkpt lat="37.52543625421822071075439453125" lon="127.1230060793459415435791015625">
        <ele>25.3999996185302734375</ele>
        <time>2026-05-24T01:22:56.000Z</time>
        <extensions>
          <ns3:TrackPointExtension>
            <ns3:hr>127</ns3:hr>
            <ns3:cad>84</ns3:cad>
          </ns3:TrackPointExtension>
        </extensions>
      </trkpt>
      <trkpt lat="37.5254346616566181182861328125" lon="127.12303533218801021575927734375">
        <ele>25.200000762939453125</ele>
        <time>2026-05-24T01:22:57.000Z</time>
        <extensions>
          <ns3:TrackPointExtension>
            <ns3:hr>126</ns3:hr>
            <ns3:cad>84</ns3:cad>
          </ns3:TrackPointExtension>
        </extensions>
      </trkpt>
      <trkpt lat="37.5254296325147151947021484375" lon="127.12306818924844264984130859375">
        <ele>25.200000762939453125</ele>
        <time>2026-05-24T01:22:58.000Z</time>
        <extensions>
          <ns3:TrackPointExtension>
            <ns3:hr>127</ns3:hr>
            <ns3:cad>84</ns3:cad>
          </ns3:TrackPointExtension>
        </extensions>
      </trkpt>
      <trkpt lat="37.525416053831577301025390625" lon="127.1231044828891754150390625">
        <ele>25.200000762939453125</ele>
        <time>2026-05-24T01:22:59.000Z</time>
        <extensions>
          <ns3:TrackPointExtension>
            <ns3:hr>127</ns3:hr>
            <ns3:cad>84</ns3:cad>
          </ns3:TrackPointExtension>
        </extensions>
      </trkpt>
      <trkpt lat="37.52541110850870609283447265625" lon="127.12313272990286350250244140625">
        <ele>25.200000762939453125</ele>
        <time>2026-05-24T01:23:00.000Z</time>
        <extensions>
          <ns3:TrackPointExtension>
            <ns3:hr>126</ns3:hr>
            <ns3:cad>85</ns3:cad>
          </ns3:TrackPointExtension>
        </extensions>
      </trkpt>
      <trkpt lat="37.5254023075103759765625" lon="127.123171202838420867919921875">
        <ele>25.200000762939453125</ele>
        <time>2026-05-24T01:23:01.000Z</time>
        <extensions>
          <ns3:TrackPointExtension>
            <ns3:hr>126</ns3:hr>
            <ns3:cad>85</ns3:cad>
          </ns3:TrackPointExtension>
        </extensions>
      </trkpt>
      <trkpt lat="37.525402642786502838134765625" lon="127.123198024928569793701171875">
        <ele>25.200000762939453125</ele>
        <time>2026-05-24T01:23:02.000Z</time>
        <extensions>
          <ns3:TrackPointExtension>
            <ns3:hr>126</ns3:hr>
            <ns3:cad>85</ns3:cad>
          </ns3:TrackPointExtension>
        </extensions>
      </trkpt>
      <trkpt lat="37.5253984518349170684814453125" lon="127.12323079816997051239013671875">
        <ele>25.200000762939453125</ele>
        <time>2026-05-24T01:23:03.000Z</time>
        <extensions>
          <ns3:TrackPointExtension>
            <ns3:hr>127</ns3:hr>
            <ns3:cad>85</ns3:cad>
          </ns3:TrackPointExtension>
        </extensions>
      </trkpt>
      <trkpt lat="37.52539317123591899871826171875" lon="127.12326030246913433074951171875">
        <ele>25</ele>
        <time>2026-05-24T01:23:04.000Z</time>
        <extensions>
          <ns3:TrackPointExtension>
            <ns3:hr>127</ns3:hr>
            <ns3:cad>85</ns3:cad>
          </ns3:TrackPointExtension>
        </extensions>
      </trkpt>
      <trkpt lat="37.52538713626563549041748046875" lon="127.1232840232551097869873046875">
        <ele>25</ele>
        <time>2026-05-24T01:23:05.000Z</time>
        <extensions>
          <ns3:TrackPointExtension>
            <ns3:hr>127</ns3:hr>
            <ns3:cad>85</ns3:cad>
          </ns3:TrackPointExtension>
        </extensions>
      </trkpt>
      <trkpt lat="37.52538017928600311279296875" lon="127.123319394886493682861328125">
        <ele>25</ele>
        <time>2026-05-24T01:23:06.000Z</time>
        <extensions>
          <ns3:TrackPointExtension>
            <ns3:hr>127</ns3:hr>
            <ns3:cad>85</ns3:cad>
          </ns3:TrackPointExtension>
        </extensions>
      </trkpt>
      <trkpt lat="37.52538160420954227447509765625" lon="127.12334495969116687774658203125">
        <ele>25</ele>
        <time>2026-05-24T01:23:07.000Z</time>
        <extensions>
          <ns3:TrackPointExtension>
            <ns3:hr>127</ns3:hr>
            <ns3:cad>85</ns3:cad>
          </ns3:TrackPointExtension>
        </extensions>
      </trkpt>
      <trkpt lat="37.5253806822001934051513671875" lon="127.123385779559612274169921875">
        <ele>25</ele>
        <time>2026-05-24T01:23:08.000Z</time>
        <extensions>
          <ns3:TrackPointExtension>
            <ns3:hr>127</ns3:hr>
            <ns3:cad>85</ns3:cad>
          </ns3:TrackPointExtension>
        </extensions>
      </trkpt>
      <trkpt lat="37.5253887288272380828857421875" lon="127.12341251783072948455810546875">
        <ele>25</ele>
        <time>2026-05-24T01:23:09.000Z</time>
        <extensions>
          <ns3:TrackPointExtension>
            <ns3:hr>127</ns3:hr>
            <ns3:cad>85</ns3:cad>
          </ns3:TrackPointExtension>
        </extensions>
      </trkpt>
      <trkpt lat="37.5253950990736484527587890625" lon="127.12345040403306484222412109375">
        <ele>24.799999237060546875</ele>
        <time>2026-05-24T01:23:10.000Z</time>
        <extensions>
          <ns3:TrackPointExtension>
            <ns3:hr>127</ns3:hr>
            <ns3:cad>85</ns3:cad>
          </ns3:TrackPointExtension>
        </extensions>
      </trkpt>
      <trkpt lat="37.525392584502696990966796875" lon="127.12348678149282932281494140625">
        <ele>24.799999237060546875</ele>
        <time>2026-05-24T01:23:11.000Z</time>
        <extensions>
          <ns3:TrackPointExtension>
            <ns3:hr>127</ns3:hr>
            <ns3:cad>85</ns3:cad>
          </ns3:TrackPointExtension>
        </extensions>
      </trkpt>
      <trkpt lat="37.52539895474910736083984375" lon="127.1235175430774688720703125">
        <ele>24.6000003814697265625</ele>
        <time>2026-05-24T01:23:12.000Z</time>
        <extensions>
          <ns3:TrackPointExtension>
            <ns3:hr>127</ns3:hr>
            <ns3:cad>85</ns3:cad>
          </ns3:TrackPointExtension>
        </extensions>
      </trkpt>
      <trkpt lat="37.52539618872106075286865234375" lon="127.1235592849552631378173828125">
        <ele>24.3999996185302734375</ele>
        <time>2026-05-24T01:23:13.000Z</time>
        <extensions>
          <ns3:TrackPointExtension>
            <ns3:hr>127</ns3:hr>
            <ns3:cad>85</ns3:cad>
          </ns3:TrackPointExtension>
        </extensions>
      </trkpt>
      <trkpt lat="37.525392584502696990966796875" lon="127.12359063327312469482421875">
        <ele>24.200000762939453125</ele>
        <time>2026-05-24T01:23:14.000Z</time>
        <extensions>
          <ns3:TrackPointExtension>
            <ns3:hr>126</ns3:hr>
            <ns3:cad>85</ns3:cad>
          </ns3:TrackPointExtension>
        </extensions>
      </trkpt>
      <trkpt lat="37.52537305466830730438232421875" lon="127.12361670099198818206787109375">
        <ele>24</ele>
        <time>2026-05-24T01:23:15.000Z</time>
        <extensions>
          <ns3:TrackPointExtension>
            <ns3:hr>127</ns3:hr>
            <ns3:cad>85</ns3:cad>
          </ns3:TrackPointExtension>
        </extensions>
      </trkpt>
      <trkpt lat="37.5253580510616302490234375" lon="127.12363279424607753753662109375">
        <ele>24</ele>
        <time>2026-05-24T01:23:16.000Z</time>
        <extensions>
          <ns3:TrackPointExtension>
            <ns3:hr>126</ns3:hr>
            <ns3:cad>85</ns3:cad>
          </ns3:TrackPointExtension>
        </extensions>
      </trkpt>
      <trkpt lat="37.52533902414143085479736328125" lon="127.12364821694791316986083984375">
        <ele>23.799999237060546875</ele>
        <time>2026-05-24T01:23:17.000Z</time>
        <extensions>
          <ns3:TrackPointExtension>
            <ns3:hr>126</ns3:hr>
            <ns3:cad>85</ns3:cad>
          </ns3:TrackPointExtension>
        </extensions>
      </trkpt>
      <trkpt lat="37.52530583180487155914306640625" lon="127.1236447803676128387451171875">
        <ele>23.6000003814697265625</ele>
        <time>2026-05-24T01:23:18.000Z</time>
        <extensions>
          <ns3:TrackPointExtension>
            <ns3:hr>126</ns3:hr>
            <ns3:cad>85</ns3:cad>
          </ns3:TrackPointExtension>
        </extensions>
      </trkpt>
      <trkpt lat="37.52527917735278606414794921875" lon="127.1236491389572620391845703125">
        <ele>23.200000762939453125</ele>
        <time>2026-05-24T01:23:19.000Z</time>
        <extensions>
          <ns3:TrackPointExtension>
            <ns3:hr>126</ns3:hr>
            <ns3:cad>0</ns3:cad>
          </ns3:TrackPointExtension>
        </extensions>
      </trkpt>
      <trkpt lat="37.52523508854210376739501953125" lon="127.12365073151886463165283203125">
        <ele>23</ele>
        <time>2026-05-24T01:23:20.000Z</time>
        <extensions>
          <ns3:TrackPointExtension>
            <ns3:hr>126</ns3:hr>
            <ns3:cad>0</ns3:cad>
          </ns3:TrackPointExtension>
        </extensions>
      </trkpt>
      <trkpt lat="37.52520893700420856475830078125" lon="127.12364821694791316986083984375">
        <ele>22.799999237060546875</ele>
        <time>2026-05-24T01:23:21.000Z</time>
        <extensions>
          <ns3:TrackPointExtension>
            <ns3:hr>126</ns3:hr>
            <ns3:cad>0</ns3:cad>
          </ns3:TrackPointExtension>
        </extensions>
      </trkpt>
      <trkpt lat="37.52517255954444408416748046875" lon="127.123645953834056854248046875">
        <ele>22.6000003814697265625</ele>
        <time>2026-05-24T01:23:22.000Z</time>
        <extensions>
          <ns3:TrackPointExtension>
            <ns3:hr>126</ns3:hr>
            <ns3:cad>0</ns3:cad>
          </ns3:TrackPointExtension>
        </extensions>
      </trkpt>
      <trkpt lat="37.52514841966331005096435546875" lon="127.1236477978527545928955078125">
        <ele>22.799999237060546875</ele>
        <time>2026-05-24T01:23:23.000Z</time>
        <extensions>
          <ns3:TrackPointExtension>
            <ns3:hr>126</ns3:hr>
            <ns3:cad>0</ns3:cad>
          </ns3:TrackPointExtension>
        </extensions>
      </trkpt>
      <trkpt lat="37.5251233577728271484375" lon="127.1236474625766277313232421875">
        <ele>23</ele>
        <time>2026-05-24T01:23:24.000Z</time>
        <extensions>
          <ns3:TrackPointExtension>
            <ns3:hr>126</ns3:hr>
            <ns3:cad>86</ns3:cad>
          </ns3:TrackPointExtension>
        </extensions>
      </trkpt>
      <trkpt lat="37.52509427256882190704345703125" lon="127.1236360631883144378662109375">
        <ele>23.200000762939453125</ele>
        <time>2026-05-24T01:23:25.000Z</time>
        <extensions>
          <ns3:TrackPointExtension>
            <ns3:hr>126</ns3:hr>
            <ns3:cad>86</ns3:cad>
          </ns3:TrackPointExtension>
        </extensions>
      </trkpt>
      <trkpt lat="37.525072731077671051025390625" lon="127.1236394159495830535888671875">
        <ele>23.3999996185302734375</ele>
        <time>2026-05-24T01:23:26.000Z</time>
        <extensions>
          <ns3:TrackPointExtension>
            <ns3:hr>126</ns3:hr>
            <ns3:cad>86</ns3:cad>
          </ns3:TrackPointExtension>
        </extensions>
      </trkpt>
      <trkpt lat="37.52503559924662113189697265625" lon="127.1236347220838069915771484375">
        <ele>23.3999996185302734375</ele>
        <time>2026-05-24T01:23:27.000Z</time>
        <extensions>
          <ns3:TrackPointExtension>
            <ns3:hr>126</ns3:hr>
            <ns3:cad>86</ns3:cad>
          </ns3:TrackPointExtension>
        </extensions>
      </trkpt>
      <trkpt lat="37.5250165723264217376708984375" lon="127.12363480590283870697021484375">
        <ele>23.6000003814697265625</ele>
        <time>2026-05-24T01:23:28.000Z</time>
        <extensions>
          <ns3:TrackPointExtension>
            <ns3:hr>126</ns3:hr>
            <ns3:cad>85</ns3:cad>
          </ns3:TrackPointExtension>
        </extensions>
      </trkpt>
      <trkpt lat="37.524982206523418426513671875" lon="127.12363815866410732269287109375">
        <ele>23.799999237060546875</ele>
        <time>2026-05-24T01:23:29.000Z</time>
        <extensions>
          <ns3:TrackPointExtension>
            <ns3:hr>125</ns3:hr>
            <ns3:cad>85</ns3:cad>
          </ns3:TrackPointExtension>
        </extensions>
      </trkpt>
      <trkpt lat="37.52495446242392063140869140625" lon="127.12363354861736297607421875">
        <ele>24</ele>
        <time>2026-05-24T01:23:30.000Z</time>
        <extensions>
          <ns3:TrackPointExtension>
            <ns3:hr>126</ns3:hr>
            <ns3:cad>85</ns3:cad>
          </ns3:TrackPointExtension>
        </extensions>
      </trkpt>
      <trkpt lat="37.52493233419954776763916015625" lon="127.12363597936928272247314453125">
        <ele>24</ele>
        <time>2026-05-24T01:23:31.000Z</time>
        <extensions>
          <ns3:TrackPointExtension>
            <ns3:hr>125</ns3:hr>
            <ns3:cad>84</ns3:cad>
          </ns3:TrackPointExtension>
        </extensions>
      </trkpt>
      <trkpt lat="37.5249019078910350799560546875" lon="127.123624496161937713623046875">
        <ele>24.200000762939453125</ele>
        <time>2026-05-24T01:23:32.000Z</time>
        <extensions>
          <ns3:TrackPointExtension>
            <ns3:hr>126</ns3:hr>
            <ns3:cad>84</ns3:cad>
          </ns3:TrackPointExtension>
        </extensions>
      </trkpt>
      <trkpt lat="37.524881623685359954833984375" lon="127.1236248314380645751953125">
        <ele>24.200000762939453125</ele>
        <time>2026-05-24T01:23:33.000Z</time>
        <extensions>
          <ns3:TrackPointExtension>
            <ns3:hr>126</ns3:hr>
            <ns3:cad>84</ns3:cad>
          </ns3:TrackPointExtension>
        </extensions>
      </trkpt>
      <trkpt lat="37.52485522069036960601806640625" lon="127.123621143400669097900390625">
        <ele>24.200000762939453125</ele>
        <time>2026-05-24T01:23:34.000Z</time>
        <extensions>
          <ns3:TrackPointExtension>
            <ns3:hr>126</ns3:hr>
            <ns3:cad>84</ns3:cad>
          </ns3:TrackPointExtension>
        </extensions>
      </trkpt>
      <trkpt lat="37.5248331762850284576416015625" lon="127.123616449534893035888671875">
        <ele>24.200000762939453125</ele>
        <time>2026-05-24T01:23:35.000Z</time>
        <extensions>
          <ns3:TrackPointExtension>
            <ns3:hr>126</ns3:hr>
            <ns3:cad>84</ns3:cad>
          </ns3:TrackPointExtension>
        </extensions>
      </trkpt>
      <trkpt lat="37.524809204041957855224609375" lon="127.1236213110387325286865234375">
        <ele>24.200000762939453125</ele>
        <time>2026-05-24T01:23:36.000Z</time>
        <extensions>
          <ns3:TrackPointExtension>
            <ns3:hr>126</ns3:hr>
            <ns3:cad>84</ns3:cad>
          </ns3:TrackPointExtension>
        </extensions>
      </trkpt>
      <trkpt lat="37.52477592788636684417724609375" lon="127.123611755669116973876953125">
        <ele>24</ele>
        <time>2026-05-24T01:23:37.000Z</time>
        <extensions>
          <ns3:TrackPointExtension>
            <ns3:hr>126</ns3:hr>
            <ns3:cad>84</ns3:cad>
          </ns3:TrackPointExtension>
        </extensions>
      </trkpt>
      <trkpt lat="37.52475497312843799591064453125" lon="127.12361468933522701263427734375">
        <ele>23.799999237060546875</ele>
        <time>2026-05-24T01:23:38.000Z</time>
        <extensions>
          <ns3:TrackPointExtension>
            <ns3:hr>126</ns3:hr>
            <ns3:cad>84</ns3:cad>
          </ns3:TrackPointExtension>
        </extensions>
      </trkpt>
      <trkpt lat="37.52472035586833953857421875" lon="127.1236078999936580657958984375">
        <ele>23.6000003814697265625</ele>
        <time>2026-05-24T01:23:39.000Z</time>
        <extensions>
          <ns3:TrackPointExtension>
            <ns3:hr>126</ns3:hr>
            <ns3:cad>84</ns3:cad>
          </ns3:TrackPointExtension>
        </extensions>
      </trkpt>
      <trkpt lat="37.52469780854880809783935546875" lon="127.12360412813723087310791015625">
        <ele>23.200000762939453125</ele>
        <time>2026-05-24T01:23:40.000Z</time>
        <extensions>
          <ns3:TrackPointExtension>
            <ns3:hr>126</ns3:hr>
            <ns3:cad>84</ns3:cad>
          </ns3:TrackPointExtension>
        </extensions>
      </trkpt>
      <trkpt lat="37.5246702320873737335205078125" lon="127.1236075647175312042236328125">
        <ele>23</ele>
        <time>2026-05-24T01:23:41.000Z</time>
        <extensions>
          <ns3:TrackPointExtension>
            <ns3:hr>126</ns3:hr>
            <ns3:cad>84</ns3:cad>
          </ns3:TrackPointExtension>
        </extensions>
      </trkpt>
      <trkpt lat="37.5246353633701801300048828125" lon="127.12359792552888393402099609375">
        <ele>22.799999237060546875</ele>
        <time>2026-05-24T01:23:42.000Z</time>
        <extensions>
          <ns3:TrackPointExtension>
            <ns3:hr>126</ns3:hr>
            <ns3:cad>84</ns3:cad>
          </ns3:TrackPointExtension>
        </extensions>
      </trkpt>
      <trkpt lat="37.524611391127109527587890625" lon="127.12360060773789882659912109375">
        <ele>22.799999237060546875</ele>
        <time>2026-05-24T01:23:43.000Z</time>
        <extensions>
          <ns3:TrackPointExtension>
            <ns3:hr>126</ns3:hr>
            <ns3:cad>84</ns3:cad>
          </ns3:TrackPointExtension>
        </extensions>
      </trkpt>
      <trkpt lat="37.52457945607602596282958984375" lon="127.12359641678631305694580078125">
        <ele>22.799999237060546875</ele>
        <time>2026-05-24T01:23:44.000Z</time>
        <extensions>
          <ns3:TrackPointExtension>
            <ns3:hr>126</ns3:hr>
            <ns3:cad>84</ns3:cad>
          </ns3:TrackPointExtension>
        </extensions>
      </trkpt>
      <trkpt lat="37.52455313690006732940673828125" lon="127.1235918067395687103271484375">
        <ele>22.6000003814697265625</ele>
        <time>2026-05-24T01:23:45.000Z</time>
        <extensions>
          <ns3:TrackPointExtension>
            <ns3:hr>126</ns3:hr>
            <ns3:cad>84</ns3:cad>
          </ns3:TrackPointExtension>
        </extensions>
      </trkpt>
      <trkpt lat="37.52452832646667957305908203125" lon="127.12359122000634670257568359375">
        <ele>22.799999237060546875</ele>
        <time>2026-05-24T01:23:46.000Z</time>
        <extensions>
          <ns3:TrackPointExtension>
            <ns3:hr>126</ns3:hr>
            <ns3:cad>84</ns3:cad>
          </ns3:TrackPointExtension>
        </extensions>
      </trkpt>
      <trkpt lat="37.524498067796230316162109375" lon="127.12357764132320880889892578125">
        <ele>22.799999237060546875</ele>
        <time>2026-05-24T01:23:47.000Z</time>
        <extensions>
          <ns3:TrackPointExtension>
            <ns3:hr>126</ns3:hr>
            <ns3:cad>84</ns3:cad>
          </ns3:TrackPointExtension>
        </extensions>
      </trkpt>
      <trkpt lat="37.52447627484798431396484375" lon="127.12357722222805023193359375">
        <ele>22.799999237060546875</ele>
        <time>2026-05-24T01:23:48.000Z</time>
        <extensions>
          <ns3:TrackPointExtension>
            <ns3:hr>126</ns3:hr>
            <ns3:cad>84</ns3:cad>
          </ns3:TrackPointExtension>
        </extensions>
      </trkpt>
      <trkpt lat="37.52444819547235965728759765625" lon="127.12356875650584697723388671875">
        <ele>22.799999237060546875</ele>
        <time>2026-05-24T01:23:49.000Z</time>
        <extensions>
          <ns3:TrackPointExtension>
            <ns3:hr>126</ns3:hr>
            <ns3:cad>84</ns3:cad>
          </ns3:TrackPointExtension>
        </extensions>
      </trkpt>
      <trkpt lat="37.52442053519189357757568359375" lon="127.1235656552016735076904296875">
        <ele>22.6000003814697265625</ele>
        <time>2026-05-24T01:23:50.000Z</time>
        <extensions>
          <ns3:TrackPointExtension>
            <ns3:hr>126</ns3:hr>
            <ns3:cad>84</ns3:cad>
          </ns3:TrackPointExtension>
        </extensions>
      </trkpt>
      <trkpt lat="37.52439756877720355987548828125" lon="127.12356724776327610015869140625">
        <ele>22.6000003814697265625</ele>
        <time>2026-05-24T01:23:51.000Z</time>
        <extensions>
          <ns3:TrackPointExtension>
            <ns3:hr>126</ns3:hr>
            <ns3:cad>84</ns3:cad>
          </ns3:TrackPointExtension>
        </extensions>
      </trkpt>
      <trkpt lat="37.52436898648738861083984375" lon="127.123545370995998382568359375">
        <ele>22.6000003814697265625</ele>
        <time>2026-05-24T01:23:52.000Z</time>
        <extensions>
          <ns3:TrackPointExtension>
            <ns3:hr>126</ns3:hr>
            <ns3:cad>83</ns3:cad>
          </ns3:TrackPointExtension>
        </extensions>
      </trkpt>
      <trkpt lat="37.52435415051877498626708984375" lon="127.12354059331119060516357421875">
        <ele>22.6000003814697265625</ele>
        <time>2026-05-24T01:23:53.000Z</time>
        <extensions>
          <ns3:TrackPointExtension>
            <ns3:hr>126</ns3:hr>
            <ns3:cad>83</ns3:cad>
          </ns3:TrackPointExtension>
        </extensions>
      </trkpt>
      <trkpt lat="37.52432598732411861419677734375" lon="127.12353137321770191192626953125">
        <ele>22.6000003814697265625</ele>
        <time>2026-05-24T01:23:54.000Z</time>
        <extensions>
          <ns3:TrackPointExtension>
            <ns3:hr>126</ns3:hr>
            <ns3:cad>84</ns3:cad>
          </ns3:TrackPointExtension>
        </extensions>
      </trkpt>
      <trkpt lat="37.5243004225194454193115234375" lon="127.12352785281836986541748046875">
        <ele>22.3999996185302734375</ele>
        <time>2026-05-24T01:23:55.000Z</time>
        <extensions>
          <ns3:TrackPointExtension>
            <ns3:hr>126</ns3:hr>
            <ns3:cad>84</ns3:cad>
          </ns3:TrackPointExtension>
        </extensions>
      </trkpt>
      <trkpt lat="37.5242744386196136474609375" lon="127.123525254428386688232421875">
        <ele>22.3999996185302734375</ele>
        <time>2026-05-24T01:23:56.000Z</time>
        <extensions>
          <ns3:TrackPointExtension>
            <ns3:hr>126</ns3:hr>
            <ns3:cad>83</ns3:cad>
          </ns3:TrackPointExtension>
        </extensions>
      </trkpt>
      <trkpt lat="37.52424158155918121337890625" lon="127.1235089935362339019775390625">
        <ele>22.3999996185302734375</ele>
        <time>2026-05-24T01:23:57.000Z</time>
        <extensions>
          <ns3:TrackPointExtension>
            <ns3:hr>126</ns3:hr>
            <ns3:cad>83</ns3:cad>
          </ns3:TrackPointExtension>
        </extensions>
      </trkpt>
      <trkpt lat="37.52421953715384006500244140625" lon="127.1235069818794727325439453125">
        <ele>22.3999996185302734375</ele>
        <time>2026-05-24T01:23:58.000Z</time>
        <extensions>
          <ns3:TrackPointExtension>
            <ns3:hr>126</ns3:hr>
            <ns3:cad>83</ns3:cad>
          </ns3:TrackPointExtension>
        </extensions>
      </trkpt>
      <trkpt lat="37.52418651245534420013427734375" lon="127.12349181063473224639892578125">
        <ele>22.3999996185302734375</ele>
        <time>2026-05-24T01:23:59.000Z</time>
        <extensions>
          <ns3:TrackPointExtension>
            <ns3:hr>126</ns3:hr>
            <ns3:cad>83</ns3:cad>
          </ns3:TrackPointExtension>
        </extensions>
      </trkpt>
      <trkpt lat="37.52416036091744899749755859375" lon="127.12348468601703643798828125">
        <ele>22.6000003814697265625</ele>
        <time>2026-05-24T01:24:00.000Z</time>
        <extensions>
          <ns3:TrackPointExtension>
            <ns3:hr>126</ns3:hr>
            <ns3:cad>83</ns3:cad>
          </ns3:TrackPointExtension>
        </extensions>
      </trkpt>
      <trkpt lat="37.5241361372172832489013671875" lon="127.12347689084708690643310546875">
        <ele>22.6000003814697265625</ele>
        <time>2026-05-24T01:24:01.000Z</time>
        <extensions>
          <ns3:TrackPointExtension>
            <ns3:hr>126</ns3:hr>
            <ns3:cad>84</ns3:cad>
          </ns3:TrackPointExtension>
        </extensions>
      </trkpt>
      <trkpt lat="37.52410571090877056121826171875" lon="127.1234519965946674346923828125">
        <ele>22.6000003814697265625</ele>
        <time>2026-05-24T01:24:02.000Z</time>
        <extensions>
          <ns3:TrackPointExtension>
            <ns3:hr>126</ns3:hr>
            <ns3:cad>84</ns3:cad>
          </ns3:TrackPointExtension>
        </extensions>
      </trkpt>
      <trkpt lat="37.52408626489341259002685546875" lon="127.1234483085572719573974609375">
        <ele>22.6000003814697265625</ele>
        <time>2026-05-24T01:24:03.000Z</time>
        <extensions>
          <ns3:TrackPointExtension>
            <ns3:hr>126</ns3:hr>
            <ns3:cad>83</ns3:cad>
          </ns3:TrackPointExtension>
        </extensions>
      </trkpt>
      <trkpt lat="37.52405290491878986358642578125" lon="127.12342978455126285552978515625">
        <ele>22.3999996185302734375</ele>
        <time>2026-05-24T01:24:04.000Z</time>
        <extensions>
          <ns3:TrackPointExtension>
            <ns3:hr>126</ns3:hr>
            <ns3:cad>83</ns3:cad>
          </ns3:TrackPointExtension>
        </extensions>
      </trkpt>
      <trkpt lat="37.524031698703765869140625" lon="127.1234171278774738311767578125">
        <ele>22.3999996185302734375</ele>
        <time>2026-05-24T01:24:05.000Z</time>
        <extensions>
          <ns3:TrackPointExtension>
            <ns3:hr>126</ns3:hr>
            <ns3:cad>83</ns3:cad>
          </ns3:TrackPointExtension>
        </extensions>
      </trkpt>
      <trkpt lat="37.524007894098758697509765625" lon="127.12340380065143108367919921875">
        <ele>22.3999996185302734375</ele>
        <time>2026-05-24T01:24:06.000Z</time>
        <extensions>
          <ns3:TrackPointExtension>
            <ns3:hr>127</ns3:hr>
            <ns3:cad>84</ns3:cad>
          </ns3:TrackPointExtension>
        </extensions>
      </trkpt>
      <trkpt lat="37.52398266457021236419677734375" lon="127.12337731383740901947021484375">
        <ele>22.3999996185302734375</ele>
        <time>2026-05-24T01:24:07.000Z</time>
        <extensions>
          <ns3:TrackPointExtension>
            <ns3:hr>127</ns3:hr>
            <ns3:cad>84</ns3:cad>
          </ns3:TrackPointExtension>
        </extensions>
      </trkpt>
      <trkpt lat="37.52396472729742527008056640625" lon="127.1233658306300640106201171875">
        <ele>22.3999996185302734375</ele>
        <time>2026-05-24T01:24:08.000Z</time>
        <extensions>
          <ns3:TrackPointExtension>
            <ns3:hr>127</ns3:hr>
            <ns3:cad>84</ns3:cad>
          </ns3:TrackPointExtension>
        </extensions>
      </trkpt>
      <trkpt lat="37.52393354661762714385986328125" lon="127.123342864215373992919921875">
        <ele>22.3999996185302734375</ele>
        <time>2026-05-24T01:24:09.000Z</time>
        <extensions>
          <ns3:TrackPointExtension>
            <ns3:hr>127</ns3:hr>
            <ns3:cad>84</ns3:cad>
          </ns3:TrackPointExtension>
        </extensions>
      </trkpt>
      <trkpt lat="37.523911334574222564697265625" lon="127.1233339793980121612548828125">
        <ele>22.3999996185302734375</ele>
        <time>2026-05-24T01:24:10.000Z</time>
        <extensions>
          <ns3:TrackPointExtension>
            <ns3:hr>126</ns3:hr>
            <ns3:cad>84</ns3:cad>
          </ns3:TrackPointExtension>
        </extensions>
      </trkpt>
      <trkpt lat="37.5238883681595325469970703125" lon="127.123323418200016021728515625">
        <ele>22.3999996185302734375</ele>
        <time>2026-05-24T01:24:11.000Z</time>
        <extensions>
          <ns3:TrackPointExtension>
            <ns3:hr>126</ns3:hr>
            <ns3:cad>83</ns3:cad>
          </ns3:TrackPointExtension>
        </extensions>
      </trkpt>
      <trkpt lat="37.52386062406003475189208984375" lon="127.12330321781337261199951171875">
        <ele>22.3999996185302734375</ele>
        <time>2026-05-24T01:24:12.000Z</time>
        <extensions>
          <ns3:TrackPointExtension>
            <ns3:hr>126</ns3:hr>
            <ns3:cad>83</ns3:cad>
          </ns3:TrackPointExtension>
        </extensions>
      </trkpt>
      <trkpt lat="37.52384033985435962677001953125" lon="127.12329684756696224212646484375">
        <ele>22.3999996185302734375</ele>
        <time>2026-05-24T01:24:13.000Z</time>
        <extensions>
          <ns3:TrackPointExtension>
            <ns3:hr>125</ns3:hr>
            <ns3:cad>83</ns3:cad>
          </ns3:TrackPointExtension>
        </extensions>
      </trkpt>
      <trkpt lat="37.52380848862230777740478515625" lon="127.1232763119041919708251953125">
        <ele>22.200000762939453125</ele>
        <time>2026-05-24T01:24:14.000Z</time>
        <extensions>
          <ns3:TrackPointExtension>
            <ns3:hr>125</ns3:hr>
            <ns3:cad>84</ns3:cad>
          </ns3:TrackPointExtension>
        </extensions>
      </trkpt>
      <trkpt lat="37.52378736622631549835205078125" lon="127.12326742708683013916015625">
        <ele>22.200000762939453125</ele>
        <time>2026-05-24T01:24:15.000Z</time>
        <extensions>
          <ns3:TrackPointExtension>
            <ns3:hr>125</ns3:hr>
            <ns3:cad>84</ns3:cad>
          </ns3:TrackPointExtension>
        </extensions>
      </trkpt>
      <trkpt lat="37.5237646512687206268310546875" lon="127.12325946427881717681884765625">
        <ele>22</ele>
        <time>2026-05-24T01:24:16.000Z</time>
        <extensions>
          <ns3:TrackPointExtension>
            <ns3:hr>125</ns3:hr>
            <ns3:cad>84</ns3:cad>
          </ns3:TrackPointExtension>
        </extensions>
      </trkpt>
      <trkpt lat="37.52373489551246166229248046875" lon="127.1232390962541103363037109375">
        <ele>22</ele>
        <time>2026-05-24T01:24:17.000Z</time>
        <extensions>
          <ns3:TrackPointExtension>
            <ns3:hr>124</ns3:hr>
            <ns3:cad>84</ns3:cad>
          </ns3:TrackPointExtension>
        </extensions>
      </trkpt>
      <trkpt lat="37.52371612004935741424560546875" lon="127.12323348037898540496826171875">
        <ele>22</ele>
        <time>2026-05-24T01:24:18.000Z</time>
        <extensions>
          <ns3:TrackPointExtension>
            <ns3:hr>124</ns3:hr>
            <ns3:cad>84</ns3:cad>
          </ns3:TrackPointExtension>
        </extensions>
      </trkpt>
      <trkpt lat="37.5236999429762363433837890625" lon="127.12322258390486240386962890625">
        <ele>22</ele>
        <time>2026-05-24T01:24:19.000Z</time>
        <extensions>
          <ns3:TrackPointExtension>
            <ns3:hr>124</ns3:hr>
            <ns3:cad>84</ns3:cad>
          </ns3:TrackPointExtension>
        </extensions>
      </trkpt>
      <trkpt lat="37.52368644811213016510009765625" lon="127.123206742107868194580078125">
        <ele>22</ele>
        <time>2026-05-24T01:24:20.000Z</time>
        <extensions>
          <ns3:TrackPointExtension>
            <ns3:hr>124</ns3:hr>
            <ns3:cad>83</ns3:cad>
          </ns3:TrackPointExtension>
        </extensions>
      </trkpt>
      <trkpt lat="37.52367504872381687164306640625" lon="127.12319693528115749359130859375">
        <ele>22</ele>
        <time>2026-05-24T01:24:21.000Z</time>
        <extensions>
          <ns3:TrackPointExtension>
            <ns3:hr>125</ns3:hr>
            <ns3:cad>83</ns3:cad>
          </ns3:TrackPointExtension>
        </extensions>
      </trkpt>
      <trkpt lat="37.5236687622964382171630859375" lon="127.12319475598633289337158203125">
        <ele>22</ele>
        <time>2026-05-24T01:24:22.000Z</time>
        <extensions>
          <ns3:TrackPointExtension>
            <ns3:hr>124</ns3:hr>
            <ns3:cad>83</ns3:cad>
          </ns3:TrackPointExtension>
        </extensions>
      </trkpt>
    </trkseg>
  </trk>
</gpx>
