<gpx xmlns:ns3="http://www.garmin.com/xmlschemas/TrackPointExtension/v1" xmlns="http://www.topografix.com/GPX/1/1" xmlns:xsi="http://www.w3.org/2001/XMLSchema-instance" xmlns:ns2="http://www.garmin.com/xmlschemas/GpxExtensions/v3" creator="Garmin Connect" version="1.1" xsi:schemaLocation="http://www.topografix.com/GPX/1/1 http://www.topografix.com/GPX/11.xsd">
  <extensions>
<distance>7008.95</distance>
<average_hr>144.0</average_hr>
<average_speed>3.2699999809265137</average_speed>
<start_time>2026-06-01T23:28:09+00:00</start_time>
<end_time>2026-06-02T00:03:52.090000+00:00</end_time>
<moving_time>2135.834</moving_time>
<elapsed_time>2244.711</elapsed_time>
</extensions>
<metadata>
    <link href="connect.garmin.com">
      <text>Garmin Connect</text>
    </link>
    <time>2026-06-01T23:28:09.000Z</time>
  </metadata>
  <trk>
    <name>Running</name>
    <type>running</type>
    <trkseg>
      <trkpt lat="37.4815225414931774139404296875" lon="126.9499445892870426177978515625">
        <ele>46.200000762939453125</ele>
        <time>2026-06-01T23:28:09.000Z</time>
        <extensions>
          <ns3:TrackPointExtension>
            <ns3:hr>96</ns3:hr>
            <ns3:cad>0</ns3:cad>
          </ns3:TrackPointExtension>
        </extensions>
      </trkpt>
      <trkpt lat="37.48150804080069065093994140625" lon="126.94993947632610797882080078125">
        <ele>46.200000762939453125</ele>
        <time>2026-06-01T23:28:10.000Z</time>
        <extensions>
          <ns3:TrackPointExtension>
            <ns3:hr>96</ns3:hr>
            <ns3:cad>0</ns3:cad>
          </ns3:TrackPointExtension>
        </extensions>
      </trkpt>
      <trkpt lat="37.481511645019054412841796875" lon="126.94995607249438762664794921875">
        <ele>46.40000152587890625</ele>
        <time>2026-06-01T23:28:11.000Z</time>
        <extensions>
          <ns3:TrackPointExtension>
            <ns3:hr>97</ns3:hr>
            <ns3:cad>0</ns3:cad>
          </ns3:TrackPointExtension>
        </extensions>
      </trkpt>
      <trkpt lat="37.481512315571308135986328125" lon="126.94998155348002910614013671875">
        <ele>46.40000152587890625</ele>
        <time>2026-06-01T23:28:12.000Z</time>
        <extensions>
          <ns3:TrackPointExtension>
            <ns3:hr>97</ns3:hr>
            <ns3:cad>0</ns3:cad>
          </ns3:TrackPointExtension>
        </extensions>
      </trkpt>
      <trkpt lat="37.48148716986179351806640625" lon="126.95001742802560329437255859375">
        <ele>46.40000152587890625</ele>
        <time>2026-06-01T23:28:13.000Z</time>
        <extensions>
          <ns3:TrackPointExtension>
            <ns3:hr>97</ns3:hr>
            <ns3:cad>0</ns3:cad>
          </ns3:TrackPointExtension>
        </extensions>
      </trkpt>
      <trkpt lat="37.4814695678651332855224609375" lon="126.95005866698920726776123046875">
        <ele>46.200000762939453125</ele>
        <time>2026-06-01T23:28:14.000Z</time>
        <extensions>
          <ns3:TrackPointExtension>
            <ns3:hr>97</ns3:hr>
            <ns3:cad>0</ns3:cad>
          </ns3:TrackPointExtension>
        </extensions>
      </trkpt>
      <trkpt lat="37.4814631976187229156494140625" lon="126.95008632726967334747314453125">
        <ele>46.200000762939453125</ele>
        <time>2026-06-01T23:28:15.000Z</time>
        <extensions>
          <ns3:TrackPointExtension>
            <ns3:hr>98</ns3:hr>
            <ns3:cad>80</ns3:cad>
          </ns3:TrackPointExtension>
        </extensions>
      </trkpt>
      <trkpt lat="37.4814521335065364837646484375" lon="126.95013427175581455230712890625">
        <ele>46.200000762939453125</ele>
        <time>2026-06-01T23:28:16.000Z</time>
        <extensions>
          <ns3:TrackPointExtension>
            <ns3:hr>98</ns3:hr>
            <ns3:cad>81</ns3:cad>
          </ns3:TrackPointExtension>
        </extensions>
      </trkpt>
      <trkpt lat="37.4814440868794918060302734375" lon="126.950171403586864471435546875">
        <ele>46.200000762939453125</ele>
        <time>2026-06-01T23:28:17.000Z</time>
        <extensions>
          <ns3:TrackPointExtension>
            <ns3:hr>100</ns3:hr>
            <ns3:cad>82</ns3:cad>
          </ns3:TrackPointExtension>
        </extensions>
      </trkpt>
      <trkpt lat="37.481441237032413482666015625" lon="126.95020602084696292877197265625">
        <ele>46.200000762939453125</ele>
        <time>2026-06-01T23:28:18.000Z</time>
        <extensions>
          <ns3:TrackPointExtension>
            <ns3:hr>102</ns3:hr>
            <ns3:cad>82</ns3:cad>
          </ns3:TrackPointExtension>
        </extensions>
      </trkpt>
      <trkpt lat="37.4814387224614620208740234375" lon="126.95025421679019927978515625">
        <ele>46.40000152587890625</ele>
        <time>2026-06-01T23:28:19.000Z</time>
        <extensions>
          <ns3:TrackPointExtension>
            <ns3:hr>107</ns3:hr>
            <ns3:cad>83</ns3:cad>
          </ns3:TrackPointExtension>
        </extensions>
      </trkpt>
      <trkpt lat="37.48143620789051055908203125" lon="126.95029553957283496856689453125">
        <ele>46.40000152587890625</ele>
        <time>2026-06-01T23:28:20.000Z</time>
        <extensions>
          <ns3:TrackPointExtension>
            <ns3:hr>108</ns3:hr>
            <ns3:cad>83</ns3:cad>
          </ns3:TrackPointExtension>
        </extensions>
      </trkpt>
      <trkpt lat="37.48142690397799015045166015625" lon="126.9503371976315975189208984375">
        <ele>46.40000152587890625</ele>
        <time>2026-06-01T23:28:21.000Z</time>
        <extensions>
          <ns3:TrackPointExtension>
            <ns3:hr>109</ns3:hr>
            <ns3:cad>83</ns3:cad>
          </ns3:TrackPointExtension>
        </extensions>
      </trkpt>
      <trkpt lat="37.48141433112323284149169921875" lon="126.95037818513810634613037109375">
        <ele>46.40000152587890625</ele>
        <time>2026-06-01T23:28:22.000Z</time>
        <extensions>
          <ns3:TrackPointExtension>
            <ns3:hr>109</ns3:hr>
            <ns3:cad>83</ns3:cad>
          </ns3:TrackPointExtension>
        </extensions>
      </trkpt>
      <trkpt lat="37.4814065359532833099365234375" lon="126.95040953345596790313720703125">
        <ele>46.59999847412109375</ele>
        <time>2026-06-01T23:28:23.000Z</time>
        <extensions>
          <ns3:TrackPointExtension>
            <ns3:hr>109</ns3:hr>
            <ns3:cad>84</ns3:cad>
          </ns3:TrackPointExtension>
        </extensions>
      </trkpt>
      <trkpt lat="37.48138868249952793121337890625" lon="126.95044708438217639923095703125">
        <ele>46.59999847412109375</ele>
        <time>2026-06-01T23:28:24.000Z</time>
        <extensions>
          <ns3:TrackPointExtension>
            <ns3:hr>110</ns3:hr>
            <ns3:cad>84</ns3:cad>
          </ns3:TrackPointExtension>
        </extensions>
      </trkpt>
      <trkpt lat="37.4813830666244029998779296875" lon="126.950477845966815948486328125">
        <ele>46.59999847412109375</ele>
        <time>2026-06-01T23:28:25.000Z</time>
        <extensions>
          <ns3:TrackPointExtension>
            <ns3:hr>111</ns3:hr>
            <ns3:cad>84</ns3:cad>
          </ns3:TrackPointExtension>
        </extensions>
      </trkpt>
      <trkpt lat="37.48137627728283405303955078125" lon="126.95052185095846652984619140625">
        <ele>46.59999847412109375</ele>
        <time>2026-06-01T23:28:26.000Z</time>
        <extensions>
          <ns3:TrackPointExtension>
            <ns3:hr>111</ns3:hr>
            <ns3:cad>83</ns3:cad>
          </ns3:TrackPointExtension>
        </extensions>
      </trkpt>
      <trkpt lat="37.48137175105512142181396484375" lon="126.9505641795694828033447265625">
        <ele>46.799999237060546875</ele>
        <time>2026-06-01T23:28:27.000Z</time>
        <extensions>
          <ns3:TrackPointExtension>
            <ns3:hr>112</ns3:hr>
            <ns3:cad>83</ns3:cad>
          </ns3:TrackPointExtension>
        </extensions>
      </trkpt>
      <trkpt lat="37.48137175105512142181396484375" lon="126.95059242658317089080810546875">
        <ele>46.799999237060546875</ele>
        <time>2026-06-01T23:28:28.000Z</time>
        <extensions>
          <ns3:TrackPointExtension>
            <ns3:hr>113</ns3:hr>
            <ns3:cad>83</ns3:cad>
          </ns3:TrackPointExtension>
        </extensions>
      </trkpt>
      <trkpt lat="37.48136756010353565216064453125" lon="126.950638778507709503173828125">
        <ele>46.799999237060546875</ele>
        <time>2026-06-01T23:28:29.000Z</time>
        <extensions>
          <ns3:TrackPointExtension>
            <ns3:hr>114</ns3:hr>
            <ns3:cad>84</ns3:cad>
          </ns3:TrackPointExtension>
        </extensions>
      </trkpt>
      <trkpt lat="37.48136303387582302093505859375" lon="126.950666606426239013671875">
        <ele>47</ele>
        <time>2026-06-01T23:28:30.000Z</time>
        <extensions>
          <ns3:TrackPointExtension>
            <ns3:hr>115</ns3:hr>
            <ns3:cad>84</ns3:cad>
          </ns3:TrackPointExtension>
        </extensions>
      </trkpt>
      <trkpt lat="37.4813579209148883819580078125" lon="126.95070960558950901031494140625">
        <ele>47</ele>
        <time>2026-06-01T23:28:31.000Z</time>
        <extensions>
          <ns3:TrackPointExtension>
            <ns3:hr>116</ns3:hr>
            <ns3:cad>85</ns3:cad>
          </ns3:TrackPointExtension>
        </extensions>
      </trkpt>
      <trkpt lat="37.48135163448750972747802734375" lon="126.95074975490570068359375">
        <ele>47</ele>
        <time>2026-06-01T23:28:32.000Z</time>
        <extensions>
          <ns3:TrackPointExtension>
            <ns3:hr>116</ns3:hr>
            <ns3:cad>85</ns3:cad>
          </ns3:TrackPointExtension>
        </extensions>
      </trkpt>
      <trkpt lat="37.48134769499301910400390625" lon="126.95078931748867034912109375">
        <ele>47</ele>
        <time>2026-06-01T23:28:33.000Z</time>
        <extensions>
          <ns3:TrackPointExtension>
            <ns3:hr>117</ns3:hr>
            <ns3:cad>85</ns3:cad>
          </ns3:TrackPointExtension>
        </extensions>
      </trkpt>
      <trkpt lat="37.48133755289018154144287109375" lon="126.95083298720419406890869140625">
        <ele>47</ele>
        <time>2026-06-01T23:28:34.000Z</time>
        <extensions>
          <ns3:TrackPointExtension>
            <ns3:hr>117</ns3:hr>
            <ns3:cad>83</ns3:cad>
          </ns3:TrackPointExtension>
        </extensions>
      </trkpt>
      <trkpt lat="37.4813322722911834716796875" lon="126.9508655928075313568115234375">
        <ele>47.200000762939453125</ele>
        <time>2026-06-01T23:28:35.000Z</time>
        <extensions>
          <ns3:TrackPointExtension>
            <ns3:hr>118</ns3:hr>
            <ns3:cad>83</ns3:cad>
          </ns3:TrackPointExtension>
        </extensions>
      </trkpt>
      <trkpt lat="37.4813284166157245635986328125" lon="126.9509088434278964996337890625">
        <ele>47.40000152587890625</ele>
        <time>2026-06-01T23:28:36.000Z</time>
        <extensions>
          <ns3:TrackPointExtension>
            <ns3:hr>119</ns3:hr>
            <ns3:cad>83</ns3:cad>
          </ns3:TrackPointExtension>
        </extensions>
      </trkpt>
      <trkpt lat="37.48132213018834590911865234375" lon="126.95094899274408817291259765625">
        <ele>47.59999847412109375</ele>
        <time>2026-06-01T23:28:37.000Z</time>
        <extensions>
          <ns3:TrackPointExtension>
            <ns3:hr>119</ns3:hr>
            <ns3:cad>84</ns3:cad>
          </ns3:TrackPointExtension>
        </extensions>
      </trkpt>
      <trkpt lat="37.48131726868450641632080078125" lon="126.9509817659854888916015625">
        <ele>47.799999237060546875</ele>
        <time>2026-06-01T23:28:38.000Z</time>
        <extensions>
          <ns3:TrackPointExtension>
            <ns3:hr>120</ns3:hr>
            <ns3:cad>84</ns3:cad>
          </ns3:TrackPointExtension>
        </extensions>
      </trkpt>
      <trkpt lat="37.48130871914327144622802734375" lon="126.95102795027196407318115234375">
        <ele>47.59999847412109375</ele>
        <time>2026-06-01T23:28:39.000Z</time>
        <extensions>
          <ns3:TrackPointExtension>
            <ns3:hr>121</ns3:hr>
            <ns3:cad>84</ns3:cad>
          </ns3:TrackPointExtension>
        </extensions>
      </trkpt>
      <trkpt lat="37.481304109096527099609375" lon="126.95106156170368194580078125">
        <ele>47.40000152587890625</ele>
        <time>2026-06-01T23:28:40.000Z</time>
        <extensions>
          <ns3:TrackPointExtension>
            <ns3:hr>122</ns3:hr>
            <ns3:cad>84</ns3:cad>
          </ns3:TrackPointExtension>
        </extensions>
      </trkpt>
      <trkpt lat="37.48129597865045070648193359375" lon="126.95109919644892215728759765625">
        <ele>47.200000762939453125</ele>
        <time>2026-06-01T23:28:41.000Z</time>
        <extensions>
          <ns3:TrackPointExtension>
            <ns3:hr>122</ns3:hr>
            <ns3:cad>84</ns3:cad>
          </ns3:TrackPointExtension>
        </extensions>
      </trkpt>
      <trkpt lat="37.48129279352724552154541015625" lon="126.95114010013639926910400390625">
        <ele>47</ele>
        <time>2026-06-01T23:28:42.000Z</time>
        <extensions>
          <ns3:TrackPointExtension>
            <ns3:hr>123</ns3:hr>
            <ns3:cad>84</ns3:cad>
          </ns3:TrackPointExtension>
        </extensions>
      </trkpt>
      <trkpt lat="37.48128625564277172088623046875" lon="126.951171867549419403076171875">
        <ele>47</ele>
        <time>2026-06-01T23:28:43.000Z</time>
        <extensions>
          <ns3:TrackPointExtension>
            <ns3:hr>123</ns3:hr>
            <ns3:cad>84</ns3:cad>
          </ns3:TrackPointExtension>
        </extensions>
      </trkpt>
      <trkpt lat="37.4812804721295833587646484375" lon="126.9512189738452434539794921875">
        <ele>47</ele>
        <time>2026-06-01T23:28:44.000Z</time>
        <extensions>
          <ns3:TrackPointExtension>
            <ns3:hr>124</ns3:hr>
            <ns3:cad>84</ns3:cad>
          </ns3:TrackPointExtension>
        </extensions>
      </trkpt>
      <trkpt lat="37.48126965947449207305908203125" lon="126.95125392638146877288818359375">
        <ele>47.200000762939453125</ele>
        <time>2026-06-01T23:28:45.000Z</time>
        <extensions>
          <ns3:TrackPointExtension>
            <ns3:hr>124</ns3:hr>
            <ns3:cad>84</ns3:cad>
          </ns3:TrackPointExtension>
        </extensions>
      </trkpt>
      <trkpt lat="37.48126395978033542633056640625" lon="126.95129893720149993896484375">
        <ele>47.200000762939453125</ele>
        <time>2026-06-01T23:28:46.000Z</time>
        <extensions>
          <ns3:TrackPointExtension>
            <ns3:hr>124</ns3:hr>
            <ns3:cad>83</ns3:cad>
          </ns3:TrackPointExtension>
        </extensions>
      </trkpt>
      <trkpt lat="37.48125784099102020263671875" lon="126.95134453475475311279296875">
        <ele>47.40000152587890625</ele>
        <time>2026-06-01T23:28:47.000Z</time>
        <extensions>
          <ns3:TrackPointExtension>
            <ns3:hr>125</ns3:hr>
            <ns3:cad>83</ns3:cad>
          </ns3:TrackPointExtension>
        </extensions>
      </trkpt>
      <trkpt lat="37.48125574551522731781005859375" lon="126.9513762183487415313720703125">
        <ele>47.40000152587890625</ele>
        <time>2026-06-01T23:28:48.000Z</time>
        <extensions>
          <ns3:TrackPointExtension>
            <ns3:hr>125</ns3:hr>
            <ns3:cad>83</ns3:cad>
          </ns3:TrackPointExtension>
        </extensions>
      </trkpt>
      <trkpt lat="37.48124987818300724029541015625" lon="126.9514141045510768890380859375">
        <ele>47.59999847412109375</ele>
        <time>2026-06-01T23:28:49.000Z</time>
        <extensions>
          <ns3:TrackPointExtension>
            <ns3:hr>125</ns3:hr>
            <ns3:cad>83</ns3:cad>
          </ns3:TrackPointExtension>
        </extensions>
      </trkpt>
      <trkpt lat="37.48125105164945125579833984375" lon="126.9514432735741138458251953125">
        <ele>47.799999237060546875</ele>
        <time>2026-06-01T23:28:50.000Z</time>
        <extensions>
          <ns3:TrackPointExtension>
            <ns3:hr>127</ns3:hr>
            <ns3:cad>84</ns3:cad>
          </ns3:TrackPointExtension>
        </extensions>
      </trkpt>
      <trkpt lat="37.48124903999269008636474609375" lon="126.951476633548736572265625">
        <ele>47.799999237060546875</ele>
        <time>2026-06-01T23:28:51.000Z</time>
        <extensions>
          <ns3:TrackPointExtension>
            <ns3:hr>127</ns3:hr>
            <ns3:cad>84</ns3:cad>
          </ns3:TrackPointExtension>
        </extensions>
      </trkpt>
      <trkpt lat="37.481244094669818878173828125" lon="126.95151393301784992218017578125">
        <ele>48</ele>
        <time>2026-06-01T23:28:52.000Z</time>
        <extensions>
          <ns3:TrackPointExtension>
            <ns3:hr>128</ns3:hr>
            <ns3:cad>84</ns3:cad>
          </ns3:TrackPointExtension>
        </extensions>
      </trkpt>
      <trkpt lat="37.4812405742704868316650390625" lon="126.95154813118278980255126953125">
        <ele>48</ele>
        <time>2026-06-01T23:28:53.000Z</time>
        <extensions>
          <ns3:TrackPointExtension>
            <ns3:hr>129</ns3:hr>
            <ns3:cad>83</ns3:cad>
          </ns3:TrackPointExtension>
        </extensions>
      </trkpt>
      <trkpt lat="37.48123948462307453155517578125" lon="126.951588951051235198974609375">
        <ele>48</ele>
        <time>2026-06-01T23:28:54.000Z</time>
        <extensions>
          <ns3:TrackPointExtension>
            <ns3:hr>130</ns3:hr>
            <ns3:cad>83</ns3:cad>
          </ns3:TrackPointExtension>
        </extensions>
      </trkpt>
      <trkpt lat="37.4812368862330913543701171875" lon="126.9516169466078281402587890625">
        <ele>48</ele>
        <time>2026-06-01T23:28:55.000Z</time>
        <extensions>
          <ns3:TrackPointExtension>
            <ns3:hr>130</ns3:hr>
            <ns3:cad>83</ns3:cad>
          </ns3:TrackPointExtension>
        </extensions>
      </trkpt>
      <trkpt lat="37.48123127035796642303466796875" lon="126.951653994619846343994140625">
        <ele>47.799999237060546875</ele>
        <time>2026-06-01T23:28:56.000Z</time>
        <extensions>
          <ns3:TrackPointExtension>
            <ns3:hr>130</ns3:hr>
            <ns3:cad>84</ns3:cad>
          </ns3:TrackPointExtension>
        </extensions>
      </trkpt>
      <trkpt lat="37.48123512603342533111572265625" lon="126.95169179700314998626708984375">
        <ele>47.799999237060546875</ele>
        <time>2026-06-01T23:28:57.000Z</time>
        <extensions>
          <ns3:TrackPointExtension>
            <ns3:hr>130</ns3:hr>
            <ns3:cad>84</ns3:cad>
          </ns3:TrackPointExtension>
        </extensions>
      </trkpt>
      <trkpt lat="37.48123076744377613067626953125" lon="126.95173253305256366729736328125">
        <ele>47.799999237060546875</ele>
        <time>2026-06-01T23:28:58.000Z</time>
        <extensions>
          <ns3:TrackPointExtension>
            <ns3:hr>131</ns3:hr>
            <ns3:cad>84</ns3:cad>
          </ns3:TrackPointExtension>
        </extensions>
      </trkpt>
      <trkpt lat="37.48123328201472759246826171875" lon="126.95178064517676830291748046875">
        <ele>47.59999847412109375</ele>
        <time>2026-06-01T23:28:59.000Z</time>
        <extensions>
          <ns3:TrackPointExtension>
            <ns3:hr>131</ns3:hr>
            <ns3:cad>85</ns3:cad>
          </ns3:TrackPointExtension>
        </extensions>
      </trkpt>
      <trkpt lat="37.48123344965279102325439453125" lon="126.95181601680815219879150390625">
        <ele>47.799999237060546875</ele>
        <time>2026-06-01T23:29:00.000Z</time>
        <extensions>
          <ns3:TrackPointExtension>
            <ns3:hr>131</ns3:hr>
            <ns3:cad>83</ns3:cad>
          </ns3:TrackPointExtension>
        </extensions>
      </trkpt>
      <trkpt lat="37.481229007244110107421875" lon="126.9518615305423736572265625">
        <ele>47.799999237060546875</ele>
        <time>2026-06-01T23:29:01.000Z</time>
        <extensions>
          <ns3:TrackPointExtension>
            <ns3:hr>131</ns3:hr>
            <ns3:cad>83</ns3:cad>
          </ns3:TrackPointExtension>
        </extensions>
      </trkpt>
      <trkpt lat="37.48122691176831722259521484375" lon="126.9519015960395336151123046875">
        <ele>48</ele>
        <time>2026-06-01T23:29:02.000Z</time>
        <extensions>
          <ns3:TrackPointExtension>
            <ns3:hr>131</ns3:hr>
            <ns3:cad>84</ns3:cad>
          </ns3:TrackPointExtension>
        </extensions>
      </trkpt>
      <trkpt lat="37.48122003860771656036376953125" lon="126.95193202234804630279541015625">
        <ele>48</ele>
        <time>2026-06-01T23:29:03.000Z</time>
        <extensions>
          <ns3:TrackPointExtension>
            <ns3:hr>131</ns3:hr>
            <ns3:cad>84</ns3:cad>
          </ns3:TrackPointExtension>
        </extensions>
      </trkpt>
      <trkpt lat="37.48121283017098903656005859375" lon="126.951975859701633453369140625">
        <ele>48</ele>
        <time>2026-06-01T23:29:04.000Z</time>
        <extensions>
          <ns3:TrackPointExtension>
            <ns3:hr>132</ns3:hr>
            <ns3:cad>84</ns3:cad>
          </ns3:TrackPointExtension>
        </extensions>
      </trkpt>
      <trkpt lat="37.48120696283876895904541015625" lon="126.95199807174503803253173828125">
        <ele>48.200000762939453125</ele>
        <time>2026-06-01T23:29:05.000Z</time>
        <extensions>
          <ns3:TrackPointExtension>
            <ns3:hr>132</ns3:hr>
            <ns3:cad>83</ns3:cad>
          </ns3:TrackPointExtension>
        </extensions>
      </trkpt>
      <trkpt lat="37.48120964504778385162353515625" lon="126.9520360417664051055908203125">
        <ele>48.200000762939453125</ele>
        <time>2026-06-01T23:29:06.000Z</time>
        <extensions>
          <ns3:TrackPointExtension>
            <ns3:hr>133</ns3:hr>
            <ns3:cad>83</ns3:cad>
          </ns3:TrackPointExtension>
        </extensions>
      </trkpt>
      <trkpt lat="37.48120545409619808197021484375" lon="126.9520729221403598785400390625">
        <ele>48.200000762939453125</ele>
        <time>2026-06-01T23:29:07.000Z</time>
        <extensions>
          <ns3:TrackPointExtension>
            <ns3:hr>133</ns3:hr>
            <ns3:cad>83</ns3:cad>
          </ns3:TrackPointExtension>
        </extensions>
      </trkpt>
      <trkpt lat="37.48119539581239223480224609375" lon="126.95210762321949005126953125">
        <ele>48.40000152587890625</ele>
        <time>2026-06-01T23:29:08.000Z</time>
        <extensions>
          <ns3:TrackPointExtension>
            <ns3:hr>134</ns3:hr>
            <ns3:cad>83</ns3:cad>
          </ns3:TrackPointExtension>
        </extensions>
      </trkpt>
      <trkpt lat="37.48117812909185886383056640625" lon="126.95214525796473026275634765625">
        <ele>48.40000152587890625</ele>
        <time>2026-06-01T23:29:09.000Z</time>
        <extensions>
          <ns3:TrackPointExtension>
            <ns3:hr>134</ns3:hr>
            <ns3:cad>84</ns3:cad>
          </ns3:TrackPointExtension>
        </extensions>
      </trkpt>
      <trkpt lat="37.48116253875195980072021484375" lon="126.952166967093944549560546875">
        <ele>48.40000152587890625</ele>
        <time>2026-06-01T23:29:10.000Z</time>
        <extensions>
          <ns3:TrackPointExtension>
            <ns3:hr>135</ns3:hr>
            <ns3:cad>84</ns3:cad>
          </ns3:TrackPointExtension>
        </extensions>
      </trkpt>
      <trkpt lat="37.48114208690822124481201171875" lon="126.952195800840854644775390625">
        <ele>48.40000152587890625</ele>
        <time>2026-06-01T23:29:11.000Z</time>
        <extensions>
          <ns3:TrackPointExtension>
            <ns3:hr>136</ns3:hr>
            <ns3:cad>84</ns3:cad>
          </ns3:TrackPointExtension>
        </extensions>
      </trkpt>
      <trkpt lat="37.48112616129219532012939453125" lon="126.95221499539911746978759765625">
        <ele>48.40000152587890625</ele>
        <time>2026-06-01T23:29:12.000Z</time>
        <extensions>
          <ns3:TrackPointExtension>
            <ns3:hr>137</ns3:hr>
            <ns3:cad>84</ns3:cad>
          </ns3:TrackPointExtension>
        </extensions>
      </trkpt>
      <trkpt lat="37.48110202141106128692626953125" lon="126.95223762653768062591552734375">
        <ele>48.59999847412109375</ele>
        <time>2026-06-01T23:29:13.000Z</time>
        <extensions>
          <ns3:TrackPointExtension>
            <ns3:hr>137</ns3:hr>
            <ns3:cad>84</ns3:cad>
          </ns3:TrackPointExtension>
        </extensions>
      </trkpt>
      <trkpt lat="37.481077797710895538330078125" lon="126.9522623531520366668701171875">
        <ele>48.59999847412109375</ele>
        <time>2026-06-01T23:29:14.000Z</time>
        <extensions>
          <ns3:TrackPointExtension>
            <ns3:hr>137</ns3:hr>
            <ns3:cad>84</ns3:cad>
          </ns3:TrackPointExtension>
        </extensions>
      </trkpt>
      <trkpt lat="37.48105944134294986724853515625" lon="126.9522811286151409149169921875">
        <ele>48.799999237060546875</ele>
        <time>2026-06-01T23:29:15.000Z</time>
        <extensions>
          <ns3:TrackPointExtension>
            <ns3:hr>138</ns3:hr>
            <ns3:cad>84</ns3:cad>
          </ns3:TrackPointExtension>
        </extensions>
      </trkpt>
      <trkpt lat="37.4810345470905303955078125" lon="126.95230132900178432464599609375">
        <ele>49</ele>
        <time>2026-06-01T23:29:16.000Z</time>
        <extensions>
          <ns3:TrackPointExtension>
            <ns3:hr>138</ns3:hr>
            <ns3:cad>84</ns3:cad>
          </ns3:TrackPointExtension>
        </extensions>
      </trkpt>
      <trkpt lat="37.4810176156461238861083984375" lon="126.95232178084552288055419921875">
        <ele>48.799999237060546875</ele>
        <time>2026-06-01T23:29:17.000Z</time>
        <extensions>
          <ns3:TrackPointExtension>
            <ns3:hr>138</ns3:hr>
            <ns3:cad>84</ns3:cad>
          </ns3:TrackPointExtension>
        </extensions>
      </trkpt>
      <trkpt lat="37.480997331440448760986328125" lon="126.952341981232166290283203125">
        <ele>48.799999237060546875</ele>
        <time>2026-06-01T23:29:18.000Z</time>
        <extensions>
          <ns3:TrackPointExtension>
            <ns3:hr>138</ns3:hr>
            <ns3:cad>84</ns3:cad>
          </ns3:TrackPointExtension>
        </extensions>
      </trkpt>
      <trkpt lat="37.48097394593060016632080078125" lon="126.95235832594335079193115234375">
        <ele>48.799999237060546875</ele>
        <time>2026-06-01T23:29:19.000Z</time>
        <extensions>
          <ns3:TrackPointExtension>
            <ns3:hr>138</ns3:hr>
            <ns3:cad>84</ns3:cad>
          </ns3:TrackPointExtension>
        </extensions>
      </trkpt>
      <trkpt lat="37.48095600865781307220458984375" lon="126.95237391628324985504150390625">
        <ele>48.799999237060546875</ele>
        <time>2026-06-01T23:29:20.000Z</time>
        <extensions>
          <ns3:TrackPointExtension>
            <ns3:hr>138</ns3:hr>
            <ns3:cad>84</ns3:cad>
          </ns3:TrackPointExtension>
        </extensions>
      </trkpt>
      <trkpt lat="37.48092616908252239227294921875" lon="126.95240627042949199676513671875">
        <ele>48.799999237060546875</ele>
        <time>2026-06-01T23:29:21.000Z</time>
        <extensions>
          <ns3:TrackPointExtension>
            <ns3:hr>137</ns3:hr>
            <ns3:cad>84</ns3:cad>
          </ns3:TrackPointExtension>
        </extensions>
      </trkpt>
      <trkpt lat="37.48089247383177280426025390625" lon="126.95242680609226226806640625">
        <ele>48.799999237060546875</ele>
        <time>2026-06-01T23:29:22.000Z</time>
        <extensions>
          <ns3:TrackPointExtension>
            <ns3:hr>137</ns3:hr>
            <ns3:cad>84</ns3:cad>
          </ns3:TrackPointExtension>
        </extensions>
      </trkpt>
      <trkpt lat="37.4808583594858646392822265625" lon="126.95245220325887203216552734375">
        <ele>48.799999237060546875</ele>
        <time>2026-06-01T23:29:23.000Z</time>
        <extensions>
          <ns3:TrackPointExtension>
            <ns3:hr>137</ns3:hr>
            <ns3:cad>84</ns3:cad>
          </ns3:TrackPointExtension>
        </extensions>
      </trkpt>
      <trkpt lat="37.48082139529287815093994140625" lon="126.9524548016488552093505859375">
        <ele>48.799999237060546875</ele>
        <time>2026-06-01T23:29:24.000Z</time>
        <extensions>
          <ns3:TrackPointExtension>
            <ns3:hr>137</ns3:hr>
            <ns3:cad>83</ns3:cad>
          </ns3:TrackPointExtension>
        </extensions>
      </trkpt>
      <trkpt lat="37.48079591430723667144775390625" lon="126.95246167480945587158203125">
        <ele>48.799999237060546875</ele>
        <time>2026-06-01T23:29:25.000Z</time>
        <extensions>
          <ns3:TrackPointExtension>
            <ns3:hr>137</ns3:hr>
            <ns3:cad>83</ns3:cad>
          </ns3:TrackPointExtension>
        </extensions>
      </trkpt>
      <trkpt lat="37.4807591177523136138916015625" lon="126.95245656184852123260498046875">
        <ele>49</ele>
        <time>2026-06-01T23:29:26.000Z</time>
        <extensions>
          <ns3:TrackPointExtension>
            <ns3:hr>137</ns3:hr>
            <ns3:cad>83</ns3:cad>
          </ns3:TrackPointExtension>
        </extensions>
      </trkpt>
      <trkpt lat="37.48073422349989414215087890625" lon="126.9524594955146312713623046875">
        <ele>49</ele>
        <time>2026-06-01T23:29:27.000Z</time>
        <extensions>
          <ns3:TrackPointExtension>
            <ns3:hr>137</ns3:hr>
            <ns3:cad>84</ns3:cad>
          </ns3:TrackPointExtension>
        </extensions>
      </trkpt>
      <trkpt lat="37.48070262372493743896484375" lon="126.95245404727756977081298828125">
        <ele>49.200000762939453125</ele>
        <time>2026-06-01T23:29:28.000Z</time>
        <extensions>
          <ns3:TrackPointExtension>
            <ns3:hr>137</ns3:hr>
            <ns3:cad>84</ns3:cad>
          </ns3:TrackPointExtension>
        </extensions>
      </trkpt>
      <trkpt lat="37.480676472187042236328125" lon="126.9524460844695568084716796875">
        <ele>49.200000762939453125</ele>
        <time>2026-06-01T23:29:29.000Z</time>
        <extensions>
          <ns3:TrackPointExtension>
            <ns3:hr>137</ns3:hr>
            <ns3:cad>84</ns3:cad>
          </ns3:TrackPointExtension>
        </extensions>
      </trkpt>
      <trkpt lat="37.48065543361008167266845703125" lon="126.95244415663182735443115234375">
        <ele>49.40000152587890625</ele>
        <time>2026-06-01T23:29:30.000Z</time>
        <extensions>
          <ns3:TrackPointExtension>
            <ns3:hr>137</ns3:hr>
            <ns3:cad>84</ns3:cad>
          </ns3:TrackPointExtension>
        </extensions>
      </trkpt>
      <trkpt lat="37.48062659986317157745361328125" lon="126.95243091322481632232666015625">
        <ele>49.40000152587890625</ele>
        <time>2026-06-01T23:29:31.000Z</time>
        <extensions>
          <ns3:TrackPointExtension>
            <ns3:hr>138</ns3:hr>
            <ns3:cad>84</ns3:cad>
          </ns3:TrackPointExtension>
        </extensions>
      </trkpt>
      <trkpt lat="37.4806042201817035675048828125" lon="126.95242068730294704437255859375">
        <ele>49.59999847412109375</ele>
        <time>2026-06-01T23:29:32.000Z</time>
        <extensions>
          <ns3:TrackPointExtension>
            <ns3:hr>137</ns3:hr>
            <ns3:cad>84</ns3:cad>
          </ns3:TrackPointExtension>
        </extensions>
      </trkpt>
      <trkpt lat="37.4805824272334575653076171875" lon="126.95240727625787258148193359375">
        <ele>49.59999847412109375</ele>
        <time>2026-06-01T23:29:33.000Z</time>
        <extensions>
          <ns3:TrackPointExtension>
            <ns3:hr>137</ns3:hr>
            <ns3:cad>84</ns3:cad>
          </ns3:TrackPointExtension>
        </extensions>
      </trkpt>
      <trkpt lat="37.4805597960948944091796875" lon="126.952396966516971588134765625">
        <ele>49.799999237060546875</ele>
        <time>2026-06-01T23:29:34.000Z</time>
        <extensions>
          <ns3:TrackPointExtension>
            <ns3:hr>137</ns3:hr>
            <ns3:cad>84</ns3:cad>
          </ns3:TrackPointExtension>
        </extensions>
      </trkpt>
      <trkpt lat="37.48053540475666522979736328125" lon="126.9523954577744007110595703125">
        <ele>49.799999237060546875</ele>
        <time>2026-06-01T23:29:35.000Z</time>
        <extensions>
          <ns3:TrackPointExtension>
            <ns3:hr>138</ns3:hr>
            <ns3:cad>84</ns3:cad>
          </ns3:TrackPointExtension>
        </extensions>
      </trkpt>
      <trkpt lat="37.4805100075900554656982421875" lon="126.9523820467293262481689453125">
        <ele>49.799999237060546875</ele>
        <time>2026-06-01T23:29:36.000Z</time>
        <extensions>
          <ns3:TrackPointExtension>
            <ns3:hr>138</ns3:hr>
            <ns3:cad>84</ns3:cad>
          </ns3:TrackPointExtension>
        </extensions>
      </trkpt>
      <trkpt lat="37.48048461042344570159912109375" lon="126.95237995125353336334228515625">
        <ele>50</ele>
        <time>2026-06-01T23:29:37.000Z</time>
        <extensions>
          <ns3:TrackPointExtension>
            <ns3:hr>138</ns3:hr>
            <ns3:cad>85</ns3:cad>
          </ns3:TrackPointExtension>
        </extensions>
      </trkpt>
      <trkpt lat="37.48045979999005794525146484375" lon="126.9523931108415126800537109375">
        <ele>50</ele>
        <time>2026-06-01T23:29:38.000Z</time>
        <extensions>
          <ns3:TrackPointExtension>
            <ns3:hr>138</ns3:hr>
            <ns3:cad>85</ns3:cad>
          </ns3:TrackPointExtension>
        </extensions>
      </trkpt>
      <trkpt lat="37.48043180443346500396728515625" lon="126.95239319466054439544677734375">
        <ele>50</ele>
        <time>2026-06-01T23:29:39.000Z</time>
        <extensions>
          <ns3:TrackPointExtension>
            <ns3:hr>138</ns3:hr>
            <ns3:cad>84</ns3:cad>
          </ns3:TrackPointExtension>
        </extensions>
      </trkpt>
      <trkpt lat="37.4804107658565044403076171875" lon="126.9523961283266544342041015625">
        <ele>50.200000762939453125</ele>
        <time>2026-06-01T23:29:40.000Z</time>
        <extensions>
          <ns3:TrackPointExtension>
            <ns3:hr>138</ns3:hr>
            <ns3:cad>84</ns3:cad>
          </ns3:TrackPointExtension>
        </extensions>
      </trkpt>
      <trkpt lat="37.48038318939507007598876953125" lon="126.95238590240478515625">
        <ele>50.200000762939453125</ele>
        <time>2026-06-01T23:29:41.000Z</time>
        <extensions>
          <ns3:TrackPointExtension>
            <ns3:hr>138</ns3:hr>
            <ns3:cad>84</ns3:cad>
          </ns3:TrackPointExtension>
        </extensions>
      </trkpt>
      <trkpt lat="37.480368353426456451416015625" lon="126.95238430984318256378173828125">
        <ele>50.200000762939453125</ele>
        <time>2026-06-01T23:29:42.000Z</time>
        <extensions>
          <ns3:TrackPointExtension>
            <ns3:hr>138</ns3:hr>
            <ns3:cad>84</ns3:cad>
          </ns3:TrackPointExtension>
        </extensions>
      </trkpt>
      <trkpt lat="37.4803433753550052642822265625" lon="126.952378861606121063232421875">
        <ele>50.40000152587890625</ele>
        <time>2026-06-01T23:29:43.000Z</time>
        <extensions>
          <ns3:TrackPointExtension>
            <ns3:hr>138</ns3:hr>
            <ns3:cad>84</ns3:cad>
          </ns3:TrackPointExtension>
        </extensions>
      </trkpt>
      <trkpt lat="37.4803172238171100616455078125" lon="126.95237207226455211639404296875">
        <ele>50.40000152587890625</ele>
        <time>2026-06-01T23:29:44.000Z</time>
        <extensions>
          <ns3:TrackPointExtension>
            <ns3:hr>138</ns3:hr>
            <ns3:cad>84</ns3:cad>
          </ns3:TrackPointExtension>
        </extensions>
      </trkpt>
      <trkpt lat="37.48029735870659351348876953125" lon="126.95236377418041229248046875">
        <ele>50.40000152587890625</ele>
        <time>2026-06-01T23:29:45.000Z</time>
        <extensions>
          <ns3:TrackPointExtension>
            <ns3:hr>138</ns3:hr>
            <ns3:cad>84</ns3:cad>
          </ns3:TrackPointExtension>
        </extensions>
      </trkpt>
      <trkpt lat="37.48027120716869831085205078125" lon="126.95234944112598896026611328125">
        <ele>50.40000152587890625</ele>
        <time>2026-06-01T23:29:46.000Z</time>
        <extensions>
          <ns3:TrackPointExtension>
            <ns3:hr>138</ns3:hr>
            <ns3:cad>84</ns3:cad>
          </ns3:TrackPointExtension>
        </extensions>
      </trkpt>
      <trkpt lat="37.48025461100041866302490234375" lon="126.95234902203083038330078125">
        <ele>50.40000152587890625</ele>
        <time>2026-06-01T23:29:47.000Z</time>
        <extensions>
          <ns3:TrackPointExtension>
            <ns3:hr>138</ns3:hr>
            <ns3:cad>84</ns3:cad>
          </ns3:TrackPointExtension>
        </extensions>
      </trkpt>
      <trkpt lat="37.480231560766696929931640625" lon="126.95234642364084720611572265625">
        <ele>50.40000152587890625</ele>
        <time>2026-06-01T23:29:48.000Z</time>
        <extensions>
          <ns3:TrackPointExtension>
            <ns3:hr>138</ns3:hr>
            <ns3:cad>85</ns3:cad>
          </ns3:TrackPointExtension>
        </extensions>
      </trkpt>
      <trkpt lat="37.48021404258906841278076171875" lon="126.95234022103250026702880859375">
        <ele>50.59999847412109375</ele>
        <time>2026-06-01T23:29:49.000Z</time>
        <extensions>
          <ns3:TrackPointExtension>
            <ns3:hr>138</ns3:hr>
            <ns3:cad>85</ns3:cad>
          </ns3:TrackPointExtension>
        </extensions>
      </trkpt>
      <trkpt lat="37.48019677586853504180908203125" lon="126.95235044695436954498291015625">
        <ele>50.59999847412109375</ele>
        <time>2026-06-01T23:29:50.000Z</time>
        <extensions>
          <ns3:TrackPointExtension>
            <ns3:hr>138</ns3:hr>
            <ns3:cad>85</ns3:cad>
          </ns3:TrackPointExtension>
        </extensions>
      </trkpt>
      <trkpt lat="37.48017154633998870849609375" lon="126.9523512013256549835205078125">
        <ele>50.59999847412109375</ele>
        <time>2026-06-01T23:29:51.000Z</time>
        <extensions>
          <ns3:TrackPointExtension>
            <ns3:hr>138</ns3:hr>
            <ns3:cad>85</ns3:cad>
          </ns3:TrackPointExtension>
        </extensions>
      </trkpt>
      <trkpt lat="37.48014899902045726776123046875" lon="126.952354721724987030029296875">
        <ele>50.799999237060546875</ele>
        <time>2026-06-01T23:29:52.000Z</time>
        <extensions>
          <ns3:TrackPointExtension>
            <ns3:hr>138</ns3:hr>
            <ns3:cad>83</ns3:cad>
          </ns3:TrackPointExtension>
        </extensions>
      </trkpt>
      <trkpt lat="37.4801225960254669189453125" lon="126.95235379971563816070556640625">
        <ele>51</ele>
        <time>2026-06-01T23:29:53.000Z</time>
        <extensions>
          <ns3:TrackPointExtension>
            <ns3:hr>138</ns3:hr>
            <ns3:cad>83</ns3:cad>
          </ns3:TrackPointExtension>
        </extensions>
      </trkpt>
      <trkpt lat="37.48009518720209598541259765625" lon="126.95234843529760837554931640625">
        <ele>51</ele>
        <time>2026-06-01T23:29:54.000Z</time>
        <extensions>
          <ns3:TrackPointExtension>
            <ns3:hr>138</ns3:hr>
            <ns3:cad>84</ns3:cad>
          </ns3:TrackPointExtension>
        </extensions>
      </trkpt>
      <trkpt lat="37.48007096350193023681640625" lon="126.95234307087957859039306640625">
        <ele>51.200000762939453125</ele>
        <time>2026-06-01T23:29:55.000Z</time>
        <extensions>
          <ns3:TrackPointExtension>
            <ns3:hr>138</ns3:hr>
            <ns3:cad>84</ns3:cad>
          </ns3:TrackPointExtension>
        </extensions>
      </trkpt>
      <trkpt lat="37.4800421297550201416015625" lon="126.95233971811830997467041015625">
        <ele>51.200000762939453125</ele>
        <time>2026-06-01T23:29:56.000Z</time>
        <extensions>
          <ns3:TrackPointExtension>
            <ns3:hr>138</ns3:hr>
            <ns3:cad>84</ns3:cad>
          </ns3:TrackPointExtension>
        </extensions>
      </trkpt>
      <trkpt lat="37.48001891188323497772216796875" lon="126.95233904756605625152587890625">
        <ele>51.40000152587890625</ele>
        <time>2026-06-01T23:29:57.000Z</time>
        <extensions>
          <ns3:TrackPointExtension>
            <ns3:hr>137</ns3:hr>
            <ns3:cad>84</ns3:cad>
          </ns3:TrackPointExtension>
        </extensions>
      </trkpt>
      <trkpt lat="37.4799920059740543365478515625" lon="126.9523282349109649658203125">
        <ele>51.40000152587890625</ele>
        <time>2026-06-01T23:29:58.000Z</time>
        <extensions>
          <ns3:TrackPointExtension>
            <ns3:hr>136</ns3:hr>
            <ns3:cad>84</ns3:cad>
          </ns3:TrackPointExtension>
        </extensions>
      </trkpt>
      <trkpt lat="37.479962669312953948974609375" lon="126.9523203559219837188720703125">
        <ele>51.40000152587890625</ele>
        <time>2026-06-01T23:29:59.000Z</time>
        <extensions>
          <ns3:TrackPointExtension>
            <ns3:hr>136</ns3:hr>
            <ns3:cad>84</ns3:cad>
          </ns3:TrackPointExtension>
        </extensions>
      </trkpt>
      <trkpt lat="37.4799386970698833465576171875" lon="126.9523230381309986114501953125">
        <ele>51.59999847412109375</ele>
        <time>2026-06-01T23:30:00.000Z</time>
        <extensions>
          <ns3:TrackPointExtension>
            <ns3:hr>137</ns3:hr>
            <ns3:cad>84</ns3:cad>
          </ns3:TrackPointExtension>
        </extensions>
      </trkpt>
      <trkpt lat="37.47990810312330722808837890625" lon="126.95232479833066463470458984375">
        <ele>51.59999847412109375</ele>
        <time>2026-06-01T23:30:01.000Z</time>
        <extensions>
          <ns3:TrackPointExtension>
            <ns3:hr>137</ns3:hr>
            <ns3:cad>85</ns3:cad>
          </ns3:TrackPointExtension>
        </extensions>
      </trkpt>
      <trkpt lat="37.47988052666187286376953125" lon="126.9523186795413494110107421875">
        <ele>51.799999237060546875</ele>
        <time>2026-06-01T23:30:02.000Z</time>
        <extensions>
          <ns3:TrackPointExtension>
            <ns3:hr>137</ns3:hr>
            <ns3:cad>84</ns3:cad>
          </ns3:TrackPointExtension>
        </extensions>
      </trkpt>
      <trkpt lat="37.4798387847840785980224609375" lon="126.95231591351330280303955078125">
        <ele>51.799999237060546875</ele>
        <time>2026-06-01T23:30:03.000Z</time>
        <extensions>
          <ns3:TrackPointExtension>
            <ns3:hr>137</ns3:hr>
            <ns3:cad>84</ns3:cad>
          </ns3:TrackPointExtension>
        </extensions>
      </trkpt>
      <trkpt lat="37.4798076041042804718017578125" lon="126.95230853743851184844970703125">
        <ele>52</ele>
        <time>2026-06-01T23:30:04.000Z</time>
        <extensions>
          <ns3:TrackPointExtension>
            <ns3:hr>136</ns3:hr>
            <ns3:cad>83</ns3:cad>
          </ns3:TrackPointExtension>
        </extensions>
      </trkpt>
      <trkpt lat="37.479782290756702423095703125" lon="126.95230887271463871002197265625">
        <ele>52</ele>
        <time>2026-06-01T23:30:05.000Z</time>
        <extensions>
          <ns3:TrackPointExtension>
            <ns3:hr>137</ns3:hr>
            <ns3:cad>84</ns3:cad>
          </ns3:TrackPointExtension>
        </extensions>
      </trkpt>
      <trkpt lat="37.479748763144016265869140625" lon="126.9523022510111331939697265625">
        <ele>52</ele>
        <time>2026-06-01T23:30:06.000Z</time>
        <extensions>
          <ns3:TrackPointExtension>
            <ns3:hr>137</ns3:hr>
            <ns3:cad>84</ns3:cad>
          </ns3:TrackPointExtension>
        </extensions>
      </trkpt>
      <trkpt lat="37.47972286306321620941162109375" lon="126.9522985629737377166748046875">
        <ele>52.200000762939453125</ele>
        <time>2026-06-01T23:30:07.000Z</time>
        <extensions>
          <ns3:TrackPointExtension>
            <ns3:hr>136</ns3:hr>
            <ns3:cad>84</ns3:cad>
          </ns3:TrackPointExtension>
        </extensions>
      </trkpt>
      <trkpt lat="37.47969419695436954498291015625" lon="126.9522893428802490234375">
        <ele>52.200000762939453125</ele>
        <time>2026-06-01T23:30:08.000Z</time>
        <extensions>
          <ns3:TrackPointExtension>
            <ns3:hr>137</ns3:hr>
            <ns3:cad>83</ns3:cad>
          </ns3:TrackPointExtension>
        </extensions>
      </trkpt>
      <trkpt lat="37.4796698056161403656005859375" lon="126.95228397846221923828125">
        <ele>52.200000762939453125</ele>
        <time>2026-06-01T23:30:09.000Z</time>
        <extensions>
          <ns3:TrackPointExtension>
            <ns3:hr>137</ns3:hr>
            <ns3:cad>83</ns3:cad>
          </ns3:TrackPointExtension>
        </extensions>
      </trkpt>
      <trkpt lat="37.4796424806118011474609375" lon="126.952275931835174560546875">
        <ele>52.40000152587890625</ele>
        <time>2026-06-01T23:30:10.000Z</time>
        <extensions>
          <ns3:TrackPointExtension>
            <ns3:hr>137</ns3:hr>
            <ns3:cad>83</ns3:cad>
          </ns3:TrackPointExtension>
        </extensions>
      </trkpt>
      <trkpt lat="37.47961423359811305999755859375" lon="126.95226880721747875213623046875">
        <ele>52.40000152587890625</ele>
        <time>2026-06-01T23:30:11.000Z</time>
        <extensions>
          <ns3:TrackPointExtension>
            <ns3:hr>137</ns3:hr>
            <ns3:cad>84</ns3:cad>
          </ns3:TrackPointExtension>
        </extensions>
      </trkpt>
      <trkpt lat="37.4796104617416858673095703125" lon="126.9522553123533725738525390625">
        <ele>52.40000152587890625</ele>
        <time>2026-06-01T23:30:12.000Z</time>
        <extensions>
          <ns3:TrackPointExtension>
            <ns3:hr>137</ns3:hr>
            <ns3:cad>84</ns3:cad>
          </ns3:TrackPointExtension>
        </extensions>
      </trkpt>
      <trkpt lat="37.479581795632839202880859375" lon="126.9522439129650592803955078125">
        <ele>52.59999847412109375</ele>
        <time>2026-06-01T23:30:13.000Z</time>
        <extensions>
          <ns3:TrackPointExtension>
            <ns3:hr>138</ns3:hr>
            <ns3:cad>84</ns3:cad>
          </ns3:TrackPointExtension>
        </extensions>
      </trkpt>
      <trkpt lat="37.47954617254436016082763671875" lon="126.95223846472799777984619140625">
        <ele>52.59999847412109375</ele>
        <time>2026-06-01T23:30:14.000Z</time>
        <extensions>
          <ns3:TrackPointExtension>
            <ns3:hr>138</ns3:hr>
            <ns3:cad>84</ns3:cad>
          </ns3:TrackPointExtension>
        </extensions>
      </trkpt>
      <trkpt lat="37.4795139022171497344970703125" lon="126.95222572423517704010009765625">
        <ele>52.59999847412109375</ele>
        <time>2026-06-01T23:30:15.000Z</time>
        <extensions>
          <ns3:TrackPointExtension>
            <ns3:hr>138</ns3:hr>
            <ns3:cad>84</ns3:cad>
          </ns3:TrackPointExtension>
        </extensions>
      </trkpt>
      <trkpt lat="37.4794803746044635772705078125" lon="126.9522204436361789703369140625">
        <ele>52.59999847412109375</ele>
        <time>2026-06-01T23:30:16.000Z</time>
        <extensions>
          <ns3:TrackPointExtension>
            <ns3:hr>138</ns3:hr>
            <ns3:cad>83</ns3:cad>
          </ns3:TrackPointExtension>
        </extensions>
      </trkpt>
      <trkpt lat="37.47944776900112628936767578125" lon="126.95222295820713043212890625">
        <ele>52.799999237060546875</ele>
        <time>2026-06-01T23:30:17.000Z</time>
        <extensions>
          <ns3:TrackPointExtension>
            <ns3:hr>138</ns3:hr>
            <ns3:cad>83</ns3:cad>
          </ns3:TrackPointExtension>
        </extensions>
      </trkpt>
      <trkpt lat="37.47941172681748867034912109375" lon="126.95223058573901653289794921875">
        <ele>52.799999237060546875</ele>
        <time>2026-06-01T23:30:18.000Z</time>
        <extensions>
          <ns3:TrackPointExtension>
            <ns3:hr>138</ns3:hr>
            <ns3:cad>83</ns3:cad>
          </ns3:TrackPointExtension>
        </extensions>
      </trkpt>
      <trkpt lat="37.4793787859380245208740234375" lon="126.95223142392933368682861328125">
        <ele>53</ele>
        <time>2026-06-01T23:30:19.000Z</time>
        <extensions>
          <ns3:TrackPointExtension>
            <ns3:hr>138</ns3:hr>
            <ns3:cad>84</ns3:cad>
          </ns3:TrackPointExtension>
        </extensions>
      </trkpt>
      <trkpt lat="37.47935171239078044891357421875" lon="126.95222564041614532470703125">
        <ele>53</ele>
        <time>2026-06-01T23:30:20.000Z</time>
        <extensions>
          <ns3:TrackPointExtension>
            <ns3:hr>138</ns3:hr>
            <ns3:cad>84</ns3:cad>
          </ns3:TrackPointExtension>
        </extensions>
      </trkpt>
      <trkpt lat="37.47931801714003086090087890625" lon="126.95221717469394207000732421875">
        <ele>53.200000762939453125</ele>
        <time>2026-06-01T23:30:21.000Z</time>
        <extensions>
          <ns3:TrackPointExtension>
            <ns3:hr>139</ns3:hr>
            <ns3:cad>84</ns3:cad>
          </ns3:TrackPointExtension>
        </extensions>
      </trkpt>
      <trkpt lat="37.47929354198276996612548828125" lon="126.9522144086658954620361328125">
        <ele>53.200000762939453125</ele>
        <time>2026-06-01T23:30:22.000Z</time>
        <extensions>
          <ns3:TrackPointExtension>
            <ns3:hr>139</ns3:hr>
            <ns3:cad>84</ns3:cad>
          </ns3:TrackPointExtension>
        </extensions>
      </trkpt>
      <trkpt lat="37.47925565578043460845947265625" lon="126.95221147499978542327880859375">
        <ele>53.40000152587890625</ele>
        <time>2026-06-01T23:30:23.000Z</time>
        <extensions>
          <ns3:TrackPointExtension>
            <ns3:hr>140</ns3:hr>
            <ns3:cad>84</ns3:cad>
          </ns3:TrackPointExtension>
        </extensions>
      </trkpt>
      <trkpt lat="37.4792336113750934600830078125" lon="126.95221281610429286956787109375">
        <ele>53.40000152587890625</ele>
        <time>2026-06-01T23:30:24.000Z</time>
        <extensions>
          <ns3:TrackPointExtension>
            <ns3:hr>140</ns3:hr>
            <ns3:cad>84</ns3:cad>
          </ns3:TrackPointExtension>
        </extensions>
      </trkpt>
      <trkpt lat="37.4792128242552280426025390625" lon="126.95220896042883396148681640625">
        <ele>53.59999847412109375</ele>
        <time>2026-06-01T23:30:25.000Z</time>
        <extensions>
          <ns3:TrackPointExtension>
            <ns3:hr>140</ns3:hr>
            <ns3:cad>84</ns3:cad>
          </ns3:TrackPointExtension>
        </extensions>
      </trkpt>
      <trkpt lat="37.47918390668928623199462890625" lon="126.95220879279077053070068359375">
        <ele>53.59999847412109375</ele>
        <time>2026-06-01T23:30:26.000Z</time>
        <extensions>
          <ns3:TrackPointExtension>
            <ns3:hr>140</ns3:hr>
            <ns3:cad>85</ns3:cad>
          </ns3:TrackPointExtension>
        </extensions>
      </trkpt>
      <trkpt lat="37.47916814871132373809814453125" lon="126.952207200229167938232421875">
        <ele>53.59999847412109375</ele>
        <time>2026-06-01T23:30:27.000Z</time>
        <extensions>
          <ns3:TrackPointExtension>
            <ns3:hr>140</ns3:hr>
            <ns3:cad>85</ns3:cad>
          </ns3:TrackPointExtension>
        </extensions>
      </trkpt>
      <trkpt lat="37.47913914732635021209716796875" lon="126.95220954716205596923828125">
        <ele>53.799999237060546875</ele>
        <time>2026-06-01T23:30:28.000Z</time>
        <extensions>
          <ns3:TrackPointExtension>
            <ns3:hr>140</ns3:hr>
            <ns3:cad>85</ns3:cad>
          </ns3:TrackPointExtension>
        </extensions>
      </trkpt>
      <trkpt lat="37.47912012040615081787109375" lon="126.9522117264568805694580078125">
        <ele>53.799999237060546875</ele>
        <time>2026-06-01T23:30:29.000Z</time>
        <extensions>
          <ns3:TrackPointExtension>
            <ns3:hr>140</ns3:hr>
            <ns3:cad>85</ns3:cad>
          </ns3:TrackPointExtension>
        </extensions>
      </trkpt>
      <trkpt lat="37.47908684425055980682373046875" lon="126.95221466012299060821533203125">
        <ele>53.799999237060546875</ele>
        <time>2026-06-01T23:30:30.000Z</time>
        <extensions>
          <ns3:TrackPointExtension>
            <ns3:hr>140</ns3:hr>
            <ns3:cad>85</ns3:cad>
          </ns3:TrackPointExtension>
        </extensions>
      </trkpt>
      <trkpt lat="37.47906002216041088104248046875" lon="126.95221181027591228485107421875">
        <ele>54</ele>
        <time>2026-06-01T23:30:31.000Z</time>
        <extensions>
          <ns3:TrackPointExtension>
            <ns3:hr>140</ns3:hr>
            <ns3:cad>85</ns3:cad>
          </ns3:TrackPointExtension>
        </extensions>
      </trkpt>
      <trkpt lat="37.4790381453931331634521484375" lon="126.9522211141884326934814453125">
        <ele>54</ele>
        <time>2026-06-01T23:30:32.000Z</time>
        <extensions>
          <ns3:TrackPointExtension>
            <ns3:hr>140</ns3:hr>
            <ns3:cad>84</ns3:cad>
          </ns3:TrackPointExtension>
        </extensions>
      </trkpt>
      <trkpt lat="37.47901056893169879913330078125" lon="126.95221901871263980865478515625">
        <ele>54</ele>
        <time>2026-06-01T23:30:33.000Z</time>
        <extensions>
          <ns3:TrackPointExtension>
            <ns3:hr>140</ns3:hr>
            <ns3:cad>84</ns3:cad>
          </ns3:TrackPointExtension>
        </extensions>
      </trkpt>
      <trkpt lat="37.47899062000215053558349609375" lon="126.9522211141884326934814453125">
        <ele>54</ele>
        <time>2026-06-01T23:30:34.000Z</time>
        <extensions>
          <ns3:TrackPointExtension>
            <ns3:hr>140</ns3:hr>
            <ns3:cad>84</ns3:cad>
          </ns3:TrackPointExtension>
        </extensions>
      </trkpt>
      <trkpt lat="37.47895918786525726318359375" lon="126.95222823880612850189208984375">
        <ele>54</ele>
        <time>2026-06-01T23:30:35.000Z</time>
        <extensions>
          <ns3:TrackPointExtension>
            <ns3:hr>140</ns3:hr>
            <ns3:cad>84</ns3:cad>
          </ns3:TrackPointExtension>
        </extensions>
      </trkpt>
      <trkpt lat="37.4789251573383808135986328125" lon="126.95222354494035243988037109375">
        <ele>54.200000762939453125</ele>
        <time>2026-06-01T23:30:36.000Z</time>
        <extensions>
          <ns3:TrackPointExtension>
            <ns3:hr>140</ns3:hr>
            <ns3:cad>84</ns3:cad>
          </ns3:TrackPointExtension>
        </extensions>
      </trkpt>
      <trkpt lat="37.47889422811567783355712890625" lon="126.95221046917140483856201171875">
        <ele>54.200000762939453125</ele>
        <time>2026-06-01T23:30:37.000Z</time>
        <extensions>
          <ns3:TrackPointExtension>
            <ns3:hr>140</ns3:hr>
            <ns3:cad>84</ns3:cad>
          </ns3:TrackPointExtension>
        </extensions>
      </trkpt>
      <trkpt lat="37.47887067496776580810546875" lon="126.95218431763350963592529296875">
        <ele>54.40000152587890625</ele>
        <time>2026-06-01T23:30:38.000Z</time>
        <extensions>
          <ns3:TrackPointExtension>
            <ns3:hr>139</ns3:hr>
            <ns3:cad>84</ns3:cad>
          </ns3:TrackPointExtension>
        </extensions>
      </trkpt>
      <trkpt lat="37.4788436852395534515380859375" lon="126.952157914638519287109375">
        <ele>54.59999847412109375</ele>
        <time>2026-06-01T23:30:39.000Z</time>
        <extensions>
          <ns3:TrackPointExtension>
            <ns3:hr>139</ns3:hr>
            <ns3:cad>85</ns3:cad>
          </ns3:TrackPointExtension>
        </extensions>
      </trkpt>
      <trkpt lat="37.4788289330899715423583984375" lon="126.95212178863584995269775390625">
        <ele>54.59999847412109375</ele>
        <time>2026-06-01T23:30:40.000Z</time>
        <extensions>
          <ns3:TrackPointExtension>
            <ns3:hr>139</ns3:hr>
            <ns3:cad>85</ns3:cad>
          </ns3:TrackPointExtension>
        </extensions>
      </trkpt>
      <trkpt lat="37.4788135103881359100341796875" lon="126.95209060795605182647705078125">
        <ele>54.799999237060546875</ele>
        <time>2026-06-01T23:30:41.000Z</time>
        <extensions>
          <ns3:TrackPointExtension>
            <ns3:hr>140</ns3:hr>
            <ns3:cad>85</ns3:cad>
          </ns3:TrackPointExtension>
        </extensions>
      </trkpt>
      <trkpt lat="37.47880554758012294769287109375" lon="126.95205825380980968475341796875">
        <ele>54.799999237060546875</ele>
        <time>2026-06-01T23:30:42.000Z</time>
        <extensions>
          <ns3:TrackPointExtension>
            <ns3:hr>139</ns3:hr>
            <ns3:cad>85</ns3:cad>
          </ns3:TrackPointExtension>
        </extensions>
      </trkpt>
      <trkpt lat="37.47880554758012294769287109375" lon="126.95202455855906009674072265625">
        <ele>54.799999237060546875</ele>
        <time>2026-06-01T23:30:43.000Z</time>
        <extensions>
          <ns3:TrackPointExtension>
            <ns3:hr>139</ns3:hr>
            <ns3:cad>85</ns3:cad>
          </ns3:TrackPointExtension>
        </extensions>
      </trkpt>
      <trkpt lat="37.47880102135241031646728515625" lon="126.95200301706790924072265625">
        <ele>54.799999237060546875</ele>
        <time>2026-06-01T23:30:44.000Z</time>
        <extensions>
          <ns3:TrackPointExtension>
            <ns3:hr>140</ns3:hr>
            <ns3:cad>83</ns3:cad>
          </ns3:TrackPointExtension>
        </extensions>
      </trkpt>
      <trkpt lat="37.47880537994205951690673828125" lon="126.95196789689362049102783203125">
        <ele>54.799999237060546875</ele>
        <time>2026-06-01T23:30:45.000Z</time>
        <extensions>
          <ns3:TrackPointExtension>
            <ns3:hr>140</ns3:hr>
            <ns3:cad>83</ns3:cad>
          </ns3:TrackPointExtension>
        </extensions>
      </trkpt>
      <trkpt lat="37.4788047932088375091552734375" lon="126.95193286053836345672607421875">
        <ele>54.799999237060546875</ele>
        <time>2026-06-01T23:30:46.000Z</time>
        <extensions>
          <ns3:TrackPointExtension>
            <ns3:hr>141</ns3:hr>
            <ns3:cad>83</ns3:cad>
          </ns3:TrackPointExtension>
        </extensions>
      </trkpt>
      <trkpt lat="37.47880227863788604736328125" lon="126.9518901966512203216552734375">
        <ele>54.799999237060546875</ele>
        <time>2026-06-01T23:30:47.000Z</time>
        <extensions>
          <ns3:TrackPointExtension>
            <ns3:hr>141</ns3:hr>
            <ns3:cad>84</ns3:cad>
          </ns3:TrackPointExtension>
        </extensions>
      </trkpt>
      <trkpt lat="37.47880320064723491668701171875" lon="126.95183931849896907806396484375">
        <ele>54.799999237060546875</ele>
        <time>2026-06-01T23:30:48.000Z</time>
        <extensions>
          <ns3:TrackPointExtension>
            <ns3:hr>141</ns3:hr>
            <ns3:cad>84</ns3:cad>
          </ns3:TrackPointExtension>
        </extensions>
      </trkpt>
      <trkpt lat="37.4788011051714420318603515625" lon="126.95180595852434635162353515625">
        <ele>54.799999237060546875</ele>
        <time>2026-06-01T23:30:49.000Z</time>
        <extensions>
          <ns3:TrackPointExtension>
            <ns3:hr>141</ns3:hr>
            <ns3:cad>84</ns3:cad>
          </ns3:TrackPointExtension>
        </extensions>
      </trkpt>
      <trkpt lat="37.478804625570774078369140625" lon="126.9517537392675876617431640625">
        <ele>54.799999237060546875</ele>
        <time>2026-06-01T23:30:50.000Z</time>
        <extensions>
          <ns3:TrackPointExtension>
            <ns3:hr>141</ns3:hr>
            <ns3:cad>84</ns3:cad>
          </ns3:TrackPointExtension>
        </extensions>
      </trkpt>
      <trkpt lat="37.47880135662853717803955078125" lon="126.9517220556735992431640625">
        <ele>54.799999237060546875</ele>
        <time>2026-06-01T23:30:51.000Z</time>
        <extensions>
          <ns3:TrackPointExtension>
            <ns3:hr>142</ns3:hr>
            <ns3:cad>85</ns3:cad>
          </ns3:TrackPointExtension>
        </extensions>
      </trkpt>
      <trkpt lat="37.4788002669811248779296875" lon="126.9516913779079914093017578125">
        <ele>54.799999237060546875</ele>
        <time>2026-06-01T23:30:52.000Z</time>
        <extensions>
          <ns3:TrackPointExtension>
            <ns3:hr>142</ns3:hr>
            <ns3:cad>85</ns3:cad>
          </ns3:TrackPointExtension>
        </extensions>
      </trkpt>
      <trkpt lat="37.4788056313991546630859375" lon="126.951658017933368682861328125">
        <ele>54.799999237060546875</ele>
        <time>2026-06-01T23:30:53.000Z</time>
        <extensions>
          <ns3:TrackPointExtension>
            <ns3:hr>143</ns3:hr>
            <ns3:cad>85</ns3:cad>
          </ns3:TrackPointExtension>
        </extensions>
      </trkpt>
      <trkpt lat="37.47880806215107440948486328125" lon="126.95163245312869548797607421875">
        <ele>54.799999237060546875</ele>
        <time>2026-06-01T23:30:54.000Z</time>
        <extensions>
          <ns3:TrackPointExtension>
            <ns3:hr>143</ns3:hr>
            <ns3:cad>84</ns3:cad>
          </ns3:TrackPointExtension>
        </extensions>
      </trkpt>
      <trkpt lat="37.47881577350199222564697265625" lon="126.9515897892415523529052734375">
        <ele>54.799999237060546875</ele>
        <time>2026-06-01T23:30:55.000Z</time>
        <extensions>
          <ns3:TrackPointExtension>
            <ns3:hr>144</ns3:hr>
            <ns3:cad>84</ns3:cad>
          </ns3:TrackPointExtension>
        </extensions>
      </trkpt>
      <trkpt lat="37.47882029972970485687255859375" lon="126.951562128961086273193359375">
        <ele>54.799999237060546875</ele>
        <time>2026-06-01T23:30:56.000Z</time>
        <extensions>
          <ns3:TrackPointExtension>
            <ns3:hr>144</ns3:hr>
            <ns3:cad>84</ns3:cad>
          </ns3:TrackPointExtension>
        </extensions>
      </trkpt>
      <trkpt lat="37.47882734052836894989013671875" lon="126.9515327922999858856201171875">
        <ele>55</ele>
        <time>2026-06-01T23:30:57.000Z</time>
        <extensions>
          <ns3:TrackPointExtension>
            <ns3:hr>144</ns3:hr>
            <ns3:cad>84</ns3:cad>
          </ns3:TrackPointExtension>
        </extensions>
      </trkpt>
      <trkpt lat="37.478838823735713958740234375" lon="126.95149742066860198974609375">
        <ele>55</ele>
        <time>2026-06-01T23:30:58.000Z</time>
        <extensions>
          <ns3:TrackPointExtension>
            <ns3:hr>144</ns3:hr>
            <ns3:cad>84</ns3:cad>
          </ns3:TrackPointExtension>
        </extensions>
      </trkpt>
      <trkpt lat="37.47885567136108875274658203125" lon="126.9514801539480686187744140625">
        <ele>55</ele>
        <time>2026-06-01T23:30:59.000Z</time>
        <extensions>
          <ns3:TrackPointExtension>
            <ns3:hr>143</ns3:hr>
            <ns3:cad>84</ns3:cad>
          </ns3:TrackPointExtension>
        </extensions>
      </trkpt>
      <trkpt lat="37.47888333164155483245849609375" lon="126.95146925747394561767578125">
        <ele>55</ele>
        <time>2026-06-01T23:31:00.000Z</time>
        <extensions>
          <ns3:TrackPointExtension>
            <ns3:hr>144</ns3:hr>
            <ns3:cad>83</ns3:cad>
          </ns3:TrackPointExtension>
        </extensions>
      </trkpt>
      <trkpt lat="37.47890227474272251129150390625" lon="126.95146716199815273284912109375">
        <ele>55</ele>
        <time>2026-06-01T23:31:01.000Z</time>
        <extensions>
          <ns3:TrackPointExtension>
            <ns3:hr>144</ns3:hr>
            <ns3:cad>83</ns3:cad>
          </ns3:TrackPointExtension>
        </extensions>
      </trkpt>
      <trkpt lat="37.47890864498913288116455078125" lon="126.95146858692169189453125">
        <ele>54.799999237060546875</ele>
        <time>2026-06-01T23:31:02.000Z</time>
        <extensions>
          <ns3:TrackPointExtension>
            <ns3:hr>143</ns3:hr>
            <ns3:cad>83</ns3:cad>
          </ns3:TrackPointExtension>
        </extensions>
      </trkpt>
      <trkpt lat="37.47889724560081958770751953125" lon="126.95147286169230937957763671875">
        <ele>54.799999237060546875</ele>
        <time>2026-06-01T23:31:03.000Z</time>
        <extensions>
          <ns3:TrackPointExtension>
            <ns3:hr>144</ns3:hr>
            <ns3:cad>83</ns3:cad>
          </ns3:TrackPointExtension>
        </extensions>
      </trkpt>
      <trkpt lat="37.478872351348400115966796875" lon="126.95148878730833530426025390625">
        <ele>54.59999847412109375</ele>
        <time>2026-06-01T23:31:04.000Z</time>
        <extensions>
          <ns3:TrackPointExtension>
            <ns3:hr>144</ns3:hr>
            <ns3:cad>0</ns3:cad>
          </ns3:TrackPointExtension>
        </extensions>
      </trkpt>
      <trkpt lat="37.478874027729034423828125" lon="126.95152533240616321563720703125">
        <ele>54.59999847412109375</ele>
        <time>2026-06-01T23:31:05.000Z</time>
        <extensions>
          <ns3:TrackPointExtension>
            <ns3:hr>143</ns3:hr>
            <ns3:cad>0</ns3:cad>
          </ns3:TrackPointExtension>
        </extensions>
      </trkpt>
      <trkpt lat="37.47886396944522857666015625" lon="126.95155777037143707275390625">
        <ele>54.59999847412109375</ele>
        <time>2026-06-01T23:31:06.000Z</time>
        <extensions>
          <ns3:TrackPointExtension>
            <ns3:hr>143</ns3:hr>
            <ns3:cad>0</ns3:cad>
          </ns3:TrackPointExtension>
        </extensions>
      </trkpt>
      <trkpt lat="37.47886321507394313812255859375" lon="126.95158065296709537506103515625">
        <ele>54.59999847412109375</ele>
        <time>2026-06-01T23:31:07.000Z</time>
        <extensions>
          <ns3:TrackPointExtension>
            <ns3:hr>143</ns3:hr>
            <ns3:cad>82</ns3:cad>
          </ns3:TrackPointExtension>
        </extensions>
      </trkpt>
      <trkpt lat="37.4788611195981502532958984375" lon="126.9516228139400482177734375">
        <ele>54.799999237060546875</ele>
        <time>2026-06-01T23:31:08.000Z</time>
        <extensions>
          <ns3:TrackPointExtension>
            <ns3:hr>142</ns3:hr>
            <ns3:cad>82</ns3:cad>
          </ns3:TrackPointExtension>
        </extensions>
      </trkpt>
      <trkpt lat="37.47885416261851787567138671875" lon="126.9516541622579097747802734375">
        <ele>54.799999237060546875</ele>
        <time>2026-06-01T23:31:09.000Z</time>
        <extensions>
          <ns3:TrackPointExtension>
            <ns3:hr>141</ns3:hr>
            <ns3:cad>83</ns3:cad>
          </ns3:TrackPointExtension>
        </extensions>
      </trkpt>
      <trkpt lat="37.4788539111614227294921875" lon="126.95168190635740756988525390625">
        <ele>55</ele>
        <time>2026-06-01T23:31:10.000Z</time>
        <extensions>
          <ns3:TrackPointExtension>
            <ns3:hr>141</ns3:hr>
            <ns3:cad>83</ns3:cad>
          </ns3:TrackPointExtension>
        </extensions>
      </trkpt>
      <trkpt lat="37.47884896583855152130126953125" lon="126.95170923136174678802490234375">
        <ele>55</ele>
        <time>2026-06-01T23:31:11.000Z</time>
        <extensions>
          <ns3:TrackPointExtension>
            <ns3:hr>140</ns3:hr>
            <ns3:cad>83</ns3:cad>
          </ns3:TrackPointExtension>
        </extensions>
      </trkpt>
      <trkpt lat="37.478851564228534698486328125" lon="126.95173152722418308258056640625">
        <ele>55</ele>
        <time>2026-06-01T23:31:12.000Z</time>
        <extensions>
          <ns3:TrackPointExtension>
            <ns3:hr>140</ns3:hr>
            <ns3:cad>84</ns3:cad>
          </ns3:TrackPointExtension>
        </extensions>
      </trkpt>
      <trkpt lat="37.47884812764823436737060546875" lon="126.95176455192267894744873046875">
        <ele>55</ele>
        <time>2026-06-01T23:31:13.000Z</time>
        <extensions>
          <ns3:TrackPointExtension>
            <ns3:hr>140</ns3:hr>
            <ns3:cad>84</ns3:cad>
          </ns3:TrackPointExtension>
        </extensions>
      </trkpt>
      <trkpt lat="37.478842847049236297607421875" lon="126.951793134212493896484375">
        <ele>55</ele>
        <time>2026-06-01T23:31:14.000Z</time>
        <extensions>
          <ns3:TrackPointExtension>
            <ns3:hr>139</ns3:hr>
            <ns3:cad>84</ns3:cad>
          </ns3:TrackPointExtension>
        </extensions>
      </trkpt>
      <trkpt lat="37.47883873991668224334716796875" lon="126.9518147595226764678955078125">
        <ele>55</ele>
        <time>2026-06-01T23:31:15.000Z</time>
        <extensions>
          <ns3:TrackPointExtension>
            <ns3:hr>139</ns3:hr>
            <ns3:cad>84</ns3:cad>
          </ns3:TrackPointExtension>
        </extensions>
      </trkpt>
      <trkpt lat="37.4788265861570835113525390625" lon="126.95184200070798397064208984375">
        <ele>55</ele>
        <time>2026-06-01T23:31:16.000Z</time>
        <extensions>
          <ns3:TrackPointExtension>
            <ns3:hr>139</ns3:hr>
            <ns3:cad>84</ns3:cad>
          </ns3:TrackPointExtension>
        </extensions>
      </trkpt>
      <trkpt lat="37.4788217246532440185546875" lon="126.95186111144721508026123046875">
        <ele>55</ele>
        <time>2026-06-01T23:31:17.000Z</time>
        <extensions>
          <ns3:TrackPointExtension>
            <ns3:hr>139</ns3:hr>
            <ns3:cad>84</ns3:cad>
          </ns3:TrackPointExtension>
        </extensions>
      </trkpt>
      <trkpt lat="37.478820718824863433837890625" lon="126.95189413614571094512939453125">
        <ele>55</ele>
        <time>2026-06-01T23:31:18.000Z</time>
        <extensions>
          <ns3:TrackPointExtension>
            <ns3:hr>138</ns3:hr>
            <ns3:cad>84</ns3:cad>
          </ns3:TrackPointExtension>
        </extensions>
      </trkpt>
      <trkpt lat="37.47881795279681682586669921875" lon="126.95192699320614337921142578125">
        <ele>55</ele>
        <time>2026-06-01T23:31:19.000Z</time>
        <extensions>
          <ns3:TrackPointExtension>
            <ns3:hr>138</ns3:hr>
            <ns3:cad>84</ns3:cad>
          </ns3:TrackPointExtension>
        </extensions>
      </trkpt>
      <trkpt lat="37.4788182042539119720458984375" lon="126.95195733569562435150146484375">
        <ele>55</ele>
        <time>2026-06-01T23:31:20.000Z</time>
        <extensions>
          <ns3:TrackPointExtension>
            <ns3:hr>138</ns3:hr>
            <ns3:cad>84</ns3:cad>
          </ns3:TrackPointExtension>
        </extensions>
      </trkpt>
      <trkpt lat="37.47881728224456310272216796875" lon="126.95199153386056423187255859375">
        <ele>55</ele>
        <time>2026-06-01T23:31:21.000Z</time>
        <extensions>
          <ns3:TrackPointExtension>
            <ns3:hr>138</ns3:hr>
            <ns3:cad>84</ns3:cad>
          </ns3:TrackPointExtension>
        </extensions>
      </trkpt>
      <trkpt lat="37.47881837189197540283203125" lon="126.95202179253101348876953125">
        <ele>55</ele>
        <time>2026-06-01T23:31:22.000Z</time>
        <extensions>
          <ns3:TrackPointExtension>
            <ns3:hr>138</ns3:hr>
            <ns3:cad>84</ns3:cad>
          </ns3:TrackPointExtension>
        </extensions>
      </trkpt>
      <trkpt lat="37.47882633469998836517333984375" lon="126.95204886607825756072998046875">
        <ele>54.799999237060546875</ele>
        <time>2026-06-01T23:31:23.000Z</time>
        <extensions>
          <ns3:TrackPointExtension>
            <ns3:hr>137</ns3:hr>
            <ns3:cad>84</ns3:cad>
          </ns3:TrackPointExtension>
        </extensions>
      </trkpt>
      <trkpt lat="37.47882097028195858001708984375" lon="126.95207652635872364044189453125">
        <ele>54.799999237060546875</ele>
        <time>2026-06-01T23:31:24.000Z</time>
        <extensions>
          <ns3:TrackPointExtension>
            <ns3:hr>137</ns3:hr>
            <ns3:cad>84</ns3:cad>
          </ns3:TrackPointExtension>
        </extensions>
      </trkpt>
      <trkpt lat="37.4788386560976505279541015625" lon="126.95209178142249584197998046875">
        <ele>54.799999237060546875</ele>
        <time>2026-06-01T23:31:25.000Z</time>
        <extensions>
          <ns3:TrackPointExtension>
            <ns3:hr>136</ns3:hr>
            <ns3:cad>84</ns3:cad>
          </ns3:TrackPointExtension>
        </extensions>
      </trkpt>
      <trkpt lat="37.47885198332369327545166015625" lon="126.952125392854213714599609375">
        <ele>54.799999237060546875</ele>
        <time>2026-06-01T23:31:26.000Z</time>
        <extensions>
          <ns3:TrackPointExtension>
            <ns3:hr>136</ns3:hr>
            <ns3:cad>84</ns3:cad>
          </ns3:TrackPointExtension>
        </extensions>
      </trkpt>
      <trkpt lat="37.47886807657778263092041015625" lon="126.9521486945450305938720703125">
        <ele>54.799999237060546875</ele>
        <time>2026-06-01T23:31:27.000Z</time>
        <extensions>
          <ns3:TrackPointExtension>
            <ns3:hr>136</ns3:hr>
            <ns3:cad>84</ns3:cad>
          </ns3:TrackPointExtension>
        </extensions>
      </trkpt>
      <trkpt lat="37.4788809008896350860595703125" lon="126.95217492990195751190185546875">
        <ele>54.799999237060546875</ele>
        <time>2026-06-01T23:31:28.000Z</time>
        <extensions>
          <ns3:TrackPointExtension>
            <ns3:hr>135</ns3:hr>
            <ns3:cad>83</ns3:cad>
          </ns3:TrackPointExtension>
        </extensions>
      </trkpt>
      <trkpt lat="37.47889774851500988006591796875" lon="126.9522128999233245849609375">
        <ele>54.59999847412109375</ele>
        <time>2026-06-01T23:31:29.000Z</time>
        <extensions>
          <ns3:TrackPointExtension>
            <ns3:hr>135</ns3:hr>
            <ns3:cad>83</ns3:cad>
          </ns3:TrackPointExtension>
        </extensions>
      </trkpt>
      <trkpt lat="37.47890478931367397308349609375" lon="126.952247433364391326904296875">
        <ele>54.40000152587890625</ele>
        <time>2026-06-01T23:31:30.000Z</time>
        <extensions>
          <ns3:TrackPointExtension>
            <ns3:hr>134</ns3:hr>
            <ns3:cad>83</ns3:cad>
          </ns3:TrackPointExtension>
        </extensions>
      </trkpt>
      <trkpt lat="37.47890696860849857330322265625" lon="126.95228775031864643096923828125">
        <ele>54.40000152587890625</ele>
        <time>2026-06-01T23:31:31.000Z</time>
        <extensions>
          <ns3:TrackPointExtension>
            <ns3:hr>134</ns3:hr>
            <ns3:cad>84</ns3:cad>
          </ns3:TrackPointExtension>
        </extensions>
      </trkpt>
      <trkpt lat="37.4789070524275302886962890625" lon="126.95232278667390346527099609375">
        <ele>54.40000152587890625</ele>
        <time>2026-06-01T23:31:32.000Z</time>
        <extensions>
          <ns3:TrackPointExtension>
            <ns3:hr>134</ns3:hr>
            <ns3:cad>84</ns3:cad>
          </ns3:TrackPointExtension>
        </extensions>
      </trkpt>
      <trkpt lat="37.4789127521216869354248046875" lon="126.95235195569694042205810546875">
        <ele>54.40000152587890625</ele>
        <time>2026-06-01T23:31:33.000Z</time>
        <extensions>
          <ns3:TrackPointExtension>
            <ns3:hr>133</ns3:hr>
            <ns3:cad>84</ns3:cad>
          </ns3:TrackPointExtension>
        </extensions>
      </trkpt>
      <trkpt lat="37.4789201281964778900146484375" lon="126.952395625412464141845703125">
        <ele>54.40000152587890625</ele>
        <time>2026-06-01T23:31:34.000Z</time>
        <extensions>
          <ns3:TrackPointExtension>
            <ns3:hr>133</ns3:hr>
            <ns3:cad>84</ns3:cad>
          </ns3:TrackPointExtension>
        </extensions>
      </trkpt>
      <trkpt lat="37.478928677737712860107421875" lon="126.95241733454167842864990234375">
        <ele>54.40000152587890625</ele>
        <time>2026-06-01T23:31:35.000Z</time>
        <extensions>
          <ns3:TrackPointExtension>
            <ns3:hr>133</ns3:hr>
            <ns3:cad>84</ns3:cad>
          </ns3:TrackPointExtension>
        </extensions>
      </trkpt>
      <trkpt lat="37.47894803993403911590576171875" lon="126.95244834758341312408447265625">
        <ele>54.40000152587890625</ele>
        <time>2026-06-01T23:31:36.000Z</time>
        <extensions>
          <ns3:TrackPointExtension>
            <ns3:hr>134</ns3:hr>
            <ns3:cad>84</ns3:cad>
          </ns3:TrackPointExtension>
        </extensions>
      </trkpt>
      <trkpt lat="37.47896463610231876373291015625" lon="126.9524789415299892425537109375">
        <ele>54.200000762939453125</ele>
        <time>2026-06-01T23:31:37.000Z</time>
        <extensions>
          <ns3:TrackPointExtension>
            <ns3:hr>133</ns3:hr>
            <ns3:cad>83</ns3:cad>
          </ns3:TrackPointExtension>
        </extensions>
      </trkpt>
      <trkpt lat="37.4789788015186786651611328125" lon="126.9524967111647129058837890625">
        <ele>54</ele>
        <time>2026-06-01T23:31:38.000Z</time>
        <extensions>
          <ns3:TrackPointExtension>
            <ns3:hr>133</ns3:hr>
            <ns3:cad>83</ns3:cad>
          </ns3:TrackPointExtension>
        </extensions>
      </trkpt>
      <trkpt lat="37.47900285758078098297119140625" lon="126.9525141455233097076416015625">
        <ele>54</ele>
        <time>2026-06-01T23:31:39.000Z</time>
        <extensions>
          <ns3:TrackPointExtension>
            <ns3:hr>134</ns3:hr>
            <ns3:cad>83</ns3:cad>
          </ns3:TrackPointExtension>
        </extensions>
      </trkpt>
      <trkpt lat="37.47901978902518749237060546875" lon="126.9525133073329925537109375">
        <ele>54</ele>
        <time>2026-06-01T23:31:40.000Z</time>
        <extensions>
          <ns3:TrackPointExtension>
            <ns3:hr>133</ns3:hr>
            <ns3:cad>83</ns3:cad>
          </ns3:TrackPointExtension>
        </extensions>
      </trkpt>
      <trkpt lat="37.47904501855373382568359375" lon="126.95251607336103916168212890625">
        <ele>54.200000762939453125</ele>
        <time>2026-06-01T23:31:41.000Z</time>
        <extensions>
          <ns3:TrackPointExtension>
            <ns3:hr>133</ns3:hr>
            <ns3:cad>83</ns3:cad>
          </ns3:TrackPointExtension>
        </extensions>
      </trkpt>
      <trkpt lat="37.47907645069062709808349609375" lon="126.95252328179776668548583984375">
        <ele>54.200000762939453125</ele>
        <time>2026-06-01T23:31:42.000Z</time>
        <extensions>
          <ns3:TrackPointExtension>
            <ns3:hr>134</ns3:hr>
            <ns3:cad>83</ns3:cad>
          </ns3:TrackPointExtension>
        </extensions>
      </trkpt>
      <trkpt lat="37.4790978245437145233154296875" lon="126.9525272212922573089599609375">
        <ele>54</ele>
        <time>2026-06-01T23:31:43.000Z</time>
        <extensions>
          <ns3:TrackPointExtension>
            <ns3:hr>134</ns3:hr>
            <ns3:cad>83</ns3:cad>
          </ns3:TrackPointExtension>
        </extensions>
      </trkpt>
      <trkpt lat="37.47911802493035793304443359375" lon="126.95252730511128902435302734375">
        <ele>53.799999237060546875</ele>
        <time>2026-06-01T23:31:44.000Z</time>
        <extensions>
          <ns3:TrackPointExtension>
            <ns3:hr>134</ns3:hr>
            <ns3:cad>82</ns3:cad>
          </ns3:TrackPointExtension>
        </extensions>
      </trkpt>
      <trkpt lat="37.47914484702050685882568359375" lon="126.95253074169158935546875">
        <ele>53.799999237060546875</ele>
        <time>2026-06-01T23:31:45.000Z</time>
        <extensions>
          <ns3:TrackPointExtension>
            <ns3:hr>134</ns3:hr>
            <ns3:cad>82</ns3:cad>
          </ns3:TrackPointExtension>
        </extensions>
      </trkpt>
      <trkpt lat="37.47916814871132373809814453125" lon="126.95253535173833370208740234375">
        <ele>53.799999237060546875</ele>
        <time>2026-06-01T23:31:46.000Z</time>
        <extensions>
          <ns3:TrackPointExtension>
            <ns3:hr>134</ns3:hr>
            <ns3:cad>82</ns3:cad>
          </ns3:TrackPointExtension>
        </extensions>
      </trkpt>
      <trkpt lat="37.47919413261115550994873046875" lon="126.9525454938411712646484375">
        <ele>53.799999237060546875</ele>
        <time>2026-06-01T23:31:47.000Z</time>
        <extensions>
          <ns3:TrackPointExtension>
            <ns3:hr>134</ns3:hr>
            <ns3:cad>82</ns3:cad>
          </ns3:TrackPointExtension>
        </extensions>
      </trkpt>
      <trkpt lat="37.4792222119867801666259765625" lon="126.95254825986921787261962890625">
        <ele>53.799999237060546875</ele>
        <time>2026-06-01T23:31:48.000Z</time>
        <extensions>
          <ns3:TrackPointExtension>
            <ns3:hr>134</ns3:hr>
            <ns3:cad>82</ns3:cad>
          </ns3:TrackPointExtension>
        </extensions>
      </trkpt>
      <trkpt lat="37.479241825640201568603515625" lon="126.952567957341670989990234375">
        <ele>53.799999237060546875</ele>
        <time>2026-06-01T23:31:49.000Z</time>
        <extensions>
          <ns3:TrackPointExtension>
            <ns3:hr>134</ns3:hr>
            <ns3:cad>82</ns3:cad>
          </ns3:TrackPointExtension>
        </extensions>
      </trkpt>
      <trkpt lat="37.47925448231399059295654296875" lon="126.95259419269859790802001953125">
        <ele>53.59999847412109375</ele>
        <time>2026-06-01T23:31:50.000Z</time>
        <extensions>
          <ns3:TrackPointExtension>
            <ns3:hr>133</ns3:hr>
            <ns3:cad>82</ns3:cad>
          </ns3:TrackPointExtension>
        </extensions>
      </trkpt>
      <trkpt lat="37.4792590923607349395751953125" lon="126.95261598564684391021728515625">
        <ele>53.40000152587890625</ele>
        <time>2026-06-01T23:31:51.000Z</time>
        <extensions>
          <ns3:TrackPointExtension>
            <ns3:hr>133</ns3:hr>
            <ns3:cad>82</ns3:cad>
          </ns3:TrackPointExtension>
        </extensions>
      </trkpt>
      <trkpt lat="37.4792577512562274932861328125" lon="126.9526522792875766754150390625">
        <ele>53.40000152587890625</ele>
        <time>2026-06-01T23:31:52.000Z</time>
        <extensions>
          <ns3:TrackPointExtension>
            <ns3:hr>133</ns3:hr>
            <ns3:cad>82</ns3:cad>
          </ns3:TrackPointExtension>
        </extensions>
      </trkpt>
      <trkpt lat="37.47925515286624431610107421875" lon="126.95268572308123111724853515625">
        <ele>53.200000762939453125</ele>
        <time>2026-06-01T23:31:53.000Z</time>
        <extensions>
          <ns3:TrackPointExtension>
            <ns3:hr>134</ns3:hr>
            <ns3:cad>82</ns3:cad>
          </ns3:TrackPointExtension>
        </extensions>
      </trkpt>
      <trkpt lat="37.47925230301916599273681640625" lon="126.95271782577037811279296875">
        <ele>53.40000152587890625</ele>
        <time>2026-06-01T23:31:54.000Z</time>
        <extensions>
          <ns3:TrackPointExtension>
            <ns3:hr>133</ns3:hr>
            <ns3:cad>82</ns3:cad>
          </ns3:TrackPointExtension>
        </extensions>
      </trkpt>
      <trkpt lat="37.479249872267246246337890625" lon="126.95275671780109405517578125">
        <ele>53.59999847412109375</ele>
        <time>2026-06-01T23:31:55.000Z</time>
        <extensions>
          <ns3:TrackPointExtension>
            <ns3:hr>133</ns3:hr>
            <ns3:cad>82</ns3:cad>
          </ns3:TrackPointExtension>
        </extensions>
      </trkpt>
      <trkpt lat="37.47924727387726306915283203125" lon="126.95279200561344623565673828125">
        <ele>53.59999847412109375</ele>
        <time>2026-06-01T23:31:56.000Z</time>
        <extensions>
          <ns3:TrackPointExtension>
            <ns3:hr>133</ns3:hr>
            <ns3:cad>83</ns3:cad>
          </ns3:TrackPointExtension>
        </extensions>
      </trkpt>
      <trkpt lat="37.479245178401470184326171875" lon="126.9528293050825595855712890625">
        <ele>53.59999847412109375</ele>
        <time>2026-06-01T23:31:57.000Z</time>
        <extensions>
          <ns3:TrackPointExtension>
            <ns3:hr>133</ns3:hr>
            <ns3:cad>83</ns3:cad>
          </ns3:TrackPointExtension>
        </extensions>
      </trkpt>
      <trkpt lat="37.47924157418310642242431640625" lon="126.95286937057971954345703125">
        <ele>53.59999847412109375</ele>
        <time>2026-06-01T23:31:58.000Z</time>
        <extensions>
          <ns3:TrackPointExtension>
            <ns3:hr>132</ns3:hr>
            <ns3:cad>83</ns3:cad>
          </ns3:TrackPointExtension>
        </extensions>
      </trkpt>
      <trkpt lat="37.47924559749662876129150390625" lon="126.95288890041410923004150390625">
        <ele>53.40000152587890625</ele>
        <time>2026-06-01T23:31:59.000Z</time>
        <extensions>
          <ns3:TrackPointExtension>
            <ns3:hr>132</ns3:hr>
            <ns3:cad>83</ns3:cad>
          </ns3:TrackPointExtension>
        </extensions>
      </trkpt>
      <trkpt lat="37.4792366288602352142333984375" lon="126.95292242802679538726806640625">
        <ele>53.200000762939453125</ele>
        <time>2026-06-01T23:32:00.000Z</time>
        <extensions>
          <ns3:TrackPointExtension>
            <ns3:hr>132</ns3:hr>
            <ns3:cad>83</ns3:cad>
          </ns3:TrackPointExtension>
        </extensions>
      </trkpt>
      <trkpt lat="37.4792309291660785675048828125" lon="126.9529536925256252288818359375">
        <ele>53</ele>
        <time>2026-06-01T23:32:01.000Z</time>
        <extensions>
          <ns3:TrackPointExtension>
            <ns3:hr>132</ns3:hr>
            <ns3:cad>83</ns3:cad>
          </ns3:TrackPointExtension>
        </extensions>
      </trkpt>
      <trkpt lat="37.4792242236435413360595703125" lon="126.9529956020414829254150390625">
        <ele>52.799999237060546875</ele>
        <time>2026-06-01T23:32:02.000Z</time>
        <extensions>
          <ns3:TrackPointExtension>
            <ns3:hr>132</ns3:hr>
            <ns3:cad>82</ns3:cad>
          </ns3:TrackPointExtension>
        </extensions>
      </trkpt>
      <trkpt lat="37.47922363691031932830810546875" lon="126.953026950359344482421875">
        <ele>52.40000152587890625</ele>
        <time>2026-06-01T23:32:03.000Z</time>
        <extensions>
          <ns3:TrackPointExtension>
            <ns3:hr>131</ns3:hr>
            <ns3:cad>82</ns3:cad>
          </ns3:TrackPointExtension>
        </extensions>
      </trkpt>
      <trkpt lat="37.479222714900970458984375" lon="126.9530629925429821014404296875">
        <ele>52</ele>
        <time>2026-06-01T23:32:04.000Z</time>
        <extensions>
          <ns3:TrackPointExtension>
            <ns3:hr>131</ns3:hr>
            <ns3:cad>82</ns3:cad>
          </ns3:TrackPointExtension>
        </extensions>
      </trkpt>
      <trkpt lat="37.47922028414905071258544921875" lon="126.95309157483279705047607421875">
        <ele>51.59999847412109375</ele>
        <time>2026-06-01T23:32:05.000Z</time>
        <extensions>
          <ns3:TrackPointExtension>
            <ns3:hr>131</ns3:hr>
            <ns3:cad>84</ns3:cad>
          </ns3:TrackPointExtension>
        </extensions>
      </trkpt>
      <trkpt lat="37.479222714900970458984375" lon="126.9531216658651828765869140625">
        <ele>51.40000152587890625</ele>
        <time>2026-06-01T23:32:06.000Z</time>
        <extensions>
          <ns3:TrackPointExtension>
            <ns3:hr>131</ns3:hr>
            <ns3:cad>84</ns3:cad>
          </ns3:TrackPointExtension>
        </extensions>
      </trkpt>
      <trkpt lat="37.47921894304454326629638671875" lon="126.95316315628588199615478515625">
        <ele>51.200000762939453125</ele>
        <time>2026-06-01T23:32:07.000Z</time>
        <extensions>
          <ns3:TrackPointExtension>
            <ns3:hr>131</ns3:hr>
            <ns3:cad>84</ns3:cad>
          </ns3:TrackPointExtension>
        </extensions>
      </trkpt>
      <trkpt lat="37.47921466827392578125" lon="126.95320598781108856201171875">
        <ele>51.200000762939453125</ele>
        <time>2026-06-01T23:32:08.000Z</time>
        <extensions>
          <ns3:TrackPointExtension>
            <ns3:hr>131</ns3:hr>
            <ns3:cad>84</ns3:cad>
          </ns3:TrackPointExtension>
        </extensions>
      </trkpt>
      <trkpt lat="37.47921257279813289642333984375" lon="126.95324529893696308135986328125">
        <ele>51.200000762939453125</ele>
        <time>2026-06-01T23:32:09.000Z</time>
        <extensions>
          <ns3:TrackPointExtension>
            <ns3:hr>131</ns3:hr>
            <ns3:cad>85</ns3:cad>
          </ns3:TrackPointExtension>
        </extensions>
      </trkpt>
      <trkpt lat="37.47920729219913482666015625" lon="126.95328368805348873138427734375">
        <ele>51</ele>
        <time>2026-06-01T23:32:10.000Z</time>
        <extensions>
          <ns3:TrackPointExtension>
            <ns3:hr>131</ns3:hr>
            <ns3:cad>84</ns3:cad>
          </ns3:TrackPointExtension>
        </extensions>
      </trkpt>
      <trkpt lat="37.47920838184654712677001953125" lon="126.953312270343303680419921875">
        <ele>51</ele>
        <time>2026-06-01T23:32:11.000Z</time>
        <extensions>
          <ns3:TrackPointExtension>
            <ns3:hr>131</ns3:hr>
            <ns3:cad>84</ns3:cad>
          </ns3:TrackPointExtension>
        </extensions>
      </trkpt>
      <trkpt lat="37.47920460999011993408203125" lon="126.953357197344303131103515625">
        <ele>50.799999237060546875</ele>
        <time>2026-06-01T23:32:12.000Z</time>
        <extensions>
          <ns3:TrackPointExtension>
            <ns3:hr>131</ns3:hr>
            <ns3:cad>84</ns3:cad>
          </ns3:TrackPointExtension>
        </extensions>
      </trkpt>
      <trkpt lat="37.47920033521950244903564453125" lon="126.95338812656700611114501953125">
        <ele>50.799999237060546875</ele>
        <time>2026-06-01T23:32:13.000Z</time>
        <extensions>
          <ns3:TrackPointExtension>
            <ns3:hr>131</ns3:hr>
            <ns3:cad>85</ns3:cad>
          </ns3:TrackPointExtension>
        </extensions>
      </trkpt>
      <trkpt lat="37.47919681482017040252685546875" lon="126.95341763086616992950439453125">
        <ele>50.799999237060546875</ele>
        <time>2026-06-01T23:32:14.000Z</time>
        <extensions>
          <ns3:TrackPointExtension>
            <ns3:hr>132</ns3:hr>
            <ns3:cad>85</ns3:cad>
          </ns3:TrackPointExtension>
        </extensions>
      </trkpt>
      <trkpt lat="37.479194886982440948486328125" lon="126.95345065556466579437255859375">
        <ele>50.799999237060546875</ele>
        <time>2026-06-01T23:32:15.000Z</time>
        <extensions>
          <ns3:TrackPointExtension>
            <ns3:hr>132</ns3:hr>
            <ns3:cad>84</ns3:cad>
          </ns3:TrackPointExtension>
        </extensions>
      </trkpt>
      <trkpt lat="37.47919128276407718658447265625" lon="126.95347731001675128936767578125">
        <ele>50.799999237060546875</ele>
        <time>2026-06-01T23:32:16.000Z</time>
        <extensions>
          <ns3:TrackPointExtension>
            <ns3:hr>132</ns3:hr>
            <ns3:cad>84</ns3:cad>
          </ns3:TrackPointExtension>
        </extensions>
      </trkpt>
      <trkpt lat="37.4791833199560642242431640625" lon="126.9535203091800212860107421875">
        <ele>50.799999237060546875</ele>
        <time>2026-06-01T23:32:17.000Z</time>
        <extensions>
          <ns3:TrackPointExtension>
            <ns3:hr>131</ns3:hr>
            <ns3:cad>84</ns3:cad>
          </ns3:TrackPointExtension>
        </extensions>
      </trkpt>
      <trkpt lat="37.47917753644287586212158203125" lon="126.95356045849621295928955078125">
        <ele>50.799999237060546875</ele>
        <time>2026-06-01T23:32:18.000Z</time>
        <extensions>
          <ns3:TrackPointExtension>
            <ns3:hr>132</ns3:hr>
            <ns3:cad>83</ns3:cad>
          </ns3:TrackPointExtension>
        </extensions>
      </trkpt>
      <trkpt lat="37.479176782071590423583984375" lon="126.95359918288886547088623046875">
        <ele>50.799999237060546875</ele>
        <time>2026-06-01T23:32:19.000Z</time>
        <extensions>
          <ns3:TrackPointExtension>
            <ns3:hr>132</ns3:hr>
            <ns3:cad>83</ns3:cad>
          </ns3:TrackPointExtension>
        </extensions>
      </trkpt>
      <trkpt lat="37.47917451895773410797119140625" lon="126.953638829290866851806640625">
        <ele>50.59999847412109375</ele>
        <time>2026-06-01T23:32:20.000Z</time>
        <extensions>
          <ns3:TrackPointExtension>
            <ns3:hr>132</ns3:hr>
            <ns3:cad>83</ns3:cad>
          </ns3:TrackPointExtension>
        </extensions>
      </trkpt>
      <trkpt lat="37.479172088205814361572265625" lon="126.953670680522918701171875">
        <ele>50.59999847412109375</ele>
        <time>2026-06-01T23:32:21.000Z</time>
        <extensions>
          <ns3:TrackPointExtension>
            <ns3:hr>131</ns3:hr>
            <ns3:cad>83</ns3:cad>
          </ns3:TrackPointExtension>
        </extensions>
      </trkpt>
      <trkpt lat="37.47916379012167453765869140625" lon="126.95371518842875957489013671875">
        <ele>50.59999847412109375</ele>
        <time>2026-06-01T23:32:22.000Z</time>
        <extensions>
          <ns3:TrackPointExtension>
            <ns3:hr>132</ns3:hr>
            <ns3:cad>83</ns3:cad>
          </ns3:TrackPointExtension>
        </extensions>
      </trkpt>
      <trkpt lat="37.4791596829891204833984375" lon="126.953750811517238616943359375">
        <ele>50.799999237060546875</ele>
        <time>2026-06-01T23:32:23.000Z</time>
        <extensions>
          <ns3:TrackPointExtension>
            <ns3:hr>132</ns3:hr>
            <ns3:cad>83</ns3:cad>
          </ns3:TrackPointExtension>
        </extensions>
      </trkpt>
      <trkpt lat="37.4791516363620758056640625" lon="126.95378375239670276641845703125">
        <ele>51</ele>
        <time>2026-06-01T23:32:24.000Z</time>
        <extensions>
          <ns3:TrackPointExtension>
            <ns3:hr>132</ns3:hr>
            <ns3:cad>83</ns3:cad>
          </ns3:TrackPointExtension>
        </extensions>
      </trkpt>
      <trkpt lat="37.479137890040874481201171875" lon="126.95381711237132549285888671875">
        <ele>51</ele>
        <time>2026-06-01T23:32:25.000Z</time>
        <extensions>
          <ns3:TrackPointExtension>
            <ns3:hr>132</ns3:hr>
            <ns3:cad>83</ns3:cad>
          </ns3:TrackPointExtension>
        </extensions>
      </trkpt>
      <trkpt lat="37.47913353145122528076171875" lon="126.953842677175998687744140625">
        <ele>51.200000762939453125</ele>
        <time>2026-06-01T23:32:26.000Z</time>
        <extensions>
          <ns3:TrackPointExtension>
            <ns3:hr>132</ns3:hr>
            <ns3:cad>83</ns3:cad>
          </ns3:TrackPointExtension>
        </extensions>
      </trkpt>
      <trkpt lat="37.4791219644248485565185546875" lon="126.95387947373092174530029296875">
        <ele>51.200000762939453125</ele>
        <time>2026-06-01T23:32:27.000Z</time>
        <extensions>
          <ns3:TrackPointExtension>
            <ns3:hr>132</ns3:hr>
            <ns3:cad>84</ns3:cad>
          </ns3:TrackPointExtension>
        </extensions>
      </trkpt>
      <trkpt lat="37.4791142530739307403564453125" lon="126.95391082204878330230712890625">
        <ele>51.200000762939453125</ele>
        <time>2026-06-01T23:32:28.000Z</time>
        <extensions>
          <ns3:TrackPointExtension>
            <ns3:hr>132</ns3:hr>
            <ns3:cad>84</ns3:cad>
          </ns3:TrackPointExtension>
        </extensions>
      </trkpt>
      <trkpt lat="37.47910561971366405487060546875" lon="126.9539343751966953277587890625">
        <ele>51</ele>
        <time>2026-06-01T23:32:29.000Z</time>
        <extensions>
          <ns3:TrackPointExtension>
            <ns3:hr>132</ns3:hr>
            <ns3:cad>84</ns3:cad>
          </ns3:TrackPointExtension>
        </extensions>
      </trkpt>
      <trkpt lat="37.47908927500247955322265625" lon="126.95397100411355495452880859375">
        <ele>51</ele>
        <time>2026-06-01T23:32:30.000Z</time>
        <extensions>
          <ns3:TrackPointExtension>
            <ns3:hr>132</ns3:hr>
            <ns3:cad>84</ns3:cad>
          </ns3:TrackPointExtension>
        </extensions>
      </trkpt>
      <trkpt lat="37.47908122837543487548828125" lon="126.9539980776607990264892578125">
        <ele>51</ele>
        <time>2026-06-01T23:32:31.000Z</time>
        <extensions>
          <ns3:TrackPointExtension>
            <ns3:hr>132</ns3:hr>
            <ns3:cad>84</ns3:cad>
          </ns3:TrackPointExtension>
        </extensions>
      </trkpt>
      <trkpt lat="37.47906421311199665069580078125" lon="126.954051889479160308837890625">
        <ele>51</ele>
        <time>2026-06-01T23:32:32.000Z</time>
        <extensions>
          <ns3:TrackPointExtension>
            <ns3:hr>132</ns3:hr>
            <ns3:cad>84</ns3:cad>
          </ns3:TrackPointExtension>
        </extensions>
      </trkpt>
      <trkpt lat="37.4790559150278568267822265625" lon="126.95408214814960956573486328125">
        <ele>50.799999237060546875</ele>
        <time>2026-06-01T23:32:33.000Z</time>
        <extensions>
          <ns3:TrackPointExtension>
            <ns3:hr>131</ns3:hr>
            <ns3:cad>84</ns3:cad>
          </ns3:TrackPointExtension>
        </extensions>
      </trkpt>
      <trkpt lat="37.4790451861917972564697265625" lon="126.9541224651038646697998046875">
        <ele>50.799999237060546875</ele>
        <time>2026-06-01T23:32:34.000Z</time>
        <extensions>
          <ns3:TrackPointExtension>
            <ns3:hr>132</ns3:hr>
            <ns3:cad>83</ns3:cad>
          </ns3:TrackPointExtension>
        </extensions>
      </trkpt>
      <trkpt lat="37.4790351279079914093017578125" lon="126.95415976457297801971435546875">
        <ele>50.799999237060546875</ele>
        <time>2026-06-01T23:32:35.000Z</time>
        <extensions>
          <ns3:TrackPointExtension>
            <ns3:hr>132</ns3:hr>
            <ns3:cad>84</ns3:cad>
          </ns3:TrackPointExtension>
        </extensions>
      </trkpt>
      <trkpt lat="37.479035295546054840087890625" lon="126.9541854970157146453857421875">
        <ele>50.799999237060546875</ele>
        <time>2026-06-01T23:32:36.000Z</time>
        <extensions>
          <ns3:TrackPointExtension>
            <ns3:hr>132</ns3:hr>
            <ns3:cad>84</ns3:cad>
          </ns3:TrackPointExtension>
        </extensions>
      </trkpt>
      <trkpt lat="37.479025237262248992919921875" lon="126.95423352532088756561279296875">
        <ele>51</ele>
        <time>2026-06-01T23:32:37.000Z</time>
        <extensions>
          <ns3:TrackPointExtension>
            <ns3:hr>132</ns3:hr>
            <ns3:cad>85</ns3:cad>
          </ns3:TrackPointExtension>
        </extensions>
      </trkpt>
      <trkpt lat="37.47901492752134799957275390625" lon="126.9542629458010196685791015625">
        <ele>51</ele>
        <time>2026-06-01T23:32:38.000Z</time>
        <extensions>
          <ns3:TrackPointExtension>
            <ns3:hr>133</ns3:hr>
            <ns3:cad>85</ns3:cad>
          </ns3:TrackPointExtension>
        </extensions>
      </trkpt>
      <trkpt lat="37.478995732963085174560546875" lon="126.95430309511721134185791015625">
        <ele>51</ele>
        <time>2026-06-01T23:32:39.000Z</time>
        <extensions>
          <ns3:TrackPointExtension>
            <ns3:hr>133</ns3:hr>
            <ns3:cad>85</ns3:cad>
          </ns3:TrackPointExtension>
        </extensions>
      </trkpt>
      <trkpt lat="37.4789905361831188201904296875" lon="126.95433695800602436065673828125">
        <ele>51</ele>
        <time>2026-06-01T23:32:40.000Z</time>
        <extensions>
          <ns3:TrackPointExtension>
            <ns3:hr>133</ns3:hr>
            <ns3:cad>85</ns3:cad>
          </ns3:TrackPointExtension>
        </extensions>
      </trkpt>
      <trkpt lat="37.47898466885089874267578125" lon="126.95436361245810985565185546875">
        <ele>51</ele>
        <time>2026-06-01T23:32:41.000Z</time>
        <extensions>
          <ns3:TrackPointExtension>
            <ns3:hr>133</ns3:hr>
            <ns3:cad>85</ns3:cad>
          </ns3:TrackPointExtension>
        </extensions>
      </trkpt>
      <trkpt lat="37.47897134162485599517822265625" lon="126.95440418086946010589599609375">
        <ele>50.799999237060546875</ele>
        <time>2026-06-01T23:32:42.000Z</time>
        <extensions>
          <ns3:TrackPointExtension>
            <ns3:hr>134</ns3:hr>
            <ns3:cad>85</ns3:cad>
          </ns3:TrackPointExtension>
        </extensions>
      </trkpt>
      <trkpt lat="37.47895977459847927093505859375" lon="126.9544284045696258544921875">
        <ele>50.799999237060546875</ele>
        <time>2026-06-01T23:32:43.000Z</time>
        <extensions>
          <ns3:TrackPointExtension>
            <ns3:hr>134</ns3:hr>
            <ns3:cad>85</ns3:cad>
          </ns3:TrackPointExtension>
        </extensions>
      </trkpt>
      <trkpt lat="37.4789432622492313385009765625" lon="126.9544627703726291656494140625">
        <ele>51</ele>
        <time>2026-06-01T23:32:44.000Z</time>
        <extensions>
          <ns3:TrackPointExtension>
            <ns3:hr>134</ns3:hr>
            <ns3:cad>85</ns3:cad>
          </ns3:TrackPointExtension>
        </extensions>
      </trkpt>
      <trkpt lat="37.478932030498981475830078125" lon="126.95449286140501499176025390625">
        <ele>51</ele>
        <time>2026-06-01T23:32:45.000Z</time>
        <extensions>
          <ns3:TrackPointExtension>
            <ns3:hr>134</ns3:hr>
            <ns3:cad>85</ns3:cad>
          </ns3:TrackPointExtension>
        </extensions>
      </trkpt>
      <trkpt lat="37.47892356477677822113037109375" lon="126.954521946609020233154296875">
        <ele>51</ele>
        <time>2026-06-01T23:32:46.000Z</time>
        <extensions>
          <ns3:TrackPointExtension>
            <ns3:hr>133</ns3:hr>
            <ns3:cad>84</ns3:cad>
          </ns3:TrackPointExtension>
        </extensions>
      </trkpt>
      <trkpt lat="37.47890864498913288116455078125" lon="126.9545583240687847137451171875">
        <ele>51</ele>
        <time>2026-06-01T23:32:47.000Z</time>
        <extensions>
          <ns3:TrackPointExtension>
            <ns3:hr>134</ns3:hr>
            <ns3:cad>84</ns3:cad>
          </ns3:TrackPointExtension>
        </extensions>
      </trkpt>
      <trkpt lat="37.47889473102986812591552734375" lon="126.9545784406363964080810546875">
        <ele>51</ele>
        <time>2026-06-01T23:32:48.000Z</time>
        <extensions>
          <ns3:TrackPointExtension>
            <ns3:hr>134</ns3:hr>
            <ns3:cad>84</ns3:cad>
          </ns3:TrackPointExtension>
        </extensions>
      </trkpt>
      <trkpt lat="37.4788731895387172698974609375" lon="126.9546176679432392120361328125">
        <ele>51</ele>
        <time>2026-06-01T23:32:49.000Z</time>
        <extensions>
          <ns3:TrackPointExtension>
            <ns3:hr>134</ns3:hr>
            <ns3:cad>84</ns3:cad>
          </ns3:TrackPointExtension>
        </extensions>
      </trkpt>
      <trkpt lat="37.47886086814105510711669921875" lon="126.95465194992721080780029296875">
        <ele>51</ele>
        <time>2026-06-01T23:32:50.000Z</time>
        <extensions>
          <ns3:TrackPointExtension>
            <ns3:hr>135</ns3:hr>
            <ns3:cad>84</ns3:cad>
          </ns3:TrackPointExtension>
        </extensions>
      </trkpt>
      <trkpt lat="37.4788520671427249908447265625" lon="126.9546877406537532806396484375">
        <ele>51</ele>
        <time>2026-06-01T23:32:51.000Z</time>
        <extensions>
          <ns3:TrackPointExtension>
            <ns3:hr>134</ns3:hr>
            <ns3:cad>84</ns3:cad>
          </ns3:TrackPointExtension>
        </extensions>
      </trkpt>
      <trkpt lat="37.47883848845958709716796875" lon="126.9547289796173572540283203125">
        <ele>51</ele>
        <time>2026-06-01T23:32:52.000Z</time>
        <extensions>
          <ns3:TrackPointExtension>
            <ns3:hr>135</ns3:hr>
            <ns3:cad>84</ns3:cad>
          </ns3:TrackPointExtension>
        </extensions>
      </trkpt>
      <trkpt lat="37.478830106556415557861328125" lon="126.954759322106838226318359375">
        <ele>51</ele>
        <time>2026-06-01T23:32:53.000Z</time>
        <extensions>
          <ns3:TrackPointExtension>
            <ns3:hr>135</ns3:hr>
            <ns3:cad>84</ns3:cad>
          </ns3:TrackPointExtension>
        </extensions>
      </trkpt>
      <trkpt lat="37.47881946153938770294189453125" lon="126.95480450056493282318115234375">
        <ele>51</ele>
        <time>2026-06-01T23:32:54.000Z</time>
        <extensions>
          <ns3:TrackPointExtension>
            <ns3:hr>135</ns3:hr>
            <ns3:cad>84</ns3:cad>
          </ns3:TrackPointExtension>
        </extensions>
      </trkpt>
      <trkpt lat="37.478814683854579925537109375" lon="126.9548349268734455108642578125">
        <ele>51</ele>
        <time>2026-06-01T23:32:55.000Z</time>
        <extensions>
          <ns3:TrackPointExtension>
            <ns3:hr>135</ns3:hr>
            <ns3:cad>85</ns3:cad>
          </ns3:TrackPointExtension>
        </extensions>
      </trkpt>
      <trkpt lat="37.478799261152744293212890625" lon="126.9548738189041614532470703125">
        <ele>51</ele>
        <time>2026-06-01T23:32:56.000Z</time>
        <extensions>
          <ns3:TrackPointExtension>
            <ns3:hr>135</ns3:hr>
            <ns3:cad>85</ns3:cad>
          </ns3:TrackPointExtension>
        </extensions>
      </trkpt>
      <trkpt lat="37.4787783063948154449462890625" lon="126.9549083523452281951904296875">
        <ele>51</ele>
        <time>2026-06-01T23:32:57.000Z</time>
        <extensions>
          <ns3:TrackPointExtension>
            <ns3:hr>135</ns3:hr>
            <ns3:cad>84</ns3:cad>
          </ns3:TrackPointExtension>
        </extensions>
      </trkpt>
      <trkpt lat="37.478769086301326751708984375" lon="126.95493064820766448974609375">
        <ele>50.799999237060546875</ele>
        <time>2026-06-01T23:32:58.000Z</time>
        <extensions>
          <ns3:TrackPointExtension>
            <ns3:hr>136</ns3:hr>
            <ns3:cad>84</ns3:cad>
          </ns3:TrackPointExtension>
        </extensions>
      </trkpt>
      <trkpt lat="37.47875927947461605072021484375" lon="126.954966522753238677978515625">
        <ele>50.799999237060546875</ele>
        <time>2026-06-01T23:32:59.000Z</time>
        <extensions>
          <ns3:TrackPointExtension>
            <ns3:hr>135</ns3:hr>
            <ns3:cad>84</ns3:cad>
          </ns3:TrackPointExtension>
        </extensions>
      </trkpt>
      <trkpt lat="37.4787477962672710418701171875" lon="126.954995356500148773193359375">
        <ele>50.799999237060546875</ele>
        <time>2026-06-01T23:33:00.000Z</time>
        <extensions>
          <ns3:TrackPointExtension>
            <ns3:hr>135</ns3:hr>
            <ns3:cad>85</ns3:cad>
          </ns3:TrackPointExtension>
        </extensions>
      </trkpt>
      <trkpt lat="37.4787360616028308868408203125" lon="126.95504087023437023162841796875">
        <ele>50.799999237060546875</ele>
        <time>2026-06-01T23:33:01.000Z</time>
        <extensions>
          <ns3:TrackPointExtension>
            <ns3:hr>135</ns3:hr>
            <ns3:cad>85</ns3:cad>
          </ns3:TrackPointExtension>
        </extensions>
      </trkpt>
      <trkpt lat="37.47872776351869106292724609375" lon="126.955081187188625335693359375">
        <ele>50.799999237060546875</ele>
        <time>2026-06-01T23:33:02.000Z</time>
        <extensions>
          <ns3:TrackPointExtension>
            <ns3:hr>136</ns3:hr>
            <ns3:cad>85</ns3:cad>
          </ns3:TrackPointExtension>
        </extensions>
      </trkpt>
      <trkpt lat="37.47872374020516872406005859375" lon="126.95511731319129467010498046875">
        <ele>51</ele>
        <time>2026-06-01T23:33:03.000Z</time>
        <extensions>
          <ns3:TrackPointExtension>
            <ns3:hr>135</ns3:hr>
            <ns3:cad>85</ns3:cad>
          </ns3:TrackPointExtension>
        </extensions>
      </trkpt>
      <trkpt lat="37.478710748255252838134765625" lon="126.955160312354564666748046875">
        <ele>51</ele>
        <time>2026-06-01T23:33:04.000Z</time>
        <extensions>
          <ns3:TrackPointExtension>
            <ns3:hr>135</ns3:hr>
            <ns3:cad>85</ns3:cad>
          </ns3:TrackPointExtension>
        </extensions>
      </trkpt>
      <trkpt lat="37.47869490645825862884521484375" lon="126.95518638007342815399169921875">
        <ele>51.200000762939453125</ele>
        <time>2026-06-01T23:33:05.000Z</time>
        <extensions>
          <ns3:TrackPointExtension>
            <ns3:hr>135</ns3:hr>
            <ns3:cad>85</ns3:cad>
          </ns3:TrackPointExtension>
        </extensions>
      </trkpt>
      <trkpt lat="37.47867546044290065765380859375" lon="126.95522661320865154266357421875">
        <ele>51.40000152587890625</ele>
        <time>2026-06-01T23:33:06.000Z</time>
        <extensions>
          <ns3:TrackPointExtension>
            <ns3:hr>135</ns3:hr>
            <ns3:cad>85</ns3:cad>
          </ns3:TrackPointExtension>
        </extensions>
      </trkpt>
      <trkpt lat="37.47866473160684108734130859375" lon="126.955258548259735107421875">
        <ele>51.40000152587890625</ele>
        <time>2026-06-01T23:33:07.000Z</time>
        <extensions>
          <ns3:TrackPointExtension>
            <ns3:hr>135</ns3:hr>
            <ns3:cad>85</ns3:cad>
          </ns3:TrackPointExtension>
        </extensions>
      </trkpt>
      <trkpt lat="37.47866054065525531768798828125" lon="126.95529366843402385711669921875">
        <ele>51.59999847412109375</ele>
        <time>2026-06-01T23:33:08.000Z</time>
        <extensions>
          <ns3:TrackPointExtension>
            <ns3:hr>136</ns3:hr>
            <ns3:cad>84</ns3:cad>
          </ns3:TrackPointExtension>
        </extensions>
      </trkpt>
      <trkpt lat="37.478655762970447540283203125" lon="126.9553308002650737762451171875">
        <ele>51.59999847412109375</ele>
        <time>2026-06-01T23:33:09.000Z</time>
        <extensions>
          <ns3:TrackPointExtension>
            <ns3:hr>135</ns3:hr>
            <ns3:cad>84</ns3:cad>
          </ns3:TrackPointExtension>
        </extensions>
      </trkpt>
      <trkpt lat="37.4786509014666080474853515625" lon="126.9553582929074764251708984375">
        <ele>51.59999847412109375</ele>
        <time>2026-06-01T23:33:10.000Z</time>
        <extensions>
          <ns3:TrackPointExtension>
            <ns3:hr>135</ns3:hr>
            <ns3:cad>84</ns3:cad>
          </ns3:TrackPointExtension>
        </extensions>
      </trkpt>
      <trkpt lat="37.47864126227796077728271484375" lon="126.955403387546539306640625">
        <ele>51.59999847412109375</ele>
        <time>2026-06-01T23:33:11.000Z</time>
        <extensions>
          <ns3:TrackPointExtension>
            <ns3:hr>136</ns3:hr>
            <ns3:cad>84</ns3:cad>
          </ns3:TrackPointExtension>
        </extensions>
      </trkpt>
      <trkpt lat="37.478634975850582122802734375" lon="126.955435574054718017578125">
        <ele>51.799999237060546875</ele>
        <time>2026-06-01T23:33:12.000Z</time>
        <extensions>
          <ns3:TrackPointExtension>
            <ns3:hr>136</ns3:hr>
            <ns3:cad>84</ns3:cad>
          </ns3:TrackPointExtension>
        </extensions>
      </trkpt>
      <trkpt lat="37.47862952761352062225341796875" lon="126.95547111332416534423828125">
        <ele>52</ele>
        <time>2026-06-01T23:33:13.000Z</time>
        <extensions>
          <ns3:TrackPointExtension>
            <ns3:hr>136</ns3:hr>
            <ns3:cad>84</ns3:cad>
          </ns3:TrackPointExtension>
        </extensions>
      </trkpt>
      <trkpt lat="37.4786244146525859832763671875" lon="126.95550866425037384033203125">
        <ele>52.200000762939453125</ele>
        <time>2026-06-01T23:33:14.000Z</time>
        <extensions>
          <ns3:TrackPointExtension>
            <ns3:hr>137</ns3:hr>
            <ns3:cad>84</ns3:cad>
          </ns3:TrackPointExtension>
        </extensions>
      </trkpt>
      <trkpt lat="37.47862533666193485260009765625" lon="126.9555343128740787506103515625">
        <ele>52.40000152587890625</ele>
        <time>2026-06-01T23:33:15.000Z</time>
        <extensions>
          <ns3:TrackPointExtension>
            <ns3:hr>137</ns3:hr>
            <ns3:cad>85</ns3:cad>
          </ns3:TrackPointExtension>
        </extensions>
      </trkpt>
      <trkpt lat="37.47861192561686038970947265625" lon="126.95557898841798305511474609375">
        <ele>52.40000152587890625</ele>
        <time>2026-06-01T23:33:16.000Z</time>
        <extensions>
          <ns3:TrackPointExtension>
            <ns3:hr>137</ns3:hr>
            <ns3:cad>85</ns3:cad>
          </ns3:TrackPointExtension>
        </extensions>
      </trkpt>
      <trkpt lat="37.47859985567629337310791015625" lon="126.95560145191848278045654296875">
        <ele>52.40000152587890625</ele>
        <time>2026-06-01T23:33:17.000Z</time>
        <extensions>
          <ns3:TrackPointExtension>
            <ns3:hr>138</ns3:hr>
            <ns3:cad>84</ns3:cad>
          </ns3:TrackPointExtension>
        </extensions>
      </trkpt>
      <trkpt lat="37.4785908870398998260498046875" lon="126.9556392543017864227294921875">
        <ele>52.40000152587890625</ele>
        <time>2026-06-01T23:33:18.000Z</time>
        <extensions>
          <ns3:TrackPointExtension>
            <ns3:hr>138</ns3:hr>
            <ns3:cad>84</ns3:cad>
          </ns3:TrackPointExtension>
        </extensions>
      </trkpt>
      <trkpt lat="37.4785825051367282867431640625" lon="126.9556768052279949188232421875">
        <ele>52.200000762939453125</ele>
        <time>2026-06-01T23:33:19.000Z</time>
        <extensions>
          <ns3:TrackPointExtension>
            <ns3:hr>138</ns3:hr>
            <ns3:cad>84</ns3:cad>
          </ns3:TrackPointExtension>
        </extensions>
      </trkpt>
      <trkpt lat="37.478576637804508209228515625" lon="126.95570924319326877593994140625">
        <ele>52.200000762939453125</ele>
        <time>2026-06-01T23:33:20.000Z</time>
        <extensions>
          <ns3:TrackPointExtension>
            <ns3:hr>139</ns3:hr>
            <ns3:cad>84</ns3:cad>
          </ns3:TrackPointExtension>
        </extensions>
      </trkpt>
      <trkpt lat="37.4785700999200344085693359375" lon="126.95574863813817501068115234375">
        <ele>52.200000762939453125</ele>
        <time>2026-06-01T23:33:21.000Z</time>
        <extensions>
          <ns3:TrackPointExtension>
            <ns3:hr>139</ns3:hr>
            <ns3:cad>85</ns3:cad>
          </ns3:TrackPointExtension>
        </extensions>
      </trkpt>
      <trkpt lat="37.47856616042554378509521484375" lon="126.95577596314251422882080078125">
        <ele>52.200000762939453125</ele>
        <time>2026-06-01T23:33:22.000Z</time>
        <extensions>
          <ns3:TrackPointExtension>
            <ns3:hr>139</ns3:hr>
            <ns3:cad>85</ns3:cad>
          </ns3:TrackPointExtension>
        </extensions>
      </trkpt>
      <trkpt lat="37.47855543158948421478271484375" lon="126.955825500190258026123046875">
        <ele>52.200000762939453125</ele>
        <time>2026-06-01T23:33:23.000Z</time>
        <extensions>
          <ns3:TrackPointExtension>
            <ns3:hr>140</ns3:hr>
            <ns3:cad>85</ns3:cad>
          </ns3:TrackPointExtension>
        </extensions>
      </trkpt>
      <trkpt lat="37.47855090536177158355712890625" lon="126.9558632187545299530029296875">
        <ele>52.200000762939453125</ele>
        <time>2026-06-01T23:33:24.000Z</time>
        <extensions>
          <ns3:TrackPointExtension>
            <ns3:hr>140</ns3:hr>
            <ns3:cad>85</ns3:cad>
          </ns3:TrackPointExtension>
        </extensions>
      </trkpt>
      <trkpt lat="37.47854637913405895233154296875" lon="126.95590571500360965728759765625">
        <ele>52.200000762939453125</ele>
        <time>2026-06-01T23:33:25.000Z</time>
        <extensions>
          <ns3:TrackPointExtension>
            <ns3:hr>140</ns3:hr>
            <ns3:cad>85</ns3:cad>
          </ns3:TrackPointExtension>
        </extensions>
      </trkpt>
      <trkpt lat="37.47853967361152172088623046875" lon="126.95594108663499355316162109375">
        <ele>52.200000762939453125</ele>
        <time>2026-06-01T23:33:26.000Z</time>
        <extensions>
          <ns3:TrackPointExtension>
            <ns3:hr>140</ns3:hr>
            <ns3:cad>85</ns3:cad>
          </ns3:TrackPointExtension>
        </extensions>
      </trkpt>
      <trkpt lat="37.47853866778314113616943359375" lon="126.95596824400126934051513671875">
        <ele>52.200000762939453125</ele>
        <time>2026-06-01T23:33:27.000Z</time>
        <extensions>
          <ns3:TrackPointExtension>
            <ns3:hr>140</ns3:hr>
            <ns3:cad>85</ns3:cad>
          </ns3:TrackPointExtension>
        </extensions>
      </trkpt>
      <trkpt lat="37.4785213172435760498046875" lon="126.95601157844066619873046875">
        <ele>52.200000762939453125</ele>
        <time>2026-06-01T23:33:28.000Z</time>
        <extensions>
          <ns3:TrackPointExtension>
            <ns3:hr>141</ns3:hr>
            <ns3:cad>85</ns3:cad>
          </ns3:TrackPointExtension>
        </extensions>
      </trkpt>
      <trkpt lat="37.4785110913217067718505859375" lon="126.9560375623404979705810546875">
        <ele>52.200000762939453125</ele>
        <time>2026-06-01T23:33:29.000Z</time>
        <extensions>
          <ns3:TrackPointExtension>
            <ns3:hr>141</ns3:hr>
            <ns3:cad>85</ns3:cad>
          </ns3:TrackPointExtension>
        </extensions>
      </trkpt>
      <trkpt lat="37.47850178740918636322021484375" lon="126.95607854984700679779052734375">
        <ele>52.200000762939453125</ele>
        <time>2026-06-01T23:33:30.000Z</time>
        <extensions>
          <ns3:TrackPointExtension>
            <ns3:hr>141</ns3:hr>
            <ns3:cad>84</ns3:cad>
          </ns3:TrackPointExtension>
        </extensions>
      </trkpt>
      <trkpt lat="37.4784944951534271240234375" lon="126.9561093114316463470458984375">
        <ele>52.40000152587890625</ele>
        <time>2026-06-01T23:33:31.000Z</time>
        <extensions>
          <ns3:TrackPointExtension>
            <ns3:hr>142</ns3:hr>
            <ns3:cad>84</ns3:cad>
          </ns3:TrackPointExtension>
        </extensions>
      </trkpt>
      <trkpt lat="37.47848787344992160797119140625" lon="126.956143677234649658203125">
        <ele>52.40000152587890625</ele>
        <time>2026-06-01T23:33:32.000Z</time>
        <extensions>
          <ns3:TrackPointExtension>
            <ns3:hr>142</ns3:hr>
            <ns3:cad>84</ns3:cad>
          </ns3:TrackPointExtension>
        </extensions>
      </trkpt>
      <trkpt lat="37.47847245074808597564697265625" lon="126.9561850838363170623779296875">
        <ele>52.59999847412109375</ele>
        <time>2026-06-01T23:33:33.000Z</time>
        <extensions>
          <ns3:TrackPointExtension>
            <ns3:hr>143</ns3:hr>
            <ns3:cad>86</ns3:cad>
          </ns3:TrackPointExtension>
        </extensions>
      </trkpt>
      <trkpt lat="37.47845769859850406646728515625" lon="126.95621383376419544219970703125">
        <ele>52.59999847412109375</ele>
        <time>2026-06-01T23:33:34.000Z</time>
        <extensions>
          <ns3:TrackPointExtension>
            <ns3:hr>143</ns3:hr>
            <ns3:cad>86</ns3:cad>
          </ns3:TrackPointExtension>
        </extensions>
      </trkpt>
      <trkpt lat="37.4784416891634464263916015625" lon="126.95624920539557933807373046875">
        <ele>52.59999847412109375</ele>
        <time>2026-06-01T23:33:35.000Z</time>
        <extensions>
          <ns3:TrackPointExtension>
            <ns3:hr>143</ns3:hr>
            <ns3:cad>86</ns3:cad>
          </ns3:TrackPointExtension>
        </extensions>
      </trkpt>
      <trkpt lat="37.4784296192228794097900390625" lon="126.95627619512379169464111328125">
        <ele>52.59999847412109375</ele>
        <time>2026-06-01T23:33:36.000Z</time>
        <extensions>
          <ns3:TrackPointExtension>
            <ns3:hr>144</ns3:hr>
            <ns3:cad>85</ns3:cad>
          </ns3:TrackPointExtension>
        </extensions>
      </trkpt>
      <trkpt lat="37.4784155376255512237548828125" lon="126.95631491951644420623779296875">
        <ele>52.59999847412109375</ele>
        <time>2026-06-01T23:33:37.000Z</time>
        <extensions>
          <ns3:TrackPointExtension>
            <ns3:hr>144</ns3:hr>
            <ns3:cad>85</ns3:cad>
          </ns3:TrackPointExtension>
        </extensions>
      </trkpt>
      <trkpt lat="37.478404976427555084228515625" lon="126.95635347627103328704833984375">
        <ele>52.59999847412109375</ele>
        <time>2026-06-01T23:33:38.000Z</time>
        <extensions>
          <ns3:TrackPointExtension>
            <ns3:hr>144</ns3:hr>
            <ns3:cad>85</ns3:cad>
          </ns3:TrackPointExtension>
        </extensions>
      </trkpt>
      <trkpt lat="37.4783994443714618682861328125" lon="126.956386752426624298095703125">
        <ele>52.59999847412109375</ele>
        <time>2026-06-01T23:33:39.000Z</time>
        <extensions>
          <ns3:TrackPointExtension>
            <ns3:hr>144</ns3:hr>
            <ns3:cad>85</ns3:cad>
          </ns3:TrackPointExtension>
        </extensions>
      </trkpt>
      <trkpt lat="37.47838712297379970550537109375" lon="126.95643058978021144866943359375">
        <ele>52.59999847412109375</ele>
        <time>2026-06-01T23:33:40.000Z</time>
        <extensions>
          <ns3:TrackPointExtension>
            <ns3:hr>144</ns3:hr>
            <ns3:cad>85</ns3:cad>
          </ns3:TrackPointExtension>
        </extensions>
      </trkpt>
      <trkpt lat="37.47838695533573627471923828125" lon="126.95645741187036037445068359375">
        <ele>52.59999847412109375</ele>
        <time>2026-06-01T23:33:41.000Z</time>
        <extensions>
          <ns3:TrackPointExtension>
            <ns3:hr>144</ns3:hr>
            <ns3:cad>85</ns3:cad>
          </ns3:TrackPointExtension>
        </extensions>
      </trkpt>
      <trkpt lat="37.47837455011904239654541015625" lon="126.95650083012878894805908203125">
        <ele>52.59999847412109375</ele>
        <time>2026-06-01T23:33:42.000Z</time>
        <extensions>
          <ns3:TrackPointExtension>
            <ns3:hr>144</ns3:hr>
            <ns3:cad>85</ns3:cad>
          </ns3:TrackPointExtension>
        </extensions>
      </trkpt>
      <trkpt lat="37.47837119735777378082275390625" lon="126.9565263949334621429443359375">
        <ele>52.59999847412109375</ele>
        <time>2026-06-01T23:33:43.000Z</time>
        <extensions>
          <ns3:TrackPointExtension>
            <ns3:hr>144</ns3:hr>
            <ns3:cad>85</ns3:cad>
          </ns3:TrackPointExtension>
        </extensions>
      </trkpt>
      <trkpt lat="37.4783625639975070953369140625" lon="126.95656285621225833892822265625">
        <ele>52.59999847412109375</ele>
        <time>2026-06-01T23:33:44.000Z</time>
        <extensions>
          <ns3:TrackPointExtension>
            <ns3:hr>144</ns3:hr>
            <ns3:cad>85</ns3:cad>
          </ns3:TrackPointExtension>
        </extensions>
      </trkpt>
      <trkpt lat="37.4783571995794773101806640625" lon="126.9565978087484836578369140625">
        <ele>52.59999847412109375</ele>
        <time>2026-06-01T23:33:45.000Z</time>
        <extensions>
          <ns3:TrackPointExtension>
            <ns3:hr>144</ns3:hr>
            <ns3:cad>85</ns3:cad>
          </ns3:TrackPointExtension>
        </extensions>
      </trkpt>
      <trkpt lat="37.4783518351614475250244140625" lon="126.9566239602863788604736328125">
        <ele>52.59999847412109375</ele>
        <time>2026-06-01T23:33:46.000Z</time>
        <extensions>
          <ns3:TrackPointExtension>
            <ns3:hr>144</ns3:hr>
            <ns3:cad>85</ns3:cad>
          </ns3:TrackPointExtension>
        </extensions>
      </trkpt>
      <trkpt lat="37.4783404357731342315673828125" lon="126.95666964165866374969482421875">
        <ele>52.799999237060546875</ele>
        <time>2026-06-01T23:33:47.000Z</time>
        <extensions>
          <ns3:TrackPointExtension>
            <ns3:hr>144</ns3:hr>
            <ns3:cad>85</ns3:cad>
          </ns3:TrackPointExtension>
        </extensions>
      </trkpt>
      <trkpt lat="37.47832995839416980743408203125" lon="126.9566963799297809600830078125">
        <ele>52.59999847412109375</ele>
        <time>2026-06-01T23:33:48.000Z</time>
        <extensions>
          <ns3:TrackPointExtension>
            <ns3:hr>144</ns3:hr>
            <ns3:cad>85</ns3:cad>
          </ns3:TrackPointExtension>
        </extensions>
      </trkpt>
      <trkpt lat="37.4783149547874927520751953125" lon="126.95673418231308460235595703125">
        <ele>52.59999847412109375</ele>
        <time>2026-06-01T23:33:49.000Z</time>
        <extensions>
          <ns3:TrackPointExtension>
            <ns3:hr>144</ns3:hr>
            <ns3:cad>85</ns3:cad>
          </ns3:TrackPointExtension>
        </extensions>
      </trkpt>
      <trkpt lat="37.47830665670335292816162109375" lon="126.9567701406776905059814453125">
        <ele>52.799999237060546875</ele>
        <time>2026-06-01T23:33:50.000Z</time>
        <extensions>
          <ns3:TrackPointExtension>
            <ns3:hr>143</ns3:hr>
            <ns3:cad>85</ns3:cad>
          </ns3:TrackPointExtension>
        </extensions>
      </trkpt>
      <trkpt lat="37.478301040828227996826171875" lon="126.95680861361324787139892578125">
        <ele>52.799999237060546875</ele>
        <time>2026-06-01T23:33:51.000Z</time>
        <extensions>
          <ns3:TrackPointExtension>
            <ns3:hr>143</ns3:hr>
            <ns3:cad>85</ns3:cad>
          </ns3:TrackPointExtension>
        </extensions>
      </trkpt>
      <trkpt lat="37.47829257510602474212646484375" lon="126.95684985257685184478759765625">
        <ele>53</ele>
        <time>2026-06-01T23:33:52.000Z</time>
        <extensions>
          <ns3:TrackPointExtension>
            <ns3:hr>144</ns3:hr>
            <ns3:cad>85</ns3:cad>
          </ns3:TrackPointExtension>
        </extensions>
      </trkpt>
      <trkpt lat="37.47828536666929721832275390625" lon="126.95687617175281047821044921875">
        <ele>53.200000762939453125</ele>
        <time>2026-06-01T23:33:53.000Z</time>
        <extensions>
          <ns3:TrackPointExtension>
            <ns3:hr>144</ns3:hr>
            <ns3:cad>85</ns3:cad>
          </ns3:TrackPointExtension>
        </extensions>
      </trkpt>
      <trkpt lat="37.478282935917377471923828125" lon="126.95690651424229145050048828125">
        <ele>53.200000762939453125</ele>
        <time>2026-06-01T23:33:54.000Z</time>
        <extensions>
          <ns3:TrackPointExtension>
            <ns3:hr>144</ns3:hr>
            <ns3:cad>85</ns3:cad>
          </ns3:TrackPointExtension>
        </extensions>
      </trkpt>
      <trkpt lat="37.47827044688165187835693359375" lon="126.95693668909370899200439453125">
        <ele>53.200000762939453125</ele>
        <time>2026-06-01T23:33:55.000Z</time>
        <extensions>
          <ns3:TrackPointExtension>
            <ns3:hr>144</ns3:hr>
            <ns3:cad>85</ns3:cad>
          </ns3:TrackPointExtension>
        </extensions>
      </trkpt>
      <trkpt lat="37.47825913131237030029296875" lon="126.9569770060479640960693359375">
        <ele>53.200000762939453125</ele>
        <time>2026-06-01T23:33:56.000Z</time>
        <extensions>
          <ns3:TrackPointExtension>
            <ns3:hr>143</ns3:hr>
            <ns3:cad>85</ns3:cad>
          </ns3:TrackPointExtension>
        </extensions>
      </trkpt>
      <trkpt lat="37.47823826037347316741943359375" lon="126.9570128805935382843017578125">
        <ele>53.200000762939453125</ele>
        <time>2026-06-01T23:33:57.000Z</time>
        <extensions>
          <ns3:TrackPointExtension>
            <ns3:hr>143</ns3:hr>
            <ns3:cad>85</ns3:cad>
          </ns3:TrackPointExtension>
        </extensions>
      </trkpt>
      <trkpt lat="37.47822585515677928924560546875" lon="126.95705051533877849578857421875">
        <ele>53</ele>
        <time>2026-06-01T23:33:58.000Z</time>
        <extensions>
          <ns3:TrackPointExtension>
            <ns3:hr>143</ns3:hr>
            <ns3:cad>85</ns3:cad>
          </ns3:TrackPointExtension>
        </extensions>
      </trkpt>
      <trkpt lat="37.47820691205561161041259765625" lon="126.95708605460822582244873046875">
        <ele>53</ele>
        <time>2026-06-01T23:33:59.000Z</time>
        <extensions>
          <ns3:TrackPointExtension>
            <ns3:hr>143</ns3:hr>
            <ns3:cad>85</ns3:cad>
          </ns3:TrackPointExtension>
        </extensions>
      </trkpt>
      <trkpt lat="37.478201128542423248291015625" lon="126.95711237378418445587158203125">
        <ele>53</ele>
        <time>2026-06-01T23:34:00.000Z</time>
        <extensions>
          <ns3:TrackPointExtension>
            <ns3:hr>143</ns3:hr>
            <ns3:cad>85</ns3:cad>
          </ns3:TrackPointExtension>
        </extensions>
      </trkpt>
      <trkpt lat="37.4781852029263973236083984375" lon="126.9571476615965366363525390625">
        <ele>53</ele>
        <time>2026-06-01T23:34:01.000Z</time>
        <extensions>
          <ns3:TrackPointExtension>
            <ns3:hr>143</ns3:hr>
            <ns3:cad>85</ns3:cad>
          </ns3:TrackPointExtension>
        </extensions>
      </trkpt>
      <trkpt lat="37.47817103751003742218017578125" lon="126.95717691443860530853271484375">
        <ele>53</ele>
        <time>2026-06-01T23:34:02.000Z</time>
        <extensions>
          <ns3:TrackPointExtension>
            <ns3:hr>143</ns3:hr>
            <ns3:cad>85</ns3:cad>
          </ns3:TrackPointExtension>
        </extensions>
      </trkpt>
      <trkpt lat="37.478160895407199859619140625" lon="126.95721111260354518890380859375">
        <ele>53.200000762939453125</ele>
        <time>2026-06-01T23:34:03.000Z</time>
        <extensions>
          <ns3:TrackPointExtension>
            <ns3:hr>144</ns3:hr>
            <ns3:cad>85</ns3:cad>
          </ns3:TrackPointExtension>
        </extensions>
      </trkpt>
      <trkpt lat="37.47814706526696681976318359375" lon="126.9572475738823413848876953125">
        <ele>53.200000762939453125</ele>
        <time>2026-06-01T23:34:04.000Z</time>
        <extensions>
          <ns3:TrackPointExtension>
            <ns3:hr>144</ns3:hr>
            <ns3:cad>85</ns3:cad>
          </ns3:TrackPointExtension>
        </extensions>
      </trkpt>
      <trkpt lat="37.47814320959150791168212890625" lon="126.9572733901441097259521484375">
        <ele>53.200000762939453125</ele>
        <time>2026-06-01T23:34:05.000Z</time>
        <extensions>
          <ns3:TrackPointExtension>
            <ns3:hr>144</ns3:hr>
            <ns3:cad>85</ns3:cad>
          </ns3:TrackPointExtension>
        </extensions>
      </trkpt>
      <trkpt lat="37.478128373622894287109375" lon="126.95731203071773052215576171875">
        <ele>53.200000762939453125</ele>
        <time>2026-06-01T23:34:06.000Z</time>
        <extensions>
          <ns3:TrackPointExtension>
            <ns3:hr>144</ns3:hr>
            <ns3:cad>85</ns3:cad>
          </ns3:TrackPointExtension>
        </extensions>
      </trkpt>
      <trkpt lat="37.47811672277748584747314453125" lon="126.95733751170337200164794921875">
        <ele>53.200000762939453125</ele>
        <time>2026-06-01T23:34:07.000Z</time>
        <extensions>
          <ns3:TrackPointExtension>
            <ns3:hr>144</ns3:hr>
            <ns3:cad>84</ns3:cad>
          </ns3:TrackPointExtension>
        </extensions>
      </trkpt>
      <trkpt lat="37.47810146771371364593505859375" lon="126.9573743082582950592041015625">
        <ele>53.200000762939453125</ele>
        <time>2026-06-01T23:34:08.000Z</time>
        <extensions>
          <ns3:TrackPointExtension>
            <ns3:hr>144</ns3:hr>
            <ns3:cad>84</ns3:cad>
          </ns3:TrackPointExtension>
        </extensions>
      </trkpt>
      <trkpt lat="37.47808746993541717529296875" lon="126.957416720688343048095703125">
        <ele>53.40000152587890625</ele>
        <time>2026-06-01T23:34:09.000Z</time>
        <extensions>
          <ns3:TrackPointExtension>
            <ns3:hr>144</ns3:hr>
            <ns3:cad>84</ns3:cad>
          </ns3:TrackPointExtension>
        </extensions>
      </trkpt>
      <trkpt lat="37.478079758584499359130859375" lon="126.9574470631778240203857421875">
        <ele>53.40000152587890625</ele>
        <time>2026-06-01T23:34:10.000Z</time>
        <extensions>
          <ns3:TrackPointExtension>
            <ns3:hr>144</ns3:hr>
            <ns3:cad>84</ns3:cad>
          </ns3:TrackPointExtension>
        </extensions>
      </trkpt>
      <trkpt lat="37.478066347539424896240234375" lon="126.957485117018222808837890625">
        <ele>53.40000152587890625</ele>
        <time>2026-06-01T23:34:11.000Z</time>
        <extensions>
          <ns3:TrackPointExtension>
            <ns3:hr>144</ns3:hr>
            <ns3:cad>85</ns3:cad>
          </ns3:TrackPointExtension>
        </extensions>
      </trkpt>
      <trkpt lat="37.47806224040687084197998046875" lon="126.95751051418483257293701171875">
        <ele>53.40000152587890625</ele>
        <time>2026-06-01T23:34:12.000Z</time>
        <extensions>
          <ns3:TrackPointExtension>
            <ns3:hr>144</ns3:hr>
            <ns3:cad>85</ns3:cad>
          </ns3:TrackPointExtension>
        </extensions>
      </trkpt>
      <trkpt lat="37.47805050574243068695068359375" lon="126.95754538290202617645263671875">
        <ele>53.40000152587890625</ele>
        <time>2026-06-01T23:34:13.000Z</time>
        <extensions>
          <ns3:TrackPointExtension>
            <ns3:hr>144</ns3:hr>
            <ns3:cad>85</ns3:cad>
          </ns3:TrackPointExtension>
        </extensions>
      </trkpt>
      <trkpt lat="37.4780383519828319549560546875" lon="126.957577653229236602783203125">
        <ele>53.40000152587890625</ele>
        <time>2026-06-01T23:34:14.000Z</time>
        <extensions>
          <ns3:TrackPointExtension>
            <ns3:hr>144</ns3:hr>
            <ns3:cad>85</ns3:cad>
          </ns3:TrackPointExtension>
        </extensions>
      </trkpt>
      <trkpt lat="37.478029467165470123291015625" lon="126.957605145871639251708984375">
        <ele>53.59999847412109375</ele>
        <time>2026-06-01T23:34:15.000Z</time>
        <extensions>
          <ns3:TrackPointExtension>
            <ns3:hr>144</ns3:hr>
            <ns3:cad>84</ns3:cad>
          </ns3:TrackPointExtension>
        </extensions>
      </trkpt>
      <trkpt lat="37.47801563702523708343505859375" lon="126.957643367350101470947265625">
        <ele>53.59999847412109375</ele>
        <time>2026-06-01T23:34:16.000Z</time>
        <extensions>
          <ns3:TrackPointExtension>
            <ns3:hr>144</ns3:hr>
            <ns3:cad>84</ns3:cad>
          </ns3:TrackPointExtension>
        </extensions>
      </trkpt>
      <trkpt lat="37.47800792567431926727294921875" lon="126.9576663337647914886474609375">
        <ele>53.59999847412109375</ele>
        <time>2026-06-01T23:34:17.000Z</time>
        <extensions>
          <ns3:TrackPointExtension>
            <ns3:hr>144</ns3:hr>
            <ns3:cad>84</ns3:cad>
          </ns3:TrackPointExtension>
        </extensions>
      </trkpt>
      <trkpt lat="37.4779894016683101654052734375" lon="126.9577089138329029083251953125">
        <ele>53.59999847412109375</ele>
        <time>2026-06-01T23:34:18.000Z</time>
        <extensions>
          <ns3:TrackPointExtension>
            <ns3:hr>144</ns3:hr>
            <ns3:cad>84</ns3:cad>
          </ns3:TrackPointExtension>
        </extensions>
      </trkpt>
      <trkpt lat="37.477974481880664825439453125" lon="126.95773481391370296478271484375">
        <ele>53.799999237060546875</ele>
        <time>2026-06-01T23:34:19.000Z</time>
        <extensions>
          <ns3:TrackPointExtension>
            <ns3:hr>144</ns3:hr>
            <ns3:cad>84</ns3:cad>
          </ns3:TrackPointExtension>
        </extensions>
      </trkpt>
      <trkpt lat="37.47796249575912952423095703125" lon="126.95776901207864284515380859375">
        <ele>53.59999847412109375</ele>
        <time>2026-06-01T23:34:20.000Z</time>
        <extensions>
          <ns3:TrackPointExtension>
            <ns3:hr>144</ns3:hr>
            <ns3:cad>85</ns3:cad>
          </ns3:TrackPointExtension>
        </extensions>
      </trkpt>
      <trkpt lat="37.477945983409881591796875" lon="126.95780061185359954833984375">
        <ele>53.59999847412109375</ele>
        <time>2026-06-01T23:34:21.000Z</time>
        <extensions>
          <ns3:TrackPointExtension>
            <ns3:hr>144</ns3:hr>
            <ns3:cad>85</ns3:cad>
          </ns3:TrackPointExtension>
        </extensions>
      </trkpt>
      <trkpt lat="37.477934919297695159912109375" lon="126.95782500319182872772216796875">
        <ele>53.59999847412109375</ele>
        <time>2026-06-01T23:34:22.000Z</time>
        <extensions>
          <ns3:TrackPointExtension>
            <ns3:hr>143</ns3:hr>
            <ns3:cad>85</ns3:cad>
          </ns3:TrackPointExtension>
        </extensions>
      </trkpt>
      <trkpt lat="37.4779226817190647125244140625" lon="126.957861296832561492919921875">
        <ele>53.799999237060546875</ele>
        <time>2026-06-01T23:34:23.000Z</time>
        <extensions>
          <ns3:TrackPointExtension>
            <ns3:hr>144</ns3:hr>
            <ns3:cad>85</ns3:cad>
          </ns3:TrackPointExtension>
        </extensions>
      </trkpt>
      <trkpt lat="37.47791706584393978118896484375" lon="126.95787831209599971771240234375">
        <ele>53.799999237060546875</ele>
        <time>2026-06-01T23:34:24.000Z</time>
        <extensions>
          <ns3:TrackPointExtension>
            <ns3:hr>144</ns3:hr>
            <ns3:cad>85</ns3:cad>
          </ns3:TrackPointExtension>
        </extensions>
      </trkpt>
      <trkpt lat="37.47790130786597728729248046875" lon="126.95790681056678295135498046875">
        <ele>53.799999237060546875</ele>
        <time>2026-06-01T23:34:25.000Z</time>
        <extensions>
          <ns3:TrackPointExtension>
            <ns3:hr>144</ns3:hr>
            <ns3:cad>85</ns3:cad>
          </ns3:TrackPointExtension>
        </extensions>
      </trkpt>
      <trkpt lat="37.47788806445896625518798828125" lon="126.9579295255243778228759765625">
        <ele>54</ele>
        <time>2026-06-01T23:34:26.000Z</time>
        <extensions>
          <ns3:TrackPointExtension>
            <ns3:hr>144</ns3:hr>
            <ns3:cad>86</ns3:cad>
          </ns3:TrackPointExtension>
        </extensions>
      </trkpt>
      <trkpt lat="37.47787213884294033050537109375" lon="126.95796246640384197235107421875">
        <ele>54</ele>
        <time>2026-06-01T23:34:27.000Z</time>
        <extensions>
          <ns3:TrackPointExtension>
            <ns3:hr>144</ns3:hr>
            <ns3:cad>86</ns3:cad>
          </ns3:TrackPointExtension>
        </extensions>
      </trkpt>
      <trkpt lat="37.47785872779786586761474609375" lon="126.95799968205392360687255859375">
        <ele>53.799999237060546875</ele>
        <time>2026-06-01T23:34:28.000Z</time>
        <extensions>
          <ns3:TrackPointExtension>
            <ns3:hr>144</ns3:hr>
            <ns3:cad>86</ns3:cad>
          </ns3:TrackPointExtension>
        </extensions>
      </trkpt>
      <trkpt lat="37.4778507649898529052734375" lon="126.9580332934856414794921875">
        <ele>54</ele>
        <time>2026-06-01T23:34:29.000Z</time>
        <extensions>
          <ns3:TrackPointExtension>
            <ns3:hr>144</ns3:hr>
            <ns3:cad>85</ns3:cad>
          </ns3:TrackPointExtension>
        </extensions>
      </trkpt>
      <trkpt lat="37.47783534228801727294921875" lon="126.9580787234008312225341796875">
        <ele>54</ele>
        <time>2026-06-01T23:34:30.000Z</time>
        <extensions>
          <ns3:TrackPointExtension>
            <ns3:hr>144</ns3:hr>
            <ns3:cad>85</ns3:cad>
          </ns3:TrackPointExtension>
        </extensions>
      </trkpt>
      <trkpt lat="37.4778348393738269805908203125" lon="126.95809825323522090911865234375">
        <ele>53.799999237060546875</ele>
        <time>2026-06-01T23:34:31.000Z</time>
        <extensions>
          <ns3:TrackPointExtension>
            <ns3:hr>144</ns3:hr>
            <ns3:cad>85</ns3:cad>
          </ns3:TrackPointExtension>
        </extensions>
      </trkpt>
      <trkpt lat="37.47782134450972080230712890625" lon="126.95813915692269802093505859375">
        <ele>53.799999237060546875</ele>
        <time>2026-06-01T23:34:32.000Z</time>
        <extensions>
          <ns3:TrackPointExtension>
            <ns3:hr>144</ns3:hr>
            <ns3:cad>85</ns3:cad>
          </ns3:TrackPointExtension>
        </extensions>
      </trkpt>
      <trkpt lat="37.477813549339771270751953125" lon="126.95817343890666961669921875">
        <ele>54</ele>
        <time>2026-06-01T23:34:33.000Z</time>
        <extensions>
          <ns3:TrackPointExtension>
            <ns3:hr>144</ns3:hr>
            <ns3:cad>85</ns3:cad>
          </ns3:TrackPointExtension>
        </extensions>
      </trkpt>
      <trkpt lat="37.47780038975179195404052734375" lon="126.9582118280231952667236328125">
        <ele>53.799999237060546875</ele>
        <time>2026-06-01T23:34:34.000Z</time>
        <extensions>
          <ns3:TrackPointExtension>
            <ns3:hr>144</ns3:hr>
            <ns3:cad>85</ns3:cad>
          </ns3:TrackPointExtension>
        </extensions>
      </trkpt>
      <trkpt lat="37.4777810275554656982421875" lon="126.95824761874973773956298828125">
        <ele>53.799999237060546875</ele>
        <time>2026-06-01T23:34:35.000Z</time>
        <extensions>
          <ns3:TrackPointExtension>
            <ns3:hr>143</ns3:hr>
            <ns3:cad>85</ns3:cad>
          </ns3:TrackPointExtension>
        </extensions>
      </trkpt>
      <trkpt lat="37.4777637608349323272705078125" lon="126.958275698125362396240234375">
        <ele>53.799999237060546875</ele>
        <time>2026-06-01T23:34:36.000Z</time>
        <extensions>
          <ns3:TrackPointExtension>
            <ns3:hr>143</ns3:hr>
            <ns3:cad>85</ns3:cad>
          </ns3:TrackPointExtension>
        </extensions>
      </trkpt>
      <trkpt lat="37.477722354233264923095703125" lon="126.95829137228429317474365234375">
        <ele>53.799999237060546875</ele>
        <time>2026-06-01T23:34:37.000Z</time>
        <extensions>
          <ns3:TrackPointExtension>
            <ns3:hr>143</ns3:hr>
            <ns3:cad>86</ns3:cad>
          </ns3:TrackPointExtension>
        </extensions>
      </trkpt>
      <trkpt lat="37.47769360430538654327392578125" lon="126.95829816162586212158203125">
        <ele>53.799999237060546875</ele>
        <time>2026-06-01T23:34:38.000Z</time>
        <extensions>
          <ns3:TrackPointExtension>
            <ns3:hr>143</ns3:hr>
            <ns3:cad>86</ns3:cad>
          </ns3:TrackPointExtension>
        </extensions>
      </trkpt>
      <trkpt lat="37.477664686739444732666015625" lon="126.958307214081287384033203125">
        <ele>54</ele>
        <time>2026-06-01T23:34:39.000Z</time>
        <extensions>
          <ns3:TrackPointExtension>
            <ns3:hr>142</ns3:hr>
            <ns3:cad>85</ns3:cad>
          </ns3:TrackPointExtension>
        </extensions>
      </trkpt>
      <trkpt lat="37.4776360206305980682373046875" lon="126.95832540281116962432861328125">
        <ele>54</ele>
        <time>2026-06-01T23:34:40.000Z</time>
        <extensions>
          <ns3:TrackPointExtension>
            <ns3:hr>142</ns3:hr>
            <ns3:cad>85</ns3:cad>
          </ns3:TrackPointExtension>
        </extensions>
      </trkpt>
      <trkpt lat="37.47761665843427181243896484375" lon="126.95834049023687839508056640625">
        <ele>54.200000762939453125</ele>
        <time>2026-06-01T23:34:41.000Z</time>
        <extensions>
          <ns3:TrackPointExtension>
            <ns3:hr>142</ns3:hr>
            <ns3:cad>85</ns3:cad>
          </ns3:TrackPointExtension>
        </extensions>
      </trkpt>
      <trkpt lat="37.4775840528309345245361328125" lon="126.95835473947227001190185546875">
        <ele>54.200000762939453125</ele>
        <time>2026-06-01T23:34:42.000Z</time>
        <extensions>
          <ns3:TrackPointExtension>
            <ns3:hr>142</ns3:hr>
            <ns3:cad>86</ns3:cad>
          </ns3:TrackPointExtension>
        </extensions>
      </trkpt>
      <trkpt lat="37.47756301425397396087646484375" lon="126.95836228318512439727783203125">
        <ele>54.40000152587890625</ele>
        <time>2026-06-01T23:34:43.000Z</time>
        <extensions>
          <ns3:TrackPointExtension>
            <ns3:hr>142</ns3:hr>
            <ns3:cad>86</ns3:cad>
          </ns3:TrackPointExtension>
        </extensions>
      </trkpt>
      <trkpt lat="37.47753091156482696533203125" lon="126.95837116800248622894287109375">
        <ele>54.40000152587890625</ele>
        <time>2026-06-01T23:34:44.000Z</time>
        <extensions>
          <ns3:TrackPointExtension>
            <ns3:hr>143</ns3:hr>
            <ns3:cad>86</ns3:cad>
          </ns3:TrackPointExtension>
        </extensions>
      </trkpt>
      <trkpt lat="37.47750450856983661651611328125" lon="126.95838189683854579925537109375">
        <ele>54.40000152587890625</ele>
        <time>2026-06-01T23:34:45.000Z</time>
        <extensions>
          <ns3:TrackPointExtension>
            <ns3:hr>142</ns3:hr>
            <ns3:cad>85</ns3:cad>
          </ns3:TrackPointExtension>
        </extensions>
      </trkpt>
      <trkpt lat="37.47747701592743396759033203125" lon="126.9583900272846221923828125">
        <ele>54.59999847412109375</ele>
        <time>2026-06-01T23:34:46.000Z</time>
        <extensions>
          <ns3:TrackPointExtension>
            <ns3:hr>142</ns3:hr>
            <ns3:cad>85</ns3:cad>
          </ns3:TrackPointExtension>
        </extensions>
      </trkpt>
      <trkpt lat="37.47744667343795299530029296875" lon="126.9584002532064914703369140625">
        <ele>54.59999847412109375</ele>
        <time>2026-06-01T23:34:47.000Z</time>
        <extensions>
          <ns3:TrackPointExtension>
            <ns3:hr>142</ns3:hr>
            <ns3:cad>85</ns3:cad>
          </ns3:TrackPointExtension>
        </extensions>
      </trkpt>
      <trkpt lat="37.4774242937564849853515625" lon="126.958407461643218994140625">
        <ele>54.799999237060546875</ele>
        <time>2026-06-01T23:34:48.000Z</time>
        <extensions>
          <ns3:TrackPointExtension>
            <ns3:hr>142</ns3:hr>
            <ns3:cad>85</ns3:cad>
          </ns3:TrackPointExtension>
        </extensions>
      </trkpt>
      <trkpt lat="37.47739554382860660552978515625" lon="126.95841626264154911041259765625">
        <ele>54.799999237060546875</ele>
        <time>2026-06-01T23:34:49.000Z</time>
        <extensions>
          <ns3:TrackPointExtension>
            <ns3:hr>141</ns3:hr>
            <ns3:cad>85</ns3:cad>
          </ns3:TrackPointExtension>
        </extensions>
      </trkpt>
      <trkpt lat="37.4773733317852020263671875" lon="126.95841575972735881805419921875">
        <ele>55</ele>
        <time>2026-06-01T23:34:50.000Z</time>
        <extensions>
          <ns3:TrackPointExtension>
            <ns3:hr>141</ns3:hr>
            <ns3:cad>85</ns3:cad>
          </ns3:TrackPointExtension>
        </extensions>
      </trkpt>
      <trkpt lat="37.47734558768570423126220703125" lon="126.958428919315338134765625">
        <ele>55</ele>
        <time>2026-06-01T23:34:51.000Z</time>
        <extensions>
          <ns3:TrackPointExtension>
            <ns3:hr>141</ns3:hr>
            <ns3:cad>85</ns3:cad>
          </ns3:TrackPointExtension>
        </extensions>
      </trkpt>
      <trkpt lat="37.477319352328777313232421875" lon="126.95843336172401905059814453125">
        <ele>55.200000762939453125</ele>
        <time>2026-06-01T23:34:52.000Z</time>
        <extensions>
          <ns3:TrackPointExtension>
            <ns3:hr>142</ns3:hr>
            <ns3:cad>85</ns3:cad>
          </ns3:TrackPointExtension>
        </extensions>
      </trkpt>
      <trkpt lat="37.4772970564663410186767578125" lon="126.9584436714649200439453125">
        <ele>55.200000762939453125</ele>
        <time>2026-06-01T23:34:53.000Z</time>
        <extensions>
          <ns3:TrackPointExtension>
            <ns3:hr>141</ns3:hr>
            <ns3:cad>85</ns3:cad>
          </ns3:TrackPointExtension>
        </extensions>
      </trkpt>
      <trkpt lat="37.47727367095649242401123046875" lon="126.95845062844455242156982421875">
        <ele>55.200000762939453125</ele>
        <time>2026-06-01T23:34:54.000Z</time>
        <extensions>
          <ns3:TrackPointExtension>
            <ns3:hr>141</ns3:hr>
            <ns3:cad>85</ns3:cad>
          </ns3:TrackPointExtension>
        </extensions>
      </trkpt>
      <trkpt lat="37.477251626551151275634765625" lon="126.95845716632902622222900390625">
        <ele>55.200000762939453125</ele>
        <time>2026-06-01T23:34:55.000Z</time>
        <extensions>
          <ns3:TrackPointExtension>
            <ns3:hr>141</ns3:hr>
            <ns3:cad>85</ns3:cad>
          </ns3:TrackPointExtension>
        </extensions>
      </trkpt>
      <trkpt lat="37.47721985913813114166259765625" lon="126.9584622792899608612060546875">
        <ele>55.200000762939453125</ele>
        <time>2026-06-01T23:34:56.000Z</time>
        <extensions>
          <ns3:TrackPointExtension>
            <ns3:hr>141</ns3:hr>
            <ns3:cad>85</ns3:cad>
          </ns3:TrackPointExtension>
        </extensions>
      </trkpt>
      <trkpt lat="37.47719136066734790802001953125" lon="126.95846722461283206939697265625">
        <ele>55.40000152587890625</ele>
        <time>2026-06-01T23:34:57.000Z</time>
        <extensions>
          <ns3:TrackPointExtension>
            <ns3:hr>141</ns3:hr>
            <ns3:cad>85</ns3:cad>
          </ns3:TrackPointExtension>
        </extensions>
      </trkpt>
      <trkpt lat="37.4771646223962306976318359375" lon="126.95847912691533565521240234375">
        <ele>55.40000152587890625</ele>
        <time>2026-06-01T23:34:58.000Z</time>
        <extensions>
          <ns3:TrackPointExtension>
            <ns3:hr>142</ns3:hr>
            <ns3:cad>85</ns3:cad>
          </ns3:TrackPointExtension>
        </extensions>
      </trkpt>
      <trkpt lat="37.477135956287384033203125" lon="126.95849672891199588775634765625">
        <ele>55.40000152587890625</ele>
        <time>2026-06-01T23:34:59.000Z</time>
        <extensions>
          <ns3:TrackPointExtension>
            <ns3:hr>141</ns3:hr>
            <ns3:cad>85</ns3:cad>
          </ns3:TrackPointExtension>
        </extensions>
      </trkpt>
      <trkpt lat="37.477106116712093353271484375" lon="126.95850578136742115020751953125">
        <ele>55.40000152587890625</ele>
        <time>2026-06-01T23:35:00.000Z</time>
        <extensions>
          <ns3:TrackPointExtension>
            <ns3:hr>141</ns3:hr>
            <ns3:cad>85</ns3:cad>
          </ns3:TrackPointExtension>
        </extensions>
      </trkpt>
      <trkpt lat="37.4770729243755340576171875" lon="126.95850527845323085784912109375">
        <ele>55.59999847412109375</ele>
        <time>2026-06-01T23:35:01.000Z</time>
        <extensions>
          <ns3:TrackPointExtension>
            <ns3:hr>141</ns3:hr>
            <ns3:cad>85</ns3:cad>
          </ns3:TrackPointExtension>
        </extensions>
      </trkpt>
      <trkpt lat="37.4770499579608440399169921875" lon="126.9585051946341991424560546875">
        <ele>55.59999847412109375</ele>
        <time>2026-06-01T23:35:02.000Z</time>
        <extensions>
          <ns3:TrackPointExtension>
            <ns3:hr>142</ns3:hr>
            <ns3:cad>85</ns3:cad>
          </ns3:TrackPointExtension>
        </extensions>
      </trkpt>
      <trkpt lat="37.47701768763363361358642578125" lon="126.9585115648806095123291015625">
        <ele>55.59999847412109375</ele>
        <time>2026-06-01T23:35:03.000Z</time>
        <extensions>
          <ns3:TrackPointExtension>
            <ns3:hr>141</ns3:hr>
            <ns3:cad>85</ns3:cad>
          </ns3:TrackPointExtension>
        </extensions>
      </trkpt>
      <trkpt lat="37.4769932962954044342041015625" lon="126.95852640084922313690185546875">
        <ele>55.59999847412109375</ele>
        <time>2026-06-01T23:35:04.000Z</time>
        <extensions>
          <ns3:TrackPointExtension>
            <ns3:hr>141</ns3:hr>
            <ns3:cad>85</ns3:cad>
          </ns3:TrackPointExtension>
        </extensions>
      </trkpt>
      <trkpt lat="37.47696739621460437774658203125" lon="126.9585487805306911468505859375">
        <ele>55.59999847412109375</ele>
        <time>2026-06-01T23:35:05.000Z</time>
        <extensions>
          <ns3:TrackPointExtension>
            <ns3:hr>141</ns3:hr>
            <ns3:cad>85</ns3:cad>
          </ns3:TrackPointExtension>
        </extensions>
      </trkpt>
      <trkpt lat="37.47694057412445545196533203125" lon="126.9585802964866161346435546875">
        <ele>55.59999847412109375</ele>
        <time>2026-06-01T23:35:06.000Z</time>
        <extensions>
          <ns3:TrackPointExtension>
            <ns3:hr>142</ns3:hr>
            <ns3:cad>85</ns3:cad>
          </ns3:TrackPointExtension>
        </extensions>
      </trkpt>
      <trkpt lat="37.47691643424332141876220703125" lon="126.9585992395877838134765625">
        <ele>55.799999237060546875</ele>
        <time>2026-06-01T23:35:07.000Z</time>
        <extensions>
          <ns3:TrackPointExtension>
            <ns3:hr>143</ns3:hr>
            <ns3:cad>85</ns3:cad>
          </ns3:TrackPointExtension>
        </extensions>
      </trkpt>
      <trkpt lat="37.476884163916110992431640625" lon="126.95862648077309131622314453125">
        <ele>55.799999237060546875</ele>
        <time>2026-06-01T23:35:08.000Z</time>
        <extensions>
          <ns3:TrackPointExtension>
            <ns3:hr>143</ns3:hr>
            <ns3:cad>85</ns3:cad>
          </ns3:TrackPointExtension>
        </extensions>
      </trkpt>
      <trkpt lat="37.47687033377587795257568359375" lon="126.95865296758711338043212890625">
        <ele>55.799999237060546875</ele>
        <time>2026-06-01T23:35:09.000Z</time>
        <extensions>
          <ns3:TrackPointExtension>
            <ns3:hr>143</ns3:hr>
            <ns3:cad>85</ns3:cad>
          </ns3:TrackPointExtension>
        </extensions>
      </trkpt>
      <trkpt lat="37.4768449366092681884765625" lon="126.95867861621081829071044921875">
        <ele>55.799999237060546875</ele>
        <time>2026-06-01T23:35:10.000Z</time>
        <extensions>
          <ns3:TrackPointExtension>
            <ns3:hr>143</ns3:hr>
            <ns3:cad>85</ns3:cad>
          </ns3:TrackPointExtension>
        </extensions>
      </trkpt>
      <trkpt lat="37.47682557441294193267822265625" lon="126.958697140216827392578125">
        <ele>55.799999237060546875</ele>
        <time>2026-06-01T23:35:11.000Z</time>
        <extensions>
          <ns3:TrackPointExtension>
            <ns3:hr>142</ns3:hr>
            <ns3:cad>85</ns3:cad>
          </ns3:TrackPointExtension>
        </extensions>
      </trkpt>
      <trkpt lat="37.47681501321494579315185546875" lon="126.95872220210731029510498046875">
        <ele>56</ele>
        <time>2026-06-01T23:35:12.000Z</time>
        <extensions>
          <ns3:TrackPointExtension>
            <ns3:hr>143</ns3:hr>
            <ns3:cad>85</ns3:cad>
          </ns3:TrackPointExtension>
        </extensions>
      </trkpt>
      <trkpt lat="37.47679020278155803680419921875" lon="126.9587496109306812286376953125">
        <ele>56</ele>
        <time>2026-06-01T23:35:13.000Z</time>
        <extensions>
          <ns3:TrackPointExtension>
            <ns3:hr>143</ns3:hr>
            <ns3:cad>85</ns3:cad>
          </ns3:TrackPointExtension>
        </extensions>
      </trkpt>
      <trkpt lat="37.4767767079174518585205078125" lon="126.95876478217542171478271484375">
        <ele>56.200000762939453125</ele>
        <time>2026-06-01T23:35:14.000Z</time>
        <extensions>
          <ns3:TrackPointExtension>
            <ns3:hr>144</ns3:hr>
            <ns3:cad>85</ns3:cad>
          </ns3:TrackPointExtension>
        </extensions>
      </trkpt>
      <trkpt lat="37.4767502211034297943115234375" lon="126.9587878324091434478759765625">
        <ele>56.200000762939453125</ele>
        <time>2026-06-01T23:35:15.000Z</time>
        <extensions>
          <ns3:TrackPointExtension>
            <ns3:hr>144</ns3:hr>
            <ns3:cad>85</ns3:cad>
          </ns3:TrackPointExtension>
        </extensions>
      </trkpt>
      <trkpt lat="37.476731948554515838623046875" lon="126.95881457068026065826416015625">
        <ele>56.200000762939453125</ele>
        <time>2026-06-01T23:35:16.000Z</time>
        <extensions>
          <ns3:TrackPointExtension>
            <ns3:hr>144</ns3:hr>
            <ns3:cad>85</ns3:cad>
          </ns3:TrackPointExtension>
        </extensions>
      </trkpt>
      <trkpt lat="37.4767143465578556060791015625" lon="126.95884508080780506134033203125">
        <ele>56.40000152587890625</ele>
        <time>2026-06-01T23:35:17.000Z</time>
        <extensions>
          <ns3:TrackPointExtension>
            <ns3:hr>144</ns3:hr>
            <ns3:cad>85</ns3:cad>
          </ns3:TrackPointExtension>
        </extensions>
      </trkpt>
      <trkpt lat="37.4766835011541843414306640625" lon="126.95886352099478244781494140625">
        <ele>56.40000152587890625</ele>
        <time>2026-06-01T23:35:18.000Z</time>
        <extensions>
          <ns3:TrackPointExtension>
            <ns3:hr>145</ns3:hr>
            <ns3:cad>85</ns3:cad>
          </ns3:TrackPointExtension>
        </extensions>
      </trkpt>
      <trkpt lat="37.47665877453982830047607421875" lon="126.95887726731598377227783203125">
        <ele>56.40000152587890625</ele>
        <time>2026-06-01T23:35:19.000Z</time>
        <extensions>
          <ns3:TrackPointExtension>
            <ns3:hr>145</ns3:hr>
            <ns3:cad>85</ns3:cad>
          </ns3:TrackPointExtension>
        </extensions>
      </trkpt>
      <trkpt lat="37.4766315333545207977294921875" lon="126.95888196118175983428955078125">
        <ele>56.40000152587890625</ele>
        <time>2026-06-01T23:35:20.000Z</time>
        <extensions>
          <ns3:TrackPointExtension>
            <ns3:hr>145</ns3:hr>
            <ns3:cad>85</ns3:cad>
          </ns3:TrackPointExtension>
        </extensions>
      </trkpt>
      <trkpt lat="37.47660496272146701812744140625" lon="126.95888397283852100372314453125">
        <ele>56.59999847412109375</ele>
        <time>2026-06-01T23:35:21.000Z</time>
        <extensions>
          <ns3:TrackPointExtension>
            <ns3:hr>145</ns3:hr>
            <ns3:cad>85</ns3:cad>
          </ns3:TrackPointExtension>
        </extensions>
      </trkpt>
      <trkpt lat="37.4765758775174617767333984375" lon="126.958878524601459503173828125">
        <ele>56.59999847412109375</ele>
        <time>2026-06-01T23:35:22.000Z</time>
        <extensions>
          <ns3:TrackPointExtension>
            <ns3:hr>146</ns3:hr>
            <ns3:cad>85</ns3:cad>
          </ns3:TrackPointExtension>
        </extensions>
      </trkpt>
      <trkpt lat="37.47654695995151996612548828125" lon="126.9588768482208251953125">
        <ele>56.799999237060546875</ele>
        <time>2026-06-01T23:35:23.000Z</time>
        <extensions>
          <ns3:TrackPointExtension>
            <ns3:hr>146</ns3:hr>
            <ns3:cad>85</ns3:cad>
          </ns3:TrackPointExtension>
        </extensions>
      </trkpt>
      <trkpt lat="37.47651913203299045562744140625" lon="126.95887927897274494171142578125">
        <ele>56.799999237060546875</ele>
        <time>2026-06-01T23:35:24.000Z</time>
        <extensions>
          <ns3:TrackPointExtension>
            <ns3:hr>146</ns3:hr>
            <ns3:cad>85</ns3:cad>
          </ns3:TrackPointExtension>
        </extensions>
      </trkpt>
      <trkpt lat="37.47648929245769977569580078125" lon="126.95887751877307891845703125">
        <ele>56.799999237060546875</ele>
        <time>2026-06-01T23:35:25.000Z</time>
        <extensions>
          <ns3:TrackPointExtension>
            <ns3:hr>146</ns3:hr>
            <ns3:cad>85</ns3:cad>
          </ns3:TrackPointExtension>
        </extensions>
      </trkpt>
      <trkpt lat="37.47646515257656574249267578125" lon="126.9588857330381870269775390625">
        <ele>56.799999237060546875</ele>
        <time>2026-06-01T23:35:26.000Z</time>
        <extensions>
          <ns3:TrackPointExtension>
            <ns3:hr>146</ns3:hr>
            <ns3:cad>86</ns3:cad>
          </ns3:TrackPointExtension>
        </extensions>
      </trkpt>
      <trkpt lat="37.47642927803099155426025390625" lon="126.95888833142817020416259765625">
        <ele>57</ele>
        <time>2026-06-01T23:35:27.000Z</time>
        <extensions>
          <ns3:TrackPointExtension>
            <ns3:hr>146</ns3:hr>
            <ns3:cad>86</ns3:cad>
          </ns3:TrackPointExtension>
        </extensions>
      </trkpt>
      <trkpt lat="37.47640036046504974365234375" lon="126.95889218710362911224365234375">
        <ele>56.799999237060546875</ele>
        <time>2026-06-01T23:35:28.000Z</time>
        <extensions>
          <ns3:TrackPointExtension>
            <ns3:hr>146</ns3:hr>
            <ns3:cad>86</ns3:cad>
          </ns3:TrackPointExtension>
        </extensions>
      </trkpt>
      <trkpt lat="37.47636591084301471710205078125" lon="126.95889386348426342010498046875">
        <ele>56.799999237060546875</ele>
        <time>2026-06-01T23:35:29.000Z</time>
        <extensions>
          <ns3:TrackPointExtension>
            <ns3:hr>146</ns3:hr>
            <ns3:cad>86</ns3:cad>
          </ns3:TrackPointExtension>
        </extensions>
      </trkpt>
      <trkpt lat="37.4763314612209796905517578125" lon="126.9588961265981197357177734375">
        <ele>57</ele>
        <time>2026-06-01T23:35:30.000Z</time>
        <extensions>
          <ns3:TrackPointExtension>
            <ns3:hr>147</ns3:hr>
            <ns3:cad>85</ns3:cad>
          </ns3:TrackPointExtension>
        </extensions>
      </trkpt>
      <trkpt lat="37.47630153782665729522705078125" lon="126.95889302529394626617431640625">
        <ele>57</ele>
        <time>2026-06-01T23:35:31.000Z</time>
        <extensions>
          <ns3:TrackPointExtension>
            <ns3:hr>146</ns3:hr>
            <ns3:cad>85</ns3:cad>
          </ns3:TrackPointExtension>
        </extensions>
      </trkpt>
      <trkpt lat="37.476267926394939422607421875" lon="126.95889134891331195831298828125">
        <ele>57</ele>
        <time>2026-06-01T23:35:32.000Z</time>
        <extensions>
          <ns3:TrackPointExtension>
            <ns3:hr>146</ns3:hr>
            <ns3:cad>85</ns3:cad>
          </ns3:TrackPointExtension>
        </extensions>
      </trkpt>
      <trkpt lat="37.47624403797090053558349609375" lon="126.95889604277908802032470703125">
        <ele>57</ele>
        <time>2026-06-01T23:35:33.000Z</time>
        <extensions>
          <ns3:TrackPointExtension>
            <ns3:hr>146</ns3:hr>
            <ns3:cad>85</ns3:cad>
          </ns3:TrackPointExtension>
        </extensions>
      </trkpt>
      <trkpt lat="37.47620246373116970062255859375" lon="126.95888883434236049652099609375">
        <ele>57</ele>
        <time>2026-06-01T23:35:34.000Z</time>
        <extensions>
          <ns3:TrackPointExtension>
            <ns3:hr>146</ns3:hr>
            <ns3:cad>85</ns3:cad>
          </ns3:TrackPointExtension>
        </extensions>
      </trkpt>
      <trkpt lat="37.4761784076690673828125" lon="126.9588917680084705352783203125">
        <ele>57</ele>
        <time>2026-06-01T23:35:35.000Z</time>
        <extensions>
          <ns3:TrackPointExtension>
            <ns3:hr>146</ns3:hr>
            <ns3:cad>86</ns3:cad>
          </ns3:TrackPointExtension>
        </extensions>
      </trkpt>
      <trkpt lat="37.476142533123493194580078125" lon="126.9588931091129779815673828125">
        <ele>57</ele>
        <time>2026-06-01T23:35:36.000Z</time>
        <extensions>
          <ns3:TrackPointExtension>
            <ns3:hr>146</ns3:hr>
            <ns3:cad>86</ns3:cad>
          </ns3:TrackPointExtension>
        </extensions>
      </trkpt>
      <trkpt lat="37.47611395083367824554443359375" lon="126.95889495313167572021484375">
        <ele>57.200000762939453125</ele>
        <time>2026-06-01T23:35:37.000Z</time>
        <extensions>
          <ns3:TrackPointExtension>
            <ns3:hr>146</ns3:hr>
            <ns3:cad>86</ns3:cad>
          </ns3:TrackPointExtension>
        </extensions>
      </trkpt>
      <trkpt lat="37.47608193196356296539306640625" lon="126.9588884152472019195556640625">
        <ele>57.40000152587890625</ele>
        <time>2026-06-01T23:35:38.000Z</time>
        <extensions>
          <ns3:TrackPointExtension>
            <ns3:hr>146</ns3:hr>
            <ns3:cad>87</ns3:cad>
          </ns3:TrackPointExtension>
        </extensions>
      </trkpt>
      <trkpt lat="37.4760528467595577239990234375" lon="126.95889151655137538909912109375">
        <ele>57.59999847412109375</ele>
        <time>2026-06-01T23:35:39.000Z</time>
        <extensions>
          <ns3:TrackPointExtension>
            <ns3:hr>145</ns3:hr>
            <ns3:cad>87</ns3:cad>
          </ns3:TrackPointExtension>
        </extensions>
      </trkpt>
      <trkpt lat="37.476030550897121429443359375" lon="126.95889771915972232818603515625">
        <ele>57.799999237060546875</ele>
        <time>2026-06-01T23:35:40.000Z</time>
        <extensions>
          <ns3:TrackPointExtension>
            <ns3:hr>145</ns3:hr>
            <ns3:cad>87</ns3:cad>
          </ns3:TrackPointExtension>
        </extensions>
      </trkpt>
      <trkpt lat="37.47599610127508640289306640625" lon="126.95889889262616634368896484375">
        <ele>57.799999237060546875</ele>
        <time>2026-06-01T23:35:41.000Z</time>
        <extensions>
          <ns3:TrackPointExtension>
            <ns3:hr>145</ns3:hr>
            <ns3:cad>87</ns3:cad>
          </ns3:TrackPointExtension>
        </extensions>
      </trkpt>
      <trkpt lat="37.4759713746607303619384765625" lon="126.95890408940613269805908203125">
        <ele>58</ele>
        <time>2026-06-01T23:35:42.000Z</time>
        <extensions>
          <ns3:TrackPointExtension>
            <ns3:hr>146</ns3:hr>
            <ns3:cad>87</ns3:cad>
          </ns3:TrackPointExtension>
        </extensions>
      </trkpt>
      <trkpt lat="37.4759405292570590972900390625" lon="126.9589103758335113525390625">
        <ele>58</ele>
        <time>2026-06-01T23:35:43.000Z</time>
        <extensions>
          <ns3:TrackPointExtension>
            <ns3:hr>146</ns3:hr>
            <ns3:cad>87</ns3:cad>
          </ns3:TrackPointExtension>
        </extensions>
      </trkpt>
      <trkpt lat="37.47591312043368816375732421875" lon="126.95890911854803562164306640625">
        <ele>58.200000762939453125</ele>
        <time>2026-06-01T23:35:44.000Z</time>
        <extensions>
          <ns3:TrackPointExtension>
            <ns3:hr>146</ns3:hr>
            <ns3:cad>85</ns3:cad>
          </ns3:TrackPointExtension>
        </extensions>
      </trkpt>
      <trkpt lat="37.4758825264871120452880859375" lon="126.95891431532800197601318359375">
        <ele>58.59999847412109375</ele>
        <time>2026-06-01T23:35:45.000Z</time>
        <extensions>
          <ns3:TrackPointExtension>
            <ns3:hr>145</ns3:hr>
            <ns3:cad>85</ns3:cad>
          </ns3:TrackPointExtension>
        </extensions>
      </trkpt>
      <trkpt lat="37.47585293836891651153564453125" lon="126.9589197635650634765625">
        <ele>58.799999237060546875</ele>
        <time>2026-06-01T23:35:46.000Z</time>
        <extensions>
          <ns3:TrackPointExtension>
            <ns3:hr>146</ns3:hr>
            <ns3:cad>85</ns3:cad>
          </ns3:TrackPointExtension>
        </extensions>
      </trkpt>
      <trkpt lat="37.47583181597292423248291015625" lon="126.958924122154712677001953125">
        <ele>59.200000762939453125</ele>
        <time>2026-06-01T23:35:47.000Z</time>
        <extensions>
          <ns3:TrackPointExtension>
            <ns3:hr>146</ns3:hr>
            <ns3:cad>85</ns3:cad>
          </ns3:TrackPointExtension>
        </extensions>
      </trkpt>
      <trkpt lat="37.47579594142735004425048828125" lon="126.958926804363727569580078125">
        <ele>59.40000152587890625</ele>
        <time>2026-06-01T23:35:48.000Z</time>
        <extensions>
          <ns3:TrackPointExtension>
            <ns3:hr>146</ns3:hr>
            <ns3:cad>85</ns3:cad>
          </ns3:TrackPointExtension>
        </extensions>
      </trkpt>
      <trkpt lat="37.4757749028503894805908203125" lon="126.95893292315304279327392578125">
        <ele>59.59999847412109375</ele>
        <time>2026-06-01T23:35:49.000Z</time>
        <extensions>
          <ns3:TrackPointExtension>
            <ns3:hr>146</ns3:hr>
            <ns3:cad>85</ns3:cad>
          </ns3:TrackPointExtension>
        </extensions>
      </trkpt>
      <trkpt lat="37.47573911212384700775146484375" lon="126.95893141441047191619873046875">
        <ele>59.59999847412109375</ele>
        <time>2026-06-01T23:35:50.000Z</time>
        <extensions>
          <ns3:TrackPointExtension>
            <ns3:hr>147</ns3:hr>
            <ns3:cad>85</ns3:cad>
          </ns3:TrackPointExtension>
        </extensions>
      </trkpt>
      <trkpt lat="37.4757125414907932281494140625" lon="126.9589316658675670623779296875">
        <ele>59.799999237060546875</ele>
        <time>2026-06-01T23:35:51.000Z</time>
        <extensions>
          <ns3:TrackPointExtension>
            <ns3:hr>147</ns3:hr>
            <ns3:cad>85</ns3:cad>
          </ns3:TrackPointExtension>
        </extensions>
      </trkpt>
      <trkpt lat="37.47568161226809024810791015625" lon="126.9589309953153133392333984375">
        <ele>59.799999237060546875</ele>
        <time>2026-06-01T23:35:52.000Z</time>
        <extensions>
          <ns3:TrackPointExtension>
            <ns3:hr>148</ns3:hr>
            <ns3:cad>85</ns3:cad>
          </ns3:TrackPointExtension>
        </extensions>
      </trkpt>
      <trkpt lat="37.4756511859595775604248046875" lon="126.95893652737140655517578125">
        <ele>60</ele>
        <time>2026-06-01T23:35:53.000Z</time>
        <extensions>
          <ns3:TrackPointExtension>
            <ns3:hr>148</ns3:hr>
            <ns3:cad>85</ns3:cad>
          </ns3:TrackPointExtension>
        </extensions>
      </trkpt>
      <trkpt lat="37.475628554821014404296875" lon="126.95894717238843441009521484375">
        <ele>60</ele>
        <time>2026-06-01T23:35:54.000Z</time>
        <extensions>
          <ns3:TrackPointExtension>
            <ns3:hr>149</ns3:hr>
            <ns3:cad>85</ns3:cad>
          </ns3:TrackPointExtension>
        </extensions>
      </trkpt>
      <trkpt lat="37.47559779323637485504150390625" lon="126.9589454121887683868408203125">
        <ele>60.200000762939453125</ele>
        <time>2026-06-01T23:35:55.000Z</time>
        <extensions>
          <ns3:TrackPointExtension>
            <ns3:hr>149</ns3:hr>
            <ns3:cad>85</ns3:cad>
          </ns3:TrackPointExtension>
        </extensions>
      </trkpt>
      <trkpt lat="37.4755744077265262603759765625" lon="126.95894532836973667144775390625">
        <ele>60.40000152587890625</ele>
        <time>2026-06-01T23:35:56.000Z</time>
        <extensions>
          <ns3:TrackPointExtension>
            <ns3:hr>150</ns3:hr>
            <ns3:cad>85</ns3:cad>
          </ns3:TrackPointExtension>
        </extensions>
      </trkpt>
      <trkpt lat="37.47554448433220386505126953125" lon="126.95894834585487842559814453125">
        <ele>60.40000152587890625</ele>
        <time>2026-06-01T23:35:57.000Z</time>
        <extensions>
          <ns3:TrackPointExtension>
            <ns3:hr>150</ns3:hr>
            <ns3:cad>85</ns3:cad>
          </ns3:TrackPointExtension>
        </extensions>
      </trkpt>
      <trkpt lat="37.4755160696804523468017578125" lon="126.958950944244861602783203125">
        <ele>60.59999847412109375</ele>
        <time>2026-06-01T23:35:58.000Z</time>
        <extensions>
          <ns3:TrackPointExtension>
            <ns3:hr>150</ns3:hr>
            <ns3:cad>85</ns3:cad>
          </ns3:TrackPointExtension>
        </extensions>
      </trkpt>
      <trkpt lat="37.4754919297993183135986328125" lon="126.9589554704725742340087890625">
        <ele>60.799999237060546875</ele>
        <time>2026-06-01T23:35:59.000Z</time>
        <extensions>
          <ns3:TrackPointExtension>
            <ns3:hr>151</ns3:hr>
            <ns3:cad>85</ns3:cad>
          </ns3:TrackPointExtension>
        </extensions>
      </trkpt>
      <trkpt lat="37.4754560552537441253662109375" lon="126.9589564763009548187255859375">
        <ele>61</ele>
        <time>2026-06-01T23:36:00.000Z</time>
        <extensions>
          <ns3:TrackPointExtension>
            <ns3:hr>151</ns3:hr>
            <ns3:cad>85</ns3:cad>
          </ns3:TrackPointExtension>
        </extensions>
      </trkpt>
      <trkpt lat="37.475434429943561553955078125" lon="126.95897030644118785858154296875">
        <ele>61</ele>
        <time>2026-06-01T23:36:01.000Z</time>
        <extensions>
          <ns3:TrackPointExtension>
            <ns3:hr>151</ns3:hr>
            <ns3:cad>85</ns3:cad>
          </ns3:TrackPointExtension>
        </extensions>
      </trkpt>
      <trkpt lat="37.47539796866476535797119140625" lon="126.9589688815176486968994140625">
        <ele>61.200000762939453125</ele>
        <time>2026-06-01T23:36:02.000Z</time>
        <extensions>
          <ns3:TrackPointExtension>
            <ns3:hr>151</ns3:hr>
            <ns3:cad>85</ns3:cad>
          </ns3:TrackPointExtension>
        </extensions>
      </trkpt>
      <trkpt lat="37.4753772653639316558837890625" lon="126.95897365920245647430419921875">
        <ele>61.40000152587890625</ele>
        <time>2026-06-01T23:36:03.000Z</time>
        <extensions>
          <ns3:TrackPointExtension>
            <ns3:hr>151</ns3:hr>
            <ns3:cad>86</ns3:cad>
          </ns3:TrackPointExtension>
        </extensions>
      </trkpt>
      <trkpt lat="37.475347928702831268310546875" lon="126.958983801305294036865234375">
        <ele>61.59999847412109375</ele>
        <time>2026-06-01T23:36:04.000Z</time>
        <extensions>
          <ns3:TrackPointExtension>
            <ns3:hr>151</ns3:hr>
            <ns3:cad>86</ns3:cad>
          </ns3:TrackPointExtension>
        </extensions>
      </trkpt>
      <trkpt lat="37.47532051987946033477783203125" lon="126.95899059064686298370361328125">
        <ele>61.59999847412109375</ele>
        <time>2026-06-01T23:36:05.000Z</time>
        <extensions>
          <ns3:TrackPointExtension>
            <ns3:hr>150</ns3:hr>
            <ns3:cad>86</ns3:cad>
          </ns3:TrackPointExtension>
        </extensions>
      </trkpt>
      <trkpt lat="37.475297637283802032470703125" lon="126.95899821817874908447265625">
        <ele>61.799999237060546875</ele>
        <time>2026-06-01T23:36:06.000Z</time>
        <extensions>
          <ns3:TrackPointExtension>
            <ns3:hr>151</ns3:hr>
            <ns3:cad>86</ns3:cad>
          </ns3:TrackPointExtension>
        </extensions>
      </trkpt>
      <trkpt lat="37.47526318766176700592041015625" lon="126.95899746380746364593505859375">
        <ele>62</ele>
        <time>2026-06-01T23:36:07.000Z</time>
        <extensions>
          <ns3:TrackPointExtension>
            <ns3:hr>151</ns3:hr>
            <ns3:cad>86</ns3:cad>
          </ns3:TrackPointExtension>
        </extensions>
      </trkpt>
      <trkpt lat="37.47524390928447246551513671875" lon="126.95899226702749729156494140625">
        <ele>62.200000762939453125</ele>
        <time>2026-06-01T23:36:08.000Z</time>
        <extensions>
          <ns3:TrackPointExtension>
            <ns3:hr>152</ns3:hr>
            <ns3:cad>86</ns3:cad>
          </ns3:TrackPointExtension>
        </extensions>
      </trkpt>
      <trkpt lat="37.47521021403372287750244140625" lon="126.9589762575924396514892578125">
        <ele>62.40000152587890625</ele>
        <time>2026-06-01T23:36:09.000Z</time>
        <extensions>
          <ns3:TrackPointExtension>
            <ns3:hr>152</ns3:hr>
            <ns3:cad>86</ns3:cad>
          </ns3:TrackPointExtension>
        </extensions>
      </trkpt>
      <trkpt lat="37.47518775053322315216064453125" lon="126.95897047407925128936767578125">
        <ele>62.40000152587890625</ele>
        <time>2026-06-01T23:36:10.000Z</time>
        <extensions>
          <ns3:TrackPointExtension>
            <ns3:hr>152</ns3:hr>
            <ns3:cad>86</ns3:cad>
          </ns3:TrackPointExtension>
        </extensions>
      </trkpt>
      <trkpt lat="37.47515581548213958740234375" lon="126.9589604996144771575927734375">
        <ele>62.40000152587890625</ele>
        <time>2026-06-01T23:36:11.000Z</time>
        <extensions>
          <ns3:TrackPointExtension>
            <ns3:hr>152</ns3:hr>
            <ns3:cad>86</ns3:cad>
          </ns3:TrackPointExtension>
        </extensions>
      </trkpt>
      <trkpt lat="37.4751274846494197845458984375" lon="126.95895262062549591064453125">
        <ele>62.40000152587890625</ele>
        <time>2026-06-01T23:36:12.000Z</time>
        <extensions>
          <ns3:TrackPointExtension>
            <ns3:hr>152</ns3:hr>
            <ns3:cad>85</ns3:cad>
          </ns3:TrackPointExtension>
        </extensions>
      </trkpt>
      <trkpt lat="37.47510359622538089752197265625" lon="126.95895454846322536468505859375">
        <ele>62.59999847412109375</ele>
        <time>2026-06-01T23:36:13.000Z</time>
        <extensions>
          <ns3:TrackPointExtension>
            <ns3:hr>152</ns3:hr>
            <ns3:cad>85</ns3:cad>
          </ns3:TrackPointExtension>
        </extensions>
      </trkpt>
      <trkpt lat="37.4750678054988384246826171875" lon="126.9589527882635593414306640625">
        <ele>62.59999847412109375</ele>
        <time>2026-06-01T23:36:14.000Z</time>
        <extensions>
          <ns3:TrackPointExtension>
            <ns3:hr>151</ns3:hr>
            <ns3:cad>85</ns3:cad>
          </ns3:TrackPointExtension>
        </extensions>
      </trkpt>
      <trkpt lat="37.47504576109349727630615234375" lon="126.95895857177674770355224609375">
        <ele>62.799999237060546875</ele>
        <time>2026-06-01T23:36:15.000Z</time>
        <extensions>
          <ns3:TrackPointExtension>
            <ns3:hr>151</ns3:hr>
            <ns3:cad>85</ns3:cad>
          </ns3:TrackPointExtension>
        </extensions>
      </trkpt>
      <trkpt lat="37.47501458041369915008544921875" lon="126.95896594785153865814208984375">
        <ele>63</ele>
        <time>2026-06-01T23:36:16.000Z</time>
        <extensions>
          <ns3:TrackPointExtension>
            <ns3:hr>151</ns3:hr>
            <ns3:cad>85</ns3:cad>
          </ns3:TrackPointExtension>
        </extensions>
      </trkpt>
      <trkpt lat="37.47499178163707256317138671875" lon="126.958969049155712127685546875">
        <ele>63.40000152587890625</ele>
        <time>2026-06-01T23:36:17.000Z</time>
        <extensions>
          <ns3:TrackPointExtension>
            <ns3:hr>151</ns3:hr>
            <ns3:cad>86</ns3:cad>
          </ns3:TrackPointExtension>
        </extensions>
      </trkpt>
      <trkpt lat="37.474963702261447906494140625" lon="126.95897248573601245880126953125">
        <ele>63.59999847412109375</ele>
        <time>2026-06-01T23:36:18.000Z</time>
        <extensions>
          <ns3:TrackPointExtension>
            <ns3:hr>150</ns3:hr>
            <ns3:cad>86</ns3:cad>
          </ns3:TrackPointExtension>
        </extensions>
      </trkpt>
      <trkpt lat="37.47492942027747631072998046875" lon="126.95897483266890048980712890625">
        <ele>63.799999237060546875</ele>
        <time>2026-06-01T23:36:19.000Z</time>
        <extensions>
          <ns3:TrackPointExtension>
            <ns3:hr>150</ns3:hr>
            <ns3:cad>86</ns3:cad>
          </ns3:TrackPointExtension>
        </extensions>
      </trkpt>
      <trkpt lat="37.4749110639095306396484375" lon="126.9589933566749095916748046875">
        <ele>64</ele>
        <time>2026-06-01T23:36:20.000Z</time>
        <extensions>
          <ns3:TrackPointExtension>
            <ns3:hr>150</ns3:hr>
            <ns3:cad>85</ns3:cad>
          </ns3:TrackPointExtension>
        </extensions>
      </trkpt>
      <trkpt lat="37.4748797155916690826416015625" lon="126.9590014033019542694091796875">
        <ele>64</ele>
        <time>2026-06-01T23:36:21.000Z</time>
        <extensions>
          <ns3:TrackPointExtension>
            <ns3:hr>151</ns3:hr>
            <ns3:cad>85</ns3:cad>
          </ns3:TrackPointExtension>
        </extensions>
      </trkpt>
      <trkpt lat="37.47485943138599395751953125" lon="126.95900551043450832366943359375">
        <ele>64.1999969482421875</ele>
        <time>2026-06-01T23:36:22.000Z</time>
        <extensions>
          <ns3:TrackPointExtension>
            <ns3:hr>150</ns3:hr>
            <ns3:cad>85</ns3:cad>
          </ns3:TrackPointExtension>
        </extensions>
      </trkpt>
      <trkpt lat="37.47482665814459323883056640625" lon="126.9589943625032901763916015625">
        <ele>64.1999969482421875</ele>
        <time>2026-06-01T23:36:23.000Z</time>
        <extensions>
          <ns3:TrackPointExtension>
            <ns3:hr>150</ns3:hr>
            <ns3:cad>85</ns3:cad>
          </ns3:TrackPointExtension>
        </extensions>
      </trkpt>
      <trkpt lat="37.4747975729405879974365234375" lon="126.95899151265621185302734375">
        <ele>64.1999969482421875</ele>
        <time>2026-06-01T23:36:24.000Z</time>
        <extensions>
          <ns3:TrackPointExtension>
            <ns3:hr>150</ns3:hr>
            <ns3:cad>85</ns3:cad>
          </ns3:TrackPointExtension>
        </extensions>
      </trkpt>
      <trkpt lat="37.47476882301270961761474609375" lon="126.95898992009460926055908203125">
        <ele>64.40000152587890625</ele>
        <time>2026-06-01T23:36:25.000Z</time>
        <extensions>
          <ns3:TrackPointExtension>
            <ns3:hr>150</ns3:hr>
            <ns3:cad>85</ns3:cad>
          </ns3:TrackPointExtension>
        </extensions>
      </trkpt>
      <trkpt lat="37.4747388996183872222900390625" lon="126.9589993916451930999755859375">
        <ele>64.40000152587890625</ele>
        <time>2026-06-01T23:36:26.000Z</time>
        <extensions>
          <ns3:TrackPointExtension>
            <ns3:hr>149</ns3:hr>
            <ns3:cad>85</ns3:cad>
          </ns3:TrackPointExtension>
        </extensions>
      </trkpt>
      <trkpt lat="37.47471802867949008941650390625" lon="126.959005258977413177490234375">
        <ele>64.59999847412109375</ele>
        <time>2026-06-01T23:36:27.000Z</time>
        <extensions>
          <ns3:TrackPointExtension>
            <ns3:hr>149</ns3:hr>
            <ns3:cad>85</ns3:cad>
          </ns3:TrackPointExtension>
        </extensions>
      </trkpt>
      <trkpt lat="37.4746803939342498779296875" lon="126.959009952843189239501953125">
        <ele>64.59999847412109375</ele>
        <time>2026-06-01T23:36:28.000Z</time>
        <extensions>
          <ns3:TrackPointExtension>
            <ns3:hr>149</ns3:hr>
            <ns3:cad>85</ns3:cad>
          </ns3:TrackPointExtension>
        </extensions>
      </trkpt>
      <trkpt lat="37.4746544100344181060791015625" lon="126.959016658365726470947265625">
        <ele>64.59999847412109375</ele>
        <time>2026-06-01T23:36:29.000Z</time>
        <extensions>
          <ns3:TrackPointExtension>
            <ns3:hr>149</ns3:hr>
            <ns3:cad>85</ns3:cad>
          </ns3:TrackPointExtension>
        </extensions>
      </trkpt>
      <trkpt lat="37.474621720612049102783203125" lon="126.95901992730796337127685546875">
        <ele>64.59999847412109375</ele>
        <time>2026-06-01T23:36:30.000Z</time>
        <extensions>
          <ns3:TrackPointExtension>
            <ns3:hr>149</ns3:hr>
            <ns3:cad>85</ns3:cad>
          </ns3:TrackPointExtension>
        </extensions>
      </trkpt>
      <trkpt lat="37.47459397651255130767822265625" lon="126.95902361534535884857177734375">
        <ele>64.8000030517578125</ele>
        <time>2026-06-01T23:36:31.000Z</time>
        <extensions>
          <ns3:TrackPointExtension>
            <ns3:hr>149</ns3:hr>
            <ns3:cad>85</ns3:cad>
          </ns3:TrackPointExtension>
        </extensions>
      </trkpt>
      <trkpt lat="37.474573440849781036376953125" lon="126.959040462970733642578125">
        <ele>65</ele>
        <time>2026-06-01T23:36:32.000Z</time>
        <extensions>
          <ns3:TrackPointExtension>
            <ns3:hr>149</ns3:hr>
            <ns3:cad>85</ns3:cad>
          </ns3:TrackPointExtension>
        </extensions>
      </trkpt>
      <trkpt lat="37.47454552911221981048583984375" lon="126.95903635583817958831787109375">
        <ele>65</ele>
        <time>2026-06-01T23:36:33.000Z</time>
        <extensions>
          <ns3:TrackPointExtension>
            <ns3:hr>148</ns3:hr>
            <ns3:cad>85</ns3:cad>
          </ns3:TrackPointExtension>
        </extensions>
      </trkpt>
      <trkpt lat="37.47453580610454082489013671875" lon="126.959013305604457855224609375">
        <ele>65.1999969482421875</ele>
        <time>2026-06-01T23:36:34.000Z</time>
        <extensions>
          <ns3:TrackPointExtension>
            <ns3:hr>149</ns3:hr>
            <ns3:cad>85</ns3:cad>
          </ns3:TrackPointExtension>
        </extensions>
      </trkpt>
      <trkpt lat="37.4745541624724864959716796875" lon="126.95901389233767986297607421875">
        <ele>65.1999969482421875</ele>
        <time>2026-06-01T23:36:35.000Z</time>
        <extensions>
          <ns3:TrackPointExtension>
            <ns3:hr>148</ns3:hr>
            <ns3:cad>84</ns3:cad>
          </ns3:TrackPointExtension>
        </extensions>
      </trkpt>
      <trkpt lat="37.4745833314955234527587890625" lon="126.95902428589761257171630859375">
        <ele>65</ele>
        <time>2026-06-01T23:36:36.000Z</time>
        <extensions>
          <ns3:TrackPointExtension>
            <ns3:hr>148</ns3:hr>
            <ns3:cad>84</ns3:cad>
          </ns3:TrackPointExtension>
        </extensions>
      </trkpt>
      <trkpt lat="37.4746061302721500396728515625" lon="126.95903099142014980316162109375">
        <ele>65</ele>
        <time>2026-06-01T23:36:37.000Z</time>
        <extensions>
          <ns3:TrackPointExtension>
            <ns3:hr>148</ns3:hr>
            <ns3:cad>84</ns3:cad>
          </ns3:TrackPointExtension>
        </extensions>
      </trkpt>
      <trkpt lat="37.47463144361972808837890625" lon="126.95904121734201908111572265625">
        <ele>65</ele>
        <time>2026-06-01T23:36:38.000Z</time>
        <extensions>
          <ns3:TrackPointExtension>
            <ns3:hr>149</ns3:hr>
            <ns3:cad>84</ns3:cad>
          </ns3:TrackPointExtension>
        </extensions>
      </trkpt>
      <trkpt lat="37.47464887797832489013671875" lon="126.95907290093600749969482421875">
        <ele>65</ele>
        <time>2026-06-01T23:36:39.000Z</time>
        <extensions>
          <ns3:TrackPointExtension>
            <ns3:hr>148</ns3:hr>
            <ns3:cad>84</ns3:cad>
          </ns3:TrackPointExtension>
        </extensions>
      </trkpt>
      <trkpt lat="37.474656589329242706298828125" lon="126.95911263115704059600830078125">
        <ele>64.8000030517578125</ele>
        <time>2026-06-01T23:36:40.000Z</time>
        <extensions>
          <ns3:TrackPointExtension>
            <ns3:hr>148</ns3:hr>
            <ns3:cad>84</ns3:cad>
          </ns3:TrackPointExtension>
        </extensions>
      </trkpt>
      <trkpt lat="37.4746534042060375213623046875" lon="126.9591539539396762847900390625">
        <ele>64.8000030517578125</ele>
        <time>2026-06-01T23:36:41.000Z</time>
        <extensions>
          <ns3:TrackPointExtension>
            <ns3:hr>148</ns3:hr>
            <ns3:cad>83</ns3:cad>
          </ns3:TrackPointExtension>
        </extensions>
      </trkpt>
      <trkpt lat="37.4746477045118808746337890625" lon="126.95918639190495014190673828125">
        <ele>64.8000030517578125</ele>
        <time>2026-06-01T23:36:42.000Z</time>
        <extensions>
          <ns3:TrackPointExtension>
            <ns3:hr>148</ns3:hr>
            <ns3:cad>83</ns3:cad>
          </ns3:TrackPointExtension>
        </extensions>
      </trkpt>
      <trkpt lat="37.47462205588817596435546875" lon="126.959208436310291290283203125">
        <ele>65</ele>
        <time>2026-06-01T23:36:43.000Z</time>
        <extensions>
          <ns3:TrackPointExtension>
            <ns3:hr>148</ns3:hr>
            <ns3:cad>83</ns3:cad>
          </ns3:TrackPointExtension>
        </extensions>
      </trkpt>
      <trkpt lat="37.47459850274026393890380859375" lon="126.95922377519309520721435546875">
        <ele>65.1999969482421875</ele>
        <time>2026-06-01T23:36:44.000Z</time>
        <extensions>
          <ns3:TrackPointExtension>
            <ns3:hr>148</ns3:hr>
            <ns3:cad>85</ns3:cad>
          </ns3:TrackPointExtension>
        </extensions>
      </trkpt>
      <trkpt lat="37.47456765733659267425537109375" lon="126.95923349820077419281005859375">
        <ele>65.1999969482421875</ele>
        <time>2026-06-01T23:36:45.000Z</time>
        <extensions>
          <ns3:TrackPointExtension>
            <ns3:hr>148</ns3:hr>
            <ns3:cad>85</ns3:cad>
          </ns3:TrackPointExtension>
        </extensions>
      </trkpt>
      <trkpt lat="37.47453949414193630218505859375" lon="126.9592360965907573699951171875">
        <ele>65.1999969482421875</ele>
        <time>2026-06-01T23:36:46.000Z</time>
        <extensions>
          <ns3:TrackPointExtension>
            <ns3:hr>148</ns3:hr>
            <ns3:cad>85</ns3:cad>
          </ns3:TrackPointExtension>
        </extensions>
      </trkpt>
      <trkpt lat="37.474516443908214569091796875" lon="126.959241963922977447509765625">
        <ele>65.1999969482421875</ele>
        <time>2026-06-01T23:36:47.000Z</time>
        <extensions>
          <ns3:TrackPointExtension>
            <ns3:hr>148</ns3:hr>
            <ns3:cad>84</ns3:cad>
          </ns3:TrackPointExtension>
        </extensions>
      </trkpt>
      <trkpt lat="37.47447721660137176513671875" lon="126.95924095809459686279296875">
        <ele>65.1999969482421875</ele>
        <time>2026-06-01T23:36:48.000Z</time>
        <extensions>
          <ns3:TrackPointExtension>
            <ns3:hr>148</ns3:hr>
            <ns3:cad>84</ns3:cad>
          </ns3:TrackPointExtension>
        </extensions>
      </trkpt>
      <trkpt lat="37.4744592793285846710205078125" lon="126.95924699306488037109375">
        <ele>65</ele>
        <time>2026-06-01T23:36:49.000Z</time>
        <extensions>
          <ns3:TrackPointExtension>
            <ns3:hr>148</ns3:hr>
            <ns3:cad>84</ns3:cad>
          </ns3:TrackPointExtension>
        </extensions>
      </trkpt>
      <trkpt lat="37.47442491352558135986328125" lon="126.95925034582614898681640625">
        <ele>65.1999969482421875</ele>
        <time>2026-06-01T23:36:50.000Z</time>
        <extensions>
          <ns3:TrackPointExtension>
            <ns3:hr>148</ns3:hr>
            <ns3:cad>84</ns3:cad>
          </ns3:TrackPointExtension>
        </extensions>
      </trkpt>
      <trkpt lat="37.4744016118347644805908203125" lon="126.95925646461546421051025390625">
        <ele>65.40000152587890625</ele>
        <time>2026-06-01T23:36:51.000Z</time>
        <extensions>
          <ns3:TrackPointExtension>
            <ns3:hr>148</ns3:hr>
            <ns3:cad>84</ns3:cad>
          </ns3:TrackPointExtension>
        </extensions>
      </trkpt>
      <trkpt lat="37.474376298487186431884765625" lon="126.95925772190093994140625">
        <ele>65.40000152587890625</ele>
        <time>2026-06-01T23:36:52.000Z</time>
        <extensions>
          <ns3:TrackPointExtension>
            <ns3:hr>149</ns3:hr>
            <ns3:cad>84</ns3:cad>
          </ns3:TrackPointExtension>
        </extensions>
      </trkpt>
      <trkpt lat="37.4743479676544666290283203125" lon="126.9592548720538616180419921875">
        <ele>65.59999847412109375</ele>
        <time>2026-06-01T23:36:53.000Z</time>
        <extensions>
          <ns3:TrackPointExtension>
            <ns3:hr>149</ns3:hr>
            <ns3:cad>85</ns3:cad>
          </ns3:TrackPointExtension>
        </extensions>
      </trkpt>
      <trkpt lat="37.47432793490588665008544921875" lon="126.95926249958574771881103515625">
        <ele>65.8000030517578125</ele>
        <time>2026-06-01T23:36:54.000Z</time>
        <extensions>
          <ns3:TrackPointExtension>
            <ns3:hr>149</ns3:hr>
            <ns3:cad>85</ns3:cad>
          </ns3:TrackPointExtension>
        </extensions>
      </trkpt>
      <trkpt lat="37.474292479455471038818359375" lon="126.95926182903349399566650390625">
        <ele>65.8000030517578125</ele>
        <time>2026-06-01T23:36:55.000Z</time>
        <extensions>
          <ns3:TrackPointExtension>
            <ns3:hr>149</ns3:hr>
            <ns3:cad>85</ns3:cad>
          </ns3:TrackPointExtension>
        </extensions>
      </trkpt>
      <trkpt lat="37.4742718599736690521240234375" lon="126.9592669419944286346435546875">
        <ele>66</ele>
        <time>2026-06-01T23:36:56.000Z</time>
        <extensions>
          <ns3:TrackPointExtension>
            <ns3:hr>149</ns3:hr>
            <ns3:cad>84</ns3:cad>
          </ns3:TrackPointExtension>
        </extensions>
      </trkpt>
      <trkpt lat="37.47424109838902950286865234375" lon="126.95927641354501247406005859375">
        <ele>66</ele>
        <time>2026-06-01T23:36:57.000Z</time>
        <extensions>
          <ns3:TrackPointExtension>
            <ns3:hr>149</ns3:hr>
            <ns3:cad>84</ns3:cad>
          </ns3:TrackPointExtension>
        </extensions>
      </trkpt>
      <trkpt lat="37.474212683737277984619140625" lon="126.9592780061066150665283203125">
        <ele>66.1999969482421875</ele>
        <time>2026-06-01T23:36:58.000Z</time>
        <extensions>
          <ns3:TrackPointExtension>
            <ns3:hr>149</ns3:hr>
            <ns3:cad>84</ns3:cad>
          </ns3:TrackPointExtension>
        </extensions>
      </trkpt>
      <trkpt lat="37.4741883762180805206298828125" lon="126.9592880643904209136962890625">
        <ele>66.40000152587890625</ele>
        <time>2026-06-01T23:36:59.000Z</time>
        <extensions>
          <ns3:TrackPointExtension>
            <ns3:hr>149</ns3:hr>
            <ns3:cad>84</ns3:cad>
          </ns3:TrackPointExtension>
        </extensions>
      </trkpt>
      <trkpt lat="37.4741585366427898406982421875" lon="126.9592894054949283599853515625">
        <ele>66.1999969482421875</ele>
        <time>2026-06-01T23:37:00.000Z</time>
        <extensions>
          <ns3:TrackPointExtension>
            <ns3:hr>149</ns3:hr>
            <ns3:cad>85</ns3:cad>
          </ns3:TrackPointExtension>
        </extensions>
      </trkpt>
      <trkpt lat="37.47414386831223964691162109375" lon="126.9592954404652118682861328125">
        <ele>66.1999969482421875</ele>
        <time>2026-06-01T23:37:01.000Z</time>
        <extensions>
          <ns3:TrackPointExtension>
            <ns3:hr>149</ns3:hr>
            <ns3:cad>85</ns3:cad>
          </ns3:TrackPointExtension>
        </extensions>
      </trkpt>
      <trkpt lat="37.47411050833761692047119140625" lon="126.95930373854935169219970703125">
        <ele>66.40000152587890625</ele>
        <time>2026-06-01T23:37:02.000Z</time>
        <extensions>
          <ns3:TrackPointExtension>
            <ns3:hr>149</ns3:hr>
            <ns3:cad>85</ns3:cad>
          </ns3:TrackPointExtension>
        </extensions>
      </trkpt>
      <trkpt lat="37.47408787719905376434326171875" lon="126.95930575020611286163330078125">
        <ele>66.40000152587890625</ele>
        <time>2026-06-01T23:37:03.000Z</time>
        <extensions>
          <ns3:TrackPointExtension>
            <ns3:hr>149</ns3:hr>
            <ns3:cad>85</ns3:cad>
          </ns3:TrackPointExtension>
        </extensions>
      </trkpt>
      <trkpt lat="37.47406373731791973114013671875" lon="126.95930876769125461578369140625">
        <ele>66.40000152587890625</ele>
        <time>2026-06-01T23:37:04.000Z</time>
        <extensions>
          <ns3:TrackPointExtension>
            <ns3:hr>149</ns3:hr>
            <ns3:cad>85</ns3:cad>
          </ns3:TrackPointExtension>
        </extensions>
      </trkpt>
      <trkpt lat="37.47403373010456562042236328125" lon="126.95930222980678081512451171875">
        <ele>66.59999847412109375</ele>
        <time>2026-06-01T23:37:05.000Z</time>
        <extensions>
          <ns3:TrackPointExtension>
            <ns3:hr>149</ns3:hr>
            <ns3:cad>86</ns3:cad>
          </ns3:TrackPointExtension>
        </extensions>
      </trkpt>
      <trkpt lat="37.47401428408920764923095703125" lon="126.95929770357906818389892578125">
        <ele>66.59999847412109375</ele>
        <time>2026-06-01T23:37:06.000Z</time>
        <extensions>
          <ns3:TrackPointExtension>
            <ns3:hr>149</ns3:hr>
            <ns3:cad>86</ns3:cad>
          </ns3:TrackPointExtension>
        </extensions>
      </trkpt>
      <trkpt lat="37.47397832572460174560546875" lon="126.95929552428424358367919921875">
        <ele>66.8000030517578125</ele>
        <time>2026-06-01T23:37:07.000Z</time>
        <extensions>
          <ns3:TrackPointExtension>
            <ns3:hr>148</ns3:hr>
            <ns3:cad>86</ns3:cad>
          </ns3:TrackPointExtension>
        </extensions>
      </trkpt>
      <trkpt lat="37.47395846061408519744873046875" lon="126.95929954759776592254638671875">
        <ele>66.8000030517578125</ele>
        <time>2026-06-01T23:37:08.000Z</time>
        <extensions>
          <ns3:TrackPointExtension>
            <ns3:hr>148</ns3:hr>
            <ns3:cad>84</ns3:cad>
          </ns3:TrackPointExtension>
        </extensions>
      </trkpt>
      <trkpt lat="37.473924346268177032470703125" lon="126.9592924229800701141357421875">
        <ele>66.8000030517578125</ele>
        <time>2026-06-01T23:37:09.000Z</time>
        <extensions>
          <ns3:TrackPointExtension>
            <ns3:hr>148</ns3:hr>
            <ns3:cad>84</ns3:cad>
          </ns3:TrackPointExtension>
        </extensions>
      </trkpt>
      <trkpt lat="37.4738953448832035064697265625" lon="126.959284879267215728759765625">
        <ele>67</ele>
        <time>2026-06-01T23:37:10.000Z</time>
        <extensions>
          <ns3:TrackPointExtension>
            <ns3:hr>149</ns3:hr>
            <ns3:cad>84</ns3:cad>
          </ns3:TrackPointExtension>
        </extensions>
      </trkpt>
      <trkpt lat="37.4738748930394649505615234375" lon="126.95927607826888561248779296875">
        <ele>66.8000030517578125</ele>
        <time>2026-06-01T23:37:11.000Z</time>
        <extensions>
          <ns3:TrackPointExtension>
            <ns3:hr>148</ns3:hr>
            <ns3:cad>84</ns3:cad>
          </ns3:TrackPointExtension>
        </extensions>
      </trkpt>
      <trkpt lat="37.47384413145482540130615234375" lon="126.95927188731729984283447265625">
        <ele>66.8000030517578125</ele>
        <time>2026-06-01T23:37:12.000Z</time>
        <extensions>
          <ns3:TrackPointExtension>
            <ns3:hr>148</ns3:hr>
            <ns3:cad>84</ns3:cad>
          </ns3:TrackPointExtension>
        </extensions>
      </trkpt>
      <trkpt lat="37.47382820583879947662353515625" lon="126.9592743180692195892333984375">
        <ele>66.8000030517578125</ele>
        <time>2026-06-01T23:37:13.000Z</time>
        <extensions>
          <ns3:TrackPointExtension>
            <ns3:hr>148</ns3:hr>
            <ns3:cad>84</ns3:cad>
          </ns3:TrackPointExtension>
        </extensions>
      </trkpt>
      <trkpt lat="37.4738194048404693603515625" lon="126.95930290035903453826904296875">
        <ele>66.8000030517578125</ele>
        <time>2026-06-01T23:37:14.000Z</time>
        <extensions>
          <ns3:TrackPointExtension>
            <ns3:hr>149</ns3:hr>
            <ns3:cad>84</ns3:cad>
          </ns3:TrackPointExtension>
        </extensions>
      </trkpt>
      <trkpt lat="37.4738249368965625762939453125" lon="126.959316730499267578125">
        <ele>67.1999969482421875</ele>
        <time>2026-06-01T23:37:15.000Z</time>
        <extensions>
          <ns3:TrackPointExtension>
            <ns3:hr>148</ns3:hr>
            <ns3:cad>84</ns3:cad>
          </ns3:TrackPointExtension>
        </extensions>
      </trkpt>
      <trkpt lat="37.47384144924581050872802734375" lon="126.95933458395302295684814453125">
        <ele>67.40000152587890625</ele>
        <time>2026-06-01T23:37:16.000Z</time>
        <extensions>
          <ns3:TrackPointExtension>
            <ns3:hr>148</ns3:hr>
            <ns3:cad>84</ns3:cad>
          </ns3:TrackPointExtension>
        </extensions>
      </trkpt>
      <trkpt lat="37.47386030852794647216796875" lon="126.959358640015125274658203125">
        <ele>67.8000030517578125</ele>
        <time>2026-06-01T23:37:17.000Z</time>
        <extensions>
          <ns3:TrackPointExtension>
            <ns3:hr>148</ns3:hr>
            <ns3:cad>84</ns3:cad>
          </ns3:TrackPointExtension>
        </extensions>
      </trkpt>
      <trkpt lat="37.473873384296894073486328125" lon="126.959372721612453460693359375">
        <ele>68</ele>
        <time>2026-06-01T23:37:18.000Z</time>
        <extensions>
          <ns3:TrackPointExtension>
            <ns3:hr>147</ns3:hr>
            <ns3:cad>84</ns3:cad>
          </ns3:TrackPointExtension>
        </extensions>
      </trkpt>
      <trkpt lat="37.47389391995966434478759765625" lon="126.95940080098807811737060546875">
        <ele>68.40000152587890625</ele>
        <time>2026-06-01T23:37:19.000Z</time>
        <extensions>
          <ns3:TrackPointExtension>
            <ns3:hr>147</ns3:hr>
            <ns3:cad>84</ns3:cad>
          </ns3:TrackPointExtension>
        </extensions>
      </trkpt>
      <trkpt lat="37.47390925884246826171875" lon="126.95942142046988010406494140625">
        <ele>68.59999847412109375</ele>
        <time>2026-06-01T23:37:20.000Z</time>
        <extensions>
          <ns3:TrackPointExtension>
            <ns3:hr>147</ns3:hr>
            <ns3:cad>84</ns3:cad>
          </ns3:TrackPointExtension>
        </extensions>
      </trkpt>
      <trkpt lat="37.4739228375256061553955078125" lon="126.959446482360363006591796875">
        <ele>68.8000030517578125</ele>
        <time>2026-06-01T23:37:21.000Z</time>
        <extensions>
          <ns3:TrackPointExtension>
            <ns3:hr>147</ns3:hr>
            <ns3:cad>83</ns3:cad>
          </ns3:TrackPointExtension>
        </extensions>
      </trkpt>
      <trkpt lat="37.47391738928854465484619140625" lon="126.9594734720885753631591796875">
        <ele>68.8000030517578125</ele>
        <time>2026-06-01T23:37:22.000Z</time>
        <extensions>
          <ns3:TrackPointExtension>
            <ns3:hr>147</ns3:hr>
            <ns3:cad>83</ns3:cad>
          </ns3:TrackPointExtension>
        </extensions>
      </trkpt>
      <trkpt lat="37.47390414588153362274169921875" lon="126.959496103227138519287109375">
        <ele>68.59999847412109375</ele>
        <time>2026-06-01T23:37:23.000Z</time>
        <extensions>
          <ns3:TrackPointExtension>
            <ns3:hr>147</ns3:hr>
            <ns3:cad>83</ns3:cad>
          </ns3:TrackPointExtension>
        </extensions>
      </trkpt>
      <trkpt lat="37.4738784134387969970703125" lon="126.95951747708022594451904296875">
        <ele>68.40000152587890625</ele>
        <time>2026-06-01T23:37:24.000Z</time>
        <extensions>
          <ns3:TrackPointExtension>
            <ns3:hr>147</ns3:hr>
            <ns3:cad>83</ns3:cad>
          </ns3:TrackPointExtension>
        </extensions>
      </trkpt>
      <trkpt lat="37.4738581292331218719482421875" lon="126.9595353305339813232421875">
        <ele>68.1999969482421875</ele>
        <time>2026-06-01T23:37:25.000Z</time>
        <extensions>
          <ns3:TrackPointExtension>
            <ns3:hr>147</ns3:hr>
            <ns3:cad>83</ns3:cad>
          </ns3:TrackPointExtension>
        </extensions>
      </trkpt>
      <trkpt lat="37.47384128160774707794189453125" lon="126.9595566205680370330810546875">
        <ele>68.1999969482421875</ele>
        <time>2026-06-01T23:37:26.000Z</time>
        <extensions>
          <ns3:TrackPointExtension>
            <ns3:hr>147</ns3:hr>
            <ns3:cad>83</ns3:cad>
          </ns3:TrackPointExtension>
        </extensions>
      </trkpt>
      <trkpt lat="37.47380993328988552093505859375" lon="126.9595747254788875579833984375">
        <ele>68.1999969482421875</ele>
        <time>2026-06-01T23:37:27.000Z</time>
        <extensions>
          <ns3:TrackPointExtension>
            <ns3:hr>146</ns3:hr>
            <ns3:cad>84</ns3:cad>
          </ns3:TrackPointExtension>
        </extensions>
      </trkpt>
      <trkpt lat="37.47379283420741558074951171875" lon="126.95959635078907012939453125">
        <ele>68.40000152587890625</ele>
        <time>2026-06-01T23:37:28.000Z</time>
        <extensions>
          <ns3:TrackPointExtension>
            <ns3:hr>147</ns3:hr>
            <ns3:cad>84</ns3:cad>
          </ns3:TrackPointExtension>
        </extensions>
      </trkpt>
      <trkpt lat="37.473760060966014862060546875" lon="126.9596206583082675933837890625">
        <ele>68.40000152587890625</ele>
        <time>2026-06-01T23:37:29.000Z</time>
        <extensions>
          <ns3:TrackPointExtension>
            <ns3:hr>147</ns3:hr>
            <ns3:cad>84</ns3:cad>
          </ns3:TrackPointExtension>
        </extensions>
      </trkpt>
      <trkpt lat="37.47374069876968860626220703125" lon="126.95964069105684757232666015625">
        <ele>68.40000152587890625</ele>
        <time>2026-06-01T23:37:30.000Z</time>
        <extensions>
          <ns3:TrackPointExtension>
            <ns3:hr>147</ns3:hr>
            <ns3:cad>84</ns3:cad>
          </ns3:TrackPointExtension>
        </extensions>
      </trkpt>
      <trkpt lat="37.47371815145015716552734375" lon="126.95966281928122043609619140625">
        <ele>68.40000152587890625</ele>
        <time>2026-06-01T23:37:31.000Z</time>
        <extensions>
          <ns3:TrackPointExtension>
            <ns3:hr>147</ns3:hr>
            <ns3:cad>84</ns3:cad>
          </ns3:TrackPointExtension>
        </extensions>
      </trkpt>
      <trkpt lat="37.47368822805583477020263671875" lon="126.959675140678882598876953125">
        <ele>68.40000152587890625</ele>
        <time>2026-06-01T23:37:32.000Z</time>
        <extensions>
          <ns3:TrackPointExtension>
            <ns3:hr>146</ns3:hr>
            <ns3:cad>84</ns3:cad>
          </ns3:TrackPointExtension>
        </extensions>
      </trkpt>
      <trkpt lat="37.473672218620777130126953125" lon="126.95969131775200366973876953125">
        <ele>68.40000152587890625</ele>
        <time>2026-06-01T23:37:33.000Z</time>
        <extensions>
          <ns3:TrackPointExtension>
            <ns3:hr>147</ns3:hr>
            <ns3:cad>84</ns3:cad>
          </ns3:TrackPointExtension>
        </extensions>
      </trkpt>
      <trkpt lat="37.47363106347620487213134765625" lon="126.9596897251904010772705078125">
        <ele>68.40000152587890625</ele>
        <time>2026-06-01T23:37:34.000Z</time>
        <extensions>
          <ns3:TrackPointExtension>
            <ns3:hr>147</ns3:hr>
            <ns3:cad>84</ns3:cad>
          </ns3:TrackPointExtension>
        </extensions>
      </trkpt>
      <trkpt lat="37.4736070074141025543212890625" lon="126.959689222276210784912109375">
        <ele>68.59999847412109375</ele>
        <time>2026-06-01T23:37:35.000Z</time>
        <extensions>
          <ns3:TrackPointExtension>
            <ns3:hr>147</ns3:hr>
            <ns3:cad>84</ns3:cad>
          </ns3:TrackPointExtension>
        </extensions>
      </trkpt>
      <trkpt lat="37.4735748209059238433837890625" lon="126.95968176238238811492919921875">
        <ele>68.59999847412109375</ele>
        <time>2026-06-01T23:37:36.000Z</time>
        <extensions>
          <ns3:TrackPointExtension>
            <ns3:hr>147</ns3:hr>
            <ns3:cad>84</ns3:cad>
          </ns3:TrackPointExtension>
        </extensions>
      </trkpt>
      <trkpt lat="37.47354841791093349456787109375" lon="126.9596639089286327362060546875">
        <ele>68.8000030517578125</ele>
        <time>2026-06-01T23:37:37.000Z</time>
        <extensions>
          <ns3:TrackPointExtension>
            <ns3:hr>146</ns3:hr>
            <ns3:cad>84</ns3:cad>
          </ns3:TrackPointExtension>
        </extensions>
      </trkpt>
      <trkpt lat="37.47352880425751209259033203125" lon="126.9596481509506702423095703125">
        <ele>68.8000030517578125</ele>
        <time>2026-06-01T23:37:38.000Z</time>
        <extensions>
          <ns3:TrackPointExtension>
            <ns3:hr>146</ns3:hr>
            <ns3:cad>84</ns3:cad>
          </ns3:TrackPointExtension>
        </extensions>
      </trkpt>
      <trkpt lat="37.47350499965250492095947265625" lon="126.9596166349947452545166015625">
        <ele>68.8000030517578125</ele>
        <time>2026-06-01T23:37:39.000Z</time>
        <extensions>
          <ns3:TrackPointExtension>
            <ns3:hr>146</ns3:hr>
            <ns3:cad>84</ns3:cad>
          </ns3:TrackPointExtension>
        </extensions>
      </trkpt>
      <trkpt lat="37.47349007986485958099365234375" lon="126.959600038826465606689453125">
        <ele>68.8000030517578125</ele>
        <time>2026-06-01T23:37:40.000Z</time>
        <extensions>
          <ns3:TrackPointExtension>
            <ns3:hr>145</ns3:hr>
            <ns3:cad>85</ns3:cad>
          </ns3:TrackPointExtension>
        </extensions>
      </trkpt>
      <trkpt lat="37.47346342541277408599853515625" lon="126.95956860668957233428955078125">
        <ele>68.8000030517578125</ele>
        <time>2026-06-01T23:37:41.000Z</time>
        <extensions>
          <ns3:TrackPointExtension>
            <ns3:hr>145</ns3:hr>
            <ns3:cad>85</ns3:cad>
          </ns3:TrackPointExtension>
        </extensions>
      </trkpt>
      <trkpt lat="37.47344481758773326873779296875" lon="126.95953977294266223907470703125">
        <ele>68.8000030517578125</ele>
        <time>2026-06-01T23:37:42.000Z</time>
        <extensions>
          <ns3:TrackPointExtension>
            <ns3:hr>145</ns3:hr>
            <ns3:cad>85</ns3:cad>
          </ns3:TrackPointExtension>
        </extensions>
      </trkpt>
      <trkpt lat="37.473438866436481475830078125" lon="126.9595123641192913055419921875">
        <ele>68.8000030517578125</ele>
        <time>2026-06-01T23:37:43.000Z</time>
        <extensions>
          <ns3:TrackPointExtension>
            <ns3:hr>145</ns3:hr>
            <ns3:cad>85</ns3:cad>
          </ns3:TrackPointExtension>
        </extensions>
      </trkpt>
      <trkpt lat="37.47345252893865108489990234375" lon="126.9594805128872394561767578125">
        <ele>69</ele>
        <time>2026-06-01T23:37:44.000Z</time>
        <extensions>
          <ns3:TrackPointExtension>
            <ns3:hr>146</ns3:hr>
            <ns3:cad>85</ns3:cad>
          </ns3:TrackPointExtension>
        </extensions>
      </trkpt>
      <trkpt lat="37.473469041287899017333984375" lon="126.9594587199389934539794921875">
        <ele>69</ele>
        <time>2026-06-01T23:37:45.000Z</time>
        <extensions>
          <ns3:TrackPointExtension>
            <ns3:hr>145</ns3:hr>
            <ns3:cad>84</ns3:cad>
          </ns3:TrackPointExtension>
        </extensions>
      </trkpt>
      <trkpt lat="37.4734936840832233428955078125" lon="126.9594285450875759124755859375">
        <ele>68.8000030517578125</ele>
        <time>2026-06-01T23:37:46.000Z</time>
        <extensions>
          <ns3:TrackPointExtension>
            <ns3:hr>145</ns3:hr>
            <ns3:cad>84</ns3:cad>
          </ns3:TrackPointExtension>
        </extensions>
      </trkpt>
      <trkpt lat="37.47350759804248809814453125" lon="126.95939007215201854705810546875">
        <ele>68.59999847412109375</ele>
        <time>2026-06-01T23:37:47.000Z</time>
        <extensions>
          <ns3:TrackPointExtension>
            <ns3:hr>145</ns3:hr>
            <ns3:cad>84</ns3:cad>
          </ns3:TrackPointExtension>
        </extensions>
      </trkpt>
      <trkpt lat="37.473503239452838897705078125" lon="126.9593614898622035980224609375">
        <ele>68.40000152587890625</ele>
        <time>2026-06-01T23:37:48.000Z</time>
        <extensions>
          <ns3:TrackPointExtension>
            <ns3:hr>145</ns3:hr>
            <ns3:cad>84</ns3:cad>
          </ns3:TrackPointExtension>
        </extensions>
      </trkpt>
      <trkpt lat="37.47348873876035213470458984375" lon="126.959327794611454010009765625">
        <ele>68</ele>
        <time>2026-06-01T23:37:49.000Z</time>
        <extensions>
          <ns3:TrackPointExtension>
            <ns3:hr>145</ns3:hr>
            <ns3:cad>83</ns3:cad>
          </ns3:TrackPointExtension>
        </extensions>
      </trkpt>
      <trkpt lat="37.47347499243915081024169921875" lon="126.95931471884250640869140625">
        <ele>67.8000030517578125</ele>
        <time>2026-06-01T23:37:50.000Z</time>
        <extensions>
          <ns3:TrackPointExtension>
            <ns3:hr>145</ns3:hr>
            <ns3:cad>83</ns3:cad>
          </ns3:TrackPointExtension>
        </extensions>
      </trkpt>
      <trkpt lat="37.47344699688255786895751953125" lon="126.95929032750427722930908203125">
        <ele>67.8000030517578125</ele>
        <time>2026-06-01T23:37:51.000Z</time>
        <extensions>
          <ns3:TrackPointExtension>
            <ns3:hr>144</ns3:hr>
            <ns3:cad>84</ns3:cad>
          </ns3:TrackPointExtension>
        </extensions>
      </trkpt>
      <trkpt lat="37.47342872433364391326904296875" lon="126.9592713005840778350830078125">
        <ele>67.8000030517578125</ele>
        <time>2026-06-01T23:37:52.000Z</time>
        <extensions>
          <ns3:TrackPointExtension>
            <ns3:hr>144</ns3:hr>
            <ns3:cad>84</ns3:cad>
          </ns3:TrackPointExtension>
        </extensions>
      </trkpt>
      <trkpt lat="37.47340969741344451904296875" lon="126.959256716072559356689453125">
        <ele>67.8000030517578125</ele>
        <time>2026-06-01T23:37:53.000Z</time>
        <extensions>
          <ns3:TrackPointExtension>
            <ns3:hr>144</ns3:hr>
            <ns3:cad>84</ns3:cad>
          </ns3:TrackPointExtension>
        </extensions>
      </trkpt>
      <trkpt lat="37.47338698245584964752197265625" lon="126.9592320732772350311279296875">
        <ele>67.8000030517578125</ele>
        <time>2026-06-01T23:37:54.000Z</time>
        <extensions>
          <ns3:TrackPointExtension>
            <ns3:hr>143</ns3:hr>
            <ns3:cad>84</ns3:cad>
          </ns3:TrackPointExtension>
        </extensions>
      </trkpt>
      <trkpt lat="37.47336971573531627655029296875" lon="126.95922427810728549957275390625">
        <ele>67.8000030517578125</ele>
        <time>2026-06-01T23:37:55.000Z</time>
        <extensions>
          <ns3:TrackPointExtension>
            <ns3:hr>143</ns3:hr>
            <ns3:cad>84</ns3:cad>
          </ns3:TrackPointExtension>
        </extensions>
      </trkpt>
      <trkpt lat="37.47334088198840618133544921875" lon="126.95920064114034175872802734375">
        <ele>67.8000030517578125</ele>
        <time>2026-06-01T23:37:56.000Z</time>
        <extensions>
          <ns3:TrackPointExtension>
            <ns3:hr>143</ns3:hr>
            <ns3:cad>84</ns3:cad>
          </ns3:TrackPointExtension>
        </extensions>
      </trkpt>
      <trkpt lat="37.47331917285919189453125" lon="126.95918555371463298797607421875">
        <ele>67.8000030517578125</ele>
        <time>2026-06-01T23:37:57.000Z</time>
        <extensions>
          <ns3:TrackPointExtension>
            <ns3:hr>142</ns3:hr>
            <ns3:cad>84</ns3:cad>
          </ns3:TrackPointExtension>
        </extensions>
      </trkpt>
      <trkpt lat="37.47329629026353359222412109375" lon="126.95917390286922454833984375">
        <ele>67.8000030517578125</ele>
        <time>2026-06-01T23:37:58.000Z</time>
        <extensions>
          <ns3:TrackPointExtension>
            <ns3:hr>142</ns3:hr>
            <ns3:cad>84</ns3:cad>
          </ns3:TrackPointExtension>
        </extensions>
      </trkpt>
      <trkpt lat="37.47326997108757495880126953125" lon="126.95915336720645427703857421875">
        <ele>67.8000030517578125</ele>
        <time>2026-06-01T23:37:59.000Z</time>
        <extensions>
          <ns3:TrackPointExtension>
            <ns3:hr>142</ns3:hr>
            <ns3:cad>84</ns3:cad>
          </ns3:TrackPointExtension>
        </extensions>
      </trkpt>
      <trkpt lat="37.4732502736151218414306640625" lon="126.95915244519710540771484375">
        <ele>67.8000030517578125</ele>
        <time>2026-06-01T23:38:00.000Z</time>
        <extensions>
          <ns3:TrackPointExtension>
            <ns3:hr>142</ns3:hr>
            <ns3:cad>84</ns3:cad>
          </ns3:TrackPointExtension>
        </extensions>
      </trkpt>
      <trkpt lat="37.4732133932411670684814453125" lon="126.959144733846187591552734375">
        <ele>68</ele>
        <time>2026-06-01T23:38:01.000Z</time>
        <extensions>
          <ns3:TrackPointExtension>
            <ns3:hr>142</ns3:hr>
            <ns3:cad>84</ns3:cad>
          </ns3:TrackPointExtension>
        </extensions>
      </trkpt>
      <trkpt lat="37.47319185175001621246337890625" lon="126.9591437280178070068359375">
        <ele>68</ele>
        <time>2026-06-01T23:38:02.000Z</time>
        <extensions>
          <ns3:TrackPointExtension>
            <ns3:hr>142</ns3:hr>
            <ns3:cad>84</ns3:cad>
          </ns3:TrackPointExtension>
        </extensions>
      </trkpt>
      <trkpt lat="37.47316285036504268646240234375" lon="126.95913811214268207550048828125">
        <ele>68</ele>
        <time>2026-06-01T23:38:03.000Z</time>
        <extensions>
          <ns3:TrackPointExtension>
            <ns3:hr>142</ns3:hr>
            <ns3:cad>84</ns3:cad>
          </ns3:TrackPointExtension>
        </extensions>
      </trkpt>
      <trkpt lat="37.473133094608783721923828125" lon="126.95912855677306652069091796875">
        <ele>68</ele>
        <time>2026-06-01T23:38:04.000Z</time>
        <extensions>
          <ns3:TrackPointExtension>
            <ns3:hr>141</ns3:hr>
            <ns3:cad>84</ns3:cad>
          </ns3:TrackPointExtension>
        </extensions>
      </trkpt>
      <trkpt lat="37.47311306186020374298095703125" lon="126.95912704803049564361572265625">
        <ele>68.1999969482421875</ele>
        <time>2026-06-01T23:38:05.000Z</time>
        <extensions>
          <ns3:TrackPointExtension>
            <ns3:hr>141</ns3:hr>
            <ns3:cad>84</ns3:cad>
          </ns3:TrackPointExtension>
        </extensions>
      </trkpt>
      <trkpt lat="37.47308204881846904754638671875" lon="126.95911447517573833465576171875">
        <ele>68.1999969482421875</ele>
        <time>2026-06-01T23:38:06.000Z</time>
        <extensions>
          <ns3:TrackPointExtension>
            <ns3:hr>141</ns3:hr>
            <ns3:cad>84</ns3:cad>
          </ns3:TrackPointExtension>
        </extensions>
      </trkpt>
      <trkpt lat="37.47306327335536479949951171875" lon="126.95911279879510402679443359375">
        <ele>68.1999969482421875</ele>
        <time>2026-06-01T23:38:07.000Z</time>
        <extensions>
          <ns3:TrackPointExtension>
            <ns3:hr>141</ns3:hr>
            <ns3:cad>85</ns3:cad>
          </ns3:TrackPointExtension>
        </extensions>
      </trkpt>
      <trkpt lat="37.473033182322978973388671875" lon="126.9591029919683933258056640625">
        <ele>68.1999969482421875</ele>
        <time>2026-06-01T23:38:08.000Z</time>
        <extensions>
          <ns3:TrackPointExtension>
            <ns3:hr>141</ns3:hr>
            <ns3:cad>84</ns3:cad>
          </ns3:TrackPointExtension>
        </extensions>
      </trkpt>
      <trkpt lat="37.4730088748037815093994140625" lon="126.9590932689607143402099609375">
        <ele>68.1999969482421875</ele>
        <time>2026-06-01T23:38:09.000Z</time>
        <extensions>
          <ns3:TrackPointExtension>
            <ns3:hr>141</ns3:hr>
            <ns3:cad>84</ns3:cad>
          </ns3:TrackPointExtension>
        </extensions>
      </trkpt>
      <trkpt lat="37.47298297472298145294189453125" lon="126.9590879045426845550537109375">
        <ele>68.1999969482421875</ele>
        <time>2026-06-01T23:38:10.000Z</time>
        <extensions>
          <ns3:TrackPointExtension>
            <ns3:hr>140</ns3:hr>
            <ns3:cad>84</ns3:cad>
          </ns3:TrackPointExtension>
        </extensions>
      </trkpt>
      <trkpt lat="37.47295112349092960357666015625" lon="126.9590741582214832305908203125">
        <ele>68</ele>
        <time>2026-06-01T23:38:11.000Z</time>
        <extensions>
          <ns3:TrackPointExtension>
            <ns3:hr>141</ns3:hr>
            <ns3:cad>84</ns3:cad>
          </ns3:TrackPointExtension>
        </extensions>
      </trkpt>
      <trkpt lat="37.47292966581881046295166015625" lon="126.9590738229453563690185546875">
        <ele>68</ele>
        <time>2026-06-01T23:38:12.000Z</time>
        <extensions>
          <ns3:TrackPointExtension>
            <ns3:hr>140</ns3:hr>
            <ns3:cad>84</ns3:cad>
          </ns3:TrackPointExtension>
        </extensions>
      </trkpt>
      <trkpt lat="37.4728938750922679901123046875" lon="126.959056220948696136474609375">
        <ele>68.1999969482421875</ele>
        <time>2026-06-01T23:38:13.000Z</time>
        <extensions>
          <ns3:TrackPointExtension>
            <ns3:hr>140</ns3:hr>
            <ns3:cad>85</ns3:cad>
          </ns3:TrackPointExtension>
        </extensions>
      </trkpt>
      <trkpt lat="37.4728730879724025726318359375" lon="126.9590423069894313812255859375">
        <ele>68.1999969482421875</ele>
        <time>2026-06-01T23:38:14.000Z</time>
        <extensions>
          <ns3:TrackPointExtension>
            <ns3:hr>140</ns3:hr>
            <ns3:cad>85</ns3:cad>
          </ns3:TrackPointExtension>
        </extensions>
      </trkpt>
      <trkpt lat="37.4728466011583805084228515625" lon="126.95903099142014980316162109375">
        <ele>68.1999969482421875</ele>
        <time>2026-06-01T23:38:15.000Z</time>
        <extensions>
          <ns3:TrackPointExtension>
            <ns3:hr>139</ns3:hr>
            <ns3:cad>85</ns3:cad>
          </ns3:TrackPointExtension>
        </extensions>
      </trkpt>
      <trkpt lat="37.47281634248793125152587890625" lon="126.95902093313634395599365234375">
        <ele>68.1999969482421875</ele>
        <time>2026-06-01T23:38:16.000Z</time>
        <extensions>
          <ns3:TrackPointExtension>
            <ns3:hr>139</ns3:hr>
            <ns3:cad>85</ns3:cad>
          </ns3:TrackPointExtension>
        </extensions>
      </trkpt>
      <trkpt lat="37.4727953039109706878662109375" lon="126.95902009494602680206298828125">
        <ele>68.1999969482421875</ele>
        <time>2026-06-01T23:38:17.000Z</time>
        <extensions>
          <ns3:TrackPointExtension>
            <ns3:hr>139</ns3:hr>
            <ns3:cad>85</ns3:cad>
          </ns3:TrackPointExtension>
        </extensions>
      </trkpt>
      <trkpt lat="37.47276068665087223052978515625" lon="126.9590071029961109161376953125">
        <ele>68.1999969482421875</ele>
        <time>2026-06-01T23:38:18.000Z</time>
        <extensions>
          <ns3:TrackPointExtension>
            <ns3:hr>139</ns3:hr>
            <ns3:cad>85</ns3:cad>
          </ns3:TrackPointExtension>
        </extensions>
      </trkpt>
      <trkpt lat="37.4727419950067996978759765625" lon="126.95900064893066883087158203125">
        <ele>68.1999969482421875</ele>
        <time>2026-06-01T23:38:19.000Z</time>
        <extensions>
          <ns3:TrackPointExtension>
            <ns3:hr>140</ns3:hr>
            <ns3:cad>84</ns3:cad>
          </ns3:TrackPointExtension>
        </extensions>
      </trkpt>
      <trkpt lat="37.47271232306957244873046875" lon="126.95898623205721378326416015625">
        <ele>68.1999969482421875</ele>
        <time>2026-06-01T23:38:20.000Z</time>
        <extensions>
          <ns3:TrackPointExtension>
            <ns3:hr>139</ns3:hr>
            <ns3:cad>84</ns3:cad>
          </ns3:TrackPointExtension>
        </extensions>
      </trkpt>
      <trkpt lat="37.47268415987491607666015625" lon="126.958971731364727020263671875">
        <ele>68.1999969482421875</ele>
        <time>2026-06-01T23:38:21.000Z</time>
        <extensions>
          <ns3:TrackPointExtension>
            <ns3:hr>139</ns3:hr>
            <ns3:cad>84</ns3:cad>
          </ns3:TrackPointExtension>
        </extensions>
      </trkpt>
      <trkpt lat="37.47265708632767200469970703125" lon="126.9589621759951114654541015625">
        <ele>68.1999969482421875</ele>
        <time>2026-06-01T23:38:22.000Z</time>
        <extensions>
          <ns3:TrackPointExtension>
            <ns3:hr>139</ns3:hr>
            <ns3:cad>84</ns3:cad>
          </ns3:TrackPointExtension>
        </extensions>
      </trkpt>
      <trkpt lat="37.47262188233435153961181640625" lon="126.9589444063603878021240234375">
        <ele>68.1999969482421875</ele>
        <time>2026-06-01T23:38:23.000Z</time>
        <extensions>
          <ns3:TrackPointExtension>
            <ns3:hr>140</ns3:hr>
            <ns3:cad>84</ns3:cad>
          </ns3:TrackPointExtension>
        </extensions>
      </trkpt>
      <trkpt lat="37.472601346671581268310546875" lon="126.9589437358081340789794921875">
        <ele>68</ele>
        <time>2026-06-01T23:38:24.000Z</time>
        <extensions>
          <ns3:TrackPointExtension>
            <ns3:hr>139</ns3:hr>
            <ns3:cad>84</ns3:cad>
          </ns3:TrackPointExtension>
        </extensions>
      </trkpt>
      <trkpt lat="37.472565807402133941650390625" lon="126.95892219431698322296142578125">
        <ele>68.1999969482421875</ele>
        <time>2026-06-01T23:38:25.000Z</time>
        <extensions>
          <ns3:TrackPointExtension>
            <ns3:hr>139</ns3:hr>
            <ns3:cad>84</ns3:cad>
          </ns3:TrackPointExtension>
        </extensions>
      </trkpt>
      <trkpt lat="37.47254007495939731597900390625" lon="126.9589108787477016448974609375">
        <ele>68.1999969482421875</ele>
        <time>2026-06-01T23:38:26.000Z</time>
        <extensions>
          <ns3:TrackPointExtension>
            <ns3:hr>139</ns3:hr>
            <ns3:cad>84</ns3:cad>
          </ns3:TrackPointExtension>
        </extensions>
      </trkpt>
      <trkpt lat="37.4725140072405338287353515625" lon="126.95889805443584918975830078125">
        <ele>68.1999969482421875</ele>
        <time>2026-06-01T23:38:27.000Z</time>
        <extensions>
          <ns3:TrackPointExtension>
            <ns3:hr>140</ns3:hr>
            <ns3:cad>84</ns3:cad>
          </ns3:TrackPointExtension>
        </extensions>
      </trkpt>
      <trkpt lat="37.47248827479779720306396484375" lon="126.95888154208660125732421875">
        <ele>68.1999969482421875</ele>
        <time>2026-06-01T23:38:28.000Z</time>
        <extensions>
          <ns3:TrackPointExtension>
            <ns3:hr>139</ns3:hr>
            <ns3:cad>84</ns3:cad>
          </ns3:TrackPointExtension>
        </extensions>
      </trkpt>
      <trkpt lat="37.47246614657342433929443359375" lon="126.958878524601459503173828125">
        <ele>68.1999969482421875</ele>
        <time>2026-06-01T23:38:29.000Z</time>
        <extensions>
          <ns3:TrackPointExtension>
            <ns3:hr>139</ns3:hr>
            <ns3:cad>84</ns3:cad>
          </ns3:TrackPointExtension>
        </extensions>
      </trkpt>
      <trkpt lat="37.47243043966591358184814453125" lon="126.95886251516640186309814453125">
        <ele>68.40000152587890625</ele>
        <time>2026-06-01T23:38:30.000Z</time>
        <extensions>
          <ns3:TrackPointExtension>
            <ns3:hr>139</ns3:hr>
            <ns3:cad>84</ns3:cad>
          </ns3:TrackPointExtension>
        </extensions>
      </trkpt>
      <trkpt lat="37.47241334058344364166259765625" lon="126.9588538818061351776123046875">
        <ele>68.40000152587890625</ele>
        <time>2026-06-01T23:38:31.000Z</time>
        <extensions>
          <ns3:TrackPointExtension>
            <ns3:hr>140</ns3:hr>
            <ns3:cad>84</ns3:cad>
          </ns3:TrackPointExtension>
        </extensions>
      </trkpt>
      <trkpt lat="37.47238065116107463836669921875" lon="126.95885078050196170806884765625">
        <ele>68.40000152587890625</ele>
        <time>2026-06-01T23:38:32.000Z</time>
        <extensions>
          <ns3:TrackPointExtension>
            <ns3:hr>139</ns3:hr>
            <ns3:cad>84</ns3:cad>
          </ns3:TrackPointExtension>
        </extensions>
      </trkpt>
      <trkpt lat="37.47235148213803768157958984375" lon="126.95885782130062580108642578125">
        <ele>68.40000152587890625</ele>
        <time>2026-06-01T23:38:33.000Z</time>
        <extensions>
          <ns3:TrackPointExtension>
            <ns3:hr>139</ns3:hr>
            <ns3:cad>84</ns3:cad>
          </ns3:TrackPointExtension>
        </extensions>
      </trkpt>
      <trkpt lat="37.47232901863753795623779296875" lon="126.95887525565922260284423828125">
        <ele>68.40000152587890625</ele>
        <time>2026-06-01T23:38:34.000Z</time>
        <extensions>
          <ns3:TrackPointExtension>
            <ns3:hr>140</ns3:hr>
            <ns3:cad>84</ns3:cad>
          </ns3:TrackPointExtension>
        </extensions>
      </trkpt>
      <trkpt lat="37.472294904291629791259765625" lon="126.958889923989772796630859375">
        <ele>68.40000152587890625</ele>
        <time>2026-06-01T23:38:35.000Z</time>
        <extensions>
          <ns3:TrackPointExtension>
            <ns3:hr>139</ns3:hr>
            <ns3:cad>85</ns3:cad>
          </ns3:TrackPointExtension>
        </extensions>
      </trkpt>
      <trkpt lat="37.47227839194238185882568359375" lon="126.958908699452877044677734375">
        <ele>68.1999969482421875</ele>
        <time>2026-06-01T23:38:36.000Z</time>
        <extensions>
          <ns3:TrackPointExtension>
            <ns3:hr>139</ns3:hr>
            <ns3:cad>85</ns3:cad>
          </ns3:TrackPointExtension>
        </extensions>
      </trkpt>
      <trkpt lat="37.47224939055740833282470703125" lon="126.958918757736682891845703125">
        <ele>68.1999969482421875</ele>
        <time>2026-06-01T23:38:37.000Z</time>
        <extensions>
          <ns3:TrackPointExtension>
            <ns3:hr>140</ns3:hr>
            <ns3:cad>85</ns3:cad>
          </ns3:TrackPointExtension>
        </extensions>
      </trkpt>
      <trkpt lat="37.47222675941884517669677734375" lon="126.95892957039177417755126953125">
        <ele>68.1999969482421875</ele>
        <time>2026-06-01T23:38:38.000Z</time>
        <extensions>
          <ns3:TrackPointExtension>
            <ns3:hr>139</ns3:hr>
            <ns3:cad>85</ns3:cad>
          </ns3:TrackPointExtension>
        </extensions>
      </trkpt>
      <trkpt lat="37.47220127843320369720458984375" lon="126.95894013158977031707763671875">
        <ele>68.40000152587890625</ele>
        <time>2026-06-01T23:38:39.000Z</time>
        <extensions>
          <ns3:TrackPointExtension>
            <ns3:hr>139</ns3:hr>
            <ns3:cad>85</ns3:cad>
          </ns3:TrackPointExtension>
        </extensions>
      </trkpt>
      <trkpt lat="37.47217127121984958648681640625" lon="126.95895337499678134918212890625">
        <ele>68.40000152587890625</ele>
        <time>2026-06-01T23:38:40.000Z</time>
        <extensions>
          <ns3:TrackPointExtension>
            <ns3:hr>140</ns3:hr>
            <ns3:cad>85</ns3:cad>
          </ns3:TrackPointExtension>
        </extensions>
      </trkpt>
      <trkpt lat="37.4721510708332061767578125" lon="126.95897449739277362823486328125">
        <ele>68.1999969482421875</ele>
        <time>2026-06-01T23:38:41.000Z</time>
        <extensions>
          <ns3:TrackPointExtension>
            <ns3:hr>140</ns3:hr>
            <ns3:cad>85</ns3:cad>
          </ns3:TrackPointExtension>
        </extensions>
      </trkpt>
      <trkpt lat="37.47211678884923458099365234375" lon="126.95898480713367462158203125">
        <ele>68.1999969482421875</ele>
        <time>2026-06-01T23:38:42.000Z</time>
        <extensions>
          <ns3:TrackPointExtension>
            <ns3:hr>140</ns3:hr>
            <ns3:cad>85</ns3:cad>
          </ns3:TrackPointExtension>
        </extensions>
      </trkpt>
      <trkpt lat="37.47209541499614715576171875" lon="126.95899687707424163818359375">
        <ele>68.1999969482421875</ele>
        <time>2026-06-01T23:38:43.000Z</time>
        <extensions>
          <ns3:TrackPointExtension>
            <ns3:hr>140</ns3:hr>
            <ns3:cad>85</ns3:cad>
          </ns3:TrackPointExtension>
        </extensions>
      </trkpt>
      <trkpt lat="37.47206264175474643707275390625" lon="126.9590171612799167633056640625">
        <ele>68</ele>
        <time>2026-06-01T23:38:44.000Z</time>
        <extensions>
          <ns3:TrackPointExtension>
            <ns3:hr>141</ns3:hr>
            <ns3:cad>85</ns3:cad>
          </ns3:TrackPointExtension>
        </extensions>
      </trkpt>
      <trkpt lat="37.47203112579882144927978515625" lon="126.95902897976338863372802734375">
        <ele>68</ele>
        <time>2026-06-01T23:38:45.000Z</time>
        <extensions>
          <ns3:TrackPointExtension>
            <ns3:hr>141</ns3:hr>
            <ns3:cad>86</ns3:cad>
          </ns3:TrackPointExtension>
        </extensions>
      </trkpt>
      <trkpt lat="37.4720074050128459930419921875" lon="126.95905110798776149749755859375">
        <ele>67.8000030517578125</ele>
        <time>2026-06-01T23:38:46.000Z</time>
        <extensions>
          <ns3:TrackPointExtension>
            <ns3:hr>141</ns3:hr>
            <ns3:cad>86</ns3:cad>
          </ns3:TrackPointExtension>
        </extensions>
      </trkpt>
      <trkpt lat="37.4719685129821300506591796875" lon="126.9590687938034534454345703125">
        <ele>67.8000030517578125</ele>
        <time>2026-06-01T23:38:47.000Z</time>
        <extensions>
          <ns3:TrackPointExtension>
            <ns3:hr>141</ns3:hr>
            <ns3:cad>86</ns3:cad>
          </ns3:TrackPointExtension>
        </extensions>
      </trkpt>
      <trkpt lat="37.4719406850636005401611328125" lon="126.95908580906689167022705078125">
        <ele>67.8000030517578125</ele>
        <time>2026-06-01T23:38:48.000Z</time>
        <extensions>
          <ns3:TrackPointExtension>
            <ns3:hr>141</ns3:hr>
            <ns3:cad>86</ns3:cad>
          </ns3:TrackPointExtension>
        </extensions>
      </trkpt>
      <trkpt lat="37.47190707363188266754150390625" lon="126.95910156704485416412353515625">
        <ele>67.8000030517578125</ele>
        <time>2026-06-01T23:38:49.000Z</time>
        <extensions>
          <ns3:TrackPointExtension>
            <ns3:hr>141</ns3:hr>
            <ns3:cad>86</ns3:cad>
          </ns3:TrackPointExtension>
        </extensions>
      </trkpt>
      <trkpt lat="37.47188293375074863433837890625" lon="126.95911296643316745758056640625">
        <ele>67.59999847412109375</ele>
        <time>2026-06-01T23:38:50.000Z</time>
        <extensions>
          <ns3:TrackPointExtension>
            <ns3:hr>141</ns3:hr>
            <ns3:cad>86</ns3:cad>
          </ns3:TrackPointExtension>
        </extensions>
      </trkpt>
      <trkpt lat="37.4718592129647731781005859375" lon="126.95912419818341732025146484375">
        <ele>67.59999847412109375</ele>
        <time>2026-06-01T23:38:51.000Z</time>
        <extensions>
          <ns3:TrackPointExtension>
            <ns3:hr>141</ns3:hr>
            <ns3:cad>86</ns3:cad>
          </ns3:TrackPointExtension>
        </extensions>
      </trkpt>
      <trkpt lat="37.4718290381133556365966796875" lon="126.95914448238909244537353515625">
        <ele>67.8000030517578125</ele>
        <time>2026-06-01T23:38:52.000Z</time>
        <extensions>
          <ns3:TrackPointExtension>
            <ns3:hr>141</ns3:hr>
            <ns3:cad>86</ns3:cad>
          </ns3:TrackPointExtension>
        </extensions>
      </trkpt>
      <trkpt lat="37.4718072451651096343994140625" lon="126.959162168204784393310546875">
        <ele>67.59999847412109375</ele>
        <time>2026-06-01T23:38:53.000Z</time>
        <extensions>
          <ns3:TrackPointExtension>
            <ns3:hr>142</ns3:hr>
            <ns3:cad>86</ns3:cad>
          </ns3:TrackPointExtension>
        </extensions>
      </trkpt>
      <trkpt lat="37.47177313081920146942138671875" lon="126.9591834582388401031494140625">
        <ele>67.40000152587890625</ele>
        <time>2026-06-01T23:38:54.000Z</time>
        <extensions>
          <ns3:TrackPointExtension>
            <ns3:hr>142</ns3:hr>
            <ns3:cad>86</ns3:cad>
          </ns3:TrackPointExtension>
        </extensions>
      </trkpt>
      <trkpt lat="37.471753768622875213623046875" lon="126.95920231752097606658935546875">
        <ele>67.40000152587890625</ele>
        <time>2026-06-01T23:38:55.000Z</time>
        <extensions>
          <ns3:TrackPointExtension>
            <ns3:hr>142</ns3:hr>
            <ns3:cad>86</ns3:cad>
          </ns3:TrackPointExtension>
        </extensions>
      </trkpt>
      <trkpt lat="37.47171697206795215606689453125" lon="126.9592176564037799835205078125">
        <ele>67.40000152587890625</ele>
        <time>2026-06-01T23:38:56.000Z</time>
        <extensions>
          <ns3:TrackPointExtension>
            <ns3:hr>142</ns3:hr>
            <ns3:cad>86</ns3:cad>
          </ns3:TrackPointExtension>
        </extensions>
      </trkpt>
      <trkpt lat="37.4716895632445812225341796875" lon="126.9592287205159664154052734375">
        <ele>67.40000152587890625</ele>
        <time>2026-06-01T23:38:57.000Z</time>
        <extensions>
          <ns3:TrackPointExtension>
            <ns3:hr>143</ns3:hr>
            <ns3:cad>85</ns3:cad>
          </ns3:TrackPointExtension>
        </extensions>
      </trkpt>
      <trkpt lat="37.47165947221219539642333984375" lon="126.95924322120845317840576171875">
        <ele>67.1999969482421875</ele>
        <time>2026-06-01T23:38:58.000Z</time>
        <extensions>
          <ns3:TrackPointExtension>
            <ns3:hr>142</ns3:hr>
            <ns3:cad>86</ns3:cad>
          </ns3:TrackPointExtension>
        </extensions>
      </trkpt>
      <trkpt lat="37.4716241843998432159423828125" lon="126.95924892090260982513427734375">
        <ele>67.40000152587890625</ele>
        <time>2026-06-01T23:38:59.000Z</time>
        <extensions>
          <ns3:TrackPointExtension>
            <ns3:hr>142</ns3:hr>
            <ns3:cad>86</ns3:cad>
          </ns3:TrackPointExtension>
        </extensions>
      </trkpt>
      <trkpt lat="37.47159794904291629791259765625" lon="126.95926266722381114959716796875">
        <ele>67.40000152587890625</ele>
        <time>2026-06-01T23:39:00.000Z</time>
        <extensions>
          <ns3:TrackPointExtension>
            <ns3:hr>143</ns3:hr>
            <ns3:cad>86</ns3:cad>
          </ns3:TrackPointExtension>
        </extensions>
      </trkpt>
      <trkpt lat="37.47156391851603984832763671875" lon="126.9592816941440105438232421875">
        <ele>67.40000152587890625</ele>
        <time>2026-06-01T23:39:01.000Z</time>
        <extensions>
          <ns3:TrackPointExtension>
            <ns3:hr>142</ns3:hr>
            <ns3:cad>85</ns3:cad>
          </ns3:TrackPointExtension>
        </extensions>
      </trkpt>
      <trkpt lat="37.47153860516846179962158203125" lon="126.95929183624684810638427734375">
        <ele>67.40000152587890625</ele>
        <time>2026-06-01T23:39:02.000Z</time>
        <extensions>
          <ns3:TrackPointExtension>
            <ns3:hr>142</ns3:hr>
            <ns3:cad>85</ns3:cad>
          </ns3:TrackPointExtension>
        </extensions>
      </trkpt>
      <trkpt lat="37.4715028144419193267822265625" lon="126.95931111462414264678955078125">
        <ele>67.40000152587890625</ele>
        <time>2026-06-01T23:39:03.000Z</time>
        <extensions>
          <ns3:TrackPointExtension>
            <ns3:hr>142</ns3:hr>
            <ns3:cad>85</ns3:cad>
          </ns3:TrackPointExtension>
        </extensions>
      </trkpt>
      <trkpt lat="37.47147339396178722381591796875" lon="126.95932184346020221710205078125">
        <ele>67.59999847412109375</ele>
        <time>2026-06-01T23:39:04.000Z</time>
        <extensions>
          <ns3:TrackPointExtension>
            <ns3:hr>143</ns3:hr>
            <ns3:cad>85</ns3:cad>
          </ns3:TrackPointExtension>
        </extensions>
      </trkpt>
      <trkpt lat="37.47144925408065319061279296875" lon="126.95933558978140354156494140625">
        <ele>67.59999847412109375</ele>
        <time>2026-06-01T23:39:05.000Z</time>
        <extensions>
          <ns3:TrackPointExtension>
            <ns3:hr>143</ns3:hr>
            <ns3:cad>85</ns3:cad>
          </ns3:TrackPointExtension>
        </extensions>
      </trkpt>
      <trkpt lat="37.47141505591571331024169921875" lon="126.959349922835826873779296875">
        <ele>67.59999847412109375</ele>
        <time>2026-06-01T23:39:06.000Z</time>
        <extensions>
          <ns3:TrackPointExtension>
            <ns3:hr>143</ns3:hr>
            <ns3:cad>85</ns3:cad>
          </ns3:TrackPointExtension>
        </extensions>
      </trkpt>
      <trkpt lat="37.471390664577484130859375" lon="126.9593583047389984130859375">
        <ele>67.8000030517578125</ele>
        <time>2026-06-01T23:39:07.000Z</time>
        <extensions>
          <ns3:TrackPointExtension>
            <ns3:hr>143</ns3:hr>
            <ns3:cad>85</ns3:cad>
          </ns3:TrackPointExtension>
        </extensions>
      </trkpt>
      <trkpt lat="37.4713559634983539581298828125" lon="126.9593601487576961517333984375">
        <ele>67.8000030517578125</ele>
        <time>2026-06-01T23:39:08.000Z</time>
        <extensions>
          <ns3:TrackPointExtension>
            <ns3:hr>142</ns3:hr>
            <ns3:cad>85</ns3:cad>
          </ns3:TrackPointExtension>
        </extensions>
      </trkpt>
      <trkpt lat="37.47132855467498302459716796875" lon="126.95936760865151882171630859375">
        <ele>67.8000030517578125</ele>
        <time>2026-06-01T23:39:09.000Z</time>
        <extensions>
          <ns3:TrackPointExtension>
            <ns3:hr>143</ns3:hr>
            <ns3:cad>85</ns3:cad>
          </ns3:TrackPointExtension>
        </extensions>
      </trkpt>
      <trkpt lat="37.47129385359585285186767578125" lon="126.959359310567378997802734375">
        <ele>68</ele>
        <time>2026-06-01T23:39:10.000Z</time>
        <extensions>
          <ns3:TrackPointExtension>
            <ns3:hr>143</ns3:hr>
            <ns3:cad>85</ns3:cad>
          </ns3:TrackPointExtension>
        </extensions>
      </trkpt>
      <trkpt lat="37.47126434929668903350830078125" lon="126.9593502581119537353515625">
        <ele>68</ele>
        <time>2026-06-01T23:39:11.000Z</time>
        <extensions>
          <ns3:TrackPointExtension>
            <ns3:hr>143</ns3:hr>
            <ns3:cad>85</ns3:cad>
          </ns3:TrackPointExtension>
        </extensions>
      </trkpt>
      <trkpt lat="37.47123777866363525390625" lon="126.9593487493693828582763671875">
        <ele>68.1999969482421875</ele>
        <time>2026-06-01T23:39:12.000Z</time>
        <extensions>
          <ns3:TrackPointExtension>
            <ns3:hr>142</ns3:hr>
            <ns3:cad>85</ns3:cad>
          </ns3:TrackPointExtension>
        </extensions>
      </trkpt>
      <trkpt lat="37.4712057597935199737548828125" lon="126.95933709852397441864013671875">
        <ele>68.40000152587890625</ele>
        <time>2026-06-01T23:39:13.000Z</time>
        <extensions>
          <ns3:TrackPointExtension>
            <ns3:hr>143</ns3:hr>
            <ns3:cad>85</ns3:cad>
          </ns3:TrackPointExtension>
        </extensions>
      </trkpt>
      <trkpt lat="37.47118639759719371795654296875" lon="126.9593316502869129180908203125">
        <ele>68.40000152587890625</ele>
        <time>2026-06-01T23:39:14.000Z</time>
        <extensions>
          <ns3:TrackPointExtension>
            <ns3:hr>143</ns3:hr>
            <ns3:cad>85</ns3:cad>
          </ns3:TrackPointExtension>
        </extensions>
      </trkpt>
      <trkpt lat="37.47115270234644412994384765625" lon="126.95930742658674716949462890625">
        <ele>68.40000152587890625</ele>
        <time>2026-06-01T23:39:15.000Z</time>
        <extensions>
          <ns3:TrackPointExtension>
            <ns3:hr>143</ns3:hr>
            <ns3:cad>84</ns3:cad>
          </ns3:TrackPointExtension>
        </extensions>
      </trkpt>
      <trkpt lat="37.47113141231238842010498046875" lon="126.959294266998767852783203125">
        <ele>68.40000152587890625</ele>
        <time>2026-06-01T23:39:16.000Z</time>
        <extensions>
          <ns3:TrackPointExtension>
            <ns3:hr>143</ns3:hr>
            <ns3:cad>84</ns3:cad>
          </ns3:TrackPointExtension>
        </extensions>
      </trkpt>
      <trkpt lat="37.47110073454678058624267578125" lon="126.95926702581346035003662109375">
        <ele>68.40000152587890625</ele>
        <time>2026-06-01T23:39:17.000Z</time>
        <extensions>
          <ns3:TrackPointExtension>
            <ns3:hr>143</ns3:hr>
            <ns3:cad>85</ns3:cad>
          </ns3:TrackPointExtension>
        </extensions>
      </trkpt>
      <trkpt lat="37.47107642702758312225341796875" lon="126.95924095809459686279296875">
        <ele>68.40000152587890625</ele>
        <time>2026-06-01T23:39:18.000Z</time>
        <extensions>
          <ns3:TrackPointExtension>
            <ns3:hr>144</ns3:hr>
            <ns3:cad>85</ns3:cad>
          </ns3:TrackPointExtension>
        </extensions>
      </trkpt>
      <trkpt lat="37.47105463407933712005615234375" lon="126.95922411046922206878662109375">
        <ele>68.40000152587890625</ele>
        <time>2026-06-01T23:39:19.000Z</time>
        <extensions>
          <ns3:TrackPointExtension>
            <ns3:hr>144</ns3:hr>
            <ns3:cad>86</ns3:cad>
          </ns3:TrackPointExtension>
        </extensions>
      </trkpt>
      <trkpt lat="37.4710273928940296173095703125" lon="126.95919460617005825042724609375">
        <ele>68.40000152587890625</ele>
        <time>2026-06-01T23:39:20.000Z</time>
        <extensions>
          <ns3:TrackPointExtension>
            <ns3:hr>144</ns3:hr>
            <ns3:cad>86</ns3:cad>
          </ns3:TrackPointExtension>
        </extensions>
      </trkpt>
      <trkpt lat="37.47101046144962310791015625" lon="126.95917683653533458709716796875">
        <ele>68.40000152587890625</ele>
        <time>2026-06-01T23:39:21.000Z</time>
        <extensions>
          <ns3:TrackPointExtension>
            <ns3:hr>144</ns3:hr>
            <ns3:cad>86</ns3:cad>
          </ns3:TrackPointExtension>
        </extensions>
      </trkpt>
      <trkpt lat="37.47098657302558422088623046875" lon="126.959142386913299560546875">
        <ele>68.40000152587890625</ele>
        <time>2026-06-01T23:39:22.000Z</time>
        <extensions>
          <ns3:TrackPointExtension>
            <ns3:hr>144</ns3:hr>
            <ns3:cad>85</ns3:cad>
          </ns3:TrackPointExtension>
        </extensions>
      </trkpt>
      <trkpt lat="37.47096796520054340362548828125" lon="126.9591190852224826812744140625">
        <ele>68.59999847412109375</ele>
        <time>2026-06-01T23:39:23.000Z</time>
        <extensions>
          <ns3:TrackPointExtension>
            <ns3:hr>143</ns3:hr>
            <ns3:cad>85</ns3:cad>
          </ns3:TrackPointExtension>
        </extensions>
      </trkpt>
      <trkpt lat="37.47094717808067798614501953125" lon="126.95909050293266773223876953125">
        <ele>68.59999847412109375</ele>
        <time>2026-06-01T23:39:24.000Z</time>
        <extensions>
          <ns3:TrackPointExtension>
            <ns3:hr>144</ns3:hr>
            <ns3:cad>85</ns3:cad>
          </ns3:TrackPointExtension>
        </extensions>
      </trkpt>
      <trkpt lat="37.47092789970338344573974609375" lon="126.95905630476772785186767578125">
        <ele>68.59999847412109375</ele>
        <time>2026-06-01T23:39:25.000Z</time>
        <extensions>
          <ns3:TrackPointExtension>
            <ns3:hr>144</ns3:hr>
            <ns3:cad>85</ns3:cad>
          </ns3:TrackPointExtension>
        </extensions>
      </trkpt>
      <trkpt lat="37.47091113589704036712646484375" lon="126.9590423069894313812255859375">
        <ele>68.8000030517578125</ele>
        <time>2026-06-01T23:39:26.000Z</time>
        <extensions>
          <ns3:TrackPointExtension>
            <ns3:hr>144</ns3:hr>
            <ns3:cad>85</ns3:cad>
          </ns3:TrackPointExtension>
        </extensions>
      </trkpt>
      <trkpt lat="37.470886744558811187744140625" lon="126.9590107910335063934326171875">
        <ele>69</ele>
        <time>2026-06-01T23:39:27.000Z</time>
        <extensions>
          <ns3:TrackPointExtension>
            <ns3:hr>144</ns3:hr>
            <ns3:cad>85</ns3:cad>
          </ns3:TrackPointExtension>
        </extensions>
      </trkpt>
      <trkpt lat="37.4708711542189121246337890625" lon="126.95899151265621185302734375">
        <ele>69</ele>
        <time>2026-06-01T23:39:28.000Z</time>
        <extensions>
          <ns3:TrackPointExtension>
            <ns3:hr>145</ns3:hr>
            <ns3:cad>85</ns3:cad>
          </ns3:TrackPointExtension>
        </extensions>
      </trkpt>
      <trkpt lat="37.47085246257483959197998046875" lon="126.95895656011998653411865234375">
        <ele>69</ele>
        <time>2026-06-01T23:39:29.000Z</time>
        <extensions>
          <ns3:TrackPointExtension>
            <ns3:hr>144</ns3:hr>
            <ns3:cad>85</ns3:cad>
          </ns3:TrackPointExtension>
        </extensions>
      </trkpt>
      <trkpt lat="37.4708376266062259674072265625" lon="126.95892923511564731597900390625">
        <ele>69.1999969482421875</ele>
        <time>2026-06-01T23:39:30.000Z</time>
        <extensions>
          <ns3:TrackPointExtension>
            <ns3:hr>144</ns3:hr>
            <ns3:cad>85</ns3:cad>
          </ns3:TrackPointExtension>
        </extensions>
      </trkpt>
      <trkpt lat="37.470817677676677703857421875" lon="126.95890911854803562164306640625">
        <ele>69.1999969482421875</ele>
        <time>2026-06-01T23:39:31.000Z</time>
        <extensions>
          <ns3:TrackPointExtension>
            <ns3:hr>145</ns3:hr>
            <ns3:cad>85</ns3:cad>
          </ns3:TrackPointExtension>
        </extensions>
      </trkpt>
      <trkpt lat="37.47080015949904918670654296875" lon="126.95887844078242778778076171875">
        <ele>69.1999969482421875</ele>
        <time>2026-06-01T23:39:32.000Z</time>
        <extensions>
          <ns3:TrackPointExtension>
            <ns3:hr>145</ns3:hr>
            <ns3:cad>85</ns3:cad>
          </ns3:TrackPointExtension>
        </extensions>
      </trkpt>
      <trkpt lat="37.47078725136816501617431640625" lon="126.95886067114770412445068359375">
        <ele>69.40000152587890625</ele>
        <time>2026-06-01T23:39:33.000Z</time>
        <extensions>
          <ns3:TrackPointExtension>
            <ns3:hr>145</ns3:hr>
            <ns3:cad>85</ns3:cad>
          </ns3:TrackPointExtension>
        </extensions>
      </trkpt>
      <trkpt lat="37.4707675538957118988037109375" lon="126.95882362313568592071533203125">
        <ele>69.40000152587890625</ele>
        <time>2026-06-01T23:39:34.000Z</time>
        <extensions>
          <ns3:TrackPointExtension>
            <ns3:hr>146</ns3:hr>
            <ns3:cad>85</ns3:cad>
          </ns3:TrackPointExtension>
        </extensions>
      </trkpt>
      <trkpt lat="37.47075037099421024322509765625" lon="126.95880149491131305694580078125">
        <ele>69.40000152587890625</ele>
        <time>2026-06-01T23:39:35.000Z</time>
        <extensions>
          <ns3:TrackPointExtension>
            <ns3:hr>146</ns3:hr>
            <ns3:cad>86</ns3:cad>
          </ns3:TrackPointExtension>
        </extensions>
      </trkpt>
      <trkpt lat="37.4707300029695034027099609375" lon="126.9587710686028003692626953125">
        <ele>69.59999847412109375</ele>
        <time>2026-06-01T23:39:36.000Z</time>
        <extensions>
          <ns3:TrackPointExtension>
            <ns3:hr>146</ns3:hr>
            <ns3:cad>86</ns3:cad>
          </ns3:TrackPointExtension>
        </extensions>
      </trkpt>
      <trkpt lat="37.47071617282927036285400390625" lon="126.95873829536139965057373046875">
        <ele>69.59999847412109375</ele>
        <time>2026-06-01T23:39:37.000Z</time>
        <extensions>
          <ns3:TrackPointExtension>
            <ns3:hr>146</ns3:hr>
            <ns3:cad>85</ns3:cad>
          </ns3:TrackPointExtension>
        </extensions>
      </trkpt>
      <trkpt lat="37.47070326469838619232177734375" lon="126.9587127305567264556884765625">
        <ele>69.59999847412109375</ele>
        <time>2026-06-01T23:39:38.000Z</time>
        <extensions>
          <ns3:TrackPointExtension>
            <ns3:hr>146</ns3:hr>
            <ns3:cad>85</ns3:cad>
          </ns3:TrackPointExtension>
        </extensions>
      </trkpt>
      <trkpt lat="37.470689602196216583251953125" lon="126.95867978967726230621337890625">
        <ele>69.59999847412109375</ele>
        <time>2026-06-01T23:39:39.000Z</time>
        <extensions>
          <ns3:TrackPointExtension>
            <ns3:hr>146</ns3:hr>
            <ns3:cad>85</ns3:cad>
          </ns3:TrackPointExtension>
        </extensions>
      </trkpt>
      <trkpt lat="37.47067644260823726654052734375" lon="126.958659924566745758056640625">
        <ele>69.8000030517578125</ele>
        <time>2026-06-01T23:39:40.000Z</time>
        <extensions>
          <ns3:TrackPointExtension>
            <ns3:hr>146</ns3:hr>
            <ns3:cad>84</ns3:cad>
          </ns3:TrackPointExtension>
        </extensions>
      </trkpt>
      <trkpt lat="37.470655404031276702880859375" lon="126.9586232118308544158935546875">
        <ele>69.8000030517578125</ele>
        <time>2026-06-01T23:39:41.000Z</time>
        <extensions>
          <ns3:TrackPointExtension>
            <ns3:hr>146</ns3:hr>
            <ns3:cad>84</ns3:cad>
          </ns3:TrackPointExtension>
        </extensions>
      </trkpt>
      <trkpt lat="37.4706354551017284393310546875" lon="126.9586020894348621368408203125">
        <ele>70</ele>
        <time>2026-06-01T23:39:42.000Z</time>
        <extensions>
          <ns3:TrackPointExtension>
            <ns3:hr>146</ns3:hr>
            <ns3:cad>84</ns3:cad>
          </ns3:TrackPointExtension>
        </extensions>
      </trkpt>
      <trkpt lat="37.47061642818152904510498046875" lon="126.95857551880180835723876953125">
        <ele>70</ele>
        <time>2026-06-01T23:39:43.000Z</time>
        <extensions>
          <ns3:TrackPointExtension>
            <ns3:hr>147</ns3:hr>
            <ns3:cad>85</ns3:cad>
          </ns3:TrackPointExtension>
        </extensions>
      </trkpt>
      <trkpt lat="37.47059882618486881256103515625" lon="126.95854358375072479248046875">
        <ele>70</ele>
        <time>2026-06-01T23:39:44.000Z</time>
        <extensions>
          <ns3:TrackPointExtension>
            <ns3:hr>147</ns3:hr>
            <ns3:cad>86</ns3:cad>
          </ns3:TrackPointExtension>
        </extensions>
      </trkpt>
      <trkpt lat="37.470584325492382049560546875" lon="126.95852422155439853668212890625">
        <ele>70.1999969482421875</ele>
        <time>2026-06-01T23:39:45.000Z</time>
        <extensions>
          <ns3:TrackPointExtension>
            <ns3:hr>147</ns3:hr>
            <ns3:cad>86</ns3:cad>
          </ns3:TrackPointExtension>
        </extensions>
      </trkpt>
      <trkpt lat="37.470560856163501739501953125" lon="126.95848901756107807159423828125">
        <ele>70.1999969482421875</ele>
        <time>2026-06-01T23:39:46.000Z</time>
        <extensions>
          <ns3:TrackPointExtension>
            <ns3:hr>147</ns3:hr>
            <ns3:cad>86</ns3:cad>
          </ns3:TrackPointExtension>
        </extensions>
      </trkpt>
      <trkpt lat="37.4705422483384609222412109375" lon="126.958470828831195831298828125">
        <ele>70.1999969482421875</ele>
        <time>2026-06-01T23:39:47.000Z</time>
        <extensions>
          <ns3:TrackPointExtension>
            <ns3:hr>148</ns3:hr>
            <ns3:cad>85</ns3:cad>
          </ns3:TrackPointExtension>
        </extensions>
      </trkpt>
      <trkpt lat="37.47052120976150035858154296875" lon="126.95843403227627277374267578125">
        <ele>70.40000152587890625</ele>
        <time>2026-06-01T23:39:48.000Z</time>
        <extensions>
          <ns3:TrackPointExtension>
            <ns3:hr>148</ns3:hr>
            <ns3:cad>85</ns3:cad>
          </ns3:TrackPointExtension>
        </extensions>
      </trkpt>
      <trkpt lat="37.47052372433245182037353515625" lon="126.95839480496942996978759765625">
        <ele>70.40000152587890625</ele>
        <time>2026-06-01T23:39:49.000Z</time>
        <extensions>
          <ns3:TrackPointExtension>
            <ns3:hr>148</ns3:hr>
            <ns3:cad>85</ns3:cad>
          </ns3:TrackPointExtension>
        </extensions>
      </trkpt>
      <trkpt lat="37.47053914703428745269775390625" lon="126.95836722850799560546875">
        <ele>70.40000152587890625</ele>
        <time>2026-06-01T23:39:50.000Z</time>
        <extensions>
          <ns3:TrackPointExtension>
            <ns3:hr>148</ns3:hr>
            <ns3:cad>84</ns3:cad>
          </ns3:TrackPointExtension>
        </extensions>
      </trkpt>
      <trkpt lat="37.47056127525866031646728515625" lon="126.95835172198712825775146484375">
        <ele>70.59999847412109375</ele>
        <time>2026-06-01T23:39:51.000Z</time>
        <extensions>
          <ns3:TrackPointExtension>
            <ns3:hr>148</ns3:hr>
            <ns3:cad>84</ns3:cad>
          </ns3:TrackPointExtension>
        </extensions>
      </trkpt>
      <trkpt lat="37.47059203684329986572265625" lon="126.958344765007495880126953125">
        <ele>70.59999847412109375</ele>
        <time>2026-06-01T23:39:52.000Z</time>
        <extensions>
          <ns3:TrackPointExtension>
            <ns3:hr>148</ns3:hr>
            <ns3:cad>84</ns3:cad>
          </ns3:TrackPointExtension>
        </extensions>
      </trkpt>
      <trkpt lat="37.47062481008470058441162109375" lon="126.958347447216510772705078125">
        <ele>70.59999847412109375</ele>
        <time>2026-06-01T23:39:53.000Z</time>
        <extensions>
          <ns3:TrackPointExtension>
            <ns3:hr>148</ns3:hr>
            <ns3:cad>85</ns3:cad>
          </ns3:TrackPointExtension>
        </extensions>
      </trkpt>
      <trkpt lat="37.470651380717754364013671875" lon="126.9583476148545742034912109375">
        <ele>70.59999847412109375</ele>
        <time>2026-06-01T23:39:54.000Z</time>
        <extensions>
          <ns3:TrackPointExtension>
            <ns3:hr>149</ns3:hr>
            <ns3:cad>85</ns3:cad>
          </ns3:TrackPointExtension>
        </extensions>
      </trkpt>
      <trkpt lat="37.47068298049271106719970703125" lon="126.95835071615874767303466796875">
        <ele>70.59999847412109375</ele>
        <time>2026-06-01T23:39:55.000Z</time>
        <extensions>
          <ns3:TrackPointExtension>
            <ns3:hr>148</ns3:hr>
            <ns3:cad>85</ns3:cad>
          </ns3:TrackPointExtension>
        </extensions>
      </trkpt>
      <trkpt lat="37.4707132391631603240966796875" lon="126.95835993625223636627197265625">
        <ele>70.59999847412109375</ele>
        <time>2026-06-01T23:39:56.000Z</time>
        <extensions>
          <ns3:TrackPointExtension>
            <ns3:hr>148</ns3:hr>
            <ns3:cad>85</ns3:cad>
          </ns3:TrackPointExtension>
        </extensions>
      </trkpt>
      <trkpt lat="37.4707383848726749420166015625" lon="126.958365552127361297607421875">
        <ele>70.59999847412109375</ele>
        <time>2026-06-01T23:39:57.000Z</time>
        <extensions>
          <ns3:TrackPointExtension>
            <ns3:hr>148</ns3:hr>
            <ns3:cad>85</ns3:cad>
          </ns3:TrackPointExtension>
        </extensions>
      </trkpt>
      <trkpt lat="37.47077736072242259979248046875" lon="126.9583828188478946685791015625">
        <ele>70.59999847412109375</ele>
        <time>2026-06-01T23:39:58.000Z</time>
        <extensions>
          <ns3:TrackPointExtension>
            <ns3:hr>148</ns3:hr>
            <ns3:cad>85</ns3:cad>
          </ns3:TrackPointExtension>
        </extensions>
      </trkpt>
      <trkpt lat="37.4707990698516368865966796875" lon="126.95838944055140018463134765625">
        <ele>70.40000152587890625</ele>
        <time>2026-06-01T23:39:59.000Z</time>
        <extensions>
          <ns3:TrackPointExtension>
            <ns3:hr>148</ns3:hr>
            <ns3:cad>85</ns3:cad>
          </ns3:TrackPointExtension>
        </extensions>
      </trkpt>
      <trkpt lat="37.47083234600722789764404296875" lon="126.9584079645574092864990234375">
        <ele>70.59999847412109375</ele>
        <time>2026-06-01T23:40:00.000Z</time>
        <extensions>
          <ns3:TrackPointExtension>
            <ns3:hr>148</ns3:hr>
            <ns3:cad>85</ns3:cad>
          </ns3:TrackPointExtension>
        </extensions>
      </trkpt>
      <trkpt lat="37.47085765935480594635009765625" lon="126.9584166817367076873779296875">
        <ele>70.59999847412109375</ele>
        <time>2026-06-01T23:40:01.000Z</time>
        <extensions>
          <ns3:TrackPointExtension>
            <ns3:hr>147</ns3:hr>
            <ns3:cad>85</ns3:cad>
          </ns3:TrackPointExtension>
        </extensions>
      </trkpt>
      <trkpt lat="37.4708872474730014801025390625" lon="126.95842598564922809600830078125">
        <ele>70.40000152587890625</ele>
        <time>2026-06-01T23:40:02.000Z</time>
        <extensions>
          <ns3:TrackPointExtension>
            <ns3:hr>147</ns3:hr>
            <ns3:cad>85</ns3:cad>
          </ns3:TrackPointExtension>
        </extensions>
      </trkpt>
      <trkpt lat="37.47091582976281642913818359375" lon="126.9584418274462223052978515625">
        <ele>70.40000152587890625</ele>
        <time>2026-06-01T23:40:03.000Z</time>
        <extensions>
          <ns3:TrackPointExtension>
            <ns3:hr>147</ns3:hr>
            <ns3:cad>85</ns3:cad>
          </ns3:TrackPointExtension>
        </extensions>
      </trkpt>
      <trkpt lat="37.4709387123584747314453125" lon="126.95844794623553752899169921875">
        <ele>70.40000152587890625</ele>
        <time>2026-06-01T23:40:04.000Z</time>
        <extensions>
          <ns3:TrackPointExtension>
            <ns3:hr>147</ns3:hr>
            <ns3:cad>85</ns3:cad>
          </ns3:TrackPointExtension>
        </extensions>
      </trkpt>
      <trkpt lat="37.470971904695034027099609375" lon="126.958470828831195831298828125">
        <ele>70.59999847412109375</ele>
        <time>2026-06-01T23:40:05.000Z</time>
        <extensions>
          <ns3:TrackPointExtension>
            <ns3:hr>147</ns3:hr>
            <ns3:cad>85</ns3:cad>
          </ns3:TrackPointExtension>
        </extensions>
      </trkpt>
      <trkpt lat="37.47099495492875576019287109375" lon="126.95847124792635440826416015625">
        <ele>70.40000152587890625</ele>
        <time>2026-06-01T23:40:06.000Z</time>
        <extensions>
          <ns3:TrackPointExtension>
            <ns3:hr>147</ns3:hr>
            <ns3:cad>85</ns3:cad>
          </ns3:TrackPointExtension>
        </extensions>
      </trkpt>
      <trkpt lat="37.47102764435112476348876953125" lon="126.95848264731466770172119140625">
        <ele>70.40000152587890625</ele>
        <time>2026-06-01T23:40:07.000Z</time>
        <extensions>
          <ns3:TrackPointExtension>
            <ns3:hr>147</ns3:hr>
            <ns3:cad>85</ns3:cad>
          </ns3:TrackPointExtension>
        </extensions>
      </trkpt>
      <trkpt lat="37.47106167487800121307373046875" lon="126.95848968811333179473876953125">
        <ele>70.1999969482421875</ele>
        <time>2026-06-01T23:40:08.000Z</time>
        <extensions>
          <ns3:TrackPointExtension>
            <ns3:hr>146</ns3:hr>
            <ns3:cad>86</ns3:cad>
          </ns3:TrackPointExtension>
        </extensions>
      </trkpt>
      <trkpt lat="37.47109503485262393951416015625" lon="126.958501674234867095947265625">
        <ele>70</ele>
        <time>2026-06-01T23:40:09.000Z</time>
        <extensions>
          <ns3:TrackPointExtension>
            <ns3:hr>146</ns3:hr>
            <ns3:cad>85</ns3:cad>
          </ns3:TrackPointExtension>
        </extensions>
      </trkpt>
      <trkpt lat="37.4711273051798343658447265625" lon="126.9585216231644153594970703125">
        <ele>69.59999847412109375</ele>
        <time>2026-06-01T23:40:10.000Z</time>
        <extensions>
          <ns3:TrackPointExtension>
            <ns3:hr>146</ns3:hr>
            <ns3:cad>85</ns3:cad>
          </ns3:TrackPointExtension>
        </extensions>
      </trkpt>
      <trkpt lat="37.47115303762257099151611328125" lon="126.9585256464779376983642578125">
        <ele>69.40000152587890625</ele>
        <time>2026-06-01T23:40:11.000Z</time>
        <extensions>
          <ns3:TrackPointExtension>
            <ns3:hr>146</ns3:hr>
            <ns3:cad>85</ns3:cad>
          </ns3:TrackPointExtension>
        </extensions>
      </trkpt>
      <trkpt lat="37.4711886607110500335693359375" lon="126.95853553712368011474609375">
        <ele>69.40000152587890625</ele>
        <time>2026-06-01T23:40:12.000Z</time>
        <extensions>
          <ns3:TrackPointExtension>
            <ns3:hr>146</ns3:hr>
            <ns3:cad>85</ns3:cad>
          </ns3:TrackPointExtension>
        </extensions>
      </trkpt>
      <trkpt lat="37.47121389023959636688232421875" lon="126.958533860743045806884765625">
        <ele>69.40000152587890625</ele>
        <time>2026-06-01T23:40:13.000Z</time>
        <extensions>
          <ns3:TrackPointExtension>
            <ns3:hr>145</ns3:hr>
            <ns3:cad>85</ns3:cad>
          </ns3:TrackPointExtension>
        </extensions>
      </trkpt>
      <trkpt lat="37.4712456576526165008544921875" lon="126.9585373811423778533935546875">
        <ele>69.59999847412109375</ele>
        <time>2026-06-01T23:40:14.000Z</time>
        <extensions>
          <ns3:TrackPointExtension>
            <ns3:hr>145</ns3:hr>
            <ns3:cad>85</ns3:cad>
          </ns3:TrackPointExtension>
        </extensions>
      </trkpt>
      <trkpt lat="37.47127390466630458831787109375" lon="126.9585429131984710693359375">
        <ele>69.8000030517578125</ele>
        <time>2026-06-01T23:40:15.000Z</time>
        <extensions>
          <ns3:TrackPointExtension>
            <ns3:hr>145</ns3:hr>
            <ns3:cad>85</ns3:cad>
          </ns3:TrackPointExtension>
        </extensions>
      </trkpt>
      <trkpt lat="37.471298463642597198486328125" lon="126.95854417048394680023193359375">
        <ele>70</ele>
        <time>2026-06-01T23:40:16.000Z</time>
        <extensions>
          <ns3:TrackPointExtension>
            <ns3:hr>145</ns3:hr>
            <ns3:cad>85</ns3:cad>
          </ns3:TrackPointExtension>
        </extensions>
      </trkpt>
      <trkpt lat="37.47133408673107624053955078125" lon="126.9585511274635791778564453125">
        <ele>70.1999969482421875</ele>
        <time>2026-06-01T23:40:17.000Z</time>
        <extensions>
          <ns3:TrackPointExtension>
            <ns3:hr>145</ns3:hr>
            <ns3:cad>85</ns3:cad>
          </ns3:TrackPointExtension>
        </extensions>
      </trkpt>
      <trkpt lat="37.47135453857481479644775390625" lon="126.958545260131359100341796875">
        <ele>70.1999969482421875</ele>
        <time>2026-06-01T23:40:18.000Z</time>
        <extensions>
          <ns3:TrackPointExtension>
            <ns3:hr>146</ns3:hr>
            <ns3:cad>85</ns3:cad>
          </ns3:TrackPointExtension>
        </extensions>
      </trkpt>
      <trkpt lat="37.47139041312038898468017578125" lon="126.958544589579105377197265625">
        <ele>70</ele>
        <time>2026-06-01T23:40:19.000Z</time>
        <extensions>
          <ns3:TrackPointExtension>
            <ns3:hr>145</ns3:hr>
            <ns3:cad>85</ns3:cad>
          </ns3:TrackPointExtension>
        </extensions>
      </trkpt>
      <trkpt lat="37.47141673229634761810302734375" lon="126.95853930898010730743408203125">
        <ele>70</ele>
        <time>2026-06-01T23:40:20.000Z</time>
        <extensions>
          <ns3:TrackPointExtension>
            <ns3:hr>145</ns3:hr>
            <ns3:cad>85</ns3:cad>
          </ns3:TrackPointExtension>
        </extensions>
      </trkpt>
      <trkpt lat="37.47144506312906742095947265625" lon="126.958536542952060699462890625">
        <ele>69.8000030517578125</ele>
        <time>2026-06-01T23:40:21.000Z</time>
        <extensions>
          <ns3:TrackPointExtension>
            <ns3:hr>146</ns3:hr>
            <ns3:cad>84</ns3:cad>
          </ns3:TrackPointExtension>
        </extensions>
      </trkpt>
      <trkpt lat="37.4714749865233898162841796875" lon="126.95854626595973968505859375">
        <ele>69.8000030517578125</ele>
        <time>2026-06-01T23:40:22.000Z</time>
        <extensions>
          <ns3:TrackPointExtension>
            <ns3:hr>146</ns3:hr>
            <ns3:cad>86</ns3:cad>
          </ns3:TrackPointExtension>
        </extensions>
      </trkpt>
      <trkpt lat="37.47149770148098468780517578125" lon="126.95854819379746913909912109375">
        <ele>69.8000030517578125</ele>
        <time>2026-06-01T23:40:23.000Z</time>
        <extensions>
          <ns3:TrackPointExtension>
            <ns3:hr>146</ns3:hr>
            <ns3:cad>86</ns3:cad>
          </ns3:TrackPointExtension>
        </extensions>
      </trkpt>
      <trkpt lat="37.47153215110301971435546875" lon="126.95856277830898761749267578125">
        <ele>69.8000030517578125</ele>
        <time>2026-06-01T23:40:24.000Z</time>
        <extensions>
          <ns3:TrackPointExtension>
            <ns3:hr>145</ns3:hr>
            <ns3:cad>86</ns3:cad>
          </ns3:TrackPointExtension>
        </extensions>
      </trkpt>
      <trkpt lat="37.4715561233460903167724609375" lon="126.95856831036508083343505859375">
        <ele>69.8000030517578125</ele>
        <time>2026-06-01T23:40:25.000Z</time>
        <extensions>
          <ns3:TrackPointExtension>
            <ns3:hr>146</ns3:hr>
            <ns3:cad>86</ns3:cad>
          </ns3:TrackPointExtension>
        </extensions>
      </trkpt>
      <trkpt lat="37.4715862981975078582763671875" lon="126.9585779495537281036376953125">
        <ele>69.8000030517578125</ele>
        <time>2026-06-01T23:40:26.000Z</time>
        <extensions>
          <ns3:TrackPointExtension>
            <ns3:hr>146</ns3:hr>
            <ns3:cad>86</ns3:cad>
          </ns3:TrackPointExtension>
        </extensions>
      </trkpt>
      <trkpt lat="37.4716137908399105072021484375" lon="126.95858591236174106597900390625">
        <ele>69.59999847412109375</ele>
        <time>2026-06-01T23:40:27.000Z</time>
        <extensions>
          <ns3:TrackPointExtension>
            <ns3:hr>145</ns3:hr>
            <ns3:cad>85</ns3:cad>
          </ns3:TrackPointExtension>
        </extensions>
      </trkpt>
      <trkpt lat="37.4716382659971714019775390625" lon="126.958590857684612274169921875">
        <ele>69.40000152587890625</ele>
        <time>2026-06-01T23:40:28.000Z</time>
        <extensions>
          <ns3:TrackPointExtension>
            <ns3:hr>145</ns3:hr>
            <ns3:cad>85</ns3:cad>
          </ns3:TrackPointExtension>
        </extensions>
      </trkpt>
      <trkpt lat="37.47167204506695270538330078125" lon="126.95860602892935276031494140625">
        <ele>69.40000152587890625</ele>
        <time>2026-06-01T23:40:29.000Z</time>
        <extensions>
          <ns3:TrackPointExtension>
            <ns3:hr>145</ns3:hr>
            <ns3:cad>85</ns3:cad>
          </ns3:TrackPointExtension>
        </extensions>
      </trkpt>
      <trkpt lat="37.47169467620551586151123046875" lon="126.95860468782484531402587890625">
        <ele>69.1999969482421875</ele>
        <time>2026-06-01T23:40:30.000Z</time>
        <extensions>
          <ns3:TrackPointExtension>
            <ns3:hr>145</ns3:hr>
            <ns3:cad>85</ns3:cad>
          </ns3:TrackPointExtension>
        </extensions>
      </trkpt>
      <trkpt lat="37.4717291258275508880615234375" lon="126.9586144946515560150146484375">
        <ele>69.1999969482421875</ele>
        <time>2026-06-01T23:40:31.000Z</time>
        <extensions>
          <ns3:TrackPointExtension>
            <ns3:hr>146</ns3:hr>
            <ns3:cad>84</ns3:cad>
          </ns3:TrackPointExtension>
        </extensions>
      </trkpt>
      <trkpt lat="37.4717546068131923675537109375" lon="126.9586168415844440460205078125">
        <ele>69.1999969482421875</ele>
        <time>2026-06-01T23:40:32.000Z</time>
        <extensions>
          <ns3:TrackPointExtension>
            <ns3:hr>145</ns3:hr>
            <ns3:cad>84</ns3:cad>
          </ns3:TrackPointExtension>
        </extensions>
      </trkpt>
      <trkpt lat="37.47178436256945133209228515625" lon="126.95862597785890102386474609375">
        <ele>69.1999969482421875</ele>
        <time>2026-06-01T23:40:33.000Z</time>
        <extensions>
          <ns3:TrackPointExtension>
            <ns3:hr>145</ns3:hr>
            <ns3:cad>85</ns3:cad>
          </ns3:TrackPointExtension>
        </extensions>
      </trkpt>
      <trkpt lat="37.47181151993572711944580078125" lon="126.9586394727230072021484375">
        <ele>69.1999969482421875</ele>
        <time>2026-06-01T23:40:34.000Z</time>
        <extensions>
          <ns3:TrackPointExtension>
            <ns3:hr>145</ns3:hr>
            <ns3:cad>85</ns3:cad>
          </ns3:TrackPointExtension>
        </extensions>
      </trkpt>
      <trkpt lat="37.47183800674974918365478515625" lon="126.9586460106074810028076171875">
        <ele>69.1999969482421875</ele>
        <time>2026-06-01T23:40:35.000Z</time>
        <extensions>
          <ns3:TrackPointExtension>
            <ns3:hr>144</ns3:hr>
            <ns3:cad>85</ns3:cad>
          </ns3:TrackPointExtension>
        </extensions>
      </trkpt>
      <trkpt lat="37.47187547385692596435546875" lon="126.9586597569286823272705078125">
        <ele>69</ele>
        <time>2026-06-01T23:40:36.000Z</time>
        <extensions>
          <ns3:TrackPointExtension>
            <ns3:hr>144</ns3:hr>
            <ns3:cad>85</ns3:cad>
          </ns3:TrackPointExtension>
        </extensions>
      </trkpt>
      <trkpt lat="37.4719001166522502899169921875" lon="126.95866352878510951995849609375">
        <ele>68.8000030517578125</ele>
        <time>2026-06-01T23:40:37.000Z</time>
        <extensions>
          <ns3:TrackPointExtension>
            <ns3:hr>144</ns3:hr>
            <ns3:cad>85</ns3:cad>
          </ns3:TrackPointExtension>
        </extensions>
      </trkpt>
      <trkpt lat="37.47193171642720699310302734375" lon="126.95867107249796390533447265625">
        <ele>68.59999847412109375</ele>
        <time>2026-06-01T23:40:38.000Z</time>
        <extensions>
          <ns3:TrackPointExtension>
            <ns3:hr>143</ns3:hr>
            <ns3:cad>85</ns3:cad>
          </ns3:TrackPointExtension>
        </extensions>
      </trkpt>
      <trkpt lat="37.47195652686059474945068359375" lon="126.95868012495338916778564453125">
        <ele>68.59999847412109375</ele>
        <time>2026-06-01T23:40:39.000Z</time>
        <extensions>
          <ns3:TrackPointExtension>
            <ns3:hr>143</ns3:hr>
            <ns3:cad>85</ns3:cad>
          </ns3:TrackPointExtension>
        </extensions>
      </trkpt>
      <trkpt lat="37.471981756389141082763671875" lon="126.95868532173335552215576171875">
        <ele>68.40000152587890625</ele>
        <time>2026-06-01T23:40:40.000Z</time>
        <extensions>
          <ns3:TrackPointExtension>
            <ns3:hr>143</ns3:hr>
            <ns3:cad>84</ns3:cad>
          </ns3:TrackPointExtension>
        </extensions>
      </trkpt>
      <trkpt lat="37.47202157042920589447021484375" lon="126.9587093777954578399658203125">
        <ele>68.40000152587890625</ele>
        <time>2026-06-01T23:40:41.000Z</time>
        <extensions>
          <ns3:TrackPointExtension>
            <ns3:hr>143</ns3:hr>
            <ns3:cad>84</ns3:cad>
          </ns3:TrackPointExtension>
        </extensions>
      </trkpt>
      <trkpt lat="37.47204738669097423553466796875" lon="126.9587103836238384246826171875">
        <ele>68.1999969482421875</ele>
        <time>2026-06-01T23:40:42.000Z</time>
        <extensions>
          <ns3:TrackPointExtension>
            <ns3:hr>143</ns3:hr>
            <ns3:cad>84</ns3:cad>
          </ns3:TrackPointExtension>
        </extensions>
      </trkpt>
      <trkpt lat="37.4720918945968151092529296875" lon="126.9587214477360248565673828125">
        <ele>68.1999969482421875</ele>
        <time>2026-06-01T23:40:43.000Z</time>
        <extensions>
          <ns3:TrackPointExtension>
            <ns3:hr>143</ns3:hr>
            <ns3:cad>84</ns3:cad>
          </ns3:TrackPointExtension>
        </extensions>
      </trkpt>
      <trkpt lat="37.47211796231567859649658203125" lon="126.9587231241166591644287109375">
        <ele>68.40000152587890625</ele>
        <time>2026-06-01T23:40:44.000Z</time>
        <extensions>
          <ns3:TrackPointExtension>
            <ns3:hr>142</ns3:hr>
            <ns3:cad>84</ns3:cad>
          </ns3:TrackPointExtension>
        </extensions>
      </trkpt>
      <trkpt lat="37.47215333394706249237060546875" lon="126.958735696971416473388671875">
        <ele>68.40000152587890625</ele>
        <time>2026-06-01T23:40:45.000Z</time>
        <extensions>
          <ns3:TrackPointExtension>
            <ns3:hr>142</ns3:hr>
            <ns3:cad>84</ns3:cad>
          </ns3:TrackPointExtension>
        </extensions>
      </trkpt>
      <trkpt lat="37.4721824191510677337646484375" lon="126.958757825195789337158203125">
        <ele>68.59999847412109375</ele>
        <time>2026-06-01T23:40:46.000Z</time>
        <extensions>
          <ns3:TrackPointExtension>
            <ns3:hr>142</ns3:hr>
            <ns3:cad>84</ns3:cad>
          </ns3:TrackPointExtension>
        </extensions>
      </trkpt>
      <trkpt lat="37.47220111079514026641845703125" lon="126.95877869613468647003173828125">
        <ele>68.8000030517578125</ele>
        <time>2026-06-01T23:40:47.000Z</time>
        <extensions>
          <ns3:TrackPointExtension>
            <ns3:hr>141</ns3:hr>
            <ns3:cad>84</ns3:cad>
          </ns3:TrackPointExtension>
        </extensions>
      </trkpt>
      <trkpt lat="37.47221871279180049896240234375" lon="126.95882429368793964385986328125">
        <ele>68.8000030517578125</ele>
        <time>2026-06-01T23:40:48.000Z</time>
        <extensions>
          <ns3:TrackPointExtension>
            <ns3:hr>141</ns3:hr>
            <ns3:cad>84</ns3:cad>
          </ns3:TrackPointExtension>
        </extensions>
      </trkpt>
      <trkpt lat="37.4722266755998134613037109375" lon="126.95885580964386463165283203125">
        <ele>68.59999847412109375</ele>
        <time>2026-06-01T23:40:49.000Z</time>
        <extensions>
          <ns3:TrackPointExtension>
            <ns3:hr>141</ns3:hr>
            <ns3:cad>86</ns3:cad>
          </ns3:TrackPointExtension>
        </extensions>
      </trkpt>
      <trkpt lat="37.4722239933907985687255859375" lon="126.95890828035771846771240234375">
        <ele>68.40000152587890625</ele>
        <time>2026-06-01T23:40:50.000Z</time>
        <extensions>
          <ns3:TrackPointExtension>
            <ns3:hr>141</ns3:hr>
            <ns3:cad>86</ns3:cad>
          </ns3:TrackPointExtension>
        </extensions>
      </trkpt>
      <trkpt lat="37.47221200726926326751708984375" lon="126.9589460827410221099853515625">
        <ele>68.40000152587890625</ele>
        <time>2026-06-01T23:40:51.000Z</time>
        <extensions>
          <ns3:TrackPointExtension>
            <ns3:hr>141</ns3:hr>
            <ns3:cad>86</ns3:cad>
          </ns3:TrackPointExtension>
        </extensions>
      </trkpt>
      <trkpt lat="37.47219088487327098846435546875" lon="126.95897902362048625946044921875">
        <ele>68.1999969482421875</ele>
        <time>2026-06-01T23:40:52.000Z</time>
        <extensions>
          <ns3:TrackPointExtension>
            <ns3:hr>141</ns3:hr>
            <ns3:cad>84</ns3:cad>
          </ns3:TrackPointExtension>
        </extensions>
      </trkpt>
      <trkpt lat="37.472157776355743408203125" lon="126.95900400169193744659423828125">
        <ele>68.1999969482421875</ele>
        <time>2026-06-01T23:40:53.000Z</time>
        <extensions>
          <ns3:TrackPointExtension>
            <ns3:hr>141</ns3:hr>
            <ns3:cad>84</ns3:cad>
          </ns3:TrackPointExtension>
        </extensions>
      </trkpt>
      <trkpt lat="37.47213824652135372161865234375" lon="126.95902160368859767913818359375">
        <ele>68</ele>
        <time>2026-06-01T23:40:54.000Z</time>
        <extensions>
          <ns3:TrackPointExtension>
            <ns3:hr>141</ns3:hr>
            <ns3:cad>84</ns3:cad>
          </ns3:TrackPointExtension>
        </extensions>
      </trkpt>
      <trkpt lat="37.47210346162319183349609375" lon="126.9590473361313343048095703125">
        <ele>68</ele>
        <time>2026-06-01T23:40:55.000Z</time>
        <extensions>
          <ns3:TrackPointExtension>
            <ns3:hr>141</ns3:hr>
            <ns3:cad>86</ns3:cad>
          </ns3:TrackPointExtension>
        </extensions>
      </trkpt>
      <trkpt lat="37.47207957319915294647216796875" lon="126.959059238433837890625">
        <ele>68</ele>
        <time>2026-06-01T23:40:56.000Z</time>
        <extensions>
          <ns3:TrackPointExtension>
            <ns3:hr>141</ns3:hr>
            <ns3:cad>86</ns3:cad>
          </ns3:TrackPointExtension>
        </extensions>
      </trkpt>
      <trkpt lat="37.4720442853868007659912109375" lon="126.959081031382083892822265625">
        <ele>68</ele>
        <time>2026-06-01T23:40:57.000Z</time>
        <extensions>
          <ns3:TrackPointExtension>
            <ns3:hr>141</ns3:hr>
            <ns3:cad>86</ns3:cad>
          </ns3:TrackPointExtension>
        </extensions>
      </trkpt>
      <trkpt lat="37.47201318852603435516357421875" lon="126.95909301750361919403076171875">
        <ele>68</ele>
        <time>2026-06-01T23:40:58.000Z</time>
        <extensions>
          <ns3:TrackPointExtension>
            <ns3:hr>141</ns3:hr>
            <ns3:cad>85</ns3:cad>
          </ns3:TrackPointExtension>
        </extensions>
      </trkpt>
      <trkpt lat="37.47198586352169513702392578125" lon="126.959109194576740264892578125">
        <ele>68</ele>
        <time>2026-06-01T23:40:59.000Z</time>
        <extensions>
          <ns3:TrackPointExtension>
            <ns3:hr>141</ns3:hr>
            <ns3:cad>85</ns3:cad>
          </ns3:TrackPointExtension>
        </extensions>
      </trkpt>
      <trkpt lat="37.47194613330066204071044921875" lon="126.95912268944084644317626953125">
        <ele>68</ele>
        <time>2026-06-01T23:41:00.000Z</time>
        <extensions>
          <ns3:TrackPointExtension>
            <ns3:hr>140</ns3:hr>
            <ns3:cad>85</ns3:cad>
          </ns3:TrackPointExtension>
        </extensions>
      </trkpt>
      <trkpt lat="37.4719204008579254150390625" lon="126.95913492701947689056396484375">
        <ele>67.8000030517578125</ele>
        <time>2026-06-01T23:41:01.000Z</time>
        <extensions>
          <ns3:TrackPointExtension>
            <ns3:hr>141</ns3:hr>
            <ns3:cad>85</ns3:cad>
          </ns3:TrackPointExtension>
        </extensions>
      </trkpt>
      <trkpt lat="37.4718783237040042877197265625" lon="126.95914733223617076873779296875">
        <ele>67.8000030517578125</ele>
        <time>2026-06-01T23:41:02.000Z</time>
        <extensions>
          <ns3:TrackPointExtension>
            <ns3:hr>141</ns3:hr>
            <ns3:cad>85</ns3:cad>
          </ns3:TrackPointExtension>
        </extensions>
      </trkpt>
      <trkpt lat="37.471857033669948577880859375" lon="126.95915856398642063140869140625">
        <ele>67.8000030517578125</ele>
        <time>2026-06-01T23:41:03.000Z</time>
        <extensions>
          <ns3:TrackPointExtension>
            <ns3:hr>141</ns3:hr>
            <ns3:cad>85</ns3:cad>
          </ns3:TrackPointExtension>
        </extensions>
      </trkpt>
      <trkpt lat="37.4718211591243743896484375" lon="126.959172226488590240478515625">
        <ele>67.8000030517578125</ele>
        <time>2026-06-01T23:41:04.000Z</time>
        <extensions>
          <ns3:TrackPointExtension>
            <ns3:hr>141</ns3:hr>
            <ns3:cad>85</ns3:cad>
          </ns3:TrackPointExtension>
        </extensions>
      </trkpt>
      <trkpt lat="37.47178972698748111724853515625" lon="126.959180943667888641357421875">
        <ele>67.8000030517578125</ele>
        <time>2026-06-01T23:41:05.000Z</time>
        <extensions>
          <ns3:TrackPointExtension>
            <ns3:hr>141</ns3:hr>
            <ns3:cad>85</ns3:cad>
          </ns3:TrackPointExtension>
        </extensions>
      </trkpt>
      <trkpt lat="37.47176441363990306854248046875" lon="126.95919494144618511199951171875">
        <ele>67.8000030517578125</ele>
        <time>2026-06-01T23:41:06.000Z</time>
        <extensions>
          <ns3:TrackPointExtension>
            <ns3:hr>141</ns3:hr>
            <ns3:cad>85</ns3:cad>
          </ns3:TrackPointExtension>
        </extensions>
      </trkpt>
      <trkpt lat="37.47172971256077289581298828125" lon="126.959206424653530120849609375">
        <ele>67.59999847412109375</ele>
        <time>2026-06-01T23:41:07.000Z</time>
        <extensions>
          <ns3:TrackPointExtension>
            <ns3:hr>141</ns3:hr>
            <ns3:cad>86</ns3:cad>
          </ns3:TrackPointExtension>
        </extensions>
      </trkpt>
      <trkpt lat="37.471707165241241455078125" lon="126.9592201709747314453125">
        <ele>67.59999847412109375</ele>
        <time>2026-06-01T23:41:08.000Z</time>
        <extensions>
          <ns3:TrackPointExtension>
            <ns3:hr>141</ns3:hr>
            <ns3:cad>86</ns3:cad>
          </ns3:TrackPointExtension>
        </extensions>
      </trkpt>
      <trkpt lat="37.471666596829891204833984375" lon="126.9592337496578693389892578125">
        <ele>67.59999847412109375</ele>
        <time>2026-06-01T23:41:09.000Z</time>
        <extensions>
          <ns3:TrackPointExtension>
            <ns3:hr>142</ns3:hr>
            <ns3:cad>86</ns3:cad>
          </ns3:TrackPointExtension>
        </extensions>
      </trkpt>
      <trkpt lat="37.4716476537287235260009765625" lon="126.95924699306488037109375">
        <ele>67.59999847412109375</ele>
        <time>2026-06-01T23:41:10.000Z</time>
        <extensions>
          <ns3:TrackPointExtension>
            <ns3:hr>142</ns3:hr>
            <ns3:cad>85</ns3:cad>
          </ns3:TrackPointExtension>
        </extensions>
      </trkpt>
      <trkpt lat="37.47161773033440113067626953125" lon="126.95926652289927005767822265625">
        <ele>67.59999847412109375</ele>
        <time>2026-06-01T23:41:11.000Z</time>
        <extensions>
          <ns3:TrackPointExtension>
            <ns3:hr>142</ns3:hr>
            <ns3:cad>85</ns3:cad>
          </ns3:TrackPointExtension>
        </extensions>
      </trkpt>
      <trkpt lat="37.47158990241587162017822265625" lon="126.9592713005840778350830078125">
        <ele>67.8000030517578125</ele>
        <time>2026-06-01T23:41:12.000Z</time>
        <extensions>
          <ns3:TrackPointExtension>
            <ns3:hr>142</ns3:hr>
            <ns3:cad>85</ns3:cad>
          </ns3:TrackPointExtension>
        </extensions>
      </trkpt>
      <trkpt lat="37.4715688638389110565185546875" lon="126.95928387343883514404296875">
        <ele>67.8000030517578125</ele>
        <time>2026-06-01T23:41:13.000Z</time>
        <extensions>
          <ns3:TrackPointExtension>
            <ns3:hr>142</ns3:hr>
            <ns3:cad>85</ns3:cad>
          </ns3:TrackPointExtension>
        </extensions>
      </trkpt>
      <trkpt lat="37.4715328216552734375" lon="126.95929619483649730682373046875">
        <ele>67.8000030517578125</ele>
        <time>2026-06-01T23:41:14.000Z</time>
        <extensions>
          <ns3:TrackPointExtension>
            <ns3:hr>143</ns3:hr>
            <ns3:cad>86</ns3:cad>
          </ns3:TrackPointExtension>
        </extensions>
      </trkpt>
      <trkpt lat="37.47150843031704425811767578125" lon="126.9593085162341594696044921875">
        <ele>67.8000030517578125</ele>
        <time>2026-06-01T23:41:15.000Z</time>
        <extensions>
          <ns3:TrackPointExtension>
            <ns3:hr>143</ns3:hr>
            <ns3:cad>86</ns3:cad>
          </ns3:TrackPointExtension>
        </extensions>
      </trkpt>
      <trkpt lat="37.47147305868566036224365234375" lon="126.95932670496404170989990234375">
        <ele>67.8000030517578125</ele>
        <time>2026-06-01T23:41:16.000Z</time>
        <extensions>
          <ns3:TrackPointExtension>
            <ns3:hr>143</ns3:hr>
            <ns3:cad>86</ns3:cad>
          </ns3:TrackPointExtension>
        </extensions>
      </trkpt>
      <trkpt lat="37.4714528582990169525146484375" lon="126.95933592505753040313720703125">
        <ele>68</ele>
        <time>2026-06-01T23:41:17.000Z</time>
        <extensions>
          <ns3:TrackPointExtension>
            <ns3:hr>143</ns3:hr>
            <ns3:cad>85</ns3:cad>
          </ns3:TrackPointExtension>
        </extensions>
      </trkpt>
      <trkpt lat="37.4714263714849948883056640625" lon="126.95934950374066829681396484375">
        <ele>68</ele>
        <time>2026-06-01T23:41:18.000Z</time>
        <extensions>
          <ns3:TrackPointExtension>
            <ns3:hr>143</ns3:hr>
            <ns3:cad>85</ns3:cad>
          </ns3:TrackPointExtension>
        </extensions>
      </trkpt>
      <trkpt lat="37.47139669954776763916015625" lon="126.9593531079590320587158203125">
        <ele>68</ele>
        <time>2026-06-01T23:41:19.000Z</time>
        <extensions>
          <ns3:TrackPointExtension>
            <ns3:hr>143</ns3:hr>
            <ns3:cad>85</ns3:cad>
          </ns3:TrackPointExtension>
        </extensions>
      </trkpt>
      <trkpt lat="37.47137331403791904449462890625" lon="126.95936006493866443634033203125">
        <ele>68.1999969482421875</ele>
        <time>2026-06-01T23:41:20.000Z</time>
        <extensions>
          <ns3:TrackPointExtension>
            <ns3:hr>143</ns3:hr>
            <ns3:cad>84</ns3:cad>
          </ns3:TrackPointExtension>
        </extensions>
      </trkpt>
      <trkpt lat="37.4713356792926788330078125" lon="126.9593703746795654296875">
        <ele>68.40000152587890625</ele>
        <time>2026-06-01T23:41:21.000Z</time>
        <extensions>
          <ns3:TrackPointExtension>
            <ns3:hr>144</ns3:hr>
            <ns3:cad>84</ns3:cad>
          </ns3:TrackPointExtension>
        </extensions>
      </trkpt>
      <trkpt lat="37.4713110364973545074462890625" lon="126.959373056888580322265625">
        <ele>68.40000152587890625</ele>
        <time>2026-06-01T23:41:22.000Z</time>
        <extensions>
          <ns3:TrackPointExtension>
            <ns3:hr>144</ns3:hr>
            <ns3:cad>84</ns3:cad>
          </ns3:TrackPointExtension>
        </extensions>
      </trkpt>
      <trkpt lat="37.47127734124660491943359375" lon="126.959362663328647613525390625">
        <ele>68.40000152587890625</ele>
        <time>2026-06-01T23:41:23.000Z</time>
        <extensions>
          <ns3:TrackPointExtension>
            <ns3:hr>144</ns3:hr>
            <ns3:cad>85</ns3:cad>
          </ns3:TrackPointExtension>
        </extensions>
      </trkpt>
      <trkpt lat="37.47124657966196537017822265625" lon="126.9593510963022708892822265625">
        <ele>68.40000152587890625</ele>
        <time>2026-06-01T23:41:24.000Z</time>
        <extensions>
          <ns3:TrackPointExtension>
            <ns3:hr>144</ns3:hr>
            <ns3:cad>85</ns3:cad>
          </ns3:TrackPointExtension>
        </extensions>
      </trkpt>
      <trkpt lat="37.47122294269502162933349609375" lon="126.95934581570327281951904296875">
        <ele>68.59999847412109375</ele>
        <time>2026-06-01T23:41:25.000Z</time>
        <extensions>
          <ns3:TrackPointExtension>
            <ns3:hr>144</ns3:hr>
            <ns3:cad>85</ns3:cad>
          </ns3:TrackPointExtension>
        </extensions>
      </trkpt>
      <trkpt lat="37.471189834177494049072265625" lon="126.95932947099208831787109375">
        <ele>68.40000152587890625</ele>
        <time>2026-06-01T23:41:26.000Z</time>
        <extensions>
          <ns3:TrackPointExtension>
            <ns3:hr>144</ns3:hr>
            <ns3:cad>85</ns3:cad>
          </ns3:TrackPointExtension>
        </extensions>
      </trkpt>
      <trkpt lat="37.4711692146956920623779296875" lon="126.95932754315435886383056640625">
        <ele>68.40000152587890625</ele>
        <time>2026-06-01T23:41:27.000Z</time>
        <extensions>
          <ns3:TrackPointExtension>
            <ns3:hr>144</ns3:hr>
            <ns3:cad>85</ns3:cad>
          </ns3:TrackPointExtension>
        </extensions>
      </trkpt>
      <trkpt lat="37.47113384306430816650390625" lon="126.95930725894868373870849609375">
        <ele>68.40000152587890625</ele>
        <time>2026-06-01T23:41:28.000Z</time>
        <extensions>
          <ns3:TrackPointExtension>
            <ns3:hr>144</ns3:hr>
            <ns3:cad>85</ns3:cad>
          </ns3:TrackPointExtension>
        </extensions>
      </trkpt>
      <trkpt lat="37.47110903263092041015625" lon="126.9592966139316558837890625">
        <ele>68.40000152587890625</ele>
        <time>2026-06-01T23:41:29.000Z</time>
        <extensions>
          <ns3:TrackPointExtension>
            <ns3:hr>144</ns3:hr>
            <ns3:cad>85</ns3:cad>
          </ns3:TrackPointExtension>
        </extensions>
      </trkpt>
      <trkpt lat="37.47108078561723232269287109375" lon="126.95927507244050502777099609375">
        <ele>68.40000152587890625</ele>
        <time>2026-06-01T23:41:30.000Z</time>
        <extensions>
          <ns3:TrackPointExtension>
            <ns3:hr>144</ns3:hr>
            <ns3:cad>85</ns3:cad>
          </ns3:TrackPointExtension>
        </extensions>
      </trkpt>
      <trkpt lat="37.47105848975479602813720703125" lon="126.959252022206783294677734375">
        <ele>68.40000152587890625</ele>
        <time>2026-06-01T23:41:31.000Z</time>
        <extensions>
          <ns3:TrackPointExtension>
            <ns3:hr>144</ns3:hr>
            <ns3:cad>85</ns3:cad>
          </ns3:TrackPointExtension>
        </extensions>
      </trkpt>
      <trkpt lat="37.4710384570062160491943359375" lon="126.95923433639109134674072265625">
        <ele>68.59999847412109375</ele>
        <time>2026-06-01T23:41:32.000Z</time>
        <extensions>
          <ns3:TrackPointExtension>
            <ns3:hr>144</ns3:hr>
            <ns3:cad>85</ns3:cad>
          </ns3:TrackPointExtension>
        </extensions>
      </trkpt>
      <trkpt lat="37.47101607732474803924560546875" lon="126.959196366369724273681640625">
        <ele>68.59999847412109375</ele>
        <time>2026-06-01T23:41:33.000Z</time>
        <extensions>
          <ns3:TrackPointExtension>
            <ns3:hr>144</ns3:hr>
            <ns3:cad>86</ns3:cad>
          </ns3:TrackPointExtension>
        </extensions>
      </trkpt>
      <trkpt lat="37.47099914588034152984619140625" lon="126.95916878990828990936279296875">
        <ele>68.59999847412109375</ele>
        <time>2026-06-01T23:41:34.000Z</time>
        <extensions>
          <ns3:TrackPointExtension>
            <ns3:hr>144</ns3:hr>
            <ns3:cad>86</ns3:cad>
          </ns3:TrackPointExtension>
        </extensions>
      </trkpt>
      <trkpt lat="37.470974586904048919677734375" lon="126.959129981696605682373046875">
        <ele>68.59999847412109375</ele>
        <time>2026-06-01T23:41:35.000Z</time>
        <extensions>
          <ns3:TrackPointExtension>
            <ns3:hr>144</ns3:hr>
            <ns3:cad>85</ns3:cad>
          </ns3:TrackPointExtension>
        </extensions>
      </trkpt>
      <trkpt lat="37.470957152545452117919921875" lon="126.9591019861400127410888671875">
        <ele>68.8000030517578125</ele>
        <time>2026-06-01T23:41:36.000Z</time>
        <extensions>
          <ns3:TrackPointExtension>
            <ns3:hr>143</ns3:hr>
            <ns3:cad>85</ns3:cad>
          </ns3:TrackPointExtension>
        </extensions>
      </trkpt>
      <trkpt lat="37.47093460522592067718505859375" lon="126.9590721465647220611572265625">
        <ele>68.8000030517578125</ele>
        <time>2026-06-01T23:41:37.000Z</time>
        <extensions>
          <ns3:TrackPointExtension>
            <ns3:hr>144</ns3:hr>
            <ns3:cad>85</ns3:cad>
          </ns3:TrackPointExtension>
        </extensions>
      </trkpt>
      <trkpt lat="37.47091650031507015228271484375" lon="126.95904021151363849639892578125">
        <ele>68.8000030517578125</ele>
        <time>2026-06-01T23:41:38.000Z</time>
        <extensions>
          <ns3:TrackPointExtension>
            <ns3:hr>144</ns3:hr>
            <ns3:cad>85</ns3:cad>
          </ns3:TrackPointExtension>
        </extensions>
      </trkpt>
      <trkpt lat="37.4708976410329341888427734375" lon="126.95902210660278797149658203125">
        <ele>68.8000030517578125</ele>
        <time>2026-06-01T23:41:39.000Z</time>
        <extensions>
          <ns3:TrackPointExtension>
            <ns3:hr>144</ns3:hr>
            <ns3:cad>85</ns3:cad>
          </ns3:TrackPointExtension>
        </extensions>
      </trkpt>
      <trkpt lat="37.470880039036273956298828125" lon="126.95898346602916717529296875">
        <ele>69</ele>
        <time>2026-06-01T23:41:40.000Z</time>
        <extensions>
          <ns3:TrackPointExtension>
            <ns3:hr>143</ns3:hr>
            <ns3:cad>85</ns3:cad>
          </ns3:TrackPointExtension>
        </extensions>
      </trkpt>
      <trkpt lat="37.470865286886692047119140625" lon="126.95896343328058719635009765625">
        <ele>69</ele>
        <time>2026-06-01T23:41:41.000Z</time>
        <extensions>
          <ns3:TrackPointExtension>
            <ns3:hr>144</ns3:hr>
            <ns3:cad>85</ns3:cad>
          </ns3:TrackPointExtension>
        </extensions>
      </trkpt>
      <trkpt lat="37.4708426557481288909912109375" lon="126.95892437361180782318115234375">
        <ele>69</ele>
        <time>2026-06-01T23:41:42.000Z</time>
        <extensions>
          <ns3:TrackPointExtension>
            <ns3:hr>144</ns3:hr>
            <ns3:cad>85</ns3:cad>
          </ns3:TrackPointExtension>
        </extensions>
      </trkpt>
      <trkpt lat="37.47082002460956573486328125" lon="126.95890442468225955963134765625">
        <ele>69.1999969482421875</ele>
        <time>2026-06-01T23:41:43.000Z</time>
        <extensions>
          <ns3:TrackPointExtension>
            <ns3:hr>144</ns3:hr>
            <ns3:cad>85</ns3:cad>
          </ns3:TrackPointExtension>
        </extensions>
      </trkpt>
      <trkpt lat="37.4707977287471294403076171875" lon="126.95887659676373004913330078125">
        <ele>69.1999969482421875</ele>
        <time>2026-06-01T23:41:44.000Z</time>
        <extensions>
          <ns3:TrackPointExtension>
            <ns3:hr>144</ns3:hr>
            <ns3:cad>86</ns3:cad>
          </ns3:TrackPointExtension>
        </extensions>
      </trkpt>
      <trkpt lat="37.470783479511737823486328125" lon="126.95884357206523418426513671875">
        <ele>69.40000152587890625</ele>
        <time>2026-06-01T23:41:45.000Z</time>
        <extensions>
          <ns3:TrackPointExtension>
            <ns3:hr>144</ns3:hr>
            <ns3:cad>85</ns3:cad>
          </ns3:TrackPointExtension>
        </extensions>
      </trkpt>
      <trkpt lat="37.4707685597240924835205078125" lon="126.958819516003131866455078125">
        <ele>69.40000152587890625</ele>
        <time>2026-06-01T23:41:46.000Z</time>
        <extensions>
          <ns3:TrackPointExtension>
            <ns3:hr>145</ns3:hr>
            <ns3:cad>85</ns3:cad>
          </ns3:TrackPointExtension>
        </extensions>
      </trkpt>
      <trkpt lat="37.47074768878519535064697265625" lon="126.95877584628760814666748046875">
        <ele>69.59999847412109375</ele>
        <time>2026-06-01T23:41:47.000Z</time>
        <extensions>
          <ns3:TrackPointExtension>
            <ns3:hr>145</ns3:hr>
            <ns3:cad>85</ns3:cad>
          </ns3:TrackPointExtension>
        </extensions>
      </trkpt>
      <trkpt lat="37.47073260135948657989501953125" lon="126.95875413715839385986328125">
        <ele>69.59999847412109375</ele>
        <time>2026-06-01T23:41:48.000Z</time>
        <extensions>
          <ns3:TrackPointExtension>
            <ns3:hr>146</ns3:hr>
            <ns3:cad>86</ns3:cad>
          </ns3:TrackPointExtension>
        </extensions>
      </trkpt>
      <trkpt lat="37.47071131132543087005615234375" lon="126.95871734060347080230712890625">
        <ele>69.8000030517578125</ele>
        <time>2026-06-01T23:41:49.000Z</time>
        <extensions>
          <ns3:TrackPointExtension>
            <ns3:hr>146</ns3:hr>
            <ns3:cad>86</ns3:cad>
          </ns3:TrackPointExtension>
        </extensions>
      </trkpt>
      <trkpt lat="37.4706919491291046142578125" lon="126.958689428865909576416015625">
        <ele>69.8000030517578125</ele>
        <time>2026-06-01T23:41:50.000Z</time>
        <extensions>
          <ns3:TrackPointExtension>
            <ns3:hr>147</ns3:hr>
            <ns3:cad>86</ns3:cad>
          </ns3:TrackPointExtension>
        </extensions>
      </trkpt>
      <trkpt lat="37.47066990472376346588134765625" lon="126.9586610980331897735595703125">
        <ele>69.8000030517578125</ele>
        <time>2026-06-01T23:41:51.000Z</time>
        <extensions>
          <ns3:TrackPointExtension>
            <ns3:hr>147</ns3:hr>
            <ns3:cad>86</ns3:cad>
          </ns3:TrackPointExtension>
        </extensions>
      </trkpt>
      <trkpt lat="37.4706562422215938568115234375" lon="126.95862228982150554656982421875">
        <ele>70</ele>
        <time>2026-06-01T23:41:52.000Z</time>
        <extensions>
          <ns3:TrackPointExtension>
            <ns3:hr>147</ns3:hr>
            <ns3:cad>86</ns3:cad>
          </ns3:TrackPointExtension>
        </extensions>
      </trkpt>
      <trkpt lat="37.4706378020346164703369140625" lon="126.9586071185767650604248046875">
        <ele>70</ele>
        <time>2026-06-01T23:41:53.000Z</time>
        <extensions>
          <ns3:TrackPointExtension>
            <ns3:hr>147</ns3:hr>
            <ns3:cad>86</ns3:cad>
          </ns3:TrackPointExtension>
        </extensions>
      </trkpt>
      <trkpt lat="37.47061726637184619903564453125" lon="126.9585766084492206573486328125">
        <ele>70.1999969482421875</ele>
        <time>2026-06-01T23:41:54.000Z</time>
        <extensions>
          <ns3:TrackPointExtension>
            <ns3:hr>147</ns3:hr>
            <ns3:cad>85</ns3:cad>
          </ns3:TrackPointExtension>
        </extensions>
      </trkpt>
      <trkpt lat="37.470601759850978851318359375" lon="126.95855699479579925537109375">
        <ele>70.1999969482421875</ele>
        <time>2026-06-01T23:41:55.000Z</time>
        <extensions>
          <ns3:TrackPointExtension>
            <ns3:hr>148</ns3:hr>
            <ns3:cad>86</ns3:cad>
          </ns3:TrackPointExtension>
        </extensions>
      </trkpt>
      <trkpt lat="37.4705771170556545257568359375" lon="126.9585196115076541900634765625">
        <ele>70.40000152587890625</ele>
        <time>2026-06-01T23:41:56.000Z</time>
        <extensions>
          <ns3:TrackPointExtension>
            <ns3:hr>148</ns3:hr>
            <ns3:cad>86</ns3:cad>
          </ns3:TrackPointExtension>
        </extensions>
      </trkpt>
      <trkpt lat="37.47055825777351856231689453125" lon="126.95849597454071044921875">
        <ele>70.59999847412109375</ele>
        <time>2026-06-01T23:41:57.000Z</time>
        <extensions>
          <ns3:TrackPointExtension>
            <ns3:hr>148</ns3:hr>
            <ns3:cad>86</ns3:cad>
          </ns3:TrackPointExtension>
        </extensions>
      </trkpt>
      <trkpt lat="37.47053713537752628326416015625" lon="126.958466805517673492431640625">
        <ele>70.59999847412109375</ele>
        <time>2026-06-01T23:41:58.000Z</time>
        <extensions>
          <ns3:TrackPointExtension>
            <ns3:hr>149</ns3:hr>
            <ns3:cad>86</ns3:cad>
          </ns3:TrackPointExtension>
        </extensions>
      </trkpt>
      <trkpt lat="37.4705238081514835357666015625" lon="126.9584314338862895965576171875">
        <ele>70.59999847412109375</ele>
        <time>2026-06-01T23:41:59.000Z</time>
        <extensions>
          <ns3:TrackPointExtension>
            <ns3:hr>149</ns3:hr>
            <ns3:cad>86</ns3:cad>
          </ns3:TrackPointExtension>
        </extensions>
      </trkpt>
      <trkpt lat="37.47051961719989776611328125" lon="126.958400420844554901123046875">
        <ele>70.59999847412109375</ele>
        <time>2026-06-01T23:42:00.000Z</time>
        <extensions>
          <ns3:TrackPointExtension>
            <ns3:hr>149</ns3:hr>
            <ns3:cad>85</ns3:cad>
          </ns3:TrackPointExtension>
        </extensions>
      </trkpt>
      <trkpt lat="37.470537722110748291015625" lon="126.95835909806191921234130859375">
        <ele>70.8000030517578125</ele>
        <time>2026-06-01T23:42:01.000Z</time>
        <extensions>
          <ns3:TrackPointExtension>
            <ns3:hr>149</ns3:hr>
            <ns3:cad>85</ns3:cad>
          </ns3:TrackPointExtension>
        </extensions>
      </trkpt>
      <trkpt lat="37.4705583415925502777099609375" lon="126.9583435915410518646240234375">
        <ele>70.8000030517578125</ele>
        <time>2026-06-01T23:42:02.000Z</time>
        <extensions>
          <ns3:TrackPointExtension>
            <ns3:hr>149</ns3:hr>
            <ns3:cad>85</ns3:cad>
          </ns3:TrackPointExtension>
        </extensions>
      </trkpt>
      <trkpt lat="37.4705861695110797882080078125" lon="126.95833831094205379486083984375">
        <ele>70.8000030517578125</ele>
        <time>2026-06-01T23:42:03.000Z</time>
        <extensions>
          <ns3:TrackPointExtension>
            <ns3:hr>149</ns3:hr>
            <ns3:cad>85</ns3:cad>
          </ns3:TrackPointExtension>
        </extensions>
      </trkpt>
      <trkpt lat="37.4706190265715122222900390625" lon="126.95833847858011722564697265625">
        <ele>70.8000030517578125</ele>
        <time>2026-06-01T23:42:04.000Z</time>
        <extensions>
          <ns3:TrackPointExtension>
            <ns3:hr>149</ns3:hr>
            <ns3:cad>86</ns3:cad>
          </ns3:TrackPointExtension>
        </extensions>
      </trkpt>
      <trkpt lat="37.470648027956485748291015625" lon="126.95834367536008358001708984375">
        <ele>70.8000030517578125</ele>
        <time>2026-06-01T23:42:05.000Z</time>
        <extensions>
          <ns3:TrackPointExtension>
            <ns3:hr>149</ns3:hr>
            <ns3:cad>86</ns3:cad>
          </ns3:TrackPointExtension>
        </extensions>
      </trkpt>
      <trkpt lat="37.47068482451140880584716796875" lon="126.95835758931934833526611328125">
        <ele>70.59999847412109375</ele>
        <time>2026-06-01T23:42:06.000Z</time>
        <extensions>
          <ns3:TrackPointExtension>
            <ns3:hr>149</ns3:hr>
            <ns3:cad>86</ns3:cad>
          </ns3:TrackPointExtension>
        </extensions>
      </trkpt>
      <trkpt lat="37.47071030549705028533935546875" lon="126.9583593495190143585205078125">
        <ele>70.59999847412109375</ele>
        <time>2026-06-01T23:42:07.000Z</time>
        <extensions>
          <ns3:TrackPointExtension>
            <ns3:hr>149</ns3:hr>
            <ns3:cad>86</ns3:cad>
          </ns3:TrackPointExtension>
        </extensions>
      </trkpt>
      <trkpt lat="37.4707511253654956817626953125" lon="126.958376951515674591064453125">
        <ele>70.59999847412109375</ele>
        <time>2026-06-01T23:42:08.000Z</time>
        <extensions>
          <ns3:TrackPointExtension>
            <ns3:hr>149</ns3:hr>
            <ns3:cad>86</ns3:cad>
          </ns3:TrackPointExtension>
        </extensions>
      </trkpt>
      <trkpt lat="37.47077652253210544586181640625" lon="126.95837586186826229095458984375">
        <ele>70.40000152587890625</ele>
        <time>2026-06-01T23:42:09.000Z</time>
        <extensions>
          <ns3:TrackPointExtension>
            <ns3:hr>149</ns3:hr>
            <ns3:cad>85</ns3:cad>
          </ns3:TrackPointExtension>
        </extensions>
      </trkpt>
      <trkpt lat="37.47081273235380649566650390625" lon="126.9583838246762752532958984375">
        <ele>70.40000152587890625</ele>
        <time>2026-06-01T23:42:10.000Z</time>
        <extensions>
          <ns3:TrackPointExtension>
            <ns3:hr>149</ns3:hr>
            <ns3:cad>85</ns3:cad>
          </ns3:TrackPointExtension>
        </extensions>
      </trkpt>
      <trkpt lat="37.4708389677107334136962890625" lon="126.95839128457009792327880859375">
        <ele>70.40000152587890625</ele>
        <time>2026-06-01T23:42:11.000Z</time>
        <extensions>
          <ns3:TrackPointExtension>
            <ns3:hr>148</ns3:hr>
            <ns3:cad>85</ns3:cad>
          </ns3:TrackPointExtension>
        </extensions>
      </trkpt>
      <trkpt lat="37.4708631075918674468994140625" lon="126.9583992473781108856201171875">
        <ele>70.40000152587890625</ele>
        <time>2026-06-01T23:42:12.000Z</time>
        <extensions>
          <ns3:TrackPointExtension>
            <ns3:hr>149</ns3:hr>
            <ns3:cad>85</ns3:cad>
          </ns3:TrackPointExtension>
        </extensions>
      </trkpt>
      <trkpt lat="37.47089537791907787322998046875" lon="126.95842363871634006500244140625">
        <ele>70.40000152587890625</ele>
        <time>2026-06-01T23:42:13.000Z</time>
        <extensions>
          <ns3:TrackPointExtension>
            <ns3:hr>148</ns3:hr>
            <ns3:cad>85</ns3:cad>
          </ns3:TrackPointExtension>
        </extensions>
      </trkpt>
      <trkpt lat="37.4709145724773406982421875" lon="126.9584290869534015655517578125">
        <ele>70.40000152587890625</ele>
        <time>2026-06-01T23:42:14.000Z</time>
        <extensions>
          <ns3:TrackPointExtension>
            <ns3:hr>148</ns3:hr>
            <ns3:cad>85</ns3:cad>
          </ns3:TrackPointExtension>
        </extensions>
      </trkpt>
      <trkpt lat="37.470955140888690948486328125" lon="126.9584465213119983673095703125">
        <ele>70.59999847412109375</ele>
        <time>2026-06-01T23:42:15.000Z</time>
        <extensions>
          <ns3:TrackPointExtension>
            <ns3:hr>148</ns3:hr>
            <ns3:cad>85</ns3:cad>
          </ns3:TrackPointExtension>
        </extensions>
      </trkpt>
      <trkpt lat="37.4709767661988735198974609375" lon="126.958448700606822967529296875">
        <ele>70.40000152587890625</ele>
        <time>2026-06-01T23:42:16.000Z</time>
        <extensions>
          <ns3:TrackPointExtension>
            <ns3:hr>149</ns3:hr>
            <ns3:cad>86</ns3:cad>
          </ns3:TrackPointExtension>
        </extensions>
      </trkpt>
      <trkpt lat="37.471009455621242523193359375" lon="126.95845683105289936065673828125">
        <ele>70.40000152587890625</ele>
        <time>2026-06-01T23:42:17.000Z</time>
        <extensions>
          <ns3:TrackPointExtension>
            <ns3:hr>148</ns3:hr>
            <ns3:cad>86</ns3:cad>
          </ns3:TrackPointExtension>
        </extensions>
      </trkpt>
      <trkpt lat="37.47103870846331119537353515625" lon="126.95846848189830780029296875">
        <ele>70.1999969482421875</ele>
        <time>2026-06-01T23:42:18.000Z</time>
        <extensions>
          <ns3:TrackPointExtension>
            <ns3:hr>148</ns3:hr>
            <ns3:cad>85</ns3:cad>
          </ns3:TrackPointExtension>
        </extensions>
      </trkpt>
      <trkpt lat="37.471066452562808990478515625" lon="126.95847644470632076263427734375">
        <ele>70.1999969482421875</ele>
        <time>2026-06-01T23:42:19.000Z</time>
        <extensions>
          <ns3:TrackPointExtension>
            <ns3:hr>149</ns3:hr>
            <ns3:cad>85</ns3:cad>
          </ns3:TrackPointExtension>
        </extensions>
      </trkpt>
      <trkpt lat="37.471099980175495147705078125" lon="126.9584964774549007415771484375">
        <ele>70</ele>
        <time>2026-06-01T23:42:20.000Z</time>
        <extensions>
          <ns3:TrackPointExtension>
            <ns3:hr>148</ns3:hr>
            <ns3:cad>85</ns3:cad>
          </ns3:TrackPointExtension>
        </extensions>
      </trkpt>
      <trkpt lat="37.47112219221889972686767578125" lon="126.9584984891116619110107421875">
        <ele>70</ele>
        <time>2026-06-01T23:42:21.000Z</time>
        <extensions>
          <ns3:TrackPointExtension>
            <ns3:hr>148</ns3:hr>
            <ns3:cad>85</ns3:cad>
          </ns3:TrackPointExtension>
        </extensions>
      </trkpt>
      <trkpt lat="37.47116041369736194610595703125" lon="126.95851131342351436614990234375">
        <ele>70</ele>
        <time>2026-06-01T23:42:22.000Z</time>
        <extensions>
          <ns3:TrackPointExtension>
            <ns3:hr>148</ns3:hr>
            <ns3:cad>85</ns3:cad>
          </ns3:TrackPointExtension>
        </extensions>
      </trkpt>
      <trkpt lat="37.4711843021214008331298828125" lon="126.95850946940481662750244140625">
        <ele>70</ele>
        <time>2026-06-01T23:42:23.000Z</time>
        <extensions>
          <ns3:TrackPointExtension>
            <ns3:hr>149</ns3:hr>
            <ns3:cad>85</ns3:cad>
          </ns3:TrackPointExtension>
        </extensions>
      </trkpt>
      <trkpt lat="37.4712161533534526824951171875" lon="126.9585160911083221435546875">
        <ele>70</ele>
        <time>2026-06-01T23:42:24.000Z</time>
        <extensions>
          <ns3:TrackPointExtension>
            <ns3:hr>148</ns3:hr>
            <ns3:cad>85</ns3:cad>
          </ns3:TrackPointExtension>
        </extensions>
      </trkpt>
      <trkpt lat="37.471247501671314239501953125" lon="126.95852422155439853668212890625">
        <ele>70</ele>
        <time>2026-06-01T23:42:25.000Z</time>
        <extensions>
          <ns3:TrackPointExtension>
            <ns3:hr>148</ns3:hr>
            <ns3:cad>86</ns3:cad>
          </ns3:TrackPointExtension>
        </extensions>
      </trkpt>
      <trkpt lat="37.47127189300954341888427734375" lon="126.95852757431566715240478515625">
        <ele>70</ele>
        <time>2026-06-01T23:42:26.000Z</time>
        <extensions>
          <ns3:TrackPointExtension>
            <ns3:hr>148</ns3:hr>
            <ns3:cad>86</ns3:cad>
          </ns3:TrackPointExtension>
        </extensions>
      </trkpt>
      <trkpt lat="37.47130692936480045318603515625" lon="126.958543919026851654052734375">
        <ele>69.8000030517578125</ele>
        <time>2026-06-01T23:42:27.000Z</time>
        <extensions>
          <ns3:TrackPointExtension>
            <ns3:hr>148</ns3:hr>
            <ns3:cad>86</ns3:cad>
          </ns3:TrackPointExtension>
        </extensions>
      </trkpt>
      <trkpt lat="37.47132888995110988616943359375" lon="126.9585393927991390228271484375">
        <ele>69.8000030517578125</ele>
        <time>2026-06-01T23:42:28.000Z</time>
        <extensions>
          <ns3:TrackPointExtension>
            <ns3:hr>148</ns3:hr>
            <ns3:cad>86</ns3:cad>
          </ns3:TrackPointExtension>
        </extensions>
      </trkpt>
      <trkpt lat="37.4713676981627941131591796875" lon="126.958544589579105377197265625">
        <ele>69.8000030517578125</ele>
        <time>2026-06-01T23:42:29.000Z</time>
        <extensions>
          <ns3:TrackPointExtension>
            <ns3:hr>147</ns3:hr>
            <ns3:cad>86</ns3:cad>
          </ns3:TrackPointExtension>
        </extensions>
      </trkpt>
      <trkpt lat="37.4713878147304058074951171875" lon="126.958533190190792083740234375">
        <ele>69.8000030517578125</ele>
        <time>2026-06-01T23:42:30.000Z</time>
        <extensions>
          <ns3:TrackPointExtension>
            <ns3:hr>147</ns3:hr>
            <ns3:cad>86</ns3:cad>
          </ns3:TrackPointExtension>
        </extensions>
      </trkpt>
      <trkpt lat="37.47141706757247447967529296875" lon="126.95853394456207752227783203125">
        <ele>69.8000030517578125</ele>
        <time>2026-06-01T23:42:31.000Z</time>
        <extensions>
          <ns3:TrackPointExtension>
            <ns3:hr>147</ns3:hr>
            <ns3:cad>85</ns3:cad>
          </ns3:TrackPointExtension>
        </extensions>
      </trkpt>
      <trkpt lat="37.47144657187163829803466796875" lon="126.95853880606591701507568359375">
        <ele>70</ele>
        <time>2026-06-01T23:42:32.000Z</time>
        <extensions>
          <ns3:TrackPointExtension>
            <ns3:hr>147</ns3:hr>
            <ns3:cad>85</ns3:cad>
          </ns3:TrackPointExtension>
        </extensions>
      </trkpt>
      <trkpt lat="37.47146777808666229248046875" lon="126.95854048244655132293701171875">
        <ele>70</ele>
        <time>2026-06-01T23:42:33.000Z</time>
        <extensions>
          <ns3:TrackPointExtension>
            <ns3:hr>147</ns3:hr>
            <ns3:cad>85</ns3:cad>
          </ns3:TrackPointExtension>
        </extensions>
      </trkpt>
      <trkpt lat="37.47150667011737823486328125" lon="126.95855422876775264739990234375">
        <ele>70</ele>
        <time>2026-06-01T23:42:34.000Z</time>
        <extensions>
          <ns3:TrackPointExtension>
            <ns3:hr>147</ns3:hr>
            <ns3:cad>85</ns3:cad>
          </ns3:TrackPointExtension>
        </extensions>
      </trkpt>
      <trkpt lat="37.47152745723724365234375" lon="126.9585571624338626861572265625">
        <ele>70</ele>
        <time>2026-06-01T23:42:35.000Z</time>
        <extensions>
          <ns3:TrackPointExtension>
            <ns3:hr>147</ns3:hr>
            <ns3:cad>85</ns3:cad>
          </ns3:TrackPointExtension>
        </extensions>
      </trkpt>
      <trkpt lat="37.4715651758015155792236328125" lon="126.9585688970983028411865234375">
        <ele>69.8000030517578125</ele>
        <time>2026-06-01T23:42:36.000Z</time>
        <extensions>
          <ns3:TrackPointExtension>
            <ns3:hr>147</ns3:hr>
            <ns3:cad>85</ns3:cad>
          </ns3:TrackPointExtension>
        </extensions>
      </trkpt>
      <trkpt lat="37.4715893156826496124267578125" lon="126.95857199840247631072998046875">
        <ele>69.8000030517578125</ele>
        <time>2026-06-01T23:42:37.000Z</time>
        <extensions>
          <ns3:TrackPointExtension>
            <ns3:hr>147</ns3:hr>
            <ns3:cad>85</ns3:cad>
          </ns3:TrackPointExtension>
        </extensions>
      </trkpt>
      <trkpt lat="37.47162007726728916168212890625" lon="126.95857577025890350341796875">
        <ele>69.59999847412109375</ele>
        <time>2026-06-01T23:42:38.000Z</time>
        <extensions>
          <ns3:TrackPointExtension>
            <ns3:hr>147</ns3:hr>
            <ns3:cad>85</ns3:cad>
          </ns3:TrackPointExtension>
        </extensions>
      </trkpt>
      <trkpt lat="37.47164907865226268768310546875" lon="126.95859261788427829742431640625">
        <ele>69.59999847412109375</ele>
        <time>2026-06-01T23:42:39.000Z</time>
        <extensions>
          <ns3:TrackPointExtension>
            <ns3:hr>146</ns3:hr>
            <ns3:cad>85</ns3:cad>
          </ns3:TrackPointExtension>
        </extensions>
      </trkpt>
      <trkpt lat="37.47167154215276241302490234375" lon="126.95859949104487895965576171875">
        <ele>69.40000152587890625</ele>
        <time>2026-06-01T23:42:40.000Z</time>
        <extensions>
          <ns3:TrackPointExtension>
            <ns3:hr>146</ns3:hr>
            <ns3:cad>85</ns3:cad>
          </ns3:TrackPointExtension>
        </extensions>
      </trkpt>
      <trkpt lat="37.47171026654541492462158203125" lon="126.95861876942217350006103515625">
        <ele>69.1999969482421875</ele>
        <time>2026-06-01T23:42:41.000Z</time>
        <extensions>
          <ns3:TrackPointExtension>
            <ns3:hr>146</ns3:hr>
            <ns3:cad>85</ns3:cad>
          </ns3:TrackPointExtension>
        </extensions>
      </trkpt>
      <trkpt lat="37.47173541225492954254150390625" lon="126.958619020879268646240234375">
        <ele>69.1999969482421875</ele>
        <time>2026-06-01T23:42:42.000Z</time>
        <extensions>
          <ns3:TrackPointExtension>
            <ns3:hr>146</ns3:hr>
            <ns3:cad>85</ns3:cad>
          </ns3:TrackPointExtension>
        </extensions>
      </trkpt>
      <trkpt lat="37.47176810167729854583740234375" lon="126.95863285101950168609619140625">
        <ele>69.1999969482421875</ele>
        <time>2026-06-01T23:42:43.000Z</time>
        <extensions>
          <ns3:TrackPointExtension>
            <ns3:hr>145</ns3:hr>
            <ns3:cad>86</ns3:cad>
          </ns3:TrackPointExtension>
        </extensions>
      </trkpt>
      <trkpt lat="37.471791319549083709716796875" lon="126.95863888598978519439697265625">
        <ele>69</ele>
        <time>2026-06-01T23:42:44.000Z</time>
        <extensions>
          <ns3:TrackPointExtension>
            <ns3:hr>145</ns3:hr>
            <ns3:cad>86</ns3:cad>
          </ns3:TrackPointExtension>
        </extensions>
      </trkpt>
      <trkpt lat="37.47181353159248828887939453125" lon="126.95864944718778133392333984375">
        <ele>69</ele>
        <time>2026-06-01T23:42:45.000Z</time>
        <extensions>
          <ns3:TrackPointExtension>
            <ns3:hr>145</ns3:hr>
            <ns3:cad>86</ns3:cad>
          </ns3:TrackPointExtension>
        </extensions>
      </trkpt>
      <trkpt lat="37.4718424491584300994873046875" lon="126.95867107249796390533447265625">
        <ele>69</ele>
        <time>2026-06-01T23:42:46.000Z</time>
        <extensions>
          <ns3:TrackPointExtension>
            <ns3:hr>146</ns3:hr>
            <ns3:cad>86</ns3:cad>
          </ns3:TrackPointExtension>
        </extensions>
      </trkpt>
      <trkpt lat="37.47186767868697643280029296875" lon="126.95867626927793025970458984375">
        <ele>69</ele>
        <time>2026-06-01T23:42:47.000Z</time>
        <extensions>
          <ns3:TrackPointExtension>
            <ns3:hr>145</ns3:hr>
            <ns3:cad>85</ns3:cad>
          </ns3:TrackPointExtension>
        </extensions>
      </trkpt>
      <trkpt lat="37.471903301775455474853515625" lon="126.9586919434368610382080078125">
        <ele>69</ele>
        <time>2026-06-01T23:42:48.000Z</time>
        <extensions>
          <ns3:TrackPointExtension>
            <ns3:hr>145</ns3:hr>
            <ns3:cad>85</ns3:cad>
          </ns3:TrackPointExtension>
        </extensions>
      </trkpt>
      <trkpt lat="37.47193104587495326995849609375" lon="126.9586916081607341766357421875">
        <ele>68.8000030517578125</ele>
        <time>2026-06-01T23:42:49.000Z</time>
        <extensions>
          <ns3:TrackPointExtension>
            <ns3:hr>145</ns3:hr>
            <ns3:cad>85</ns3:cad>
          </ns3:TrackPointExtension>
        </extensions>
      </trkpt>
      <trkpt lat="37.47196557931602001190185546875" lon="126.9586983136832714080810546875">
        <ele>68.59999847412109375</ele>
        <time>2026-06-01T23:42:50.000Z</time>
        <extensions>
          <ns3:TrackPointExtension>
            <ns3:hr>146</ns3:hr>
            <ns3:cad>86</ns3:cad>
          </ns3:TrackPointExtension>
        </extensions>
      </trkpt>
      <trkpt lat="37.471997179090976715087890625" lon="126.9587100483477115631103515625">
        <ele>68.59999847412109375</ele>
        <time>2026-06-01T23:42:51.000Z</time>
        <extensions>
          <ns3:TrackPointExtension>
            <ns3:hr>145</ns3:hr>
            <ns3:cad>86</ns3:cad>
          </ns3:TrackPointExtension>
        </extensions>
      </trkpt>
      <trkpt lat="37.4720271863043308258056640625" lon="126.95871549658477306365966796875">
        <ele>68.40000152587890625</ele>
        <time>2026-06-01T23:42:52.000Z</time>
        <extensions>
          <ns3:TrackPointExtension>
            <ns3:hr>145</ns3:hr>
            <ns3:cad>85</ns3:cad>
          </ns3:TrackPointExtension>
        </extensions>
      </trkpt>
      <trkpt lat="37.47206431813538074493408203125" lon="126.95873326621949672698974609375">
        <ele>68.40000152587890625</ele>
        <time>2026-06-01T23:42:53.000Z</time>
        <extensions>
          <ns3:TrackPointExtension>
            <ns3:hr>145</ns3:hr>
            <ns3:cad>85</ns3:cad>
          </ns3:TrackPointExtension>
        </extensions>
      </trkpt>
      <trkpt lat="37.4720845185220241546630859375" lon="126.95873477496206760406494140625">
        <ele>68.40000152587890625</ele>
        <time>2026-06-01T23:42:54.000Z</time>
        <extensions>
          <ns3:TrackPointExtension>
            <ns3:hr>146</ns3:hr>
            <ns3:cad>85</ns3:cad>
          </ns3:TrackPointExtension>
        </extensions>
      </trkpt>
      <trkpt lat="37.472121901810169219970703125" lon="126.95875086821615695953369140625">
        <ele>68.40000152587890625</ele>
        <time>2026-06-01T23:42:55.000Z</time>
        <extensions>
          <ns3:TrackPointExtension>
            <ns3:hr>145</ns3:hr>
            <ns3:cad>85</ns3:cad>
          </ns3:TrackPointExtension>
        </extensions>
      </trkpt>
      <trkpt lat="37.4721468798816204071044921875" lon="126.95875623263418674468994140625">
        <ele>68.40000152587890625</ele>
        <time>2026-06-01T23:42:56.000Z</time>
        <extensions>
          <ns3:TrackPointExtension>
            <ns3:hr>145</ns3:hr>
            <ns3:cad>85</ns3:cad>
          </ns3:TrackPointExtension>
        </extensions>
      </trkpt>
      <trkpt lat="37.472178228199481964111328125" lon="126.95877802558243274688720703125">
        <ele>68.40000152587890625</ele>
        <time>2026-06-01T23:42:57.000Z</time>
        <extensions>
          <ns3:TrackPointExtension>
            <ns3:hr>145</ns3:hr>
            <ns3:cad>85</ns3:cad>
          </ns3:TrackPointExtension>
        </extensions>
      </trkpt>
      <trkpt lat="37.47219960205256938934326171875" lon="126.95881021209061145782470703125">
        <ele>68.40000152587890625</ele>
        <time>2026-06-01T23:42:58.000Z</time>
        <extensions>
          <ns3:TrackPointExtension>
            <ns3:hr>145</ns3:hr>
            <ns3:cad>85</ns3:cad>
          </ns3:TrackPointExtension>
        </extensions>
      </trkpt>
      <trkpt lat="37.4722159467637538909912109375" lon="126.95884139277040958404541015625">
        <ele>68.59999847412109375</ele>
        <time>2026-06-01T23:42:59.000Z</time>
        <extensions>
          <ns3:TrackPointExtension>
            <ns3:hr>144</ns3:hr>
            <ns3:cad>85</ns3:cad>
          </ns3:TrackPointExtension>
        </extensions>
      </trkpt>
      <trkpt lat="37.47222474776208400726318359375" lon="126.9588870741426944732666015625">
        <ele>68.59999847412109375</ele>
        <time>2026-06-01T23:43:00.000Z</time>
        <extensions>
          <ns3:TrackPointExtension>
            <ns3:hr>144</ns3:hr>
            <ns3:cad>85</ns3:cad>
          </ns3:TrackPointExtension>
        </extensions>
      </trkpt>
      <trkpt lat="37.47222273610532283782958984375" lon="126.958919428288936614990234375">
        <ele>68.40000152587890625</ele>
        <time>2026-06-01T23:43:01.000Z</time>
        <extensions>
          <ns3:TrackPointExtension>
            <ns3:hr>144</ns3:hr>
            <ns3:cad>85</ns3:cad>
          </ns3:TrackPointExtension>
        </extensions>
      </trkpt>
      <trkpt lat="37.47220412828028202056884765625" lon="126.95896871387958526611328125">
        <ele>68.40000152587890625</ele>
        <time>2026-06-01T23:43:02.000Z</time>
        <extensions>
          <ns3:TrackPointExtension>
            <ns3:hr>144</ns3:hr>
            <ns3:cad>85</ns3:cad>
          </ns3:TrackPointExtension>
        </extensions>
      </trkpt>
      <trkpt lat="37.47217445634305477142333984375" lon="126.9589896686375141143798828125">
        <ele>68.40000152587890625</ele>
        <time>2026-06-01T23:43:03.000Z</time>
        <extensions>
          <ns3:TrackPointExtension>
            <ns3:hr>144</ns3:hr>
            <ns3:cad>85</ns3:cad>
          </ns3:TrackPointExtension>
        </extensions>
      </trkpt>
      <trkpt lat="37.4721505679190158843994140625" lon="126.95901037193834781646728515625">
        <ele>68.1999969482421875</ele>
        <time>2026-06-01T23:43:04.000Z</time>
        <extensions>
          <ns3:TrackPointExtension>
            <ns3:hr>144</ns3:hr>
            <ns3:cad>85</ns3:cad>
          </ns3:TrackPointExtension>
        </extensions>
      </trkpt>
      <trkpt lat="37.47211393900215625762939453125" lon="126.9590185023844242095947265625">
        <ele>68.1999969482421875</ele>
        <time>2026-06-01T23:43:05.000Z</time>
        <extensions>
          <ns3:TrackPointExtension>
            <ns3:hr>144</ns3:hr>
            <ns3:cad>85</ns3:cad>
          </ns3:TrackPointExtension>
        </extensions>
      </trkpt>
      <trkpt lat="37.47209005057811737060546875" lon="126.95903040468692779541015625">
        <ele>68.1999969482421875</ele>
        <time>2026-06-01T23:43:06.000Z</time>
        <extensions>
          <ns3:TrackPointExtension>
            <ns3:hr>143</ns3:hr>
            <ns3:cad>85</ns3:cad>
          </ns3:TrackPointExtension>
        </extensions>
      </trkpt>
      <trkpt lat="37.472051493823528289794921875" lon="126.9590483419597148895263671875">
        <ele>68.1999969482421875</ele>
        <time>2026-06-01T23:43:07.000Z</time>
        <extensions>
          <ns3:TrackPointExtension>
            <ns3:hr>143</ns3:hr>
            <ns3:cad>85</ns3:cad>
          </ns3:TrackPointExtension>
        </extensions>
      </trkpt>
      <trkpt lat="37.472031377255916595458984375" lon="126.95906016044318675994873046875">
        <ele>68</ele>
        <time>2026-06-01T23:43:08.000Z</time>
        <extensions>
          <ns3:TrackPointExtension>
            <ns3:hr>143</ns3:hr>
            <ns3:cad>85</ns3:cad>
          </ns3:TrackPointExtension>
        </extensions>
      </trkpt>
      <trkpt lat="37.47199810110032558441162109375" lon="126.9590739905834197998046875">
        <ele>67.8000030517578125</ele>
        <time>2026-06-01T23:43:09.000Z</time>
        <extensions>
          <ns3:TrackPointExtension>
            <ns3:hr>143</ns3:hr>
            <ns3:cad>86</ns3:cad>
          </ns3:TrackPointExtension>
        </extensions>
      </trkpt>
      <trkpt lat="37.4719695188105106353759765625" lon="126.959083378314971923828125">
        <ele>67.8000030517578125</ele>
        <time>2026-06-01T23:43:10.000Z</time>
        <extensions>
          <ns3:TrackPointExtension>
            <ns3:hr>143</ns3:hr>
            <ns3:cad>86</ns3:cad>
          </ns3:TrackPointExtension>
        </extensions>
      </trkpt>
      <trkpt lat="37.47194093652069568634033203125" lon="126.959094442427158355712890625">
        <ele>67.8000030517578125</ele>
        <time>2026-06-01T23:43:11.000Z</time>
        <extensions>
          <ns3:TrackPointExtension>
            <ns3:hr>142</ns3:hr>
            <ns3:cad>86</ns3:cad>
          </ns3:TrackPointExtension>
        </extensions>
      </trkpt>
      <trkpt lat="37.47190774418413639068603515625" lon="126.95911095477640628814697265625">
        <ele>67.8000030517578125</ele>
        <time>2026-06-01T23:43:12.000Z</time>
        <extensions>
          <ns3:TrackPointExtension>
            <ns3:hr>143</ns3:hr>
            <ns3:cad>85</ns3:cad>
          </ns3:TrackPointExtension>
        </extensions>
      </trkpt>
      <trkpt lat="37.47188393957912921905517578125" lon="126.95912822149693965911865234375">
        <ele>67.8000030517578125</ele>
        <time>2026-06-01T23:43:13.000Z</time>
        <extensions>
          <ns3:TrackPointExtension>
            <ns3:hr>143</ns3:hr>
            <ns3:cad>85</ns3:cad>
          </ns3:TrackPointExtension>
        </extensions>
      </trkpt>
      <trkpt lat="37.4718427844345569610595703125" lon="126.959144063293933868408203125">
        <ele>67.8000030517578125</ele>
        <time>2026-06-01T23:43:14.000Z</time>
        <extensions>
          <ns3:TrackPointExtension>
            <ns3:hr>142</ns3:hr>
            <ns3:cad>85</ns3:cad>
          </ns3:TrackPointExtension>
        </extensions>
      </trkpt>
      <trkpt lat="37.471816800534725189208984375" lon="126.9591583125293254852294921875">
        <ele>67.8000030517578125</ele>
        <time>2026-06-01T23:43:15.000Z</time>
        <extensions>
          <ns3:TrackPointExtension>
            <ns3:hr>142</ns3:hr>
            <ns3:cad>85</ns3:cad>
          </ns3:TrackPointExtension>
        </extensions>
      </trkpt>
      <trkpt lat="37.4717827700078487396240234375" lon="126.959174238145351409912109375">
        <ele>67.59999847412109375</ele>
        <time>2026-06-01T23:43:16.000Z</time>
        <extensions>
          <ns3:TrackPointExtension>
            <ns3:hr>142</ns3:hr>
            <ns3:cad>85</ns3:cad>
          </ns3:TrackPointExtension>
        </extensions>
      </trkpt>
      <trkpt lat="37.47175745666027069091796875" lon="126.95919108577072620391845703125">
        <ele>67.40000152587890625</ele>
        <time>2026-06-01T23:43:17.000Z</time>
        <extensions>
          <ns3:TrackPointExtension>
            <ns3:hr>143</ns3:hr>
            <ns3:cad>86</ns3:cad>
          </ns3:TrackPointExtension>
        </extensions>
      </trkpt>
      <trkpt lat="37.4717318080365657806396484375" lon="126.95920650847256183624267578125">
        <ele>67.40000152587890625</ele>
        <time>2026-06-01T23:43:18.000Z</time>
        <extensions>
          <ns3:TrackPointExtension>
            <ns3:hr>142</ns3:hr>
            <ns3:cad>85</ns3:cad>
          </ns3:TrackPointExtension>
        </extensions>
      </trkpt>
      <trkpt lat="37.471699453890323638916015625" lon="126.95921480655670166015625">
        <ele>67.40000152587890625</ele>
        <time>2026-06-01T23:43:19.000Z</time>
        <extensions>
          <ns3:TrackPointExtension>
            <ns3:hr>142</ns3:hr>
            <ns3:cad>85</ns3:cad>
          </ns3:TrackPointExtension>
        </extensions>
      </trkpt>
      <trkpt lat="37.4716821871697902679443359375" lon="126.9592250324785709381103515625">
        <ele>67.40000152587890625</ele>
        <time>2026-06-01T23:43:20.000Z</time>
        <extensions>
          <ns3:TrackPointExtension>
            <ns3:hr>142</ns3:hr>
            <ns3:cad>85</ns3:cad>
          </ns3:TrackPointExtension>
        </extensions>
      </trkpt>
      <trkpt lat="37.47164622880518436431884765625" lon="126.95923668332397937774658203125">
        <ele>67.40000152587890625</ele>
        <time>2026-06-01T23:43:21.000Z</time>
        <extensions>
          <ns3:TrackPointExtension>
            <ns3:hr>142</ns3:hr>
            <ns3:cad>85</ns3:cad>
          </ns3:TrackPointExtension>
        </extensions>
      </trkpt>
      <trkpt lat="37.4716278724372386932373046875" lon="126.95924590341746807098388671875">
        <ele>67.59999847412109375</ele>
        <time>2026-06-01T23:43:22.000Z</time>
        <extensions>
          <ns3:TrackPointExtension>
            <ns3:hr>142</ns3:hr>
            <ns3:cad>85</ns3:cad>
          </ns3:TrackPointExtension>
        </extensions>
      </trkpt>
      <trkpt lat="37.47159811668097972869873046875" lon="126.9592649303376674652099609375">
        <ele>67.59999847412109375</ele>
        <time>2026-06-01T23:43:23.000Z</time>
        <extensions>
          <ns3:TrackPointExtension>
            <ns3:hr>142</ns3:hr>
            <ns3:cad>86</ns3:cad>
          </ns3:TrackPointExtension>
        </extensions>
      </trkpt>
      <trkpt lat="37.47157146222889423370361328125" lon="126.95927314460277557373046875">
        <ele>67.59999847412109375</ele>
        <time>2026-06-01T23:43:24.000Z</time>
        <extensions>
          <ns3:TrackPointExtension>
            <ns3:hr>141</ns3:hr>
            <ns3:cad>86</ns3:cad>
          </ns3:TrackPointExtension>
        </extensions>
      </trkpt>
      <trkpt lat="37.47154614888131618499755859375" lon="126.9592904113233089447021484375">
        <ele>67.8000030517578125</ele>
        <time>2026-06-01T23:43:25.000Z</time>
        <extensions>
          <ns3:TrackPointExtension>
            <ns3:hr>141</ns3:hr>
            <ns3:cad>86</ns3:cad>
          </ns3:TrackPointExtension>
        </extensions>
      </trkpt>
      <trkpt lat="37.47151245363056659698486328125" lon="126.95930843241512775421142578125">
        <ele>67.8000030517578125</ele>
        <time>2026-06-01T23:43:26.000Z</time>
        <extensions>
          <ns3:TrackPointExtension>
            <ns3:hr>141</ns3:hr>
            <ns3:cad>85</ns3:cad>
          </ns3:TrackPointExtension>
        </extensions>
      </trkpt>
      <trkpt lat="37.4714917503297328948974609375" lon="126.95932201109826564788818359375">
        <ele>67.8000030517578125</ele>
        <time>2026-06-01T23:43:27.000Z</time>
        <extensions>
          <ns3:TrackPointExtension>
            <ns3:hr>141</ns3:hr>
            <ns3:cad>85</ns3:cad>
          </ns3:TrackPointExtension>
        </extensions>
      </trkpt>
      <trkpt lat="37.47146031819283962249755859375" lon="126.95932787843048572540283203125">
        <ele>67.8000030517578125</ele>
        <time>2026-06-01T23:43:28.000Z</time>
        <extensions>
          <ns3:TrackPointExtension>
            <ns3:hr>141</ns3:hr>
            <ns3:cad>85</ns3:cad>
          </ns3:TrackPointExtension>
        </extensions>
      </trkpt>
      <trkpt lat="37.47144036926329135894775390625" lon="126.9593410380184650421142578125">
        <ele>68</ele>
        <time>2026-06-01T23:43:29.000Z</time>
        <extensions>
          <ns3:TrackPointExtension>
            <ns3:hr>141</ns3:hr>
            <ns3:cad>85</ns3:cad>
          </ns3:TrackPointExtension>
        </extensions>
      </trkpt>
      <trkpt lat="37.4714163132011890411376953125" lon="126.95935369469225406646728515625">
        <ele>68.1999969482421875</ele>
        <time>2026-06-01T23:43:30.000Z</time>
        <extensions>
          <ns3:TrackPointExtension>
            <ns3:hr>141</ns3:hr>
            <ns3:cad>85</ns3:cad>
          </ns3:TrackPointExtension>
        </extensions>
      </trkpt>
      <trkpt lat="37.4713861383497714996337890625" lon="126.959356628358364105224609375">
        <ele>68.1999969482421875</ele>
        <time>2026-06-01T23:43:31.000Z</time>
        <extensions>
          <ns3:TrackPointExtension>
            <ns3:hr>141</ns3:hr>
            <ns3:cad>85</ns3:cad>
          </ns3:TrackPointExtension>
        </extensions>
      </trkpt>
      <trkpt lat="37.4713626690208911895751953125" lon="126.95937213487923145294189453125">
        <ele>68.40000152587890625</ele>
        <time>2026-06-01T23:43:32.000Z</time>
        <extensions>
          <ns3:TrackPointExtension>
            <ns3:hr>141</ns3:hr>
            <ns3:cad>85</ns3:cad>
          </ns3:TrackPointExtension>
        </extensions>
      </trkpt>
      <trkpt lat="37.471323274075984954833984375" lon="126.95936827920377254486083984375">
        <ele>68.40000152587890625</ele>
        <time>2026-06-01T23:43:33.000Z</time>
        <extensions>
          <ns3:TrackPointExtension>
            <ns3:hr>141</ns3:hr>
            <ns3:cad>85</ns3:cad>
          </ns3:TrackPointExtension>
        </extensions>
      </trkpt>
      <trkpt lat="37.47129988856613636016845703125" lon="126.9593651778995990753173828125">
        <ele>68.1999969482421875</ele>
        <time>2026-06-01T23:43:34.000Z</time>
        <extensions>
          <ns3:TrackPointExtension>
            <ns3:hr>141</ns3:hr>
            <ns3:cad>85</ns3:cad>
          </ns3:TrackPointExtension>
        </extensions>
      </trkpt>
      <trkpt lat="37.4712646007537841796875" lon="126.95935604162514209747314453125">
        <ele>68.1999969482421875</ele>
        <time>2026-06-01T23:43:35.000Z</time>
        <extensions>
          <ns3:TrackPointExtension>
            <ns3:hr>141</ns3:hr>
            <ns3:cad>85</ns3:cad>
          </ns3:TrackPointExtension>
        </extensions>
      </trkpt>
      <trkpt lat="37.47123803012073040008544921875" lon="126.95934598334133625030517578125">
        <ele>68.1999969482421875</ele>
        <time>2026-06-01T23:43:36.000Z</time>
        <extensions>
          <ns3:TrackPointExtension>
            <ns3:hr>141</ns3:hr>
            <ns3:cad>85</ns3:cad>
          </ns3:TrackPointExtension>
        </extensions>
      </trkpt>
      <trkpt lat="37.471208609640598297119140625" lon="126.9593423791229724884033203125">
        <ele>68.1999969482421875</ele>
        <time>2026-06-01T23:43:37.000Z</time>
        <extensions>
          <ns3:TrackPointExtension>
            <ns3:hr>141</ns3:hr>
            <ns3:cad>85</ns3:cad>
          </ns3:TrackPointExtension>
        </extensions>
      </trkpt>
      <trkpt lat="37.47117399238049983978271484375" lon="126.9593341648578643798828125">
        <ele>68.1999969482421875</ele>
        <time>2026-06-01T23:43:38.000Z</time>
        <extensions>
          <ns3:TrackPointExtension>
            <ns3:hr>141</ns3:hr>
            <ns3:cad>85</ns3:cad>
          </ns3:TrackPointExtension>
        </extensions>
      </trkpt>
      <trkpt lat="37.4711507745087146759033203125" lon="126.9593319855630397796630859375">
        <ele>68.1999969482421875</ele>
        <time>2026-06-01T23:43:39.000Z</time>
        <extensions>
          <ns3:TrackPointExtension>
            <ns3:hr>141</ns3:hr>
            <ns3:cad>85</ns3:cad>
          </ns3:TrackPointExtension>
        </extensions>
      </trkpt>
      <trkpt lat="37.47111598961055278778076171875" lon="126.9593105278909206390380859375">
        <ele>68.40000152587890625</ele>
        <time>2026-06-01T23:43:40.000Z</time>
        <extensions>
          <ns3:TrackPointExtension>
            <ns3:hr>141</ns3:hr>
            <ns3:cad>85</ns3:cad>
          </ns3:TrackPointExtension>
        </extensions>
      </trkpt>
      <trkpt lat="37.47109486721456050872802734375" lon="126.95929401554167270660400390625">
        <ele>68.40000152587890625</ele>
        <time>2026-06-01T23:43:41.000Z</time>
        <extensions>
          <ns3:TrackPointExtension>
            <ns3:hr>141</ns3:hr>
            <ns3:cad>85</ns3:cad>
          </ns3:TrackPointExtension>
        </extensions>
      </trkpt>
      <trkpt lat="37.4710672907531261444091796875" lon="126.95926618762314319610595703125">
        <ele>68.40000152587890625</ele>
        <time>2026-06-01T23:43:42.000Z</time>
        <extensions>
          <ns3:TrackPointExtension>
            <ns3:hr>141</ns3:hr>
            <ns3:cad>85</ns3:cad>
          </ns3:TrackPointExtension>
        </extensions>
      </trkpt>
      <trkpt lat="37.471045665442943572998046875" lon="126.9592350907623767852783203125">
        <ele>68.59999847412109375</ele>
        <time>2026-06-01T23:43:43.000Z</time>
        <extensions>
          <ns3:TrackPointExtension>
            <ns3:hr>141</ns3:hr>
            <ns3:cad>85</ns3:cad>
          </ns3:TrackPointExtension>
        </extensions>
      </trkpt>
      <trkpt lat="37.47102546505630016326904296875" lon="126.95921723730862140655517578125">
        <ele>68.59999847412109375</ele>
        <time>2026-06-01T23:43:44.000Z</time>
        <extensions>
          <ns3:TrackPointExtension>
            <ns3:hr>141</ns3:hr>
            <ns3:cad>85</ns3:cad>
          </ns3:TrackPointExtension>
        </extensions>
      </trkpt>
      <trkpt lat="37.47100400738418102264404296875" lon="126.95918002165853977203369140625">
        <ele>68.59999847412109375</ele>
        <time>2026-06-01T23:43:45.000Z</time>
        <extensions>
          <ns3:TrackPointExtension>
            <ns3:hr>141</ns3:hr>
            <ns3:cad>86</ns3:cad>
          </ns3:TrackPointExtension>
        </extensions>
      </trkpt>
      <trkpt lat="37.47098229825496673583984375" lon="126.9591596536338329315185546875">
        <ele>68.59999847412109375</ele>
        <time>2026-06-01T23:43:46.000Z</time>
        <extensions>
          <ns3:TrackPointExtension>
            <ns3:hr>141</ns3:hr>
            <ns3:cad>86</ns3:cad>
          </ns3:TrackPointExtension>
        </extensions>
      </trkpt>
      <trkpt lat="37.47095857746899127960205078125" lon="126.959119923412799835205078125">
        <ele>68.8000030517578125</ele>
        <time>2026-06-01T23:43:47.000Z</time>
        <extensions>
          <ns3:TrackPointExtension>
            <ns3:hr>141</ns3:hr>
            <ns3:cad>86</ns3:cad>
          </ns3:TrackPointExtension>
        </extensions>
      </trkpt>
      <trkpt lat="37.47094097547233104705810546875" lon="126.95909368805587291717529296875">
        <ele>68.8000030517578125</ele>
        <time>2026-06-01T23:43:48.000Z</time>
        <extensions>
          <ns3:TrackPointExtension>
            <ns3:hr>141</ns3:hr>
            <ns3:cad>86</ns3:cad>
          </ns3:TrackPointExtension>
        </extensions>
      </trkpt>
      <trkpt lat="37.4709214456379413604736328125" lon="126.9590654410421848297119140625">
        <ele>68.8000030517578125</ele>
        <time>2026-06-01T23:43:49.000Z</time>
        <extensions>
          <ns3:TrackPointExtension>
            <ns3:hr>141</ns3:hr>
            <ns3:cad>85</ns3:cad>
          </ns3:TrackPointExtension>
        </extensions>
      </trkpt>
      <trkpt lat="37.4709076993167400360107421875" lon="126.95902680046856403350830078125">
        <ele>68.8000030517578125</ele>
        <time>2026-06-01T23:43:50.000Z</time>
        <extensions>
          <ns3:TrackPointExtension>
            <ns3:hr>141</ns3:hr>
            <ns3:cad>85</ns3:cad>
          </ns3:TrackPointExtension>
        </extensions>
      </trkpt>
      <trkpt lat="37.4708916060626506805419921875" lon="126.95900701917707920074462890625">
        <ele>69</ele>
        <time>2026-06-01T23:43:51.000Z</time>
        <extensions>
          <ns3:TrackPointExtension>
            <ns3:hr>142</ns3:hr>
            <ns3:cad>85</ns3:cad>
          </ns3:TrackPointExtension>
        </extensions>
      </trkpt>
      <trkpt lat="37.4708701483905315399169921875" lon="126.958973743021488189697265625">
        <ele>69</ele>
        <time>2026-06-01T23:43:52.000Z</time>
        <extensions>
          <ns3:TrackPointExtension>
            <ns3:hr>141</ns3:hr>
            <ns3:cad>85</ns3:cad>
          </ns3:TrackPointExtension>
        </extensions>
      </trkpt>
      <trkpt lat="37.470851875841617584228515625" lon="126.95895605720579624176025390625">
        <ele>69.1999969482421875</ele>
        <time>2026-06-01T23:43:53.000Z</time>
        <extensions>
          <ns3:TrackPointExtension>
            <ns3:hr>142</ns3:hr>
            <ns3:cad>85</ns3:cad>
          </ns3:TrackPointExtension>
        </extensions>
      </trkpt>
      <trkpt lat="37.47083452530205249786376953125" lon="126.958926804363727569580078125">
        <ele>69.1999969482421875</ele>
        <time>2026-06-01T23:43:54.000Z</time>
        <extensions>
          <ns3:TrackPointExtension>
            <ns3:hr>142</ns3:hr>
            <ns3:cad>85</ns3:cad>
          </ns3:TrackPointExtension>
        </extensions>
      </trkpt>
      <trkpt lat="37.47081792913377285003662109375" lon="126.95889822207391262054443359375">
        <ele>69.1999969482421875</ele>
        <time>2026-06-01T23:43:55.000Z</time>
        <extensions>
          <ns3:TrackPointExtension>
            <ns3:hr>142</ns3:hr>
            <ns3:cad>86</ns3:cad>
          </ns3:TrackPointExtension>
        </extensions>
      </trkpt>
      <trkpt lat="37.47080300934612751007080078125" lon="126.95887617766857147216796875">
        <ele>69.40000152587890625</ele>
        <time>2026-06-01T23:43:56.000Z</time>
        <extensions>
          <ns3:TrackPointExtension>
            <ns3:hr>143</ns3:hr>
            <ns3:cad>86</ns3:cad>
          </ns3:TrackPointExtension>
        </extensions>
      </trkpt>
      <trkpt lat="37.47078876011073589324951171875" lon="126.95883594453334808349609375">
        <ele>69.40000152587890625</ele>
        <time>2026-06-01T23:43:57.000Z</time>
        <extensions>
          <ns3:TrackPointExtension>
            <ns3:hr>143</ns3:hr>
            <ns3:cad>86</ns3:cad>
          </ns3:TrackPointExtension>
        </extensions>
      </trkpt>
      <trkpt lat="37.47077568434178829193115234375" lon="126.9588183425366878509521484375">
        <ele>69.59999847412109375</ele>
        <time>2026-06-01T23:43:58.000Z</time>
        <extensions>
          <ns3:TrackPointExtension>
            <ns3:hr>143</ns3:hr>
            <ns3:cad>85</ns3:cad>
          </ns3:TrackPointExtension>
        </extensions>
      </trkpt>
      <trkpt lat="37.47075439430773258209228515625" lon="126.95878372527658939361572265625">
        <ele>69.59999847412109375</ele>
        <time>2026-06-01T23:43:59.000Z</time>
        <extensions>
          <ns3:TrackPointExtension>
            <ns3:hr>143</ns3:hr>
            <ns3:cad>85</ns3:cad>
          </ns3:TrackPointExtension>
        </extensions>
      </trkpt>
      <trkpt lat="37.47073763050138950347900390625" lon="126.958756484091281890869140625">
        <ele>69.8000030517578125</ele>
        <time>2026-06-01T23:44:00.000Z</time>
        <extensions>
          <ns3:TrackPointExtension>
            <ns3:hr>143</ns3:hr>
            <ns3:cad>84</ns3:cad>
          </ns3:TrackPointExtension>
        </extensions>
      </trkpt>
      <trkpt lat="37.470720112323760986328125" lon="126.9587281532585620880126953125">
        <ele>69.8000030517578125</ele>
        <time>2026-06-01T23:44:01.000Z</time>
        <extensions>
          <ns3:TrackPointExtension>
            <ns3:hr>143</ns3:hr>
            <ns3:cad>84</ns3:cad>
          </ns3:TrackPointExtension>
        </extensions>
      </trkpt>
      <trkpt lat="37.47070611454546451568603515625" lon="126.9586949609220027923583984375">
        <ele>69.8000030517578125</ele>
        <time>2026-06-01T23:44:02.000Z</time>
        <extensions>
          <ns3:TrackPointExtension>
            <ns3:hr>144</ns3:hr>
            <ns3:cad>84</ns3:cad>
          </ns3:TrackPointExtension>
        </extensions>
      </trkpt>
      <trkpt lat="37.4706892669200897216796875" lon="126.95868037641048431396484375">
        <ele>70</ele>
        <time>2026-06-01T23:44:03.000Z</time>
        <extensions>
          <ns3:TrackPointExtension>
            <ns3:hr>144</ns3:hr>
            <ns3:cad>84</ns3:cad>
          </ns3:TrackPointExtension>
        </extensions>
      </trkpt>
      <trkpt lat="37.470669485628604888916015625" lon="126.95864357985556125640869140625">
        <ele>70</ele>
        <time>2026-06-01T23:44:04.000Z</time>
        <extensions>
          <ns3:TrackPointExtension>
            <ns3:hr>144</ns3:hr>
            <ns3:cad>84</ns3:cad>
          </ns3:TrackPointExtension>
        </extensions>
      </trkpt>
      <trkpt lat="37.47065381146967411041259765625" lon="126.95861541666090488433837890625">
        <ele>70</ele>
        <time>2026-06-01T23:44:05.000Z</time>
        <extensions>
          <ns3:TrackPointExtension>
            <ns3:hr>144</ns3:hr>
            <ns3:cad>84</ns3:cad>
          </ns3:TrackPointExtension>
        </extensions>
      </trkpt>
      <trkpt lat="37.4706361256539821624755859375" lon="126.95858540944755077362060546875">
        <ele>70.1999969482421875</ele>
        <time>2026-06-01T23:44:06.000Z</time>
        <extensions>
          <ns3:TrackPointExtension>
            <ns3:hr>145</ns3:hr>
            <ns3:cad>85</ns3:cad>
          </ns3:TrackPointExtension>
        </extensions>
      </trkpt>
      <trkpt lat="37.470615170896053314208984375" lon="126.9585601799190044403076171875">
        <ele>70.1999969482421875</ele>
        <time>2026-06-01T23:44:07.000Z</time>
        <extensions>
          <ns3:TrackPointExtension>
            <ns3:hr>145</ns3:hr>
            <ns3:cad>85</ns3:cad>
          </ns3:TrackPointExtension>
        </extensions>
      </trkpt>
      <trkpt lat="37.4705962277948856353759765625" lon="126.95853947661817073822021484375">
        <ele>70.1999969482421875</ele>
        <time>2026-06-01T23:44:08.000Z</time>
        <extensions>
          <ns3:TrackPointExtension>
            <ns3:hr>146</ns3:hr>
            <ns3:cad>85</ns3:cad>
          </ns3:TrackPointExtension>
        </extensions>
      </trkpt>
      <trkpt lat="37.47057317756116390228271484375" lon="126.9585045240819454193115234375">
        <ele>70.40000152587890625</ele>
        <time>2026-06-01T23:44:09.000Z</time>
        <extensions>
          <ns3:TrackPointExtension>
            <ns3:hr>146</ns3:hr>
            <ns3:cad>85</ns3:cad>
          </ns3:TrackPointExtension>
        </extensions>
      </trkpt>
      <trkpt lat="37.4705583415925502777099609375" lon="126.95848415605723857879638671875">
        <ele>70.40000152587890625</ele>
        <time>2026-06-01T23:44:10.000Z</time>
        <extensions>
          <ns3:TrackPointExtension>
            <ns3:hr>146</ns3:hr>
            <ns3:cad>85</ns3:cad>
          </ns3:TrackPointExtension>
        </extensions>
      </trkpt>
      <trkpt lat="37.47053763829171657562255859375" lon="126.95844442583620548248291015625">
        <ele>70.59999847412109375</ele>
        <time>2026-06-01T23:44:11.000Z</time>
        <extensions>
          <ns3:TrackPointExtension>
            <ns3:hr>147</ns3:hr>
            <ns3:cad>85</ns3:cad>
          </ns3:TrackPointExtension>
        </extensions>
      </trkpt>
      <trkpt lat="37.47052188031375408172607421875" lon="126.95841886103153228759765625">
        <ele>70.59999847412109375</ele>
        <time>2026-06-01T23:44:12.000Z</time>
        <extensions>
          <ns3:TrackPointExtension>
            <ns3:hr>147</ns3:hr>
            <ns3:cad>85</ns3:cad>
          </ns3:TrackPointExtension>
        </extensions>
      </trkpt>
      <trkpt lat="37.47051886282861232757568359375" lon="126.95837636478245258331298828125">
        <ele>70.8000030517578125</ele>
        <time>2026-06-01T23:44:13.000Z</time>
        <extensions>
          <ns3:TrackPointExtension>
            <ns3:hr>147</ns3:hr>
            <ns3:cad>85</ns3:cad>
          </ns3:TrackPointExtension>
        </extensions>
      </trkpt>
      <trkpt lat="37.47054417617619037628173828125" lon="126.95835809223353862762451171875">
        <ele>70.8000030517578125</ele>
        <time>2026-06-01T23:44:14.000Z</time>
        <extensions>
          <ns3:TrackPointExtension>
            <ns3:hr>148</ns3:hr>
            <ns3:cad>85</ns3:cad>
          </ns3:TrackPointExtension>
        </extensions>
      </trkpt>
      <trkpt lat="37.4705694057047367095947265625" lon="126.958347447216510772705078125">
        <ele>70.8000030517578125</ele>
        <time>2026-06-01T23:44:15.000Z</time>
        <extensions>
          <ns3:TrackPointExtension>
            <ns3:hr>148</ns3:hr>
            <ns3:cad>85</ns3:cad>
          </ns3:TrackPointExtension>
        </extensions>
      </trkpt>
      <trkpt lat="37.47060301713645458221435546875" lon="126.95835339836776256561279296875">
        <ele>70.8000030517578125</ele>
        <time>2026-06-01T23:44:16.000Z</time>
        <extensions>
          <ns3:TrackPointExtension>
            <ns3:hr>148</ns3:hr>
            <ns3:cad>85</ns3:cad>
          </ns3:TrackPointExtension>
        </extensions>
      </trkpt>
      <trkpt lat="37.47062715701758861541748046875" lon="126.958351470530033111572265625">
        <ele>70.8000030517578125</ele>
        <time>2026-06-01T23:44:17.000Z</time>
        <extensions>
          <ns3:TrackPointExtension>
            <ns3:hr>148</ns3:hr>
            <ns3:cad>85</ns3:cad>
          </ns3:TrackPointExtension>
        </extensions>
      </trkpt>
      <trkpt lat="37.4706666357815265655517578125" lon="126.9583603553473949432373046875">
        <ele>70.8000030517578125</ele>
        <time>2026-06-01T23:44:18.000Z</time>
        <extensions>
          <ns3:TrackPointExtension>
            <ns3:hr>148</ns3:hr>
            <ns3:cad>86</ns3:cad>
          </ns3:TrackPointExtension>
        </extensions>
      </trkpt>
      <trkpt lat="37.47069387696683406829833984375" lon="126.9583606906235218048095703125">
        <ele>70.59999847412109375</ele>
        <time>2026-06-01T23:44:19.000Z</time>
        <extensions>
          <ns3:TrackPointExtension>
            <ns3:hr>148</ns3:hr>
            <ns3:cad>86</ns3:cad>
          </ns3:TrackPointExtension>
        </extensions>
      </trkpt>
      <trkpt lat="37.4707273207604885101318359375" lon="126.95836463011801242828369140625">
        <ele>70.59999847412109375</ele>
        <time>2026-06-01T23:44:20.000Z</time>
        <extensions>
          <ns3:TrackPointExtension>
            <ns3:hr>148</ns3:hr>
            <ns3:cad>86</ns3:cad>
          </ns3:TrackPointExtension>
        </extensions>
      </trkpt>
      <trkpt lat="37.47075858525931835174560546875" lon="126.95838038809597492218017578125">
        <ele>70.40000152587890625</ele>
        <time>2026-06-01T23:44:21.000Z</time>
        <extensions>
          <ns3:TrackPointExtension>
            <ns3:hr>148</ns3:hr>
            <ns3:cad>86</ns3:cad>
          </ns3:TrackPointExtension>
        </extensions>
      </trkpt>
      <trkpt lat="37.47078205458819866180419921875" lon="126.9583801366388797760009765625">
        <ele>70.40000152587890625</ele>
        <time>2026-06-01T23:44:22.000Z</time>
        <extensions>
          <ns3:TrackPointExtension>
            <ns3:hr>148</ns3:hr>
            <ns3:cad>85</ns3:cad>
          </ns3:TrackPointExtension>
        </extensions>
      </trkpt>
      <trkpt lat="37.4708206951618194580078125" lon="126.95839941501617431640625">
        <ele>70.40000152587890625</ele>
        <time>2026-06-01T23:44:23.000Z</time>
        <extensions>
          <ns3:TrackPointExtension>
            <ns3:hr>148</ns3:hr>
            <ns3:cad>85</ns3:cad>
          </ns3:TrackPointExtension>
        </extensions>
      </trkpt>
      <trkpt lat="37.47084106318652629852294921875" lon="126.9584036059677600860595703125">
        <ele>70.40000152587890625</ele>
        <time>2026-06-01T23:44:24.000Z</time>
        <extensions>
          <ns3:TrackPointExtension>
            <ns3:hr>147</ns3:hr>
            <ns3:cad>85</ns3:cad>
          </ns3:TrackPointExtension>
        </extensions>
      </trkpt>
      <trkpt lat="37.47087500989437103271484375" lon="126.95841827429831027984619140625">
        <ele>70.40000152587890625</ele>
        <time>2026-06-01T23:44:25.000Z</time>
        <extensions>
          <ns3:TrackPointExtension>
            <ns3:hr>147</ns3:hr>
            <ns3:cad>86</ns3:cad>
          </ns3:TrackPointExtension>
        </extensions>
      </trkpt>
      <trkpt lat="37.47090258635580539703369140625" lon="126.9584248960018157958984375">
        <ele>70.40000152587890625</ele>
        <time>2026-06-01T23:44:26.000Z</time>
        <extensions>
          <ns3:TrackPointExtension>
            <ns3:hr>147</ns3:hr>
            <ns3:cad>86</ns3:cad>
          </ns3:TrackPointExtension>
        </extensions>
      </trkpt>
      <trkpt lat="37.4709315039217472076416015625" lon="126.95843093097209930419921875">
        <ele>70.59999847412109375</ele>
        <time>2026-06-01T23:44:27.000Z</time>
        <extensions>
          <ns3:TrackPointExtension>
            <ns3:hr>147</ns3:hr>
            <ns3:cad>86</ns3:cad>
          </ns3:TrackPointExtension>
        </extensions>
      </trkpt>
      <trkpt lat="37.47096545062959194183349609375" lon="126.95845230482518672943115234375">
        <ele>70.59999847412109375</ele>
        <time>2026-06-01T23:44:28.000Z</time>
        <extensions>
          <ns3:TrackPointExtension>
            <ns3:hr>147</ns3:hr>
            <ns3:cad>85</ns3:cad>
          </ns3:TrackPointExtension>
        </extensions>
      </trkpt>
      <trkpt lat="37.47098908759653568267822265625" lon="126.9584592618048191070556640625">
        <ele>70.8000030517578125</ele>
        <time>2026-06-01T23:44:29.000Z</time>
        <extensions>
          <ns3:TrackPointExtension>
            <ns3:hr>147</ns3:hr>
            <ns3:cad>85</ns3:cad>
          </ns3:TrackPointExtension>
        </extensions>
      </trkpt>
      <trkpt lat="37.4710247106850147247314453125" lon="126.95847694762051105499267578125">
        <ele>70.8000030517578125</ele>
        <time>2026-06-01T23:44:30.000Z</time>
        <extensions>
          <ns3:TrackPointExtension>
            <ns3:hr>147</ns3:hr>
            <ns3:cad>85</ns3:cad>
          </ns3:TrackPointExtension>
        </extensions>
      </trkpt>
      <trkpt lat="37.4710485152900218963623046875" lon="126.95847979746758937835693359375">
        <ele>70.8000030517578125</ele>
        <time>2026-06-01T23:44:31.000Z</time>
        <extensions>
          <ns3:TrackPointExtension>
            <ns3:hr>147</ns3:hr>
            <ns3:cad>85</ns3:cad>
          </ns3:TrackPointExtension>
        </extensions>
      </trkpt>
      <trkpt lat="37.47107776813209056854248046875" lon="126.95849069394171237945556640625">
        <ele>70.8000030517578125</ele>
        <time>2026-06-01T23:44:32.000Z</time>
        <extensions>
          <ns3:TrackPointExtension>
            <ns3:hr>147</ns3:hr>
            <ns3:cad>84</ns3:cad>
          </ns3:TrackPointExtension>
        </extensions>
      </trkpt>
      <trkpt lat="37.47110559605062007904052734375" lon="126.95850276388227939605712890625">
        <ele>70.8000030517578125</ele>
        <time>2026-06-01T23:44:33.000Z</time>
        <extensions>
          <ns3:TrackPointExtension>
            <ns3:hr>146</ns3:hr>
            <ns3:cad>84</ns3:cad>
          </ns3:TrackPointExtension>
        </extensions>
      </trkpt>
      <trkpt lat="37.471128143370151519775390625" lon="126.95851114578545093536376953125">
        <ele>70.59999847412109375</ele>
        <time>2026-06-01T23:44:34.000Z</time>
        <extensions>
          <ns3:TrackPointExtension>
            <ns3:hr>147</ns3:hr>
            <ns3:cad>84</ns3:cad>
          </ns3:TrackPointExtension>
        </extensions>
      </trkpt>
      <trkpt lat="37.4711586534976959228515625" lon="126.9585293345153331756591796875">
        <ele>70.59999847412109375</ele>
        <time>2026-06-01T23:44:35.000Z</time>
        <extensions>
          <ns3:TrackPointExtension>
            <ns3:hr>147</ns3:hr>
            <ns3:cad>84</ns3:cad>
          </ns3:TrackPointExtension>
        </extensions>
      </trkpt>
      <trkpt lat="37.4711809493601322174072265625" lon="126.9585295021533966064453125">
        <ele>70.40000152587890625</ele>
        <time>2026-06-01T23:44:36.000Z</time>
        <extensions>
          <ns3:TrackPointExtension>
            <ns3:hr>147</ns3:hr>
            <ns3:cad>84</ns3:cad>
          </ns3:TrackPointExtension>
        </extensions>
      </trkpt>
      <trkpt lat="37.471222691237926483154296875" lon="126.95853830315172672271728515625">
        <ele>70.40000152587890625</ele>
        <time>2026-06-01T23:44:37.000Z</time>
        <extensions>
          <ns3:TrackPointExtension>
            <ns3:hr>146</ns3:hr>
            <ns3:cad>86</ns3:cad>
          </ns3:TrackPointExtension>
        </extensions>
      </trkpt>
      <trkpt lat="37.47124691493809223175048828125" lon="126.95853075943887233734130859375">
        <ele>70.40000152587890625</ele>
        <time>2026-06-01T23:44:38.000Z</time>
        <extensions>
          <ns3:TrackPointExtension>
            <ns3:hr>147</ns3:hr>
            <ns3:cad>86</ns3:cad>
          </ns3:TrackPointExtension>
        </extensions>
      </trkpt>
      <trkpt lat="37.471279017627239227294921875" lon="126.958526484668254852294921875">
        <ele>70.40000152587890625</ele>
        <time>2026-06-01T23:44:39.000Z</time>
        <extensions>
          <ns3:TrackPointExtension>
            <ns3:hr>147</ns3:hr>
            <ns3:cad>86</ns3:cad>
          </ns3:TrackPointExtension>
        </extensions>
      </trkpt>
      <trkpt lat="37.4713103659451007843017578125" lon="126.9585283286869525909423828125">
        <ele>70.40000152587890625</ele>
        <time>2026-06-01T23:44:40.000Z</time>
        <extensions>
          <ns3:TrackPointExtension>
            <ns3:hr>146</ns3:hr>
            <ns3:cad>86</ns3:cad>
          </ns3:TrackPointExtension>
        </extensions>
      </trkpt>
      <trkpt lat="37.47133609838783740997314453125" lon="126.958523131906986236572265625">
        <ele>70.40000152587890625</ele>
        <time>2026-06-01T23:44:41.000Z</time>
        <extensions>
          <ns3:TrackPointExtension>
            <ns3:hr>147</ns3:hr>
            <ns3:cad>86</ns3:cad>
          </ns3:TrackPointExtension>
        </extensions>
      </trkpt>
      <trkpt lat="37.47137297876179218292236328125" lon="126.9585380516946315765380859375">
        <ele>70.1999969482421875</ele>
        <time>2026-06-01T23:44:42.000Z</time>
        <extensions>
          <ns3:TrackPointExtension>
            <ns3:hr>147</ns3:hr>
            <ns3:cad>86</ns3:cad>
          </ns3:TrackPointExtension>
        </extensions>
      </trkpt>
      <trkpt lat="37.4713946878910064697265625" lon="126.95853629149496555328369140625">
        <ele>70.1999969482421875</ele>
        <time>2026-06-01T23:44:43.000Z</time>
        <extensions>
          <ns3:TrackPointExtension>
            <ns3:hr>146</ns3:hr>
            <ns3:cad>86</ns3:cad>
          </ns3:TrackPointExtension>
        </extensions>
      </trkpt>
      <trkpt lat="37.471433915197849273681640625" lon="126.9585455954074859619140625">
        <ele>70</ele>
        <time>2026-06-01T23:44:44.000Z</time>
        <extensions>
          <ns3:TrackPointExtension>
            <ns3:hr>146</ns3:hr>
            <ns3:cad>85</ns3:cad>
          </ns3:TrackPointExtension>
        </extensions>
      </trkpt>
      <trkpt lat="37.4714577198028564453125" lon="126.958541907370090484619140625">
        <ele>70</ele>
        <time>2026-06-01T23:44:45.000Z</time>
        <extensions>
          <ns3:TrackPointExtension>
            <ns3:hr>146</ns3:hr>
            <ns3:cad>85</ns3:cad>
          </ns3:TrackPointExtension>
        </extensions>
      </trkpt>
      <trkpt lat="37.4714930914342403411865234375" lon="126.95854182355105876922607421875">
        <ele>69.8000030517578125</ele>
        <time>2026-06-01T23:44:46.000Z</time>
        <extensions>
          <ns3:TrackPointExtension>
            <ns3:hr>146</ns3:hr>
            <ns3:cad>85</ns3:cad>
          </ns3:TrackPointExtension>
        </extensions>
      </trkpt>
      <trkpt lat="37.47152335010468959808349609375" lon="126.958551295101642608642578125">
        <ele>69.8000030517578125</ele>
        <time>2026-06-01T23:44:47.000Z</time>
        <extensions>
          <ns3:TrackPointExtension>
            <ns3:hr>146</ns3:hr>
            <ns3:cad>85</ns3:cad>
          </ns3:TrackPointExtension>
        </extensions>
      </trkpt>
      <trkpt lat="37.47154715470969676971435546875" lon="126.95855892263352870941162109375">
        <ele>69.8000030517578125</ele>
        <time>2026-06-01T23:44:48.000Z</time>
        <extensions>
          <ns3:TrackPointExtension>
            <ns3:hr>145</ns3:hr>
            <ns3:cad>85</ns3:cad>
          </ns3:TrackPointExtension>
        </extensions>
      </trkpt>
      <trkpt lat="37.47158437035977840423583984375" lon="126.95857920683920383453369140625">
        <ele>69.8000030517578125</ele>
        <time>2026-06-01T23:44:49.000Z</time>
        <extensions>
          <ns3:TrackPointExtension>
            <ns3:hr>145</ns3:hr>
            <ns3:cad>85</ns3:cad>
          </ns3:TrackPointExtension>
        </extensions>
      </trkpt>
      <trkpt lat="37.47160934843122959136962890625" lon="126.958582140505313873291015625">
        <ele>69.8000030517578125</ele>
        <time>2026-06-01T23:44:50.000Z</time>
        <extensions>
          <ns3:TrackPointExtension>
            <ns3:hr>145</ns3:hr>
            <ns3:cad>85</ns3:cad>
          </ns3:TrackPointExtension>
        </extensions>
      </trkpt>
      <trkpt lat="37.4716489948332309722900390625" lon="126.9585930369794368743896484375">
        <ele>69.8000030517578125</ele>
        <time>2026-06-01T23:44:51.000Z</time>
        <extensions>
          <ns3:TrackPointExtension>
            <ns3:hr>146</ns3:hr>
            <ns3:cad>85</ns3:cad>
          </ns3:TrackPointExtension>
        </extensions>
      </trkpt>
      <trkpt lat="37.47167740948498249053955078125" lon="126.95860099978744983673095703125">
        <ele>69.8000030517578125</ele>
        <time>2026-06-01T23:44:52.000Z</time>
        <extensions>
          <ns3:TrackPointExtension>
            <ns3:hr>145</ns3:hr>
            <ns3:cad>85</ns3:cad>
          </ns3:TrackPointExtension>
        </extensions>
      </trkpt>
      <trkpt lat="37.47171194292604923248291015625" lon="126.958608962595462799072265625">
        <ele>69.59999847412109375</ele>
        <time>2026-06-01T23:44:53.000Z</time>
        <extensions>
          <ns3:TrackPointExtension>
            <ns3:hr>145</ns3:hr>
            <ns3:cad>85</ns3:cad>
          </ns3:TrackPointExtension>
        </extensions>
      </trkpt>
      <trkpt lat="37.47174278832972049713134765625" lon="126.95862061344087123870849609375">
        <ele>69.59999847412109375</ele>
        <time>2026-06-01T23:44:54.000Z</time>
        <extensions>
          <ns3:TrackPointExtension>
            <ns3:hr>145</ns3:hr>
            <ns3:cad>85</ns3:cad>
          </ns3:TrackPointExtension>
        </extensions>
      </trkpt>
      <trkpt lat="37.47176759876310825347900390625" lon="126.958627402782440185546875">
        <ele>69.59999847412109375</ele>
        <time>2026-06-01T23:44:55.000Z</time>
        <extensions>
          <ns3:TrackPointExtension>
            <ns3:hr>146</ns3:hr>
            <ns3:cad>85</ns3:cad>
          </ns3:TrackPointExtension>
        </extensions>
      </trkpt>
      <trkpt lat="37.47180498205125331878662109375" lon="126.95864458568394184112548828125">
        <ele>69.40000152587890625</ele>
        <time>2026-06-01T23:44:56.000Z</time>
        <extensions>
          <ns3:TrackPointExtension>
            <ns3:hr>145</ns3:hr>
            <ns3:cad>85</ns3:cad>
          </ns3:TrackPointExtension>
        </extensions>
      </trkpt>
      <trkpt lat="37.47182451188564300537109375" lon="126.95865246467292308807373046875">
        <ele>69.40000152587890625</ele>
        <time>2026-06-01T23:44:57.000Z</time>
        <extensions>
          <ns3:TrackPointExtension>
            <ns3:hr>146</ns3:hr>
            <ns3:cad>86</ns3:cad>
          </ns3:TrackPointExtension>
        </extensions>
      </trkpt>
      <trkpt lat="37.47186264954507350921630859375" lon="126.95866872556507587432861328125">
        <ele>69.1999969482421875</ele>
        <time>2026-06-01T23:44:58.000Z</time>
        <extensions>
          <ns3:TrackPointExtension>
            <ns3:hr>146</ns3:hr>
            <ns3:cad>86</ns3:cad>
          </ns3:TrackPointExtension>
        </extensions>
      </trkpt>
      <trkpt lat="37.47188754379749298095703125" lon="126.95867157541215419769287109375">
        <ele>69.1999969482421875</ele>
        <time>2026-06-01T23:44:59.000Z</time>
        <extensions>
          <ns3:TrackPointExtension>
            <ns3:hr>146</ns3:hr>
            <ns3:cad>86</ns3:cad>
          </ns3:TrackPointExtension>
        </extensions>
      </trkpt>
      <trkpt lat="37.4719230830669403076171875" lon="126.95868263952434062957763671875">
        <ele>69</ele>
        <time>2026-06-01T23:45:00.000Z</time>
        <extensions>
          <ns3:TrackPointExtension>
            <ns3:hr>146</ns3:hr>
            <ns3:cad>85</ns3:cad>
          </ns3:TrackPointExtension>
        </extensions>
      </trkpt>
      <trkpt lat="37.47195191681385040283203125" lon="126.95870024152100086212158203125">
        <ele>68.8000030517578125</ele>
        <time>2026-06-01T23:45:01.000Z</time>
        <extensions>
          <ns3:TrackPointExtension>
            <ns3:hr>145</ns3:hr>
            <ns3:cad>85</ns3:cad>
          </ns3:TrackPointExtension>
        </extensions>
      </trkpt>
      <trkpt lat="37.47197873890399932861328125" lon="126.9587117247283458709716796875">
        <ele>68.8000030517578125</ele>
        <time>2026-06-01T23:45:02.000Z</time>
        <extensions>
          <ns3:TrackPointExtension>
            <ns3:hr>146</ns3:hr>
            <ns3:cad>85</ns3:cad>
          </ns3:TrackPointExtension>
        </extensions>
      </trkpt>
      <trkpt lat="37.47201486490666866302490234375" lon="126.958733014762401580810546875">
        <ele>68.59999847412109375</ele>
        <time>2026-06-01T23:45:03.000Z</time>
        <extensions>
          <ns3:TrackPointExtension>
            <ns3:hr>146</ns3:hr>
            <ns3:cad>85</ns3:cad>
          </ns3:TrackPointExtension>
        </extensions>
      </trkpt>
      <trkpt lat="37.4720405973494052886962890625" lon="126.95873728953301906585693359375">
        <ele>68.59999847412109375</ele>
        <time>2026-06-01T23:45:04.000Z</time>
        <extensions>
          <ns3:TrackPointExtension>
            <ns3:hr>146</ns3:hr>
            <ns3:cad>85</ns3:cad>
          </ns3:TrackPointExtension>
        </extensions>
      </trkpt>
      <trkpt lat="37.47208108194172382354736328125" lon="126.958761513233184814453125">
        <ele>68.59999847412109375</ele>
        <time>2026-06-01T23:45:05.000Z</time>
        <extensions>
          <ns3:TrackPointExtension>
            <ns3:hr>146</ns3:hr>
            <ns3:cad>85</ns3:cad>
          </ns3:TrackPointExtension>
        </extensions>
      </trkpt>
      <trkpt lat="37.4721026234328746795654296875" lon="126.9587626866996288299560546875">
        <ele>68.40000152587890625</ele>
        <time>2026-06-01T23:45:06.000Z</time>
        <extensions>
          <ns3:TrackPointExtension>
            <ns3:hr>146</ns3:hr>
            <ns3:cad>85</ns3:cad>
          </ns3:TrackPointExtension>
        </extensions>
      </trkpt>
      <trkpt lat="37.47213807888329029083251953125" lon="126.958775930106639862060546875">
        <ele>68.40000152587890625</ele>
        <time>2026-06-01T23:45:07.000Z</time>
        <extensions>
          <ns3:TrackPointExtension>
            <ns3:hr>147</ns3:hr>
            <ns3:cad>85</ns3:cad>
          </ns3:TrackPointExtension>
        </extensions>
      </trkpt>
      <trkpt lat="37.47216490097343921661376953125" lon="126.95879344828426837921142578125">
        <ele>68.40000152587890625</ele>
        <time>2026-06-01T23:45:08.000Z</time>
        <extensions>
          <ns3:TrackPointExtension>
            <ns3:hr>147</ns3:hr>
            <ns3:cad>86</ns3:cad>
          </ns3:TrackPointExtension>
        </extensions>
      </trkpt>
      <trkpt lat="37.47219256125390529632568359375" lon="126.9588240422308444976806640625">
        <ele>68.40000152587890625</ele>
        <time>2026-06-01T23:45:09.000Z</time>
        <extensions>
          <ns3:TrackPointExtension>
            <ns3:hr>146</ns3:hr>
            <ns3:cad>86</ns3:cad>
          </ns3:TrackPointExtension>
        </extensions>
      </trkpt>
      <trkpt lat="37.47220546938478946685791015625" lon="126.9588662870228290557861328125">
        <ele>68.40000152587890625</ele>
        <time>2026-06-01T23:45:10.000Z</time>
        <extensions>
          <ns3:TrackPointExtension>
            <ns3:hr>146</ns3:hr>
            <ns3:cad>86</ns3:cad>
          </ns3:TrackPointExtension>
        </extensions>
      </trkpt>
      <trkpt lat="37.472211085259914398193359375" lon="126.958897970616817474365234375">
        <ele>68.40000152587890625</ele>
        <time>2026-06-01T23:45:11.000Z</time>
        <extensions>
          <ns3:TrackPointExtension>
            <ns3:hr>146</ns3:hr>
            <ns3:cad>85</ns3:cad>
          </ns3:TrackPointExtension>
        </extensions>
      </trkpt>
      <trkpt lat="37.47220404446125030517578125" lon="126.95893996395170688629150390625">
        <ele>68.40000152587890625</ele>
        <time>2026-06-01T23:45:12.000Z</time>
        <extensions>
          <ns3:TrackPointExtension>
            <ns3:hr>145</ns3:hr>
            <ns3:cad>85</ns3:cad>
          </ns3:TrackPointExtension>
        </extensions>
      </trkpt>
      <trkpt lat="37.4721908010542392730712890625" lon="126.958965025842189788818359375">
        <ele>68.40000152587890625</ele>
        <time>2026-06-01T23:45:13.000Z</time>
        <extensions>
          <ns3:TrackPointExtension>
            <ns3:hr>145</ns3:hr>
            <ns3:cad>85</ns3:cad>
          </ns3:TrackPointExtension>
        </extensions>
      </trkpt>
      <trkpt lat="37.47216791845858097076416015625" lon="126.9589900039136409759521484375">
        <ele>68.40000152587890625</ele>
        <time>2026-06-01T23:45:14.000Z</time>
        <extensions>
          <ns3:TrackPointExtension>
            <ns3:hr>145</ns3:hr>
            <ns3:cad>85</ns3:cad>
          </ns3:TrackPointExtension>
        </extensions>
      </trkpt>
      <trkpt lat="37.472146041691303253173828125" lon="126.95900282822549343109130859375">
        <ele>68.40000152587890625</ele>
        <time>2026-06-01T23:45:15.000Z</time>
        <extensions>
          <ns3:TrackPointExtension>
            <ns3:hr>145</ns3:hr>
            <ns3:cad>85</ns3:cad>
          </ns3:TrackPointExtension>
        </extensions>
      </trkpt>
      <trkpt lat="37.47212215326726436614990234375" lon="126.95902227424085140228271484375">
        <ele>68.40000152587890625</ele>
        <time>2026-06-01T23:45:16.000Z</time>
        <extensions>
          <ns3:TrackPointExtension>
            <ns3:hr>146</ns3:hr>
            <ns3:cad>85</ns3:cad>
          </ns3:TrackPointExtension>
        </extensions>
      </trkpt>
      <trkpt lat="37.47209147550165653228759765625" lon="126.95904389955103397369384765625">
        <ele>68.1999969482421875</ele>
        <time>2026-06-01T23:45:17.000Z</time>
        <extensions>
          <ns3:TrackPointExtension>
            <ns3:hr>145</ns3:hr>
            <ns3:cad>85</ns3:cad>
          </ns3:TrackPointExtension>
        </extensions>
      </trkpt>
      <trkpt lat="37.472069598734378814697265625" lon="126.95906200446188449859619140625">
        <ele>68.1999969482421875</ele>
        <time>2026-06-01T23:45:18.000Z</time>
        <extensions>
          <ns3:TrackPointExtension>
            <ns3:hr>145</ns3:hr>
            <ns3:cad>85</ns3:cad>
          </ns3:TrackPointExtension>
        </extensions>
      </trkpt>
      <trkpt lat="37.47202835977077484130859375" lon="126.95907692424952983856201171875">
        <ele>68.1999969482421875</ele>
        <time>2026-06-01T23:45:19.000Z</time>
        <extensions>
          <ns3:TrackPointExtension>
            <ns3:hr>146</ns3:hr>
            <ns3:cad>85</ns3:cad>
          </ns3:TrackPointExtension>
        </extensions>
      </trkpt>
      <trkpt lat="37.4720077402889728546142578125" lon="126.9590925984084606170654296875">
        <ele>68.1999969482421875</ele>
        <time>2026-06-01T23:45:20.000Z</time>
        <extensions>
          <ns3:TrackPointExtension>
            <ns3:hr>145</ns3:hr>
            <ns3:cad>85</ns3:cad>
          </ns3:TrackPointExtension>
        </extensions>
      </trkpt>
      <trkpt lat="37.4719755537807941436767578125" lon="126.95910751819610595703125">
        <ele>68.1999969482421875</ele>
        <time>2026-06-01T23:45:21.000Z</time>
        <extensions>
          <ns3:TrackPointExtension>
            <ns3:hr>145</ns3:hr>
            <ns3:cad>85</ns3:cad>
          </ns3:TrackPointExtension>
        </extensions>
      </trkpt>
      <trkpt lat="37.4719445407390594482421875" lon="126.95912151597440242767333984375">
        <ele>68.1999969482421875</ele>
        <time>2026-06-01T23:45:22.000Z</time>
        <extensions>
          <ns3:TrackPointExtension>
            <ns3:hr>146</ns3:hr>
            <ns3:cad>85</ns3:cad>
          </ns3:TrackPointExtension>
        </extensions>
      </trkpt>
      <trkpt lat="37.47191428206861019134521484375" lon="126.9591343402862548828125">
        <ele>68</ele>
        <time>2026-06-01T23:45:23.000Z</time>
        <extensions>
          <ns3:TrackPointExtension>
            <ns3:hr>145</ns3:hr>
            <ns3:cad>85</ns3:cad>
          </ns3:TrackPointExtension>
        </extensions>
      </trkpt>
      <trkpt lat="37.47187740169465541839599609375" lon="126.95914682932198047637939453125">
        <ele>68</ele>
        <time>2026-06-01T23:45:24.000Z</time>
        <extensions>
          <ns3:TrackPointExtension>
            <ns3:hr>145</ns3:hr>
            <ns3:cad>85</ns3:cad>
          </ns3:TrackPointExtension>
        </extensions>
      </trkpt>
      <trkpt lat="37.4718528427183628082275390625" lon="126.95916443131864070892333984375">
        <ele>68</ele>
        <time>2026-06-01T23:45:25.000Z</time>
        <extensions>
          <ns3:TrackPointExtension>
            <ns3:hr>146</ns3:hr>
            <ns3:cad>85</ns3:cad>
          </ns3:TrackPointExtension>
        </extensions>
      </trkpt>
      <trkpt lat="37.471811436116695404052734375" lon="126.95917784236371517181396484375">
        <ele>68</ele>
        <time>2026-06-01T23:45:26.000Z</time>
        <extensions>
          <ns3:TrackPointExtension>
            <ns3:hr>146</ns3:hr>
            <ns3:cad>86</ns3:cad>
          </ns3:TrackPointExtension>
        </extensions>
      </trkpt>
      <trkpt lat="37.4717881344258785247802734375" lon="126.95919259451329708099365234375">
        <ele>67.8000030517578125</ele>
        <time>2026-06-01T23:45:27.000Z</time>
        <extensions>
          <ns3:TrackPointExtension>
            <ns3:hr>146</ns3:hr>
            <ns3:cad>86</ns3:cad>
          </ns3:TrackPointExtension>
        </extensions>
      </trkpt>
      <trkpt lat="37.47175787575542926788330078125" lon="126.9592143036425113677978515625">
        <ele>67.8000030517578125</ele>
        <time>2026-06-01T23:45:28.000Z</time>
        <extensions>
          <ns3:TrackPointExtension>
            <ns3:hr>146</ns3:hr>
            <ns3:cad>86</ns3:cad>
          </ns3:TrackPointExtension>
        </extensions>
      </trkpt>
      <trkpt lat="37.47173038311302661895751953125" lon="126.9592267088592052459716796875">
        <ele>67.8000030517578125</ele>
        <time>2026-06-01T23:45:29.000Z</time>
        <extensions>
          <ns3:TrackPointExtension>
            <ns3:hr>147</ns3:hr>
            <ns3:cad>87</ns3:cad>
          </ns3:TrackPointExtension>
        </extensions>
      </trkpt>
      <trkpt lat="37.471702806651592254638671875" lon="126.95924489758908748626708984375">
        <ele>67.8000030517578125</ele>
        <time>2026-06-01T23:45:30.000Z</time>
        <extensions>
          <ns3:TrackPointExtension>
            <ns3:hr>147</ns3:hr>
            <ns3:cad>86</ns3:cad>
          </ns3:TrackPointExtension>
        </extensions>
      </trkpt>
      <trkpt lat="37.4716670997440814971923828125" lon="126.95925110019743442535400390625">
        <ele>67.8000030517578125</ele>
        <time>2026-06-01T23:45:31.000Z</time>
        <extensions>
          <ns3:TrackPointExtension>
            <ns3:hr>147</ns3:hr>
            <ns3:cad>86</ns3:cad>
          </ns3:TrackPointExtension>
        </extensions>
      </trkpt>
      <trkpt lat="37.47164589352905750274658203125" lon="126.9592609070241451263427734375">
        <ele>67.8000030517578125</ele>
        <time>2026-06-01T23:45:32.000Z</time>
        <extensions>
          <ns3:TrackPointExtension>
            <ns3:hr>147</ns3:hr>
            <ns3:cad>86</ns3:cad>
          </ns3:TrackPointExtension>
        </extensions>
      </trkpt>
      <trkpt lat="37.47161286883056163787841796875" lon="126.95927582681179046630859375">
        <ele>67.8000030517578125</ele>
        <time>2026-06-01T23:45:33.000Z</time>
        <extensions>
          <ns3:TrackPointExtension>
            <ns3:hr>147</ns3:hr>
            <ns3:cad>85</ns3:cad>
          </ns3:TrackPointExtension>
        </extensions>
      </trkpt>
      <trkpt lat="37.4715930037200450897216796875" lon="126.959287226200103759765625">
        <ele>67.8000030517578125</ele>
        <time>2026-06-01T23:45:34.000Z</time>
        <extensions>
          <ns3:TrackPointExtension>
            <ns3:hr>147</ns3:hr>
            <ns3:cad>85</ns3:cad>
          </ns3:TrackPointExtension>
        </extensions>
      </trkpt>
      <trkpt lat="37.4715650081634521484375" lon="126.959303319454193115234375">
        <ele>68</ele>
        <time>2026-06-01T23:45:35.000Z</time>
        <extensions>
          <ns3:TrackPointExtension>
            <ns3:hr>147</ns3:hr>
            <ns3:cad>85</ns3:cad>
          </ns3:TrackPointExtension>
        </extensions>
      </trkpt>
      <trkpt lat="37.4715363420546054840087890625" lon="126.95931195281445980072021484375">
        <ele>68</ele>
        <time>2026-06-01T23:45:36.000Z</time>
        <extensions>
          <ns3:TrackPointExtension>
            <ns3:hr>147</ns3:hr>
            <ns3:cad>86</ns3:cad>
          </ns3:TrackPointExtension>
        </extensions>
      </trkpt>
      <trkpt lat="37.47151312418282032012939453125" lon="126.95932553149759769439697265625">
        <ele>68.1999969482421875</ele>
        <time>2026-06-01T23:45:37.000Z</time>
        <extensions>
          <ns3:TrackPointExtension>
            <ns3:hr>147</ns3:hr>
            <ns3:cad>86</ns3:cad>
          </ns3:TrackPointExtension>
        </extensions>
      </trkpt>
      <trkpt lat="37.47147758491337299346923828125" lon="126.95933726616203784942626953125">
        <ele>68.1999969482421875</ele>
        <time>2026-06-01T23:45:38.000Z</time>
        <extensions>
          <ns3:TrackPointExtension>
            <ns3:hr>147</ns3:hr>
            <ns3:cad>86</ns3:cad>
          </ns3:TrackPointExtension>
        </extensions>
      </trkpt>
      <trkpt lat="37.4714605696499347686767578125" lon="126.95935235358774662017822265625">
        <ele>68.40000152587890625</ele>
        <time>2026-06-01T23:45:39.000Z</time>
        <extensions>
          <ns3:TrackPointExtension>
            <ns3:hr>147</ns3:hr>
            <ns3:cad>85</ns3:cad>
          </ns3:TrackPointExtension>
        </extensions>
      </trkpt>
      <trkpt lat="37.471427880227565765380859375" lon="126.9593695364892482757568359375">
        <ele>68.40000152587890625</ele>
        <time>2026-06-01T23:45:40.000Z</time>
        <extensions>
          <ns3:TrackPointExtension>
            <ns3:hr>147</ns3:hr>
            <ns3:cad>85</ns3:cad>
          </ns3:TrackPointExtension>
        </extensions>
      </trkpt>
      <trkpt lat="37.47140499763190746307373046875" lon="126.95938185788691043853759765625">
        <ele>68.40000152587890625</ele>
        <time>2026-06-01T23:45:41.000Z</time>
        <extensions>
          <ns3:TrackPointExtension>
            <ns3:hr>147</ns3:hr>
            <ns3:cad>85</ns3:cad>
          </ns3:TrackPointExtension>
        </extensions>
      </trkpt>
      <trkpt lat="37.4713720567524433135986328125" lon="126.959383785724639892578125">
        <ele>68.40000152587890625</ele>
        <time>2026-06-01T23:45:42.000Z</time>
        <extensions>
          <ns3:TrackPointExtension>
            <ns3:hr>147</ns3:hr>
            <ns3:cad>85</ns3:cad>
          </ns3:TrackPointExtension>
        </extensions>
      </trkpt>
      <trkpt lat="37.47134037315845489501953125" lon="126.959384121000766754150390625">
        <ele>68.59999847412109375</ele>
        <time>2026-06-01T23:45:43.000Z</time>
        <extensions>
          <ns3:TrackPointExtension>
            <ns3:hr>147</ns3:hr>
            <ns3:cad>86</ns3:cad>
          </ns3:TrackPointExtension>
        </extensions>
      </trkpt>
      <trkpt lat="37.4713143892586231231689453125" lon="126.95938655175268650054931640625">
        <ele>68.59999847412109375</ele>
        <time>2026-06-01T23:45:44.000Z</time>
        <extensions>
          <ns3:TrackPointExtension>
            <ns3:hr>146</ns3:hr>
            <ns3:cad>86</ns3:cad>
          </ns3:TrackPointExtension>
        </extensions>
      </trkpt>
      <trkpt lat="37.47127792797982692718505859375" lon="126.9593765772879123687744140625">
        <ele>68.59999847412109375</ele>
        <time>2026-06-01T23:45:45.000Z</time>
        <extensions>
          <ns3:TrackPointExtension>
            <ns3:hr>146</ns3:hr>
            <ns3:cad>86</ns3:cad>
          </ns3:TrackPointExtension>
        </extensions>
      </trkpt>
      <trkpt lat="37.47125579975545406341552734375" lon="126.95937515236437320709228515625">
        <ele>68.8000030517578125</ele>
        <time>2026-06-01T23:45:46.000Z</time>
        <extensions>
          <ns3:TrackPointExtension>
            <ns3:hr>145</ns3:hr>
            <ns3:cad>86</ns3:cad>
          </ns3:TrackPointExtension>
        </extensions>
      </trkpt>
      <trkpt lat="37.4712205119431018829345703125" lon="126.95936107076704502105712890625">
        <ele>68.8000030517578125</ele>
        <time>2026-06-01T23:45:47.000Z</time>
        <extensions>
          <ns3:TrackPointExtension>
            <ns3:hr>145</ns3:hr>
            <ns3:cad>86</ns3:cad>
          </ns3:TrackPointExtension>
        </extensions>
      </trkpt>
      <trkpt lat="37.4711983837187290191650390625" lon="126.9593531079590320587158203125">
        <ele>68.8000030517578125</ele>
        <time>2026-06-01T23:45:48.000Z</time>
        <extensions>
          <ns3:TrackPointExtension>
            <ns3:hr>144</ns3:hr>
            <ns3:cad>87</ns3:cad>
          </ns3:TrackPointExtension>
        </extensions>
      </trkpt>
      <trkpt lat="37.471165359020233154296875" lon="126.95933575741946697235107421875">
        <ele>69</ele>
        <time>2026-06-01T23:45:49.000Z</time>
        <extensions>
          <ns3:TrackPointExtension>
            <ns3:hr>144</ns3:hr>
            <ns3:cad>87</ns3:cad>
          </ns3:TrackPointExtension>
        </extensions>
      </trkpt>
      <trkpt lat="37.471137531101703643798828125" lon="126.95932066999375820159912109375">
        <ele>69</ele>
        <time>2026-06-01T23:45:50.000Z</time>
        <extensions>
          <ns3:TrackPointExtension>
            <ns3:hr>144</ns3:hr>
            <ns3:cad>87</ns3:cad>
          </ns3:TrackPointExtension>
        </extensions>
      </trkpt>
      <trkpt lat="37.47111104428768157958984375" lon="126.9593071751296520233154296875">
        <ele>69</ele>
        <time>2026-06-01T23:45:51.000Z</time>
        <extensions>
          <ns3:TrackPointExtension>
            <ns3:hr>144</ns3:hr>
            <ns3:cad>86</ns3:cad>
          </ns3:TrackPointExtension>
        </extensions>
      </trkpt>
      <trkpt lat="37.47108179144561290740966796875" lon="126.95927758701145648956298828125">
        <ele>69</ele>
        <time>2026-06-01T23:45:52.000Z</time>
        <extensions>
          <ns3:TrackPointExtension>
            <ns3:hr>144</ns3:hr>
            <ns3:cad>86</ns3:cad>
          </ns3:TrackPointExtension>
        </extensions>
      </trkpt>
      <trkpt lat="37.4710615910589694976806640625" lon="126.9592645950615406036376953125">
        <ele>69</ele>
        <time>2026-06-01T23:45:53.000Z</time>
        <extensions>
          <ns3:TrackPointExtension>
            <ns3:hr>143</ns3:hr>
            <ns3:cad>86</ns3:cad>
          </ns3:TrackPointExtension>
        </extensions>
      </trkpt>
      <trkpt lat="37.47103082947432994842529296875" lon="126.95923215709626674652099609375">
        <ele>69</ele>
        <time>2026-06-01T23:45:54.000Z</time>
        <extensions>
          <ns3:TrackPointExtension>
            <ns3:hr>143</ns3:hr>
            <ns3:cad>86</ns3:cad>
          </ns3:TrackPointExtension>
        </extensions>
      </trkpt>
      <trkpt lat="37.471008114516735076904296875" lon="126.95920952595770359039306640625">
        <ele>69</ele>
        <time>2026-06-01T23:45:55.000Z</time>
        <extensions>
          <ns3:TrackPointExtension>
            <ns3:hr>143</ns3:hr>
            <ns3:cad>85</ns3:cad>
          </ns3:TrackPointExtension>
        </extensions>
      </trkpt>
      <trkpt lat="37.4709843099117279052734375" lon="126.95917901583015918731689453125">
        <ele>69</ele>
        <time>2026-06-01T23:45:56.000Z</time>
        <extensions>
          <ns3:TrackPointExtension>
            <ns3:hr>143</ns3:hr>
            <ns3:cad>85</ns3:cad>
          </ns3:TrackPointExtension>
        </extensions>
      </trkpt>
      <trkpt lat="37.47096528299152851104736328125" lon="126.95914817042648792266845703125">
        <ele>69</ele>
        <time>2026-06-01T23:45:57.000Z</time>
        <extensions>
          <ns3:TrackPointExtension>
            <ns3:hr>143</ns3:hr>
            <ns3:cad>85</ns3:cad>
          </ns3:TrackPointExtension>
        </extensions>
      </trkpt>
      <trkpt lat="37.470947764813899993896484375" lon="126.959125287830829620361328125">
        <ele>69</ele>
        <time>2026-06-01T23:45:58.000Z</time>
        <extensions>
          <ns3:TrackPointExtension>
            <ns3:hr>143</ns3:hr>
            <ns3:cad>85</ns3:cad>
          </ns3:TrackPointExtension>
        </extensions>
      </trkpt>
      <trkpt lat="37.47092873789370059967041015625" lon="126.95908538997173309326171875">
        <ele>69</ele>
        <time>2026-06-01T23:45:59.000Z</time>
        <extensions>
          <ns3:TrackPointExtension>
            <ns3:hr>143</ns3:hr>
            <ns3:cad>85</ns3:cad>
          </ns3:TrackPointExtension>
        </extensions>
      </trkpt>
      <trkpt lat="37.470912225544452667236328125" lon="126.95906468667089939117431640625">
        <ele>69</ele>
        <time>2026-06-01T23:46:00.000Z</time>
        <extensions>
          <ns3:TrackPointExtension>
            <ns3:hr>143</ns3:hr>
            <ns3:cad>85</ns3:cad>
          </ns3:TrackPointExtension>
        </extensions>
      </trkpt>
      <trkpt lat="37.4708895944058895111083984375" lon="126.95903065614402294158935546875">
        <ele>69.1999969482421875</ele>
        <time>2026-06-01T23:46:01.000Z</time>
        <extensions>
          <ns3:TrackPointExtension>
            <ns3:hr>143</ns3:hr>
            <ns3:cad>85</ns3:cad>
          </ns3:TrackPointExtension>
        </extensions>
      </trkpt>
      <trkpt lat="37.47087232768535614013671875" lon="126.959006600081920623779296875">
        <ele>69.1999969482421875</ele>
        <time>2026-06-01T23:46:02.000Z</time>
        <extensions>
          <ns3:TrackPointExtension>
            <ns3:hr>143</ns3:hr>
            <ns3:cad>85</ns3:cad>
          </ns3:TrackPointExtension>
        </extensions>
      </trkpt>
      <trkpt lat="37.47085128910839557647705078125" lon="126.9589775986969470977783203125">
        <ele>69.40000152587890625</ele>
        <time>2026-06-01T23:46:03.000Z</time>
        <extensions>
          <ns3:TrackPointExtension>
            <ns3:hr>144</ns3:hr>
            <ns3:cad>85</ns3:cad>
          </ns3:TrackPointExtension>
        </extensions>
      </trkpt>
      <trkpt lat="37.4708349443972110748291015625" lon="126.95894633419811725616455078125">
        <ele>69.59999847412109375</ele>
        <time>2026-06-01T23:46:04.000Z</time>
        <extensions>
          <ns3:TrackPointExtension>
            <ns3:hr>144</ns3:hr>
            <ns3:cad>85</ns3:cad>
          </ns3:TrackPointExtension>
        </extensions>
      </trkpt>
      <trkpt lat="37.47082136571407318115234375" lon="126.9589209370315074920654296875">
        <ele>69.59999847412109375</ele>
        <time>2026-06-01T23:46:05.000Z</time>
        <extensions>
          <ns3:TrackPointExtension>
            <ns3:hr>144</ns3:hr>
            <ns3:cad>85</ns3:cad>
          </ns3:TrackPointExtension>
        </extensions>
      </trkpt>
      <trkpt lat="37.47080259025096893310546875" lon="126.95888263173401355743408203125">
        <ele>69.8000030517578125</ele>
        <time>2026-06-01T23:46:06.000Z</time>
        <extensions>
          <ns3:TrackPointExtension>
            <ns3:hr>144</ns3:hr>
            <ns3:cad>85</ns3:cad>
          </ns3:TrackPointExtension>
        </extensions>
      </trkpt>
      <trkpt lat="37.470788173377513885498046875" lon="126.95886435918509960174560546875">
        <ele>69.8000030517578125</ele>
        <time>2026-06-01T23:46:07.000Z</time>
        <extensions>
          <ns3:TrackPointExtension>
            <ns3:hr>144</ns3:hr>
            <ns3:cad>85</ns3:cad>
          </ns3:TrackPointExtension>
        </extensions>
      </trkpt>
      <trkpt lat="37.470764033496379852294921875" lon="126.95883049629628658294677734375">
        <ele>69.8000030517578125</ele>
        <time>2026-06-01T23:46:08.000Z</time>
        <extensions>
          <ns3:TrackPointExtension>
            <ns3:hr>144</ns3:hr>
            <ns3:cad>85</ns3:cad>
          </ns3:TrackPointExtension>
        </extensions>
      </trkpt>
      <trkpt lat="37.47074802406132221221923828125" lon="126.958804093301296234130859375">
        <ele>70</ele>
        <time>2026-06-01T23:46:09.000Z</time>
        <extensions>
          <ns3:TrackPointExtension>
            <ns3:hr>144</ns3:hr>
            <ns3:cad>85</ns3:cad>
          </ns3:TrackPointExtension>
        </extensions>
      </trkpt>
      <trkpt lat="37.47073017060756683349609375" lon="126.9587784446775913238525390625">
        <ele>70</ele>
        <time>2026-06-01T23:46:10.000Z</time>
        <extensions>
          <ns3:TrackPointExtension>
            <ns3:hr>145</ns3:hr>
            <ns3:cad>85</ns3:cad>
          </ns3:TrackPointExtension>
        </extensions>
      </trkpt>
      <trkpt lat="37.47071499936282634735107421875" lon="126.95873946882784366607666015625">
        <ele>70</ele>
        <time>2026-06-01T23:46:11.000Z</time>
        <extensions>
          <ns3:TrackPointExtension>
            <ns3:hr>145</ns3:hr>
            <ns3:cad>85</ns3:cad>
          </ns3:TrackPointExtension>
        </extensions>
      </trkpt>
      <trkpt lat="37.4707004986703395843505859375" lon="126.95872069336473941802978515625">
        <ele>70</ele>
        <time>2026-06-01T23:46:12.000Z</time>
        <extensions>
          <ns3:TrackPointExtension>
            <ns3:hr>145</ns3:hr>
            <ns3:cad>85</ns3:cad>
          </ns3:TrackPointExtension>
        </extensions>
      </trkpt>
      <trkpt lat="37.470674179494380950927734375" lon="126.9586882553994655609130859375">
        <ele>70.1999969482421875</ele>
        <time>2026-06-01T23:46:13.000Z</time>
        <extensions>
          <ns3:TrackPointExtension>
            <ns3:hr>145</ns3:hr>
            <ns3:cad>86</ns3:cad>
          </ns3:TrackPointExtension>
        </extensions>
      </trkpt>
      <trkpt lat="37.47065464965999126434326171875" lon="126.958671994507312774658203125">
        <ele>70.1999969482421875</ele>
        <time>2026-06-01T23:46:14.000Z</time>
        <extensions>
          <ns3:TrackPointExtension>
            <ns3:hr>145</ns3:hr>
            <ns3:cad>86</ns3:cad>
          </ns3:TrackPointExtension>
        </extensions>
      </trkpt>
      <trkpt lat="37.47063537128269672393798828125" lon="126.95863838307559490203857421875">
        <ele>70.1999969482421875</ele>
        <time>2026-06-01T23:46:15.000Z</time>
        <extensions>
          <ns3:TrackPointExtension>
            <ns3:hr>146</ns3:hr>
            <ns3:cad>86</ns3:cad>
          </ns3:TrackPointExtension>
        </extensions>
      </trkpt>
      <trkpt lat="37.47061927802860736846923828125" lon="126.95860871113836765289306640625">
        <ele>70.40000152587890625</ele>
        <time>2026-06-01T23:46:16.000Z</time>
        <extensions>
          <ns3:TrackPointExtension>
            <ns3:hr>146</ns3:hr>
            <ns3:cad>86</ns3:cad>
          </ns3:TrackPointExtension>
        </extensions>
      </trkpt>
      <trkpt lat="37.4706015922129154205322265625" lon="126.9585829786956310272216796875">
        <ele>70.59999847412109375</ele>
        <time>2026-06-01T23:46:17.000Z</time>
        <extensions>
          <ns3:TrackPointExtension>
            <ns3:hr>146</ns3:hr>
            <ns3:cad>85</ns3:cad>
          </ns3:TrackPointExtension>
        </extensions>
      </trkpt>
      <trkpt lat="37.47058373875916004180908203125" lon="126.95854735560715198516845703125">
        <ele>70.59999847412109375</ele>
        <time>2026-06-01T23:46:18.000Z</time>
        <extensions>
          <ns3:TrackPointExtension>
            <ns3:hr>146</ns3:hr>
            <ns3:cad>85</ns3:cad>
          </ns3:TrackPointExtension>
        </extensions>
      </trkpt>
      <trkpt lat="37.47056814841926097869873046875" lon="126.95852958597242832183837890625">
        <ele>70.59999847412109375</ele>
        <time>2026-06-01T23:46:19.000Z</time>
        <extensions>
          <ns3:TrackPointExtension>
            <ns3:hr>146</ns3:hr>
            <ns3:cad>85</ns3:cad>
          </ns3:TrackPointExtension>
        </extensions>
      </trkpt>
      <trkpt lat="37.47054400853812694549560546875" lon="126.9584951363503932952880859375">
        <ele>70.8000030517578125</ele>
        <time>2026-06-01T23:46:20.000Z</time>
        <extensions>
          <ns3:TrackPointExtension>
            <ns3:hr>145</ns3:hr>
            <ns3:cad>85</ns3:cad>
          </ns3:TrackPointExtension>
        </extensions>
      </trkpt>
      <trkpt lat="37.47052389197051525115966796875" lon="126.9584720022976398468017578125">
        <ele>70.8000030517578125</ele>
        <time>2026-06-01T23:46:21.000Z</time>
        <extensions>
          <ns3:TrackPointExtension>
            <ns3:hr>146</ns3:hr>
            <ns3:cad>85</ns3:cad>
          </ns3:TrackPointExtension>
        </extensions>
      </trkpt>
      <trkpt lat="37.47050461359322071075439453125" lon="126.95843386463820934295654296875">
        <ele>71</ele>
        <time>2026-06-01T23:46:22.000Z</time>
        <extensions>
          <ns3:TrackPointExtension>
            <ns3:hr>146</ns3:hr>
            <ns3:cad>85</ns3:cad>
          </ns3:TrackPointExtension>
        </extensions>
      </trkpt>
      <trkpt lat="37.47050712816417217254638671875" lon="126.95839195512235164642333984375">
        <ele>71</ele>
        <time>2026-06-01T23:46:23.000Z</time>
        <extensions>
          <ns3:TrackPointExtension>
            <ns3:hr>146</ns3:hr>
            <ns3:cad>86</ns3:cad>
          </ns3:TrackPointExtension>
        </extensions>
      </trkpt>
      <trkpt lat="37.47052841819822788238525390625" lon="126.95836722850799560546875">
        <ele>71.1999969482421875</ele>
        <time>2026-06-01T23:46:24.000Z</time>
        <extensions>
          <ns3:TrackPointExtension>
            <ns3:hr>146</ns3:hr>
            <ns3:cad>86</ns3:cad>
          </ns3:TrackPointExtension>
        </extensions>
      </trkpt>
      <trkpt lat="37.4705613590776920318603515625" lon="126.9583605229854583740234375">
        <ele>71.1999969482421875</ele>
        <time>2026-06-01T23:46:25.000Z</time>
        <extensions>
          <ns3:TrackPointExtension>
            <ns3:hr>146</ns3:hr>
            <ns3:cad>86</ns3:cad>
          </ns3:TrackPointExtension>
        </extensions>
      </trkpt>
      <trkpt lat="37.4705875106155872344970703125" lon="126.958352811634540557861328125">
        <ele>71.1999969482421875</ele>
        <time>2026-06-01T23:46:26.000Z</time>
        <extensions>
          <ns3:TrackPointExtension>
            <ns3:hr>147</ns3:hr>
            <ns3:cad>86</ns3:cad>
          </ns3:TrackPointExtension>
        </extensions>
      </trkpt>
      <trkpt lat="37.47062799520790576934814453125" lon="126.95835691876709461212158203125">
        <ele>71.1999969482421875</ele>
        <time>2026-06-01T23:46:27.000Z</time>
        <extensions>
          <ns3:TrackPointExtension>
            <ns3:hr>147</ns3:hr>
            <ns3:cad>86</ns3:cad>
          </ns3:TrackPointExtension>
        </extensions>
      </trkpt>
      <trkpt lat="37.4706512130796909332275390625" lon="126.9583533145487308502197265625">
        <ele>71</ele>
        <time>2026-06-01T23:46:28.000Z</time>
        <extensions>
          <ns3:TrackPointExtension>
            <ns3:hr>147</ns3:hr>
            <ns3:cad>85</ns3:cad>
          </ns3:TrackPointExtension>
        </extensions>
      </trkpt>
      <trkpt lat="37.47068348340690135955810546875" lon="126.958359517157077789306640625">
        <ele>71</ele>
        <time>2026-06-01T23:46:29.000Z</time>
        <extensions>
          <ns3:TrackPointExtension>
            <ns3:hr>147</ns3:hr>
            <ns3:cad>86</ns3:cad>
          </ns3:TrackPointExtension>
        </extensions>
      </trkpt>
      <trkpt lat="37.47071449644863605499267578125" lon="126.95837720297276973724365234375">
        <ele>70.8000030517578125</ele>
        <time>2026-06-01T23:46:30.000Z</time>
        <extensions>
          <ns3:TrackPointExtension>
            <ns3:hr>147</ns3:hr>
            <ns3:cad>86</ns3:cad>
          </ns3:TrackPointExtension>
        </extensions>
      </trkpt>
      <trkpt lat="37.47073796577751636505126953125" lon="126.9583900272846221923828125">
        <ele>70.8000030517578125</ele>
        <time>2026-06-01T23:46:31.000Z</time>
        <extensions>
          <ns3:TrackPointExtension>
            <ns3:hr>147</ns3:hr>
            <ns3:cad>85</ns3:cad>
          </ns3:TrackPointExtension>
        </extensions>
      </trkpt>
      <trkpt lat="37.4707722477614879608154296875" lon="126.958413831889629364013671875">
        <ele>70.8000030517578125</ele>
        <time>2026-06-01T23:46:32.000Z</time>
        <extensions>
          <ns3:TrackPointExtension>
            <ns3:hr>147</ns3:hr>
            <ns3:cad>85</ns3:cad>
          </ns3:TrackPointExtension>
        </extensions>
      </trkpt>
      <trkpt lat="37.47079831548035144805908203125" lon="126.9584210403263568878173828125">
        <ele>71</ele>
        <time>2026-06-01T23:46:33.000Z</time>
        <extensions>
          <ns3:TrackPointExtension>
            <ns3:hr>147</ns3:hr>
            <ns3:cad>85</ns3:cad>
          </ns3:TrackPointExtension>
        </extensions>
      </trkpt>
      <trkpt lat="37.47083075344562530517578125" lon="126.95843352936208248138427734375">
        <ele>70.8000030517578125</ele>
        <time>2026-06-01T23:46:34.000Z</time>
        <extensions>
          <ns3:TrackPointExtension>
            <ns3:hr>147</ns3:hr>
            <ns3:cad>85</ns3:cad>
          </ns3:TrackPointExtension>
        </extensions>
      </trkpt>
      <trkpt lat="37.47085732407867908477783203125" lon="126.95843872614204883575439453125">
        <ele>70.8000030517578125</ele>
        <time>2026-06-01T23:46:35.000Z</time>
        <extensions>
          <ns3:TrackPointExtension>
            <ns3:hr>147</ns3:hr>
            <ns3:cad>85</ns3:cad>
          </ns3:TrackPointExtension>
        </extensions>
      </trkpt>
      <trkpt lat="37.47088615782558917999267578125" lon="126.95844777859747409820556640625">
        <ele>71</ele>
        <time>2026-06-01T23:46:36.000Z</time>
        <extensions>
          <ns3:TrackPointExtension>
            <ns3:hr>147</ns3:hr>
            <ns3:cad>85</ns3:cad>
          </ns3:TrackPointExtension>
        </extensions>
      </trkpt>
      <trkpt lat="37.470916919410228729248046875" lon="126.9584624469280242919921875">
        <ele>71</ele>
        <time>2026-06-01T23:46:37.000Z</time>
        <extensions>
          <ns3:TrackPointExtension>
            <ns3:hr>147</ns3:hr>
            <ns3:cad>86</ns3:cad>
          </ns3:TrackPointExtension>
        </extensions>
      </trkpt>
      <trkpt lat="37.47093460522592067718505859375" lon="126.958470828831195831298828125">
        <ele>71.1999969482421875</ele>
        <time>2026-06-01T23:46:38.000Z</time>
        <extensions>
          <ns3:TrackPointExtension>
            <ns3:hr>147</ns3:hr>
            <ns3:cad>86</ns3:cad>
          </ns3:TrackPointExtension>
        </extensions>
      </trkpt>
      <trkpt lat="37.4709724076092243194580078125" lon="126.95848566479980945587158203125">
        <ele>71.1999969482421875</ele>
        <time>2026-06-01T23:46:39.000Z</time>
        <extensions>
          <ns3:TrackPointExtension>
            <ns3:hr>147</ns3:hr>
            <ns3:cad>86</ns3:cad>
          </ns3:TrackPointExtension>
        </extensions>
      </trkpt>
      <trkpt lat="37.47099763713777065277099609375" lon="126.958486922085285186767578125">
        <ele>71.1999969482421875</ele>
        <time>2026-06-01T23:46:40.000Z</time>
        <extensions>
          <ns3:TrackPointExtension>
            <ns3:hr>147</ns3:hr>
            <ns3:cad>86</ns3:cad>
          </ns3:TrackPointExtension>
        </extensions>
      </trkpt>
      <trkpt lat="37.47103217057883739471435546875" lon="126.95849237032234668731689453125">
        <ele>71</ele>
        <time>2026-06-01T23:46:41.000Z</time>
        <extensions>
          <ns3:TrackPointExtension>
            <ns3:hr>147</ns3:hr>
            <ns3:cad>85</ns3:cad>
          </ns3:TrackPointExtension>
        </extensions>
      </trkpt>
      <trkpt lat="37.4710622616112232208251953125" lon="126.95849605835974216461181640625">
        <ele>70.8000030517578125</ele>
        <time>2026-06-01T23:46:42.000Z</time>
        <extensions>
          <ns3:TrackPointExtension>
            <ns3:hr>147</ns3:hr>
            <ns3:cad>85</ns3:cad>
          </ns3:TrackPointExtension>
        </extensions>
      </trkpt>
      <trkpt lat="37.4710874073207378387451171875" lon="126.95850242860615253448486328125">
        <ele>70.59999847412109375</ele>
        <time>2026-06-01T23:46:43.000Z</time>
        <extensions>
          <ns3:TrackPointExtension>
            <ns3:hr>147</ns3:hr>
            <ns3:cad>85</ns3:cad>
          </ns3:TrackPointExtension>
        </extensions>
      </trkpt>
      <trkpt lat="37.47112177312374114990234375" lon="126.95851818658411502838134765625">
        <ele>70.59999847412109375</ele>
        <time>2026-06-01T23:46:44.000Z</time>
        <extensions>
          <ns3:TrackPointExtension>
            <ns3:hr>147</ns3:hr>
            <ns3:cad>85</ns3:cad>
          </ns3:TrackPointExtension>
        </extensions>
      </trkpt>
      <trkpt lat="37.47114063240587711334228515625" lon="126.95852212607860565185546875">
        <ele>70.8000030517578125</ele>
        <time>2026-06-01T23:46:45.000Z</time>
        <extensions>
          <ns3:TrackPointExtension>
            <ns3:hr>147</ns3:hr>
            <ns3:cad>85</ns3:cad>
          </ns3:TrackPointExtension>
        </extensions>
      </trkpt>
      <trkpt lat="37.4711769260466098785400390625" lon="126.95853176526725292205810546875">
        <ele>70.8000030517578125</ele>
        <time>2026-06-01T23:46:46.000Z</time>
        <extensions>
          <ns3:TrackPointExtension>
            <ns3:hr>146</ns3:hr>
            <ns3:cad>85</ns3:cad>
          </ns3:TrackPointExtension>
        </extensions>
      </trkpt>
      <trkpt lat="37.4711980484426021575927734375" lon="126.95852757431566715240478515625">
        <ele>70.8000030517578125</ele>
        <time>2026-06-01T23:46:47.000Z</time>
        <extensions>
          <ns3:TrackPointExtension>
            <ns3:hr>147</ns3:hr>
            <ns3:cad>85</ns3:cad>
          </ns3:TrackPointExtension>
        </extensions>
      </trkpt>
      <trkpt lat="37.47123098932206630706787109375" lon="126.9585283286869525909423828125">
        <ele>71</ele>
        <time>2026-06-01T23:46:48.000Z</time>
        <extensions>
          <ns3:TrackPointExtension>
            <ns3:hr>147</ns3:hr>
            <ns3:cad>85</ns3:cad>
          </ns3:TrackPointExtension>
        </extensions>
      </trkpt>
      <trkpt lat="37.47126258909702301025390625" lon="126.95852975361049175262451171875">
        <ele>70.8000030517578125</ele>
        <time>2026-06-01T23:46:49.000Z</time>
        <extensions>
          <ns3:TrackPointExtension>
            <ns3:hr>147</ns3:hr>
            <ns3:cad>85</ns3:cad>
          </ns3:TrackPointExtension>
        </extensions>
      </trkpt>
      <trkpt lat="37.47128446586430072784423828125" lon="126.95853159762918949127197265625">
        <ele>70.8000030517578125</ele>
        <time>2026-06-01T23:46:50.000Z</time>
        <extensions>
          <ns3:TrackPointExtension>
            <ns3:hr>147</ns3:hr>
            <ns3:cad>85</ns3:cad>
          </ns3:TrackPointExtension>
        </extensions>
      </trkpt>
      <trkpt lat="37.4713187478482723236083984375" lon="126.9585455954074859619140625">
        <ele>70.8000030517578125</ele>
        <time>2026-06-01T23:46:51.000Z</time>
        <extensions>
          <ns3:TrackPointExtension>
            <ns3:hr>147</ns3:hr>
            <ns3:cad>85</ns3:cad>
          </ns3:TrackPointExtension>
        </extensions>
      </trkpt>
      <trkpt lat="37.4713398702442646026611328125" lon="126.95853780023753643035888671875">
        <ele>70.59999847412109375</ele>
        <time>2026-06-01T23:46:52.000Z</time>
        <extensions>
          <ns3:TrackPointExtension>
            <ns3:hr>147</ns3:hr>
            <ns3:cad>85</ns3:cad>
          </ns3:TrackPointExtension>
        </extensions>
      </trkpt>
      <trkpt lat="37.47137733735144138336181640625" lon="126.95854358375072479248046875">
        <ele>70.40000152587890625</ele>
        <time>2026-06-01T23:46:53.000Z</time>
        <extensions>
          <ns3:TrackPointExtension>
            <ns3:hr>146</ns3:hr>
            <ns3:cad>85</ns3:cad>
          </ns3:TrackPointExtension>
        </extensions>
      </trkpt>
      <trkpt lat="37.471399717032909393310546875" lon="126.9585383869707584381103515625">
        <ele>70.1999969482421875</ele>
        <time>2026-06-01T23:46:54.000Z</time>
        <extensions>
          <ns3:TrackPointExtension>
            <ns3:hr>147</ns3:hr>
            <ns3:cad>85</ns3:cad>
          </ns3:TrackPointExtension>
        </extensions>
      </trkpt>
      <trkpt lat="37.47142964042723178863525390625" lon="126.958537213504314422607421875">
        <ele>70.1999969482421875</ele>
        <time>2026-06-01T23:46:55.000Z</time>
        <extensions>
          <ns3:TrackPointExtension>
            <ns3:hr>147</ns3:hr>
            <ns3:cad>85</ns3:cad>
          </ns3:TrackPointExtension>
        </extensions>
      </trkpt>
      <trkpt lat="37.47146098874509334564208984375" lon="126.95854618214070796966552734375">
        <ele>70.1999969482421875</ele>
        <time>2026-06-01T23:46:56.000Z</time>
        <extensions>
          <ns3:TrackPointExtension>
            <ns3:hr>147</ns3:hr>
            <ns3:cad>86</ns3:cad>
          </ns3:TrackPointExtension>
        </extensions>
      </trkpt>
      <trkpt lat="37.47148127295076847076416015625" lon="126.9585514627397060394287109375">
        <ele>70.1999969482421875</ele>
        <time>2026-06-01T23:46:57.000Z</time>
        <extensions>
          <ns3:TrackPointExtension>
            <ns3:hr>146</ns3:hr>
            <ns3:cad>86</ns3:cad>
          </ns3:TrackPointExtension>
        </extensions>
      </trkpt>
      <trkpt lat="37.471516393125057220458984375" lon="126.95857317186892032623291015625">
        <ele>70.1999969482421875</ele>
        <time>2026-06-01T23:46:58.000Z</time>
        <extensions>
          <ns3:TrackPointExtension>
            <ns3:hr>147</ns3:hr>
            <ns3:cad>86</ns3:cad>
          </ns3:TrackPointExtension>
        </extensions>
      </trkpt>
      <trkpt lat="37.471537850797176361083984375" lon="126.9585749320685863494873046875">
        <ele>70</ele>
        <time>2026-06-01T23:46:59.000Z</time>
        <extensions>
          <ns3:TrackPointExtension>
            <ns3:hr>146</ns3:hr>
            <ns3:cad>85</ns3:cad>
          </ns3:TrackPointExtension>
        </extensions>
      </trkpt>
      <trkpt lat="37.4715715460479259490966796875" lon="126.9585846550762653350830078125">
        <ele>69.8000030517578125</ele>
        <time>2026-06-01T23:47:00.000Z</time>
        <extensions>
          <ns3:TrackPointExtension>
            <ns3:hr>146</ns3:hr>
            <ns3:cad>85</ns3:cad>
          </ns3:TrackPointExtension>
        </extensions>
      </trkpt>
      <trkpt lat="37.47159861959517002105712890625" lon="126.95858758874237537384033203125">
        <ele>69.59999847412109375</ele>
        <time>2026-06-01T23:47:01.000Z</time>
        <extensions>
          <ns3:TrackPointExtension>
            <ns3:hr>146</ns3:hr>
            <ns3:cad>85</ns3:cad>
          </ns3:TrackPointExtension>
        </extensions>
      </trkpt>
      <trkpt lat="37.4716285429894924163818359375" lon="126.95859479717910289764404296875">
        <ele>69.40000152587890625</ele>
        <time>2026-06-01T23:47:02.000Z</time>
        <extensions>
          <ns3:TrackPointExtension>
            <ns3:hr>146</ns3:hr>
            <ns3:cad>84</ns3:cad>
          </ns3:TrackPointExtension>
        </extensions>
      </trkpt>
      <trkpt lat="37.47165821492671966552734375" lon="126.95860854350030422210693359375">
        <ele>69.40000152587890625</ele>
        <time>2026-06-01T23:47:03.000Z</time>
        <extensions>
          <ns3:TrackPointExtension>
            <ns3:hr>146</ns3:hr>
            <ns3:cad>84</ns3:cad>
          </ns3:TrackPointExtension>
        </extensions>
      </trkpt>
      <trkpt lat="37.47167942114174365997314453125" lon="126.958615668118000030517578125">
        <ele>69.40000152587890625</ele>
        <time>2026-06-01T23:47:04.000Z</time>
        <extensions>
          <ns3:TrackPointExtension>
            <ns3:hr>146</ns3:hr>
            <ns3:cad>84</ns3:cad>
          </ns3:TrackPointExtension>
        </extensions>
      </trkpt>
      <trkpt lat="37.47171328403055667877197265625" lon="126.9586245529353618621826171875">
        <ele>69.40000152587890625</ele>
        <time>2026-06-01T23:47:05.000Z</time>
        <extensions>
          <ns3:TrackPointExtension>
            <ns3:hr>146</ns3:hr>
            <ns3:cad>86</ns3:cad>
          </ns3:TrackPointExtension>
        </extensions>
      </trkpt>
      <trkpt lat="37.47173734009265899658203125" lon="126.95862681604921817779541015625">
        <ele>69.40000152587890625</ele>
        <time>2026-06-01T23:47:06.000Z</time>
        <extensions>
          <ns3:TrackPointExtension>
            <ns3:hr>146</ns3:hr>
            <ns3:cad>86</ns3:cad>
          </ns3:TrackPointExtension>
        </extensions>
      </trkpt>
      <trkpt lat="37.4717710353434085845947265625" lon="126.95863955654203891754150390625">
        <ele>69.40000152587890625</ele>
        <time>2026-06-01T23:47:07.000Z</time>
        <extensions>
          <ns3:TrackPointExtension>
            <ns3:hr>146</ns3:hr>
            <ns3:cad>86</ns3:cad>
          </ns3:TrackPointExtension>
        </extensions>
      </trkpt>
      <trkpt lat="37.4717985279858112335205078125" lon="126.95865263231098651885986328125">
        <ele>69.1999969482421875</ele>
        <time>2026-06-01T23:47:08.000Z</time>
        <extensions>
          <ns3:TrackPointExtension>
            <ns3:hr>147</ns3:hr>
            <ns3:cad>85</ns3:cad>
          </ns3:TrackPointExtension>
        </extensions>
      </trkpt>
      <trkpt lat="37.47182375751435756683349609375" lon="126.95866352878510951995849609375">
        <ele>69.1999969482421875</ele>
        <time>2026-06-01T23:47:09.000Z</time>
        <extensions>
          <ns3:TrackPointExtension>
            <ns3:hr>147</ns3:hr>
            <ns3:cad>85</ns3:cad>
          </ns3:TrackPointExtension>
        </extensions>
      </trkpt>
      <trkpt lat="37.4718525074422359466552734375" lon="126.95868515409529209136962890625">
        <ele>69</ele>
        <time>2026-06-01T23:47:10.000Z</time>
        <extensions>
          <ns3:TrackPointExtension>
            <ns3:hr>147</ns3:hr>
            <ns3:cad>85</ns3:cad>
          </ns3:TrackPointExtension>
        </extensions>
      </trkpt>
      <trkpt lat="37.47187589295208454132080078125" lon="126.9586869142949581146240234375">
        <ele>69</ele>
        <time>2026-06-01T23:47:11.000Z</time>
        <extensions>
          <ns3:TrackPointExtension>
            <ns3:hr>147</ns3:hr>
            <ns3:cad>85</ns3:cad>
          </ns3:TrackPointExtension>
        </extensions>
      </trkpt>
      <trkpt lat="37.47191193513572216033935546875" lon="126.9586979784071445465087890625">
        <ele>69</ele>
        <time>2026-06-01T23:47:12.000Z</time>
        <extensions>
          <ns3:TrackPointExtension>
            <ns3:hr>146</ns3:hr>
            <ns3:cad>85</ns3:cad>
          </ns3:TrackPointExtension>
        </extensions>
      </trkpt>
      <trkpt lat="37.47193372808396816253662109375" lon="126.95870091207325458526611328125">
        <ele>69</ele>
        <time>2026-06-01T23:47:13.000Z</time>
        <extensions>
          <ns3:TrackPointExtension>
            <ns3:hr>146</ns3:hr>
            <ns3:cad>85</ns3:cad>
          </ns3:TrackPointExtension>
        </extensions>
      </trkpt>
      <trkpt lat="37.471969686448574066162109375" lon="126.9587036781013011932373046875">
        <ele>69</ele>
        <time>2026-06-01T23:47:14.000Z</time>
        <extensions>
          <ns3:TrackPointExtension>
            <ns3:hr>146</ns3:hr>
            <ns3:cad>85</ns3:cad>
          </ns3:TrackPointExtension>
        </extensions>
      </trkpt>
      <trkpt lat="37.47200564481317996978759765625" lon="126.9587214477360248565673828125">
        <ele>68.8000030517578125</ele>
        <time>2026-06-01T23:47:15.000Z</time>
        <extensions>
          <ns3:TrackPointExtension>
            <ns3:hr>146</ns3:hr>
            <ns3:cad>85</ns3:cad>
          </ns3:TrackPointExtension>
        </extensions>
      </trkpt>
      <trkpt lat="37.47203774750232696533203125" lon="126.95872488431632518768310546875">
        <ele>68.59999847412109375</ele>
        <time>2026-06-01T23:47:16.000Z</time>
        <extensions>
          <ns3:TrackPointExtension>
            <ns3:hr>146</ns3:hr>
            <ns3:cad>85</ns3:cad>
          </ns3:TrackPointExtension>
        </extensions>
      </trkpt>
      <trkpt lat="37.4720704369246959686279296875" lon="126.95873158983886241912841796875">
        <ele>68.40000152587890625</ele>
        <time>2026-06-01T23:47:17.000Z</time>
        <extensions>
          <ns3:TrackPointExtension>
            <ns3:hr>146</ns3:hr>
            <ns3:cad>85</ns3:cad>
          </ns3:TrackPointExtension>
        </extensions>
      </trkpt>
      <trkpt lat="37.47209541499614715576171875" lon="126.9587335176765918731689453125">
        <ele>68.40000152587890625</ele>
        <time>2026-06-01T23:47:18.000Z</time>
        <extensions>
          <ns3:TrackPointExtension>
            <ns3:hr>146</ns3:hr>
            <ns3:cad>85</ns3:cad>
          </ns3:TrackPointExtension>
        </extensions>
      </trkpt>
      <trkpt lat="37.4721381627023220062255859375" lon="126.958752460777759552001953125">
        <ele>68.40000152587890625</ele>
        <time>2026-06-01T23:47:19.000Z</time>
        <extensions>
          <ns3:TrackPointExtension>
            <ns3:hr>146</ns3:hr>
            <ns3:cad>85</ns3:cad>
          </ns3:TrackPointExtension>
        </extensions>
      </trkpt>
      <trkpt lat="37.4721673317253589630126953125" lon="126.95876746438443660736083984375">
        <ele>68.59999847412109375</ele>
        <time>2026-06-01T23:47:20.000Z</time>
        <extensions>
          <ns3:TrackPointExtension>
            <ns3:hr>145</ns3:hr>
            <ns3:cad>85</ns3:cad>
          </ns3:TrackPointExtension>
        </extensions>
      </trkpt>
      <trkpt lat="37.47219574637711048126220703125" lon="126.95879143662750720977783203125">
        <ele>68.59999847412109375</ele>
        <time>2026-06-01T23:47:21.000Z</time>
        <extensions>
          <ns3:TrackPointExtension>
            <ns3:hr>145</ns3:hr>
            <ns3:cad>86</ns3:cad>
          </ns3:TrackPointExtension>
        </extensions>
      </trkpt>
      <trkpt lat="37.47221183963119983673095703125" lon="126.95883317850530147552490234375">
        <ele>68.59999847412109375</ele>
        <time>2026-06-01T23:47:22.000Z</time>
        <extensions>
          <ns3:TrackPointExtension>
            <ns3:hr>145</ns3:hr>
            <ns3:cad>86</ns3:cad>
          </ns3:TrackPointExtension>
        </extensions>
      </trkpt>
      <trkpt lat="37.472223155200481414794921875" lon="126.95886620320379734039306640625">
        <ele>68.59999847412109375</ele>
        <time>2026-06-01T23:47:23.000Z</time>
        <extensions>
          <ns3:TrackPointExtension>
            <ns3:hr>146</ns3:hr>
            <ns3:cad>86</ns3:cad>
          </ns3:TrackPointExtension>
        </extensions>
      </trkpt>
      <trkpt lat="37.47221837751567363739013671875" lon="126.9589095376431941986083984375">
        <ele>68.59999847412109375</ele>
        <time>2026-06-01T23:47:24.000Z</time>
        <extensions>
          <ns3:TrackPointExtension>
            <ns3:hr>145</ns3:hr>
            <ns3:cad>86</ns3:cad>
          </ns3:TrackPointExtension>
        </extensions>
      </trkpt>
      <trkpt lat="37.4722087383270263671875" lon="126.95894516073167324066162109375">
        <ele>68.40000152587890625</ele>
        <time>2026-06-01T23:47:25.000Z</time>
        <extensions>
          <ns3:TrackPointExtension>
            <ns3:hr>145</ns3:hr>
            <ns3:cad>86</ns3:cad>
          </ns3:TrackPointExtension>
        </extensions>
      </trkpt>
      <trkpt lat="37.4721824191510677337646484375" lon="126.9589863158762454986572265625">
        <ele>68.40000152587890625</ele>
        <time>2026-06-01T23:47:26.000Z</time>
        <extensions>
          <ns3:TrackPointExtension>
            <ns3:hr>145</ns3:hr>
            <ns3:cad>86</ns3:cad>
          </ns3:TrackPointExtension>
        </extensions>
      </trkpt>
      <trkpt lat="37.47215283103287220001220703125" lon="126.95900383405387401580810546875">
        <ele>68.40000152587890625</ele>
        <time>2026-06-01T23:47:27.000Z</time>
        <extensions>
          <ns3:TrackPointExtension>
            <ns3:hr>145</ns3:hr>
            <ns3:cad>85</ns3:cad>
          </ns3:TrackPointExtension>
        </extensions>
      </trkpt>
      <trkpt lat="37.47212550602853298187255859375" lon="126.9590191729366779327392578125">
        <ele>68.40000152587890625</ele>
        <time>2026-06-01T23:47:28.000Z</time>
        <extensions>
          <ns3:TrackPointExtension>
            <ns3:hr>145</ns3:hr>
            <ns3:cad>85</ns3:cad>
          </ns3:TrackPointExtension>
        </extensions>
      </trkpt>
      <trkpt lat="37.47209097258746623992919921875" lon="126.95903333835303783416748046875">
        <ele>68.40000152587890625</ele>
        <time>2026-06-01T23:47:29.000Z</time>
        <extensions>
          <ns3:TrackPointExtension>
            <ns3:hr>144</ns3:hr>
            <ns3:cad>86</ns3:cad>
          </ns3:TrackPointExtension>
        </extensions>
      </trkpt>
      <trkpt lat="37.47206591069698333740234375" lon="126.95905345492064952850341796875">
        <ele>68.40000152587890625</ele>
        <time>2026-06-01T23:47:30.000Z</time>
        <extensions>
          <ns3:TrackPointExtension>
            <ns3:hr>145</ns3:hr>
            <ns3:cad>86</ns3:cad>
          </ns3:TrackPointExtension>
        </extensions>
      </trkpt>
      <trkpt lat="37.4720223248004913330078125" lon="126.9590758346021175384521484375">
        <ele>68.40000152587890625</ele>
        <time>2026-06-01T23:47:31.000Z</time>
        <extensions>
          <ns3:TrackPointExtension>
            <ns3:hr>145</ns3:hr>
            <ns3:cad>86</ns3:cad>
          </ns3:TrackPointExtension>
        </extensions>
      </trkpt>
      <trkpt lat="37.4719986878335475921630859375" lon="126.95908815599977970123291015625">
        <ele>68.1999969482421875</ele>
        <time>2026-06-01T23:47:32.000Z</time>
        <extensions>
          <ns3:TrackPointExtension>
            <ns3:hr>144</ns3:hr>
            <ns3:cad>86</ns3:cad>
          </ns3:TrackPointExtension>
        </extensions>
      </trkpt>
      <trkpt lat="37.47196423821151256561279296875" lon="126.95910550653934478759765625">
        <ele>68.1999969482421875</ele>
        <time>2026-06-01T23:47:33.000Z</time>
        <extensions>
          <ns3:TrackPointExtension>
            <ns3:hr>144</ns3:hr>
            <ns3:cad>86</ns3:cad>
          </ns3:TrackPointExtension>
        </extensions>
      </trkpt>
      <trkpt lat="37.47193205170333385467529296875" lon="126.95911564864218235015869140625">
        <ele>68.1999969482421875</ele>
        <time>2026-06-01T23:47:34.000Z</time>
        <extensions>
          <ns3:TrackPointExtension>
            <ns3:hr>144</ns3:hr>
            <ns3:cad>86</ns3:cad>
          </ns3:TrackPointExtension>
        </extensions>
      </trkpt>
      <trkpt lat="37.471901290118694305419921875" lon="126.95913241244852542877197265625">
        <ele>68.1999969482421875</ele>
        <time>2026-06-01T23:47:35.000Z</time>
        <extensions>
          <ns3:TrackPointExtension>
            <ns3:hr>144</ns3:hr>
            <ns3:cad>86</ns3:cad>
          </ns3:TrackPointExtension>
        </extensions>
      </trkpt>
      <trkpt lat="37.47186717577278614044189453125" lon="126.9591482542455196380615234375">
        <ele>68.1999969482421875</ele>
        <time>2026-06-01T23:47:36.000Z</time>
        <extensions>
          <ns3:TrackPointExtension>
            <ns3:hr>144</ns3:hr>
            <ns3:cad>86</ns3:cad>
          </ns3:TrackPointExtension>
        </extensions>
      </trkpt>
      <trkpt lat="37.47184387408196926116943359375" lon="126.95916526950895786285400390625">
        <ele>68.1999969482421875</ele>
        <time>2026-06-01T23:47:37.000Z</time>
        <extensions>
          <ns3:TrackPointExtension>
            <ns3:hr>144</ns3:hr>
            <ns3:cad>85</ns3:cad>
          </ns3:TrackPointExtension>
        </extensions>
      </trkpt>
      <trkpt lat="37.47180582024157047271728515625" lon="126.95917197503149509429931640625">
        <ele>68.1999969482421875</ele>
        <time>2026-06-01T23:47:38.000Z</time>
        <extensions>
          <ns3:TrackPointExtension>
            <ns3:hr>144</ns3:hr>
            <ns3:cad>85</ns3:cad>
          </ns3:TrackPointExtension>
        </extensions>
      </trkpt>
      <trkpt lat="37.47178335674107074737548828125" lon="126.9591814465820789337158203125">
        <ele>68.1999969482421875</ele>
        <time>2026-06-01T23:47:39.000Z</time>
        <extensions>
          <ns3:TrackPointExtension>
            <ns3:hr>144</ns3:hr>
            <ns3:cad>86</ns3:cad>
          </ns3:TrackPointExtension>
        </extensions>
      </trkpt>
      <trkpt lat="37.471750080585479736328125" lon="126.95919259451329708099365234375">
        <ele>68.1999969482421875</ele>
        <time>2026-06-01T23:47:40.000Z</time>
        <extensions>
          <ns3:TrackPointExtension>
            <ns3:hr>144</ns3:hr>
            <ns3:cad>86</ns3:cad>
          </ns3:TrackPointExtension>
        </extensions>
      </trkpt>
      <trkpt lat="37.47171697206795215606689453125" lon="126.9592045806348323822021484375">
        <ele>68</ele>
        <time>2026-06-01T23:47:41.000Z</time>
        <extensions>
          <ns3:TrackPointExtension>
            <ns3:hr>144</ns3:hr>
            <ns3:cad>86</ns3:cad>
          </ns3:TrackPointExtension>
        </extensions>
      </trkpt>
      <trkpt lat="37.4716922454535961151123046875" lon="126.9592210091650485992431640625">
        <ele>68</ele>
        <time>2026-06-01T23:47:42.000Z</time>
        <extensions>
          <ns3:TrackPointExtension>
            <ns3:hr>144</ns3:hr>
            <ns3:cad>85</ns3:cad>
          </ns3:TrackPointExtension>
        </extensions>
      </trkpt>
      <trkpt lat="37.47165477834641933441162109375" lon="126.959243305027484893798828125">
        <ele>68</ele>
        <time>2026-06-01T23:47:43.000Z</time>
        <extensions>
          <ns3:TrackPointExtension>
            <ns3:hr>144</ns3:hr>
            <ns3:cad>85</ns3:cad>
          </ns3:TrackPointExtension>
        </extensions>
      </trkpt>
      <trkpt lat="37.47163265012204647064208984375" lon="126.95926032029092311859130859375">
        <ele>68</ele>
        <time>2026-06-01T23:47:44.000Z</time>
        <extensions>
          <ns3:TrackPointExtension>
            <ns3:hr>144</ns3:hr>
            <ns3:cad>85</ns3:cad>
          </ns3:TrackPointExtension>
        </extensions>
      </trkpt>
      <trkpt lat="37.47159929014742374420166015625" lon="126.959278173744678497314453125">
        <ele>68</ele>
        <time>2026-06-01T23:47:45.000Z</time>
        <extensions>
          <ns3:TrackPointExtension>
            <ns3:hr>144</ns3:hr>
            <ns3:cad>85</ns3:cad>
          </ns3:TrackPointExtension>
        </extensions>
      </trkpt>
      <trkpt lat="37.47157640755176544189453125" lon="126.9592890702188014984130859375">
        <ele>68</ele>
        <time>2026-06-01T23:47:46.000Z</time>
        <extensions>
          <ns3:TrackPointExtension>
            <ns3:hr>144</ns3:hr>
            <ns3:cad>85</ns3:cad>
          </ns3:TrackPointExtension>
        </extensions>
      </trkpt>
      <trkpt lat="37.471546567976474761962890625" lon="126.9593046605587005615234375">
        <ele>68.1999969482421875</ele>
        <time>2026-06-01T23:47:47.000Z</time>
        <extensions>
          <ns3:TrackPointExtension>
            <ns3:hr>144</ns3:hr>
            <ns3:cad>85</ns3:cad>
          </ns3:TrackPointExtension>
        </extensions>
      </trkpt>
      <trkpt lat="37.4715148843824863433837890625" lon="126.9593075104057788848876953125">
        <ele>68.1999969482421875</ele>
        <time>2026-06-01T23:47:48.000Z</time>
        <extensions>
          <ns3:TrackPointExtension>
            <ns3:hr>144</ns3:hr>
            <ns3:cad>85</ns3:cad>
          </ns3:TrackPointExtension>
        </extensions>
      </trkpt>
      <trkpt lat="37.47149267233908176422119140625" lon="126.9593142159283161163330078125">
        <ele>68.1999969482421875</ele>
        <time>2026-06-01T23:47:49.000Z</time>
        <extensions>
          <ns3:TrackPointExtension>
            <ns3:hr>144</ns3:hr>
            <ns3:cad>86</ns3:cad>
          </ns3:TrackPointExtension>
        </extensions>
      </trkpt>
      <trkpt lat="37.471456043422222137451171875" lon="126.95932636968791484832763671875">
        <ele>68.40000152587890625</ele>
        <time>2026-06-01T23:47:50.000Z</time>
        <extensions>
          <ns3:TrackPointExtension>
            <ns3:hr>144</ns3:hr>
            <ns3:cad>86</ns3:cad>
          </ns3:TrackPointExtension>
        </extensions>
      </trkpt>
      <trkpt lat="37.47143701650202274322509765625" lon="126.95933810435235500335693359375">
        <ele>68.59999847412109375</ele>
        <time>2026-06-01T23:47:51.000Z</time>
        <extensions>
          <ns3:TrackPointExtension>
            <ns3:hr>144</ns3:hr>
            <ns3:cad>85</ns3:cad>
          </ns3:TrackPointExtension>
        </extensions>
      </trkpt>
      <trkpt lat="37.47140985913574695587158203125" lon="126.95935721509158611297607421875">
        <ele>68.59999847412109375</ele>
        <time>2026-06-01T23:47:52.000Z</time>
        <extensions>
          <ns3:TrackPointExtension>
            <ns3:hr>145</ns3:hr>
            <ns3:cad>85</ns3:cad>
          </ns3:TrackPointExtension>
        </extensions>
      </trkpt>
      <trkpt lat="37.47138270176947116851806640625" lon="126.95937649346888065338134765625">
        <ele>68.8000030517578125</ele>
        <time>2026-06-01T23:47:53.000Z</time>
        <extensions>
          <ns3:TrackPointExtension>
            <ns3:hr>145</ns3:hr>
            <ns3:cad>85</ns3:cad>
          </ns3:TrackPointExtension>
        </extensions>
      </trkpt>
      <trkpt lat="37.47135705314576625823974609375" lon="126.95938789285719394683837890625">
        <ele>68.8000030517578125</ele>
        <time>2026-06-01T23:47:54.000Z</time>
        <extensions>
          <ns3:TrackPointExtension>
            <ns3:hr>145</ns3:hr>
            <ns3:cad>85</ns3:cad>
          </ns3:TrackPointExtension>
        </extensions>
      </trkpt>
      <trkpt lat="37.47132134623825550079345703125" lon="126.95939426310360431671142578125">
        <ele>69</ele>
        <time>2026-06-01T23:47:55.000Z</time>
        <extensions>
          <ns3:TrackPointExtension>
            <ns3:hr>145</ns3:hr>
            <ns3:cad>85</ns3:cad>
          </ns3:TrackPointExtension>
        </extensions>
      </trkpt>
      <trkpt lat="37.47129603289067745208740234375" lon="126.9593923352658748626708984375">
        <ele>69</ele>
        <time>2026-06-01T23:47:56.000Z</time>
        <extensions>
          <ns3:TrackPointExtension>
            <ns3:hr>146</ns3:hr>
            <ns3:cad>85</ns3:cad>
          </ns3:TrackPointExtension>
        </extensions>
      </trkpt>
      <trkpt lat="37.47125965543091297149658203125" lon="126.95937666110694408416748046875">
        <ele>69</ele>
        <time>2026-06-01T23:47:57.000Z</time>
        <extensions>
          <ns3:TrackPointExtension>
            <ns3:hr>146</ns3:hr>
            <ns3:cad>85</ns3:cad>
          </ns3:TrackPointExtension>
        </extensions>
      </trkpt>
      <trkpt lat="37.47123501263558864593505859375" lon="126.95936928503215312957763671875">
        <ele>69</ele>
        <time>2026-06-01T23:47:58.000Z</time>
        <extensions>
          <ns3:TrackPointExtension>
            <ns3:hr>146</ns3:hr>
            <ns3:cad>85</ns3:cad>
          </ns3:TrackPointExtension>
        </extensions>
      </trkpt>
      <trkpt lat="37.47120014391839504241943359375" lon="126.9593561254441738128662109375">
        <ele>69</ele>
        <time>2026-06-01T23:47:59.000Z</time>
        <extensions>
          <ns3:TrackPointExtension>
            <ns3:hr>146</ns3:hr>
            <ns3:cad>85</ns3:cad>
          </ns3:TrackPointExtension>
        </extensions>
      </trkpt>
      <trkpt lat="37.47117047198116779327392578125" lon="126.9593423791229724884033203125">
        <ele>69.1999969482421875</ele>
        <time>2026-06-01T23:48:00.000Z</time>
        <extensions>
          <ns3:TrackPointExtension>
            <ns3:hr>145</ns3:hr>
            <ns3:cad>86</ns3:cad>
          </ns3:TrackPointExtension>
        </extensions>
      </trkpt>
      <trkpt lat="37.471143901348114013671875" lon="126.95933156646788120269775390625">
        <ele>69.1999969482421875</ele>
        <time>2026-06-01T23:48:01.000Z</time>
        <extensions>
          <ns3:TrackPointExtension>
            <ns3:hr>146</ns3:hr>
            <ns3:cad>86</ns3:cad>
          </ns3:TrackPointExtension>
        </extensions>
      </trkpt>
      <trkpt lat="37.4711130559444427490234375" lon="126.95930306799709796905517578125">
        <ele>69.1999969482421875</ele>
        <time>2026-06-01T23:48:02.000Z</time>
        <extensions>
          <ns3:TrackPointExtension>
            <ns3:hr>146</ns3:hr>
            <ns3:cad>86</ns3:cad>
          </ns3:TrackPointExtension>
        </extensions>
      </trkpt>
      <trkpt lat="37.47109201736748218536376953125" lon="126.9592952728271484375">
        <ele>69.1999969482421875</ele>
        <time>2026-06-01T23:48:03.000Z</time>
        <extensions>
          <ns3:TrackPointExtension>
            <ns3:hr>146</ns3:hr>
            <ns3:cad>86</ns3:cad>
          </ns3:TrackPointExtension>
        </extensions>
      </trkpt>
      <trkpt lat="37.471063770353794097900390625" lon="126.95926333777606487274169921875">
        <ele>69.1999969482421875</ele>
        <time>2026-06-01T23:48:04.000Z</time>
        <extensions>
          <ns3:TrackPointExtension>
            <ns3:hr>146</ns3:hr>
            <ns3:cad>86</ns3:cad>
          </ns3:TrackPointExtension>
        </extensions>
      </trkpt>
      <trkpt lat="37.47104088775813579559326171875" lon="126.959241293370723724365234375">
        <ele>69.1999969482421875</ele>
        <time>2026-06-01T23:48:05.000Z</time>
        <extensions>
          <ns3:TrackPointExtension>
            <ns3:hr>146</ns3:hr>
            <ns3:cad>86</ns3:cad>
          </ns3:TrackPointExtension>
        </extensions>
      </trkpt>
      <trkpt lat="37.471014149487018585205078125" lon="126.9592139683663845062255859375">
        <ele>69.1999969482421875</ele>
        <time>2026-06-01T23:48:06.000Z</time>
        <extensions>
          <ns3:TrackPointExtension>
            <ns3:hr>147</ns3:hr>
            <ns3:cad>86</ns3:cad>
          </ns3:TrackPointExtension>
        </extensions>
      </trkpt>
      <trkpt lat="37.470997385680675506591796875" lon="126.95918060839176177978515625">
        <ele>69.1999969482421875</ele>
        <time>2026-06-01T23:48:07.000Z</time>
        <extensions>
          <ns3:TrackPointExtension>
            <ns3:hr>147</ns3:hr>
            <ns3:cad>86</ns3:cad>
          </ns3:TrackPointExtension>
        </extensions>
      </trkpt>
      <trkpt lat="37.47097685001790523529052734375" lon="126.95915839634835720062255859375">
        <ele>69.1999969482421875</ele>
        <time>2026-06-01T23:48:08.000Z</time>
        <extensions>
          <ns3:TrackPointExtension>
            <ns3:hr>147</ns3:hr>
            <ns3:cad>86</ns3:cad>
          </ns3:TrackPointExtension>
        </extensions>
      </trkpt>
      <trkpt lat="37.47095606289803981781005859375" lon="126.95912185125052928924560546875">
        <ele>69</ele>
        <time>2026-06-01T23:48:09.000Z</time>
        <extensions>
          <ns3:TrackPointExtension>
            <ns3:hr>147</ns3:hr>
            <ns3:cad>86</ns3:cad>
          </ns3:TrackPointExtension>
        </extensions>
      </trkpt>
      <trkpt lat="37.47094072401523590087890625" lon="126.95910089649260044097900390625">
        <ele>69</ele>
        <time>2026-06-01T23:48:10.000Z</time>
        <extensions>
          <ns3:TrackPointExtension>
            <ns3:hr>147</ns3:hr>
            <ns3:cad>86</ns3:cad>
          </ns3:TrackPointExtension>
        </extensions>
      </trkpt>
      <trkpt lat="37.4709170870482921600341796875" lon="126.95905731059610843658447265625">
        <ele>69.1999969482421875</ele>
        <time>2026-06-01T23:48:11.000Z</time>
        <extensions>
          <ns3:TrackPointExtension>
            <ns3:hr>147</ns3:hr>
            <ns3:cad>86</ns3:cad>
          </ns3:TrackPointExtension>
        </extensions>
      </trkpt>
      <trkpt lat="37.4708986468613147735595703125" lon="126.95903250016272068023681640625">
        <ele>69.40000152587890625</ele>
        <time>2026-06-01T23:48:12.000Z</time>
        <extensions>
          <ns3:TrackPointExtension>
            <ns3:hr>147</ns3:hr>
            <ns3:cad>86</ns3:cad>
          </ns3:TrackPointExtension>
        </extensions>
      </trkpt>
      <trkpt lat="37.4708775244653224945068359375" lon="126.9590060971677303314208984375">
        <ele>69.40000152587890625</ele>
        <time>2026-06-01T23:48:13.000Z</time>
        <extensions>
          <ns3:TrackPointExtension>
            <ns3:hr>147</ns3:hr>
            <ns3:cad>86</ns3:cad>
          </ns3:TrackPointExtension>
        </extensions>
      </trkpt>
      <trkpt lat="37.47086067683994770050048828125" lon="126.9589749164879322052001953125">
        <ele>69.59999847412109375</ele>
        <time>2026-06-01T23:48:14.000Z</time>
        <extensions>
          <ns3:TrackPointExtension>
            <ns3:hr>147</ns3:hr>
            <ns3:cad>86</ns3:cad>
          </ns3:TrackPointExtension>
        </extensions>
      </trkpt>
      <trkpt lat="37.4708419851958751678466796875" lon="126.95895806886255741119384765625">
        <ele>69.8000030517578125</ele>
        <time>2026-06-01T23:48:15.000Z</time>
        <extensions>
          <ns3:TrackPointExtension>
            <ns3:hr>147</ns3:hr>
            <ns3:cad>86</ns3:cad>
          </ns3:TrackPointExtension>
        </extensions>
      </trkpt>
      <trkpt lat="37.47082212008535861968994140625" lon="126.9589202664792537689208984375">
        <ele>69.8000030517578125</ele>
        <time>2026-06-01T23:48:16.000Z</time>
        <extensions>
          <ns3:TrackPointExtension>
            <ns3:hr>147</ns3:hr>
            <ns3:cad>85</ns3:cad>
          </ns3:TrackPointExtension>
        </extensions>
      </trkpt>
      <trkpt lat="37.4708057753741741180419921875" lon="126.95889939554035663604736328125">
        <ele>69.8000030517578125</ele>
        <time>2026-06-01T23:48:17.000Z</time>
        <extensions>
          <ns3:TrackPointExtension>
            <ns3:hr>148</ns3:hr>
            <ns3:cad>85</ns3:cad>
          </ns3:TrackPointExtension>
        </extensions>
      </trkpt>
      <trkpt lat="37.470781467854976654052734375" lon="126.95886469446122646331787109375">
        <ele>70</ele>
        <time>2026-06-01T23:48:18.000Z</time>
        <extensions>
          <ns3:TrackPointExtension>
            <ns3:hr>148</ns3:hr>
            <ns3:cad>85</ns3:cad>
          </ns3:TrackPointExtension>
        </extensions>
      </trkpt>
      <trkpt lat="37.47076445259153842926025390625" lon="126.95883267559111118316650390625">
        <ele>70</ele>
        <time>2026-06-01T23:48:19.000Z</time>
        <extensions>
          <ns3:TrackPointExtension>
            <ns3:hr>148</ns3:hr>
            <ns3:cad>85</ns3:cad>
          </ns3:TrackPointExtension>
        </extensions>
      </trkpt>
      <trkpt lat="37.47074668295681476593017578125" lon="126.95880367420613765716552734375">
        <ele>70.1999969482421875</ele>
        <time>2026-06-01T23:48:20.000Z</time>
        <extensions>
          <ns3:TrackPointExtension>
            <ns3:hr>148</ns3:hr>
            <ns3:cad>85</ns3:cad>
          </ns3:TrackPointExtension>
        </extensions>
      </trkpt>
      <trkpt lat="37.47072807513177394866943359375" lon="126.95876427926123142242431640625">
        <ele>70.1999969482421875</ele>
        <time>2026-06-01T23:48:21.000Z</time>
        <extensions>
          <ns3:TrackPointExtension>
            <ns3:hr>148</ns3:hr>
            <ns3:cad>85</ns3:cad>
          </ns3:TrackPointExtension>
        </extensions>
      </trkpt>
      <trkpt lat="37.470714412629604339599609375" lon="126.95874315686523914337158203125">
        <ele>70.40000152587890625</ele>
        <time>2026-06-01T23:48:22.000Z</time>
        <extensions>
          <ns3:TrackPointExtension>
            <ns3:hr>148</ns3:hr>
            <ns3:cad>85</ns3:cad>
          </ns3:TrackPointExtension>
        </extensions>
      </trkpt>
      <trkpt lat="37.47069421224296092987060546875" lon="126.9587063603103160858154296875">
        <ele>70.59999847412109375</ele>
        <time>2026-06-01T23:48:23.000Z</time>
        <extensions>
          <ns3:TrackPointExtension>
            <ns3:hr>149</ns3:hr>
            <ns3:cad>85</ns3:cad>
          </ns3:TrackPointExtension>
        </extensions>
      </trkpt>
      <trkpt lat="37.47067862190306186676025390625" lon="126.95868305861949920654296875">
        <ele>70.59999847412109375</ele>
        <time>2026-06-01T23:48:24.000Z</time>
        <extensions>
          <ns3:TrackPointExtension>
            <ns3:hr>149</ns3:hr>
            <ns3:cad>85</ns3:cad>
          </ns3:TrackPointExtension>
        </extensions>
      </trkpt>
      <trkpt lat="37.470660097897052764892578125" lon="126.9586507044732570648193359375">
        <ele>70.40000152587890625</ele>
        <time>2026-06-01T23:48:25.000Z</time>
        <extensions>
          <ns3:TrackPointExtension>
            <ns3:hr>149</ns3:hr>
            <ns3:cad>85</ns3:cad>
          </ns3:TrackPointExtension>
        </extensions>
      </trkpt>
      <trkpt lat="37.470644675195217132568359375" lon="126.95862044580280780792236328125">
        <ele>70.40000152587890625</ele>
        <time>2026-06-01T23:48:26.000Z</time>
        <extensions>
          <ns3:TrackPointExtension>
            <ns3:hr>149</ns3:hr>
            <ns3:cad>86</ns3:cad>
          </ns3:TrackPointExtension>
        </extensions>
      </trkpt>
      <trkpt lat="37.47063151560723781585693359375" lon="126.95859697647392749786376953125">
        <ele>70.59999847412109375</ele>
        <time>2026-06-01T23:48:27.000Z</time>
        <extensions>
          <ns3:TrackPointExtension>
            <ns3:hr>149</ns3:hr>
            <ns3:cad>86</ns3:cad>
          </ns3:TrackPointExtension>
        </extensions>
      </trkpt>
      <trkpt lat="37.47061424888670444488525390625" lon="126.95856126956641674041748046875">
        <ele>70.59999847412109375</ele>
        <time>2026-06-01T23:48:28.000Z</time>
        <extensions>
          <ns3:TrackPointExtension>
            <ns3:hr>149</ns3:hr>
            <ns3:cad>85</ns3:cad>
          </ns3:TrackPointExtension>
        </extensions>
      </trkpt>
      <trkpt lat="37.470597736537456512451171875" lon="126.95854199118912220001220703125">
        <ele>70.59999847412109375</ele>
        <time>2026-06-01T23:48:29.000Z</time>
        <extensions>
          <ns3:TrackPointExtension>
            <ns3:hr>149</ns3:hr>
            <ns3:cad>85</ns3:cad>
          </ns3:TrackPointExtension>
        </extensions>
      </trkpt>
      <trkpt lat="37.470572255551815032958984375" lon="126.95850712247192859649658203125">
        <ele>70.8000030517578125</ele>
        <time>2026-06-01T23:48:30.000Z</time>
        <extensions>
          <ns3:TrackPointExtension>
            <ns3:hr>150</ns3:hr>
            <ns3:cad>85</ns3:cad>
          </ns3:TrackPointExtension>
        </extensions>
      </trkpt>
      <trkpt lat="37.47055222280323505401611328125" lon="126.9584785401821136474609375">
        <ele>70.8000030517578125</ele>
        <time>2026-06-01T23:48:31.000Z</time>
        <extensions>
          <ns3:TrackPointExtension>
            <ns3:hr>150</ns3:hr>
            <ns3:cad>85</ns3:cad>
          </ns3:TrackPointExtension>
        </extensions>
      </trkpt>
      <trkpt lat="37.4705298431217670440673828125" lon="126.95844392292201519012451171875">
        <ele>70.8000030517578125</ele>
        <time>2026-06-01T23:48:32.000Z</time>
        <extensions>
          <ns3:TrackPointExtension>
            <ns3:hr>150</ns3:hr>
            <ns3:cad>85</ns3:cad>
          </ns3:TrackPointExtension>
        </extensions>
      </trkpt>
      <trkpt lat="37.47052439488470554351806640625" lon="126.95840184576809406280517578125">
        <ele>71</ele>
        <time>2026-06-01T23:48:33.000Z</time>
        <extensions>
          <ns3:TrackPointExtension>
            <ns3:hr>150</ns3:hr>
            <ns3:cad>85</ns3:cad>
          </ns3:TrackPointExtension>
        </extensions>
      </trkpt>
      <trkpt lat="37.47052967548370361328125" lon="126.95836882106959819793701171875">
        <ele>71</ele>
        <time>2026-06-01T23:48:34.000Z</time>
        <extensions>
          <ns3:TrackPointExtension>
            <ns3:hr>150</ns3:hr>
            <ns3:cad>85</ns3:cad>
          </ns3:TrackPointExtension>
        </extensions>
      </trkpt>
      <trkpt lat="37.47055289335548877716064453125" lon="126.9583452679216861724853515625">
        <ele>71</ele>
        <time>2026-06-01T23:48:35.000Z</time>
        <extensions>
          <ns3:TrackPointExtension>
            <ns3:hr>150</ns3:hr>
            <ns3:cad>85</ns3:cad>
          </ns3:TrackPointExtension>
        </extensions>
      </trkpt>
      <trkpt lat="37.47057720087468624114990234375" lon="126.95833177305757999420166015625">
        <ele>71</ele>
        <time>2026-06-01T23:48:36.000Z</time>
        <extensions>
          <ns3:TrackPointExtension>
            <ns3:hr>150</ns3:hr>
            <ns3:cad>85</ns3:cad>
          </ns3:TrackPointExtension>
        </extensions>
      </trkpt>
      <trkpt lat="37.47061039321124553680419921875" lon="126.95832632482051849365234375">
        <ele>71</ele>
        <time>2026-06-01T23:48:37.000Z</time>
        <extensions>
          <ns3:TrackPointExtension>
            <ns3:hr>150</ns3:hr>
            <ns3:cad>85</ns3:cad>
          </ns3:TrackPointExtension>
        </extensions>
      </trkpt>
      <trkpt lat="37.4706414900720119476318359375" lon="126.9583315216004848480224609375">
        <ele>71</ele>
        <time>2026-06-01T23:48:38.000Z</time>
        <extensions>
          <ns3:TrackPointExtension>
            <ns3:hr>150</ns3:hr>
            <ns3:cad>85</ns3:cad>
          </ns3:TrackPointExtension>
        </extensions>
      </trkpt>
      <trkpt lat="37.4706704914569854736328125" lon="126.95833931677043437957763671875">
        <ele>70.8000030517578125</ele>
        <time>2026-06-01T23:48:39.000Z</time>
        <extensions>
          <ns3:TrackPointExtension>
            <ns3:hr>150</ns3:hr>
            <ns3:cad>85</ns3:cad>
          </ns3:TrackPointExtension>
        </extensions>
      </trkpt>
      <trkpt lat="37.47070376761257648468017578125" lon="126.9583586789667606353759765625">
        <ele>70.8000030517578125</ele>
        <time>2026-06-01T23:48:40.000Z</time>
        <extensions>
          <ns3:TrackPointExtension>
            <ns3:hr>150</ns3:hr>
            <ns3:cad>85</ns3:cad>
          </ns3:TrackPointExtension>
        </extensions>
      </trkpt>
      <trkpt lat="37.47072958387434482574462890625" lon="126.958364881575107574462890625">
        <ele>70.8000030517578125</ele>
        <time>2026-06-01T23:48:41.000Z</time>
        <extensions>
          <ns3:TrackPointExtension>
            <ns3:hr>150</ns3:hr>
            <ns3:cad>85</ns3:cad>
          </ns3:TrackPointExtension>
        </extensions>
      </trkpt>
      <trkpt lat="37.4707692302763462066650390625" lon="126.95838843472301959991455078125">
        <ele>70.8000030517578125</ele>
        <time>2026-06-01T23:48:42.000Z</time>
        <extensions>
          <ns3:TrackPointExtension>
            <ns3:hr>150</ns3:hr>
            <ns3:cad>85</ns3:cad>
          </ns3:TrackPointExtension>
        </extensions>
      </trkpt>
      <trkpt lat="37.47079546563327312469482421875" lon="126.9583918713033199310302734375">
        <ele>70.59999847412109375</ele>
        <time>2026-06-01T23:48:43.000Z</time>
        <extensions>
          <ns3:TrackPointExtension>
            <ns3:hr>150</ns3:hr>
            <ns3:cad>86</ns3:cad>
          </ns3:TrackPointExtension>
        </extensions>
      </trkpt>
      <trkpt lat="37.47082899324595928192138671875" lon="126.95840503089129924774169921875">
        <ele>70.59999847412109375</ele>
        <time>2026-06-01T23:48:44.000Z</time>
        <extensions>
          <ns3:TrackPointExtension>
            <ns3:hr>150</ns3:hr>
            <ns3:cad>86</ns3:cad>
          </ns3:TrackPointExtension>
        </extensions>
      </trkpt>
      <trkpt lat="37.4708584137260913848876953125" lon="126.9584139995276927947998046875">
        <ele>70.59999847412109375</ele>
        <time>2026-06-01T23:48:45.000Z</time>
        <extensions>
          <ns3:TrackPointExtension>
            <ns3:hr>150</ns3:hr>
            <ns3:cad>86</ns3:cad>
          </ns3:TrackPointExtension>
        </extensions>
      </trkpt>
      <trkpt lat="37.4708798713982105255126953125" lon="126.9584196992218494415283203125">
        <ele>70.59999847412109375</ele>
        <time>2026-06-01T23:48:46.000Z</time>
        <extensions>
          <ns3:TrackPointExtension>
            <ns3:hr>150</ns3:hr>
            <ns3:cad>86</ns3:cad>
          </ns3:TrackPointExtension>
        </extensions>
      </trkpt>
      <trkpt lat="37.4709150753915309906005859375" lon="126.95844073779881000518798828125">
        <ele>70.40000152587890625</ele>
        <time>2026-06-01T23:48:47.000Z</time>
        <extensions>
          <ns3:TrackPointExtension>
            <ns3:hr>150</ns3:hr>
            <ns3:cad>86</ns3:cad>
          </ns3:TrackPointExtension>
        </extensions>
      </trkpt>
      <trkpt lat="37.47093812562525272369384765625" lon="126.95844979025423526763916015625">
        <ele>70.1999969482421875</ele>
        <time>2026-06-01T23:48:48.000Z</time>
        <extensions>
          <ns3:TrackPointExtension>
            <ns3:hr>150</ns3:hr>
            <ns3:cad>86</ns3:cad>
          </ns3:TrackPointExtension>
        </extensions>
      </trkpt>
      <trkpt lat="37.47097785584628582000732421875" lon="126.95847116410732269287109375">
        <ele>70.1999969482421875</ele>
        <time>2026-06-01T23:48:49.000Z</time>
        <extensions>
          <ns3:TrackPointExtension>
            <ns3:hr>150</ns3:hr>
            <ns3:cad>85</ns3:cad>
          </ns3:TrackPointExtension>
        </extensions>
      </trkpt>
      <trkpt lat="37.4710030853748321533203125" lon="126.95847627706825733184814453125">
        <ele>70.1999969482421875</ele>
        <time>2026-06-01T23:48:50.000Z</time>
        <extensions>
          <ns3:TrackPointExtension>
            <ns3:hr>151</ns3:hr>
            <ns3:cad>85</ns3:cad>
          </ns3:TrackPointExtension>
        </extensions>
      </trkpt>
      <trkpt lat="37.4710367806255817413330078125" lon="126.9584834016859531402587890625">
        <ele>70</ele>
        <time>2026-06-01T23:48:51.000Z</time>
        <extensions>
          <ns3:TrackPointExtension>
            <ns3:hr>151</ns3:hr>
            <ns3:cad>85</ns3:cad>
          </ns3:TrackPointExtension>
        </extensions>
      </trkpt>
      <trkpt lat="37.47106251306831836700439453125" lon="126.958489604294300079345703125">
        <ele>70</ele>
        <time>2026-06-01T23:48:52.000Z</time>
        <extensions>
          <ns3:TrackPointExtension>
            <ns3:hr>151</ns3:hr>
            <ns3:cad>85</ns3:cad>
          </ns3:TrackPointExtension>
        </extensions>
      </trkpt>
      <trkpt lat="37.4710877425968647003173828125" lon="126.95849320851266384124755859375">
        <ele>70</ele>
        <time>2026-06-01T23:48:53.000Z</time>
        <extensions>
          <ns3:TrackPointExtension>
            <ns3:hr>150</ns3:hr>
            <ns3:cad>85</ns3:cad>
          </ns3:TrackPointExtension>
        </extensions>
      </trkpt>
      <trkpt lat="37.471120767295360565185546875" lon="126.9585058651864528656005859375">
        <ele>70</ele>
        <time>2026-06-01T23:48:54.000Z</time>
        <extensions>
          <ns3:TrackPointExtension>
            <ns3:hr>150</ns3:hr>
            <ns3:cad>85</ns3:cad>
          </ns3:TrackPointExtension>
        </extensions>
      </trkpt>
      <trkpt lat="37.47114197351038455963134765625" lon="126.9585108943283557891845703125">
        <ele>70</ele>
        <time>2026-06-01T23:48:55.000Z</time>
        <extensions>
          <ns3:TrackPointExtension>
            <ns3:hr>150</ns3:hr>
            <ns3:cad>85</ns3:cad>
          </ns3:TrackPointExtension>
        </extensions>
      </trkpt>
      <trkpt lat="37.47118153609335422515869140625" lon="126.95852556265890598297119140625">
        <ele>70</ele>
        <time>2026-06-01T23:48:56.000Z</time>
        <extensions>
          <ns3:TrackPointExtension>
            <ns3:hr>150</ns3:hr>
            <ns3:cad>85</ns3:cad>
          </ns3:TrackPointExtension>
        </extensions>
      </trkpt>
      <trkpt lat="37.4712040834128856658935546875" lon="126.95852338336408138275146484375">
        <ele>70.1999969482421875</ele>
        <time>2026-06-01T23:48:57.000Z</time>
        <extensions>
          <ns3:TrackPointExtension>
            <ns3:hr>150</ns3:hr>
            <ns3:cad>86</ns3:cad>
          </ns3:TrackPointExtension>
        </extensions>
      </trkpt>
      <trkpt lat="37.4712409637868404388427734375" lon="126.9585273228585720062255859375">
        <ele>70.1999969482421875</ele>
        <time>2026-06-01T23:48:58.000Z</time>
        <extensions>
          <ns3:TrackPointExtension>
            <ns3:hr>151</ns3:hr>
            <ns3:cad>86</ns3:cad>
          </ns3:TrackPointExtension>
        </extensions>
      </trkpt>
      <trkpt lat="37.47126719914376735687255859375" lon="126.9585222937166690826416015625">
        <ele>70</ele>
        <time>2026-06-01T23:48:59.000Z</time>
        <extensions>
          <ns3:TrackPointExtension>
            <ns3:hr>150</ns3:hr>
            <ns3:cad>86</ns3:cad>
          </ns3:TrackPointExtension>
        </extensions>
      </trkpt>
      <trkpt lat="37.47129452414810657501220703125" lon="126.9585222937166690826416015625">
        <ele>69.8000030517578125</ele>
        <time>2026-06-01T23:49:00.000Z</time>
        <extensions>
          <ns3:TrackPointExtension>
            <ns3:hr>150</ns3:hr>
            <ns3:cad>86</ns3:cad>
          </ns3:TrackPointExtension>
        </extensions>
      </trkpt>
      <trkpt lat="37.47132830321788787841796875" lon="126.95852958597242832183837890625">
        <ele>69.8000030517578125</ele>
        <time>2026-06-01T23:49:01.000Z</time>
        <extensions>
          <ns3:TrackPointExtension>
            <ns3:hr>150</ns3:hr>
            <ns3:cad>86</ns3:cad>
          </ns3:TrackPointExtension>
        </extensions>
      </trkpt>
      <trkpt lat="37.4713505990803241729736328125" lon="126.9585268199443817138671875">
        <ele>69.59999847412109375</ele>
        <time>2026-06-01T23:49:02.000Z</time>
        <extensions>
          <ns3:TrackPointExtension>
            <ns3:hr>150</ns3:hr>
            <ns3:cad>86</ns3:cad>
          </ns3:TrackPointExtension>
        </extensions>
      </trkpt>
      <trkpt lat="37.47138731181621551513671875" lon="126.958533860743045806884765625">
        <ele>69.59999847412109375</ele>
        <time>2026-06-01T23:49:03.000Z</time>
        <extensions>
          <ns3:TrackPointExtension>
            <ns3:hr>150</ns3:hr>
            <ns3:cad>86</ns3:cad>
          </ns3:TrackPointExtension>
        </extensions>
      </trkpt>
      <trkpt lat="37.47141103260219097137451171875" lon="126.95853176526725292205810546875">
        <ele>69.59999847412109375</ele>
        <time>2026-06-01T23:49:04.000Z</time>
        <extensions>
          <ns3:TrackPointExtension>
            <ns3:hr>150</ns3:hr>
            <ns3:cad>86</ns3:cad>
          </ns3:TrackPointExtension>
        </extensions>
      </trkpt>
      <trkpt lat="37.4714528582990169525146484375" lon="126.95853813551366329193115234375">
        <ele>69.59999847412109375</ele>
        <time>2026-06-01T23:49:05.000Z</time>
        <extensions>
          <ns3:TrackPointExtension>
            <ns3:hr>150</ns3:hr>
            <ns3:cad>86</ns3:cad>
          </ns3:TrackPointExtension>
        </extensions>
      </trkpt>
      <trkpt lat="37.4714823625981807708740234375" lon="126.95854148827493190765380859375">
        <ele>69.59999847412109375</ele>
        <time>2026-06-01T23:49:06.000Z</time>
        <extensions>
          <ns3:TrackPointExtension>
            <ns3:hr>150</ns3:hr>
            <ns3:cad>86</ns3:cad>
          </ns3:TrackPointExtension>
        </extensions>
      </trkpt>
      <trkpt lat="37.471517063677310943603515625" lon="126.95855028927326202392578125">
        <ele>69.40000152587890625</ele>
        <time>2026-06-01T23:49:07.000Z</time>
        <extensions>
          <ns3:TrackPointExtension>
            <ns3:hr>150</ns3:hr>
            <ns3:cad>86</ns3:cad>
          </ns3:TrackPointExtension>
        </extensions>
      </trkpt>
      <trkpt lat="37.4715514294803142547607421875" lon="126.95856261067092418670654296875">
        <ele>69.1999969482421875</ele>
        <time>2026-06-01T23:49:08.000Z</time>
        <extensions>
          <ns3:TrackPointExtension>
            <ns3:hr>150</ns3:hr>
            <ns3:cad>86</ns3:cad>
          </ns3:TrackPointExtension>
        </extensions>
      </trkpt>
      <trkpt lat="37.4715765751898288726806640625" lon="126.95856965146958827972412109375">
        <ele>69</ele>
        <time>2026-06-01T23:49:09.000Z</time>
        <extensions>
          <ns3:TrackPointExtension>
            <ns3:hr>150</ns3:hr>
            <ns3:cad>86</ns3:cad>
          </ns3:TrackPointExtension>
        </extensions>
      </trkpt>
      <trkpt lat="37.471609599888324737548828125" lon="126.958587169647216796875">
        <ele>69</ele>
        <time>2026-06-01T23:49:10.000Z</time>
        <extensions>
          <ns3:TrackPointExtension>
            <ns3:hr>150</ns3:hr>
            <ns3:cad>86</ns3:cad>
          </ns3:TrackPointExtension>
        </extensions>
      </trkpt>
      <trkpt lat="37.47163063846528530120849609375" lon="126.95858909748494625091552734375">
        <ele>68.8000030517578125</ele>
        <time>2026-06-01T23:49:11.000Z</time>
        <extensions>
          <ns3:TrackPointExtension>
            <ns3:hr>149</ns3:hr>
            <ns3:cad>86</ns3:cad>
          </ns3:TrackPointExtension>
        </extensions>
      </trkpt>
      <trkpt lat="37.471667267382144927978515625" lon="126.9586084596812725067138671875">
        <ele>68.8000030517578125</ele>
        <time>2026-06-01T23:49:12.000Z</time>
        <extensions>
          <ns3:TrackPointExtension>
            <ns3:hr>150</ns3:hr>
            <ns3:cad>86</ns3:cad>
          </ns3:TrackPointExtension>
        </extensions>
      </trkpt>
      <trkpt lat="37.4716915749013423919677734375" lon="126.95861063897609710693359375">
        <ele>68.8000030517578125</ele>
        <time>2026-06-01T23:49:13.000Z</time>
        <extensions>
          <ns3:TrackPointExtension>
            <ns3:hr>150</ns3:hr>
            <ns3:cad>86</ns3:cad>
          </ns3:TrackPointExtension>
        </extensions>
      </trkpt>
      <trkpt lat="37.47172401286661624908447265625" lon="126.95862145163118839263916015625">
        <ele>68.8000030517578125</ele>
        <time>2026-06-01T23:49:14.000Z</time>
        <extensions>
          <ns3:TrackPointExtension>
            <ns3:hr>149</ns3:hr>
            <ns3:cad>85</ns3:cad>
          </ns3:TrackPointExtension>
        </extensions>
      </trkpt>
      <trkpt lat="37.47175301425158977508544921875" lon="126.95863335393369197845458984375">
        <ele>68.8000030517578125</ele>
        <time>2026-06-01T23:49:15.000Z</time>
        <extensions>
          <ns3:TrackPointExtension>
            <ns3:hr>149</ns3:hr>
            <ns3:cad>85</ns3:cad>
          </ns3:TrackPointExtension>
        </extensions>
      </trkpt>
      <trkpt lat="37.471778579056262969970703125" lon="126.95864156819880008697509765625">
        <ele>68.59999847412109375</ele>
        <time>2026-06-01T23:49:16.000Z</time>
        <extensions>
          <ns3:TrackPointExtension>
            <ns3:hr>149</ns3:hr>
            <ns3:cad>85</ns3:cad>
          </ns3:TrackPointExtension>
        </extensions>
      </trkpt>
      <trkpt lat="37.4718104302883148193359375" lon="126.95866118185222148895263671875">
        <ele>68.40000152587890625</ele>
        <time>2026-06-01T23:49:17.000Z</time>
        <extensions>
          <ns3:TrackPointExtension>
            <ns3:hr>149</ns3:hr>
            <ns3:cad>86</ns3:cad>
          </ns3:TrackPointExtension>
        </extensions>
      </trkpt>
      <trkpt lat="37.471836246550083160400390625" lon="126.95866906084120273590087890625">
        <ele>68.40000152587890625</ele>
        <time>2026-06-01T23:49:18.000Z</time>
        <extensions>
          <ns3:TrackPointExtension>
            <ns3:hr>148</ns3:hr>
            <ns3:cad>86</ns3:cad>
          </ns3:TrackPointExtension>
        </extensions>
      </trkpt>
      <trkpt lat="37.47187639586627483367919921875" lon="126.95868783630430698394775390625">
        <ele>68.1999969482421875</ele>
        <time>2026-06-01T23:49:19.000Z</time>
        <extensions>
          <ns3:TrackPointExtension>
            <ns3:hr>148</ns3:hr>
            <ns3:cad>86</ns3:cad>
          </ns3:TrackPointExtension>
        </extensions>
      </trkpt>
      <trkpt lat="37.47190154157578945159912109375" lon="126.95868649519979953765869140625">
        <ele>68</ele>
        <time>2026-06-01T23:49:20.000Z</time>
        <extensions>
          <ns3:TrackPointExtension>
            <ns3:hr>148</ns3:hr>
            <ns3:cad>86</ns3:cad>
          </ns3:TrackPointExtension>
        </extensions>
      </trkpt>
      <trkpt lat="37.47194378636777400970458984375" lon="126.95869521237909793853759765625">
        <ele>67.8000030517578125</ele>
        <time>2026-06-01T23:49:21.000Z</time>
        <extensions>
          <ns3:TrackPointExtension>
            <ns3:hr>148</ns3:hr>
            <ns3:cad>86</ns3:cad>
          </ns3:TrackPointExtension>
        </extensions>
      </trkpt>
      <trkpt lat="37.47197781689465045928955078125" lon="126.9587077014148235321044921875">
        <ele>67.8000030517578125</ele>
        <time>2026-06-01T23:49:22.000Z</time>
        <extensions>
          <ns3:TrackPointExtension>
            <ns3:hr>149</ns3:hr>
            <ns3:cad>86</ns3:cad>
          </ns3:TrackPointExtension>
        </extensions>
      </trkpt>
      <trkpt lat="37.47200581245124340057373046875" lon="126.95871532894670963287353515625">
        <ele>67.59999847412109375</ele>
        <time>2026-06-01T23:49:23.000Z</time>
        <extensions>
          <ns3:TrackPointExtension>
            <ns3:hr>148</ns3:hr>
            <ns3:cad>86</ns3:cad>
          </ns3:TrackPointExtension>
        </extensions>
      </trkpt>
      <trkpt lat="37.47204042971134185791015625" lon="126.95873460732400417327880859375">
        <ele>67.40000152587890625</ele>
        <time>2026-06-01T23:49:24.000Z</time>
        <extensions>
          <ns3:TrackPointExtension>
            <ns3:hr>147</ns3:hr>
            <ns3:cad>86</ns3:cad>
          </ns3:TrackPointExtension>
        </extensions>
      </trkpt>
      <trkpt lat="37.4720630608499050140380859375" lon="126.9587368704378604888916015625">
        <ele>67.40000152587890625</ele>
        <time>2026-06-01T23:49:25.000Z</time>
        <extensions>
          <ns3:TrackPointExtension>
            <ns3:hr>147</ns3:hr>
            <ns3:cad>86</ns3:cad>
          </ns3:TrackPointExtension>
        </extensions>
      </trkpt>
      <trkpt lat="37.472107149660587310791015625" lon="126.9587516225874423980712890625">
        <ele>67.40000152587890625</ele>
        <time>2026-06-01T23:49:26.000Z</time>
        <extensions>
          <ns3:TrackPointExtension>
            <ns3:hr>147</ns3:hr>
            <ns3:cad>84</ns3:cad>
          </ns3:TrackPointExtension>
        </extensions>
      </trkpt>
      <trkpt lat="37.472135983407497406005859375" lon="126.9587613455951213836669921875">
        <ele>67.40000152587890625</ele>
        <time>2026-06-01T23:49:27.000Z</time>
        <extensions>
          <ns3:TrackPointExtension>
            <ns3:hr>147</ns3:hr>
            <ns3:cad>84</ns3:cad>
          </ns3:TrackPointExtension>
        </extensions>
      </trkpt>
      <trkpt lat="37.47217177413403987884521484375" lon="126.95878322236239910125732421875">
        <ele>67.40000152587890625</ele>
        <time>2026-06-01T23:49:28.000Z</time>
        <extensions>
          <ns3:TrackPointExtension>
            <ns3:hr>147</ns3:hr>
            <ns3:cad>85</ns3:cad>
          </ns3:TrackPointExtension>
        </extensions>
      </trkpt>
      <trkpt lat="37.47219373472034931182861328125" lon="126.958818845450878143310546875">
        <ele>67.59999847412109375</ele>
        <time>2026-06-01T23:49:29.000Z</time>
        <extensions>
          <ns3:TrackPointExtension>
            <ns3:hr>147</ns3:hr>
            <ns3:cad>85</ns3:cad>
          </ns3:TrackPointExtension>
        </extensions>
      </trkpt>
      <trkpt lat="37.4722072295844554901123046875" lon="126.95885933004319667816162109375">
        <ele>67.59999847412109375</ele>
        <time>2026-06-01T23:49:30.000Z</time>
        <extensions>
          <ns3:TrackPointExtension>
            <ns3:hr>147</ns3:hr>
            <ns3:cad>86</ns3:cad>
          </ns3:TrackPointExtension>
        </extensions>
      </trkpt>
      <trkpt lat="37.4722139351069927215576171875" lon="126.95890844799578189849853515625">
        <ele>67.59999847412109375</ele>
        <time>2026-06-01T23:49:31.000Z</time>
        <extensions>
          <ns3:TrackPointExtension>
            <ns3:hr>147</ns3:hr>
            <ns3:cad>86</ns3:cad>
          </ns3:TrackPointExtension>
        </extensions>
      </trkpt>
      <trkpt lat="37.47221468947827816009521484375" lon="126.95894616656005382537841796875">
        <ele>67.59999847412109375</ele>
        <time>2026-06-01T23:49:32.000Z</time>
        <extensions>
          <ns3:TrackPointExtension>
            <ns3:hr>147</ns3:hr>
            <ns3:cad>86</ns3:cad>
          </ns3:TrackPointExtension>
        </extensions>
      </trkpt>
      <trkpt lat="37.47219222597777843475341796875" lon="126.95898371748626232147216796875">
        <ele>67.40000152587890625</ele>
        <time>2026-06-01T23:49:33.000Z</time>
        <extensions>
          <ns3:TrackPointExtension>
            <ns3:hr>147</ns3:hr>
            <ns3:cad>85</ns3:cad>
          </ns3:TrackPointExtension>
        </extensions>
      </trkpt>
      <trkpt lat="37.47216842137277126312255859375" lon="126.9590077735483646392822265625">
        <ele>67.40000152587890625</ele>
        <time>2026-06-01T23:49:34.000Z</time>
        <extensions>
          <ns3:TrackPointExtension>
            <ns3:hr>147</ns3:hr>
            <ns3:cad>85</ns3:cad>
          </ns3:TrackPointExtension>
        </extensions>
      </trkpt>
      <trkpt lat="37.47214344330132007598876953125" lon="126.95902981795370578765869140625">
        <ele>67.40000152587890625</ele>
        <time>2026-06-01T23:49:35.000Z</time>
        <extensions>
          <ns3:TrackPointExtension>
            <ns3:hr>147</ns3:hr>
            <ns3:cad>85</ns3:cad>
          </ns3:TrackPointExtension>
        </extensions>
      </trkpt>
      <trkpt lat="37.47211326844990253448486328125" lon="126.95904918015003204345703125">
        <ele>67.40000152587890625</ele>
        <time>2026-06-01T23:49:36.000Z</time>
        <extensions>
          <ns3:TrackPointExtension>
            <ns3:hr>147</ns3:hr>
            <ns3:cad>86</ns3:cad>
          </ns3:TrackPointExtension>
        </extensions>
      </trkpt>
      <trkpt lat="37.47208745218813419342041015625" lon="126.959062255918979644775390625">
        <ele>67.40000152587890625</ele>
        <time>2026-06-01T23:49:37.000Z</time>
        <extensions>
          <ns3:TrackPointExtension>
            <ns3:hr>147</ns3:hr>
            <ns3:cad>86</ns3:cad>
          </ns3:TrackPointExtension>
        </extensions>
      </trkpt>
      <trkpt lat="37.4720476381480693817138671875" lon="126.959073655307292938232421875">
        <ele>67.40000152587890625</ele>
        <time>2026-06-01T23:49:38.000Z</time>
        <extensions>
          <ns3:TrackPointExtension>
            <ns3:hr>147</ns3:hr>
            <ns3:cad>86</ns3:cad>
          </ns3:TrackPointExtension>
        </extensions>
      </trkpt>
      <trkpt lat="37.47202827595174312591552734375" lon="126.95908916182816028594970703125">
        <ele>67.40000152587890625</ele>
        <time>2026-06-01T23:49:39.000Z</time>
        <extensions>
          <ns3:TrackPointExtension>
            <ns3:hr>148</ns3:hr>
            <ns3:cad>86</ns3:cad>
          </ns3:TrackPointExtension>
        </extensions>
      </trkpt>
      <trkpt lat="37.47199240140616893768310546875" lon="126.95911087095737457275390625">
        <ele>67.40000152587890625</ele>
        <time>2026-06-01T23:49:40.000Z</time>
        <extensions>
          <ns3:TrackPointExtension>
            <ns3:hr>148</ns3:hr>
            <ns3:cad>86</ns3:cad>
          </ns3:TrackPointExtension>
        </extensions>
      </trkpt>
      <trkpt lat="37.4719658307731151580810546875" lon="126.95912051014602184295654296875">
        <ele>67.1999969482421875</ele>
        <time>2026-06-01T23:49:41.000Z</time>
        <extensions>
          <ns3:TrackPointExtension>
            <ns3:hr>148</ns3:hr>
            <ns3:cad>86</ns3:cad>
          </ns3:TrackPointExtension>
        </extensions>
      </trkpt>
      <trkpt lat="37.4719316326081752777099609375" lon="126.95913408882915973663330078125">
        <ele>67.1999969482421875</ele>
        <time>2026-06-01T23:49:42.000Z</time>
        <extensions>
          <ns3:TrackPointExtension>
            <ns3:hr>148</ns3:hr>
            <ns3:cad>86</ns3:cad>
          </ns3:TrackPointExtension>
        </extensions>
      </trkpt>
      <trkpt lat="37.47189634479582309722900390625" lon="126.95914967916905879974365234375">
        <ele>67.1999969482421875</ele>
        <time>2026-06-01T23:49:43.000Z</time>
        <extensions>
          <ns3:TrackPointExtension>
            <ns3:hr>147</ns3:hr>
            <ns3:cad>86</ns3:cad>
          </ns3:TrackPointExtension>
        </extensions>
      </trkpt>
      <trkpt lat="37.47187186963856220245361328125" lon="126.95916694588959217071533203125">
        <ele>67.1999969482421875</ele>
        <time>2026-06-01T23:49:44.000Z</time>
        <extensions>
          <ns3:TrackPointExtension>
            <ns3:hr>147</ns3:hr>
            <ns3:cad>86</ns3:cad>
          </ns3:TrackPointExtension>
        </extensions>
      </trkpt>
      <trkpt lat="37.47183230705559253692626953125" lon="126.959180943667888641357421875">
        <ele>67</ele>
        <time>2026-06-01T23:49:45.000Z</time>
        <extensions>
          <ns3:TrackPointExtension>
            <ns3:hr>148</ns3:hr>
            <ns3:cad>85</ns3:cad>
          </ns3:TrackPointExtension>
        </extensions>
      </trkpt>
      <trkpt lat="37.47181034646928310394287109375" lon="126.95919427089393138885498046875">
        <ele>67</ele>
        <time>2026-06-01T23:49:46.000Z</time>
        <extensions>
          <ns3:TrackPointExtension>
            <ns3:hr>148</ns3:hr>
            <ns3:cad>85</ns3:cad>
          </ns3:TrackPointExtension>
        </extensions>
      </trkpt>
      <trkpt lat="37.47177732177078723907470703125" lon="126.9592027366161346435546875">
        <ele>67</ele>
        <time>2026-06-01T23:49:47.000Z</time>
        <extensions>
          <ns3:TrackPointExtension>
            <ns3:hr>148</ns3:hr>
            <ns3:cad>85</ns3:cad>
          </ns3:TrackPointExtension>
        </extensions>
      </trkpt>
      <trkpt lat="37.47174915857613086700439453125" lon="126.9592156447470188140869140625">
        <ele>67</ele>
        <time>2026-06-01T23:49:48.000Z</time>
        <extensions>
          <ns3:TrackPointExtension>
            <ns3:hr>148</ns3:hr>
            <ns3:cad>85</ns3:cad>
          </ns3:TrackPointExtension>
        </extensions>
      </trkpt>
      <trkpt lat="37.47172099538147449493408203125" lon="126.9592360965907573699951171875">
        <ele>66.8000030517578125</ele>
        <time>2026-06-01T23:49:49.000Z</time>
        <extensions>
          <ns3:TrackPointExtension>
            <ns3:hr>149</ns3:hr>
            <ns3:cad>85</ns3:cad>
          </ns3:TrackPointExtension>
        </extensions>
      </trkpt>
      <trkpt lat="37.47168612666428089141845703125" lon="126.95925529114902019500732421875">
        <ele>66.8000030517578125</ele>
        <time>2026-06-01T23:49:50.000Z</time>
        <extensions>
          <ns3:TrackPointExtension>
            <ns3:hr>149</ns3:hr>
            <ns3:cad>85</ns3:cad>
          </ns3:TrackPointExtension>
        </extensions>
      </trkpt>
      <trkpt lat="37.47166215442121028900146484375" lon="126.9592709653079509735107421875">
        <ele>67</ele>
        <time>2026-06-01T23:49:51.000Z</time>
        <extensions>
          <ns3:TrackPointExtension>
            <ns3:hr>149</ns3:hr>
            <ns3:cad>84</ns3:cad>
          </ns3:TrackPointExtension>
        </extensions>
      </trkpt>
      <trkpt lat="37.4716268666088581085205078125" lon="126.9592813588678836822509765625">
        <ele>67</ele>
        <time>2026-06-01T23:49:52.000Z</time>
        <extensions>
          <ns3:TrackPointExtension>
            <ns3:hr>149</ns3:hr>
            <ns3:cad>84</ns3:cad>
          </ns3:TrackPointExtension>
        </extensions>
      </trkpt>
      <trkpt lat="37.47160599566996097564697265625" lon="126.9592940993607044219970703125">
        <ele>67</ele>
        <time>2026-06-01T23:49:53.000Z</time>
        <extensions>
          <ns3:TrackPointExtension>
            <ns3:hr>149</ns3:hr>
            <ns3:cad>84</ns3:cad>
          </ns3:TrackPointExtension>
        </extensions>
      </trkpt>
      <trkpt lat="37.47157238423824310302734375" lon="126.959314048290252685546875">
        <ele>67</ele>
        <time>2026-06-01T23:49:54.000Z</time>
        <extensions>
          <ns3:TrackPointExtension>
            <ns3:hr>148</ns3:hr>
            <ns3:cad>84</ns3:cad>
          </ns3:TrackPointExtension>
        </extensions>
      </trkpt>
      <trkpt lat="37.47154464013874530792236328125" lon="126.95932787843048572540283203125">
        <ele>67.1999969482421875</ele>
        <time>2026-06-01T23:49:55.000Z</time>
        <extensions>
          <ns3:TrackPointExtension>
            <ns3:hr>148</ns3:hr>
            <ns3:cad>85</ns3:cad>
          </ns3:TrackPointExtension>
        </extensions>
      </trkpt>
      <trkpt lat="37.47151966206729412078857421875" lon="126.959345228970050811767578125">
        <ele>67.1999969482421875</ele>
        <time>2026-06-01T23:49:56.000Z</time>
        <extensions>
          <ns3:TrackPointExtension>
            <ns3:hr>148</ns3:hr>
            <ns3:cad>85</ns3:cad>
          </ns3:TrackPointExtension>
        </extensions>
      </trkpt>
      <trkpt lat="37.471484877169132232666015625" lon="126.95935419760644435882568359375">
        <ele>67.1999969482421875</ele>
        <time>2026-06-01T23:49:57.000Z</time>
        <extensions>
          <ns3:TrackPointExtension>
            <ns3:hr>148</ns3:hr>
            <ns3:cad>86</ns3:cad>
          </ns3:TrackPointExtension>
        </extensions>
      </trkpt>
      <trkpt lat="37.47146149165928363800048828125" lon="126.95935771800577640533447265625">
        <ele>67.40000152587890625</ele>
        <time>2026-06-01T23:49:58.000Z</time>
        <extensions>
          <ns3:TrackPointExtension>
            <ns3:hr>149</ns3:hr>
            <ns3:cad>86</ns3:cad>
          </ns3:TrackPointExtension>
        </extensions>
      </trkpt>
      <trkpt lat="37.4714246951043605804443359375" lon="126.95936928503215312957763671875">
        <ele>67.40000152587890625</ele>
        <time>2026-06-01T23:49:59.000Z</time>
        <extensions>
          <ns3:TrackPointExtension>
            <ns3:hr>149</ns3:hr>
            <ns3:cad>86</ns3:cad>
          </ns3:TrackPointExtension>
        </extensions>
      </trkpt>
      <trkpt lat="37.47139929793775081634521484375" lon="126.95938177406787872314453125">
        <ele>67.59999847412109375</ele>
        <time>2026-06-01T23:50:00.000Z</time>
        <extensions>
          <ns3:TrackPointExtension>
            <ns3:hr>149</ns3:hr>
            <ns3:cad>85</ns3:cad>
          </ns3:TrackPointExtension>
        </extensions>
      </trkpt>
      <trkpt lat="37.4713633395731449127197265625" lon="126.95940323173999786376953125">
        <ele>67.59999847412109375</ele>
        <time>2026-06-01T23:50:01.000Z</time>
        <extensions>
          <ns3:TrackPointExtension>
            <ns3:hr>150</ns3:hr>
            <ns3:cad>85</ns3:cad>
          </ns3:TrackPointExtension>
        </extensions>
      </trkpt>
      <trkpt lat="37.47133442200720310211181640625" lon="126.95940918289124965667724609375">
        <ele>67.8000030517578125</ele>
        <time>2026-06-01T23:50:02.000Z</time>
        <extensions>
          <ns3:TrackPointExtension>
            <ns3:hr>150</ns3:hr>
            <ns3:cad>85</ns3:cad>
          </ns3:TrackPointExtension>
        </extensions>
      </trkpt>
      <trkpt lat="37.47130273841321468353271484375" lon="126.95940683595836162567138671875">
        <ele>67.8000030517578125</ele>
        <time>2026-06-01T23:50:03.000Z</time>
        <extensions>
          <ns3:TrackPointExtension>
            <ns3:hr>150</ns3:hr>
            <ns3:cad>85</ns3:cad>
          </ns3:TrackPointExtension>
        </extensions>
      </trkpt>
      <trkpt lat="37.47126887552440166473388671875" lon="126.9594003818929195404052734375">
        <ele>68</ele>
        <time>2026-06-01T23:50:04.000Z</time>
        <extensions>
          <ns3:TrackPointExtension>
            <ns3:hr>150</ns3:hr>
            <ns3:cad>85</ns3:cad>
          </ns3:TrackPointExtension>
        </extensions>
      </trkpt>
      <trkpt lat="37.47124490328133106231689453125" lon="126.959401555359363555908203125">
        <ele>68</ele>
        <time>2026-06-01T23:50:05.000Z</time>
        <extensions>
          <ns3:TrackPointExtension>
            <ns3:hr>150</ns3:hr>
            <ns3:cad>85</ns3:cad>
          </ns3:TrackPointExtension>
        </extensions>
      </trkpt>
      <trkpt lat="37.4712107889354228973388671875" lon="126.959383785724639892578125">
        <ele>68.1999969482421875</ele>
        <time>2026-06-01T23:50:06.000Z</time>
        <extensions>
          <ns3:TrackPointExtension>
            <ns3:hr>149</ns3:hr>
            <ns3:cad>85</ns3:cad>
          </ns3:TrackPointExtension>
        </extensions>
      </trkpt>
      <trkpt lat="37.47118790633976459503173828125" lon="126.9593745656311511993408203125">
        <ele>68.1999969482421875</ele>
        <time>2026-06-01T23:50:07.000Z</time>
        <extensions>
          <ns3:TrackPointExtension>
            <ns3:hr>149</ns3:hr>
            <ns3:cad>86</ns3:cad>
          </ns3:TrackPointExtension>
        </extensions>
      </trkpt>
      <trkpt lat="37.471153624355792999267578125" lon="126.95935520343482494354248046875">
        <ele>68</ele>
        <time>2026-06-01T23:50:08.000Z</time>
        <extensions>
          <ns3:TrackPointExtension>
            <ns3:hr>149</ns3:hr>
            <ns3:cad>86</ns3:cad>
          </ns3:TrackPointExtension>
        </extensions>
      </trkpt>
      <trkpt lat="37.47112286277115345001220703125" lon="126.95933994837105274200439453125">
        <ele>68.1999969482421875</ele>
        <time>2026-06-01T23:50:09.000Z</time>
        <extensions>
          <ns3:TrackPointExtension>
            <ns3:hr>149</ns3:hr>
            <ns3:cad>86</ns3:cad>
          </ns3:TrackPointExtension>
        </extensions>
      </trkpt>
      <trkpt lat="37.4710937775671482086181640625" lon="126.9593199156224727630615234375">
        <ele>68.1999969482421875</ele>
        <time>2026-06-01T23:50:10.000Z</time>
        <extensions>
          <ns3:TrackPointExtension>
            <ns3:hr>149</ns3:hr>
            <ns3:cad>86</ns3:cad>
          </ns3:TrackPointExtension>
        </extensions>
      </trkpt>
      <trkpt lat="37.47106502763926982879638671875" lon="126.959292590618133544921875">
        <ele>68</ele>
        <time>2026-06-01T23:50:11.000Z</time>
        <extensions>
          <ns3:TrackPointExtension>
            <ns3:hr>149</ns3:hr>
            <ns3:cad>86</ns3:cad>
          </ns3:TrackPointExtension>
        </extensions>
      </trkpt>
      <trkpt lat="37.47104440815746784210205078125" lon="126.95927389897406101226806640625">
        <ele>68</ele>
        <time>2026-06-01T23:50:12.000Z</time>
        <extensions>
          <ns3:TrackPointExtension>
            <ns3:hr>149</ns3:hr>
            <ns3:cad>86</ns3:cad>
          </ns3:TrackPointExtension>
        </extensions>
      </trkpt>
      <trkpt lat="37.4710183404386043548583984375" lon="126.95923961699008941650390625">
        <ele>68.1999969482421875</ele>
        <time>2026-06-01T23:50:13.000Z</time>
        <extensions>
          <ns3:TrackPointExtension>
            <ns3:hr>149</ns3:hr>
            <ns3:cad>86</ns3:cad>
          </ns3:TrackPointExtension>
        </extensions>
      </trkpt>
      <trkpt lat="37.47100132517516613006591796875" lon="126.95922553539276123046875">
        <ele>68.1999969482421875</ele>
        <time>2026-06-01T23:50:14.000Z</time>
        <extensions>
          <ns3:TrackPointExtension>
            <ns3:hr>149</ns3:hr>
            <ns3:cad>86</ns3:cad>
          </ns3:TrackPointExtension>
        </extensions>
      </trkpt>
      <trkpt lat="37.470975257456302642822265625" lon="126.95918890647590160369873046875">
        <ele>68</ele>
        <time>2026-06-01T23:50:15.000Z</time>
        <extensions>
          <ns3:TrackPointExtension>
            <ns3:hr>149</ns3:hr>
            <ns3:cad>86</ns3:cad>
          </ns3:TrackPointExtension>
        </extensions>
      </trkpt>
      <trkpt lat="37.47095740400254726409912109375" lon="126.9591650180518627166748046875">
        <ele>68</ele>
        <time>2026-06-01T23:50:16.000Z</time>
        <extensions>
          <ns3:TrackPointExtension>
            <ns3:hr>148</ns3:hr>
            <ns3:cad>86</ns3:cad>
          </ns3:TrackPointExtension>
        </extensions>
      </trkpt>
      <trkpt lat="37.47093737125396728515625" lon="126.95913978852331638336181640625">
        <ele>68</ele>
        <time>2026-06-01T23:50:17.000Z</time>
        <extensions>
          <ns3:TrackPointExtension>
            <ns3:hr>149</ns3:hr>
            <ns3:cad>86</ns3:cad>
          </ns3:TrackPointExtension>
        </extensions>
      </trkpt>
      <trkpt lat="37.47091851197183132171630859375" lon="126.9591070152819156646728515625">
        <ele>68</ele>
        <time>2026-06-01T23:50:18.000Z</time>
        <extensions>
          <ns3:TrackPointExtension>
            <ns3:hr>149</ns3:hr>
            <ns3:cad>86</ns3:cad>
          </ns3:TrackPointExtension>
        </extensions>
      </trkpt>
      <trkpt lat="37.4709033407270908355712890625" lon="126.959083043038845062255859375">
        <ele>68.1999969482421875</ele>
        <time>2026-06-01T23:50:19.000Z</time>
        <extensions>
          <ns3:TrackPointExtension>
            <ns3:hr>149</ns3:hr>
            <ns3:cad>87</ns3:cad>
          </ns3:TrackPointExtension>
        </extensions>
      </trkpt>
      <trkpt lat="37.47088682837784290313720703125" lon="126.95904658176004886627197265625">
        <ele>68.1999969482421875</ele>
        <time>2026-06-01T23:50:20.000Z</time>
        <extensions>
          <ns3:TrackPointExtension>
            <ns3:hr>149</ns3:hr>
            <ns3:cad>87</ns3:cad>
          </ns3:TrackPointExtension>
        </extensions>
      </trkpt>
      <trkpt lat="37.47087492607533931732177734375" lon="126.95902747102081775665283203125">
        <ele>68.40000152587890625</ele>
        <time>2026-06-01T23:50:21.000Z</time>
        <extensions>
          <ns3:TrackPointExtension>
            <ns3:hr>149</ns3:hr>
            <ns3:cad>87</ns3:cad>
          </ns3:TrackPointExtension>
        </extensions>
      </trkpt>
      <trkpt lat="37.4708523787558078765869140625" lon="126.9589889980852603912353515625">
        <ele>68.40000152587890625</ele>
        <time>2026-06-01T23:50:22.000Z</time>
        <extensions>
          <ns3:TrackPointExtension>
            <ns3:hr>149</ns3:hr>
            <ns3:cad>86</ns3:cad>
          </ns3:TrackPointExtension>
        </extensions>
      </trkpt>
      <trkpt lat="37.47083804570138454437255859375" lon="126.9589626789093017578125">
        <ele>68.59999847412109375</ele>
        <time>2026-06-01T23:50:23.000Z</time>
        <extensions>
          <ns3:TrackPointExtension>
            <ns3:hr>148</ns3:hr>
            <ns3:cad>86</ns3:cad>
          </ns3:TrackPointExtension>
        </extensions>
      </trkpt>
      <trkpt lat="37.4708185158669948577880859375" lon="126.958933174610137939453125">
        <ele>68.40000152587890625</ele>
        <time>2026-06-01T23:50:24.000Z</time>
        <extensions>
          <ns3:TrackPointExtension>
            <ns3:hr>149</ns3:hr>
            <ns3:cad>86</ns3:cad>
          </ns3:TrackPointExtension>
        </extensions>
      </trkpt>
      <trkpt lat="37.47080393135547637939453125" lon="126.95889939554035663604736328125">
        <ele>68.59999847412109375</ele>
        <time>2026-06-01T23:50:25.000Z</time>
        <extensions>
          <ns3:TrackPointExtension>
            <ns3:hr>149</ns3:hr>
            <ns3:cad>86</ns3:cad>
          </ns3:TrackPointExtension>
        </extensions>
      </trkpt>
      <trkpt lat="37.4707893468439579010009765625" lon="126.95887642912566661834716796875">
        <ele>68.59999847412109375</ele>
        <time>2026-06-01T23:50:26.000Z</time>
        <extensions>
          <ns3:TrackPointExtension>
            <ns3:hr>149</ns3:hr>
            <ns3:cad>85</ns3:cad>
          </ns3:TrackPointExtension>
        </extensions>
      </trkpt>
      <trkpt lat="37.47077233158051967620849609375" lon="126.9588374532759189605712890625">
        <ele>68.8000030517578125</ele>
        <time>2026-06-01T23:50:27.000Z</time>
        <extensions>
          <ns3:TrackPointExtension>
            <ns3:hr>149</ns3:hr>
            <ns3:cad>85</ns3:cad>
          </ns3:TrackPointExtension>
        </extensions>
      </trkpt>
      <trkpt lat="37.4707591719925403594970703125" lon="126.9588159956037998199462890625">
        <ele>68.8000030517578125</ele>
        <time>2026-06-01T23:50:28.000Z</time>
        <extensions>
          <ns3:TrackPointExtension>
            <ns3:hr>150</ns3:hr>
            <ns3:cad>85</ns3:cad>
          </ns3:TrackPointExtension>
        </extensions>
      </trkpt>
      <trkpt lat="37.4707363732159137725830078125" lon="126.95877618156373500823974609375">
        <ele>69</ele>
        <time>2026-06-01T23:50:29.000Z</time>
        <extensions>
          <ns3:TrackPointExtension>
            <ns3:hr>149</ns3:hr>
            <ns3:cad>85</ns3:cad>
          </ns3:TrackPointExtension>
        </extensions>
      </trkpt>
      <trkpt lat="37.470719106495380401611328125" lon="126.95874332450330257415771484375">
        <ele>69.1999969482421875</ele>
        <time>2026-06-01T23:50:30.000Z</time>
        <extensions>
          <ns3:TrackPointExtension>
            <ns3:hr>149</ns3:hr>
            <ns3:cad>85</ns3:cad>
          </ns3:TrackPointExtension>
        </extensions>
      </trkpt>
      <trkpt lat="37.47070066630840301513671875" lon="126.9587130658328533172607421875">
        <ele>69.1999969482421875</ele>
        <time>2026-06-01T23:50:31.000Z</time>
        <extensions>
          <ns3:TrackPointExtension>
            <ns3:hr>149</ns3:hr>
            <ns3:cad>84</ns3:cad>
          </ns3:TrackPointExtension>
        </extensions>
      </trkpt>
      <trkpt lat="37.47068884782493114471435546875" lon="126.95867090485990047454833984375">
        <ele>69.1999969482421875</ele>
        <time>2026-06-01T23:50:32.000Z</time>
        <extensions>
          <ns3:TrackPointExtension>
            <ns3:hr>149</ns3:hr>
            <ns3:cad>85</ns3:cad>
          </ns3:TrackPointExtension>
        </extensions>
      </trkpt>
      <trkpt lat="37.47067652642726898193359375" lon="126.95865313522517681121826171875">
        <ele>69.1999969482421875</ele>
        <time>2026-06-01T23:50:33.000Z</time>
        <extensions>
          <ns3:TrackPointExtension>
            <ns3:hr>149</ns3:hr>
            <ns3:cad>85</ns3:cad>
          </ns3:TrackPointExtension>
        </extensions>
      </trkpt>
      <trkpt lat="37.47065833769738674163818359375" lon="126.9586131535470485687255859375">
        <ele>69.1999969482421875</ele>
        <time>2026-06-01T23:50:34.000Z</time>
        <extensions>
          <ns3:TrackPointExtension>
            <ns3:hr>149</ns3:hr>
            <ns3:cad>85</ns3:cad>
          </ns3:TrackPointExtension>
        </extensions>
      </trkpt>
      <trkpt lat="37.4706436693668365478515625" lon="126.95859781466424465179443359375">
        <ele>69.1999969482421875</ele>
        <time>2026-06-01T23:50:35.000Z</time>
        <extensions>
          <ns3:TrackPointExtension>
            <ns3:hr>149</ns3:hr>
            <ns3:cad>86</ns3:cad>
          </ns3:TrackPointExtension>
        </extensions>
      </trkpt>
      <trkpt lat="37.470621205866336822509765625" lon="126.95856294594705104827880859375">
        <ele>69.1999969482421875</ele>
        <time>2026-06-01T23:50:36.000Z</time>
        <extensions>
          <ns3:TrackPointExtension>
            <ns3:hr>149</ns3:hr>
            <ns3:cad>86</ns3:cad>
          </ns3:TrackPointExtension>
        </extensions>
      </trkpt>
      <trkpt lat="37.47060083784162998199462890625" lon="126.9585377164185047149658203125">
        <ele>69.40000152587890625</ele>
        <time>2026-06-01T23:50:37.000Z</time>
        <extensions>
          <ns3:TrackPointExtension>
            <ns3:hr>149</ns3:hr>
            <ns3:cad>86</ns3:cad>
          </ns3:TrackPointExtension>
        </extensions>
      </trkpt>
      <trkpt lat="37.47058155946433544158935546875" lon="126.9585142470896244049072265625">
        <ele>69.40000152587890625</ele>
        <time>2026-06-01T23:50:38.000Z</time>
        <extensions>
          <ns3:TrackPointExtension>
            <ns3:hr>150</ns3:hr>
            <ns3:cad>86</ns3:cad>
          </ns3:TrackPointExtension>
        </extensions>
      </trkpt>
      <trkpt lat="37.4705653823912143707275390625" lon="126.95847912691533565521240234375">
        <ele>69.59999847412109375</ele>
        <time>2026-06-01T23:50:39.000Z</time>
        <extensions>
          <ns3:TrackPointExtension>
            <ns3:hr>150</ns3:hr>
            <ns3:cad>86</ns3:cad>
          </ns3:TrackPointExtension>
        </extensions>
      </trkpt>
      <trkpt lat="37.4705509655177593231201171875" lon="126.9584639556705951690673828125">
        <ele>69.59999847412109375</ele>
        <time>2026-06-01T23:50:40.000Z</time>
        <extensions>
          <ns3:TrackPointExtension>
            <ns3:hr>151</ns3:hr>
            <ns3:cad>86</ns3:cad>
          </ns3:TrackPointExtension>
        </extensions>
      </trkpt>
      <trkpt lat="37.47053428553044795989990234375" lon="126.95841894485056400299072265625">
        <ele>69.8000030517578125</ele>
        <time>2026-06-01T23:50:41.000Z</time>
        <extensions>
          <ns3:TrackPointExtension>
            <ns3:hr>151</ns3:hr>
            <ns3:cad>85</ns3:cad>
          </ns3:TrackPointExtension>
        </extensions>
      </trkpt>
      <trkpt lat="37.47052506543695926666259765625" lon="126.9583891890943050384521484375">
        <ele>69.8000030517578125</ele>
        <time>2026-06-01T23:50:42.000Z</time>
        <extensions>
          <ns3:TrackPointExtension>
            <ns3:hr>151</ns3:hr>
            <ns3:cad>85</ns3:cad>
          </ns3:TrackPointExtension>
        </extensions>
      </trkpt>
      <trkpt lat="37.4705417454242706298828125" lon="126.95835205726325511932373046875">
        <ele>69.8000030517578125</ele>
        <time>2026-06-01T23:50:43.000Z</time>
        <extensions>
          <ns3:TrackPointExtension>
            <ns3:hr>151</ns3:hr>
            <ns3:cad>85</ns3:cad>
          </ns3:TrackPointExtension>
        </extensions>
      </trkpt>
      <trkpt lat="37.4705658853054046630859375" lon="126.95833328180015087127685546875">
        <ele>69.8000030517578125</ele>
        <time>2026-06-01T23:50:44.000Z</time>
        <extensions>
          <ns3:TrackPointExtension>
            <ns3:hr>151</ns3:hr>
            <ns3:cad>85</ns3:cad>
          </ns3:TrackPointExtension>
        </extensions>
      </trkpt>
      <trkpt lat="37.470591366291046142578125" lon="126.958332359790802001953125">
        <ele>69.8000030517578125</ele>
        <time>2026-06-01T23:50:45.000Z</time>
        <extensions>
          <ns3:TrackPointExtension>
            <ns3:hr>151</ns3:hr>
            <ns3:cad>85</ns3:cad>
          </ns3:TrackPointExtension>
        </extensions>
      </trkpt>
      <trkpt lat="37.47062749229371547698974609375" lon="126.9583524763584136962890625">
        <ele>69.8000030517578125</ele>
        <time>2026-06-01T23:50:46.000Z</time>
        <extensions>
          <ns3:TrackPointExtension>
            <ns3:hr>151</ns3:hr>
            <ns3:cad>85</ns3:cad>
          </ns3:TrackPointExtension>
        </extensions>
      </trkpt>
      <trkpt lat="37.470650374889373779296875" lon="126.9583596847951412200927734375">
        <ele>69.59999847412109375</ele>
        <time>2026-06-01T23:50:47.000Z</time>
        <extensions>
          <ns3:TrackPointExtension>
            <ns3:hr>151</ns3:hr>
            <ns3:cad>84</ns3:cad>
          </ns3:TrackPointExtension>
        </extensions>
      </trkpt>
      <trkpt lat="37.4706870876252651214599609375" lon="126.958378963172435760498046875">
        <ele>69.59999847412109375</ele>
        <time>2026-06-01T23:50:48.000Z</time>
        <extensions>
          <ns3:TrackPointExtension>
            <ns3:hr>151</ns3:hr>
            <ns3:cad>85</ns3:cad>
          </ns3:TrackPointExtension>
        </extensions>
      </trkpt>
      <trkpt lat="37.47071114368736743927001953125" lon="126.95838323794305324554443359375">
        <ele>69.59999847412109375</ele>
        <time>2026-06-01T23:50:49.000Z</time>
        <extensions>
          <ns3:TrackPointExtension>
            <ns3:hr>151</ns3:hr>
            <ns3:cad>85</ns3:cad>
          </ns3:TrackPointExtension>
        </extensions>
      </trkpt>
      <trkpt lat="37.47074064798653125762939453125" lon="126.95839363150298595428466796875">
        <ele>69.59999847412109375</ele>
        <time>2026-06-01T23:50:50.000Z</time>
        <extensions>
          <ns3:TrackPointExtension>
            <ns3:hr>150</ns3:hr>
            <ns3:cad>85</ns3:cad>
          </ns3:TrackPointExtension>
        </extensions>
      </trkpt>
      <trkpt lat="37.4707712419331073760986328125" lon="126.95840737782418727874755859375">
        <ele>69.59999847412109375</ele>
        <time>2026-06-01T23:50:51.000Z</time>
        <extensions>
          <ns3:TrackPointExtension>
            <ns3:hr>150</ns3:hr>
            <ns3:cad>85</ns3:cad>
          </ns3:TrackPointExtension>
        </extensions>
      </trkpt>
      <trkpt lat="37.4707940407097339630126953125" lon="126.958419196307659149169921875">
        <ele>69.59999847412109375</ele>
        <time>2026-06-01T23:50:52.000Z</time>
        <extensions>
          <ns3:TrackPointExtension>
            <ns3:hr>150</ns3:hr>
            <ns3:cad>85</ns3:cad>
          </ns3:TrackPointExtension>
        </extensions>
      </trkpt>
      <trkpt lat="37.47083008289337158203125" lon="126.95844174362719058990478515625">
        <ele>69.59999847412109375</ele>
        <time>2026-06-01T23:50:53.000Z</time>
        <extensions>
          <ns3:TrackPointExtension>
            <ns3:hr>150</ns3:hr>
            <ns3:cad>86</ns3:cad>
          </ns3:TrackPointExtension>
        </extensions>
      </trkpt>
      <trkpt lat="37.47085221111774444580078125" lon="126.95844702422618865966796875">
        <ele>69.59999847412109375</ele>
        <time>2026-06-01T23:50:54.000Z</time>
        <extensions>
          <ns3:TrackPointExtension>
            <ns3:hr>150</ns3:hr>
            <ns3:cad>86</ns3:cad>
          </ns3:TrackPointExtension>
        </extensions>
      </trkpt>
      <trkpt lat="37.47088515199720859527587890625" lon="126.9584585912525653839111328125">
        <ele>69.8000030517578125</ele>
        <time>2026-06-01T23:50:55.000Z</time>
        <extensions>
          <ns3:TrackPointExtension>
            <ns3:hr>150</ns3:hr>
            <ns3:cad>86</ns3:cad>
          </ns3:TrackPointExtension>
        </extensions>
      </trkpt>
      <trkpt lat="37.47090987861156463623046875" lon="126.9584652967751026153564453125">
        <ele>69.8000030517578125</ele>
        <time>2026-06-01T23:50:56.000Z</time>
        <extensions>
          <ns3:TrackPointExtension>
            <ns3:hr>150</ns3:hr>
            <ns3:cad>85</ns3:cad>
          </ns3:TrackPointExtension>
        </extensions>
      </trkpt>
      <trkpt lat="37.47093267738819122314453125" lon="126.95847518742084503173828125">
        <ele>69.59999847412109375</ele>
        <time>2026-06-01T23:50:57.000Z</time>
        <extensions>
          <ns3:TrackPointExtension>
            <ns3:hr>149</ns3:hr>
            <ns3:cad>85</ns3:cad>
          </ns3:TrackPointExtension>
        </extensions>
      </trkpt>
      <trkpt lat="37.4709657020866870880126953125" lon="126.95849253796041011810302734375">
        <ele>69.59999847412109375</ele>
        <time>2026-06-01T23:50:58.000Z</time>
        <extensions>
          <ns3:TrackPointExtension>
            <ns3:hr>150</ns3:hr>
            <ns3:cad>85</ns3:cad>
          </ns3:TrackPointExtension>
        </extensions>
      </trkpt>
      <trkpt lat="37.47098959051072597503662109375" lon="126.95849672891199588775634765625">
        <ele>69.40000152587890625</ele>
        <time>2026-06-01T23:50:59.000Z</time>
        <extensions>
          <ns3:TrackPointExtension>
            <ns3:hr>150</ns3:hr>
            <ns3:cad>85</ns3:cad>
          </ns3:TrackPointExtension>
        </extensions>
      </trkpt>
      <trkpt lat="37.4710290692746639251708984375" lon="126.9585092179477214813232421875">
        <ele>69.1999969482421875</ele>
        <time>2026-06-01T23:51:00.000Z</time>
        <extensions>
          <ns3:TrackPointExtension>
            <ns3:hr>150</ns3:hr>
            <ns3:cad>85</ns3:cad>
          </ns3:TrackPointExtension>
        </extensions>
      </trkpt>
      <trkpt lat="37.471053041517734527587890625" lon="126.95850737392902374267578125">
        <ele>69.1999969482421875</ele>
        <time>2026-06-01T23:51:01.000Z</time>
        <extensions>
          <ns3:TrackPointExtension>
            <ns3:hr>150</ns3:hr>
            <ns3:cad>85</ns3:cad>
          </ns3:TrackPointExtension>
        </extensions>
      </trkpt>
      <trkpt lat="37.471084557473659515380859375" lon="126.9585139118134975433349609375">
        <ele>69.1999969482421875</ele>
        <time>2026-06-01T23:51:02.000Z</time>
        <extensions>
          <ns3:TrackPointExtension>
            <ns3:hr>149</ns3:hr>
            <ns3:cad>85</ns3:cad>
          </ns3:TrackPointExtension>
        </extensions>
      </trkpt>
      <trkpt lat="37.47111372649669647216796875" lon="126.958519108593463897705078125">
        <ele>69.1999969482421875</ele>
        <time>2026-06-01T23:51:03.000Z</time>
        <extensions>
          <ns3:TrackPointExtension>
            <ns3:hr>150</ns3:hr>
            <ns3:cad>85</ns3:cad>
          </ns3:TrackPointExtension>
        </extensions>
      </trkpt>
      <trkpt lat="37.4711380340158939361572265625" lon="126.9585212878882884979248046875">
        <ele>69.1999969482421875</ele>
        <time>2026-06-01T23:51:04.000Z</time>
        <extensions>
          <ns3:TrackPointExtension>
            <ns3:hr>150</ns3:hr>
            <ns3:cad>85</ns3:cad>
          </ns3:TrackPointExtension>
        </extensions>
      </trkpt>
      <trkpt lat="37.47117407619953155517578125" lon="126.9585336931049823760986328125">
        <ele>69.1999969482421875</ele>
        <time>2026-06-01T23:51:05.000Z</time>
        <extensions>
          <ns3:TrackPointExtension>
            <ns3:hr>149</ns3:hr>
            <ns3:cad>85</ns3:cad>
          </ns3:TrackPointExtension>
        </extensions>
      </trkpt>
      <trkpt lat="37.4711962044239044189453125" lon="126.95852757431566715240478515625">
        <ele>69.1999969482421875</ele>
        <time>2026-06-01T23:51:06.000Z</time>
        <extensions>
          <ns3:TrackPointExtension>
            <ns3:hr>150</ns3:hr>
            <ns3:cad>85</ns3:cad>
          </ns3:TrackPointExtension>
        </extensions>
      </trkpt>
      <trkpt lat="37.4712345935404300689697265625" lon="126.95853377692401409149169921875">
        <ele>69.40000152587890625</ele>
        <time>2026-06-01T23:51:07.000Z</time>
        <extensions>
          <ns3:TrackPointExtension>
            <ns3:hr>149</ns3:hr>
            <ns3:cad>85</ns3:cad>
          </ns3:TrackPointExtension>
        </extensions>
      </trkpt>
      <trkpt lat="37.47125546447932720184326171875" lon="126.95853495039045810699462890625">
        <ele>69.1999969482421875</ele>
        <time>2026-06-01T23:51:08.000Z</time>
        <extensions>
          <ns3:TrackPointExtension>
            <ns3:hr>149</ns3:hr>
            <ns3:cad>85</ns3:cad>
          </ns3:TrackPointExtension>
        </extensions>
      </trkpt>
      <trkpt lat="37.47128295712172985076904296875" lon="126.95853729732334613800048828125">
        <ele>69.1999969482421875</ele>
        <time>2026-06-01T23:51:09.000Z</time>
        <extensions>
          <ns3:TrackPointExtension>
            <ns3:hr>149</ns3:hr>
            <ns3:cad>85</ns3:cad>
          </ns3:TrackPointExtension>
        </extensions>
      </trkpt>
      <trkpt lat="37.47131480835378170013427734375" lon="126.95854634977877140045166015625">
        <ele>69.1999969482421875</ele>
        <time>2026-06-01T23:51:10.000Z</time>
        <extensions>
          <ns3:TrackPointExtension>
            <ns3:hr>148</ns3:hr>
            <ns3:cad>85</ns3:cad>
          </ns3:TrackPointExtension>
        </extensions>
      </trkpt>
      <trkpt lat="37.47133978642523288726806640625" lon="126.9585429131984710693359375">
        <ele>69.1999969482421875</ele>
        <time>2026-06-01T23:51:11.000Z</time>
        <extensions>
          <ns3:TrackPointExtension>
            <ns3:hr>148</ns3:hr>
            <ns3:cad>85</ns3:cad>
          </ns3:TrackPointExtension>
        </extensions>
      </trkpt>
      <trkpt lat="37.47137180529534816741943359375" lon="126.9585427455604076385498046875">
        <ele>69</ele>
        <time>2026-06-01T23:51:12.000Z</time>
        <extensions>
          <ns3:TrackPointExtension>
            <ns3:hr>148</ns3:hr>
            <ns3:cad>85</ns3:cad>
          </ns3:TrackPointExtension>
        </extensions>
      </trkpt>
      <trkpt lat="37.47139829210937023162841796875" lon="126.9585383869707584381103515625">
        <ele>68.8000030517578125</ele>
        <time>2026-06-01T23:51:13.000Z</time>
        <extensions>
          <ns3:TrackPointExtension>
            <ns3:hr>148</ns3:hr>
            <ns3:cad>85</ns3:cad>
          </ns3:TrackPointExtension>
        </extensions>
      </trkpt>
      <trkpt lat="37.47143567539751529693603515625" lon="126.95854224264621734619140625">
        <ele>68.8000030517578125</ele>
        <time>2026-06-01T23:51:14.000Z</time>
        <extensions>
          <ns3:TrackPointExtension>
            <ns3:hr>149</ns3:hr>
            <ns3:cad>85</ns3:cad>
          </ns3:TrackPointExtension>
        </extensions>
      </trkpt>
      <trkpt lat="37.47146400623023509979248046875" lon="126.95854735560715198516845703125">
        <ele>68.59999847412109375</ele>
        <time>2026-06-01T23:51:15.000Z</time>
        <extensions>
          <ns3:TrackPointExtension>
            <ns3:hr>148</ns3:hr>
            <ns3:cad>85</ns3:cad>
          </ns3:TrackPointExtension>
        </extensions>
      </trkpt>
      <trkpt lat="37.47149686329066753387451171875" lon="126.958548612892627716064453125">
        <ele>68.40000152587890625</ele>
        <time>2026-06-01T23:51:16.000Z</time>
        <extensions>
          <ns3:TrackPointExtension>
            <ns3:hr>148</ns3:hr>
            <ns3:cad>85</ns3:cad>
          </ns3:TrackPointExtension>
        </extensions>
      </trkpt>
      <trkpt lat="37.47153324075043201446533203125" lon="126.958566717803478240966796875">
        <ele>68.40000152587890625</ele>
        <time>2026-06-01T23:51:17.000Z</time>
        <extensions>
          <ns3:TrackPointExtension>
            <ns3:hr>147</ns3:hr>
            <ns3:cad>85</ns3:cad>
          </ns3:TrackPointExtension>
        </extensions>
      </trkpt>
      <trkpt lat="37.47155687771737575531005859375" lon="126.95856948383152484893798828125">
        <ele>68.40000152587890625</ele>
        <time>2026-06-01T23:51:18.000Z</time>
        <extensions>
          <ns3:TrackPointExtension>
            <ns3:hr>147</ns3:hr>
            <ns3:cad>85</ns3:cad>
          </ns3:TrackPointExtension>
        </extensions>
      </trkpt>
      <trkpt lat="37.4715946801006793975830078125" lon="126.9585883431136608123779296875">
        <ele>68.1999969482421875</ele>
        <time>2026-06-01T23:51:19.000Z</time>
        <extensions>
          <ns3:TrackPointExtension>
            <ns3:hr>147</ns3:hr>
            <ns3:cad>84</ns3:cad>
          </ns3:TrackPointExtension>
        </extensions>
      </trkpt>
      <trkpt lat="37.4716181494295597076416015625" lon="126.95859345607459545135498046875">
        <ele>68.1999969482421875</ele>
        <time>2026-06-01T23:51:20.000Z</time>
        <extensions>
          <ns3:TrackPointExtension>
            <ns3:hr>147</ns3:hr>
            <ns3:cad>84</ns3:cad>
          </ns3:TrackPointExtension>
        </extensions>
      </trkpt>
      <trkpt lat="37.47165016829967498779296875" lon="126.95860267616808414459228515625">
        <ele>68.1999969482421875</ele>
        <time>2026-06-01T23:51:21.000Z</time>
        <extensions>
          <ns3:TrackPointExtension>
            <ns3:hr>147</ns3:hr>
            <ns3:cad>85</ns3:cad>
          </ns3:TrackPointExtension>
        </extensions>
      </trkpt>
      <trkpt lat="37.471680678427219390869140625" lon="126.95861491374671459197998046875">
        <ele>68</ele>
        <time>2026-06-01T23:51:22.000Z</time>
        <extensions>
          <ns3:TrackPointExtension>
            <ns3:hr>147</ns3:hr>
            <ns3:cad>85</ns3:cad>
          </ns3:TrackPointExtension>
        </extensions>
      </trkpt>
      <trkpt lat="37.4717069976031780242919921875" lon="126.95862480439245700836181640625">
        <ele>68</ele>
        <time>2026-06-01T23:51:23.000Z</time>
        <extensions>
          <ns3:TrackPointExtension>
            <ns3:hr>146</ns3:hr>
            <ns3:cad>85</ns3:cad>
          </ns3:TrackPointExtension>
        </extensions>
      </trkpt>
      <trkpt lat="37.47174312360584735870361328125" lon="126.95864425040781497955322265625">
        <ele>68.1999969482421875</ele>
        <time>2026-06-01T23:51:24.000Z</time>
        <extensions>
          <ns3:TrackPointExtension>
            <ns3:hr>147</ns3:hr>
            <ns3:cad>85</ns3:cad>
          </ns3:TrackPointExtension>
        </extensions>
      </trkpt>
      <trkpt lat="37.47176676057279109954833984375" lon="126.95864575915038585662841796875">
        <ele>68.1999969482421875</ele>
        <time>2026-06-01T23:51:25.000Z</time>
        <extensions>
          <ns3:TrackPointExtension>
            <ns3:hr>147</ns3:hr>
            <ns3:cad>85</ns3:cad>
          </ns3:TrackPointExtension>
        </extensions>
      </trkpt>
      <trkpt lat="37.4718038924038410186767578125" lon="126.95865917019546031951904296875">
        <ele>68.1999969482421875</ele>
        <time>2026-06-01T23:51:26.000Z</time>
        <extensions>
          <ns3:TrackPointExtension>
            <ns3:hr>147</ns3:hr>
            <ns3:cad>85</ns3:cad>
          </ns3:TrackPointExtension>
        </extensions>
      </trkpt>
      <trkpt lat="37.4718250147998332977294921875" lon="126.9586609303951263427734375">
        <ele>68</ele>
        <time>2026-06-01T23:51:27.000Z</time>
        <extensions>
          <ns3:TrackPointExtension>
            <ns3:hr>146</ns3:hr>
            <ns3:cad>87</ns3:cad>
          </ns3:TrackPointExtension>
        </extensions>
      </trkpt>
      <trkpt lat="37.47185401618480682373046875" lon="126.9586698152124881744384765625">
        <ele>67.8000030517578125</ele>
        <time>2026-06-01T23:51:28.000Z</time>
        <extensions>
          <ns3:TrackPointExtension>
            <ns3:hr>147</ns3:hr>
            <ns3:cad>87</ns3:cad>
          </ns3:TrackPointExtension>
        </extensions>
      </trkpt>
      <trkpt lat="37.47188142500817775726318359375" lon="126.958680711686611175537109375">
        <ele>67.8000030517578125</ele>
        <time>2026-06-01T23:51:29.000Z</time>
        <extensions>
          <ns3:TrackPointExtension>
            <ns3:hr>147</ns3:hr>
            <ns3:cad>87</ns3:cad>
          </ns3:TrackPointExtension>
        </extensions>
      </trkpt>
      <trkpt lat="37.47190338559448719024658203125" lon="126.95869202725589275360107421875">
        <ele>67.8000030517578125</ele>
        <time>2026-06-01T23:51:30.000Z</time>
        <extensions>
          <ns3:TrackPointExtension>
            <ns3:hr>146</ns3:hr>
            <ns3:cad>85</ns3:cad>
          </ns3:TrackPointExtension>
        </extensions>
      </trkpt>
      <trkpt lat="37.4719390086829662322998046875" lon="126.95871055126190185546875">
        <ele>67.8000030517578125</ele>
        <time>2026-06-01T23:51:31.000Z</time>
        <extensions>
          <ns3:TrackPointExtension>
            <ns3:hr>146</ns3:hr>
            <ns3:cad>85</ns3:cad>
          </ns3:TrackPointExtension>
        </extensions>
      </trkpt>
      <trkpt lat="37.4719638191163539886474609375" lon="126.95872128009796142578125">
        <ele>67.8000030517578125</ele>
        <time>2026-06-01T23:51:32.000Z</time>
        <extensions>
          <ns3:TrackPointExtension>
            <ns3:hr>146</ns3:hr>
            <ns3:cad>85</ns3:cad>
          </ns3:TrackPointExtension>
        </extensions>
      </trkpt>
      <trkpt lat="37.471998520195484161376953125" lon="126.95873494260013103485107421875">
        <ele>67.59999847412109375</ele>
        <time>2026-06-01T23:51:33.000Z</time>
        <extensions>
          <ns3:TrackPointExtension>
            <ns3:hr>145</ns3:hr>
            <ns3:cad>86</ns3:cad>
          </ns3:TrackPointExtension>
        </extensions>
      </trkpt>
      <trkpt lat="37.472030036151409149169921875" lon="126.95874030701816082000732421875">
        <ele>67.40000152587890625</ele>
        <time>2026-06-01T23:51:34.000Z</time>
        <extensions>
          <ns3:TrackPointExtension>
            <ns3:hr>145</ns3:hr>
            <ns3:cad>86</ns3:cad>
          </ns3:TrackPointExtension>
        </extensions>
      </trkpt>
      <trkpt lat="37.4720644019544124603271484375" lon="126.958746425807476043701171875">
        <ele>67.1999969482421875</ele>
        <time>2026-06-01T23:51:35.000Z</time>
        <extensions>
          <ns3:TrackPointExtension>
            <ns3:hr>145</ns3:hr>
            <ns3:cad>86</ns3:cad>
          </ns3:TrackPointExtension>
        </extensions>
      </trkpt>
      <trkpt lat="37.47209600172936916351318359375" lon="126.95875757373869419097900390625">
        <ele>67.1999969482421875</ele>
        <time>2026-06-01T23:51:36.000Z</time>
        <extensions>
          <ns3:TrackPointExtension>
            <ns3:hr>146</ns3:hr>
            <ns3:cad>86</ns3:cad>
          </ns3:TrackPointExtension>
        </extensions>
      </trkpt>
      <trkpt lat="37.47212315909564495086669921875" lon="126.95876277051866054534912109375">
        <ele>67.1999969482421875</ele>
        <time>2026-06-01T23:51:37.000Z</time>
        <extensions>
          <ns3:TrackPointExtension>
            <ns3:hr>145</ns3:hr>
            <ns3:cad>86</ns3:cad>
          </ns3:TrackPointExtension>
        </extensions>
      </trkpt>
      <trkpt lat="37.4721579439938068389892578125" lon="126.958787329494953155517578125">
        <ele>67.40000152587890625</ele>
        <time>2026-06-01T23:51:38.000Z</time>
        <extensions>
          <ns3:TrackPointExtension>
            <ns3:hr>145</ns3:hr>
            <ns3:cad>86</ns3:cad>
          </ns3:TrackPointExtension>
        </extensions>
      </trkpt>
      <trkpt lat="37.4721807427704334259033203125" lon="126.95880216546356678009033203125">
        <ele>67.40000152587890625</ele>
        <time>2026-06-01T23:51:39.000Z</time>
        <extensions>
          <ns3:TrackPointExtension>
            <ns3:hr>146</ns3:hr>
            <ns3:cad>86</ns3:cad>
          </ns3:TrackPointExtension>
        </extensions>
      </trkpt>
      <trkpt lat="37.47220245189964771270751953125" lon="126.95884591899812221527099609375">
        <ele>67.40000152587890625</ele>
        <time>2026-06-01T23:51:40.000Z</time>
        <extensions>
          <ns3:TrackPointExtension>
            <ns3:hr>145</ns3:hr>
            <ns3:cad>86</ns3:cad>
          </ns3:TrackPointExtension>
        </extensions>
      </trkpt>
      <trkpt lat="37.47221611440181732177734375" lon="126.95888179354369640350341796875">
        <ele>67.40000152587890625</ele>
        <time>2026-06-01T23:51:41.000Z</time>
        <extensions>
          <ns3:TrackPointExtension>
            <ns3:hr>145</ns3:hr>
            <ns3:cad>86</ns3:cad>
          </ns3:TrackPointExtension>
        </extensions>
      </trkpt>
      <trkpt lat="37.472211755812168121337890625" lon="126.958919428288936614990234375">
        <ele>67.1999969482421875</ele>
        <time>2026-06-01T23:51:42.000Z</time>
        <extensions>
          <ns3:TrackPointExtension>
            <ns3:hr>145</ns3:hr>
            <ns3:cad>86</ns3:cad>
          </ns3:TrackPointExtension>
        </extensions>
      </trkpt>
      <trkpt lat="37.47219658456742763519287109375" lon="126.9589608348906040191650390625">
        <ele>67.1999969482421875</ele>
        <time>2026-06-01T23:51:43.000Z</time>
        <extensions>
          <ns3:TrackPointExtension>
            <ns3:hr>145</ns3:hr>
            <ns3:cad>86</ns3:cad>
          </ns3:TrackPointExtension>
        </extensions>
      </trkpt>
      <trkpt lat="37.4721827544271945953369140625" lon="126.9589883275330066680908203125">
        <ele>67.1999969482421875</ele>
        <time>2026-06-01T23:51:44.000Z</time>
        <extensions>
          <ns3:TrackPointExtension>
            <ns3:hr>145</ns3:hr>
            <ns3:cad>86</ns3:cad>
          </ns3:TrackPointExtension>
        </extensions>
      </trkpt>
      <trkpt lat="37.47215266339480876922607421875" lon="126.95901271887123584747314453125">
        <ele>67.1999969482421875</ele>
        <time>2026-06-01T23:51:45.000Z</time>
        <extensions>
          <ns3:TrackPointExtension>
            <ns3:hr>145</ns3:hr>
            <ns3:cad>86</ns3:cad>
          </ns3:TrackPointExtension>
        </extensions>
      </trkpt>
      <trkpt lat="37.472131289541721343994140625" lon="126.95902864448726177215576171875">
        <ele>67</ele>
        <time>2026-06-01T23:51:46.000Z</time>
        <extensions>
          <ns3:TrackPointExtension>
            <ns3:hr>145</ns3:hr>
            <ns3:cad>85</ns3:cad>
          </ns3:TrackPointExtension>
        </extensions>
      </trkpt>
      <trkpt lat="37.47209683991968631744384765625" lon="126.959050185978412628173828125">
        <ele>67</ele>
        <time>2026-06-01T23:51:47.000Z</time>
        <extensions>
          <ns3:TrackPointExtension>
            <ns3:hr>145</ns3:hr>
            <ns3:cad>85</ns3:cad>
          </ns3:TrackPointExtension>
        </extensions>
      </trkpt>
      <trkpt lat="37.47207068838179111480712890625" lon="126.95906703360378742218017578125">
        <ele>67</ele>
        <time>2026-06-01T23:51:48.000Z</time>
        <extensions>
          <ns3:TrackPointExtension>
            <ns3:hr>145</ns3:hr>
            <ns3:cad>85</ns3:cad>
          </ns3:TrackPointExtension>
        </extensions>
      </trkpt>
      <trkpt lat="37.47203774750232696533203125" lon="126.959085054695606231689453125">
        <ele>67</ele>
        <time>2026-06-01T23:51:49.000Z</time>
        <extensions>
          <ns3:TrackPointExtension>
            <ns3:hr>146</ns3:hr>
            <ns3:cad>85</ns3:cad>
          </ns3:TrackPointExtension>
        </extensions>
      </trkpt>
      <trkpt lat="37.4720062315464019775390625" lon="126.9591008126735687255859375">
        <ele>66.8000030517578125</ele>
        <time>2026-06-01T23:51:50.000Z</time>
        <extensions>
          <ns3:TrackPointExtension>
            <ns3:hr>145</ns3:hr>
            <ns3:cad>86</ns3:cad>
          </ns3:TrackPointExtension>
        </extensions>
      </trkpt>
      <trkpt lat="37.471981085836887359619140625" lon="126.95911799557507038116455078125">
        <ele>66.8000030517578125</ele>
        <time>2026-06-01T23:51:51.000Z</time>
        <extensions>
          <ns3:TrackPointExtension>
            <ns3:hr>145</ns3:hr>
            <ns3:cad>86</ns3:cad>
          </ns3:TrackPointExtension>
        </extensions>
      </trkpt>
      <trkpt lat="37.47194579802453517913818359375" lon="126.9591271318495273590087890625">
        <ele>66.8000030517578125</ele>
        <time>2026-06-01T23:51:52.000Z</time>
        <extensions>
          <ns3:TrackPointExtension>
            <ns3:hr>145</ns3:hr>
            <ns3:cad>86</ns3:cad>
          </ns3:TrackPointExtension>
        </extensions>
      </trkpt>
      <trkpt lat="37.47192584909498691558837890625" lon="126.95913995616137981414794921875">
        <ele>66.59999847412109375</ele>
        <time>2026-06-01T23:51:53.000Z</time>
        <extensions>
          <ns3:TrackPointExtension>
            <ns3:hr>146</ns3:hr>
            <ns3:cad>86</ns3:cad>
          </ns3:TrackPointExtension>
        </extensions>
      </trkpt>
      <trkpt lat="37.4718843586742877960205078125" lon="126.95915085263550281524658203125">
        <ele>66.59999847412109375</ele>
        <time>2026-06-01T23:51:54.000Z</time>
        <extensions>
          <ns3:TrackPointExtension>
            <ns3:hr>145</ns3:hr>
            <ns3:cad>86</ns3:cad>
          </ns3:TrackPointExtension>
        </extensions>
      </trkpt>
      <trkpt lat="37.471859715878963470458984375" lon="126.959168873727321624755859375">
        <ele>66.8000030517578125</ele>
        <time>2026-06-01T23:51:55.000Z</time>
        <extensions>
          <ns3:TrackPointExtension>
            <ns3:hr>146</ns3:hr>
            <ns3:cad>86</ns3:cad>
          </ns3:TrackPointExtension>
        </extensions>
      </trkpt>
      <trkpt lat="37.47182694263756275177001953125" lon="126.95919075049459934234619140625">
        <ele>66.8000030517578125</ele>
        <time>2026-06-01T23:51:56.000Z</time>
        <extensions>
          <ns3:TrackPointExtension>
            <ns3:hr>146</ns3:hr>
            <ns3:cad>86</ns3:cad>
          </ns3:TrackPointExtension>
        </extensions>
      </trkpt>
      <trkpt lat="37.4717971868813037872314453125" lon="126.959197707474231719970703125">
        <ele>66.8000030517578125</ele>
        <time>2026-06-01T23:51:57.000Z</time>
        <extensions>
          <ns3:TrackPointExtension>
            <ns3:hr>146</ns3:hr>
            <ns3:cad>86</ns3:cad>
          </ns3:TrackPointExtension>
        </extensions>
      </trkpt>
      <trkpt lat="37.4717707000672817230224609375" lon="126.9592122919857501983642578125">
        <ele>66.8000030517578125</ele>
        <time>2026-06-01T23:51:58.000Z</time>
        <extensions>
          <ns3:TrackPointExtension>
            <ns3:hr>145</ns3:hr>
            <ns3:cad>86</ns3:cad>
          </ns3:TrackPointExtension>
        </extensions>
      </trkpt>
      <trkpt lat="37.47173708863556385040283203125" lon="126.95922813378274440765380859375">
        <ele>66.59999847412109375</ele>
        <time>2026-06-01T23:51:59.000Z</time>
        <extensions>
          <ns3:TrackPointExtension>
            <ns3:hr>146</ns3:hr>
            <ns3:cad>86</ns3:cad>
          </ns3:TrackPointExtension>
        </extensions>
      </trkpt>
      <trkpt lat="37.4717153795063495635986328125" lon="126.95924087427556514739990234375">
        <ele>66.59999847412109375</ele>
        <time>2026-06-01T23:52:00.000Z</time>
        <extensions>
          <ns3:TrackPointExtension>
            <ns3:hr>146</ns3:hr>
            <ns3:cad>86</ns3:cad>
          </ns3:TrackPointExtension>
        </extensions>
      </trkpt>
      <trkpt lat="37.47168101370334625244140625" lon="126.959254033863544464111328125">
        <ele>66.59999847412109375</ele>
        <time>2026-06-01T23:52:01.000Z</time>
        <extensions>
          <ns3:TrackPointExtension>
            <ns3:hr>146</ns3:hr>
            <ns3:cad>86</ns3:cad>
          </ns3:TrackPointExtension>
        </extensions>
      </trkpt>
      <trkpt lat="37.47165427543222904205322265625" lon="126.95926467888057231903076171875">
        <ele>66.40000152587890625</ele>
        <time>2026-06-01T23:52:02.000Z</time>
        <extensions>
          <ns3:TrackPointExtension>
            <ns3:hr>146</ns3:hr>
            <ns3:cad>86</ns3:cad>
          </ns3:TrackPointExtension>
        </extensions>
      </trkpt>
      <trkpt lat="37.4716221727430820465087890625" lon="126.95928630419075489044189453125">
        <ele>66.40000152587890625</ele>
        <time>2026-06-01T23:52:03.000Z</time>
        <extensions>
          <ns3:TrackPointExtension>
            <ns3:hr>147</ns3:hr>
            <ns3:cad>86</ns3:cad>
          </ns3:TrackPointExtension>
        </extensions>
      </trkpt>
      <trkpt lat="37.47159895487129688262939453125" lon="126.95930130779743194580078125">
        <ele>66.40000152587890625</ele>
        <time>2026-06-01T23:52:04.000Z</time>
        <extensions>
          <ns3:TrackPointExtension>
            <ns3:hr>147</ns3:hr>
            <ns3:cad>86</ns3:cad>
          </ns3:TrackPointExtension>
        </extensions>
      </trkpt>
      <trkpt lat="37.4715752340853214263916015625" lon="126.9593168981373310089111328125">
        <ele>66.59999847412109375</ele>
        <time>2026-06-01T23:52:05.000Z</time>
        <extensions>
          <ns3:TrackPointExtension>
            <ns3:hr>147</ns3:hr>
            <ns3:cad>86</ns3:cad>
          </ns3:TrackPointExtension>
        </extensions>
      </trkpt>
      <trkpt lat="37.47154346667230129241943359375" lon="126.95932787843048572540283203125">
        <ele>66.59999847412109375</ele>
        <time>2026-06-01T23:52:06.000Z</time>
        <extensions>
          <ns3:TrackPointExtension>
            <ns3:hr>147</ns3:hr>
            <ns3:cad>86</ns3:cad>
          </ns3:TrackPointExtension>
        </extensions>
      </trkpt>
      <trkpt lat="37.471518404781818389892578125" lon="126.95934112183749675750732421875">
        <ele>66.8000030517578125</ele>
        <time>2026-06-01T23:52:07.000Z</time>
        <extensions>
          <ns3:TrackPointExtension>
            <ns3:hr>146</ns3:hr>
            <ns3:cad>86</ns3:cad>
          </ns3:TrackPointExtension>
        </extensions>
      </trkpt>
      <trkpt lat="37.47147825546562671661376953125" lon="126.95935319177806377410888671875">
        <ele>66.8000030517578125</ele>
        <time>2026-06-01T23:52:08.000Z</time>
        <extensions>
          <ns3:TrackPointExtension>
            <ns3:hr>147</ns3:hr>
            <ns3:cad>86</ns3:cad>
          </ns3:TrackPointExtension>
        </extensions>
      </trkpt>
      <trkpt lat="37.4714528582990169525146484375" lon="126.9593712128698825836181640625">
        <ele>67</ele>
        <time>2026-06-01T23:52:09.000Z</time>
        <extensions>
          <ns3:TrackPointExtension>
            <ns3:hr>147</ns3:hr>
            <ns3:cad>86</ns3:cad>
          </ns3:TrackPointExtension>
        </extensions>
      </trkpt>
      <trkpt lat="37.47141949832439422607421875" lon="126.9593785889446735382080078125">
        <ele>67</ele>
        <time>2026-06-01T23:52:10.000Z</time>
        <extensions>
          <ns3:TrackPointExtension>
            <ns3:hr>147</ns3:hr>
            <ns3:cad>86</ns3:cad>
          </ns3:TrackPointExtension>
        </extensions>
      </trkpt>
      <trkpt lat="37.47139259241521358489990234375" lon="126.959389485418796539306640625">
        <ele>67</ele>
        <time>2026-06-01T23:52:11.000Z</time>
        <extensions>
          <ns3:TrackPointExtension>
            <ns3:hr>146</ns3:hr>
            <ns3:cad>86</ns3:cad>
          </ns3:TrackPointExtension>
        </extensions>
      </trkpt>
      <trkpt lat="37.47135780751705169677734375" lon="126.95940197445452213287353515625">
        <ele>67.1999969482421875</ele>
        <time>2026-06-01T23:52:12.000Z</time>
        <extensions>
          <ns3:TrackPointExtension>
            <ns3:hr>147</ns3:hr>
            <ns3:cad>87</ns3:cad>
          </ns3:TrackPointExtension>
        </extensions>
      </trkpt>
      <trkpt lat="37.47132503427565097808837890625" lon="126.959388814866542816162109375">
        <ele>67.1999969482421875</ele>
        <time>2026-06-01T23:52:13.000Z</time>
        <extensions>
          <ns3:TrackPointExtension>
            <ns3:hr>147</ns3:hr>
            <ns3:cad>87</ns3:cad>
          </ns3:TrackPointExtension>
        </extensions>
      </trkpt>
      <trkpt lat="37.47128966264426708221435546875" lon="126.95938169024884700775146484375">
        <ele>67.1999969482421875</ele>
        <time>2026-06-01T23:52:14.000Z</time>
        <extensions>
          <ns3:TrackPointExtension>
            <ns3:hr>147</ns3:hr>
            <ns3:cad>87</ns3:cad>
          </ns3:TrackPointExtension>
        </extensions>
      </trkpt>
      <trkpt lat="37.47125261463224887847900390625" lon="126.9593690335750579833984375">
        <ele>67.1999969482421875</ele>
        <time>2026-06-01T23:52:15.000Z</time>
        <extensions>
          <ns3:TrackPointExtension>
            <ns3:hr>147</ns3:hr>
            <ns3:cad>87</ns3:cad>
          </ns3:TrackPointExtension>
        </extensions>
      </trkpt>
      <trkpt lat="37.47122193686664104461669921875" lon="126.95936408825218677520751953125">
        <ele>67.40000152587890625</ele>
        <time>2026-06-01T23:52:16.000Z</time>
        <extensions>
          <ns3:TrackPointExtension>
            <ns3:hr>147</ns3:hr>
            <ns3:cad>87</ns3:cad>
          </ns3:TrackPointExtension>
        </extensions>
      </trkpt>
      <trkpt lat="37.47118254192173480987548828125" lon="126.95935386233031749725341796875">
        <ele>67.40000152587890625</ele>
        <time>2026-06-01T23:52:17.000Z</time>
        <extensions>
          <ns3:TrackPointExtension>
            <ns3:hr>147</ns3:hr>
            <ns3:cad>87</ns3:cad>
          </ns3:TrackPointExtension>
        </extensions>
      </trkpt>
      <trkpt lat="37.4711558036506175994873046875" lon="126.959352605044841766357421875">
        <ele>67.40000152587890625</ele>
        <time>2026-06-01T23:52:18.000Z</time>
        <extensions>
          <ns3:TrackPointExtension>
            <ns3:hr>147</ns3:hr>
            <ns3:cad>87</ns3:cad>
          </ns3:TrackPointExtension>
        </extensions>
      </trkpt>
      <trkpt lat="37.47111749835312366485595703125" lon="126.95932678878307342529296875">
        <ele>67.59999847412109375</ele>
        <time>2026-06-01T23:52:19.000Z</time>
        <extensions>
          <ns3:TrackPointExtension>
            <ns3:hr>147</ns3:hr>
            <ns3:cad>87</ns3:cad>
          </ns3:TrackPointExtension>
        </extensions>
      </trkpt>
      <trkpt lat="37.471091262996196746826171875" lon="126.9593095220625400543212890625">
        <ele>67.59999847412109375</ele>
        <time>2026-06-01T23:52:20.000Z</time>
        <extensions>
          <ns3:TrackPointExtension>
            <ns3:hr>147</ns3:hr>
            <ns3:cad>87</ns3:cad>
          </ns3:TrackPointExtension>
        </extensions>
      </trkpt>
      <trkpt lat="37.47105874121189117431640625" lon="126.95927716791629791259765625">
        <ele>67.59999847412109375</ele>
        <time>2026-06-01T23:52:21.000Z</time>
        <extensions>
          <ns3:TrackPointExtension>
            <ns3:hr>147</ns3:hr>
            <ns3:cad>88</ns3:cad>
          </ns3:TrackPointExtension>
        </extensions>
      </trkpt>
      <trkpt lat="37.47103820554912090301513671875" lon="126.95925026200711727142333984375">
        <ele>67.59999847412109375</ele>
        <time>2026-06-01T23:52:22.000Z</time>
        <extensions>
          <ns3:TrackPointExtension>
            <ns3:hr>147</ns3:hr>
            <ns3:cad>88</ns3:cad>
          </ns3:TrackPointExtension>
        </extensions>
      </trkpt>
      <trkpt lat="37.4710119701921939849853515625" lon="126.959217153489589691162109375">
        <ele>67.59999847412109375</ele>
        <time>2026-06-01T23:52:23.000Z</time>
        <extensions>
          <ns3:TrackPointExtension>
            <ns3:hr>148</ns3:hr>
            <ns3:cad>88</ns3:cad>
          </ns3:TrackPointExtension>
        </extensions>
      </trkpt>
      <trkpt lat="37.47099109925329685211181640625" lon="126.95918488316237926483154296875">
        <ele>67.8000030517578125</ele>
        <time>2026-06-01T23:52:24.000Z</time>
        <extensions>
          <ns3:TrackPointExtension>
            <ns3:hr>147</ns3:hr>
            <ns3:cad>88</ns3:cad>
          </ns3:TrackPointExtension>
        </extensions>
      </trkpt>
      <trkpt lat="37.4709693901240825653076171875" lon="126.95916107855737209320068359375">
        <ele>67.8000030517578125</ele>
        <time>2026-06-01T23:52:25.000Z</time>
        <extensions>
          <ns3:TrackPointExtension>
            <ns3:hr>147</ns3:hr>
            <ns3:cad>88</ns3:cad>
          </ns3:TrackPointExtension>
        </extensions>
      </trkpt>
      <trkpt lat="37.47095019556581974029541015625" lon="126.95912151597440242767333984375">
        <ele>67.8000030517578125</ele>
        <time>2026-06-01T23:52:26.000Z</time>
        <extensions>
          <ns3:TrackPointExtension>
            <ns3:hr>148</ns3:hr>
            <ns3:cad>87</ns3:cad>
          </ns3:TrackPointExtension>
        </extensions>
      </trkpt>
      <trkpt lat="37.47093628160655498504638671875" lon="126.9591016508638858795166015625">
        <ele>67.8000030517578125</ele>
        <time>2026-06-01T23:52:27.000Z</time>
        <extensions>
          <ns3:TrackPointExtension>
            <ns3:hr>148</ns3:hr>
            <ns3:cad>87</ns3:cad>
          </ns3:TrackPointExtension>
        </extensions>
      </trkpt>
      <trkpt lat="37.47091465629637241363525390625" lon="126.959059573709964752197265625">
        <ele>68</ele>
        <time>2026-06-01T23:52:28.000Z</time>
        <extensions>
          <ns3:TrackPointExtension>
            <ns3:hr>148</ns3:hr>
            <ns3:cad>87</ns3:cad>
          </ns3:TrackPointExtension>
        </extensions>
      </trkpt>
      <trkpt lat="37.4708956293761730194091796875" lon="126.95903652347624301910400390625">
        <ele>68.1999969482421875</ele>
        <time>2026-06-01T23:52:29.000Z</time>
        <extensions>
          <ns3:TrackPointExtension>
            <ns3:hr>148</ns3:hr>
            <ns3:cad>86</ns3:cad>
          </ns3:TrackPointExtension>
        </extensions>
      </trkpt>
      <trkpt lat="37.47086972929537296295166015625" lon="126.95899687707424163818359375">
        <ele>68.1999969482421875</ele>
        <time>2026-06-01T23:52:30.000Z</time>
        <extensions>
          <ns3:TrackPointExtension>
            <ns3:hr>148</ns3:hr>
            <ns3:cad>86</ns3:cad>
          </ns3:TrackPointExtension>
        </extensions>
      </trkpt>
      <trkpt lat="37.470849864184856414794921875" lon="126.9589705578982830047607421875">
        <ele>68.1999969482421875</ele>
        <time>2026-06-01T23:52:31.000Z</time>
        <extensions>
          <ns3:TrackPointExtension>
            <ns3:hr>148</ns3:hr>
            <ns3:cad>86</ns3:cad>
          </ns3:TrackPointExtension>
        </extensions>
      </trkpt>
      <trkpt lat="37.4708312563598155975341796875" lon="126.95893879048526287078857421875">
        <ele>68.40000152587890625</ele>
        <time>2026-06-01T23:52:32.000Z</time>
        <extensions>
          <ns3:TrackPointExtension>
            <ns3:hr>148</ns3:hr>
            <ns3:cad>86</ns3:cad>
          </ns3:TrackPointExtension>
        </extensions>
      </trkpt>
      <trkpt lat="37.4708139896392822265625" lon="126.95890358649194240570068359375">
        <ele>68.40000152587890625</ele>
        <time>2026-06-01T23:52:33.000Z</time>
        <extensions>
          <ns3:TrackPointExtension>
            <ns3:hr>149</ns3:hr>
            <ns3:cad>86</ns3:cad>
          </ns3:TrackPointExtension>
        </extensions>
      </trkpt>
      <trkpt lat="37.47079848311841487884521484375" lon="126.9588808715343475341796875">
        <ele>68.40000152587890625</ele>
        <time>2026-06-01T23:52:34.000Z</time>
        <extensions>
          <ns3:TrackPointExtension>
            <ns3:hr>149</ns3:hr>
            <ns3:cad>86</ns3:cad>
          </ns3:TrackPointExtension>
        </extensions>
      </trkpt>
      <trkpt lat="37.4707853235304355621337890625" lon="126.95883820764720439910888671875">
        <ele>68.59999847412109375</ele>
        <time>2026-06-01T23:52:35.000Z</time>
        <extensions>
          <ns3:TrackPointExtension>
            <ns3:hr>149</ns3:hr>
            <ns3:cad>86</ns3:cad>
          </ns3:TrackPointExtension>
        </extensions>
      </trkpt>
      <trkpt lat="37.47076964937150478363037109375" lon="126.95881607942283153533935546875">
        <ele>68.59999847412109375</ele>
        <time>2026-06-01T23:52:36.000Z</time>
        <extensions>
          <ns3:TrackPointExtension>
            <ns3:hr>149</ns3:hr>
            <ns3:cad>86</ns3:cad>
          </ns3:TrackPointExtension>
        </extensions>
      </trkpt>
      <trkpt lat="37.47074785642325878143310546875" lon="126.95877852849662303924560546875">
        <ele>68.8000030517578125</ele>
        <time>2026-06-01T23:52:37.000Z</time>
        <extensions>
          <ns3:TrackPointExtension>
            <ns3:hr>150</ns3:hr>
            <ns3:cad>86</ns3:cad>
          </ns3:TrackPointExtension>
        </extensions>
      </trkpt>
      <trkpt lat="37.47072958387434482574462890625" lon="126.95875137113034725189208984375">
        <ele>68.8000030517578125</ele>
        <time>2026-06-01T23:52:38.000Z</time>
        <extensions>
          <ns3:TrackPointExtension>
            <ns3:hr>150</ns3:hr>
            <ns3:cad>86</ns3:cad>
          </ns3:TrackPointExtension>
        </extensions>
      </trkpt>
      <trkpt lat="37.4707102216780185699462890625" lon="126.95872538723051548004150390625">
        <ele>69</ele>
        <time>2026-06-01T23:52:39.000Z</time>
        <extensions>
          <ns3:TrackPointExtension>
            <ns3:hr>150</ns3:hr>
            <ns3:cad>85</ns3:cad>
          </ns3:TrackPointExtension>
        </extensions>
      </trkpt>
      <trkpt lat="37.47069354169070720672607421875" lon="126.95868817158043384552001953125">
        <ele>69</ele>
        <time>2026-06-01T23:52:40.000Z</time>
        <extensions>
          <ns3:TrackPointExtension>
            <ns3:hr>150</ns3:hr>
            <ns3:cad>85</ns3:cad>
          </ns3:TrackPointExtension>
        </extensions>
      </trkpt>
      <trkpt lat="37.4706797115504741668701171875" lon="126.95866973139345645904541015625">
        <ele>69</ele>
        <time>2026-06-01T23:52:41.000Z</time>
        <extensions>
          <ns3:TrackPointExtension>
            <ns3:hr>150</ns3:hr>
            <ns3:cad>85</ns3:cad>
          </ns3:TrackPointExtension>
        </extensions>
      </trkpt>
      <trkpt lat="37.47065984643995761871337890625" lon="126.95862949825823307037353515625">
        <ele>69</ele>
        <time>2026-06-01T23:52:42.000Z</time>
        <extensions>
          <ns3:TrackPointExtension>
            <ns3:hr>150</ns3:hr>
            <ns3:cad>85</ns3:cad>
          </ns3:TrackPointExtension>
        </extensions>
      </trkpt>
      <trkpt lat="37.4706431664526462554931640625" lon="126.95860954932868480682373046875">
        <ele>69.1999969482421875</ele>
        <time>2026-06-01T23:52:43.000Z</time>
        <extensions>
          <ns3:TrackPointExtension>
            <ns3:hr>151</ns3:hr>
            <ns3:cad>85</ns3:cad>
          </ns3:TrackPointExtension>
        </extensions>
      </trkpt>
      <trkpt lat="37.470619194209575653076171875" lon="126.958576776087284088134765625">
        <ele>69.1999969482421875</ele>
        <time>2026-06-01T23:52:44.000Z</time>
        <extensions>
          <ns3:TrackPointExtension>
            <ns3:hr>150</ns3:hr>
            <ns3:cad>86</ns3:cad>
          </ns3:TrackPointExtension>
        </extensions>
      </trkpt>
      <trkpt lat="37.47060167603194713592529296875" lon="126.9585430808365345001220703125">
        <ele>69.1999969482421875</ele>
        <time>2026-06-01T23:52:45.000Z</time>
        <extensions>
          <ns3:TrackPointExtension>
            <ns3:hr>151</ns3:hr>
            <ns3:cad>86</ns3:cad>
          </ns3:TrackPointExtension>
        </extensions>
      </trkpt>
      <trkpt lat="37.4705818109214305877685546875" lon="126.95851500146090984344482421875">
        <ele>69.40000152587890625</ele>
        <time>2026-06-01T23:52:46.000Z</time>
        <extensions>
          <ns3:TrackPointExtension>
            <ns3:hr>152</ns3:hr>
            <ns3:cad>86</ns3:cad>
          </ns3:TrackPointExtension>
        </extensions>
      </trkpt>
      <trkpt lat="37.4705603532493114471435546875" lon="126.958479546010494232177734375">
        <ele>69.40000152587890625</ele>
        <time>2026-06-01T23:52:47.000Z</time>
        <extensions>
          <ns3:TrackPointExtension>
            <ns3:hr>152</ns3:hr>
            <ns3:cad>85</ns3:cad>
          </ns3:TrackPointExtension>
        </extensions>
      </trkpt>
      <trkpt lat="37.4705444276332855224609375" lon="126.95845733396708965301513671875">
        <ele>69.59999847412109375</ele>
        <time>2026-06-01T23:52:48.000Z</time>
        <extensions>
          <ns3:TrackPointExtension>
            <ns3:hr>152</ns3:hr>
            <ns3:cad>85</ns3:cad>
          </ns3:TrackPointExtension>
        </extensions>
      </trkpt>
      <trkpt lat="37.47053059749305248260498046875" lon="126.95841215550899505615234375">
        <ele>69.8000030517578125</ele>
        <time>2026-06-01T23:52:49.000Z</time>
        <extensions>
          <ns3:TrackPointExtension>
            <ns3:hr>152</ns3:hr>
            <ns3:cad>85</ns3:cad>
          </ns3:TrackPointExtension>
        </extensions>
      </trkpt>
      <trkpt lat="37.470534704625606536865234375" lon="126.95837921462953090667724609375">
        <ele>69.8000030517578125</ele>
        <time>2026-06-01T23:52:50.000Z</time>
        <extensions>
          <ns3:TrackPointExtension>
            <ns3:hr>152</ns3:hr>
            <ns3:cad>85</ns3:cad>
          </ns3:TrackPointExtension>
        </extensions>
      </trkpt>
      <trkpt lat="37.47055406682193279266357421875" lon="126.958349458873271942138671875">
        <ele>69.8000030517578125</ele>
        <time>2026-06-01T23:52:51.000Z</time>
        <extensions>
          <ns3:TrackPointExtension>
            <ns3:hr>152</ns3:hr>
            <ns3:cad>85</ns3:cad>
          </ns3:TrackPointExtension>
        </extensions>
      </trkpt>
      <trkpt lat="37.47058541513979434967041015625" lon="126.9583516381680965423583984375">
        <ele>69.8000030517578125</ele>
        <time>2026-06-01T23:52:52.000Z</time>
        <extensions>
          <ns3:TrackPointExtension>
            <ns3:hr>152</ns3:hr>
            <ns3:cad>85</ns3:cad>
          </ns3:TrackPointExtension>
        </extensions>
      </trkpt>
      <trkpt lat="37.47061190195381641387939453125" lon="126.9583479501307010650634765625">
        <ele>69.59999847412109375</ele>
        <time>2026-06-01T23:52:53.000Z</time>
        <extensions>
          <ns3:TrackPointExtension>
            <ns3:hr>152</ns3:hr>
            <ns3:cad>85</ns3:cad>
          </ns3:TrackPointExtension>
        </extensions>
      </trkpt>
      <trkpt lat="37.47065012343227863311767578125" lon="126.958361528813838958740234375">
        <ele>69.40000152587890625</ele>
        <time>2026-06-01T23:52:54.000Z</time>
        <extensions>
          <ns3:TrackPointExtension>
            <ns3:hr>152</ns3:hr>
            <ns3:cad>85</ns3:cad>
          </ns3:TrackPointExtension>
        </extensions>
      </trkpt>
      <trkpt lat="37.47067384421825408935546875" lon="126.9583630375564098358154296875">
        <ele>69.1999969482421875</ele>
        <time>2026-06-01T23:52:55.000Z</time>
        <extensions>
          <ns3:TrackPointExtension>
            <ns3:hr>152</ns3:hr>
            <ns3:cad>86</ns3:cad>
          </ns3:TrackPointExtension>
        </extensions>
      </trkpt>
      <trkpt lat="37.47071533463895320892333984375" lon="126.95837636478245258331298828125">
        <ele>69.1999969482421875</ele>
        <time>2026-06-01T23:52:56.000Z</time>
        <extensions>
          <ns3:TrackPointExtension>
            <ns3:hr>152</ns3:hr>
            <ns3:cad>86</ns3:cad>
          </ns3:TrackPointExtension>
        </extensions>
      </trkpt>
      <trkpt lat="37.470742575824260711669921875" lon="126.95837586186826229095458984375">
        <ele>69.1999969482421875</ele>
        <time>2026-06-01T23:52:57.000Z</time>
        <extensions>
          <ns3:TrackPointExtension>
            <ns3:hr>152</ns3:hr>
            <ns3:cad>86</ns3:cad>
          </ns3:TrackPointExtension>
        </extensions>
      </trkpt>
      <trkpt lat="37.4707756005227565765380859375" lon="126.9583844952285289764404296875">
        <ele>69.40000152587890625</ele>
        <time>2026-06-01T23:52:58.000Z</time>
        <extensions>
          <ns3:TrackPointExtension>
            <ns3:hr>152</ns3:hr>
            <ns3:cad>86</ns3:cad>
          </ns3:TrackPointExtension>
        </extensions>
      </trkpt>
      <trkpt lat="37.47080862522125244140625" lon="126.95839815773069858551025390625">
        <ele>69.59999847412109375</ele>
        <time>2026-06-01T23:52:59.000Z</time>
        <extensions>
          <ns3:TrackPointExtension>
            <ns3:hr>152</ns3:hr>
            <ns3:cad>86</ns3:cad>
          </ns3:TrackPointExtension>
        </extensions>
      </trkpt>
      <trkpt lat="37.47083385474979877471923828125" lon="126.95840955711901187896728515625">
        <ele>69.8000030517578125</ele>
        <time>2026-06-01T23:53:00.000Z</time>
        <extensions>
          <ns3:TrackPointExtension>
            <ns3:hr>152</ns3:hr>
            <ns3:cad>86</ns3:cad>
          </ns3:TrackPointExtension>
        </extensions>
      </trkpt>
      <trkpt lat="37.4708662927150726318359375" lon="126.95843101479113101959228515625">
        <ele>69.8000030517578125</ele>
        <time>2026-06-01T23:53:01.000Z</time>
        <extensions>
          <ns3:TrackPointExtension>
            <ns3:hr>152</ns3:hr>
            <ns3:cad>86</ns3:cad>
          </ns3:TrackPointExtension>
        </extensions>
      </trkpt>
      <trkpt lat="37.470889426767826080322265625" lon="126.95844023488461971282958984375">
        <ele>69.8000030517578125</ele>
        <time>2026-06-01T23:53:02.000Z</time>
        <extensions>
          <ns3:TrackPointExtension>
            <ns3:hr>152</ns3:hr>
            <ns3:cad>86</ns3:cad>
          </ns3:TrackPointExtension>
        </extensions>
      </trkpt>
      <trkpt lat="37.4709271453320980072021484375" lon="126.9584609381854534149169921875">
        <ele>69.59999847412109375</ele>
        <time>2026-06-01T23:53:03.000Z</time>
        <extensions>
          <ns3:TrackPointExtension>
            <ns3:hr>152</ns3:hr>
            <ns3:cad>86</ns3:cad>
          </ns3:TrackPointExtension>
        </extensions>
      </trkpt>
      <trkpt lat="37.4709548056125640869140625" lon="126.958461105823516845703125">
        <ele>69.59999847412109375</ele>
        <time>2026-06-01T23:53:04.000Z</time>
        <extensions>
          <ns3:TrackPointExtension>
            <ns3:hr>152</ns3:hr>
            <ns3:cad>86</ns3:cad>
          </ns3:TrackPointExtension>
        </extensions>
      </trkpt>
      <trkpt lat="37.4709874950349330902099609375" lon="126.958472169935703277587890625">
        <ele>69.40000152587890625</ele>
        <time>2026-06-01T23:53:05.000Z</time>
        <extensions>
          <ns3:TrackPointExtension>
            <ns3:hr>152</ns3:hr>
            <ns3:cad>86</ns3:cad>
          </ns3:TrackPointExtension>
        </extensions>
      </trkpt>
      <trkpt lat="37.4710218608379364013671875" lon="126.95848834700882434844970703125">
        <ele>69.40000152587890625</ele>
        <time>2026-06-01T23:53:06.000Z</time>
        <extensions>
          <ns3:TrackPointExtension>
            <ns3:hr>152</ns3:hr>
            <ns3:cad>86</ns3:cad>
          </ns3:TrackPointExtension>
        </extensions>
      </trkpt>
      <trkpt lat="37.47104398906230926513671875" lon="126.9584911130368709564208984375">
        <ele>69.40000152587890625</ele>
        <time>2026-06-01T23:53:07.000Z</time>
        <extensions>
          <ns3:TrackPointExtension>
            <ns3:hr>153</ns3:hr>
            <ns3:cad>86</ns3:cad>
          </ns3:TrackPointExtension>
        </extensions>
      </trkpt>
      <trkpt lat="37.4710793606936931610107421875" lon="126.95851164869964122772216796875">
        <ele>69.1999969482421875</ele>
        <time>2026-06-01T23:53:08.000Z</time>
        <extensions>
          <ns3:TrackPointExtension>
            <ns3:hr>153</ns3:hr>
            <ns3:cad>86</ns3:cad>
          </ns3:TrackPointExtension>
        </extensions>
      </trkpt>
      <trkpt lat="37.47110140509903430938720703125" lon="126.95851416327059268951416015625">
        <ele>69.1999969482421875</ele>
        <time>2026-06-01T23:53:09.000Z</time>
        <extensions>
          <ns3:TrackPointExtension>
            <ns3:hr>153</ns3:hr>
            <ns3:cad>86</ns3:cad>
          </ns3:TrackPointExtension>
        </extensions>
      </trkpt>
      <trkpt lat="37.47113761492073535919189453125" lon="126.95852480828762054443359375">
        <ele>69.1999969482421875</ele>
        <time>2026-06-01T23:53:10.000Z</time>
        <extensions>
          <ns3:TrackPointExtension>
            <ns3:hr>153</ns3:hr>
            <ns3:cad>86</ns3:cad>
          </ns3:TrackPointExtension>
        </extensions>
      </trkpt>
      <trkpt lat="37.47116242535412311553955078125" lon="126.9585241377353668212890625">
        <ele>69.40000152587890625</ele>
        <time>2026-06-01T23:53:11.000Z</time>
        <extensions>
          <ns3:TrackPointExtension>
            <ns3:hr>153</ns3:hr>
            <ns3:cad>86</ns3:cad>
          </ns3:TrackPointExtension>
        </extensions>
      </trkpt>
      <trkpt lat="37.47119285166263580322265625" lon="126.95852522738277912139892578125">
        <ele>69.40000152587890625</ele>
        <time>2026-06-01T23:53:12.000Z</time>
        <extensions>
          <ns3:TrackPointExtension>
            <ns3:hr>153</ns3:hr>
            <ns3:cad>86</ns3:cad>
          </ns3:TrackPointExtension>
        </extensions>
      </trkpt>
      <trkpt lat="37.47122411616146564483642578125" lon="126.9585346989333629608154296875">
        <ele>69.40000152587890625</ele>
        <time>2026-06-01T23:53:13.000Z</time>
        <extensions>
          <ns3:TrackPointExtension>
            <ns3:hr>153</ns3:hr>
            <ns3:cad>86</ns3:cad>
          </ns3:TrackPointExtension>
        </extensions>
      </trkpt>
      <trkpt lat="37.47125043533742427825927734375" lon="126.95853495039045810699462890625">
        <ele>69.40000152587890625</ele>
        <time>2026-06-01T23:53:14.000Z</time>
        <extensions>
          <ns3:TrackPointExtension>
            <ns3:hr>154</ns3:hr>
            <ns3:cad>86</ns3:cad>
          </ns3:TrackPointExtension>
        </extensions>
      </trkpt>
      <trkpt lat="37.47128941118717193603515625" lon="126.95854685269296169281005859375">
        <ele>69.40000152587890625</ele>
        <time>2026-06-01T23:53:15.000Z</time>
        <extensions>
          <ns3:TrackPointExtension>
            <ns3:hr>154</ns3:hr>
            <ns3:cad>85</ns3:cad>
          </ns3:TrackPointExtension>
        </extensions>
      </trkpt>
      <trkpt lat="37.47131288051605224609375" lon="126.958544254302978515625">
        <ele>69.1999969482421875</ele>
        <time>2026-06-01T23:53:16.000Z</time>
        <extensions>
          <ns3:TrackPointExtension>
            <ns3:hr>153</ns3:hr>
            <ns3:cad>85</ns3:cad>
          </ns3:TrackPointExtension>
        </extensions>
      </trkpt>
      <trkpt lat="37.471344731748104095458984375" lon="126.95854349993169307708740234375">
        <ele>69</ele>
        <time>2026-06-01T23:53:17.000Z</time>
        <extensions>
          <ns3:TrackPointExtension>
            <ns3:hr>153</ns3:hr>
            <ns3:cad>85</ns3:cad>
          </ns3:TrackPointExtension>
        </extensions>
      </trkpt>
      <trkpt lat="37.47136912308633327484130859375" lon="126.95853830315172672271728515625">
        <ele>69</ele>
        <time>2026-06-01T23:53:18.000Z</time>
        <extensions>
          <ns3:TrackPointExtension>
            <ns3:hr>153</ns3:hr>
            <ns3:cad>86</ns3:cad>
          </ns3:TrackPointExtension>
        </extensions>
      </trkpt>
      <trkpt lat="37.47140231542289257049560546875" lon="126.9585383869707584381103515625">
        <ele>69</ele>
        <time>2026-06-01T23:53:19.000Z</time>
        <extensions>
          <ns3:TrackPointExtension>
            <ns3:hr>153</ns3:hr>
            <ns3:cad>86</ns3:cad>
          </ns3:TrackPointExtension>
        </extensions>
      </trkpt>
      <trkpt lat="37.47143450193107128143310546875" lon="126.95854517631232738494873046875">
        <ele>69</ele>
        <time>2026-06-01T23:53:20.000Z</time>
        <extensions>
          <ns3:TrackPointExtension>
            <ns3:hr>153</ns3:hr>
            <ns3:cad>86</ns3:cad>
          </ns3:TrackPointExtension>
        </extensions>
      </trkpt>
      <trkpt lat="37.4714622460305690765380859375" lon="126.9585434161126613616943359375">
        <ele>69</ele>
        <time>2026-06-01T23:53:21.000Z</time>
        <extensions>
          <ns3:TrackPointExtension>
            <ns3:hr>153</ns3:hr>
            <ns3:cad>86</ns3:cad>
          </ns3:TrackPointExtension>
        </extensions>
      </trkpt>
      <trkpt lat="37.471502311527729034423828125" lon="126.95855590514838695526123046875">
        <ele>69</ele>
        <time>2026-06-01T23:53:22.000Z</time>
        <extensions>
          <ns3:TrackPointExtension>
            <ns3:hr>153</ns3:hr>
            <ns3:cad>86</ns3:cad>
          </ns3:TrackPointExtension>
        </extensions>
      </trkpt>
      <trkpt lat="37.47153022326529026031494140625" lon="126.9585608504712581634521484375">
        <ele>69</ele>
        <time>2026-06-01T23:53:23.000Z</time>
        <extensions>
          <ns3:TrackPointExtension>
            <ns3:hr>153</ns3:hr>
            <ns3:cad>86</ns3:cad>
          </ns3:TrackPointExtension>
        </extensions>
      </trkpt>
      <trkpt lat="37.47156894765794277191162109375" lon="126.958572752773761749267578125">
        <ele>68.8000030517578125</ele>
        <time>2026-06-01T23:53:24.000Z</time>
        <extensions>
          <ns3:TrackPointExtension>
            <ns3:hr>152</ns3:hr>
            <ns3:cad>86</ns3:cad>
          </ns3:TrackPointExtension>
        </extensions>
      </trkpt>
      <trkpt lat="37.4715936742722988128662109375" lon="126.95857484824955463409423828125">
        <ele>68.59999847412109375</ele>
        <time>2026-06-01T23:53:25.000Z</time>
        <extensions>
          <ns3:TrackPointExtension>
            <ns3:hr>152</ns3:hr>
            <ns3:cad>86</ns3:cad>
          </ns3:TrackPointExtension>
        </extensions>
      </trkpt>
      <trkpt lat="37.47162393294274806976318359375" lon="126.95858457125723361968994140625">
        <ele>68.59999847412109375</ele>
        <time>2026-06-01T23:53:26.000Z</time>
        <extensions>
          <ns3:TrackPointExtension>
            <ns3:hr>152</ns3:hr>
            <ns3:cad>86</ns3:cad>
          </ns3:TrackPointExtension>
        </extensions>
      </trkpt>
      <trkpt lat="37.47165360487997531890869140625" lon="126.95859747938811779022216796875">
        <ele>68.40000152587890625</ele>
        <time>2026-06-01T23:53:27.000Z</time>
        <extensions>
          <ns3:TrackPointExtension>
            <ns3:hr>152</ns3:hr>
            <ns3:cad>86</ns3:cad>
          </ns3:TrackPointExtension>
        </extensions>
      </trkpt>
      <trkpt lat="37.4716781638562679290771484375" lon="126.958608292043209075927734375">
        <ele>68.40000152587890625</ele>
        <time>2026-06-01T23:53:28.000Z</time>
        <extensions>
          <ns3:TrackPointExtension>
            <ns3:hr>152</ns3:hr>
            <ns3:cad>86</ns3:cad>
          </ns3:TrackPointExtension>
        </extensions>
      </trkpt>
      <trkpt lat="37.47170959599316120147705078125" lon="126.9586232118308544158935546875">
        <ele>68.40000152587890625</ele>
        <time>2026-06-01T23:53:29.000Z</time>
        <extensions>
          <ns3:TrackPointExtension>
            <ns3:hr>151</ns3:hr>
            <ns3:cad>86</ns3:cad>
          </ns3:TrackPointExtension>
        </extensions>
      </trkpt>
      <trkpt lat="37.4717378430068492889404296875" lon="126.958627402782440185546875">
        <ele>68.1999969482421875</ele>
        <time>2026-06-01T23:53:30.000Z</time>
        <extensions>
          <ns3:TrackPointExtension>
            <ns3:hr>152</ns3:hr>
            <ns3:cad>86</ns3:cad>
          </ns3:TrackPointExtension>
        </extensions>
      </trkpt>
      <trkpt lat="37.47177413664758205413818359375" lon="126.95864307694137096405029296875">
        <ele>68.1999969482421875</ele>
        <time>2026-06-01T23:53:31.000Z</time>
        <extensions>
          <ns3:TrackPointExtension>
            <ns3:hr>151</ns3:hr>
            <ns3:cad>86</ns3:cad>
          </ns3:TrackPointExtension>
        </extensions>
      </trkpt>
      <trkpt lat="37.4717991985380649566650390625" lon="126.95864684879779815673828125">
        <ele>68.1999969482421875</ele>
        <time>2026-06-01T23:53:32.000Z</time>
        <extensions>
          <ns3:TrackPointExtension>
            <ns3:hr>151</ns3:hr>
            <ns3:cad>86</ns3:cad>
          </ns3:TrackPointExtension>
        </extensions>
      </trkpt>
      <trkpt lat="37.4718300439417362213134765625" lon="126.95865531452000141143798828125">
        <ele>68.1999969482421875</ele>
        <time>2026-06-01T23:53:33.000Z</time>
        <extensions>
          <ns3:TrackPointExtension>
            <ns3:hr>151</ns3:hr>
            <ns3:cad>86</ns3:cad>
          </ns3:TrackPointExtension>
        </extensions>
      </trkpt>
      <trkpt lat="37.47186206281185150146484375" lon="126.95867308415472507476806640625">
        <ele>68.1999969482421875</ele>
        <time>2026-06-01T23:53:34.000Z</time>
        <extensions>
          <ns3:TrackPointExtension>
            <ns3:hr>151</ns3:hr>
            <ns3:cad>86</ns3:cad>
          </ns3:TrackPointExtension>
        </extensions>
      </trkpt>
      <trkpt lat="37.4718846939504146575927734375" lon="126.9586825557053089141845703125">
        <ele>68.40000152587890625</ele>
        <time>2026-06-01T23:53:35.000Z</time>
        <extensions>
          <ns3:TrackPointExtension>
            <ns3:hr>151</ns3:hr>
            <ns3:cad>86</ns3:cad>
          </ns3:TrackPointExtension>
        </extensions>
      </trkpt>
      <trkpt lat="37.4719222448766231536865234375" lon="126.95870141498744487762451171875">
        <ele>68.1999969482421875</ele>
        <time>2026-06-01T23:53:36.000Z</time>
        <extensions>
          <ns3:TrackPointExtension>
            <ns3:hr>150</ns3:hr>
            <ns3:cad>86</ns3:cad>
          </ns3:TrackPointExtension>
        </extensions>
      </trkpt>
      <trkpt lat="37.47194982133805751800537109375" lon="126.95870527066290378570556640625">
        <ele>68</ele>
        <time>2026-06-01T23:53:37.000Z</time>
        <extensions>
          <ns3:TrackPointExtension>
            <ns3:hr>150</ns3:hr>
            <ns3:cad>86</ns3:cad>
          </ns3:TrackPointExtension>
        </extensions>
      </trkpt>
      <trkpt lat="37.471990473568439483642578125" lon="126.9587174244225025177001953125">
        <ele>67.8000030517578125</ele>
        <time>2026-06-01T23:53:38.000Z</time>
        <extensions>
          <ns3:TrackPointExtension>
            <ns3:hr>150</ns3:hr>
            <ns3:cad>85</ns3:cad>
          </ns3:TrackPointExtension>
        </extensions>
      </trkpt>
      <trkpt lat="37.47202039696276187896728515625" lon="126.95872069336473941802978515625">
        <ele>67.8000030517578125</ele>
        <time>2026-06-01T23:53:39.000Z</time>
        <extensions>
          <ns3:TrackPointExtension>
            <ns3:hr>150</ns3:hr>
            <ns3:cad>85</ns3:cad>
          </ns3:TrackPointExtension>
        </extensions>
      </trkpt>
      <trkpt lat="37.47205643914639949798583984375" lon="126.9587284885346889495849609375">
        <ele>67.59999847412109375</ele>
        <time>2026-06-01T23:53:40.000Z</time>
        <extensions>
          <ns3:TrackPointExtension>
            <ns3:hr>150</ns3:hr>
            <ns3:cad>85</ns3:cad>
          </ns3:TrackPointExtension>
        </extensions>
      </trkpt>
      <trkpt lat="37.4720861949026584625244140625" lon="126.95874449796974658966064453125">
        <ele>67.40000152587890625</ele>
        <time>2026-06-01T23:53:41.000Z</time>
        <extensions>
          <ns3:TrackPointExtension>
            <ns3:hr>150</ns3:hr>
            <ns3:cad>85</ns3:cad>
          </ns3:TrackPointExtension>
        </extensions>
      </trkpt>
      <trkpt lat="37.47211058624088764190673828125" lon="126.95875254459679126739501953125">
        <ele>67.40000152587890625</ele>
        <time>2026-06-01T23:53:42.000Z</time>
        <extensions>
          <ns3:TrackPointExtension>
            <ns3:hr>150</ns3:hr>
            <ns3:cad>85</ns3:cad>
          </ns3:TrackPointExtension>
        </extensions>
      </trkpt>
      <trkpt lat="37.4721478857100009918212890625" lon="126.9587787799537181854248046875">
        <ele>67.40000152587890625</ele>
        <time>2026-06-01T23:53:43.000Z</time>
        <extensions>
          <ns3:TrackPointExtension>
            <ns3:hr>150</ns3:hr>
            <ns3:cad>86</ns3:cad>
          </ns3:TrackPointExtension>
        </extensions>
      </trkpt>
      <trkpt lat="37.47216976247727870941162109375" lon="126.95879043079912662506103515625">
        <ele>67.40000152587890625</ele>
        <time>2026-06-01T23:53:44.000Z</time>
        <extensions>
          <ns3:TrackPointExtension>
            <ns3:hr>150</ns3:hr>
            <ns3:cad>86</ns3:cad>
          </ns3:TrackPointExtension>
        </extensions>
      </trkpt>
      <trkpt lat="37.4721981771290302276611328125" lon="126.9588170014321804046630859375">
        <ele>67.59999847412109375</ele>
        <time>2026-06-01T23:53:45.000Z</time>
        <extensions>
          <ns3:TrackPointExtension>
            <ns3:hr>151</ns3:hr>
            <ns3:cad>86</ns3:cad>
          </ns3:TrackPointExtension>
        </extensions>
      </trkpt>
      <trkpt lat="37.472215779125690460205078125" lon="126.958848349750041961669921875">
        <ele>67.59999847412109375</ele>
        <time>2026-06-01T23:53:46.000Z</time>
        <extensions>
          <ns3:TrackPointExtension>
            <ns3:hr>150</ns3:hr>
            <ns3:cad>86</ns3:cad>
          </ns3:TrackPointExtension>
        </extensions>
      </trkpt>
      <trkpt lat="37.47221485711634159088134765625" lon="126.9588974677026271820068359375">
        <ele>67.59999847412109375</ele>
        <time>2026-06-01T23:53:47.000Z</time>
        <extensions>
          <ns3:TrackPointExtension>
            <ns3:hr>151</ns3:hr>
            <ns3:cad>86</ns3:cad>
          </ns3:TrackPointExtension>
        </extensions>
      </trkpt>
      <trkpt lat="37.47220915742218494415283203125" lon="126.95894029922783374786376953125">
        <ele>67.40000152587890625</ele>
        <time>2026-06-01T23:53:48.000Z</time>
        <extensions>
          <ns3:TrackPointExtension>
            <ns3:hr>151</ns3:hr>
            <ns3:cad>86</ns3:cad>
          </ns3:TrackPointExtension>
        </extensions>
      </trkpt>
      <trkpt lat="37.4721961654722690582275390625" lon="126.95897717960178852081298828125">
        <ele>67.40000152587890625</ele>
        <time>2026-06-01T23:53:49.000Z</time>
        <extensions>
          <ns3:TrackPointExtension>
            <ns3:hr>151</ns3:hr>
            <ns3:cad>85</ns3:cad>
          </ns3:TrackPointExtension>
        </extensions>
      </trkpt>
      <trkpt lat="37.4721606262028217315673828125" lon="126.9590107910335063934326171875">
        <ele>67.1999969482421875</ele>
        <time>2026-06-01T23:53:50.000Z</time>
        <extensions>
          <ns3:TrackPointExtension>
            <ns3:hr>150</ns3:hr>
            <ns3:cad>85</ns3:cad>
          </ns3:TrackPointExtension>
        </extensions>
      </trkpt>
      <trkpt lat="37.47213975526392459869384765625" lon="126.95903032086789608001708984375">
        <ele>67.1999969482421875</ele>
        <time>2026-06-01T23:53:51.000Z</time>
        <extensions>
          <ns3:TrackPointExtension>
            <ns3:hr>150</ns3:hr>
            <ns3:cad>85</ns3:cad>
          </ns3:TrackPointExtension>
        </extensions>
      </trkpt>
      <trkpt lat="37.47211150825023651123046875" lon="126.95904591120779514312744140625">
        <ele>67.1999969482421875</ele>
        <time>2026-06-01T23:53:52.000Z</time>
        <extensions>
          <ns3:TrackPointExtension>
            <ns3:hr>150</ns3:hr>
            <ns3:cad>85</ns3:cad>
          </ns3:TrackPointExtension>
        </extensions>
      </trkpt>
      <trkpt lat="37.47208577580749988555908203125" lon="126.95906083099544048309326171875">
        <ele>67.1999969482421875</ele>
        <time>2026-06-01T23:53:53.000Z</time>
        <extensions>
          <ns3:TrackPointExtension>
            <ns3:hr>150</ns3:hr>
            <ns3:cad>85</ns3:cad>
          </ns3:TrackPointExtension>
        </extensions>
      </trkpt>
      <trkpt lat="37.4720546789467334747314453125" lon="126.95907860063016414642333984375">
        <ele>67</ele>
        <time>2026-06-01T23:53:54.000Z</time>
        <extensions>
          <ns3:TrackPointExtension>
            <ns3:hr>150</ns3:hr>
            <ns3:cad>86</ns3:cad>
          </ns3:TrackPointExtension>
        </extensions>
      </trkpt>
      <trkpt lat="37.472018636763095855712890625" lon="126.95909150876104831695556640625">
        <ele>67</ele>
        <time>2026-06-01T23:53:55.000Z</time>
        <extensions>
          <ns3:TrackPointExtension>
            <ns3:hr>150</ns3:hr>
            <ns3:cad>86</ns3:cad>
          </ns3:TrackPointExtension>
        </extensions>
      </trkpt>
      <trkpt lat="37.47198938392102718353271484375" lon="126.959107853472232818603515625">
        <ele>67</ele>
        <time>2026-06-01T23:53:56.000Z</time>
        <extensions>
          <ns3:TrackPointExtension>
            <ns3:hr>150</ns3:hr>
            <ns3:cad>87</ns3:cad>
          </ns3:TrackPointExtension>
        </extensions>
      </trkpt>
      <trkpt lat="37.47194814495742321014404296875" lon="126.95911221206188201904296875">
        <ele>67</ele>
        <time>2026-06-01T23:53:57.000Z</time>
        <extensions>
          <ns3:TrackPointExtension>
            <ns3:hr>150</ns3:hr>
            <ns3:cad>86</ns3:cad>
          </ns3:TrackPointExtension>
        </extensions>
      </trkpt>
      <trkpt lat="37.47192450799047946929931640625" lon="126.95913224481046199798583984375">
        <ele>67</ele>
        <time>2026-06-01T23:53:58.000Z</time>
        <extensions>
          <ns3:TrackPointExtension>
            <ns3:hr>150</ns3:hr>
            <ns3:cad>86</ns3:cad>
          </ns3:TrackPointExtension>
        </extensions>
      </trkpt>
      <trkpt lat="37.47188695706427097320556640625" lon="126.9591465778648853302001953125">
        <ele>67</ele>
        <time>2026-06-01T23:53:59.000Z</time>
        <extensions>
          <ns3:TrackPointExtension>
            <ns3:hr>150</ns3:hr>
            <ns3:cad>86</ns3:cad>
          </ns3:TrackPointExtension>
        </extensions>
      </trkpt>
      <trkpt lat="37.47186231426894664764404296875" lon="126.95916158147156238555908203125">
        <ele>67</ele>
        <time>2026-06-01T23:54:00.000Z</time>
        <extensions>
          <ns3:TrackPointExtension>
            <ns3:hr>149</ns3:hr>
            <ns3:cad>86</ns3:cad>
          </ns3:TrackPointExtension>
        </extensions>
      </trkpt>
      <trkpt lat="37.47182786464691162109375" lon="126.95917281322181224822998046875">
        <ele>67</ele>
        <time>2026-06-01T23:54:01.000Z</time>
        <extensions>
          <ns3:TrackPointExtension>
            <ns3:hr>150</ns3:hr>
            <ns3:cad>86</ns3:cad>
          </ns3:TrackPointExtension>
        </extensions>
      </trkpt>
      <trkpt lat="37.471794672310352325439453125" lon="126.959182955324649810791015625">
        <ele>67</ele>
        <time>2026-06-01T23:54:02.000Z</time>
        <extensions>
          <ns3:TrackPointExtension>
            <ns3:hr>150</ns3:hr>
            <ns3:cad>86</ns3:cad>
          </ns3:TrackPointExtension>
        </extensions>
      </trkpt>
      <trkpt lat="37.4717670120298862457275390625" lon="126.95919862948358058929443359375">
        <ele>67</ele>
        <time>2026-06-01T23:54:03.000Z</time>
        <extensions>
          <ns3:TrackPointExtension>
            <ns3:hr>150</ns3:hr>
            <ns3:cad>86</ns3:cad>
          </ns3:TrackPointExtension>
        </extensions>
      </trkpt>
      <trkpt lat="37.47173105366528034210205078125" lon="126.9592156447470188140869140625">
        <ele>66.8000030517578125</ele>
        <time>2026-06-01T23:54:04.000Z</time>
        <extensions>
          <ns3:TrackPointExtension>
            <ns3:hr>150</ns3:hr>
            <ns3:cad>86</ns3:cad>
          </ns3:TrackPointExtension>
        </extensions>
      </trkpt>
      <trkpt lat="37.4717096798121929168701171875" lon="126.95923131890594959259033203125">
        <ele>66.8000030517578125</ele>
        <time>2026-06-01T23:54:05.000Z</time>
        <extensions>
          <ns3:TrackPointExtension>
            <ns3:hr>150</ns3:hr>
            <ns3:cad>86</ns3:cad>
          </ns3:TrackPointExtension>
        </extensions>
      </trkpt>
      <trkpt lat="37.47167355380952358245849609375" lon="126.9592401199042797088623046875">
        <ele>66.59999847412109375</ele>
        <time>2026-06-01T23:54:06.000Z</time>
        <extensions>
          <ns3:TrackPointExtension>
            <ns3:hr>149</ns3:hr>
            <ns3:cad>85</ns3:cad>
          </ns3:TrackPointExtension>
        </extensions>
      </trkpt>
      <trkpt lat="37.47165092267096042633056640625" lon="126.9592545367777347564697265625">
        <ele>66.59999847412109375</ele>
        <time>2026-06-01T23:54:07.000Z</time>
        <extensions>
          <ns3:TrackPointExtension>
            <ns3:hr>149</ns3:hr>
            <ns3:cad>85</ns3:cad>
          </ns3:TrackPointExtension>
        </extensions>
      </trkpt>
      <trkpt lat="37.47161873616278171539306640625" lon="126.9592756591737270355224609375">
        <ele>66.59999847412109375</ele>
        <time>2026-06-01T23:54:08.000Z</time>
        <extensions>
          <ns3:TrackPointExtension>
            <ns3:hr>149</ns3:hr>
            <ns3:cad>85</ns3:cad>
          </ns3:TrackPointExtension>
        </extensions>
      </trkpt>
      <trkpt lat="37.471589483320713043212890625" lon="126.9592860527336597442626953125">
        <ele>66.8000030517578125</ele>
        <time>2026-06-01T23:54:09.000Z</time>
        <extensions>
          <ns3:TrackPointExtension>
            <ns3:hr>149</ns3:hr>
            <ns3:cad>85</ns3:cad>
          </ns3:TrackPointExtension>
        </extensions>
      </trkpt>
      <trkpt lat="37.47156408615410327911376953125" lon="126.95930005051195621490478515625">
        <ele>66.8000030517578125</ele>
        <time>2026-06-01T23:54:10.000Z</time>
        <extensions>
          <ns3:TrackPointExtension>
            <ns3:hr>150</ns3:hr>
            <ns3:cad>85</ns3:cad>
          </ns3:TrackPointExtension>
        </extensions>
      </trkpt>
      <trkpt lat="37.47153441421687602996826171875" lon="126.95931136608123779296875">
        <ele>67</ele>
        <time>2026-06-01T23:54:11.000Z</time>
        <extensions>
          <ns3:TrackPointExtension>
            <ns3:hr>150</ns3:hr>
            <ns3:cad>85</ns3:cad>
          </ns3:TrackPointExtension>
        </extensions>
      </trkpt>
      <trkpt lat="37.4715127050876617431640625" lon="126.95932720787823200225830078125">
        <ele>67.1999969482421875</ele>
        <time>2026-06-01T23:54:12.000Z</time>
        <extensions>
          <ns3:TrackPointExtension>
            <ns3:hr>150</ns3:hr>
            <ns3:cad>86</ns3:cad>
          </ns3:TrackPointExtension>
        </extensions>
      </trkpt>
      <trkpt lat="37.4714778363704681396484375" lon="126.95934849791228771209716796875">
        <ele>67.1999969482421875</ele>
        <time>2026-06-01T23:54:13.000Z</time>
        <extensions>
          <ns3:TrackPointExtension>
            <ns3:hr>150</ns3:hr>
            <ns3:cad>86</ns3:cad>
          </ns3:TrackPointExtension>
        </extensions>
      </trkpt>
      <trkpt lat="37.4714521877467632293701171875" lon="126.959362663328647613525390625">
        <ele>67.40000152587890625</ele>
        <time>2026-06-01T23:54:14.000Z</time>
        <extensions>
          <ns3:TrackPointExtension>
            <ns3:hr>150</ns3:hr>
            <ns3:cad>86</ns3:cad>
          </ns3:TrackPointExtension>
        </extensions>
      </trkpt>
      <trkpt lat="37.47141807340085506439208984375" lon="126.95937481708824634552001953125">
        <ele>67.40000152587890625</ele>
        <time>2026-06-01T23:54:15.000Z</time>
        <extensions>
          <ns3:TrackPointExtension>
            <ns3:hr>150</ns3:hr>
            <ns3:cad>85</ns3:cad>
          </ns3:TrackPointExtension>
        </extensions>
      </trkpt>
      <trkpt lat="37.4713827855885028839111328125" lon="126.959380097687244415283203125">
        <ele>67.40000152587890625</ele>
        <time>2026-06-01T23:54:16.000Z</time>
        <extensions>
          <ns3:TrackPointExtension>
            <ns3:hr>150</ns3:hr>
            <ns3:cad>85</ns3:cad>
          </ns3:TrackPointExtension>
        </extensions>
      </trkpt>
      <trkpt lat="37.47135269455611705780029296875" lon="126.959389485418796539306640625">
        <ele>67.40000152587890625</ele>
        <time>2026-06-01T23:54:17.000Z</time>
        <extensions>
          <ns3:TrackPointExtension>
            <ns3:hr>150</ns3:hr>
            <ns3:cad>86</ns3:cad>
          </ns3:TrackPointExtension>
        </extensions>
      </trkpt>
      <trkpt lat="37.47131044976413249969482421875" lon="126.95938571356236934661865234375">
        <ele>67.59999847412109375</ele>
        <time>2026-06-01T23:54:18.000Z</time>
        <extensions>
          <ns3:TrackPointExtension>
            <ns3:hr>150</ns3:hr>
            <ns3:cad>86</ns3:cad>
          </ns3:TrackPointExtension>
        </extensions>
      </trkpt>
      <trkpt lat="37.471287064254283905029296875" lon="126.9593824446201324462890625">
        <ele>67.59999847412109375</ele>
        <time>2026-06-01T23:54:19.000Z</time>
        <extensions>
          <ns3:TrackPointExtension>
            <ns3:hr>150</ns3:hr>
            <ns3:cad>86</ns3:cad>
          </ns3:TrackPointExtension>
        </extensions>
      </trkpt>
      <trkpt lat="37.4712503515183925628662109375" lon="126.9593685306608676910400390625">
        <ele>67.59999847412109375</ele>
        <time>2026-06-01T23:54:20.000Z</time>
        <extensions>
          <ns3:TrackPointExtension>
            <ns3:hr>151</ns3:hr>
            <ns3:cad>85</ns3:cad>
          </ns3:TrackPointExtension>
        </extensions>
      </trkpt>
      <trkpt lat="37.47122160159051418304443359375" lon="126.9593621604144573211669921875">
        <ele>67.8000030517578125</ele>
        <time>2026-06-01T23:54:21.000Z</time>
        <extensions>
          <ns3:TrackPointExtension>
            <ns3:hr>151</ns3:hr>
            <ns3:cad>85</ns3:cad>
          </ns3:TrackPointExtension>
        </extensions>
      </trkpt>
      <trkpt lat="37.471187151968479156494140625" lon="126.9593457318842411041259765625">
        <ele>67.8000030517578125</ele>
        <time>2026-06-01T23:54:22.000Z</time>
        <extensions>
          <ns3:TrackPointExtension>
            <ns3:hr>151</ns3:hr>
            <ns3:cad>85</ns3:cad>
          </ns3:TrackPointExtension>
        </extensions>
      </trkpt>
      <trkpt lat="37.47115622274577617645263671875" lon="126.9593293033540248870849609375">
        <ele>67.8000030517578125</ele>
        <time>2026-06-01T23:54:23.000Z</time>
        <extensions>
          <ns3:TrackPointExtension>
            <ns3:hr>151</ns3:hr>
            <ns3:cad>85</ns3:cad>
          </ns3:TrackPointExtension>
        </extensions>
      </trkpt>
      <trkpt lat="37.4711259640753269195556640625" lon="126.95931714959442615509033203125">
        <ele>67.8000030517578125</ele>
        <time>2026-06-01T23:54:24.000Z</time>
        <extensions>
          <ns3:TrackPointExtension>
            <ns3:hr>152</ns3:hr>
            <ns3:cad>86</ns3:cad>
          </ns3:TrackPointExtension>
        </extensions>
      </trkpt>
      <trkpt lat="37.4710942804813385009765625" lon="126.95929200388491153717041015625">
        <ele>67.8000030517578125</ele>
        <time>2026-06-01T23:54:25.000Z</time>
        <extensions>
          <ns3:TrackPointExtension>
            <ns3:hr>152</ns3:hr>
            <ns3:cad>86</ns3:cad>
          </ns3:TrackPointExtension>
        </extensions>
      </trkpt>
      <trkpt lat="37.47107290662825107574462890625" lon="126.959282867610454559326171875">
        <ele>67.8000030517578125</ele>
        <time>2026-06-01T23:54:26.000Z</time>
        <extensions>
          <ns3:TrackPointExtension>
            <ns3:hr>152</ns3:hr>
            <ns3:cad>86</ns3:cad>
          </ns3:TrackPointExtension>
        </extensions>
      </trkpt>
      <trkpt lat="37.47104105539619922637939453125" lon="126.95924908854067325592041015625">
        <ele>67.8000030517578125</ele>
        <time>2026-06-01T23:54:27.000Z</time>
        <extensions>
          <ns3:TrackPointExtension>
            <ns3:hr>152</ns3:hr>
            <ns3:cad>86</ns3:cad>
          </ns3:TrackPointExtension>
        </extensions>
      </trkpt>
      <trkpt lat="37.4710176698863506317138671875" lon="126.959230899810791015625">
        <ele>67.8000030517578125</ele>
        <time>2026-06-01T23:54:28.000Z</time>
        <extensions>
          <ns3:TrackPointExtension>
            <ns3:hr>151</ns3:hr>
            <ns3:cad>86</ns3:cad>
          </ns3:TrackPointExtension>
        </extensions>
      </trkpt>
      <trkpt lat="37.470988668501377105712890625" lon="126.959196366369724273681640625">
        <ele>67.8000030517578125</ele>
        <time>2026-06-01T23:54:29.000Z</time>
        <extensions>
          <ns3:TrackPointExtension>
            <ns3:hr>152</ns3:hr>
            <ns3:cad>86</ns3:cad>
          </ns3:TrackPointExtension>
        </extensions>
      </trkpt>
      <trkpt lat="37.47096830047667026519775390625" lon="126.95916191674768924713134765625">
        <ele>68</ele>
        <time>2026-06-01T23:54:30.000Z</time>
        <extensions>
          <ns3:TrackPointExtension>
            <ns3:hr>152</ns3:hr>
            <ns3:cad>86</ns3:cad>
          </ns3:TrackPointExtension>
        </extensions>
      </trkpt>
      <trkpt lat="37.47094650752842426300048828125" lon="126.95913509465754032135009765625">
        <ele>68</ele>
        <time>2026-06-01T23:54:31.000Z</time>
        <extensions>
          <ns3:TrackPointExtension>
            <ns3:hr>153</ns3:hr>
            <ns3:cad>86</ns3:cad>
          </ns3:TrackPointExtension>
        </extensions>
      </trkpt>
      <trkpt lat="37.47093007899820804595947265625" lon="126.95909603498876094818115234375">
        <ele>68.1999969482421875</ele>
        <time>2026-06-01T23:54:32.000Z</time>
        <extensions>
          <ns3:TrackPointExtension>
            <ns3:hr>153</ns3:hr>
            <ns3:cad>86</ns3:cad>
          </ns3:TrackPointExtension>
        </extensions>
      </trkpt>
      <trkpt lat="37.4709118902683258056640625" lon="126.95907591842114925384521484375">
        <ele>68.40000152587890625</ele>
        <time>2026-06-01T23:54:33.000Z</time>
        <extensions>
          <ns3:TrackPointExtension>
            <ns3:hr>153</ns3:hr>
            <ns3:cad>86</ns3:cad>
          </ns3:TrackPointExtension>
        </extensions>
      </trkpt>
      <trkpt lat="37.47089018113911151885986328125" lon="126.95903602056205272674560546875">
        <ele>68.40000152587890625</ele>
        <time>2026-06-01T23:54:34.000Z</time>
        <extensions>
          <ns3:TrackPointExtension>
            <ns3:hr>153</ns3:hr>
            <ns3:cad>86</ns3:cad>
          </ns3:TrackPointExtension>
        </extensions>
      </trkpt>
      <trkpt lat="37.47087140567600727081298828125" lon="126.95900634862482547760009765625">
        <ele>68.40000152587890625</ele>
        <time>2026-06-01T23:54:35.000Z</time>
        <extensions>
          <ns3:TrackPointExtension>
            <ns3:hr>153</ns3:hr>
            <ns3:cad>86</ns3:cad>
          </ns3:TrackPointExtension>
        </extensions>
      </trkpt>
      <trkpt lat="37.47085061855614185333251953125" lon="126.95896737277507781982421875">
        <ele>68.59999847412109375</ele>
        <time>2026-06-01T23:54:36.000Z</time>
        <extensions>
          <ns3:TrackPointExtension>
            <ns3:hr>153</ns3:hr>
            <ns3:cad>86</ns3:cad>
          </ns3:TrackPointExtension>
        </extensions>
      </trkpt>
      <trkpt lat="37.4708322621881961822509765625" lon="126.95893946103751659393310546875">
        <ele>68.59999847412109375</ele>
        <time>2026-06-01T23:54:37.000Z</time>
        <extensions>
          <ns3:TrackPointExtension>
            <ns3:hr>153</ns3:hr>
            <ns3:cad>86</ns3:cad>
          </ns3:TrackPointExtension>
        </extensions>
      </trkpt>
      <trkpt lat="37.47081021778285503387451171875" lon="126.95890995673835277557373046875">
        <ele>68.59999847412109375</ele>
        <time>2026-06-01T23:54:38.000Z</time>
        <extensions>
          <ns3:TrackPointExtension>
            <ns3:hr>154</ns3:hr>
            <ns3:cad>86</ns3:cad>
          </ns3:TrackPointExtension>
        </extensions>
      </trkpt>
      <trkpt lat="37.4707937054336071014404296875" lon="126.95887609384953975677490234375">
        <ele>68.8000030517578125</ele>
        <time>2026-06-01T23:54:39.000Z</time>
        <extensions>
          <ns3:TrackPointExtension>
            <ns3:hr>153</ns3:hr>
            <ns3:cad>86</ns3:cad>
          </ns3:TrackPointExtension>
        </extensions>
      </trkpt>
      <trkpt lat="37.47077568434178829193115234375" lon="126.9588605873286724090576171875">
        <ele>68.8000030517578125</ele>
        <time>2026-06-01T23:54:40.000Z</time>
        <extensions>
          <ns3:TrackPointExtension>
            <ns3:hr>153</ns3:hr>
            <ns3:cad>86</ns3:cad>
          </ns3:TrackPointExtension>
        </extensions>
      </trkpt>
      <trkpt lat="37.470756657421588897705078125" lon="126.9588257186114788055419921875">
        <ele>69</ele>
        <time>2026-06-01T23:54:41.000Z</time>
        <extensions>
          <ns3:TrackPointExtension>
            <ns3:hr>154</ns3:hr>
            <ns3:cad>86</ns3:cad>
          </ns3:TrackPointExtension>
        </extensions>
      </trkpt>
      <trkpt lat="37.47074224054813385009765625" lon="126.95880367420613765716552734375">
        <ele>69</ele>
        <time>2026-06-01T23:54:42.000Z</time>
        <extensions>
          <ns3:TrackPointExtension>
            <ns3:hr>153</ns3:hr>
            <ns3:cad>87</ns3:cad>
          </ns3:TrackPointExtension>
        </extensions>
      </trkpt>
      <trkpt lat="37.47072078287601470947265625" lon="126.95876729674637317657470703125">
        <ele>69.1999969482421875</ele>
        <time>2026-06-01T23:54:43.000Z</time>
        <extensions>
          <ns3:TrackPointExtension>
            <ns3:hr>154</ns3:hr>
            <ns3:cad>87</ns3:cad>
          </ns3:TrackPointExtension>
        </extensions>
      </trkpt>
      <trkpt lat="37.470704019069671630859375" lon="126.95873728953301906585693359375">
        <ele>69.1999969482421875</ele>
        <time>2026-06-01T23:54:44.000Z</time>
        <extensions>
          <ns3:TrackPointExtension>
            <ns3:hr>154</ns3:hr>
            <ns3:cad>87</ns3:cad>
          </ns3:TrackPointExtension>
        </extensions>
      </trkpt>
      <trkpt lat="37.4706852436065673828125" lon="126.95871147327125072479248046875">
        <ele>69.1999969482421875</ele>
        <time>2026-06-01T23:54:45.000Z</time>
        <extensions>
          <ns3:TrackPointExtension>
            <ns3:hr>154</ns3:hr>
            <ns3:cad>85</ns3:cad>
          </ns3:TrackPointExtension>
        </extensions>
      </trkpt>
      <trkpt lat="37.4706713296473026275634765625" lon="126.95867903530597686767578125">
        <ele>69.40000152587890625</ele>
        <time>2026-06-01T23:54:46.000Z</time>
        <extensions>
          <ns3:TrackPointExtension>
            <ns3:hr>153</ns3:hr>
            <ns3:cad>85</ns3:cad>
          </ns3:TrackPointExtension>
        </extensions>
      </trkpt>
      <trkpt lat="37.47065397910773754119873046875" lon="126.95866101421415805816650390625">
        <ele>69.40000152587890625</ele>
        <time>2026-06-01T23:54:47.000Z</time>
        <extensions>
          <ns3:TrackPointExtension>
            <ns3:hr>154</ns3:hr>
            <ns3:cad>85</ns3:cad>
          </ns3:TrackPointExtension>
        </extensions>
      </trkpt>
      <trkpt lat="37.470631264150142669677734375" lon="126.9586228765547275543212890625">
        <ele>69.40000152587890625</ele>
        <time>2026-06-01T23:54:48.000Z</time>
        <extensions>
          <ns3:TrackPointExtension>
            <ns3:hr>154</ns3:hr>
            <ns3:cad>85</ns3:cad>
          </ns3:TrackPointExtension>
        </extensions>
      </trkpt>
      <trkpt lat="37.47060821391642093658447265625" lon="126.9586004130542278289794921875">
        <ele>69.40000152587890625</ele>
        <time>2026-06-01T23:54:49.000Z</time>
        <extensions>
          <ns3:TrackPointExtension>
            <ns3:hr>153</ns3:hr>
            <ns3:cad>85</ns3:cad>
          </ns3:TrackPointExtension>
        </extensions>
      </trkpt>
      <trkpt lat="37.47058809734880924224853515625" lon="126.95856370031833648681640625">
        <ele>69.40000152587890625</ele>
        <time>2026-06-01T23:54:50.000Z</time>
        <extensions>
          <ns3:TrackPointExtension>
            <ns3:hr>154</ns3:hr>
            <ns3:cad>85</ns3:cad>
          </ns3:TrackPointExtension>
        </extensions>
      </trkpt>
      <trkpt lat="37.4705694057047367095947265625" lon="126.9585321843624114990234375">
        <ele>69.59999847412109375</ele>
        <time>2026-06-01T23:54:51.000Z</time>
        <extensions>
          <ns3:TrackPointExtension>
            <ns3:hr>154</ns3:hr>
            <ns3:cad>85</ns3:cad>
          </ns3:TrackPointExtension>
        </extensions>
      </trkpt>
      <trkpt lat="37.4705533124506473541259765625" lon="126.95851030759513378143310546875">
        <ele>69.59999847412109375</ele>
        <time>2026-06-01T23:54:52.000Z</time>
        <extensions>
          <ns3:TrackPointExtension>
            <ns3:hr>154</ns3:hr>
            <ns3:cad>86</ns3:cad>
          </ns3:TrackPointExtension>
        </extensions>
      </trkpt>
      <trkpt lat="37.47053705155849456787109375" lon="126.95846806280314922332763671875">
        <ele>69.8000030517578125</ele>
        <time>2026-06-01T23:54:53.000Z</time>
        <extensions>
          <ns3:TrackPointExtension>
            <ns3:hr>153</ns3:hr>
            <ns3:cad>86</ns3:cad>
          </ns3:TrackPointExtension>
        </extensions>
      </trkpt>
      <trkpt lat="37.4705274961888790130615234375" lon="126.95843839086592197418212890625">
        <ele>69.8000030517578125</ele>
        <time>2026-06-01T23:54:54.000Z</time>
        <extensions>
          <ns3:TrackPointExtension>
            <ns3:hr>154</ns3:hr>
            <ns3:cad>86</ns3:cad>
          </ns3:TrackPointExtension>
        </extensions>
      </trkpt>
      <trkpt lat="37.47052003629505634307861328125" lon="126.95839195512235164642333984375">
        <ele>69.8000030517578125</ele>
        <time>2026-06-01T23:54:55.000Z</time>
        <extensions>
          <ns3:TrackPointExtension>
            <ns3:hr>154</ns3:hr>
            <ns3:cad>85</ns3:cad>
          </ns3:TrackPointExtension>
        </extensions>
      </trkpt>
      <trkpt lat="37.470535375177860260009765625" lon="126.9583637081086635589599609375">
        <ele>69.8000030517578125</ele>
        <time>2026-06-01T23:54:56.000Z</time>
        <extensions>
          <ns3:TrackPointExtension>
            <ns3:hr>153</ns3:hr>
            <ns3:cad>85</ns3:cad>
          </ns3:TrackPointExtension>
        </extensions>
      </trkpt>
      <trkpt lat="37.47056328691542148590087890625" lon="126.9583402387797832489013671875">
        <ele>70</ele>
        <time>2026-06-01T23:54:57.000Z</time>
        <extensions>
          <ns3:TrackPointExtension>
            <ns3:hr>154</ns3:hr>
            <ns3:cad>85</ns3:cad>
          </ns3:TrackPointExtension>
        </extensions>
      </trkpt>
      <trkpt lat="37.47060008347034454345703125" lon="126.9583417475223541259765625">
        <ele>69.8000030517578125</ele>
        <time>2026-06-01T23:54:58.000Z</time>
        <extensions>
          <ns3:TrackPointExtension>
            <ns3:hr>154</ns3:hr>
            <ns3:cad>85</ns3:cad>
          </ns3:TrackPointExtension>
        </extensions>
      </trkpt>
      <trkpt lat="37.47062682174146175384521484375" lon="126.9583439268171787261962890625">
        <ele>69.8000030517578125</ele>
        <time>2026-06-01T23:54:59.000Z</time>
        <extensions>
          <ns3:TrackPointExtension>
            <ns3:hr>154</ns3:hr>
            <ns3:cad>85</ns3:cad>
          </ns3:TrackPointExtension>
        </extensions>
      </trkpt>
      <trkpt lat="37.47066806070506572723388671875" lon="126.95835717022418975830078125">
        <ele>69.8000030517578125</ele>
        <time>2026-06-01T23:55:00.000Z</time>
        <extensions>
          <ns3:TrackPointExtension>
            <ns3:hr>154</ns3:hr>
            <ns3:cad>85</ns3:cad>
          </ns3:TrackPointExtension>
        </extensions>
      </trkpt>
      <trkpt lat="37.47069840319454669952392578125" lon="126.95836253464221954345703125">
        <ele>69.59999847412109375</ele>
        <time>2026-06-01T23:55:01.000Z</time>
        <extensions>
          <ns3:TrackPointExtension>
            <ns3:hr>154</ns3:hr>
            <ns3:cad>85</ns3:cad>
          </ns3:TrackPointExtension>
        </extensions>
      </trkpt>
      <trkpt lat="37.47073511593043804168701171875" lon="126.95838022045791149139404296875">
        <ele>69.59999847412109375</ele>
        <time>2026-06-01T23:55:02.000Z</time>
        <extensions>
          <ns3:TrackPointExtension>
            <ns3:hr>154</ns3:hr>
            <ns3:cad>85</ns3:cad>
          </ns3:TrackPointExtension>
        </extensions>
      </trkpt>
      <trkpt lat="37.47076344676315784454345703125" lon="126.95838608779013156890869140625">
        <ele>69.59999847412109375</ele>
        <time>2026-06-01T23:55:03.000Z</time>
        <extensions>
          <ns3:TrackPointExtension>
            <ns3:hr>154</ns3:hr>
            <ns3:cad>85</ns3:cad>
          </ns3:TrackPointExtension>
        </extensions>
      </trkpt>
      <trkpt lat="37.47079177759587764739990234375" lon="126.958394385874271392822265625">
        <ele>69.59999847412109375</ele>
        <time>2026-06-01T23:55:04.000Z</time>
        <extensions>
          <ns3:TrackPointExtension>
            <ns3:hr>154</ns3:hr>
            <ns3:cad>85</ns3:cad>
          </ns3:TrackPointExtension>
        </extensions>
      </trkpt>
      <trkpt lat="37.470821030437946319580078125" lon="126.9584109820425510406494140625">
        <ele>69.59999847412109375</ele>
        <time>2026-06-01T23:55:05.000Z</time>
        <extensions>
          <ns3:TrackPointExtension>
            <ns3:hr>154</ns3:hr>
            <ns3:cad>85</ns3:cad>
          </ns3:TrackPointExtension>
        </extensions>
      </trkpt>
      <trkpt lat="37.4708423204720020294189453125" lon="126.958418525755405426025390625">
        <ele>69.8000030517578125</ele>
        <time>2026-06-01T23:55:06.000Z</time>
        <extensions>
          <ns3:TrackPointExtension>
            <ns3:hr>154</ns3:hr>
            <ns3:cad>85</ns3:cad>
          </ns3:TrackPointExtension>
        </extensions>
      </trkpt>
      <trkpt lat="37.47087911702692508697509765625" lon="126.958440653979778289794921875">
        <ele>69.59999847412109375</ele>
        <time>2026-06-01T23:55:07.000Z</time>
        <extensions>
          <ns3:TrackPointExtension>
            <ns3:hr>154</ns3:hr>
            <ns3:cad>85</ns3:cad>
          </ns3:TrackPointExtension>
        </extensions>
      </trkpt>
      <trkpt lat="37.47090317308902740478515625" lon="126.95844643749296665191650390625">
        <ele>69.59999847412109375</ele>
        <time>2026-06-01T23:55:08.000Z</time>
        <extensions>
          <ns3:TrackPointExtension>
            <ns3:hr>155</ns3:hr>
            <ns3:cad>85</ns3:cad>
          </ns3:TrackPointExtension>
        </extensions>
      </trkpt>
      <trkpt lat="37.47093175537884235382080078125" lon="126.95845733396708965301513671875">
        <ele>69.59999847412109375</ele>
        <time>2026-06-01T23:55:09.000Z</time>
        <extensions>
          <ns3:TrackPointExtension>
            <ns3:hr>155</ns3:hr>
            <ns3:cad>85</ns3:cad>
          </ns3:TrackPointExtension>
        </extensions>
      </trkpt>
      <trkpt lat="37.47095857746899127960205078125" lon="126.95847141556441783905029296875">
        <ele>69.59999847412109375</ele>
        <time>2026-06-01T23:55:10.000Z</time>
        <extensions>
          <ns3:TrackPointExtension>
            <ns3:hr>155</ns3:hr>
            <ns3:cad>85</ns3:cad>
          </ns3:TrackPointExtension>
        </extensions>
      </trkpt>
      <trkpt lat="37.470984645187854766845703125" lon="126.9584827311336994171142578125">
        <ele>69.59999847412109375</ele>
        <time>2026-06-01T23:55:11.000Z</time>
        <extensions>
          <ns3:TrackPointExtension>
            <ns3:hr>154</ns3:hr>
            <ns3:cad>85</ns3:cad>
          </ns3:TrackPointExtension>
        </extensions>
      </trkpt>
      <trkpt lat="37.4710191786289215087890625" lon="126.95850410498678684234619140625">
        <ele>69.59999847412109375</ele>
        <time>2026-06-01T23:55:12.000Z</time>
        <extensions>
          <ns3:TrackPointExtension>
            <ns3:hr>154</ns3:hr>
            <ns3:cad>85</ns3:cad>
          </ns3:TrackPointExtension>
        </extensions>
      </trkpt>
      <trkpt lat="37.4710451625287532806396484375" lon="126.95851005613803863525390625">
        <ele>69.59999847412109375</ele>
        <time>2026-06-01T23:55:13.000Z</time>
        <extensions>
          <ns3:TrackPointExtension>
            <ns3:hr>154</ns3:hr>
            <ns3:cad>84</ns3:cad>
          </ns3:TrackPointExtension>
        </extensions>
      </trkpt>
      <trkpt lat="37.471085898578166961669921875" lon="126.9585202820599079132080078125">
        <ele>69.59999847412109375</ele>
        <time>2026-06-01T23:55:14.000Z</time>
        <extensions>
          <ns3:TrackPointExtension>
            <ns3:hr>154</ns3:hr>
            <ns3:cad>84</ns3:cad>
          </ns3:TrackPointExtension>
        </extensions>
      </trkpt>
      <trkpt lat="37.4711125530302524566650390625" lon="126.958521790802478790283203125">
        <ele>69.59999847412109375</ele>
        <time>2026-06-01T23:55:15.000Z</time>
        <extensions>
          <ns3:TrackPointExtension>
            <ns3:hr>155</ns3:hr>
            <ns3:cad>84</ns3:cad>
          </ns3:TrackPointExtension>
        </extensions>
      </trkpt>
      <trkpt lat="37.471145577728748321533203125" lon="126.95852790959179401397705078125">
        <ele>69.59999847412109375</ele>
        <time>2026-06-01T23:55:16.000Z</time>
        <extensions>
          <ns3:TrackPointExtension>
            <ns3:hr>154</ns3:hr>
            <ns3:cad>84</ns3:cad>
          </ns3:TrackPointExtension>
        </extensions>
      </trkpt>
      <trkpt lat="37.4711749143898487091064453125" lon="126.9585370458662509918212890625">
        <ele>69.59999847412109375</ele>
        <time>2026-06-01T23:55:17.000Z</time>
        <extensions>
          <ns3:TrackPointExtension>
            <ns3:hr>154</ns3:hr>
            <ns3:cad>85</ns3:cad>
          </ns3:TrackPointExtension>
        </extensions>
      </trkpt>
      <trkpt lat="37.47119964100420475006103515625" lon="126.95853763259947299957275390625">
        <ele>69.59999847412109375</ele>
        <time>2026-06-01T23:55:18.000Z</time>
        <extensions>
          <ns3:TrackPointExtension>
            <ns3:hr>154</ns3:hr>
            <ns3:cad>85</ns3:cad>
          </ns3:TrackPointExtension>
        </extensions>
      </trkpt>
      <trkpt lat="37.4712386168539524078369140625" lon="126.958549283444881439208984375">
        <ele>69.59999847412109375</ele>
        <time>2026-06-01T23:55:19.000Z</time>
        <extensions>
          <ns3:TrackPointExtension>
            <ns3:hr>154</ns3:hr>
            <ns3:cad>85</ns3:cad>
          </ns3:TrackPointExtension>
        </extensions>
      </trkpt>
      <trkpt lat="37.471261583268642425537109375" lon="126.958544254302978515625">
        <ele>69.59999847412109375</ele>
        <time>2026-06-01T23:55:20.000Z</time>
        <extensions>
          <ns3:TrackPointExtension>
            <ns3:hr>154</ns3:hr>
            <ns3:cad>85</ns3:cad>
          </ns3:TrackPointExtension>
        </extensions>
      </trkpt>
      <trkpt lat="37.47130122967064380645751953125" lon="126.95854987017810344696044921875">
        <ele>69.59999847412109375</ele>
        <time>2026-06-01T23:55:21.000Z</time>
        <extensions>
          <ns3:TrackPointExtension>
            <ns3:hr>153</ns3:hr>
            <ns3:cad>85</ns3:cad>
          </ns3:TrackPointExtension>
        </extensions>
      </trkpt>
      <trkpt lat="37.471331320703029632568359375" lon="126.9585474394261837005615234375">
        <ele>69.59999847412109375</ele>
        <time>2026-06-01T23:55:22.000Z</time>
        <extensions>
          <ns3:TrackPointExtension>
            <ns3:hr>153</ns3:hr>
            <ns3:cad>85</ns3:cad>
          </ns3:TrackPointExtension>
        </extensions>
      </trkpt>
      <trkpt lat="37.4713599868118762969970703125" lon="126.9585491158068180084228515625">
        <ele>69.59999847412109375</ele>
        <time>2026-06-01T23:55:23.000Z</time>
        <extensions>
          <ns3:TrackPointExtension>
            <ns3:hr>153</ns3:hr>
            <ns3:cad>85</ns3:cad>
          </ns3:TrackPointExtension>
        </extensions>
      </trkpt>
      <trkpt lat="37.4713915027678012847900390625" lon="126.95855909027159214019775390625">
        <ele>69.59999847412109375</ele>
        <time>2026-06-01T23:55:24.000Z</time>
        <extensions>
          <ns3:TrackPointExtension>
            <ns3:hr>152</ns3:hr>
            <ns3:cad>85</ns3:cad>
          </ns3:TrackPointExtension>
        </extensions>
      </trkpt>
      <trkpt lat="37.47141949832439422607421875" lon="126.9585605151951313018798828125">
        <ele>69.59999847412109375</ele>
        <time>2026-06-01T23:55:25.000Z</time>
        <extensions>
          <ns3:TrackPointExtension>
            <ns3:hr>152</ns3:hr>
            <ns3:cad>85</ns3:cad>
          </ns3:TrackPointExtension>
        </extensions>
      </trkpt>
      <trkpt lat="37.47145235538482666015625" lon="126.95857250131666660308837890625">
        <ele>69.40000152587890625</ele>
        <time>2026-06-01T23:55:26.000Z</time>
        <extensions>
          <ns3:TrackPointExtension>
            <ns3:hr>152</ns3:hr>
            <ns3:cad>85</ns3:cad>
          </ns3:TrackPointExtension>
        </extensions>
      </trkpt>
      <trkpt lat="37.47147641144692897796630859375" lon="126.9585705734789371490478515625">
        <ele>69.1999969482421875</ele>
        <time>2026-06-01T23:55:27.000Z</time>
        <extensions>
          <ns3:TrackPointExtension>
            <ns3:hr>153</ns3:hr>
            <ns3:cad>85</ns3:cad>
          </ns3:TrackPointExtension>
        </extensions>
      </trkpt>
      <trkpt lat="37.4715148843824863433837890625" lon="126.95857753045856952667236328125">
        <ele>69.1999969482421875</ele>
        <time>2026-06-01T23:55:28.000Z</time>
        <extensions>
          <ns3:TrackPointExtension>
            <ns3:hr>153</ns3:hr>
            <ns3:cad>85</ns3:cad>
          </ns3:TrackPointExtension>
        </extensions>
      </trkpt>
      <trkpt lat="37.4715427123010158538818359375" lon="126.9585786201059818267822265625">
        <ele>69</ele>
        <time>2026-06-01T23:55:29.000Z</time>
        <extensions>
          <ns3:TrackPointExtension>
            <ns3:hr>153</ns3:hr>
            <ns3:cad>85</ns3:cad>
          </ns3:TrackPointExtension>
        </extensions>
      </trkpt>
      <trkpt lat="37.4715715460479259490966796875" lon="126.95858574472367763519287109375">
        <ele>68.8000030517578125</ele>
        <time>2026-06-01T23:55:30.000Z</time>
        <extensions>
          <ns3:TrackPointExtension>
            <ns3:hr>152</ns3:hr>
            <ns3:cad>85</ns3:cad>
          </ns3:TrackPointExtension>
        </extensions>
      </trkpt>
      <trkpt lat="37.47160180471837520599365234375" lon="126.95860016159713268280029296875">
        <ele>68.8000030517578125</ele>
        <time>2026-06-01T23:55:31.000Z</time>
        <extensions>
          <ns3:TrackPointExtension>
            <ns3:hr>153</ns3:hr>
            <ns3:cad>85</ns3:cad>
          </ns3:TrackPointExtension>
        </extensions>
      </trkpt>
      <trkpt lat="37.47162468731403350830078125" lon="126.95860334672033786773681640625">
        <ele>68.8000030517578125</ele>
        <time>2026-06-01T23:55:32.000Z</time>
        <extensions>
          <ns3:TrackPointExtension>
            <ns3:hr>153</ns3:hr>
            <ns3:cad>85</ns3:cad>
          </ns3:TrackPointExtension>
        </extensions>
      </trkpt>
      <trkpt lat="37.47165913693606853485107421875" lon="126.95861734449863433837890625">
        <ele>68.59999847412109375</ele>
        <time>2026-06-01T23:55:33.000Z</time>
        <extensions>
          <ns3:TrackPointExtension>
            <ns3:hr>153</ns3:hr>
            <ns3:cad>85</ns3:cad>
          </ns3:TrackPointExtension>
        </extensions>
      </trkpt>
      <trkpt lat="37.471685372292995452880859375" lon="126.9586198590695858001708984375">
        <ele>68.59999847412109375</ele>
        <time>2026-06-01T23:55:34.000Z</time>
        <extensions>
          <ns3:TrackPointExtension>
            <ns3:hr>152</ns3:hr>
            <ns3:cad>85</ns3:cad>
          </ns3:TrackPointExtension>
        </extensions>
      </trkpt>
      <trkpt lat="37.471718229353427886962890625" lon="126.958635114133358001708984375">
        <ele>68.40000152587890625</ele>
        <time>2026-06-01T23:55:35.000Z</time>
        <extensions>
          <ns3:TrackPointExtension>
            <ns3:hr>153</ns3:hr>
            <ns3:cad>86</ns3:cad>
          </ns3:TrackPointExtension>
        </extensions>
      </trkpt>
      <trkpt lat="37.47174739837646484375" lon="126.95864894427359104156494140625">
        <ele>68.40000152587890625</ele>
        <time>2026-06-01T23:55:36.000Z</time>
        <extensions>
          <ns3:TrackPointExtension>
            <ns3:hr>153</ns3:hr>
            <ns3:cad>86</ns3:cad>
          </ns3:TrackPointExtension>
        </extensions>
      </trkpt>
      <trkpt lat="37.4717727117240428924560546875" lon="126.9586564041674137115478515625">
        <ele>68.1999969482421875</ele>
        <time>2026-06-01T23:55:37.000Z</time>
        <extensions>
          <ns3:TrackPointExtension>
            <ns3:hr>153</ns3:hr>
            <ns3:cad>86</ns3:cad>
          </ns3:TrackPointExtension>
        </extensions>
      </trkpt>
      <trkpt lat="37.47180514968931674957275390625" lon="126.9586671330034732818603515625">
        <ele>68</ele>
        <time>2026-06-01T23:55:38.000Z</time>
        <extensions>
          <ns3:TrackPointExtension>
            <ns3:hr>152</ns3:hr>
            <ns3:cad>85</ns3:cad>
          </ns3:TrackPointExtension>
        </extensions>
      </trkpt>
      <trkpt lat="37.47182409279048442840576171875" lon="126.95867459289729595184326171875">
        <ele>68</ele>
        <time>2026-06-01T23:55:39.000Z</time>
        <extensions>
          <ns3:TrackPointExtension>
            <ns3:hr>153</ns3:hr>
            <ns3:cad>85</ns3:cad>
          </ns3:TrackPointExtension>
        </extensions>
      </trkpt>
      <trkpt lat="37.47186382301151752471923828125" lon="126.95869320072233676910400390625">
        <ele>67.8000030517578125</ele>
        <time>2026-06-01T23:55:40.000Z</time>
        <extensions>
          <ns3:TrackPointExtension>
            <ns3:hr>152</ns3:hr>
            <ns3:cad>85</ns3:cad>
          </ns3:TrackPointExtension>
        </extensions>
      </trkpt>
      <trkpt lat="37.4718910641968250274658203125" lon="126.9586957991123199462890625">
        <ele>67.8000030517578125</ele>
        <time>2026-06-01T23:55:41.000Z</time>
        <extensions>
          <ns3:TrackPointExtension>
            <ns3:hr>152</ns3:hr>
            <ns3:cad>85</ns3:cad>
          </ns3:TrackPointExtension>
        </extensions>
      </trkpt>
      <trkpt lat="37.47191847302019596099853515625" lon="126.95868800394237041473388671875">
        <ele>67.8000030517578125</ele>
        <time>2026-06-01T23:55:42.000Z</time>
        <extensions>
          <ns3:TrackPointExtension>
            <ns3:hr>151</ns3:hr>
            <ns3:cad>85</ns3:cad>
          </ns3:TrackPointExtension>
        </extensions>
      </trkpt>
      <trkpt lat="37.47193439863622188568115234375" lon="126.9586609303951263427734375">
        <ele>68</ele>
        <time>2026-06-01T23:55:43.000Z</time>
        <extensions>
          <ns3:TrackPointExtension>
            <ns3:hr>151</ns3:hr>
            <ns3:cad>85</ns3:cad>
          </ns3:TrackPointExtension>
        </extensions>
      </trkpt>
      <trkpt lat="37.4719433672726154327392578125" lon="126.9586356170475482940673828125">
        <ele>68</ele>
        <time>2026-06-01T23:55:44.000Z</time>
        <extensions>
          <ns3:TrackPointExtension>
            <ns3:hr>151</ns3:hr>
            <ns3:cad>85</ns3:cad>
          </ns3:TrackPointExtension>
        </extensions>
      </trkpt>
      <trkpt lat="37.471956945955753326416015625" lon="126.958602927625179290771484375">
        <ele>67.8000030517578125</ele>
        <time>2026-06-01T23:55:45.000Z</time>
        <extensions>
          <ns3:TrackPointExtension>
            <ns3:hr>150</ns3:hr>
            <ns3:cad>85</ns3:cad>
          </ns3:TrackPointExtension>
        </extensions>
      </trkpt>
      <trkpt lat="37.4719755537807941436767578125" lon="126.958572082221508026123046875">
        <ele>67.59999847412109375</ele>
        <time>2026-06-01T23:55:46.000Z</time>
        <extensions>
          <ns3:TrackPointExtension>
            <ns3:hr>150</ns3:hr>
            <ns3:cad>85</ns3:cad>
          </ns3:TrackPointExtension>
        </extensions>
      </trkpt>
      <trkpt lat="37.471985109150409698486328125" lon="126.95854484103620052337646484375">
        <ele>67.59999847412109375</ele>
        <time>2026-06-01T23:55:47.000Z</time>
        <extensions>
          <ns3:TrackPointExtension>
            <ns3:hr>150</ns3:hr>
            <ns3:cad>85</ns3:cad>
          </ns3:TrackPointExtension>
        </extensions>
      </trkpt>
      <trkpt lat="37.47201025485992431640625" lon="126.958503015339374542236328125">
        <ele>67.40000152587890625</ele>
        <time>2026-06-01T23:55:48.000Z</time>
        <extensions>
          <ns3:TrackPointExtension>
            <ns3:hr>150</ns3:hr>
            <ns3:cad>85</ns3:cad>
          </ns3:TrackPointExtension>
        </extensions>
      </trkpt>
      <trkpt lat="37.47202676720917224884033203125" lon="126.95847812108695507049560546875">
        <ele>67.40000152587890625</ele>
        <time>2026-06-01T23:55:49.000Z</time>
        <extensions>
          <ns3:TrackPointExtension>
            <ns3:hr>150</ns3:hr>
            <ns3:cad>85</ns3:cad>
          </ns3:TrackPointExtension>
        </extensions>
      </trkpt>
      <trkpt lat="37.47205275110900402069091796875" lon="126.95847091265022754669189453125">
        <ele>67.59999847412109375</ele>
        <time>2026-06-01T23:55:50.000Z</time>
        <extensions>
          <ns3:TrackPointExtension>
            <ns3:hr>149</ns3:hr>
            <ns3:cad>85</ns3:cad>
          </ns3:TrackPointExtension>
        </extensions>
      </trkpt>
      <trkpt lat="37.4720888771116733551025390625" lon="126.9584750197827816009521484375">
        <ele>67.40000152587890625</ele>
        <time>2026-06-01T23:55:51.000Z</time>
        <extensions>
          <ns3:TrackPointExtension>
            <ns3:hr>149</ns3:hr>
            <ns3:cad>84</ns3:cad>
          </ns3:TrackPointExtension>
        </extensions>
      </trkpt>
      <trkpt lat="37.47212014161050319671630859375" lon="126.9584785401821136474609375">
        <ele>67.40000152587890625</ele>
        <time>2026-06-01T23:55:52.000Z</time>
        <extensions>
          <ns3:TrackPointExtension>
            <ns3:hr>149</ns3:hr>
            <ns3:cad>84</ns3:cad>
          </ns3:TrackPointExtension>
        </extensions>
      </trkpt>
      <trkpt lat="37.47215735726058483123779296875" lon="126.95848650299012660980224609375">
        <ele>67.40000152587890625</ele>
        <time>2026-06-01T23:55:53.000Z</time>
        <extensions>
          <ns3:TrackPointExtension>
            <ns3:hr>148</ns3:hr>
            <ns3:cad>84</ns3:cad>
          </ns3:TrackPointExtension>
        </extensions>
      </trkpt>
      <trkpt lat="37.4721830897033214569091796875" lon="126.95848583243787288665771484375">
        <ele>67.40000152587890625</ele>
        <time>2026-06-01T23:55:54.000Z</time>
        <extensions>
          <ns3:TrackPointExtension>
            <ns3:hr>148</ns3:hr>
            <ns3:cad>84</ns3:cad>
          </ns3:TrackPointExtension>
        </extensions>
      </trkpt>
      <trkpt lat="37.472222484648227691650390625" lon="126.95849974639713764190673828125">
        <ele>67.40000152587890625</ele>
        <time>2026-06-01T23:55:55.000Z</time>
        <extensions>
          <ns3:TrackPointExtension>
            <ns3:hr>148</ns3:hr>
            <ns3:cad>84</ns3:cad>
          </ns3:TrackPointExtension>
        </extensions>
      </trkpt>
      <trkpt lat="37.4722457863390445709228515625" lon="126.9585058651864528656005859375">
        <ele>67.40000152587890625</ele>
        <time>2026-06-01T23:55:56.000Z</time>
        <extensions>
          <ns3:TrackPointExtension>
            <ns3:hr>149</ns3:hr>
            <ns3:cad>84</ns3:cad>
          </ns3:TrackPointExtension>
        </extensions>
      </trkpt>
      <trkpt lat="37.472276799380779266357421875" lon="126.95852019824087619781494140625">
        <ele>67.40000152587890625</ele>
        <time>2026-06-01T23:55:57.000Z</time>
        <extensions>
          <ns3:TrackPointExtension>
            <ns3:hr>148</ns3:hr>
            <ns3:cad>84</ns3:cad>
          </ns3:TrackPointExtension>
        </extensions>
      </trkpt>
      <trkpt lat="37.472309656441211700439453125" lon="126.9585320167243480682373046875">
        <ele>67.40000152587890625</ele>
        <time>2026-06-01T23:55:58.000Z</time>
        <extensions>
          <ns3:TrackPointExtension>
            <ns3:hr>149</ns3:hr>
            <ns3:cad>84</ns3:cad>
          </ns3:TrackPointExtension>
        </extensions>
      </trkpt>
      <trkpt lat="37.47233086265623569488525390625" lon="126.9585363753139972686767578125">
        <ele>67.40000152587890625</ele>
        <time>2026-06-01T23:55:59.000Z</time>
        <extensions>
          <ns3:TrackPointExtension>
            <ns3:hr>149</ns3:hr>
            <ns3:cad>84</ns3:cad>
          </ns3:TrackPointExtension>
        </extensions>
      </trkpt>
      <trkpt lat="37.47236497700214385986328125" lon="126.95855892263352870941162109375">
        <ele>67.1999969482421875</ele>
        <time>2026-06-01T23:56:00.000Z</time>
        <extensions>
          <ns3:TrackPointExtension>
            <ns3:hr>149</ns3:hr>
            <ns3:cad>85</ns3:cad>
          </ns3:TrackPointExtension>
        </extensions>
      </trkpt>
      <trkpt lat="37.47238283045589923858642578125" lon="126.958564035594463348388671875">
        <ele>67.1999969482421875</ele>
        <time>2026-06-01T23:56:01.000Z</time>
        <extensions>
          <ns3:TrackPointExtension>
            <ns3:hr>150</ns3:hr>
            <ns3:cad>85</ns3:cad>
          </ns3:TrackPointExtension>
        </extensions>
      </trkpt>
      <trkpt lat="37.47241996228694915771484375" lon="126.95857652463018894195556640625">
        <ele>67.1999969482421875</ele>
        <time>2026-06-01T23:56:02.000Z</time>
        <extensions>
          <ns3:TrackPointExtension>
            <ns3:hr>150</ns3:hr>
            <ns3:cad>85</ns3:cad>
          </ns3:TrackPointExtension>
        </extensions>
      </trkpt>
      <trkpt lat="37.47244401834905147552490234375" lon="126.9585833139717578887939453125">
        <ele>67.40000152587890625</ele>
        <time>2026-06-01T23:56:03.000Z</time>
        <extensions>
          <ns3:TrackPointExtension>
            <ns3:hr>150</ns3:hr>
            <ns3:cad>85</ns3:cad>
          </ns3:TrackPointExtension>
        </extensions>
      </trkpt>
      <trkpt lat="37.472473271191120147705078125" lon="126.95859320461750030517578125">
        <ele>67.40000152587890625</ele>
        <time>2026-06-01T23:56:04.000Z</time>
        <extensions>
          <ns3:TrackPointExtension>
            <ns3:hr>150</ns3:hr>
            <ns3:cad>86</ns3:cad>
          </ns3:TrackPointExtension>
        </extensions>
      </trkpt>
      <trkpt lat="37.47250453568994998931884765625" lon="126.95860804058611392974853515625">
        <ele>67.40000152587890625</ele>
        <time>2026-06-01T23:56:05.000Z</time>
        <extensions>
          <ns3:TrackPointExtension>
            <ns3:hr>150</ns3:hr>
            <ns3:cad>86</ns3:cad>
          </ns3:TrackPointExtension>
        </extensions>
      </trkpt>
      <trkpt lat="37.472526915371417999267578125" lon="126.95861306972801685333251953125">
        <ele>67.40000152587890625</ele>
        <time>2026-06-01T23:56:06.000Z</time>
        <extensions>
          <ns3:TrackPointExtension>
            <ns3:hr>150</ns3:hr>
            <ns3:cad>85</ns3:cad>
          </ns3:TrackPointExtension>
        </extensions>
      </trkpt>
      <trkpt lat="37.4725622870028018951416015625" lon="126.9586319290101528167724609375">
        <ele>67.40000152587890625</ele>
        <time>2026-06-01T23:56:07.000Z</time>
        <extensions>
          <ns3:TrackPointExtension>
            <ns3:hr>150</ns3:hr>
            <ns3:cad>85</ns3:cad>
          </ns3:TrackPointExtension>
        </extensions>
      </trkpt>
      <trkpt lat="37.47258533723652362823486328125" lon="126.95862849242985248565673828125">
        <ele>67.40000152587890625</ele>
        <time>2026-06-01T23:56:08.000Z</time>
        <extensions>
          <ns3:TrackPointExtension>
            <ns3:hr>151</ns3:hr>
            <ns3:cad>85</ns3:cad>
          </ns3:TrackPointExtension>
        </extensions>
      </trkpt>
      <trkpt lat="37.47261668555438518524169921875" lon="126.9586456753313541412353515625">
        <ele>67.1999969482421875</ele>
        <time>2026-06-01T23:56:09.000Z</time>
        <extensions>
          <ns3:TrackPointExtension>
            <ns3:hr>151</ns3:hr>
            <ns3:cad>85</ns3:cad>
          </ns3:TrackPointExtension>
        </extensions>
      </trkpt>
      <trkpt lat="37.47264300473034381866455078125" lon="126.9586600922048091888427734375">
        <ele>67.40000152587890625</ele>
        <time>2026-06-01T23:56:10.000Z</time>
        <extensions>
          <ns3:TrackPointExtension>
            <ns3:hr>151</ns3:hr>
            <ns3:cad>85</ns3:cad>
          </ns3:TrackPointExtension>
        </extensions>
      </trkpt>
      <trkpt lat="37.4726652167737483978271484375" lon="126.95867023430764675140380859375">
        <ele>67.40000152587890625</ele>
        <time>2026-06-01T23:56:11.000Z</time>
        <extensions>
          <ns3:TrackPointExtension>
            <ns3:hr>151</ns3:hr>
            <ns3:cad>85</ns3:cad>
          </ns3:TrackPointExtension>
        </extensions>
      </trkpt>
      <trkpt lat="37.4727007560431957244873046875" lon="126.9586869142949581146240234375">
        <ele>67.1999969482421875</ele>
        <time>2026-06-01T23:56:12.000Z</time>
        <extensions>
          <ns3:TrackPointExtension>
            <ns3:hr>151</ns3:hr>
            <ns3:cad>85</ns3:cad>
          </ns3:TrackPointExtension>
        </extensions>
      </trkpt>
      <trkpt lat="37.4727262370288372039794921875" lon="126.958691440522670745849609375">
        <ele>67</ele>
        <time>2026-06-01T23:56:13.000Z</time>
        <extensions>
          <ns3:TrackPointExtension>
            <ns3:hr>151</ns3:hr>
            <ns3:cad>85</ns3:cad>
          </ns3:TrackPointExtension>
        </extensions>
      </trkpt>
      <trkpt lat="37.47276823036372661590576171875" lon="126.95870862342417240142822265625">
        <ele>67</ele>
        <time>2026-06-01T23:56:14.000Z</time>
        <extensions>
          <ns3:TrackPointExtension>
            <ns3:hr>151</ns3:hr>
            <ns3:cad>85</ns3:cad>
          </ns3:TrackPointExtension>
        </extensions>
      </trkpt>
      <trkpt lat="37.47279253788292407989501953125" lon="126.9587097130715847015380859375">
        <ele>67</ele>
        <time>2026-06-01T23:56:15.000Z</time>
        <extensions>
          <ns3:TrackPointExtension>
            <ns3:hr>151</ns3:hr>
            <ns3:cad>85</ns3:cad>
          </ns3:TrackPointExtension>
        </extensions>
      </trkpt>
      <trkpt lat="37.4728224612772464752197265625" lon="126.9587214477360248565673828125">
        <ele>67.1999969482421875</ele>
        <time>2026-06-01T23:56:16.000Z</time>
        <extensions>
          <ns3:TrackPointExtension>
            <ns3:hr>151</ns3:hr>
            <ns3:cad>85</ns3:cad>
          </ns3:TrackPointExtension>
        </extensions>
      </trkpt>
      <trkpt lat="37.47285154648125171661376953125" lon="126.95873645134270191192626953125">
        <ele>67.1999969482421875</ele>
        <time>2026-06-01T23:56:17.000Z</time>
        <extensions>
          <ns3:TrackPointExtension>
            <ns3:hr>150</ns3:hr>
            <ns3:cad>85</ns3:cad>
          </ns3:TrackPointExtension>
        </extensions>
      </trkpt>
      <trkpt lat="37.4728704057633876800537109375" lon="126.95874533616006374359130859375">
        <ele>67.40000152587890625</ele>
        <time>2026-06-01T23:56:18.000Z</time>
        <extensions>
          <ns3:TrackPointExtension>
            <ns3:hr>150</ns3:hr>
            <ns3:cad>85</ns3:cad>
          </ns3:TrackPointExtension>
        </extensions>
      </trkpt>
      <trkpt lat="37.4729047715663909912109375" lon="126.9587657041847705841064453125">
        <ele>67.40000152587890625</ele>
        <time>2026-06-01T23:56:19.000Z</time>
        <extensions>
          <ns3:TrackPointExtension>
            <ns3:hr>150</ns3:hr>
            <ns3:cad>85</ns3:cad>
          </ns3:TrackPointExtension>
        </extensions>
      </trkpt>
      <trkpt lat="37.47292363084852695465087890625" lon="126.95877064950764179229736328125">
        <ele>67.40000152587890625</ele>
        <time>2026-06-01T23:56:20.000Z</time>
        <extensions>
          <ns3:TrackPointExtension>
            <ns3:hr>150</ns3:hr>
            <ns3:cad>85</ns3:cad>
          </ns3:TrackPointExtension>
        </extensions>
      </trkpt>
      <trkpt lat="37.47295481152832508087158203125" lon="126.958783976733684539794921875">
        <ele>67.1999969482421875</ele>
        <time>2026-06-01T23:56:21.000Z</time>
        <extensions>
          <ns3:TrackPointExtension>
            <ns3:hr>150</ns3:hr>
            <ns3:cad>85</ns3:cad>
          </ns3:TrackPointExtension>
        </extensions>
      </trkpt>
      <trkpt lat="37.47297828085720539093017578125" lon="126.9587923586368560791015625">
        <ele>67.1999969482421875</ele>
        <time>2026-06-01T23:56:22.000Z</time>
        <extensions>
          <ns3:TrackPointExtension>
            <ns3:hr>150</ns3:hr>
            <ns3:cad>85</ns3:cad>
          </ns3:TrackPointExtension>
        </extensions>
      </trkpt>
      <trkpt lat="37.47300141490995883941650390625" lon="126.958800740540027618408203125">
        <ele>67.1999969482421875</ele>
        <time>2026-06-01T23:56:23.000Z</time>
        <extensions>
          <ns3:TrackPointExtension>
            <ns3:hr>150</ns3:hr>
            <ns3:cad>85</ns3:cad>
          </ns3:TrackPointExtension>
        </extensions>
      </trkpt>
      <trkpt lat="37.4730360321700572967529296875" lon="126.95882211439311504364013671875">
        <ele>67.1999969482421875</ele>
        <time>2026-06-01T23:56:24.000Z</time>
        <extensions>
          <ns3:TrackPointExtension>
            <ns3:hr>149</ns3:hr>
            <ns3:cad>85</ns3:cad>
          </ns3:TrackPointExtension>
        </extensions>
      </trkpt>
      <trkpt lat="37.47305891476571559906005859375" lon="126.9588203541934490203857421875">
        <ele>67</ele>
        <time>2026-06-01T23:56:25.000Z</time>
        <extensions>
          <ns3:TrackPointExtension>
            <ns3:hr>149</ns3:hr>
            <ns3:cad>85</ns3:cad>
          </ns3:TrackPointExtension>
        </extensions>
      </trkpt>
      <trkpt lat="37.47309210710227489471435546875" lon="126.9588371179997920989990234375">
        <ele>67</ele>
        <time>2026-06-01T23:56:26.000Z</time>
        <extensions>
          <ns3:TrackPointExtension>
            <ns3:hr>149</ns3:hr>
            <ns3:cad>85</ns3:cad>
          </ns3:TrackPointExtension>
        </extensions>
      </trkpt>
      <trkpt lat="37.473112978041172027587890625" lon="126.95884441025555133819580078125">
        <ele>67</ele>
        <time>2026-06-01T23:56:27.000Z</time>
        <extensions>
          <ns3:TrackPointExtension>
            <ns3:hr>149</ns3:hr>
            <ns3:cad>85</ns3:cad>
          </ns3:TrackPointExtension>
        </extensions>
      </trkpt>
      <trkpt lat="37.4731408059597015380859375" lon="126.95885882712900638580322265625">
        <ele>67</ele>
        <time>2026-06-01T23:56:28.000Z</time>
        <extensions>
          <ns3:TrackPointExtension>
            <ns3:hr>149</ns3:hr>
            <ns3:cad>84</ns3:cad>
          </ns3:TrackPointExtension>
        </extensions>
      </trkpt>
      <trkpt lat="37.47316787950694561004638671875" lon="126.9588716514408588409423828125">
        <ele>67</ele>
        <time>2026-06-01T23:56:29.000Z</time>
        <extensions>
          <ns3:TrackPointExtension>
            <ns3:hr>148</ns3:hr>
            <ns3:cad>84</ns3:cad>
          </ns3:TrackPointExtension>
        </extensions>
      </trkpt>
      <trkpt lat="37.4731890857219696044921875" lon="126.95887575857341289520263671875">
        <ele>67.1999969482421875</ele>
        <time>2026-06-01T23:56:30.000Z</time>
        <extensions>
          <ns3:TrackPointExtension>
            <ns3:hr>148</ns3:hr>
            <ns3:cad>84</ns3:cad>
          </ns3:TrackPointExtension>
        </extensions>
      </trkpt>
      <trkpt lat="37.47322521172463893890380859375" lon="126.95889067836105823516845703125">
        <ele>67</ele>
        <time>2026-06-01T23:56:31.000Z</time>
        <extensions>
          <ns3:TrackPointExtension>
            <ns3:hr>148</ns3:hr>
            <ns3:cad>85</ns3:cad>
          </ns3:TrackPointExtension>
        </extensions>
      </trkpt>
      <trkpt lat="37.4732499383389949798583984375" lon="126.95889000780880451202392578125">
        <ele>67</ele>
        <time>2026-06-01T23:56:32.000Z</time>
        <extensions>
          <ns3:TrackPointExtension>
            <ns3:hr>149</ns3:hr>
            <ns3:cad>85</ns3:cad>
          </ns3:TrackPointExtension>
        </extensions>
      </trkpt>
      <trkpt lat="37.47328589670360088348388671875" lon="126.9588967971503734588623046875">
        <ele>67</ele>
        <time>2026-06-01T23:56:33.000Z</time>
        <extensions>
          <ns3:TrackPointExtension>
            <ns3:hr>148</ns3:hr>
            <ns3:cad>85</ns3:cad>
          </ns3:TrackPointExtension>
        </extensions>
      </trkpt>
      <trkpt lat="37.4733112938702106475830078125" lon="126.9588981382548809051513671875">
        <ele>67</ele>
        <time>2026-06-01T23:56:34.000Z</time>
        <extensions>
          <ns3:TrackPointExtension>
            <ns3:hr>148</ns3:hr>
            <ns3:cad>85</ns3:cad>
          </ns3:TrackPointExtension>
        </extensions>
      </trkpt>
      <trkpt lat="37.47333484701812267303466796875" lon="126.9589008204638957977294921875">
        <ele>67</ele>
        <time>2026-06-01T23:56:35.000Z</time>
        <extensions>
          <ns3:TrackPointExtension>
            <ns3:hr>149</ns3:hr>
            <ns3:cad>85</ns3:cad>
          </ns3:TrackPointExtension>
        </extensions>
      </trkpt>
      <trkpt lat="37.473365776240825653076171875" lon="126.9589162431657314300537109375">
        <ele>67</ele>
        <time>2026-06-01T23:56:36.000Z</time>
        <extensions>
          <ns3:TrackPointExtension>
            <ns3:hr>148</ns3:hr>
            <ns3:cad>85</ns3:cad>
          </ns3:TrackPointExtension>
        </extensions>
      </trkpt>
      <trkpt lat="37.47338715009391307830810546875" lon="126.95892001502215862274169921875">
        <ele>67</ele>
        <time>2026-06-01T23:56:37.000Z</time>
        <extensions>
          <ns3:TrackPointExtension>
            <ns3:hr>148</ns3:hr>
            <ns3:cad>85</ns3:cad>
          </ns3:TrackPointExtension>
        </extensions>
      </trkpt>
      <trkpt lat="37.4734236113727092742919921875" lon="126.95893124677240848541259765625">
        <ele>67</ele>
        <time>2026-06-01T23:56:38.000Z</time>
        <extensions>
          <ns3:TrackPointExtension>
            <ns3:hr>148</ns3:hr>
            <ns3:cad>85</ns3:cad>
          </ns3:TrackPointExtension>
        </extensions>
      </trkpt>
      <trkpt lat="37.47344867326319217681884765625" lon="126.95892579853534698486328125">
        <ele>67</ele>
        <time>2026-06-01T23:56:39.000Z</time>
        <extensions>
          <ns3:TrackPointExtension>
            <ns3:hr>149</ns3:hr>
            <ns3:cad>85</ns3:cad>
          </ns3:TrackPointExtension>
        </extensions>
      </trkpt>
      <trkpt lat="37.47348211705684661865234375" lon="126.95892655290663242340087890625">
        <ele>67</ele>
        <time>2026-06-01T23:56:40.000Z</time>
        <extensions>
          <ns3:TrackPointExtension>
            <ns3:hr>148</ns3:hr>
            <ns3:cad>86</ns3:cad>
          </ns3:TrackPointExtension>
        </extensions>
      </trkpt>
      <trkpt lat="37.4735174886882305145263671875" lon="126.95893292315304279327392578125">
        <ele>66.8000030517578125</ele>
        <time>2026-06-01T23:56:41.000Z</time>
        <extensions>
          <ns3:TrackPointExtension>
            <ns3:hr>148</ns3:hr>
            <ns3:cad>86</ns3:cad>
          </ns3:TrackPointExtension>
        </extensions>
      </trkpt>
      <trkpt lat="37.4735389463603496551513671875" lon="126.95893946103751659393310546875">
        <ele>66.8000030517578125</ele>
        <time>2026-06-01T23:56:42.000Z</time>
        <extensions>
          <ns3:TrackPointExtension>
            <ns3:hr>147</ns3:hr>
            <ns3:cad>86</ns3:cad>
          </ns3:TrackPointExtension>
        </extensions>
      </trkpt>
      <trkpt lat="37.47356534935534000396728515625" lon="126.958951614797115325927734375">
        <ele>66.8000030517578125</ele>
        <time>2026-06-01T23:56:43.000Z</time>
        <extensions>
          <ns3:TrackPointExtension>
            <ns3:hr>147</ns3:hr>
            <ns3:cad>85</ns3:cad>
          </ns3:TrackPointExtension>
        </extensions>
      </trkpt>
      <trkpt lat="37.47358663938939571380615234375" lon="126.95895396173000335693359375">
        <ele>66.8000030517578125</ele>
        <time>2026-06-01T23:56:44.000Z</time>
        <extensions>
          <ns3:TrackPointExtension>
            <ns3:hr>147</ns3:hr>
            <ns3:cad>85</ns3:cad>
          </ns3:TrackPointExtension>
        </extensions>
      </trkpt>
      <trkpt lat="37.47362293303012847900390625" lon="126.95896142162382602691650390625">
        <ele>66.8000030517578125</ele>
        <time>2026-06-01T23:56:45.000Z</time>
        <extensions>
          <ns3:TrackPointExtension>
            <ns3:hr>147</ns3:hr>
            <ns3:cad>85</ns3:cad>
          </ns3:TrackPointExtension>
        </extensions>
      </trkpt>
      <trkpt lat="37.4736475758254528045654296875" lon="126.9589645229279994964599609375">
        <ele>66.8000030517578125</ele>
        <time>2026-06-01T23:56:46.000Z</time>
        <extensions>
          <ns3:TrackPointExtension>
            <ns3:hr>147</ns3:hr>
            <ns3:cad>85</ns3:cad>
          </ns3:TrackPointExtension>
        </extensions>
      </trkpt>
      <trkpt lat="37.47367498464882373809814453125" lon="126.95897097699344158172607421875">
        <ele>66.59999847412109375</ele>
        <time>2026-06-01T23:56:47.000Z</time>
        <extensions>
          <ns3:TrackPointExtension>
            <ns3:hr>147</ns3:hr>
            <ns3:cad>85</ns3:cad>
          </ns3:TrackPointExtension>
        </extensions>
      </trkpt>
      <trkpt lat="37.4737035669386386871337890625" lon="126.95898271165788173675537109375">
        <ele>66.59999847412109375</ele>
        <time>2026-06-01T23:56:48.000Z</time>
        <extensions>
          <ns3:TrackPointExtension>
            <ns3:hr>147</ns3:hr>
            <ns3:cad>85</ns3:cad>
          </ns3:TrackPointExtension>
        </extensions>
      </trkpt>
      <trkpt lat="37.47372929938137531280517578125" lon="126.958985812962055206298828125">
        <ele>66.59999847412109375</ele>
        <time>2026-06-01T23:56:49.000Z</time>
        <extensions>
          <ns3:TrackPointExtension>
            <ns3:hr>147</ns3:hr>
            <ns3:cad>85</ns3:cad>
          </ns3:TrackPointExtension>
        </extensions>
      </trkpt>
      <trkpt lat="37.473768107593059539794921875" lon="126.95899930782616138458251953125">
        <ele>66.40000152587890625</ele>
        <time>2026-06-01T23:56:50.000Z</time>
        <extensions>
          <ns3:TrackPointExtension>
            <ns3:hr>147</ns3:hr>
            <ns3:cad>86</ns3:cad>
          </ns3:TrackPointExtension>
        </extensions>
      </trkpt>
      <trkpt lat="37.47379534877836704254150390625" lon="126.959000565111637115478515625">
        <ele>66.40000152587890625</ele>
        <time>2026-06-01T23:56:51.000Z</time>
        <extensions>
          <ns3:TrackPointExtension>
            <ns3:hr>147</ns3:hr>
            <ns3:cad>86</ns3:cad>
          </ns3:TrackPointExtension>
        </extensions>
      </trkpt>
      <trkpt lat="37.47382971458137035369873046875" lon="126.9590042531490325927734375">
        <ele>66.40000152587890625</ele>
        <time>2026-06-01T23:56:52.000Z</time>
        <extensions>
          <ns3:TrackPointExtension>
            <ns3:hr>146</ns3:hr>
            <ns3:cad>86</ns3:cad>
          </ns3:TrackPointExtension>
        </extensions>
      </trkpt>
      <trkpt lat="37.47386022470891475677490234375" lon="126.9590040855109691619873046875">
        <ele>66.40000152587890625</ele>
        <time>2026-06-01T23:56:53.000Z</time>
        <extensions>
          <ns3:TrackPointExtension>
            <ns3:hr>147</ns3:hr>
            <ns3:cad>85</ns3:cad>
          </ns3:TrackPointExtension>
        </extensions>
      </trkpt>
      <trkpt lat="37.47389123775064945220947265625" lon="126.95900416933000087738037109375">
        <ele>66.1999969482421875</ele>
        <time>2026-06-01T23:56:54.000Z</time>
        <extensions>
          <ns3:TrackPointExtension>
            <ns3:hr>147</ns3:hr>
            <ns3:cad>85</ns3:cad>
          </ns3:TrackPointExtension>
        </extensions>
      </trkpt>
      <trkpt lat="37.47392199933528900146484375" lon="126.95901422761380672454833984375">
        <ele>66.1999969482421875</ele>
        <time>2026-06-01T23:56:55.000Z</time>
        <extensions>
          <ns3:TrackPointExtension>
            <ns3:hr>147</ns3:hr>
            <ns3:cad>85</ns3:cad>
          </ns3:TrackPointExtension>
        </extensions>
      </trkpt>
      <trkpt lat="37.47394555248320102691650390625" lon="126.95901506580412387847900390625">
        <ele>66.1999969482421875</ele>
        <time>2026-06-01T23:56:56.000Z</time>
        <extensions>
          <ns3:TrackPointExtension>
            <ns3:hr>147</ns3:hr>
            <ns3:cad>85</ns3:cad>
          </ns3:TrackPointExtension>
        </extensions>
      </trkpt>
      <trkpt lat="37.47398260049521923065185546875" lon="126.9590158201754093170166015625">
        <ele>66</ele>
        <time>2026-06-01T23:56:57.000Z</time>
        <extensions>
          <ns3:TrackPointExtension>
            <ns3:hr>146</ns3:hr>
            <ns3:cad>85</ns3:cad>
          </ns3:TrackPointExtension>
        </extensions>
      </trkpt>
      <trkpt lat="37.47401277534663677215576171875" lon="126.959015987813472747802734375">
        <ele>65.8000030517578125</ele>
        <time>2026-06-01T23:56:58.000Z</time>
        <extensions>
          <ns3:TrackPointExtension>
            <ns3:hr>147</ns3:hr>
            <ns3:cad>85</ns3:cad>
          </ns3:TrackPointExtension>
        </extensions>
      </trkpt>
      <trkpt lat="37.4740455485880374908447265625" lon="126.95901657454669475555419921875">
        <ele>65.8000030517578125</ele>
        <time>2026-06-01T23:56:59.000Z</time>
        <extensions>
          <ns3:TrackPointExtension>
            <ns3:hr>147</ns3:hr>
            <ns3:cad>85</ns3:cad>
          </ns3:TrackPointExtension>
        </extensions>
      </trkpt>
      <trkpt lat="37.4740780703723430633544921875" lon="126.95902076549828052520751953125">
        <ele>65.8000030517578125</ele>
        <time>2026-06-01T23:57:00.000Z</time>
        <extensions>
          <ns3:TrackPointExtension>
            <ns3:hr>147</ns3:hr>
            <ns3:cad>85</ns3:cad>
          </ns3:TrackPointExtension>
        </extensions>
      </trkpt>
      <trkpt lat="37.47410438954830169677734375" lon="126.95902026258409023284912109375">
        <ele>65.8000030517578125</ele>
        <time>2026-06-01T23:57:01.000Z</time>
        <extensions>
          <ns3:TrackPointExtension>
            <ns3:hr>146</ns3:hr>
            <ns3:cad>85</ns3:cad>
          </ns3:TrackPointExtension>
        </extensions>
      </trkpt>
      <trkpt lat="37.47413766570389270782470703125" lon="126.9590195082128047943115234375">
        <ele>65.59999847412109375</ele>
        <time>2026-06-01T23:57:02.000Z</time>
        <extensions>
          <ns3:TrackPointExtension>
            <ns3:hr>147</ns3:hr>
            <ns3:cad>86</ns3:cad>
          </ns3:TrackPointExtension>
        </extensions>
      </trkpt>
      <trkpt lat="37.47415711171925067901611328125" lon="126.95901791565120220184326171875">
        <ele>65.59999847412109375</ele>
        <time>2026-06-01T23:57:03.000Z</time>
        <extensions>
          <ns3:TrackPointExtension>
            <ns3:hr>147</ns3:hr>
            <ns3:cad>86</ns3:cad>
          </ns3:TrackPointExtension>
        </extensions>
      </trkpt>
      <trkpt lat="37.47419365681707859039306640625" lon="126.95901288650929927825927734375">
        <ele>65.40000152587890625</ele>
        <time>2026-06-01T23:57:04.000Z</time>
        <extensions>
          <ns3:TrackPointExtension>
            <ns3:hr>147</ns3:hr>
            <ns3:cad>86</ns3:cad>
          </ns3:TrackPointExtension>
        </extensions>
      </trkpt>
      <trkpt lat="37.4742232449352741241455078125" lon="126.9590054266154766082763671875">
        <ele>65.40000152587890625</ele>
        <time>2026-06-01T23:57:05.000Z</time>
        <extensions>
          <ns3:TrackPointExtension>
            <ns3:hr>147</ns3:hr>
            <ns3:cad>86</ns3:cad>
          </ns3:TrackPointExtension>
        </extensions>
      </trkpt>
      <trkpt lat="37.4742540903389453887939453125" lon="126.95900333113968372344970703125">
        <ele>65.1999969482421875</ele>
        <time>2026-06-01T23:57:06.000Z</time>
        <extensions>
          <ns3:TrackPointExtension>
            <ns3:hr>147</ns3:hr>
            <ns3:cad>85</ns3:cad>
          </ns3:TrackPointExtension>
        </extensions>
      </trkpt>
      <trkpt lat="37.4742889590561389923095703125" lon="126.9590064324438571929931640625">
        <ele>65.1999969482421875</ele>
        <time>2026-06-01T23:57:07.000Z</time>
        <extensions>
          <ns3:TrackPointExtension>
            <ns3:hr>147</ns3:hr>
            <ns3:cad>85</ns3:cad>
          </ns3:TrackPointExtension>
        </extensions>
      </trkpt>
      <trkpt lat="37.4743077345192432403564453125" lon="126.95899687707424163818359375">
        <ele>65.1999969482421875</ele>
        <time>2026-06-01T23:57:08.000Z</time>
        <extensions>
          <ns3:TrackPointExtension>
            <ns3:hr>147</ns3:hr>
            <ns3:cad>85</ns3:cad>
          </ns3:TrackPointExtension>
        </extensions>
      </trkpt>
      <trkpt lat="37.47434117831289768218994140625" lon="126.9589990563690662384033203125">
        <ele>65.1999969482421875</ele>
        <time>2026-06-01T23:57:09.000Z</time>
        <extensions>
          <ns3:TrackPointExtension>
            <ns3:hr>147</ns3:hr>
            <ns3:cad>85</ns3:cad>
          </ns3:TrackPointExtension>
        </extensions>
      </trkpt>
      <trkpt lat="37.474365234375" lon="126.95899360813200473785400390625">
        <ele>65.1999969482421875</ele>
        <time>2026-06-01T23:57:10.000Z</time>
        <extensions>
          <ns3:TrackPointExtension>
            <ns3:hr>147</ns3:hr>
            <ns3:cad>85</ns3:cad>
          </ns3:TrackPointExtension>
        </extensions>
      </trkpt>
      <trkpt lat="37.4743925593793392181396484375" lon="126.95898748934268951416015625">
        <ele>65</ele>
        <time>2026-06-01T23:57:11.000Z</time>
        <extensions>
          <ns3:TrackPointExtension>
            <ns3:hr>148</ns3:hr>
            <ns3:cad>85</ns3:cad>
          </ns3:TrackPointExtension>
        </extensions>
      </trkpt>
      <trkpt lat="37.4744193814694881439208984375" lon="126.95898103527724742889404296875">
        <ele>65</ele>
        <time>2026-06-01T23:57:12.000Z</time>
        <extensions>
          <ns3:TrackPointExtension>
            <ns3:hr>147</ns3:hr>
            <ns3:cad>85</ns3:cad>
          </ns3:TrackPointExtension>
        </extensions>
      </trkpt>
      <trkpt lat="37.47444796375930309295654296875" lon="126.95897868834435939788818359375">
        <ele>64.8000030517578125</ele>
        <time>2026-06-01T23:57:13.000Z</time>
        <extensions>
          <ns3:TrackPointExtension>
            <ns3:hr>148</ns3:hr>
            <ns3:cad>85</ns3:cad>
          </ns3:TrackPointExtension>
        </extensions>
      </trkpt>
      <trkpt lat="37.47447797097265720367431640625" lon="126.9589889980852603912353515625">
        <ele>64.59999847412109375</ele>
        <time>2026-06-01T23:57:14.000Z</time>
        <extensions>
          <ns3:TrackPointExtension>
            <ns3:hr>148</ns3:hr>
            <ns3:cad>85</ns3:cad>
          </ns3:TrackPointExtension>
        </extensions>
      </trkpt>
      <trkpt lat="37.47449892573058605194091796875" lon="126.9589869864284992218017578125">
        <ele>64.59999847412109375</ele>
        <time>2026-06-01T23:57:15.000Z</time>
        <extensions>
          <ns3:TrackPointExtension>
            <ns3:hr>148</ns3:hr>
            <ns3:cad>85</ns3:cad>
          </ns3:TrackPointExtension>
        </extensions>
      </trkpt>
      <trkpt lat="37.4745360575616359710693359375" lon="126.9589873217046260833740234375">
        <ele>64.59999847412109375</ele>
        <time>2026-06-01T23:57:16.000Z</time>
        <extensions>
          <ns3:TrackPointExtension>
            <ns3:hr>148</ns3:hr>
            <ns3:cad>85</ns3:cad>
          </ns3:TrackPointExtension>
        </extensions>
      </trkpt>
      <trkpt lat="37.4745625443756580352783203125" lon="126.95897935889661312103271484375">
        <ele>64.40000152587890625</ele>
        <time>2026-06-01T23:57:17.000Z</time>
        <extensions>
          <ns3:TrackPointExtension>
            <ns3:hr>147</ns3:hr>
            <ns3:cad>85</ns3:cad>
          </ns3:TrackPointExtension>
        </extensions>
      </trkpt>
      <trkpt lat="37.474594898521900177001953125" lon="126.9589732401072978973388671875">
        <ele>64.40000152587890625</ele>
        <time>2026-06-01T23:57:18.000Z</time>
        <extensions>
          <ns3:TrackPointExtension>
            <ns3:hr>147</ns3:hr>
            <ns3:cad>85</ns3:cad>
          </ns3:TrackPointExtension>
        </extensions>
      </trkpt>
      <trkpt lat="37.4746255762875080108642578125" lon="126.95897541940212249755859375">
        <ele>64.40000152587890625</ele>
        <time>2026-06-01T23:57:19.000Z</time>
        <extensions>
          <ns3:TrackPointExtension>
            <ns3:hr>147</ns3:hr>
            <ns3:cad>85</ns3:cad>
          </ns3:TrackPointExtension>
        </extensions>
      </trkpt>
      <trkpt lat="37.47465047053992748260498046875" lon="126.958971060812473297119140625">
        <ele>64</ele>
        <time>2026-06-01T23:57:20.000Z</time>
        <extensions>
          <ns3:TrackPointExtension>
            <ns3:hr>147</ns3:hr>
            <ns3:cad>85</ns3:cad>
          </ns3:TrackPointExtension>
        </extensions>
      </trkpt>
      <trkpt lat="37.474681399762630462646484375" lon="126.9589856453239917755126953125">
        <ele>63.799999237060546875</ele>
        <time>2026-06-01T23:57:21.000Z</time>
        <extensions>
          <ns3:TrackPointExtension>
            <ns3:hr>147</ns3:hr>
            <ns3:cad>86</ns3:cad>
          </ns3:TrackPointExtension>
        </extensions>
      </trkpt>
      <trkpt lat="37.4747057072818279266357421875" lon="126.95898614823818206787109375">
        <ele>63.59999847412109375</ele>
        <time>2026-06-01T23:57:22.000Z</time>
        <extensions>
          <ns3:TrackPointExtension>
            <ns3:hr>147</ns3:hr>
            <ns3:cad>86</ns3:cad>
          </ns3:TrackPointExtension>
        </extensions>
      </trkpt>
      <trkpt lat="37.47474434785544872283935546875" lon="126.95898455567657947540283203125">
        <ele>63.59999847412109375</ele>
        <time>2026-06-01T23:57:23.000Z</time>
        <extensions>
          <ns3:TrackPointExtension>
            <ns3:hr>147</ns3:hr>
            <ns3:cad>86</ns3:cad>
          </ns3:TrackPointExtension>
        </extensions>
      </trkpt>
      <trkpt lat="37.47476848773658275604248046875" lon="126.95897785015404224395751953125">
        <ele>63.200000762939453125</ele>
        <time>2026-06-01T23:57:24.000Z</time>
        <extensions>
          <ns3:TrackPointExtension>
            <ns3:hr>146</ns3:hr>
            <ns3:cad>86</ns3:cad>
          </ns3:TrackPointExtension>
        </extensions>
      </trkpt>
      <trkpt lat="37.4747975729405879974365234375" lon="126.95897818543016910552978515625">
        <ele>63.200000762939453125</ele>
        <time>2026-06-01T23:57:25.000Z</time>
        <extensions>
          <ns3:TrackPointExtension>
            <ns3:hr>146</ns3:hr>
            <ns3:cad>85</ns3:cad>
          </ns3:TrackPointExtension>
        </extensions>
      </trkpt>
      <trkpt lat="37.47482456266880035400390625" lon="126.958980448544025421142578125">
        <ele>63</ele>
        <time>2026-06-01T23:57:26.000Z</time>
        <extensions>
          <ns3:TrackPointExtension>
            <ns3:hr>146</ns3:hr>
            <ns3:cad>85</ns3:cad>
          </ns3:TrackPointExtension>
        </extensions>
      </trkpt>
      <trkpt lat="37.4748461879789829254150390625" lon="126.95898120291531085968017578125">
        <ele>63</ele>
        <time>2026-06-01T23:57:27.000Z</time>
        <extensions>
          <ns3:TrackPointExtension>
            <ns3:hr>145</ns3:hr>
            <ns3:cad>85</ns3:cad>
          </ns3:TrackPointExtension>
        </extensions>
      </trkpt>
      <trkpt lat="37.47487443499267101287841796875" lon="126.9589688815176486968994140625">
        <ele>62.799999237060546875</ele>
        <time>2026-06-01T23:57:28.000Z</time>
        <extensions>
          <ns3:TrackPointExtension>
            <ns3:hr>145</ns3:hr>
            <ns3:cad>84</ns3:cad>
          </ns3:TrackPointExtension>
        </extensions>
      </trkpt>
      <trkpt lat="37.4749018438160419464111328125" lon="126.9589638523757457733154296875">
        <ele>62.799999237060546875</ele>
        <time>2026-06-01T23:57:29.000Z</time>
        <extensions>
          <ns3:TrackPointExtension>
            <ns3:hr>145</ns3:hr>
            <ns3:cad>84</ns3:cad>
          </ns3:TrackPointExtension>
        </extensions>
      </trkpt>
      <trkpt lat="37.47493260540068149566650390625" lon="126.9589631818234920501708984375">
        <ele>62.799999237060546875</ele>
        <time>2026-06-01T23:57:30.000Z</time>
        <extensions>
          <ns3:TrackPointExtension>
            <ns3:hr>145</ns3:hr>
            <ns3:cad>84</ns3:cad>
          </ns3:TrackPointExtension>
        </extensions>
      </trkpt>
      <trkpt lat="37.47496403753757476806640625" lon="126.9589645229279994964599609375">
        <ele>62.59999847412109375</ele>
        <time>2026-06-01T23:57:31.000Z</time>
        <extensions>
          <ns3:TrackPointExtension>
            <ns3:hr>145</ns3:hr>
            <ns3:cad>84</ns3:cad>
          </ns3:TrackPointExtension>
        </extensions>
      </trkpt>
      <trkpt lat="37.4749853275716304779052734375" lon="126.9589655287563800811767578125">
        <ele>62.40000152587890625</ele>
        <time>2026-06-01T23:57:32.000Z</time>
        <extensions>
          <ns3:TrackPointExtension>
            <ns3:hr>145</ns3:hr>
            <ns3:cad>84</ns3:cad>
          </ns3:TrackPointExtension>
        </extensions>
      </trkpt>
      <trkpt lat="37.47502170503139495849609375" lon="126.9589625112712383270263671875">
        <ele>62.200000762939453125</ele>
        <time>2026-06-01T23:57:33.000Z</time>
        <extensions>
          <ns3:TrackPointExtension>
            <ns3:hr>144</ns3:hr>
            <ns3:cad>85</ns3:cad>
          </ns3:TrackPointExtension>
        </extensions>
      </trkpt>
      <trkpt lat="37.47505112551152706146240234375" lon="126.9589541293680667877197265625">
        <ele>62</ele>
        <time>2026-06-01T23:57:34.000Z</time>
        <extensions>
          <ns3:TrackPointExtension>
            <ns3:hr>144</ns3:hr>
            <ns3:cad>85</ns3:cad>
          </ns3:TrackPointExtension>
        </extensions>
      </trkpt>
      <trkpt lat="37.4750865809619426727294921875" lon="126.95894993841648101806640625">
        <ele>61.799999237060546875</ele>
        <time>2026-06-01T23:57:35.000Z</time>
        <extensions>
          <ns3:TrackPointExtension>
            <ns3:hr>144</ns3:hr>
            <ns3:cad>85</ns3:cad>
          </ns3:TrackPointExtension>
        </extensions>
      </trkpt>
      <trkpt lat="37.47512538917362689971923828125" lon="126.95895069278776645660400390625">
        <ele>61.799999237060546875</ele>
        <time>2026-06-01T23:57:36.000Z</time>
        <extensions>
          <ns3:TrackPointExtension>
            <ns3:hr>144</ns3:hr>
            <ns3:cad>85</ns3:cad>
          </ns3:TrackPointExtension>
        </extensions>
      </trkpt>
      <trkpt lat="37.47515455819666385650634765625" lon="126.9589521177113056182861328125">
        <ele>61.40000152587890625</ele>
        <time>2026-06-01T23:57:37.000Z</time>
        <extensions>
          <ns3:TrackPointExtension>
            <ns3:hr>144</ns3:hr>
            <ns3:cad>84</ns3:cad>
          </ns3:TrackPointExtension>
        </extensions>
      </trkpt>
      <trkpt lat="37.4751913547515869140625" lon="126.95895739831030368804931640625">
        <ele>61.200000762939453125</ele>
        <time>2026-06-01T23:57:38.000Z</time>
        <extensions>
          <ns3:TrackPointExtension>
            <ns3:hr>144</ns3:hr>
            <ns3:cad>84</ns3:cad>
          </ns3:TrackPointExtension>
        </extensions>
      </trkpt>
      <trkpt lat="37.4752183444797992706298828125" lon="126.95894918404519557952880859375">
        <ele>61.200000762939453125</ele>
        <time>2026-06-01T23:57:39.000Z</time>
        <extensions>
          <ns3:TrackPointExtension>
            <ns3:hr>144</ns3:hr>
            <ns3:cad>84</ns3:cad>
          </ns3:TrackPointExtension>
        </extensions>
      </trkpt>
      <trkpt lat="37.475255392491817474365234375" lon="126.95894599892199039459228515625">
        <ele>61</ele>
        <time>2026-06-01T23:57:40.000Z</time>
        <extensions>
          <ns3:TrackPointExtension>
            <ns3:hr>144</ns3:hr>
            <ns3:cad>84</ns3:cad>
          </ns3:TrackPointExtension>
        </extensions>
      </trkpt>
      <trkpt lat="37.4752853997051715850830078125" lon="126.95894164033234119415283203125">
        <ele>60.799999237060546875</ele>
        <time>2026-06-01T23:57:41.000Z</time>
        <extensions>
          <ns3:TrackPointExtension>
            <ns3:hr>144</ns3:hr>
            <ns3:cad>84</ns3:cad>
          </ns3:TrackPointExtension>
        </extensions>
      </trkpt>
      <trkpt lat="37.4753132276237010955810546875" lon="126.95893309079110622406005859375">
        <ele>60.59999847412109375</ele>
        <time>2026-06-01T23:57:42.000Z</time>
        <extensions>
          <ns3:TrackPointExtension>
            <ns3:hr>144</ns3:hr>
            <ns3:cad>84</ns3:cad>
          </ns3:TrackPointExtension>
        </extensions>
      </trkpt>
      <trkpt lat="37.4753482639789581298828125" lon="126.95893661119043827056884765625">
        <ele>60.59999847412109375</ele>
        <time>2026-06-01T23:57:43.000Z</time>
        <extensions>
          <ns3:TrackPointExtension>
            <ns3:hr>144</ns3:hr>
            <ns3:cad>84</ns3:cad>
          </ns3:TrackPointExtension>
        </extensions>
      </trkpt>
      <trkpt lat="37.47537148185074329376220703125" lon="126.95893543772399425506591796875">
        <ele>60.59999847412109375</ele>
        <time>2026-06-01T23:57:44.000Z</time>
        <extensions>
          <ns3:TrackPointExtension>
            <ns3:hr>143</ns3:hr>
            <ns3:cad>84</ns3:cad>
          </ns3:TrackPointExtension>
        </extensions>
      </trkpt>
      <trkpt lat="37.47541121207177639007568359375" lon="126.95893476717174053192138671875">
        <ele>60.40000152587890625</ele>
        <time>2026-06-01T23:57:45.000Z</time>
        <extensions>
          <ns3:TrackPointExtension>
            <ns3:hr>144</ns3:hr>
            <ns3:cad>84</ns3:cad>
          </ns3:TrackPointExtension>
        </extensions>
      </trkpt>
      <trkpt lat="37.4754367768764495849609375" lon="126.9589318335056304931640625">
        <ele>60.40000152587890625</ele>
        <time>2026-06-01T23:57:46.000Z</time>
        <extensions>
          <ns3:TrackPointExtension>
            <ns3:hr>144</ns3:hr>
            <ns3:cad>85</ns3:cad>
          </ns3:TrackPointExtension>
        </extensions>
      </trkpt>
      <trkpt lat="37.47547122649848461151123046875" lon="126.95892512798309326171875">
        <ele>60.200000762939453125</ele>
        <time>2026-06-01T23:57:47.000Z</time>
        <extensions>
          <ns3:TrackPointExtension>
            <ns3:hr>144</ns3:hr>
            <ns3:cad>85</ns3:cad>
          </ns3:TrackPointExtension>
        </extensions>
      </trkpt>
      <trkpt lat="37.475508190691471099853515625" lon="126.95892269723117351531982421875">
        <ele>59.799999237060546875</ele>
        <time>2026-06-01T23:57:48.000Z</time>
        <extensions>
          <ns3:TrackPointExtension>
            <ns3:hr>144</ns3:hr>
            <ns3:cad>85</ns3:cad>
          </ns3:TrackPointExtension>
        </extensions>
      </trkpt>
      <trkpt lat="37.4755294807255268096923828125" lon="126.9589216075837612152099609375">
        <ele>59.40000152587890625</ele>
        <time>2026-06-01T23:57:49.000Z</time>
        <extensions>
          <ns3:TrackPointExtension>
            <ns3:hr>144</ns3:hr>
            <ns3:cad>85</ns3:cad>
          </ns3:TrackPointExtension>
        </extensions>
      </trkpt>
      <trkpt lat="37.47556761838495731353759765625" lon="126.9589236192405223846435546875">
        <ele>59.200000762939453125</ele>
        <time>2026-06-01T23:57:50.000Z</time>
        <extensions>
          <ns3:TrackPointExtension>
            <ns3:hr>143</ns3:hr>
            <ns3:cad>85</ns3:cad>
          </ns3:TrackPointExtension>
        </extensions>
      </trkpt>
      <trkpt lat="37.47559259645640850067138671875" lon="126.95892311632633209228515625">
        <ele>59</ele>
        <time>2026-06-01T23:57:51.000Z</time>
        <extensions>
          <ns3:TrackPointExtension>
            <ns3:hr>143</ns3:hr>
            <ns3:cad>85</ns3:cad>
          </ns3:TrackPointExtension>
        </extensions>
      </trkpt>
      <trkpt lat="37.47562562115490436553955078125" lon="126.95892957039177417755126953125">
        <ele>58.799999237060546875</ele>
        <time>2026-06-01T23:57:52.000Z</time>
        <extensions>
          <ns3:TrackPointExtension>
            <ns3:hr>143</ns3:hr>
            <ns3:cad>85</ns3:cad>
          </ns3:TrackPointExtension>
        </extensions>
      </trkpt>
      <trkpt lat="37.475654371082782745361328125" lon="126.958927474915981292724609375">
        <ele>58.59999847412109375</ele>
        <time>2026-06-01T23:57:53.000Z</time>
        <extensions>
          <ns3:TrackPointExtension>
            <ns3:hr>143</ns3:hr>
            <ns3:cad>85</ns3:cad>
          </ns3:TrackPointExtension>
        </extensions>
      </trkpt>
      <trkpt lat="37.47568194754421710968017578125" lon="126.95892177522182464599609375">
        <ele>58.40000152587890625</ele>
        <time>2026-06-01T23:57:54.000Z</time>
        <extensions>
          <ns3:TrackPointExtension>
            <ns3:hr>143</ns3:hr>
            <ns3:cad>85</ns3:cad>
          </ns3:TrackPointExtension>
        </extensions>
      </trkpt>
      <trkpt lat="37.47571832500398159027099609375" lon="126.95892923511564731597900390625">
        <ele>58.200000762939453125</ele>
        <time>2026-06-01T23:57:55.000Z</time>
        <extensions>
          <ns3:TrackPointExtension>
            <ns3:hr>143</ns3:hr>
            <ns3:cad>85</ns3:cad>
          </ns3:TrackPointExtension>
        </extensions>
      </trkpt>
      <trkpt lat="37.47574388980865478515625" lon="126.95893242023885250091552734375">
        <ele>58.200000762939453125</ele>
        <time>2026-06-01T23:57:56.000Z</time>
        <extensions>
          <ns3:TrackPointExtension>
            <ns3:hr>144</ns3:hr>
            <ns3:cad>85</ns3:cad>
          </ns3:TrackPointExtension>
        </extensions>
      </trkpt>
      <trkpt lat="37.4757802672684192657470703125" lon="126.95892588235437870025634765625">
        <ele>58</ele>
        <time>2026-06-01T23:57:57.000Z</time>
        <extensions>
          <ns3:TrackPointExtension>
            <ns3:hr>144</ns3:hr>
            <ns3:cad>42</ns3:cad>
          </ns3:TrackPointExtension>
        </extensions>
      </trkpt>
      <trkpt lat="37.4758044071495532989501953125" lon="126.9589159078896045684814453125">
        <ele>57.799999237060546875</ele>
        <time>2026-06-01T23:57:58.000Z</time>
        <extensions>
          <ns3:TrackPointExtension>
            <ns3:hr>144</ns3:hr>
            <ns3:cad>42</ns3:cad>
          </ns3:TrackPointExtension>
        </extensions>
      </trkpt>
      <trkpt lat="37.47582879848778247833251953125" lon="126.9589132256805896759033203125">
        <ele>57.799999237060546875</ele>
        <time>2026-06-01T23:57:59.000Z</time>
        <extensions>
          <ns3:TrackPointExtension>
            <ns3:hr>144</ns3:hr>
            <ns3:cad>42</ns3:cad>
          </ns3:TrackPointExtension>
        </extensions>
      </trkpt>
      <trkpt lat="37.47586727142333984375" lon="126.95891699753701686859130859375">
        <ele>57.59999847412109375</ele>
        <time>2026-06-01T23:58:00.000Z</time>
        <extensions>
          <ns3:TrackPointExtension>
            <ns3:hr>144</ns3:hr>
            <ns3:cad>42</ns3:cad>
          </ns3:TrackPointExtension>
        </extensions>
      </trkpt>
      <trkpt lat="37.47588965110480785369873046875" lon="126.95891641080379486083984375">
        <ele>57.59999847412109375</ele>
        <time>2026-06-01T23:58:01.000Z</time>
        <extensions>
          <ns3:TrackPointExtension>
            <ns3:hr>144</ns3:hr>
            <ns3:cad>42</ns3:cad>
          </ns3:TrackPointExtension>
        </extensions>
      </trkpt>
      <trkpt lat="37.4759274534881114959716796875" lon="126.95891641080379486083984375">
        <ele>57.40000152587890625</ele>
        <time>2026-06-01T23:58:02.000Z</time>
        <extensions>
          <ns3:TrackPointExtension>
            <ns3:hr>144</ns3:hr>
            <ns3:cad>42</ns3:cad>
          </ns3:TrackPointExtension>
        </extensions>
      </trkpt>
      <trkpt lat="37.47595670633018016815185546875" lon="126.9589172489941120147705078125">
        <ele>57.40000152587890625</ele>
        <time>2026-06-01T23:58:03.000Z</time>
        <extensions>
          <ns3:TrackPointExtension>
            <ns3:hr>143</ns3:hr>
            <ns3:cad>85</ns3:cad>
          </ns3:TrackPointExtension>
        </extensions>
      </trkpt>
      <trkpt lat="37.47598319314420223236083984375" lon="126.95891699753701686859130859375">
        <ele>57.200000762939453125</ele>
        <time>2026-06-01T23:58:04.000Z</time>
        <extensions>
          <ns3:TrackPointExtension>
            <ns3:hr>144</ns3:hr>
            <ns3:cad>83</ns3:cad>
          </ns3:TrackPointExtension>
        </extensions>
      </trkpt>
      <trkpt lat="37.47601806186139583587646484375" lon="126.958920098841190338134765625">
        <ele>57.200000762939453125</ele>
        <time>2026-06-01T23:58:05.000Z</time>
        <extensions>
          <ns3:TrackPointExtension>
            <ns3:hr>144</ns3:hr>
            <ns3:cad>83</ns3:cad>
          </ns3:TrackPointExtension>
        </extensions>
      </trkpt>
      <trkpt lat="37.47604421339929103851318359375" lon="126.9589159078896045684814453125">
        <ele>56.799999237060546875</ele>
        <time>2026-06-01T23:58:06.000Z</time>
        <extensions>
          <ns3:TrackPointExtension>
            <ns3:hr>144</ns3:hr>
            <ns3:cad>83</ns3:cad>
          </ns3:TrackPointExtension>
        </extensions>
      </trkpt>
      <trkpt lat="37.47608159668743610382080078125" lon="126.9589152373373508453369140625">
        <ele>56.59999847412109375</ele>
        <time>2026-06-01T23:58:07.000Z</time>
        <extensions>
          <ns3:TrackPointExtension>
            <ns3:hr>144</ns3:hr>
            <ns3:cad>83</ns3:cad>
          </ns3:TrackPointExtension>
        </extensions>
      </trkpt>
      <trkpt lat="37.476107664406299591064453125" lon="126.9589149020612239837646484375">
        <ele>56.59999847412109375</ele>
        <time>2026-06-01T23:58:08.000Z</time>
        <extensions>
          <ns3:TrackPointExtension>
            <ns3:hr>144</ns3:hr>
            <ns3:cad>83</ns3:cad>
          </ns3:TrackPointExtension>
        </extensions>
      </trkpt>
      <trkpt lat="37.47613750398159027099609375" lon="126.95891146548092365264892578125">
        <ele>56.40000152587890625</ele>
        <time>2026-06-01T23:58:09.000Z</time>
        <extensions>
          <ns3:TrackPointExtension>
            <ns3:hr>144</ns3:hr>
            <ns3:cad>83</ns3:cad>
          </ns3:TrackPointExtension>
        </extensions>
      </trkpt>
      <trkpt lat="37.47617279179394245147705078125" lon="126.9589135609567165374755859375">
        <ele>56.200000762939453125</ele>
        <time>2026-06-01T23:58:10.000Z</time>
        <extensions>
          <ns3:TrackPointExtension>
            <ns3:hr>144</ns3:hr>
            <ns3:cad>83</ns3:cad>
          </ns3:TrackPointExtension>
        </extensions>
      </trkpt>
      <trkpt lat="37.476195506751537322998046875" lon="126.9589118845760822296142578125">
        <ele>56.200000762939453125</ele>
        <time>2026-06-01T23:58:11.000Z</time>
        <extensions>
          <ns3:TrackPointExtension>
            <ns3:hr>144</ns3:hr>
            <ns3:cad>83</ns3:cad>
          </ns3:TrackPointExtension>
        </extensions>
      </trkpt>
      <trkpt lat="37.47622995637357234954833984375" lon="126.9589149020612239837646484375">
        <ele>56</ele>
        <time>2026-06-01T23:58:12.000Z</time>
        <extensions>
          <ns3:TrackPointExtension>
            <ns3:hr>144</ns3:hr>
            <ns3:cad>83</ns3:cad>
          </ns3:TrackPointExtension>
        </extensions>
      </trkpt>
      <trkpt lat="37.47625711373984813690185546875" lon="126.958913393318653106689453125">
        <ele>56</ele>
        <time>2026-06-01T23:58:13.000Z</time>
        <extensions>
          <ns3:TrackPointExtension>
            <ns3:hr>144</ns3:hr>
            <ns3:cad>84</ns3:cad>
          </ns3:TrackPointExtension>
        </extensions>
      </trkpt>
      <trkpt lat="37.47628527693450450897216796875" lon="126.95890660397708415985107421875">
        <ele>56</ele>
        <time>2026-06-01T23:58:14.000Z</time>
        <extensions>
          <ns3:TrackPointExtension>
            <ns3:hr>144</ns3:hr>
            <ns3:cad>84</ns3:cad>
          </ns3:TrackPointExtension>
        </extensions>
      </trkpt>
      <trkpt lat="37.4763200618326663970947265625" lon="126.95891146548092365264892578125">
        <ele>56</ele>
        <time>2026-06-01T23:58:15.000Z</time>
        <extensions>
          <ns3:TrackPointExtension>
            <ns3:hr>144</ns3:hr>
            <ns3:cad>84</ns3:cad>
          </ns3:TrackPointExtension>
        </extensions>
      </trkpt>
      <trkpt lat="37.476342022418975830078125" lon="126.95891180075705051422119140625">
        <ele>55.799999237060546875</ele>
        <time>2026-06-01T23:58:16.000Z</time>
        <extensions>
          <ns3:TrackPointExtension>
            <ns3:hr>144</ns3:hr>
            <ns3:cad>84</ns3:cad>
          </ns3:TrackPointExtension>
        </extensions>
      </trkpt>
      <trkpt lat="37.47638016007840633392333984375" lon="126.95891196839511394500732421875">
        <ele>55.799999237060546875</ele>
        <time>2026-06-01T23:58:17.000Z</time>
        <extensions>
          <ns3:TrackPointExtension>
            <ns3:hr>144</ns3:hr>
            <ns3:cad>84</ns3:cad>
          </ns3:TrackPointExtension>
        </extensions>
      </trkpt>
      <trkpt lat="37.47640916146337985992431640625" lon="126.95891381241381168365478515625">
        <ele>55.799999237060546875</ele>
        <time>2026-06-01T23:58:18.000Z</time>
        <extensions>
          <ns3:TrackPointExtension>
            <ns3:hr>144</ns3:hr>
            <ns3:cad>84</ns3:cad>
          </ns3:TrackPointExtension>
        </extensions>
      </trkpt>
      <trkpt lat="37.47644235379993915557861328125" lon="126.958913393318653106689453125">
        <ele>55.59999847412109375</ele>
        <time>2026-06-01T23:58:19.000Z</time>
        <extensions>
          <ns3:TrackPointExtension>
            <ns3:hr>144</ns3:hr>
            <ns3:cad>84</ns3:cad>
          </ns3:TrackPointExtension>
        </extensions>
      </trkpt>
      <trkpt lat="37.47647504322230815887451171875" lon="126.9589135609567165374755859375">
        <ele>55.59999847412109375</ele>
        <time>2026-06-01T23:58:20.000Z</time>
        <extensions>
          <ns3:TrackPointExtension>
            <ns3:hr>143</ns3:hr>
            <ns3:cad>84</ns3:cad>
          </ns3:TrackPointExtension>
        </extensions>
      </trkpt>
      <trkpt lat="37.476495914161205291748046875" lon="126.95891247130930423736572265625">
        <ele>55.59999847412109375</ele>
        <time>2026-06-01T23:58:21.000Z</time>
        <extensions>
          <ns3:TrackPointExtension>
            <ns3:hr>144</ns3:hr>
            <ns3:cad>84</ns3:cad>
          </ns3:TrackPointExtension>
        </extensions>
      </trkpt>
      <trkpt lat="37.47652801685035228729248046875" lon="126.95892370305955410003662109375">
        <ele>55.40000152587890625</ele>
        <time>2026-06-01T23:58:22.000Z</time>
        <extensions>
          <ns3:TrackPointExtension>
            <ns3:hr>144</ns3:hr>
            <ns3:cad>85</ns3:cad>
          </ns3:TrackPointExtension>
        </extensions>
      </trkpt>
      <trkpt lat="37.47655190527439117431640625" lon="126.9589130580425262451171875">
        <ele>55.40000152587890625</ele>
        <time>2026-06-01T23:58:23.000Z</time>
        <extensions>
          <ns3:TrackPointExtension>
            <ns3:hr>143</ns3:hr>
            <ns3:cad>85</ns3:cad>
          </ns3:TrackPointExtension>
        </extensions>
      </trkpt>
      <trkpt lat="37.47658417560160160064697265625" lon="126.95890593342483043670654296875">
        <ele>55.59999847412109375</ele>
        <time>2026-06-01T23:58:24.000Z</time>
        <extensions>
          <ns3:TrackPointExtension>
            <ns3:hr>144</ns3:hr>
            <ns3:cad>85</ns3:cad>
          </ns3:TrackPointExtension>
        </extensions>
      </trkpt>
      <trkpt lat="37.476611919701099395751953125" lon="126.95888699032366275787353515625">
        <ele>55.40000152587890625</ele>
        <time>2026-06-01T23:58:25.000Z</time>
        <extensions>
          <ns3:TrackPointExtension>
            <ns3:hr>143</ns3:hr>
            <ns3:cad>84</ns3:cad>
          </ns3:TrackPointExtension>
        </extensions>
      </trkpt>
      <trkpt lat="37.47663027606904506683349609375" lon="126.95886217989027500152587890625">
        <ele>55.200000762939453125</ele>
        <time>2026-06-01T23:58:26.000Z</time>
        <extensions>
          <ns3:TrackPointExtension>
            <ns3:hr>143</ns3:hr>
            <ns3:cad>84</ns3:cad>
          </ns3:TrackPointExtension>
        </extensions>
      </trkpt>
      <trkpt lat="37.4766576848924160003662109375" lon="126.95883166976273059844970703125">
        <ele>55.200000762939453125</ele>
        <time>2026-06-01T23:58:27.000Z</time>
        <extensions>
          <ns3:TrackPointExtension>
            <ns3:hr>143</ns3:hr>
            <ns3:cad>84</ns3:cad>
          </ns3:TrackPointExtension>
        </extensions>
      </trkpt>
      <trkpt lat="37.47668257914483547210693359375" lon="126.958804763853549957275390625">
        <ele>55.200000762939453125</ele>
        <time>2026-06-01T23:58:28.000Z</time>
        <extensions>
          <ns3:TrackPointExtension>
            <ns3:hr>143</ns3:hr>
            <ns3:cad>83</ns3:cad>
          </ns3:TrackPointExtension>
        </extensions>
      </trkpt>
      <trkpt lat="37.47671023942530155181884765625" lon="126.958774589002132415771484375">
        <ele>55</ele>
        <time>2026-06-01T23:58:29.000Z</time>
        <extensions>
          <ns3:TrackPointExtension>
            <ns3:hr>142</ns3:hr>
            <ns3:cad>83</ns3:cad>
          </ns3:TrackPointExtension>
        </extensions>
      </trkpt>
      <trkpt lat="37.4767376482486724853515625" lon="126.9587475992739200592041015625">
        <ele>55</ele>
        <time>2026-06-01T23:58:30.000Z</time>
        <extensions>
          <ns3:TrackPointExtension>
            <ns3:hr>142</ns3:hr>
            <ns3:cad>83</ns3:cad>
          </ns3:TrackPointExtension>
        </extensions>
      </trkpt>
      <trkpt lat="37.4767542444169521331787109375" lon="126.958723627030849456787109375">
        <ele>55.200000762939453125</ele>
        <time>2026-06-01T23:58:31.000Z</time>
        <extensions>
          <ns3:TrackPointExtension>
            <ns3:hr>142</ns3:hr>
            <ns3:cad>83</ns3:cad>
          </ns3:TrackPointExtension>
        </extensions>
      </trkpt>
      <trkpt lat="37.4767877720296382904052734375" lon="126.95869722403585910797119140625">
        <ele>55</ele>
        <time>2026-06-01T23:58:32.000Z</time>
        <extensions>
          <ns3:TrackPointExtension>
            <ns3:hr>142</ns3:hr>
            <ns3:cad>83</ns3:cad>
          </ns3:TrackPointExtension>
        </extensions>
      </trkpt>
      <trkpt lat="37.47680864296853542327880859375" lon="126.9586758501827716827392578125">
        <ele>55</ele>
        <time>2026-06-01T23:58:33.000Z</time>
        <extensions>
          <ns3:TrackPointExtension>
            <ns3:hr>142</ns3:hr>
            <ns3:cad>83</ns3:cad>
          </ns3:TrackPointExtension>
        </extensions>
      </trkpt>
      <trkpt lat="37.47683764435350894927978515625" lon="126.95865087211132049560546875">
        <ele>54.799999237060546875</ele>
        <time>2026-06-01T23:58:34.000Z</time>
        <extensions>
          <ns3:TrackPointExtension>
            <ns3:hr>142</ns3:hr>
            <ns3:cad>84</ns3:cad>
          </ns3:TrackPointExtension>
        </extensions>
      </trkpt>
      <trkpt lat="37.47686664573848247528076171875" lon="126.958631090819835662841796875">
        <ele>54.799999237060546875</ele>
        <time>2026-06-01T23:58:35.000Z</time>
        <extensions>
          <ns3:TrackPointExtension>
            <ns3:hr>142</ns3:hr>
            <ns3:cad>84</ns3:cad>
          </ns3:TrackPointExtension>
        </extensions>
      </trkpt>
      <trkpt lat="37.476884834468364715576171875" lon="126.95862078107893466949462890625">
        <ele>54.59999847412109375</ele>
        <time>2026-06-01T23:58:36.000Z</time>
        <extensions>
          <ns3:TrackPointExtension>
            <ns3:hr>143</ns3:hr>
            <ns3:cad>84</ns3:cad>
          </ns3:TrackPointExtension>
        </extensions>
      </trkpt>
      <trkpt lat="37.476911656558513641357421875" lon="126.9585957191884517669677734375">
        <ele>54.59999847412109375</ele>
        <time>2026-06-01T23:58:37.000Z</time>
        <extensions>
          <ns3:TrackPointExtension>
            <ns3:hr>142</ns3:hr>
            <ns3:cad>84</ns3:cad>
          </ns3:TrackPointExtension>
        </extensions>
      </trkpt>
      <trkpt lat="37.4769361317157745361328125" lon="126.95857719518244266510009765625">
        <ele>54.59999847412109375</ele>
        <time>2026-06-01T23:58:38.000Z</time>
        <extensions>
          <ns3:TrackPointExtension>
            <ns3:hr>142</ns3:hr>
            <ns3:cad>84</ns3:cad>
          </ns3:TrackPointExtension>
        </extensions>
      </trkpt>
      <trkpt lat="37.47696203179657459259033203125" lon="126.9585615210235118865966796875">
        <ele>54.59999847412109375</ele>
        <time>2026-06-01T23:58:39.000Z</time>
        <extensions>
          <ns3:TrackPointExtension>
            <ns3:hr>143</ns3:hr>
            <ns3:cad>84</ns3:cad>
          </ns3:TrackPointExtension>
        </extensions>
      </trkpt>
      <trkpt lat="37.47698315419256687164306640625" lon="126.9585482776165008544921875">
        <ele>54.40000152587890625</ele>
        <time>2026-06-01T23:58:40.000Z</time>
        <extensions>
          <ns3:TrackPointExtension>
            <ns3:hr>143</ns3:hr>
            <ns3:cad>84</ns3:cad>
          </ns3:TrackPointExtension>
        </extensions>
      </trkpt>
      <trkpt lat="37.477004863321781158447265625" lon="126.95855431258678436279296875">
        <ele>54.40000152587890625</ele>
        <time>2026-06-01T23:58:41.000Z</time>
        <extensions>
          <ns3:TrackPointExtension>
            <ns3:hr>143</ns3:hr>
            <ns3:cad>84</ns3:cad>
          </ns3:TrackPointExtension>
        </extensions>
      </trkpt>
      <trkpt lat="37.47703445143997669219970703125" lon="126.95855724625289440155029296875">
        <ele>54.200000762939453125</ele>
        <time>2026-06-01T23:58:42.000Z</time>
        <extensions>
          <ns3:TrackPointExtension>
            <ns3:hr>144</ns3:hr>
            <ns3:cad>84</ns3:cad>
          </ns3:TrackPointExtension>
        </extensions>
      </trkpt>
      <trkpt lat="37.4770586751401424407958984375" lon="126.9585536420345306396484375">
        <ele>54</ele>
        <time>2026-06-01T23:58:43.000Z</time>
        <extensions>
          <ns3:TrackPointExtension>
            <ns3:hr>144</ns3:hr>
            <ns3:cad>84</ns3:cad>
          </ns3:TrackPointExtension>
        </extensions>
      </trkpt>
      <trkpt lat="37.477092705667018890380859375" lon="126.9585477747023105621337890625">
        <ele>54</ele>
        <time>2026-06-01T23:58:44.000Z</time>
        <extensions>
          <ns3:TrackPointExtension>
            <ns3:hr>144</ns3:hr>
            <ns3:cad>84</ns3:cad>
          </ns3:TrackPointExtension>
        </extensions>
      </trkpt>
      <trkpt lat="37.47711651027202606201171875" lon="126.958541236817836761474609375">
        <ele>54</ele>
        <time>2026-06-01T23:58:45.000Z</time>
        <extensions>
          <ns3:TrackPointExtension>
            <ns3:hr>145</ns3:hr>
            <ns3:cad>84</ns3:cad>
          </ns3:TrackPointExtension>
        </extensions>
      </trkpt>
      <trkpt lat="37.47714274562895298004150390625" lon="126.95853511802852153778076171875">
        <ele>54.200000762939453125</ele>
        <time>2026-06-01T23:58:46.000Z</time>
        <extensions>
          <ns3:TrackPointExtension>
            <ns3:hr>144</ns3:hr>
            <ns3:cad>84</ns3:cad>
          </ns3:TrackPointExtension>
        </extensions>
      </trkpt>
      <trkpt lat="37.47717074118554592132568359375" lon="126.9585212878882884979248046875">
        <ele>54.200000762939453125</ele>
        <time>2026-06-01T23:58:47.000Z</time>
        <extensions>
          <ns3:TrackPointExtension>
            <ns3:hr>144</ns3:hr>
            <ns3:cad>84</ns3:cad>
          </ns3:TrackPointExtension>
        </extensions>
      </trkpt>
      <trkpt lat="37.4771927855908870697021484375" lon="126.95851567201316356658935546875">
        <ele>54.200000762939453125</ele>
        <time>2026-06-01T23:58:48.000Z</time>
        <extensions>
          <ns3:TrackPointExtension>
            <ns3:hr>144</ns3:hr>
            <ns3:cad>84</ns3:cad>
          </ns3:TrackPointExtension>
        </extensions>
      </trkpt>
      <trkpt lat="37.47722446918487548828125" lon="126.9584971480071544647216796875">
        <ele>54.200000762939453125</ele>
        <time>2026-06-01T23:58:49.000Z</time>
        <extensions>
          <ns3:TrackPointExtension>
            <ns3:hr>144</ns3:hr>
            <ns3:cad>84</ns3:cad>
          </ns3:TrackPointExtension>
        </extensions>
      </trkpt>
      <trkpt lat="37.4772491119801998138427734375" lon="126.95847510360181331634521484375">
        <ele>54</ele>
        <time>2026-06-01T23:58:50.000Z</time>
        <extensions>
          <ns3:TrackPointExtension>
            <ns3:hr>144</ns3:hr>
            <ns3:cad>84</ns3:cad>
          </ns3:TrackPointExtension>
        </extensions>
      </trkpt>
      <trkpt lat="37.4772752635180950164794921875" lon="126.9584612734615802764892578125">
        <ele>54</ele>
        <time>2026-06-01T23:58:51.000Z</time>
        <extensions>
          <ns3:TrackPointExtension>
            <ns3:hr>145</ns3:hr>
            <ns3:cad>85</ns3:cad>
          </ns3:TrackPointExtension>
        </extensions>
      </trkpt>
      <trkpt lat="37.4773020856082439422607421875" lon="126.9584572501480579376220703125">
        <ele>54</ele>
        <time>2026-06-01T23:58:52.000Z</time>
        <extensions>
          <ns3:TrackPointExtension>
            <ns3:hr>144</ns3:hr>
            <ns3:cad>85</ns3:cad>
          </ns3:TrackPointExtension>
        </extensions>
      </trkpt>
      <trkpt lat="37.477329410612583160400390625" lon="126.9584518857300281524658203125">
        <ele>53.799999237060546875</ele>
        <time>2026-06-01T23:58:53.000Z</time>
        <extensions>
          <ns3:TrackPointExtension>
            <ns3:hr>144</ns3:hr>
            <ns3:cad>85</ns3:cad>
          </ns3:TrackPointExtension>
        </extensions>
      </trkpt>
      <trkpt lat="37.477366961538791656494140625" lon="126.958437971770763397216796875">
        <ele>53.799999237060546875</ele>
        <time>2026-06-01T23:58:54.000Z</time>
        <extensions>
          <ns3:TrackPointExtension>
            <ns3:hr>144</ns3:hr>
            <ns3:cad>85</ns3:cad>
          </ns3:TrackPointExtension>
        </extensions>
      </trkpt>
      <trkpt lat="37.47739286161959171295166015625" lon="126.95843101479113101959228515625">
        <ele>53.59999847412109375</ele>
        <time>2026-06-01T23:58:55.000Z</time>
        <extensions>
          <ns3:TrackPointExtension>
            <ns3:hr>144</ns3:hr>
            <ns3:cad>85</ns3:cad>
          </ns3:TrackPointExtension>
        </extensions>
      </trkpt>
      <trkpt lat="37.4774258024990558624267578125" lon="126.9584217108786106109619140625">
        <ele>53.40000152587890625</ele>
        <time>2026-06-01T23:58:56.000Z</time>
        <extensions>
          <ns3:TrackPointExtension>
            <ns3:hr>144</ns3:hr>
            <ns3:cad>84</ns3:cad>
          </ns3:TrackPointExtension>
        </extensions>
      </trkpt>
      <trkpt lat="37.4774600006639957427978515625" lon="126.95840318687260150909423828125">
        <ele>53.200000762939453125</ele>
        <time>2026-06-01T23:58:57.000Z</time>
        <extensions>
          <ns3:TrackPointExtension>
            <ns3:hr>144</ns3:hr>
            <ns3:cad>85</ns3:cad>
          </ns3:TrackPointExtension>
        </extensions>
      </trkpt>
      <trkpt lat="37.47748539783060550689697265625" lon="126.958394385874271392822265625">
        <ele>53.200000762939453125</ele>
        <time>2026-06-01T23:58:58.000Z</time>
        <extensions>
          <ns3:TrackPointExtension>
            <ns3:hr>145</ns3:hr>
            <ns3:cad>85</ns3:cad>
          </ns3:TrackPointExtension>
        </extensions>
      </trkpt>
      <trkpt lat="37.4775262176990509033203125" lon="126.95838692598044872283935546875">
        <ele>53</ele>
        <time>2026-06-01T23:58:59.000Z</time>
        <extensions>
          <ns3:TrackPointExtension>
            <ns3:hr>145</ns3:hr>
            <ns3:cad>85</ns3:cad>
          </ns3:TrackPointExtension>
        </extensions>
      </trkpt>
      <trkpt lat="37.47755178250372409820556640625" lon="126.9583766162395477294921875">
        <ele>53</ele>
        <time>2026-06-01T23:59:00.000Z</time>
        <extensions>
          <ns3:TrackPointExtension>
            <ns3:hr>145</ns3:hr>
            <ns3:cad>84</ns3:cad>
          </ns3:TrackPointExtension>
        </extensions>
      </trkpt>
      <trkpt lat="37.47758531011641025543212890625" lon="126.9583700783550739288330078125">
        <ele>52.799999237060546875</ele>
        <time>2026-06-01T23:59:01.000Z</time>
        <extensions>
          <ns3:TrackPointExtension>
            <ns3:hr>145</ns3:hr>
            <ns3:cad>84</ns3:cad>
          </ns3:TrackPointExtension>
        </extensions>
      </trkpt>
      <trkpt lat="37.47761263512074947357177734375" lon="126.95836144499480724334716796875">
        <ele>52.799999237060546875</ele>
        <time>2026-06-01T23:59:02.000Z</time>
        <extensions>
          <ns3:TrackPointExtension>
            <ns3:hr>144</ns3:hr>
            <ns3:cad>84</ns3:cad>
          </ns3:TrackPointExtension>
        </extensions>
      </trkpt>
      <trkpt lat="37.477638535201549530029296875" lon="126.95835608057677745819091796875">
        <ele>52.59999847412109375</ele>
        <time>2026-06-01T23:59:03.000Z</time>
        <extensions>
          <ns3:TrackPointExtension>
            <ns3:hr>145</ns3:hr>
            <ns3:cad>84</ns3:cad>
          </ns3:TrackPointExtension>
        </extensions>
      </trkpt>
      <trkpt lat="37.47767466120421886444091796875" lon="126.95835021324455738067626953125">
        <ele>52.59999847412109375</ele>
        <time>2026-06-01T23:59:04.000Z</time>
        <extensions>
          <ns3:TrackPointExtension>
            <ns3:hr>145</ns3:hr>
            <ns3:cad>84</ns3:cad>
          </ns3:TrackPointExtension>
        </extensions>
      </trkpt>
      <trkpt lat="37.4777040816843509674072265625" lon="126.95834132842719554901123046875">
        <ele>52.40000152587890625</ele>
        <time>2026-06-01T23:59:05.000Z</time>
        <extensions>
          <ns3:TrackPointExtension>
            <ns3:hr>145</ns3:hr>
            <ns3:cad>84</ns3:cad>
          </ns3:TrackPointExtension>
        </extensions>
      </trkpt>
      <trkpt lat="37.47773735783994197845458984375" lon="126.95831450633704662322998046875">
        <ele>52.40000152587890625</ele>
        <time>2026-06-01T23:59:06.000Z</time>
        <extensions>
          <ns3:TrackPointExtension>
            <ns3:hr>145</ns3:hr>
            <ns3:cad>84</ns3:cad>
          </ns3:TrackPointExtension>
        </extensions>
      </trkpt>
      <trkpt lat="37.47774909250438213348388671875" lon="126.9582849182188510894775390625">
        <ele>52.40000152587890625</ele>
        <time>2026-06-01T23:59:07.000Z</time>
        <extensions>
          <ns3:TrackPointExtension>
            <ns3:hr>145</ns3:hr>
            <ns3:cad>84</ns3:cad>
          </ns3:TrackPointExtension>
        </extensions>
      </trkpt>
      <trkpt lat="37.477761246263980865478515625" lon="126.95824426598846912384033203125">
        <ele>52.40000152587890625</ele>
        <time>2026-06-01T23:59:08.000Z</time>
        <extensions>
          <ns3:TrackPointExtension>
            <ns3:hr>146</ns3:hr>
            <ns3:cad>84</ns3:cad>
          </ns3:TrackPointExtension>
        </extensions>
      </trkpt>
      <trkpt lat="37.477771975100040435791015625" lon="126.95820386521518230438232421875">
        <ele>52.40000152587890625</ele>
        <time>2026-06-01T23:59:09.000Z</time>
        <extensions>
          <ns3:TrackPointExtension>
            <ns3:hr>146</ns3:hr>
            <ns3:cad>84</ns3:cad>
          </ns3:TrackPointExtension>
        </extensions>
      </trkpt>
      <trkpt lat="37.47777759097516536712646484375" lon="126.9581699185073375701904296875">
        <ele>52.40000152587890625</ele>
        <time>2026-06-01T23:59:10.000Z</time>
        <extensions>
          <ns3:TrackPointExtension>
            <ns3:hr>146</ns3:hr>
            <ns3:cad>84</ns3:cad>
          </ns3:TrackPointExtension>
        </extensions>
      </trkpt>
      <trkpt lat="37.4777872301638126373291015625" lon="126.95811887271702289581298828125">
        <ele>52.40000152587890625</ele>
        <time>2026-06-01T23:59:11.000Z</time>
        <extensions>
          <ns3:TrackPointExtension>
            <ns3:hr>146</ns3:hr>
            <ns3:cad>86</ns3:cad>
          </ns3:TrackPointExtension>
        </extensions>
      </trkpt>
      <trkpt lat="37.47779066674411296844482421875" lon="126.95808484219014644622802734375">
        <ele>52.40000152587890625</ele>
        <time>2026-06-01T23:59:12.000Z</time>
        <extensions>
          <ns3:TrackPointExtension>
            <ns3:hr>146</ns3:hr>
            <ns3:cad>87</ns3:cad>
          </ns3:TrackPointExtension>
        </extensions>
      </trkpt>
      <trkpt lat="37.477804832160472869873046875" lon="126.9580405019223690032958984375">
        <ele>52.40000152587890625</ele>
        <time>2026-06-01T23:59:13.000Z</time>
        <extensions>
          <ns3:TrackPointExtension>
            <ns3:hr>146</ns3:hr>
            <ns3:cad>87</ns3:cad>
          </ns3:TrackPointExtension>
        </extensions>
      </trkpt>
      <trkpt lat="37.477822601795196533203125" lon="126.9580059684813022613525390625">
        <ele>52.40000152587890625</ele>
        <time>2026-06-01T23:59:14.000Z</time>
        <extensions>
          <ns3:TrackPointExtension>
            <ns3:hr>146</ns3:hr>
            <ns3:cad>85</ns3:cad>
          </ns3:TrackPointExtension>
        </extensions>
      </trkpt>
      <trkpt lat="37.477832995355129241943359375" lon="126.95797001011669635772705078125">
        <ele>52.200000762939453125</ele>
        <time>2026-06-01T23:59:15.000Z</time>
        <extensions>
          <ns3:TrackPointExtension>
            <ns3:hr>146</ns3:hr>
            <ns3:cad>85</ns3:cad>
          </ns3:TrackPointExtension>
        </extensions>
      </trkpt>
      <trkpt lat="37.47784447856247425079345703125" lon="126.9579318724572658538818359375">
        <ele>52.200000762939453125</ele>
        <time>2026-06-01T23:59:16.000Z</time>
        <extensions>
          <ns3:TrackPointExtension>
            <ns3:hr>145</ns3:hr>
            <ns3:cad>85</ns3:cad>
          </ns3:TrackPointExtension>
        </extensions>
      </trkpt>
      <trkpt lat="37.47785218991339206695556640625" lon="126.9579053856432437896728515625">
        <ele>52.200000762939453125</ele>
        <time>2026-06-01T23:59:17.000Z</time>
        <extensions>
          <ns3:TrackPointExtension>
            <ns3:hr>146</ns3:hr>
            <ns3:cad>85</ns3:cad>
          </ns3:TrackPointExtension>
        </extensions>
      </trkpt>
      <trkpt lat="37.47787197120487689971923828125" lon="126.9578641466796398162841796875">
        <ele>52.200000762939453125</ele>
        <time>2026-06-01T23:59:18.000Z</time>
        <extensions>
          <ns3:TrackPointExtension>
            <ns3:hr>146</ns3:hr>
            <ns3:cad>85</ns3:cad>
          </ns3:TrackPointExtension>
        </extensions>
      </trkpt>
      <trkpt lat="37.4778844602406024932861328125" lon="126.95783682167530059814453125">
        <ele>52.200000762939453125</ele>
        <time>2026-06-01T23:59:19.000Z</time>
        <extensions>
          <ns3:TrackPointExtension>
            <ns3:hr>146</ns3:hr>
            <ns3:cad>85</ns3:cad>
          </ns3:TrackPointExtension>
        </extensions>
      </trkpt>
      <trkpt lat="37.47790130786597728729248046875" lon="126.95780170150101184844970703125">
        <ele>52.200000762939453125</ele>
        <time>2026-06-01T23:59:20.000Z</time>
        <extensions>
          <ns3:TrackPointExtension>
            <ns3:hr>146</ns3:hr>
            <ns3:cad>85</ns3:cad>
          </ns3:TrackPointExtension>
        </extensions>
      </trkpt>
      <trkpt lat="37.47791983187198638916015625" lon="126.95776440203189849853515625">
        <ele>52.200000762939453125</ele>
        <time>2026-06-01T23:59:21.000Z</time>
        <extensions>
          <ns3:TrackPointExtension>
            <ns3:hr>146</ns3:hr>
            <ns3:cad>85</ns3:cad>
          </ns3:TrackPointExtension>
        </extensions>
      </trkpt>
      <trkpt lat="37.47793382965028285980224609375" lon="126.95773615501821041107177734375">
        <ele>52.200000762939453125</ele>
        <time>2026-06-01T23:59:22.000Z</time>
        <extensions>
          <ns3:TrackPointExtension>
            <ns3:hr>145</ns3:hr>
            <ns3:cad>85</ns3:cad>
          </ns3:TrackPointExtension>
        </extensions>
      </trkpt>
      <trkpt lat="37.4779553711414337158203125" lon="126.95769960992038249969482421875">
        <ele>52.200000762939453125</ele>
        <time>2026-06-01T23:59:23.000Z</time>
        <extensions>
          <ns3:TrackPointExtension>
            <ns3:hr>146</ns3:hr>
            <ns3:cad>85</ns3:cad>
          </ns3:TrackPointExtension>
        </extensions>
      </trkpt>
      <trkpt lat="37.47796618379652500152587890625" lon="126.957672536373138427734375">
        <ele>52</ele>
        <time>2026-06-01T23:59:24.000Z</time>
        <extensions>
          <ns3:TrackPointExtension>
            <ns3:hr>146</ns3:hr>
            <ns3:cad>85</ns3:cad>
          </ns3:TrackPointExtension>
        </extensions>
      </trkpt>
      <trkpt lat="37.4779883958399295806884765625" lon="126.95763590745627880096435546875">
        <ele>52</ele>
        <time>2026-06-01T23:59:25.000Z</time>
        <extensions>
          <ns3:TrackPointExtension>
            <ns3:hr>145</ns3:hr>
            <ns3:cad>85</ns3:cad>
          </ns3:TrackPointExtension>
        </extensions>
      </trkpt>
      <trkpt lat="37.4780004657804965972900390625" lon="126.95760522969067096710205078125">
        <ele>52</ele>
        <time>2026-06-01T23:59:26.000Z</time>
        <extensions>
          <ns3:TrackPointExtension>
            <ns3:hr>146</ns3:hr>
            <ns3:cad>85</ns3:cad>
          </ns3:TrackPointExtension>
        </extensions>
      </trkpt>
      <trkpt lat="37.478013373911380767822265625" lon="126.9575719535350799560546875">
        <ele>52</ele>
        <time>2026-06-01T23:59:27.000Z</time>
        <extensions>
          <ns3:TrackPointExtension>
            <ns3:hr>146</ns3:hr>
            <ns3:cad>85</ns3:cad>
          </ns3:TrackPointExtension>
        </extensions>
      </trkpt>
      <trkpt lat="37.478028126060962677001953125" lon="126.95753850974142551422119140625">
        <ele>52</ele>
        <time>2026-06-01T23:59:28.000Z</time>
        <extensions>
          <ns3:TrackPointExtension>
            <ns3:hr>145</ns3:hr>
            <ns3:cad>85</ns3:cad>
          </ns3:TrackPointExtension>
        </extensions>
      </trkpt>
      <trkpt lat="37.4780360050499439239501953125" lon="126.95751554332673549652099609375">
        <ele>52</ele>
        <time>2026-06-01T23:59:29.000Z</time>
        <extensions>
          <ns3:TrackPointExtension>
            <ns3:hr>146</ns3:hr>
            <ns3:cad>85</ns3:cad>
          </ns3:TrackPointExtension>
        </extensions>
      </trkpt>
      <trkpt lat="37.47805285267531871795654296875" lon="126.9574769027531147003173828125">
        <ele>52</ele>
        <time>2026-06-01T23:59:30.000Z</time>
        <extensions>
          <ns3:TrackPointExtension>
            <ns3:hr>145</ns3:hr>
            <ns3:cad>85</ns3:cad>
          </ns3:TrackPointExtension>
        </extensions>
      </trkpt>
      <trkpt lat="37.47806274332106113433837890625" lon="126.9574534334242343902587890625">
        <ele>52</ele>
        <time>2026-06-01T23:59:31.000Z</time>
        <extensions>
          <ns3:TrackPointExtension>
            <ns3:hr>145</ns3:hr>
            <ns3:cad>85</ns3:cad>
          </ns3:TrackPointExtension>
        </extensions>
      </trkpt>
      <trkpt lat="37.4780792556703090667724609375" lon="126.95741512812674045562744140625">
        <ele>52</ele>
        <time>2026-06-01T23:59:32.000Z</time>
        <extensions>
          <ns3:TrackPointExtension>
            <ns3:hr>145</ns3:hr>
            <ns3:cad>85</ns3:cad>
          </ns3:TrackPointExtension>
        </extensions>
      </trkpt>
      <trkpt lat="37.47809149324893951416015625" lon="126.95737724192440509796142578125">
        <ele>51.799999237060546875</ele>
        <time>2026-06-01T23:59:33.000Z</time>
        <extensions>
          <ns3:TrackPointExtension>
            <ns3:hr>145</ns3:hr>
            <ns3:cad>85</ns3:cad>
          </ns3:TrackPointExtension>
        </extensions>
      </trkpt>
      <trkpt lat="37.47809777967631816864013671875" lon="126.95734673179686069488525390625">
        <ele>51.799999237060546875</ele>
        <time>2026-06-01T23:59:34.000Z</time>
        <extensions>
          <ns3:TrackPointExtension>
            <ns3:hr>145</ns3:hr>
            <ns3:cad>85</ns3:cad>
          </ns3:TrackPointExtension>
        </extensions>
      </trkpt>
      <trkpt lat="37.478112280368804931640625" lon="126.95730297826230525970458984375">
        <ele>51.799999237060546875</ele>
        <time>2026-06-01T23:59:35.000Z</time>
        <extensions>
          <ns3:TrackPointExtension>
            <ns3:hr>145</ns3:hr>
            <ns3:cad>85</ns3:cad>
          </ns3:TrackPointExtension>
        </extensions>
      </trkpt>
      <trkpt lat="37.47812560759484767913818359375" lon="126.9572794251143932342529296875">
        <ele>51.799999237060546875</ele>
        <time>2026-06-01T23:59:36.000Z</time>
        <extensions>
          <ns3:TrackPointExtension>
            <ns3:hr>145</ns3:hr>
            <ns3:cad>84</ns3:cad>
          </ns3:TrackPointExtension>
        </extensions>
      </trkpt>
      <trkpt lat="37.478132061660289764404296875" lon="126.95723055861890316009521484375">
        <ele>51.799999237060546875</ele>
        <time>2026-06-01T23:59:37.000Z</time>
        <extensions>
          <ns3:TrackPointExtension>
            <ns3:hr>146</ns3:hr>
            <ns3:cad>84</ns3:cad>
          </ns3:TrackPointExtension>
        </extensions>
      </trkpt>
      <trkpt lat="37.4781442992389202117919921875" lon="126.95719200186431407928466796875">
        <ele>51.59999847412109375</ele>
        <time>2026-06-01T23:59:38.000Z</time>
        <extensions>
          <ns3:TrackPointExtension>
            <ns3:hr>145</ns3:hr>
            <ns3:cad>84</ns3:cad>
          </ns3:TrackPointExtension>
        </extensions>
      </trkpt>
      <trkpt lat="37.47815209440886974334716796875" lon="126.9571620784699916839599609375">
        <ele>51.59999847412109375</ele>
        <time>2026-06-01T23:59:39.000Z</time>
        <extensions>
          <ns3:TrackPointExtension>
            <ns3:hr>145</ns3:hr>
            <ns3:cad>84</ns3:cad>
          </ns3:TrackPointExtension>
        </extensions>
      </trkpt>
      <trkpt lat="37.478165924549102783203125" lon="126.95712125860154628753662109375">
        <ele>51.40000152587890625</ele>
        <time>2026-06-01T23:59:40.000Z</time>
        <extensions>
          <ns3:TrackPointExtension>
            <ns3:hr>145</ns3:hr>
            <ns3:cad>84</ns3:cad>
          </ns3:TrackPointExtension>
        </extensions>
      </trkpt>
      <trkpt lat="37.478173635900020599365234375" lon="126.95709158666431903839111328125">
        <ele>51.40000152587890625</ele>
        <time>2026-06-01T23:59:41.000Z</time>
        <extensions>
          <ns3:TrackPointExtension>
            <ns3:hr>145</ns3:hr>
            <ns3:cad>84</ns3:cad>
          </ns3:TrackPointExtension>
        </extensions>
      </trkpt>
      <trkpt lat="37.47818897478282451629638671875" lon="126.95705068297684192657470703125">
        <ele>51.40000152587890625</ele>
        <time>2026-06-01T23:59:42.000Z</time>
        <extensions>
          <ns3:TrackPointExtension>
            <ns3:hr>146</ns3:hr>
            <ns3:cad>85</ns3:cad>
          </ns3:TrackPointExtension>
        </extensions>
      </trkpt>
      <trkpt lat="37.47819551266729831695556640625" lon="126.9570135511457920074462890625">
        <ele>51.40000152587890625</ele>
        <time>2026-06-01T23:59:43.000Z</time>
        <extensions>
          <ns3:TrackPointExtension>
            <ns3:hr>145</ns3:hr>
            <ns3:cad>85</ns3:cad>
          </ns3:TrackPointExtension>
        </extensions>
      </trkpt>
      <trkpt lat="37.47820590622723102569580078125" lon="126.95697826333343982696533203125">
        <ele>51.40000152587890625</ele>
        <time>2026-06-01T23:59:44.000Z</time>
        <extensions>
          <ns3:TrackPointExtension>
            <ns3:hr>146</ns3:hr>
            <ns3:cad>85</ns3:cad>
          </ns3:TrackPointExtension>
        </extensions>
      </trkpt>
      <trkpt lat="37.4782209098339080810546875" lon="126.95694574154913425445556640625">
        <ele>51.200000762939453125</ele>
        <time>2026-06-01T23:59:45.000Z</time>
        <extensions>
          <ns3:TrackPointExtension>
            <ns3:hr>146</ns3:hr>
            <ns3:cad>84</ns3:cad>
          </ns3:TrackPointExtension>
        </extensions>
      </trkpt>
      <trkpt lat="37.478228621184825897216796875" lon="126.95692218840122222900390625">
        <ele>51.200000762939453125</ele>
        <time>2026-06-01T23:59:46.000Z</time>
        <extensions>
          <ns3:TrackPointExtension>
            <ns3:hr>147</ns3:hr>
            <ns3:cad>84</ns3:cad>
          </ns3:TrackPointExtension>
        </extensions>
      </trkpt>
      <trkpt lat="37.47824169695377349853515625" lon="126.9568791054189205169677734375">
        <ele>51.200000762939453125</ele>
        <time>2026-06-01T23:59:47.000Z</time>
        <extensions>
          <ns3:TrackPointExtension>
            <ns3:hr>147</ns3:hr>
            <ns3:cad>84</ns3:cad>
          </ns3:TrackPointExtension>
        </extensions>
      </trkpt>
      <trkpt lat="37.478249073028564453125" lon="126.9568469189107418060302734375">
        <ele>51.200000762939453125</ele>
        <time>2026-06-01T23:59:48.000Z</time>
        <extensions>
          <ns3:TrackPointExtension>
            <ns3:hr>147</ns3:hr>
            <ns3:cad>84</ns3:cad>
          </ns3:TrackPointExtension>
        </extensions>
      </trkpt>
      <trkpt lat="37.4782586283981800079345703125" lon="126.95681431330740451812744140625">
        <ele>51.200000762939453125</ele>
        <time>2026-06-01T23:59:49.000Z</time>
        <extensions>
          <ns3:TrackPointExtension>
            <ns3:hr>147</ns3:hr>
            <ns3:cad>84</ns3:cad>
          </ns3:TrackPointExtension>
        </extensions>
      </trkpt>
      <trkpt lat="37.4782706983387470245361328125" lon="126.95678229443728923797607421875">
        <ele>51.200000762939453125</ele>
        <time>2026-06-01T23:59:50.000Z</time>
        <extensions>
          <ns3:TrackPointExtension>
            <ns3:hr>148</ns3:hr>
            <ns3:cad>84</ns3:cad>
          </ns3:TrackPointExtension>
        </extensions>
      </trkpt>
      <trkpt lat="37.478275559842586517333984375" lon="126.95675320923328399658203125">
        <ele>51.200000762939453125</ele>
        <time>2026-06-01T23:59:51.000Z</time>
        <extensions>
          <ns3:TrackPointExtension>
            <ns3:hr>148</ns3:hr>
            <ns3:cad>84</ns3:cad>
          </ns3:TrackPointExtension>
        </extensions>
      </trkpt>
      <trkpt lat="37.47828754596412181854248046875" lon="126.95670627057552337646484375">
        <ele>51.200000762939453125</ele>
        <time>2026-06-01T23:59:52.000Z</time>
        <extensions>
          <ns3:TrackPointExtension>
            <ns3:hr>148</ns3:hr>
            <ns3:cad>84</ns3:cad>
          </ns3:TrackPointExtension>
        </extensions>
      </trkpt>
      <trkpt lat="37.47828997671604156494140625" lon="126.9566796161234378814697265625">
        <ele>51.200000762939453125</ele>
        <time>2026-06-01T23:59:53.000Z</time>
        <extensions>
          <ns3:TrackPointExtension>
            <ns3:hr>148</ns3:hr>
            <ns3:cad>84</ns3:cad>
          </ns3:TrackPointExtension>
        </extensions>
      </trkpt>
      <trkpt lat="37.478299029171466827392578125" lon="126.956642568111419677734375">
        <ele>51.200000762939453125</ele>
        <time>2026-06-01T23:59:54.000Z</time>
        <extensions>
          <ns3:TrackPointExtension>
            <ns3:hr>148</ns3:hr>
            <ns3:cad>84</ns3:cad>
          </ns3:TrackPointExtension>
        </extensions>
      </trkpt>
      <trkpt lat="37.4783032201230525970458984375" lon="126.95661214180290699005126953125">
        <ele>51.200000762939453125</ele>
        <time>2026-06-01T23:59:55.000Z</time>
        <extensions>
          <ns3:TrackPointExtension>
            <ns3:hr>147</ns3:hr>
            <ns3:cad>85</ns3:cad>
          </ns3:TrackPointExtension>
        </extensions>
      </trkpt>
      <trkpt lat="37.4783075787127017974853515625" lon="126.9565820507705211639404296875">
        <ele>51.200000762939453125</ele>
        <time>2026-06-01T23:59:56.000Z</time>
        <extensions>
          <ns3:TrackPointExtension>
            <ns3:hr>147</ns3:hr>
            <ns3:cad>85</ns3:cad>
          </ns3:TrackPointExtension>
        </extensions>
      </trkpt>
      <trkpt lat="37.47832694090902805328369140625" lon="126.956547684967517852783203125">
        <ele>51</ele>
        <time>2026-06-01T23:59:57.000Z</time>
        <extensions>
          <ns3:TrackPointExtension>
            <ns3:hr>147</ns3:hr>
            <ns3:cad>85</ns3:cad>
          </ns3:TrackPointExtension>
        </extensions>
      </trkpt>
      <trkpt lat="37.47833230532705783843994140625" lon="126.956522874534130096435546875">
        <ele>51</ele>
        <time>2026-06-01T23:59:58.000Z</time>
        <extensions>
          <ns3:TrackPointExtension>
            <ns3:hr>147</ns3:hr>
            <ns3:cad>85</ns3:cad>
          </ns3:TrackPointExtension>
        </extensions>
      </trkpt>
      <trkpt lat="37.478341273963451385498046875" lon="126.95648373104631900787353515625">
        <ele>51</ele>
        <time>2026-06-01T23:59:59.000Z</time>
        <extensions>
          <ns3:TrackPointExtension>
            <ns3:hr>147</ns3:hr>
            <ns3:cad>85</ns3:cad>
          </ns3:TrackPointExtension>
        </extensions>
      </trkpt>
      <trkpt lat="37.47834806330502033233642578125" lon="126.95645749568939208984375">
        <ele>50.799999237060546875</ele>
        <time>2026-06-02T00:00:00.000Z</time>
        <extensions>
          <ns3:TrackPointExtension>
            <ns3:hr>146</ns3:hr>
            <ns3:cad>85</ns3:cad>
          </ns3:TrackPointExtension>
        </extensions>
      </trkpt>
      <trkpt lat="37.47835636138916015625" lon="126.956424303352832794189453125">
        <ele>50.799999237060546875</ele>
        <time>2026-06-02T00:00:01.000Z</time>
        <extensions>
          <ns3:TrackPointExtension>
            <ns3:hr>147</ns3:hr>
            <ns3:cad>85</ns3:cad>
          </ns3:TrackPointExtension>
        </extensions>
      </trkpt>
      <trkpt lat="37.47836817987263202667236328125" lon="126.95638985373079776763916015625">
        <ele>50.799999237060546875</ele>
        <time>2026-06-02T00:00:02.000Z</time>
        <extensions>
          <ns3:TrackPointExtension>
            <ns3:hr>147</ns3:hr>
            <ns3:cad>85</ns3:cad>
          </ns3:TrackPointExtension>
        </extensions>
      </trkpt>
      <trkpt lat="37.47837538830935955047607421875" lon="126.956363618373870849609375">
        <ele>50.799999237060546875</ele>
        <time>2026-06-02T00:00:03.000Z</time>
        <extensions>
          <ns3:TrackPointExtension>
            <ns3:hr>147</ns3:hr>
            <ns3:cad>85</ns3:cad>
          </ns3:TrackPointExtension>
        </extensions>
      </trkpt>
      <trkpt lat="37.4783850274980068206787109375" lon="126.95632514543831348419189453125">
        <ele>50.799999237060546875</ele>
        <time>2026-06-02T00:00:04.000Z</time>
        <extensions>
          <ns3:TrackPointExtension>
            <ns3:hr>146</ns3:hr>
            <ns3:cad>85</ns3:cad>
          </ns3:TrackPointExtension>
        </extensions>
      </trkpt>
      <trkpt lat="37.4783927388489246368408203125" lon="126.956294886767864227294921875">
        <ele>50.799999237060546875</ele>
        <time>2026-06-02T00:00:05.000Z</time>
        <extensions>
          <ns3:TrackPointExtension>
            <ns3:hr>146</ns3:hr>
            <ns3:cad>85</ns3:cad>
          </ns3:TrackPointExtension>
        </extensions>
      </trkpt>
      <trkpt lat="37.478400953114032745361328125" lon="126.95625431835651397705078125">
        <ele>50.799999237060546875</ele>
        <time>2026-06-02T00:00:06.000Z</time>
        <extensions>
          <ns3:TrackPointExtension>
            <ns3:hr>147</ns3:hr>
            <ns3:cad>85</ns3:cad>
          </ns3:TrackPointExtension>
        </extensions>
      </trkpt>
      <trkpt lat="37.4784148670732975006103515625" lon="126.956222467124462127685546875">
        <ele>50.59999847412109375</ele>
        <time>2026-06-02T00:00:07.000Z</time>
        <extensions>
          <ns3:TrackPointExtension>
            <ns3:hr>147</ns3:hr>
            <ns3:cad>85</ns3:cad>
          </ns3:TrackPointExtension>
        </extensions>
      </trkpt>
      <trkpt lat="37.4784212373197078704833984375" lon="126.9561897777020931243896484375">
        <ele>50.59999847412109375</ele>
        <time>2026-06-02T00:00:08.000Z</time>
        <extensions>
          <ns3:TrackPointExtension>
            <ns3:hr>147</ns3:hr>
            <ns3:cad>85</ns3:cad>
          </ns3:TrackPointExtension>
        </extensions>
      </trkpt>
      <trkpt lat="37.47843640856444835662841796875" lon="126.9561525620520114898681640625">
        <ele>50.59999847412109375</ele>
        <time>2026-06-02T00:00:09.000Z</time>
        <extensions>
          <ns3:TrackPointExtension>
            <ns3:hr>147</ns3:hr>
            <ns3:cad>85</ns3:cad>
          </ns3:TrackPointExtension>
        </extensions>
      </trkpt>
      <trkpt lat="37.47844018042087554931640625" lon="126.9561203755438327789306640625">
        <ele>50.59999847412109375</ele>
        <time>2026-06-02T00:00:10.000Z</time>
        <extensions>
          <ns3:TrackPointExtension>
            <ns3:hr>147</ns3:hr>
            <ns3:cad>84</ns3:cad>
          </ns3:TrackPointExtension>
        </extensions>
      </trkpt>
      <trkpt lat="37.47845468111336231231689453125" lon="126.956068910658359527587890625">
        <ele>50.59999847412109375</ele>
        <time>2026-06-02T00:00:11.000Z</time>
        <extensions>
          <ns3:TrackPointExtension>
            <ns3:hr>147</ns3:hr>
            <ns3:cad>84</ns3:cad>
          </ns3:TrackPointExtension>
        </extensions>
      </trkpt>
      <trkpt lat="37.47845828533172607421875" lon="126.95603798143565654754638671875">
        <ele>50.59999847412109375</ele>
        <time>2026-06-02T00:00:12.000Z</time>
        <extensions>
          <ns3:TrackPointExtension>
            <ns3:hr>147</ns3:hr>
            <ns3:cad>84</ns3:cad>
          </ns3:TrackPointExtension>
        </extensions>
      </trkpt>
      <trkpt lat="37.47846825979650020599365234375" lon="126.95599875412881374359130859375">
        <ele>50.59999847412109375</ele>
        <time>2026-06-02T00:00:13.000Z</time>
        <extensions>
          <ns3:TrackPointExtension>
            <ns3:hr>146</ns3:hr>
            <ns3:cad>84</ns3:cad>
          </ns3:TrackPointExtension>
        </extensions>
      </trkpt>
      <trkpt lat="37.47848116792738437652587890625" lon="126.955961287021636962890625">
        <ele>50.40000152587890625</ele>
        <time>2026-06-02T00:00:14.000Z</time>
        <extensions>
          <ns3:TrackPointExtension>
            <ns3:hr>147</ns3:hr>
            <ns3:cad>84</ns3:cad>
          </ns3:TrackPointExtension>
        </extensions>
      </trkpt>
      <trkpt lat="37.47849089093506336212158203125" lon="126.9559304416179656982421875">
        <ele>50.40000152587890625</ele>
        <time>2026-06-02T00:00:15.000Z</time>
        <extensions>
          <ns3:TrackPointExtension>
            <ns3:hr>147</ns3:hr>
            <ns3:cad>84</ns3:cad>
          </ns3:TrackPointExtension>
        </extensions>
      </trkpt>
      <trkpt lat="37.47850296087563037872314453125" lon="126.9558880291879177093505859375">
        <ele>50.40000152587890625</ele>
        <time>2026-06-02T00:00:16.000Z</time>
        <extensions>
          <ns3:TrackPointExtension>
            <ns3:hr>147</ns3:hr>
            <ns3:cad>86</ns3:cad>
          </ns3:TrackPointExtension>
        </extensions>
      </trkpt>
      <trkpt lat="37.47850581072270870208740234375" lon="126.95585944689810276031494140625">
        <ele>50.200000762939453125</ele>
        <time>2026-06-02T00:00:17.000Z</time>
        <extensions>
          <ns3:TrackPointExtension>
            <ns3:hr>147</ns3:hr>
            <ns3:cad>86</ns3:cad>
          </ns3:TrackPointExtension>
        </extensions>
      </trkpt>
      <trkpt lat="37.47851570136845111846923828125" lon="126.95581535808742046356201171875">
        <ele>50.200000762939453125</ele>
        <time>2026-06-02T00:00:18.000Z</time>
        <extensions>
          <ns3:TrackPointExtension>
            <ns3:hr>147</ns3:hr>
            <ns3:cad>86</ns3:cad>
          </ns3:TrackPointExtension>
        </extensions>
      </trkpt>
      <trkpt lat="37.4785211496055126190185546875" lon="126.95578870363533496856689453125">
        <ele>50.200000762939453125</ele>
        <time>2026-06-02T00:00:19.000Z</time>
        <extensions>
          <ns3:TrackPointExtension>
            <ns3:hr>147</ns3:hr>
            <ns3:cad>86</ns3:cad>
          </ns3:TrackPointExtension>
        </extensions>
      </trkpt>
      <trkpt lat="37.47853212989866733551025390625" lon="126.9557505659759044647216796875">
        <ele>50.200000762939453125</ele>
        <time>2026-06-02T00:00:20.000Z</time>
        <extensions>
          <ns3:TrackPointExtension>
            <ns3:hr>147</ns3:hr>
            <ns3:cad>86</ns3:cad>
          </ns3:TrackPointExtension>
        </extensions>
      </trkpt>
      <trkpt lat="37.47854084707796573638916015625" lon="126.9557099975645542144775390625">
        <ele>50.200000762939453125</ele>
        <time>2026-06-02T00:00:21.000Z</time>
        <extensions>
          <ns3:TrackPointExtension>
            <ns3:hr>147</ns3:hr>
            <ns3:cad>86</ns3:cad>
          </ns3:TrackPointExtension>
        </extensions>
      </trkpt>
      <trkpt lat="37.4785516597330570220947265625" lon="126.95568091236054897308349609375">
        <ele>50</ele>
        <time>2026-06-02T00:00:22.000Z</time>
        <extensions>
          <ns3:TrackPointExtension>
            <ns3:hr>148</ns3:hr>
            <ns3:cad>85</ns3:cad>
          </ns3:TrackPointExtension>
        </extensions>
      </trkpt>
      <trkpt lat="37.47856850735843181610107421875" lon="126.955639086663722991943359375">
        <ele>50</ele>
        <time>2026-06-02T00:00:23.000Z</time>
        <extensions>
          <ns3:TrackPointExtension>
            <ns3:hr>148</ns3:hr>
            <ns3:cad>84</ns3:cad>
          </ns3:TrackPointExtension>
        </extensions>
      </trkpt>
      <trkpt lat="37.47857563197612762451171875" lon="126.95561385713517665863037109375">
        <ele>49.799999237060546875</ele>
        <time>2026-06-02T00:00:24.000Z</time>
        <extensions>
          <ns3:TrackPointExtension>
            <ns3:hr>148</ns3:hr>
            <ns3:cad>84</ns3:cad>
          </ns3:TrackPointExtension>
        </extensions>
      </trkpt>
      <trkpt lat="37.478587366640567779541015625" lon="126.955575048923492431640625">
        <ele>49.799999237060546875</ele>
        <time>2026-06-02T00:00:25.000Z</time>
        <extensions>
          <ns3:TrackPointExtension>
            <ns3:hr>148</ns3:hr>
            <ns3:cad>84</ns3:cad>
          </ns3:TrackPointExtension>
        </extensions>
      </trkpt>
      <trkpt lat="37.47859130613505840301513671875" lon="126.955547891557216644287109375">
        <ele>49.799999237060546875</ele>
        <time>2026-06-02T00:00:26.000Z</time>
        <extensions>
          <ns3:TrackPointExtension>
            <ns3:hr>148</ns3:hr>
            <ns3:cad>83</ns3:cad>
          </ns3:TrackPointExtension>
        </extensions>
      </trkpt>
      <trkpt lat="37.47859600000083446502685546875" lon="126.95550908334553241729736328125">
        <ele>49.799999237060546875</ele>
        <time>2026-06-02T00:00:27.000Z</time>
        <extensions>
          <ns3:TrackPointExtension>
            <ns3:hr>149</ns3:hr>
            <ns3:cad>83</ns3:cad>
          </ns3:TrackPointExtension>
        </extensions>
      </trkpt>
      <trkpt lat="37.47860270552337169647216796875" lon="126.9554739631712436676025390625">
        <ele>49.799999237060546875</ele>
        <time>2026-06-02T00:00:28.000Z</time>
        <extensions>
          <ns3:TrackPointExtension>
            <ns3:hr>148</ns3:hr>
            <ns3:cad>83</ns3:cad>
          </ns3:TrackPointExtension>
        </extensions>
      </trkpt>
      <trkpt lat="37.4786071479320526123046875" lon="126.9554464705288410186767578125">
        <ele>49.799999237060546875</ele>
        <time>2026-06-02T00:00:29.000Z</time>
        <extensions>
          <ns3:TrackPointExtension>
            <ns3:hr>148</ns3:hr>
            <ns3:cad>83</ns3:cad>
          </ns3:TrackPointExtension>
        </extensions>
      </trkpt>
      <trkpt lat="37.47862399555742740631103515625" lon="126.9554079137742519378662109375">
        <ele>49.799999237060546875</ele>
        <time>2026-06-02T00:00:30.000Z</time>
        <extensions>
          <ns3:TrackPointExtension>
            <ns3:hr>148</ns3:hr>
            <ns3:cad>83</ns3:cad>
          </ns3:TrackPointExtension>
        </extensions>
      </trkpt>
      <trkpt lat="37.47862667776644229888916015625" lon="126.9553807564079761505126953125">
        <ele>49.799999237060546875</ele>
        <time>2026-06-02T00:00:31.000Z</time>
        <extensions>
          <ns3:TrackPointExtension>
            <ns3:hr>148</ns3:hr>
            <ns3:cad>83</ns3:cad>
          </ns3:TrackPointExtension>
        </extensions>
      </trkpt>
      <trkpt lat="37.47863992117345333099365234375" lon="126.95534915663301944732666015625">
        <ele>49.799999237060546875</ele>
        <time>2026-06-02T00:00:32.000Z</time>
        <extensions>
          <ns3:TrackPointExtension>
            <ns3:hr>148</ns3:hr>
            <ns3:cad>83</ns3:cad>
          </ns3:TrackPointExtension>
        </extensions>
      </trkpt>
      <trkpt lat="37.47865148819983005523681640625" lon="126.95531948469579219818115234375">
        <ele>49.59999847412109375</ele>
        <time>2026-06-02T00:00:33.000Z</time>
        <extensions>
          <ns3:TrackPointExtension>
            <ns3:hr>147</ns3:hr>
            <ns3:cad>83</ns3:cad>
          </ns3:TrackPointExtension>
        </extensions>
      </trkpt>
      <trkpt lat="37.47866171412169933319091796875" lon="126.95529081858694553375244140625">
        <ele>49.59999847412109375</ele>
        <time>2026-06-02T00:00:34.000Z</time>
        <extensions>
          <ns3:TrackPointExtension>
            <ns3:hr>147</ns3:hr>
            <ns3:cad>83</ns3:cad>
          </ns3:TrackPointExtension>
        </extensions>
      </trkpt>
      <trkpt lat="37.478671856224536895751953125" lon="126.9552499987185001373291015625">
        <ele>49.40000152587890625</ele>
        <time>2026-06-02T00:00:35.000Z</time>
        <extensions>
          <ns3:TrackPointExtension>
            <ns3:hr>147</ns3:hr>
            <ns3:cad>85</ns3:cad>
          </ns3:TrackPointExtension>
        </extensions>
      </trkpt>
      <trkpt lat="37.478680908679962158203125" lon="126.95522032678127288818359375">
        <ele>49.40000152587890625</ele>
        <time>2026-06-02T00:00:36.000Z</time>
        <extensions>
          <ns3:TrackPointExtension>
            <ns3:hr>147</ns3:hr>
            <ns3:cad>85</ns3:cad>
          </ns3:TrackPointExtension>
        </extensions>
      </trkpt>
      <trkpt lat="37.478697337210178375244140625" lon="126.9551799260079860687255859375">
        <ele>49.200000762939453125</ele>
        <time>2026-06-02T00:00:37.000Z</time>
        <extensions>
          <ns3:TrackPointExtension>
            <ns3:hr>147</ns3:hr>
            <ns3:cad>85</ns3:cad>
          </ns3:TrackPointExtension>
        </extensions>
      </trkpt>
      <trkpt lat="37.47870974242687225341796875" lon="126.9551450572907924652099609375">
        <ele>49.200000762939453125</ele>
        <time>2026-06-02T00:00:38.000Z</time>
        <extensions>
          <ns3:TrackPointExtension>
            <ns3:hr>147</ns3:hr>
            <ns3:cad>84</ns3:cad>
          </ns3:TrackPointExtension>
        </extensions>
      </trkpt>
      <trkpt lat="37.47872047126293182373046875" lon="126.95510859601199626922607421875">
        <ele>49.200000762939453125</ele>
        <time>2026-06-02T00:00:39.000Z</time>
        <extensions>
          <ns3:TrackPointExtension>
            <ns3:hr>147</ns3:hr>
            <ns3:cad>85</ns3:cad>
          </ns3:TrackPointExtension>
        </extensions>
      </trkpt>
      <trkpt lat="37.47872860170900821685791015625" lon="126.9550719670951366424560546875">
        <ele>49</ele>
        <time>2026-06-02T00:00:40.000Z</time>
        <extensions>
          <ns3:TrackPointExtension>
            <ns3:hr>146</ns3:hr>
            <ns3:cad>85</ns3:cad>
          </ns3:TrackPointExtension>
        </extensions>
      </trkpt>
      <trkpt lat="37.47873296029865741729736328125" lon="126.95504355244338512420654296875">
        <ele>49</ele>
        <time>2026-06-02T00:00:41.000Z</time>
        <extensions>
          <ns3:TrackPointExtension>
            <ns3:hr>146</ns3:hr>
            <ns3:cad>85</ns3:cad>
          </ns3:TrackPointExtension>
        </extensions>
      </trkpt>
      <trkpt lat="37.4787454493343830108642578125" lon="126.95499728433787822723388671875">
        <ele>49</ele>
        <time>2026-06-02T00:00:42.000Z</time>
        <extensions>
          <ns3:TrackPointExtension>
            <ns3:hr>146</ns3:hr>
            <ns3:cad>85</ns3:cad>
          </ns3:TrackPointExtension>
        </extensions>
      </trkpt>
      <trkpt lat="37.47874855063855648040771484375" lon="126.95496811531484127044677734375">
        <ele>49</ele>
        <time>2026-06-02T00:00:43.000Z</time>
        <extensions>
          <ns3:TrackPointExtension>
            <ns3:hr>145</ns3:hr>
            <ns3:cad>85</ns3:cad>
          </ns3:TrackPointExtension>
        </extensions>
      </trkpt>
      <trkpt lat="37.47875659726560115814208984375" lon="126.95492637343704700469970703125">
        <ele>48.799999237060546875</ele>
        <time>2026-06-02T00:00:44.000Z</time>
        <extensions>
          <ns3:TrackPointExtension>
            <ns3:hr>146</ns3:hr>
            <ns3:cad>86</ns3:cad>
          </ns3:TrackPointExtension>
        </extensions>
      </trkpt>
      <trkpt lat="37.4787627160549163818359375" lon="126.95489083416759967803955078125">
        <ele>48.799999237060546875</ele>
        <time>2026-06-02T00:00:45.000Z</time>
        <extensions>
          <ns3:TrackPointExtension>
            <ns3:hr>146</ns3:hr>
            <ns3:cad>86</ns3:cad>
          </ns3:TrackPointExtension>
        </extensions>
      </trkpt>
      <trkpt lat="37.4787685833871364593505859375" lon="126.954856216907501220703125">
        <ele>48.799999237060546875</ele>
        <time>2026-06-02T00:00:46.000Z</time>
        <extensions>
          <ns3:TrackPointExtension>
            <ns3:hr>146</ns3:hr>
            <ns3:cad>86</ns3:cad>
          </ns3:TrackPointExtension>
        </extensions>
      </trkpt>
      <trkpt lat="37.47878207825124263763427734375" lon="126.9548164866864681243896484375">
        <ele>48.799999237060546875</ele>
        <time>2026-06-02T00:00:47.000Z</time>
        <extensions>
          <ns3:TrackPointExtension>
            <ns3:hr>146</ns3:hr>
            <ns3:cad>86</ns3:cad>
          </ns3:TrackPointExtension>
        </extensions>
      </trkpt>
      <trkpt lat="37.47878618538379669189453125" lon="126.95479008369147777557373046875">
        <ele>48.799999237060546875</ele>
        <time>2026-06-02T00:00:48.000Z</time>
        <extensions>
          <ns3:TrackPointExtension>
            <ns3:hr>146</ns3:hr>
            <ns3:cad>86</ns3:cad>
          </ns3:TrackPointExtension>
        </extensions>
      </trkpt>
      <trkpt lat="37.47879984788596630096435546875" lon="126.95474297739565372467041015625">
        <ele>49</ele>
        <time>2026-06-02T00:00:49.000Z</time>
        <extensions>
          <ns3:TrackPointExtension>
            <ns3:hr>146</ns3:hr>
            <ns3:cad>85</ns3:cad>
          </ns3:TrackPointExtension>
        </extensions>
      </trkpt>
      <trkpt lat="37.47881644405424594879150390625" lon="126.95471045561134815216064453125">
        <ele>49</ele>
        <time>2026-06-02T00:00:50.000Z</time>
        <extensions>
          <ns3:TrackPointExtension>
            <ns3:hr>147</ns3:hr>
            <ns3:cad>85</ns3:cad>
          </ns3:TrackPointExtension>
        </extensions>
      </trkpt>
      <trkpt lat="37.4788312800228595733642578125" lon="126.95467315614223480224609375">
        <ele>49</ele>
        <time>2026-06-02T00:00:51.000Z</time>
        <extensions>
          <ns3:TrackPointExtension>
            <ns3:hr>146</ns3:hr>
            <ns3:cad>85</ns3:cad>
          </ns3:TrackPointExtension>
        </extensions>
      </trkpt>
      <trkpt lat="37.47884494252502918243408203125" lon="126.9546402990818023681640625">
        <ele>48.799999237060546875</ele>
        <time>2026-06-02T00:00:52.000Z</time>
        <extensions>
          <ns3:TrackPointExtension>
            <ns3:hr>146</ns3:hr>
            <ns3:cad>85</ns3:cad>
          </ns3:TrackPointExtension>
        </extensions>
      </trkpt>
      <trkpt lat="37.47885298915207386016845703125" lon="126.9546086154878139495849609375">
        <ele>48.799999237060546875</ele>
        <time>2026-06-02T00:00:53.000Z</time>
        <extensions>
          <ns3:TrackPointExtension>
            <ns3:hr>147</ns3:hr>
            <ns3:cad>85</ns3:cad>
          </ns3:TrackPointExtension>
        </extensions>
      </trkpt>
      <trkpt lat="37.47886790893971920013427734375" lon="126.9545697234570980072021484375">
        <ele>48.799999237060546875</ele>
        <time>2026-06-02T00:00:54.000Z</time>
        <extensions>
          <ns3:TrackPointExtension>
            <ns3:hr>147</ns3:hr>
            <ns3:cad>86</ns3:cad>
          </ns3:TrackPointExtension>
        </extensions>
      </trkpt>
      <trkpt lat="37.47887511737644672393798828125" lon="126.95454030297696590423583984375">
        <ele>48.799999237060546875</ele>
        <time>2026-06-02T00:00:55.000Z</time>
        <extensions>
          <ns3:TrackPointExtension>
            <ns3:hr>146</ns3:hr>
            <ns3:cad>86</ns3:cad>
          </ns3:TrackPointExtension>
        </extensions>
      </trkpt>
      <trkpt lat="37.47888542711734771728515625" lon="126.95449537597596645355224609375">
        <ele>48.799999237060546875</ele>
        <time>2026-06-02T00:00:56.000Z</time>
        <extensions>
          <ns3:TrackPointExtension>
            <ns3:hr>146</ns3:hr>
            <ns3:cad>86</ns3:cad>
          </ns3:TrackPointExtension>
        </extensions>
      </trkpt>
      <trkpt lat="37.47889171354472637176513671875" lon="126.95446352474391460418701171875">
        <ele>48.799999237060546875</ele>
        <time>2026-06-02T00:00:57.000Z</time>
        <extensions>
          <ns3:TrackPointExtension>
            <ns3:hr>147</ns3:hr>
            <ns3:cad>85</ns3:cad>
          </ns3:TrackPointExtension>
        </extensions>
      </trkpt>
      <trkpt lat="37.4789036996662616729736328125" lon="126.954424045979976654052734375">
        <ele>48.799999237060546875</ele>
        <time>2026-06-02T00:00:58.000Z</time>
        <extensions>
          <ns3:TrackPointExtension>
            <ns3:hr>147</ns3:hr>
            <ns3:cad>85</ns3:cad>
          </ns3:TrackPointExtension>
        </extensions>
      </trkpt>
      <trkpt lat="37.4789156019687652587890625" lon="126.95439026691019535064697265625">
        <ele>48.799999237060546875</ele>
        <time>2026-06-02T00:00:59.000Z</time>
        <extensions>
          <ns3:TrackPointExtension>
            <ns3:hr>147</ns3:hr>
            <ns3:cad>85</ns3:cad>
          </ns3:TrackPointExtension>
        </extensions>
      </trkpt>
      <trkpt lat="37.4789241515100002288818359375" lon="126.9543564878404140472412109375">
        <ele>48.799999237060546875</ele>
        <time>2026-06-02T00:01:00.000Z</time>
        <extensions>
          <ns3:TrackPointExtension>
            <ns3:hr>147</ns3:hr>
            <ns3:cad>85</ns3:cad>
          </ns3:TrackPointExtension>
        </extensions>
      </trkpt>
      <trkpt lat="37.47893881984055042266845703125" lon="126.954311393201351165771484375">
        <ele>48.799999237060546875</ele>
        <time>2026-06-02T00:01:01.000Z</time>
        <extensions>
          <ns3:TrackPointExtension>
            <ns3:hr>147</ns3:hr>
            <ns3:cad>85</ns3:cad>
          </ns3:TrackPointExtension>
        </extensions>
      </trkpt>
      <trkpt lat="37.47894871048629283905029296875" lon="126.9542820565402507781982421875">
        <ele>48.799999237060546875</ele>
        <time>2026-06-02T00:01:02.000Z</time>
        <extensions>
          <ns3:TrackPointExtension>
            <ns3:hr>147</ns3:hr>
            <ns3:cad>85</ns3:cad>
          </ns3:TrackPointExtension>
        </extensions>
      </trkpt>
      <trkpt lat="37.47896061278879642486572265625" lon="126.95424978621304035186767578125">
        <ele>48.799999237060546875</ele>
        <time>2026-06-02T00:01:03.000Z</time>
        <extensions>
          <ns3:TrackPointExtension>
            <ns3:hr>147</ns3:hr>
            <ns3:cad>85</ns3:cad>
          </ns3:TrackPointExtension>
        </extensions>
      </trkpt>
      <trkpt lat="37.4789747782051563262939453125" lon="126.95422313176095485687255859375">
        <ele>48.799999237060546875</ele>
        <time>2026-06-02T00:01:04.000Z</time>
        <extensions>
          <ns3:TrackPointExtension>
            <ns3:hr>147</ns3:hr>
            <ns3:cad>85</ns3:cad>
          </ns3:TrackPointExtension>
        </extensions>
      </trkpt>
      <trkpt lat="37.47898332774639129638671875" lon="126.95418977178633213043212890625">
        <ele>48.59999847412109375</ele>
        <time>2026-06-02T00:01:05.000Z</time>
        <extensions>
          <ns3:TrackPointExtension>
            <ns3:hr>147</ns3:hr>
            <ns3:cad>85</ns3:cad>
          </ns3:TrackPointExtension>
        </extensions>
      </trkpt>
      <trkpt lat="37.47899112291634082794189453125" lon="126.95416630245745182037353515625">
        <ele>48.59999847412109375</ele>
        <time>2026-06-02T00:01:06.000Z</time>
        <extensions>
          <ns3:TrackPointExtension>
            <ns3:hr>147</ns3:hr>
            <ns3:cad>86</ns3:cad>
          </ns3:TrackPointExtension>
        </extensions>
      </trkpt>
      <trkpt lat="37.47899950481951236724853515625" lon="126.9541368819773197174072265625">
        <ele>48.59999847412109375</ele>
        <time>2026-06-02T00:01:07.000Z</time>
        <extensions>
          <ns3:TrackPointExtension>
            <ns3:hr>147</ns3:hr>
            <ns3:cad>86</ns3:cad>
          </ns3:TrackPointExtension>
        </extensions>
      </trkpt>
      <trkpt lat="37.4790109880268573760986328125" lon="126.954099498689174652099609375">
        <ele>48.59999847412109375</ele>
        <time>2026-06-02T00:01:08.000Z</time>
        <extensions>
          <ns3:TrackPointExtension>
            <ns3:hr>147</ns3:hr>
            <ns3:cad>86</ns3:cad>
          </ns3:TrackPointExtension>
        </extensions>
      </trkpt>
      <trkpt lat="37.4790121614933013916015625" lon="126.954062618315219879150390625">
        <ele>48.59999847412109375</ele>
        <time>2026-06-02T00:01:09.000Z</time>
        <extensions>
          <ns3:TrackPointExtension>
            <ns3:hr>147</ns3:hr>
            <ns3:cad>86</ns3:cad>
          </ns3:TrackPointExtension>
        </extensions>
      </trkpt>
      <trkpt lat="37.4790227226912975311279296875" lon="126.95401668548583984375">
        <ele>48.799999237060546875</ele>
        <time>2026-06-02T00:01:10.000Z</time>
        <extensions>
          <ns3:TrackPointExtension>
            <ns3:hr>147</ns3:hr>
            <ns3:cad>85</ns3:cad>
          </ns3:TrackPointExtension>
        </extensions>
      </trkpt>
      <trkpt lat="37.4790304340422153472900390625" lon="126.953987181186676025390625">
        <ele>48.799999237060546875</ele>
        <time>2026-06-02T00:01:11.000Z</time>
        <extensions>
          <ns3:TrackPointExtension>
            <ns3:hr>147</ns3:hr>
            <ns3:cad>85</ns3:cad>
          </ns3:TrackPointExtension>
        </extensions>
      </trkpt>
      <trkpt lat="37.479044012725353240966796875" lon="126.953953318297863006591796875">
        <ele>48.799999237060546875</ele>
        <time>2026-06-02T00:01:12.000Z</time>
        <extensions>
          <ns3:TrackPointExtension>
            <ns3:hr>147</ns3:hr>
            <ns3:cad>86</ns3:cad>
          </ns3:TrackPointExtension>
        </extensions>
      </trkpt>
      <trkpt lat="37.47905868105590343475341796875" lon="126.95392708294093608856201171875">
        <ele>48.799999237060546875</ele>
        <time>2026-06-02T00:01:13.000Z</time>
        <extensions>
          <ns3:TrackPointExtension>
            <ns3:hr>147</ns3:hr>
            <ns3:cad>86</ns3:cad>
          </ns3:TrackPointExtension>
        </extensions>
      </trkpt>
      <trkpt lat="37.47906873933970928192138671875" lon="126.95389439351856708526611328125">
        <ele>48.799999237060546875</ele>
        <time>2026-06-02T00:01:14.000Z</time>
        <extensions>
          <ns3:TrackPointExtension>
            <ns3:hr>147</ns3:hr>
            <ns3:cad>86</ns3:cad>
          </ns3:TrackPointExtension>
        </extensions>
      </trkpt>
      <trkpt lat="37.4790824018418788909912109375" lon="126.953847706317901611328125">
        <ele>48.799999237060546875</ele>
        <time>2026-06-02T00:01:15.000Z</time>
        <extensions>
          <ns3:TrackPointExtension>
            <ns3:hr>147</ns3:hr>
            <ns3:cad>86</ns3:cad>
          </ns3:TrackPointExtension>
        </extensions>
      </trkpt>
      <trkpt lat="37.47909002937376499176025390625" lon="126.95381409488618373870849609375">
        <ele>48.799999237060546875</ele>
        <time>2026-06-02T00:01:16.000Z</time>
        <extensions>
          <ns3:TrackPointExtension>
            <ns3:hr>147</ns3:hr>
            <ns3:cad>86</ns3:cad>
          </ns3:TrackPointExtension>
        </extensions>
      </trkpt>
      <trkpt lat="37.47909941710531711578369140625" lon="126.95376346819102764129638671875">
        <ele>48.799999237060546875</ele>
        <time>2026-06-02T00:01:17.000Z</time>
        <extensions>
          <ns3:TrackPointExtension>
            <ns3:hr>148</ns3:hr>
            <ns3:cad>86</ns3:cad>
          </ns3:TrackPointExtension>
        </extensions>
      </trkpt>
      <trkpt lat="37.47910511679947376251220703125" lon="126.9537355564534664154052734375">
        <ele>48.59999847412109375</ele>
        <time>2026-06-02T00:01:18.000Z</time>
        <extensions>
          <ns3:TrackPointExtension>
            <ns3:hr>148</ns3:hr>
            <ns3:cad>86</ns3:cad>
          </ns3:TrackPointExtension>
        </extensions>
      </trkpt>
      <trkpt lat="37.47911165468394756317138671875" lon="126.95369926281273365020751953125">
        <ele>48.59999847412109375</ele>
        <time>2026-06-02T00:01:19.000Z</time>
        <extensions>
          <ns3:TrackPointExtension>
            <ns3:hr>148</ns3:hr>
            <ns3:cad>86</ns3:cad>
          </ns3:TrackPointExtension>
        </extensions>
      </trkpt>
      <trkpt lat="37.479118444025516510009765625" lon="126.9536651484668254852294921875">
        <ele>48.40000152587890625</ele>
        <time>2026-06-02T00:01:20.000Z</time>
        <extensions>
          <ns3:TrackPointExtension>
            <ns3:hr>148</ns3:hr>
            <ns3:cad>86</ns3:cad>
          </ns3:TrackPointExtension>
        </extensions>
      </trkpt>
      <trkpt lat="37.4791226349771022796630859375" lon="126.95363271050155162811279296875">
        <ele>48.40000152587890625</ele>
        <time>2026-06-02T00:01:21.000Z</time>
        <extensions>
          <ns3:TrackPointExtension>
            <ns3:hr>148</ns3:hr>
            <ns3:cad>86</ns3:cad>
          </ns3:TrackPointExtension>
        </extensions>
      </trkpt>
      <trkpt lat="37.47912724502384662628173828125" lon="126.95358711294829845428466796875">
        <ele>48.40000152587890625</ele>
        <time>2026-06-02T00:01:22.000Z</time>
        <extensions>
          <ns3:TrackPointExtension>
            <ns3:hr>149</ns3:hr>
            <ns3:cad>85</ns3:cad>
          </ns3:TrackPointExtension>
        </extensions>
      </trkpt>
      <trkpt lat="37.47913193888962268829345703125" lon="126.953557692468166351318359375">
        <ele>48.40000152587890625</ele>
        <time>2026-06-02T00:01:23.000Z</time>
        <extensions>
          <ns3:TrackPointExtension>
            <ns3:hr>149</ns3:hr>
            <ns3:cad>85</ns3:cad>
          </ns3:TrackPointExtension>
        </extensions>
      </trkpt>
      <trkpt lat="37.4791407398879528045654296875" lon="126.9535162858664989471435546875">
        <ele>48.59999847412109375</ele>
        <time>2026-06-02T00:01:24.000Z</time>
        <extensions>
          <ns3:TrackPointExtension>
            <ns3:hr>149</ns3:hr>
            <ns3:cad>85</ns3:cad>
          </ns3:TrackPointExtension>
        </extensions>
      </trkpt>
      <trkpt lat="37.47914400883018970489501953125" lon="126.95348820649087429046630859375">
        <ele>48.799999237060546875</ele>
        <time>2026-06-02T00:01:25.000Z</time>
        <extensions>
          <ns3:TrackPointExtension>
            <ns3:hr>149</ns3:hr>
            <ns3:cad>85</ns3:cad>
          </ns3:TrackPointExtension>
        </extensions>
      </trkpt>
      <trkpt lat="37.47914568521082401275634765625" lon="126.95345015265047550201416015625">
        <ele>48.799999237060546875</ele>
        <time>2026-06-02T00:01:26.000Z</time>
        <extensions>
          <ns3:TrackPointExtension>
            <ns3:hr>149</ns3:hr>
            <ns3:cad>85</ns3:cad>
          </ns3:TrackPointExtension>
        </extensions>
      </trkpt>
      <trkpt lat="37.47914568521082401275634765625" lon="126.95340371690690517425537109375">
        <ele>48.799999237060546875</ele>
        <time>2026-06-02T00:01:27.000Z</time>
        <extensions>
          <ns3:TrackPointExtension>
            <ns3:hr>149</ns3:hr>
            <ns3:cad>85</ns3:cad>
          </ns3:TrackPointExtension>
        </extensions>
      </trkpt>
      <trkpt lat="37.47914048843085765838623046875" lon="126.953370608389377593994140625">
        <ele>48.799999237060546875</ele>
        <time>2026-06-02T00:01:28.000Z</time>
        <extensions>
          <ns3:TrackPointExtension>
            <ns3:hr>150</ns3:hr>
            <ns3:cad>85</ns3:cad>
          </ns3:TrackPointExtension>
        </extensions>
      </trkpt>
      <trkpt lat="37.4791464395821094512939453125" lon="126.953318975865840911865234375">
        <ele>48.799999237060546875</ele>
        <time>2026-06-02T00:01:29.000Z</time>
        <extensions>
          <ns3:TrackPointExtension>
            <ns3:hr>150</ns3:hr>
            <ns3:cad>85</ns3:cad>
          </ns3:TrackPointExtension>
        </extensions>
      </trkpt>
      <trkpt lat="37.4791531451046466827392578125" lon="126.9532926566898822784423828125">
        <ele>48.799999237060546875</ele>
        <time>2026-06-02T00:01:30.000Z</time>
        <extensions>
          <ns3:TrackPointExtension>
            <ns3:hr>150</ns3:hr>
            <ns3:cad>85</ns3:cad>
          </ns3:TrackPointExtension>
        </extensions>
      </trkpt>
      <trkpt lat="37.4791564978659152984619140625" lon="126.95324932225048542022705078125">
        <ele>48.799999237060546875</ele>
        <time>2026-06-02T00:01:31.000Z</time>
        <extensions>
          <ns3:TrackPointExtension>
            <ns3:hr>150</ns3:hr>
            <ns3:cad>84</ns3:cad>
          </ns3:TrackPointExtension>
        </extensions>
      </trkpt>
      <trkpt lat="37.4791596829891204833984375" lon="126.9532053172588348388671875">
        <ele>48.799999237060546875</ele>
        <time>2026-06-02T00:01:32.000Z</time>
        <extensions>
          <ns3:TrackPointExtension>
            <ns3:hr>150</ns3:hr>
            <ns3:cad>84</ns3:cad>
          </ns3:TrackPointExtension>
        </extensions>
      </trkpt>
      <trkpt lat="37.47915909625589847564697265625" lon="126.95317153818905353546142578125">
        <ele>48.799999237060546875</ele>
        <time>2026-06-02T00:01:33.000Z</time>
        <extensions>
          <ns3:TrackPointExtension>
            <ns3:hr>150</ns3:hr>
            <ns3:cad>84</ns3:cad>
          </ns3:TrackPointExtension>
        </extensions>
      </trkpt>
      <trkpt lat="37.4791638739407062530517578125" lon="126.9531277008354663848876953125">
        <ele>48.799999237060546875</ele>
        <time>2026-06-02T00:01:34.000Z</time>
        <extensions>
          <ns3:TrackPointExtension>
            <ns3:hr>150</ns3:hr>
            <ns3:cad>85</ns3:cad>
          </ns3:TrackPointExtension>
        </extensions>
      </trkpt>
      <trkpt lat="37.47916831634938716888427734375" lon="126.9531038962304592132568359375">
        <ele>48.799999237060546875</ele>
        <time>2026-06-02T00:01:35.000Z</time>
        <extensions>
          <ns3:TrackPointExtension>
            <ns3:hr>150</ns3:hr>
            <ns3:cad>85</ns3:cad>
          </ns3:TrackPointExtension>
        </extensions>
      </trkpt>
      <trkpt lat="37.47918256558477878570556640625" lon="126.9530713744461536407470703125">
        <ele>48.799999237060546875</ele>
        <time>2026-06-02T00:01:36.000Z</time>
        <extensions>
          <ns3:TrackPointExtension>
            <ns3:hr>150</ns3:hr>
            <ns3:cad>85</ns3:cad>
          </ns3:TrackPointExtension>
        </extensions>
      </trkpt>
      <trkpt lat="37.47918315231800079345703125" lon="126.95304161868989467620849609375">
        <ele>49</ele>
        <time>2026-06-02T00:01:37.000Z</time>
        <extensions>
          <ns3:TrackPointExtension>
            <ns3:hr>150</ns3:hr>
            <ns3:cad>85</ns3:cad>
          </ns3:TrackPointExtension>
        </extensions>
      </trkpt>
      <trkpt lat="37.479190193116664886474609375" lon="126.9530137069523334503173828125">
        <ele>49.200000762939453125</ele>
        <time>2026-06-02T00:01:38.000Z</time>
        <extensions>
          <ns3:TrackPointExtension>
            <ns3:hr>150</ns3:hr>
            <ns3:cad>85</ns3:cad>
          </ns3:TrackPointExtension>
        </extensions>
      </trkpt>
      <trkpt lat="37.47919388115406036376953125" lon="126.95298378355801105499267578125">
        <ele>49.40000152587890625</ele>
        <time>2026-06-02T00:01:39.000Z</time>
        <extensions>
          <ns3:TrackPointExtension>
            <ns3:hr>151</ns3:hr>
            <ns3:cad>85</ns3:cad>
          </ns3:TrackPointExtension>
        </extensions>
      </trkpt>
      <trkpt lat="37.47918985784053802490234375" lon="126.95296551100909709930419921875">
        <ele>49.799999237060546875</ele>
        <time>2026-06-02T00:01:40.000Z</time>
        <extensions>
          <ns3:TrackPointExtension>
            <ns3:hr>151</ns3:hr>
            <ns3:cad>85</ns3:cad>
          </ns3:TrackPointExtension>
        </extensions>
      </trkpt>
      <trkpt lat="37.47918985784053802490234375" lon="126.952928714454174041748046875">
        <ele>50.200000762939453125</ele>
        <time>2026-06-02T00:01:41.000Z</time>
        <extensions>
          <ns3:TrackPointExtension>
            <ns3:hr>152</ns3:hr>
            <ns3:cad>85</ns3:cad>
          </ns3:TrackPointExtension>
        </extensions>
      </trkpt>
      <trkpt lat="37.47918876819312572479248046875" lon="126.9528977014124393463134765625">
        <ele>50.59999847412109375</ele>
        <time>2026-06-02T00:01:42.000Z</time>
        <extensions>
          <ns3:TrackPointExtension>
            <ns3:hr>152</ns3:hr>
            <ns3:cad>85</ns3:cad>
          </ns3:TrackPointExtension>
        </extensions>
      </trkpt>
      <trkpt lat="37.4791866727173328399658203125" lon="126.952865011990070343017578125">
        <ele>50.799999237060546875</ele>
        <time>2026-06-02T00:01:43.000Z</time>
        <extensions>
          <ns3:TrackPointExtension>
            <ns3:hr>152</ns3:hr>
            <ns3:cad>85</ns3:cad>
          </ns3:TrackPointExtension>
        </extensions>
      </trkpt>
      <trkpt lat="37.47919111512601375579833984375" lon="126.952834166586399078369140625">
        <ele>51</ele>
        <time>2026-06-02T00:01:44.000Z</time>
        <extensions>
          <ns3:TrackPointExtension>
            <ns3:hr>151</ns3:hr>
            <ns3:cad>84</ns3:cad>
          </ns3:TrackPointExtension>
        </extensions>
      </trkpt>
      <trkpt lat="37.4791918694972991943359375" lon="126.95280767977237701416015625">
        <ele>51.200000762939453125</ele>
        <time>2026-06-02T00:01:45.000Z</time>
        <extensions>
          <ns3:TrackPointExtension>
            <ns3:hr>152</ns3:hr>
            <ns3:cad>83</ns3:cad>
          </ns3:TrackPointExtension>
        </extensions>
      </trkpt>
      <trkpt lat="37.47919413261115550994873046875" lon="126.95277281105518341064453125">
        <ele>51.40000152587890625</ele>
        <time>2026-06-02T00:01:46.000Z</time>
        <extensions>
          <ns3:TrackPointExtension>
            <ns3:hr>152</ns3:hr>
            <ns3:cad>83</ns3:cad>
          </ns3:TrackPointExtension>
        </extensions>
      </trkpt>
      <trkpt lat="37.47920016758143901824951171875" lon="126.952744983136653900146484375">
        <ele>51.40000152587890625</ele>
        <time>2026-06-02T00:01:47.000Z</time>
        <extensions>
          <ns3:TrackPointExtension>
            <ns3:hr>152</ns3:hr>
            <ns3:cad>83</ns3:cad>
          </ns3:TrackPointExtension>
        </extensions>
      </trkpt>
      <trkpt lat="37.47920150868594646453857421875" lon="126.95271070115268230438232421875">
        <ele>51.40000152587890625</ele>
        <time>2026-06-02T00:01:48.000Z</time>
        <extensions>
          <ns3:TrackPointExtension>
            <ns3:hr>153</ns3:hr>
            <ns3:cad>84</ns3:cad>
          </ns3:TrackPointExtension>
        </extensions>
      </trkpt>
      <trkpt lat="37.47922531329095363616943359375" lon="126.95267382077872753143310546875">
        <ele>51.40000152587890625</ele>
        <time>2026-06-02T00:01:49.000Z</time>
        <extensions>
          <ns3:TrackPointExtension>
            <ns3:hr>153</ns3:hr>
            <ns3:cad>84</ns3:cad>
          </ns3:TrackPointExtension>
        </extensions>
      </trkpt>
      <trkpt lat="37.47925196774303913116455078125" lon="126.95265286602079868316650390625">
        <ele>51.200000762939453125</ele>
        <time>2026-06-02T00:01:50.000Z</time>
        <extensions>
          <ns3:TrackPointExtension>
            <ns3:hr>153</ns3:hr>
            <ns3:cad>84</ns3:cad>
          </ns3:TrackPointExtension>
        </extensions>
      </trkpt>
      <trkpt lat="37.47929438017308712005615234375" lon="126.95264079608023166656494140625">
        <ele>51.200000762939453125</ele>
        <time>2026-06-02T00:01:51.000Z</time>
        <extensions>
          <ns3:TrackPointExtension>
            <ns3:hr>153</ns3:hr>
            <ns3:cad>83</ns3:cad>
          </ns3:TrackPointExtension>
        </extensions>
      </trkpt>
      <trkpt lat="37.47931801714003086090087890625" lon="126.9526348449289798736572265625">
        <ele>51</ele>
        <time>2026-06-02T00:01:52.000Z</time>
        <extensions>
          <ns3:TrackPointExtension>
            <ns3:hr>153</ns3:hr>
            <ns3:cad>83</ns3:cad>
          </ns3:TrackPointExtension>
        </extensions>
      </trkpt>
      <trkpt lat="37.47935221530497074127197265625" lon="126.95262721739709377288818359375">
        <ele>51</ele>
        <time>2026-06-02T00:01:53.000Z</time>
        <extensions>
          <ns3:TrackPointExtension>
            <ns3:hr>153</ns3:hr>
            <ns3:cad>84</ns3:cad>
          </ns3:TrackPointExtension>
        </extensions>
      </trkpt>
      <trkpt lat="37.4793801270425319671630859375" lon="126.95262772031128406524658203125">
        <ele>51</ele>
        <time>2026-06-02T00:01:54.000Z</time>
        <extensions>
          <ns3:TrackPointExtension>
            <ns3:hr>153</ns3:hr>
            <ns3:cad>84</ns3:cad>
          </ns3:TrackPointExtension>
        </extensions>
      </trkpt>
      <trkpt lat="37.4794116429984569549560546875" lon="126.952635012567043304443359375">
        <ele>51</ele>
        <time>2026-06-02T00:01:55.000Z</time>
        <extensions>
          <ns3:TrackPointExtension>
            <ns3:hr>153</ns3:hr>
            <ns3:cad>84</ns3:cad>
          </ns3:TrackPointExtension>
        </extensions>
      </trkpt>
      <trkpt lat="37.47944944538176059722900390625" lon="126.95264783687889575958251953125">
        <ele>50.799999237060546875</ele>
        <time>2026-06-02T00:01:56.000Z</time>
        <extensions>
          <ns3:TrackPointExtension>
            <ns3:hr>153</ns3:hr>
            <ns3:cad>85</ns3:cad>
          </ns3:TrackPointExtension>
        </extensions>
      </trkpt>
      <trkpt lat="37.47947375290095806121826171875" lon="126.952649094164371490478515625">
        <ele>50.799999237060546875</ele>
        <time>2026-06-02T00:01:57.000Z</time>
        <extensions>
          <ns3:TrackPointExtension>
            <ns3:hr>152</ns3:hr>
            <ns3:cad>85</ns3:cad>
          </ns3:TrackPointExtension>
        </extensions>
      </trkpt>
      <trkpt lat="37.47950811870396137237548828125" lon="126.9526519440114498138427734375">
        <ele>50.799999237060546875</ele>
        <time>2026-06-02T00:01:58.000Z</time>
        <extensions>
          <ns3:TrackPointExtension>
            <ns3:hr>152</ns3:hr>
            <ns3:cad>85</ns3:cad>
          </ns3:TrackPointExtension>
        </extensions>
      </trkpt>
      <trkpt lat="37.47953988611698150634765625" lon="126.95265722461044788360595703125">
        <ele>50.799999237060546875</ele>
        <time>2026-06-02T00:01:59.000Z</time>
        <extensions>
          <ns3:TrackPointExtension>
            <ns3:hr>152</ns3:hr>
            <ns3:cad>85</ns3:cad>
          </ns3:TrackPointExtension>
        </extensions>
      </trkpt>
      <trkpt lat="37.4795673787593841552734375" lon="126.9526606611907482147216796875">
        <ele>50.59999847412109375</ele>
        <time>2026-06-02T00:02:00.000Z</time>
        <extensions>
          <ns3:TrackPointExtension>
            <ns3:hr>152</ns3:hr>
            <ns3:cad>84</ns3:cad>
          </ns3:TrackPointExtension>
        </extensions>
      </trkpt>
      <trkpt lat="37.47959730215370655059814453125" lon="126.95266124792397022247314453125">
        <ele>50.59999847412109375</ele>
        <time>2026-06-02T00:02:01.000Z</time>
        <extensions>
          <ns3:TrackPointExtension>
            <ns3:hr>152</ns3:hr>
            <ns3:cad>84</ns3:cad>
          </ns3:TrackPointExtension>
        </extensions>
      </trkpt>
      <trkpt lat="37.47961725108325481414794921875" lon="126.9526653550565242767333984375">
        <ele>50.40000152587890625</ele>
        <time>2026-06-02T00:02:02.000Z</time>
        <extensions>
          <ns3:TrackPointExtension>
            <ns3:hr>152</ns3:hr>
            <ns3:cad>84</ns3:cad>
          </ns3:TrackPointExtension>
        </extensions>
      </trkpt>
      <trkpt lat="37.4796478450298309326171875" lon="126.952675916254520416259765625">
        <ele>50.40000152587890625</ele>
        <time>2026-06-02T00:02:03.000Z</time>
        <extensions>
          <ns3:TrackPointExtension>
            <ns3:hr>152</ns3:hr>
            <ns3:cad>85</ns3:cad>
          </ns3:TrackPointExtension>
        </extensions>
      </trkpt>
      <trkpt lat="37.47966435737907886505126953125" lon="126.952672898769378662109375">
        <ele>50.40000152587890625</ele>
        <time>2026-06-02T00:02:04.000Z</time>
        <extensions>
          <ns3:TrackPointExtension>
            <ns3:hr>152</ns3:hr>
            <ns3:cad>85</ns3:cad>
          </ns3:TrackPointExtension>
        </extensions>
      </trkpt>
      <trkpt lat="37.47969386167824268341064453125" lon="126.9526713900268077850341796875">
        <ele>50.40000152587890625</ele>
        <time>2026-06-02T00:02:05.000Z</time>
        <extensions>
          <ns3:TrackPointExtension>
            <ns3:hr>152</ns3:hr>
            <ns3:cad>85</ns3:cad>
          </ns3:TrackPointExtension>
        </extensions>
      </trkpt>
      <trkpt lat="37.4797164089977741241455078125" lon="126.95267365314066410064697265625">
        <ele>50.200000762939453125</ele>
        <time>2026-06-02T00:02:06.000Z</time>
        <extensions>
          <ns3:TrackPointExtension>
            <ns3:hr>151</ns3:hr>
            <ns3:cad>85</ns3:cad>
          </ns3:TrackPointExtension>
        </extensions>
      </trkpt>
      <trkpt lat="37.4797439016401767730712890625" lon="126.9526814483106136322021484375">
        <ele>50.200000762939453125</ele>
        <time>2026-06-02T00:02:07.000Z</time>
        <extensions>
          <ns3:TrackPointExtension>
            <ns3:hr>151</ns3:hr>
            <ns3:cad>85</ns3:cad>
          </ns3:TrackPointExtension>
        </extensions>
      </trkpt>
      <trkpt lat="37.47977499850094318389892578125" lon="126.9526945240795612335205078125">
        <ele>50.200000762939453125</ele>
        <time>2026-06-02T00:02:08.000Z</time>
        <extensions>
          <ns3:TrackPointExtension>
            <ns3:hr>151</ns3:hr>
            <ns3:cad>85</ns3:cad>
          </ns3:TrackPointExtension>
        </extensions>
      </trkpt>
      <trkpt lat="37.4797975458204746246337890625" lon="126.95270030759274959564208984375">
        <ele>50</ele>
        <time>2026-06-02T00:02:09.000Z</time>
        <extensions>
          <ns3:TrackPointExtension>
            <ns3:hr>150</ns3:hr>
            <ns3:cad>85</ns3:cad>
          </ns3:TrackPointExtension>
        </extensions>
      </trkpt>
      <trkpt lat="37.47983492910861968994140625" lon="126.9527092762291431427001953125">
        <ele>50</ele>
        <time>2026-06-02T00:02:10.000Z</time>
        <extensions>
          <ns3:TrackPointExtension>
            <ns3:hr>150</ns3:hr>
            <ns3:cad>85</ns3:cad>
          </ns3:TrackPointExtension>
        </extensions>
      </trkpt>
      <trkpt lat="37.47985982336103916168212890625" lon="126.9527092762291431427001953125">
        <ele>50</ele>
        <time>2026-06-02T00:02:11.000Z</time>
        <extensions>
          <ns3:TrackPointExtension>
            <ns3:hr>150</ns3:hr>
            <ns3:cad>85</ns3:cad>
          </ns3:TrackPointExtension>
        </extensions>
      </trkpt>
      <trkpt lat="37.4798957817256450653076171875" lon="126.95271405391395092010498046875">
        <ele>50</ele>
        <time>2026-06-02T00:02:12.000Z</time>
        <extensions>
          <ns3:TrackPointExtension>
            <ns3:hr>150</ns3:hr>
            <ns3:cad>85</ns3:cad>
          </ns3:TrackPointExtension>
        </extensions>
      </trkpt>
      <trkpt lat="37.47992285527288913726806640625" lon="126.95271505974233150482177734375">
        <ele>49.799999237060546875</ele>
        <time>2026-06-02T00:02:13.000Z</time>
        <extensions>
          <ns3:TrackPointExtension>
            <ns3:hr>150</ns3:hr>
            <ns3:cad>85</ns3:cad>
          </ns3:TrackPointExtension>
        </extensions>
      </trkpt>
      <trkpt lat="37.47995001263916492462158203125" lon="126.952718831598758697509765625">
        <ele>49.799999237060546875</ele>
        <time>2026-06-02T00:02:14.000Z</time>
        <extensions>
          <ns3:TrackPointExtension>
            <ns3:hr>150</ns3:hr>
            <ns3:cad>85</ns3:cad>
          </ns3:TrackPointExtension>
        </extensions>
      </trkpt>
      <trkpt lat="37.47998488135635852813720703125" lon="126.9527270458638668060302734375">
        <ele>49.799999237060546875</ele>
        <time>2026-06-02T00:02:15.000Z</time>
        <extensions>
          <ns3:TrackPointExtension>
            <ns3:hr>151</ns3:hr>
            <ns3:cad>85</ns3:cad>
          </ns3:TrackPointExtension>
        </extensions>
      </trkpt>
      <trkpt lat="37.48001052998006343841552734375" lon="126.9527290575206279754638671875">
        <ele>49.59999847412109375</ele>
        <time>2026-06-02T00:02:16.000Z</time>
        <extensions>
          <ns3:TrackPointExtension>
            <ns3:hr>150</ns3:hr>
            <ns3:cad>85</ns3:cad>
          </ns3:TrackPointExtension>
        </extensions>
      </trkpt>
      <trkpt lat="37.48004523105919361114501953125" lon="126.9527381099760532379150390625">
        <ele>49.59999847412109375</ele>
        <time>2026-06-02T00:02:17.000Z</time>
        <extensions>
          <ns3:TrackPointExtension>
            <ns3:hr>150</ns3:hr>
            <ns3:cad>85</ns3:cad>
          </ns3:TrackPointExtension>
        </extensions>
      </trkpt>
      <trkpt lat="37.48007473535835742950439453125" lon="126.95274104364216327667236328125">
        <ele>49.40000152587890625</ele>
        <time>2026-06-02T00:02:18.000Z</time>
        <extensions>
          <ns3:TrackPointExtension>
            <ns3:hr>150</ns3:hr>
            <ns3:cad>85</ns3:cad>
          </ns3:TrackPointExtension>
        </extensions>
      </trkpt>
      <trkpt lat="37.48010004870593547821044921875" lon="126.9527495093643665313720703125">
        <ele>49.200000762939453125</ele>
        <time>2026-06-02T00:02:19.000Z</time>
        <extensions>
          <ns3:TrackPointExtension>
            <ns3:hr>150</ns3:hr>
            <ns3:cad>84</ns3:cad>
          </ns3:TrackPointExtension>
        </extensions>
      </trkpt>
      <trkpt lat="37.48012997210025787353515625" lon="126.95275780744850635528564453125">
        <ele>49.200000762939453125</ele>
        <time>2026-06-02T00:02:20.000Z</time>
        <extensions>
          <ns3:TrackPointExtension>
            <ns3:hr>150</ns3:hr>
            <ns3:cad>84</ns3:cad>
          </ns3:TrackPointExtension>
        </extensions>
      </trkpt>
      <trkpt lat="37.48015603981912136077880859375" lon="126.95275713689625263214111328125">
        <ele>49</ele>
        <time>2026-06-02T00:02:21.000Z</time>
        <extensions>
          <ns3:TrackPointExtension>
            <ns3:hr>149</ns3:hr>
            <ns3:cad>84</ns3:cad>
          </ns3:TrackPointExtension>
        </extensions>
      </trkpt>
      <trkpt lat="37.4801935069262981414794921875" lon="126.95276300422847270965576171875">
        <ele>49</ele>
        <time>2026-06-02T00:02:22.000Z</time>
        <extensions>
          <ns3:TrackPointExtension>
            <ns3:hr>150</ns3:hr>
            <ns3:cad>85</ns3:cad>
          </ns3:TrackPointExtension>
        </extensions>
      </trkpt>
      <trkpt lat="37.48022116720676422119140625" lon="126.95275663398206233978271484375">
        <ele>49</ele>
        <time>2026-06-02T00:02:23.000Z</time>
        <extensions>
          <ns3:TrackPointExtension>
            <ns3:hr>149</ns3:hr>
            <ns3:cad>85</ns3:cad>
          </ns3:TrackPointExtension>
        </extensions>
      </trkpt>
      <trkpt lat="37.48025511391460895538330078125" lon="126.95275344885885715484619140625">
        <ele>49</ele>
        <time>2026-06-02T00:02:24.000Z</time>
        <extensions>
          <ns3:TrackPointExtension>
            <ns3:hr>149</ns3:hr>
            <ns3:cad>85</ns3:cad>
          </ns3:TrackPointExtension>
        </extensions>
      </trkpt>
      <trkpt lat="37.4802862107753753662109375" lon="126.95275428704917430877685546875">
        <ele>49</ele>
        <time>2026-06-02T00:02:25.000Z</time>
        <extensions>
          <ns3:TrackPointExtension>
            <ns3:hr>149</ns3:hr>
            <ns3:cad>85</ns3:cad>
          </ns3:TrackPointExtension>
        </extensions>
      </trkpt>
      <trkpt lat="37.4803105182945728302001953125" lon="126.95275914855301380157470703125">
        <ele>49</ele>
        <time>2026-06-02T00:02:26.000Z</time>
        <extensions>
          <ns3:TrackPointExtension>
            <ns3:hr>149</ns3:hr>
            <ns3:cad>85</ns3:cad>
          </ns3:TrackPointExtension>
        </extensions>
      </trkpt>
      <trkpt lat="37.48034597374498844146728515625" lon="126.952773816883563995361328125">
        <ele>48.799999237060546875</ele>
        <time>2026-06-02T00:02:27.000Z</time>
        <extensions>
          <ns3:TrackPointExtension>
            <ns3:hr>149</ns3:hr>
            <ns3:cad>85</ns3:cad>
          </ns3:TrackPointExtension>
        </extensions>
      </trkpt>
      <trkpt lat="37.48037078417837619781494140625" lon="126.9527783431112766265869140625">
        <ele>48.799999237060546875</ele>
        <time>2026-06-02T00:02:28.000Z</time>
        <extensions>
          <ns3:TrackPointExtension>
            <ns3:hr>149</ns3:hr>
            <ns3:cad>84</ns3:cad>
          </ns3:TrackPointExtension>
        </extensions>
      </trkpt>
      <trkpt lat="37.48041152022778987884521484375" lon="126.95278295315802097320556640625">
        <ele>48.59999847412109375</ele>
        <time>2026-06-02T00:02:29.000Z</time>
        <extensions>
          <ns3:TrackPointExtension>
            <ns3:hr>148</ns3:hr>
            <ns3:cad>84</ns3:cad>
          </ns3:TrackPointExtension>
        </extensions>
      </trkpt>
      <trkpt lat="37.48043867759406566619873046875" lon="126.95278496481478214263916015625">
        <ele>48.40000152587890625</ele>
        <time>2026-06-02T00:02:30.000Z</time>
        <extensions>
          <ns3:TrackPointExtension>
            <ns3:hr>148</ns3:hr>
            <ns3:cad>84</ns3:cad>
          </ns3:TrackPointExtension>
        </extensions>
      </trkpt>
      <trkpt lat="37.4804670922458171844482421875" lon="126.95278714410960674285888671875">
        <ele>48.200000762939453125</ele>
        <time>2026-06-02T00:02:31.000Z</time>
        <extensions>
          <ns3:TrackPointExtension>
            <ns3:hr>148</ns3:hr>
            <ns3:cad>84</ns3:cad>
          </ns3:TrackPointExtension>
        </extensions>
      </trkpt>
      <trkpt lat="37.48049676418304443359375" lon="126.9527967832982540130615234375">
        <ele>48.200000762939453125</ele>
        <time>2026-06-02T00:02:32.000Z</time>
        <extensions>
          <ns3:TrackPointExtension>
            <ns3:hr>148</ns3:hr>
            <ns3:cad>84</ns3:cad>
          </ns3:TrackPointExtension>
        </extensions>
      </trkpt>
      <trkpt lat="37.4805190600454807281494140625" lon="126.952799297869205474853515625">
        <ele>48.200000762939453125</ele>
        <time>2026-06-02T00:02:33.000Z</time>
        <extensions>
          <ns3:TrackPointExtension>
            <ns3:hr>149</ns3:hr>
            <ns3:cad>84</ns3:cad>
          </ns3:TrackPointExtension>
        </extensions>
      </trkpt>
      <trkpt lat="37.48055300675332546234130859375" lon="126.95282117463648319244384765625">
        <ele>48</ele>
        <time>2026-06-02T00:02:34.000Z</time>
        <extensions>
          <ns3:TrackPointExtension>
            <ns3:hr>148</ns3:hr>
            <ns3:cad>84</ns3:cad>
          </ns3:TrackPointExtension>
        </extensions>
      </trkpt>
      <trkpt lat="37.48058184050023555755615234375" lon="126.95282536558806896209716796875">
        <ele>48</ele>
        <time>2026-06-02T00:02:35.000Z</time>
        <extensions>
          <ns3:TrackPointExtension>
            <ns3:hr>148</ns3:hr>
            <ns3:cad>84</ns3:cad>
          </ns3:TrackPointExtension>
        </extensions>
      </trkpt>
      <trkpt lat="37.480612434446811676025390625" lon="126.952847577631473541259765625">
        <ele>47.799999237060546875</ele>
        <time>2026-06-02T00:02:36.000Z</time>
        <extensions>
          <ns3:TrackPointExtension>
            <ns3:hr>148</ns3:hr>
            <ns3:cad>84</ns3:cad>
          </ns3:TrackPointExtension>
        </extensions>
      </trkpt>
      <trkpt lat="37.4806414358317852020263671875" lon="126.95286258123815059661865234375">
        <ele>47.799999237060546875</ele>
        <time>2026-06-02T00:02:37.000Z</time>
        <extensions>
          <ns3:TrackPointExtension>
            <ns3:hr>148</ns3:hr>
            <ns3:cad>85</ns3:cad>
          </ns3:TrackPointExtension>
        </extensions>
      </trkpt>
      <trkpt lat="37.48066968284547328948974609375" lon="126.95287163369357585906982421875">
        <ele>47.799999237060546875</ele>
        <time>2026-06-02T00:02:38.000Z</time>
        <extensions>
          <ns3:TrackPointExtension>
            <ns3:hr>147</ns3:hr>
            <ns3:cad>85</ns3:cad>
          </ns3:TrackPointExtension>
        </extensions>
      </trkpt>
      <trkpt lat="37.48070170171558856964111328125" lon="126.95288253016769886016845703125">
        <ele>47.799999237060546875</ele>
        <time>2026-06-02T00:02:39.000Z</time>
        <extensions>
          <ns3:TrackPointExtension>
            <ns3:hr>147</ns3:hr>
            <ns3:cad>85</ns3:cad>
          </ns3:TrackPointExtension>
        </extensions>
      </trkpt>
      <trkpt lat="37.48072315938770771026611328125" lon="126.9528806023299694061279296875">
        <ele>47.799999237060546875</ele>
        <time>2026-06-02T00:02:40.000Z</time>
        <extensions>
          <ns3:TrackPointExtension>
            <ns3:hr>147</ns3:hr>
            <ns3:cad>85</ns3:cad>
          </ns3:TrackPointExtension>
        </extensions>
      </trkpt>
      <trkpt lat="37.4807534180581569671630859375" lon="126.95288571529090404510498046875">
        <ele>47.799999237060546875</ele>
        <time>2026-06-02T00:02:41.000Z</time>
        <extensions>
          <ns3:TrackPointExtension>
            <ns3:hr>147</ns3:hr>
            <ns3:cad>85</ns3:cad>
          </ns3:TrackPointExtension>
        </extensions>
      </trkpt>
      <trkpt lat="37.48078367672860622406005859375" lon="126.95290046744048595428466796875">
        <ele>47.59999847412109375</ele>
        <time>2026-06-02T00:02:42.000Z</time>
        <extensions>
          <ns3:TrackPointExtension>
            <ns3:hr>147</ns3:hr>
            <ns3:cad>84</ns3:cad>
          </ns3:TrackPointExtension>
        </extensions>
      </trkpt>
      <trkpt lat="37.4808047153055667877197265625" lon="126.95293064229190349578857421875">
        <ele>47.40000152587890625</ele>
        <time>2026-06-02T00:02:43.000Z</time>
        <extensions>
          <ns3:TrackPointExtension>
            <ns3:hr>147</ns3:hr>
            <ns3:cad>84</ns3:cad>
          </ns3:TrackPointExtension>
        </extensions>
      </trkpt>
      <trkpt lat="37.4808268435299396514892578125" lon="126.95295830257236957550048828125">
        <ele>47.200000762939453125</ele>
        <time>2026-06-02T00:02:44.000Z</time>
        <extensions>
          <ns3:TrackPointExtension>
            <ns3:hr>147</ns3:hr>
            <ns3:cad>84</ns3:cad>
          </ns3:TrackPointExtension>
        </extensions>
      </trkpt>
      <trkpt lat="37.48084436170756816864013671875" lon="126.9529774971306324005126953125">
        <ele>47</ele>
        <time>2026-06-02T00:02:45.000Z</time>
        <extensions>
          <ns3:TrackPointExtension>
            <ns3:hr>146</ns3:hr>
            <ns3:cad>84</ns3:cad>
          </ns3:TrackPointExtension>
        </extensions>
      </trkpt>
      <trkpt lat="37.48088073916733264923095703125" lon="126.95300037972629070281982421875">
        <ele>46.799999237060546875</ele>
        <time>2026-06-02T00:02:46.000Z</time>
        <extensions>
          <ns3:TrackPointExtension>
            <ns3:hr>146</ns3:hr>
            <ns3:cad>84</ns3:cad>
          </ns3:TrackPointExtension>
        </extensions>
      </trkpt>
      <trkpt lat="37.48090236447751522064208984375" lon="126.95299954153597354888916015625">
        <ele>46.799999237060546875</ele>
        <time>2026-06-02T00:02:47.000Z</time>
        <extensions>
          <ns3:TrackPointExtension>
            <ns3:hr>146</ns3:hr>
            <ns3:cad>84</ns3:cad>
          </ns3:TrackPointExtension>
        </extensions>
      </trkpt>
      <trkpt lat="37.4809237383306026458740234375" lon="126.952986381947994232177734375">
        <ele>46.799999237060546875</ele>
        <time>2026-06-02T00:02:48.000Z</time>
        <extensions>
          <ns3:TrackPointExtension>
            <ns3:hr>146</ns3:hr>
            <ns3:cad>85</ns3:cad>
          </ns3:TrackPointExtension>
        </extensions>
      </trkpt>
      <trkpt lat="37.48094896785914897918701171875" lon="126.952966935932636260986328125">
        <ele>46.799999237060546875</ele>
        <time>2026-06-02T00:02:49.000Z</time>
        <extensions>
          <ns3:TrackPointExtension>
            <ns3:hr>145</ns3:hr>
            <ns3:cad>85</ns3:cad>
          </ns3:TrackPointExtension>
        </extensions>
      </trkpt>
      <trkpt lat="37.48096338473260402679443359375" lon="126.9529476575553417205810546875">
        <ele>46.799999237060546875</ele>
        <time>2026-06-02T00:02:50.000Z</time>
        <extensions>
          <ns3:TrackPointExtension>
            <ns3:hr>146</ns3:hr>
            <ns3:cad>83</ns3:cad>
          </ns3:TrackPointExtension>
        </extensions>
      </trkpt>
      <trkpt lat="37.48097998090088367462158203125" lon="126.952926032245159149169921875">
        <ele>46.799999237060546875</ele>
        <time>2026-06-02T00:02:51.000Z</time>
        <extensions>
          <ns3:TrackPointExtension>
            <ns3:hr>146</ns3:hr>
            <ns3:cad>83</ns3:cad>
          </ns3:TrackPointExtension>
        </extensions>
      </trkpt>
      <trkpt lat="37.48099909164011478424072265625" lon="126.9529057480394840240478515625">
        <ele>46.799999237060546875</ele>
        <time>2026-06-02T00:02:52.000Z</time>
        <extensions>
          <ns3:TrackPointExtension>
            <ns3:hr>146</ns3:hr>
            <ns3:cad>83</ns3:cad>
          </ns3:TrackPointExtension>
        </extensions>
      </trkpt>
      <trkpt lat="37.48101132921874523162841796875" lon="126.95288923569023609161376953125">
        <ele>46.799999237060546875</ele>
        <time>2026-06-02T00:02:53.000Z</time>
        <extensions>
          <ns3:TrackPointExtension>
            <ns3:hr>146</ns3:hr>
            <ns3:cad>83</ns3:cad>
          </ns3:TrackPointExtension>
        </extensions>
      </trkpt>
      <trkpt lat="37.48102775774896144866943359375" lon="126.95287364535033702850341796875">
        <ele>47</ele>
        <time>2026-06-02T00:02:54.000Z</time>
        <extensions>
          <ns3:TrackPointExtension>
            <ns3:hr>146</ns3:hr>
            <ns3:cad>83</ns3:cad>
          </ns3:TrackPointExtension>
        </extensions>
      </trkpt>
      <trkpt lat="37.4819456599652767181396484375" lon="126.95210033096373081207275390625">
        <ele>45.59999847412109375</ele>
        <time>2026-06-02T00:04:36.000Z</time>
        <extensions>
          <ns3:TrackPointExtension>
            <ns3:hr>118</ns3:hr>
            <ns3:cad>0</ns3:cad>
          </ns3:TrackPointExtension>
        </extensions>
      </trkpt>
      <trkpt lat="37.48194121755659580230712890625" lon="126.95209546945989131927490234375">
        <ele>45.799999237060546875</ele>
        <time>2026-06-02T00:04:37.000Z</time>
        <extensions>
          <ns3:TrackPointExtension>
            <ns3:hr>118</ns3:hr>
            <ns3:cad>0</ns3:cad>
          </ns3:TrackPointExtension>
        </extensions>
      </trkpt>
      <trkpt lat="37.481938786804676055908203125" lon="126.9520833157002925872802734375">
        <ele>46</ele>
        <time>2026-06-02T00:04:38.000Z</time>
        <extensions>
          <ns3:TrackPointExtension>
            <ns3:hr>118</ns3:hr>
            <ns3:cad>0</ns3:cad>
          </ns3:TrackPointExtension>
        </extensions>
      </trkpt>
      <trkpt lat="37.481926716864109039306640625" lon="126.9520695693790912628173828125">
        <ele>46</ele>
        <time>2026-06-02T00:04:39.000Z</time>
        <extensions>
          <ns3:TrackPointExtension>
            <ns3:hr>118</ns3:hr>
            <ns3:cad>0</ns3:cad>
          </ns3:TrackPointExtension>
        </extensions>
      </trkpt>
      <trkpt lat="37.4819050915539264678955078125" lon="126.9520390592515468597412109375">
        <ele>46</ele>
        <time>2026-06-02T00:04:40.000Z</time>
        <extensions>
          <ns3:TrackPointExtension>
            <ns3:hr>119</ns3:hr>
            <ns3:cad>0</ns3:cad>
          </ns3:TrackPointExtension>
        </extensions>
      </trkpt>
      <trkpt lat="37.48187500052154064178466796875" lon="126.95202858187258243560791015625">
        <ele>45.799999237060546875</ele>
        <time>2026-06-02T00:04:41.000Z</time>
        <extensions>
          <ns3:TrackPointExtension>
            <ns3:hr>119</ns3:hr>
            <ns3:cad>0</ns3:cad>
          </ns3:TrackPointExtension>
        </extensions>
      </trkpt>
      <trkpt lat="37.48184784315526485443115234375" lon="126.95199203677475452423095703125">
        <ele>45.799999237060546875</ele>
        <time>2026-06-02T00:04:42.000Z</time>
        <extensions>
          <ns3:TrackPointExtension>
            <ns3:hr>119</ns3:hr>
            <ns3:cad>0</ns3:cad>
          </ns3:TrackPointExtension>
        </extensions>
      </trkpt>
      <trkpt lat="37.4818204343318939208984375" lon="126.9519823975861072540283203125">
        <ele>45.59999847412109375</ele>
        <time>2026-06-02T00:04:43.000Z</time>
        <extensions>
          <ns3:TrackPointExtension>
            <ns3:hr>121</ns3:hr>
            <ns3:cad>0</ns3:cad>
          </ns3:TrackPointExtension>
        </extensions>
      </trkpt>
      <trkpt lat="37.4818075262010097503662109375" lon="126.95194845087826251983642578125">
        <ele>45.799999237060546875</ele>
        <time>2026-06-02T00:04:44.000Z</time>
        <extensions>
          <ns3:TrackPointExtension>
            <ns3:hr>123</ns3:hr>
            <ns3:cad>0</ns3:cad>
          </ns3:TrackPointExtension>
        </extensions>
      </trkpt>
      <trkpt lat="37.48180375434458255767822265625" lon="126.95191777311265468597412109375">
        <ele>45.799999237060546875</ele>
        <time>2026-06-02T00:04:45.000Z</time>
        <extensions>
          <ns3:TrackPointExtension>
            <ns3:hr>125</ns3:hr>
            <ns3:cad>0</ns3:cad>
          </ns3:TrackPointExtension>
        </extensions>
      </trkpt>
      <trkpt lat="37.481790594756603240966796875" lon="126.9518794678151607513427734375">
        <ele>45.799999237060546875</ele>
        <time>2026-06-02T00:04:46.000Z</time>
        <extensions>
          <ns3:TrackPointExtension>
            <ns3:hr>126</ns3:hr>
            <ns3:cad>0</ns3:cad>
          </ns3:TrackPointExtension>
        </extensions>
      </trkpt>
      <trkpt lat="37.48178833164274692535400390625" lon="126.951835043728351593017578125">
        <ele>45.799999237060546875</ele>
        <time>2026-06-02T00:04:47.000Z</time>
        <extensions>
          <ns3:TrackPointExtension>
            <ns3:hr>130</ns3:hr>
            <ns3:cad>85</ns3:cad>
          </ns3:TrackPointExtension>
        </extensions>
      </trkpt>
      <trkpt lat="37.48178078792989253997802734375" lon="126.95179908536374568939208984375">
        <ele>45.799999237060546875</ele>
        <time>2026-06-02T00:04:48.000Z</time>
        <extensions>
          <ns3:TrackPointExtension>
            <ns3:hr>133</ns3:hr>
            <ns3:cad>85</ns3:cad>
          </ns3:TrackPointExtension>
        </extensions>
      </trkpt>
      <trkpt lat="37.481774501502513885498046875" lon="126.9517651386559009552001953125">
        <ele>45.799999237060546875</ele>
        <time>2026-06-02T00:04:49.000Z</time>
        <extensions>
          <ns3:TrackPointExtension>
            <ns3:hr>135</ns3:hr>
            <ns3:cad>85</ns3:cad>
          </ns3:TrackPointExtension>
        </extensions>
      </trkpt>
      <trkpt lat="37.48176955617964267730712890625" lon="126.95172549225389957427978515625">
        <ele>45.799999237060546875</ele>
        <time>2026-06-02T00:04:50.000Z</time>
        <extensions>
          <ns3:TrackPointExtension>
            <ns3:hr>136</ns3:hr>
            <ns3:cad>84</ns3:cad>
          </ns3:TrackPointExtension>
        </extensions>
      </trkpt>
      <trkpt lat="37.48175698332488536834716796875" lon="126.9517059624195098876953125">
        <ele>45.59999847412109375</ele>
        <time>2026-06-02T00:04:51.000Z</time>
        <extensions>
          <ns3:TrackPointExtension>
            <ns3:hr>136</ns3:hr>
            <ns3:cad>84</ns3:cad>
          </ns3:TrackPointExtension>
        </extensions>
      </trkpt>
      <trkpt lat="37.48174457810819149017333984375" lon="126.9516658969223499298095703125">
        <ele>45.59999847412109375</ele>
        <time>2026-06-02T00:04:52.000Z</time>
        <extensions>
          <ns3:TrackPointExtension>
            <ns3:hr>137</ns3:hr>
            <ns3:cad>84</ns3:cad>
          </ns3:TrackPointExtension>
        </extensions>
      </trkpt>
      <trkpt lat="37.4817371182143688201904296875" lon="126.95162708871066570281982421875">
        <ele>45.59999847412109375</ele>
        <time>2026-06-02T00:04:53.000Z</time>
        <extensions>
          <ns3:TrackPointExtension>
            <ns3:hr>137</ns3:hr>
            <ns3:cad>84</ns3:cad>
          </ns3:TrackPointExtension>
        </extensions>
      </trkpt>
      <trkpt lat="37.4817238748073577880859375" lon="126.95159976370632648468017578125">
        <ele>45.40000152587890625</ele>
        <time>2026-06-02T00:04:54.000Z</time>
        <extensions>
          <ns3:TrackPointExtension>
            <ns3:hr>138</ns3:hr>
            <ns3:cad>84</ns3:cad>
          </ns3:TrackPointExtension>
        </extensions>
      </trkpt>
      <trkpt lat="37.4817136488854885101318359375" lon="126.9515502266585826873779296875">
        <ele>45.59999847412109375</ele>
        <time>2026-06-02T00:04:55.000Z</time>
        <extensions>
          <ns3:TrackPointExtension>
            <ns3:hr>138</ns3:hr>
            <ns3:cad>84</ns3:cad>
          </ns3:TrackPointExtension>
        </extensions>
      </trkpt>
      <trkpt lat="37.4817139841616153717041015625" lon="126.9515317864716053009033203125">
        <ele>45.59999847412109375</ele>
        <time>2026-06-02T00:04:56.000Z</time>
        <extensions>
          <ns3:TrackPointExtension>
            <ns3:hr>139</ns3:hr>
            <ns3:cad>84</ns3:cad>
          </ns3:TrackPointExtension>
        </extensions>
      </trkpt>
      <trkpt lat="37.48171113431453704833984375" lon="126.95148157887160778045654296875">
        <ele>45.59999847412109375</ele>
        <time>2026-06-02T00:04:57.000Z</time>
        <extensions>
          <ns3:TrackPointExtension>
            <ns3:hr>138</ns3:hr>
            <ns3:cad>84</ns3:cad>
          </ns3:TrackPointExtension>
        </extensions>
      </trkpt>
      <trkpt lat="37.48170266859233379364013671875" lon="126.95145308040082454681396484375">
        <ele>45.40000152587890625</ele>
        <time>2026-06-02T00:04:58.000Z</time>
        <extensions>
          <ns3:TrackPointExtension>
            <ns3:hr>139</ns3:hr>
            <ns3:cad>84</ns3:cad>
          </ns3:TrackPointExtension>
        </extensions>
      </trkpt>
      <trkpt lat="37.48169143684208393096923828125" lon="126.9514120928943157196044921875">
        <ele>45.40000152587890625</ele>
        <time>2026-06-02T00:04:59.000Z</time>
        <extensions>
          <ns3:TrackPointExtension>
            <ns3:hr>139</ns3:hr>
            <ns3:cad>84</ns3:cad>
          </ns3:TrackPointExtension>
        </extensions>
      </trkpt>
      <trkpt lat="37.48167769052088260650634765625" lon="126.9513856060802936553955078125">
        <ele>45.40000152587890625</ele>
        <time>2026-06-02T00:05:00.000Z</time>
        <extensions>
          <ns3:TrackPointExtension>
            <ns3:hr>138</ns3:hr>
            <ns3:cad>84</ns3:cad>
          </ns3:TrackPointExtension>
        </extensions>
      </trkpt>
      <trkpt lat="37.4816613458096981048583984375" lon="126.951369680464267730712890625">
        <ele>45.40000152587890625</ele>
        <time>2026-06-02T00:05:01.000Z</time>
        <extensions>
          <ns3:TrackPointExtension>
            <ns3:hr>138</ns3:hr>
            <ns3:cad>84</ns3:cad>
          </ns3:TrackPointExtension>
        </extensions>
      </trkpt>
      <trkpt lat="37.48163946904242038726806640625" lon="126.9513242505490779876708984375">
        <ele>45.40000152587890625</ele>
        <time>2026-06-02T00:05:02.000Z</time>
        <extensions>
          <ns3:TrackPointExtension>
            <ns3:hr>138</ns3:hr>
            <ns3:cad>84</ns3:cad>
          </ns3:TrackPointExtension>
        </extensions>
      </trkpt>
      <trkpt lat="37.48161382041871547698974609375" lon="126.95131276734173297882080078125">
        <ele>45.40000152587890625</ele>
        <time>2026-06-02T00:05:03.000Z</time>
        <extensions>
          <ns3:TrackPointExtension>
            <ns3:hr>138</ns3:hr>
            <ns3:cad>84</ns3:cad>
          </ns3:TrackPointExtension>
        </extensions>
      </trkpt>
      <trkpt lat="37.48159655369818210601806640625" lon="126.95127345621585845947265625">
        <ele>45.40000152587890625</ele>
        <time>2026-06-02T00:05:04.000Z</time>
        <extensions>
          <ns3:TrackPointExtension>
            <ns3:hr>139</ns3:hr>
            <ns3:cad>84</ns3:cad>
          </ns3:TrackPointExtension>
        </extensions>
      </trkpt>
      <trkpt lat="37.48156587593257427215576171875" lon="126.9512313790619373321533203125">
        <ele>45.40000152587890625</ele>
        <time>2026-06-02T00:05:05.000Z</time>
        <extensions>
          <ns3:TrackPointExtension>
            <ns3:hr>139</ns3:hr>
            <ns3:cad>85</ns3:cad>
          </ns3:TrackPointExtension>
        </extensions>
      </trkpt>
      <trkpt lat="37.48155045323073863983154296875" lon="126.9512102566659450531005859375">
        <ele>45.200000762939453125</ele>
        <time>2026-06-02T00:05:06.000Z</time>
        <extensions>
          <ns3:TrackPointExtension>
            <ns3:hr>138</ns3:hr>
            <ns3:cad>85</ns3:cad>
          </ns3:TrackPointExtension>
        </extensions>
      </trkpt>
      <trkpt lat="37.48152648098766803741455078125" lon="126.9511596299707889556884765625">
        <ele>45.200000762939453125</ele>
        <time>2026-06-02T00:05:07.000Z</time>
        <extensions>
          <ns3:TrackPointExtension>
            <ns3:hr>138</ns3:hr>
            <ns3:cad>85</ns3:cad>
          </ns3:TrackPointExtension>
        </extensions>
      </trkpt>
      <trkpt lat="37.48150804080069065093994140625" lon="126.9511371664702892303466796875">
        <ele>45.200000762939453125</ele>
        <time>2026-06-02T00:05:08.000Z</time>
        <extensions>
          <ns3:TrackPointExtension>
            <ns3:hr>138</ns3:hr>
            <ns3:cad>84</ns3:cad>
          </ns3:TrackPointExtension>
        </extensions>
      </trkpt>
      <trkpt lat="37.48149010352790355682373046875" lon="126.95110875181853771209716796875">
        <ele>45.200000762939453125</ele>
        <time>2026-06-02T00:05:09.000Z</time>
        <extensions>
          <ns3:TrackPointExtension>
            <ns3:hr>139</ns3:hr>
            <ns3:cad>84</ns3:cad>
          </ns3:TrackPointExtension>
        </extensions>
      </trkpt>
      <trkpt lat="37.48147585429251194000244140625" lon="126.9510855339467525482177734375">
        <ele>45.200000762939453125</ele>
        <time>2026-06-02T00:05:10.000Z</time>
        <extensions>
          <ns3:TrackPointExtension>
            <ns3:hr>138</ns3:hr>
            <ns3:cad>84</ns3:cad>
          </ns3:TrackPointExtension>
        </extensions>
      </trkpt>
      <trkpt lat="37.4814655445516109466552734375" lon="126.95106692612171173095703125">
        <ele>45</ele>
        <time>2026-06-02T00:05:11.000Z</time>
        <extensions>
          <ns3:TrackPointExtension>
            <ns3:hr>139</ns3:hr>
            <ns3:cad>84</ns3:cad>
          </ns3:TrackPointExtension>
        </extensions>
      </trkpt>
      <trkpt lat="37.48146059922873973846435546875" lon="126.95102409459650516510009765625">
        <ele>45</ele>
        <time>2026-06-02T00:05:12.000Z</time>
        <extensions>
          <ns3:TrackPointExtension>
            <ns3:hr>139</ns3:hr>
            <ns3:cad>84</ns3:cad>
          </ns3:TrackPointExtension>
        </extensions>
      </trkpt>
      <trkpt lat="37.48145422898232936859130859375" lon="126.95099492557346820831298828125">
        <ele>45</ele>
        <time>2026-06-02T00:05:13.000Z</time>
        <extensions>
          <ns3:TrackPointExtension>
            <ns3:hr>139</ns3:hr>
            <ns3:cad>84</ns3:cad>
          </ns3:TrackPointExtension>
        </extensions>
      </trkpt>
      <trkpt lat="37.48145238496363162994384765625" lon="126.95095050148665904998779296875">
        <ele>45</ele>
        <time>2026-06-02T00:05:14.000Z</time>
        <extensions>
          <ns3:TrackPointExtension>
            <ns3:hr>139</ns3:hr>
            <ns3:cad>84</ns3:cad>
          </ns3:TrackPointExtension>
        </extensions>
      </trkpt>
      <trkpt lat="37.48144601471722126007080078125" lon="126.9509031437337398529052734375">
        <ele>45</ele>
        <time>2026-06-02T00:05:15.000Z</time>
        <extensions>
          <ns3:TrackPointExtension>
            <ns3:hr>139</ns3:hr>
            <ns3:cad>85</ns3:cad>
          </ns3:TrackPointExtension>
        </extensions>
      </trkpt>
      <trkpt lat="37.481435872614383697509765625" lon="126.9508625753223896026611328125">
        <ele>45</ele>
        <time>2026-06-02T00:05:16.000Z</time>
        <extensions>
          <ns3:TrackPointExtension>
            <ns3:hr>139</ns3:hr>
            <ns3:cad>85</ns3:cad>
          </ns3:TrackPointExtension>
        </extensions>
      </trkpt>
      <trkpt lat="37.48143109492957592010498046875" lon="126.95082561112940311431884765625">
        <ele>45</ele>
        <time>2026-06-02T00:05:17.000Z</time>
        <extensions>
          <ns3:TrackPointExtension>
            <ns3:hr>139</ns3:hr>
            <ns3:cad>85</ns3:cad>
          </ns3:TrackPointExtension>
        </extensions>
      </trkpt>
      <trkpt lat="37.48141852207481861114501953125" lon="126.95078738965094089508056640625">
        <ele>45</ele>
        <time>2026-06-02T00:05:18.000Z</time>
        <extensions>
          <ns3:TrackPointExtension>
            <ns3:hr>140</ns3:hr>
            <ns3:cad>85</ns3:cad>
          </ns3:TrackPointExtension>
        </extensions>
      </trkpt>
      <trkpt lat="37.48141097836196422576904296875" lon="126.9507365114986896514892578125">
        <ele>45</ele>
        <time>2026-06-02T00:05:19.000Z</time>
        <extensions>
          <ns3:TrackPointExtension>
            <ns3:hr>140</ns3:hr>
            <ns3:cad>85</ns3:cad>
          </ns3:TrackPointExtension>
        </extensions>
      </trkpt>
      <trkpt lat="37.4814073741436004638671875" lon="126.95070876739919185638427734375">
        <ele>45</ele>
        <time>2026-06-02T00:05:20.000Z</time>
        <extensions>
          <ns3:TrackPointExtension>
            <ns3:hr>140</ns3:hr>
            <ns3:cad>85</ns3:cad>
          </ns3:TrackPointExtension>
        </extensions>
      </trkpt>
      <trkpt lat="37.4814035184681415557861328125" lon="126.95065654814243316650390625">
        <ele>45</ele>
        <time>2026-06-02T00:05:21.000Z</time>
        <extensions>
          <ns3:TrackPointExtension>
            <ns3:hr>140</ns3:hr>
            <ns3:cad>84</ns3:cad>
          </ns3:TrackPointExtension>
        </extensions>
      </trkpt>
      <trkpt lat="37.48140293173491954803466796875" lon="126.950620003044605255126953125">
        <ele>45.200000762939453125</ele>
        <time>2026-06-02T00:05:22.000Z</time>
        <extensions>
          <ns3:TrackPointExtension>
            <ns3:hr>140</ns3:hr>
            <ns3:cad>85</ns3:cad>
          </ns3:TrackPointExtension>
        </extensions>
      </trkpt>
      <trkpt lat="37.48139756731688976287841796875" lon="126.95058370940387248992919921875">
        <ele>45</ele>
        <time>2026-06-02T00:05:23.000Z</time>
        <extensions>
          <ns3:TrackPointExtension>
            <ns3:hr>140</ns3:hr>
            <ns3:cad>85</ns3:cad>
          </ns3:TrackPointExtension>
        </extensions>
      </trkpt>
      <trkpt lat="37.4813939630985260009765625" lon="126.95054121315479278564453125">
        <ele>45</ele>
        <time>2026-06-02T00:05:24.000Z</time>
        <extensions>
          <ns3:TrackPointExtension>
            <ns3:hr>140</ns3:hr>
            <ns3:cad>85</ns3:cad>
          </ns3:TrackPointExtension>
        </extensions>
      </trkpt>
      <trkpt lat="37.481384240090847015380859375" lon="126.95050491951406002044677734375">
        <ele>44.799999237060546875</ele>
        <time>2026-06-02T00:05:25.000Z</time>
        <extensions>
          <ns3:TrackPointExtension>
            <ns3:hr>140</ns3:hr>
            <ns3:cad>85</ns3:cad>
          </ns3:TrackPointExtension>
        </extensions>
      </trkpt>
      <trkpt lat="37.48137460090219974517822265625" lon="126.95042126812040805816650390625">
        <ele>44.799999237060546875</ele>
        <time>2026-06-02T00:05:26.000Z</time>
        <extensions>
          <ns3:TrackPointExtension>
            <ns3:hr>140</ns3:hr>
            <ns3:cad>84</ns3:cad>
          </ns3:TrackPointExtension>
        </extensions>
      </trkpt>
      <trkpt lat="37.48137460090219974517822265625" lon="126.95037491619586944580078125">
        <ele>44.59999847412109375</ele>
        <time>2026-06-02T00:05:27.000Z</time>
        <extensions>
          <ns3:TrackPointExtension>
            <ns3:hr>140</ns3:hr>
            <ns3:cad>84</ns3:cad>
          </ns3:TrackPointExtension>
        </extensions>
      </trkpt>
      <trkpt lat="37.48138080351054668426513671875" lon="126.95033761672675609588623046875">
        <ele>44.40000152587890625</ele>
        <time>2026-06-02T00:05:28.000Z</time>
        <extensions>
          <ns3:TrackPointExtension>
            <ns3:hr>140</ns3:hr>
            <ns3:cad>84</ns3:cad>
          </ns3:TrackPointExtension>
        </extensions>
      </trkpt>
      <trkpt lat="37.4813847430050373077392578125" lon="126.9502976350486278533935546875">
        <ele>44.40000152587890625</ele>
        <time>2026-06-02T00:05:29.000Z</time>
        <extensions>
          <ns3:TrackPointExtension>
            <ns3:hr>139</ns3:hr>
            <ns3:cad>84</ns3:cad>
          </ns3:TrackPointExtension>
        </extensions>
      </trkpt>
      <trkpt lat="37.48138784430921077728271484375" lon="126.9502548873424530029296875">
        <ele>44.40000152587890625</ele>
        <time>2026-06-02T00:05:30.000Z</time>
        <extensions>
          <ns3:TrackPointExtension>
            <ns3:hr>140</ns3:hr>
            <ns3:cad>84</ns3:cad>
          </ns3:TrackPointExtension>
        </extensions>
      </trkpt>
      <trkpt lat="37.48139195144176483154296875" lon="126.9502285681664943695068359375">
        <ele>44.200000762939453125</ele>
        <time>2026-06-02T00:05:31.000Z</time>
        <extensions>
          <ns3:TrackPointExtension>
            <ns3:hr>140</ns3:hr>
            <ns3:cad>84</ns3:cad>
          </ns3:TrackPointExtension>
        </extensions>
      </trkpt>
      <trkpt lat="37.48139454983174800872802734375" lon="126.950189173221588134765625">
        <ele>44.200000762939453125</ele>
        <time>2026-06-02T00:05:32.000Z</time>
        <extensions>
          <ns3:TrackPointExtension>
            <ns3:hr>141</ns3:hr>
            <ns3:cad>84</ns3:cad>
          </ns3:TrackPointExtension>
        </extensions>
      </trkpt>
      <trkpt lat="37.48139874078333377838134765625" lon="126.95015958510339260101318359375">
        <ele>44.200000762939453125</ele>
        <time>2026-06-02T00:05:33.000Z</time>
        <extensions>
          <ns3:TrackPointExtension>
            <ns3:hr>141</ns3:hr>
            <ns3:cad>84</ns3:cad>
          </ns3:TrackPointExtension>
        </extensions>
      </trkpt>
      <trkpt lat="37.48140268027782440185546875" lon="126.95012186653912067413330078125">
        <ele>44.200000762939453125</ele>
        <time>2026-06-02T00:05:34.000Z</time>
        <extensions>
          <ns3:TrackPointExtension>
            <ns3:hr>142</ns3:hr>
            <ns3:cad>84</ns3:cad>
          </ns3:TrackPointExtension>
        </extensions>
      </trkpt>
    </trkseg>
  </trk>
</gpx>
