<gpx xmlns:ns3="http://www.garmin.com/xmlschemas/TrackPointExtension/v1" xmlns="http://www.topografix.com/GPX/1/1" xmlns:xsi="http://www.w3.org/2001/XMLSchema-instance" xmlns:ns2="http://www.garmin.com/xmlschemas/GpxExtensions/v3" creator="Garmin Connect" version="1.1" xsi:schemaLocation="http://www.topografix.com/GPX/1/1 http://www.topografix.com/GPX/11.xsd">
  <extensions>
<distance>4045.71</distance>
<average_hr>140.0</average_hr>
<average_speed>3.4040000438690186</average_speed>
<start_time>2026-08-09T11:39:37+00:00</start_time>
<end_time>2026-08-09T11:59:25.393000+00:00</end_time>
<moving_time>1181.0</moving_time>
<elapsed_time>1188.393</elapsed_time>
</extensions>
<metadata>
    <link href="connect.garmin.com">
      <text>Garmin Connect</text>
    </link>
    <time>2026-08-09T11:39:37.000Z</time>
  </metadata>
  <trk>
    <name>Running</name>
    <type>running</type>
    <trkseg>
      <trkpt lat="37.50778497196733951568603515625" lon="127.0602916739881038665771484375">
        <ele>31.3999996185302734375</ele>
        <time>2026-08-09T11:40:21.000Z</time>
        <extensions>
          <ns3:TrackPointExtension>
            <ns3:hr>115</ns3:hr>
            <ns3:cad>83</ns3:cad>
          </ns3:TrackPointExtension>
        </extensions>
      </trkpt>
      <trkpt lat="37.50779427587985992431640625" lon="127.0603523589670658111572265625">
        <ele>31.200000762939453125</ele>
        <time>2026-08-09T11:40:22.000Z</time>
        <extensions>
          <ns3:TrackPointExtension>
            <ns3:hr>116</ns3:hr>
            <ns3:cad>83</ns3:cad>
          </ns3:TrackPointExtension>
        </extensions>
      </trkpt>
      <trkpt lat="37.5077941082417964935302734375" lon="127.06039804033935070037841796875">
        <ele>31</ele>
        <time>2026-08-09T11:40:23.000Z</time>
        <extensions>
          <ns3:TrackPointExtension>
            <ns3:hr>116</ns3:hr>
            <ns3:cad>83</ns3:cad>
          </ns3:TrackPointExtension>
        </extensions>
      </trkpt>
      <trkpt lat="37.5078083574771881103515625" lon="127.0604247786104679107666015625">
        <ele>31.200000762939453125</ele>
        <time>2026-08-09T11:40:24.000Z</time>
        <extensions>
          <ns3:TrackPointExtension>
            <ns3:hr>117</ns3:hr>
            <ns3:cad>83</ns3:cad>
          </ns3:TrackPointExtension>
        </extensions>
      </trkpt>
      <trkpt lat="37.507842220366001129150390625" lon="127.06047230400145053863525390625">
        <ele>31.6000003814697265625</ele>
        <time>2026-08-09T11:40:25.000Z</time>
        <extensions>
          <ns3:TrackPointExtension>
            <ns3:hr>118</ns3:hr>
            <ns3:cad>84</ns3:cad>
          </ns3:TrackPointExtension>
        </extensions>
      </trkpt>
      <trkpt lat="37.50784532167017459869384765625" lon="127.0605032332241535186767578125">
        <ele>31.799999237060546875</ele>
        <time>2026-08-09T11:40:26.000Z</time>
        <extensions>
          <ns3:TrackPointExtension>
            <ns3:hr>119</ns3:hr>
            <ns3:cad>84</ns3:cad>
          </ns3:TrackPointExtension>
        </extensions>
      </trkpt>
      <trkpt lat="37.5078658573329448699951171875" lon="127.06053399480879306793212890625">
        <ele>31.6000003814697265625</ele>
        <time>2026-08-09T11:40:27.000Z</time>
        <extensions>
          <ns3:TrackPointExtension>
            <ns3:hr>119</ns3:hr>
            <ns3:cad>84</ns3:cad>
          </ns3:TrackPointExtension>
        </extensions>
      </trkpt>
      <trkpt lat="37.50787264667451381683349609375" lon="127.06056986935436725616455078125">
        <ele>31.6000003814697265625</ele>
        <time>2026-08-09T11:40:28.000Z</time>
        <extensions>
          <ns3:TrackPointExtension>
            <ns3:hr>119</ns3:hr>
            <ns3:cad>83</ns3:cad>
          </ns3:TrackPointExtension>
        </extensions>
      </trkpt>
      <trkpt lat="37.50788421370089054107666015625" lon="127.0605934225022792816162109375">
        <ele>31.3999996185302734375</ele>
        <time>2026-08-09T11:40:29.000Z</time>
        <extensions>
          <ns3:TrackPointExtension>
            <ns3:hr>120</ns3:hr>
            <ns3:cad>83</ns3:cad>
          </ns3:TrackPointExtension>
        </extensions>
      </trkpt>
      <trkpt lat="37.50789343379437923431396484375" lon="127.0606356672942638397216796875">
        <ele>30.6000003814697265625</ele>
        <time>2026-08-09T11:40:30.000Z</time>
        <extensions>
          <ns3:TrackPointExtension>
            <ns3:hr>120</ns3:hr>
            <ns3:cad>83</ns3:cad>
          </ns3:TrackPointExtension>
        </extensions>
      </trkpt>
      <trkpt lat="37.50790701247751712799072265625" lon="127.06066894344985485076904296875">
        <ele>30</ele>
        <time>2026-08-09T11:40:31.000Z</time>
        <extensions>
          <ns3:TrackPointExtension>
            <ns3:hr>120</ns3:hr>
            <ns3:cad>83</ns3:cad>
          </ns3:TrackPointExtension>
        </extensions>
      </trkpt>
      <trkpt lat="37.507929392158985137939453125" lon="127.06069023348391056060791015625">
        <ele>29.6000003814697265625</ele>
        <time>2026-08-09T11:40:32.000Z</time>
        <extensions>
          <ns3:TrackPointExtension>
            <ns3:hr>121</ns3:hr>
            <ns3:cad>83</ns3:cad>
          </ns3:TrackPointExtension>
        </extensions>
      </trkpt>
      <trkpt lat="37.50793165527284145355224609375" lon="127.06073499284684658050537109375">
        <ele>29.3999996185302734375</ele>
        <time>2026-08-09T11:40:33.000Z</time>
        <extensions>
          <ns3:TrackPointExtension>
            <ns3:hr>121</ns3:hr>
            <ns3:cad>83</ns3:cad>
          </ns3:TrackPointExtension>
        </extensions>
      </trkpt>
      <trkpt lat="37.50794238410890102386474609375" lon="127.0607660897076129913330078125">
        <ele>29.799999237060546875</ele>
        <time>2026-08-09T11:40:34.000Z</time>
        <extensions>
          <ns3:TrackPointExtension>
            <ns3:hr>122</ns3:hr>
            <ns3:cad>83</ns3:cad>
          </ns3:TrackPointExtension>
        </extensions>
      </trkpt>
      <trkpt lat="37.50795520842075347900390625" lon="127.06079819239675998687744140625">
        <ele>30.200000762939453125</ele>
        <time>2026-08-09T11:40:35.000Z</time>
        <extensions>
          <ns3:TrackPointExtension>
            <ns3:hr>123</ns3:hr>
            <ns3:cad>82</ns3:cad>
          </ns3:TrackPointExtension>
        </extensions>
      </trkpt>
      <trkpt lat="37.5079704634845256805419921875" lon="127.06083440221846103668212890625">
        <ele>30.6000003814697265625</ele>
        <time>2026-08-09T11:40:36.000Z</time>
        <extensions>
          <ns3:TrackPointExtension>
            <ns3:hr>123</ns3:hr>
            <ns3:cad>82</ns3:cad>
          </ns3:TrackPointExtension>
        </extensions>
      </trkpt>
      <trkpt lat="37.5079828687012195587158203125" lon="127.06086709164083003997802734375">
        <ele>30.799999237060546875</ele>
        <time>2026-08-09T11:40:37.000Z</time>
        <extensions>
          <ns3:TrackPointExtension>
            <ns3:hr>124</ns3:hr>
            <ns3:cad>82</ns3:cad>
          </ns3:TrackPointExtension>
        </extensions>
      </trkpt>
      <trkpt lat="37.50798412598669528961181640625" lon="127.06091067753732204437255859375">
        <ele>31</ele>
        <time>2026-08-09T11:40:38.000Z</time>
        <extensions>
          <ns3:TrackPointExtension>
            <ns3:hr>124</ns3:hr>
            <ns3:cad>81</ns3:cad>
          </ns3:TrackPointExtension>
        </extensions>
      </trkpt>
      <trkpt lat="37.5079952739179134368896484375" lon="127.06094655208289623260498046875">
        <ele>30.799999237060546875</ele>
        <time>2026-08-09T11:40:39.000Z</time>
        <extensions>
          <ns3:TrackPointExtension>
            <ns3:hr>124</ns3:hr>
            <ns3:cad>81</ns3:cad>
          </ns3:TrackPointExtension>
        </extensions>
      </trkpt>
      <trkpt lat="37.50800860114395618438720703125" lon="127.0609709434211254119873046875">
        <ele>30.6000003814697265625</ele>
        <time>2026-08-09T11:40:40.000Z</time>
        <extensions>
          <ns3:TrackPointExtension>
            <ns3:hr>124</ns3:hr>
            <ns3:cad>81</ns3:cad>
          </ns3:TrackPointExtension>
        </extensions>
      </trkpt>
      <trkpt lat="37.508012540638446807861328125" lon="127.0610198937356472015380859375">
        <ele>30.6000003814697265625</ele>
        <time>2026-08-09T11:40:41.000Z</time>
        <extensions>
          <ns3:TrackPointExtension>
            <ns3:hr>125</ns3:hr>
            <ns3:cad>83</ns3:cad>
          </ns3:TrackPointExtension>
        </extensions>
      </trkpt>
      <trkpt lat="37.50802318565547466278076171875" lon="127.0610477216541767120361328125">
        <ele>31</ele>
        <time>2026-08-09T11:40:42.000Z</time>
        <extensions>
          <ns3:TrackPointExtension>
            <ns3:hr>125</ns3:hr>
            <ns3:cad>83</ns3:cad>
          </ns3:TrackPointExtension>
        </extensions>
      </trkpt>
      <trkpt lat="37.50803274102509021759033203125" lon="127.0610802434384822845458984375">
        <ele>31.200000762939453125</ele>
        <time>2026-08-09T11:40:43.000Z</time>
        <extensions>
          <ns3:TrackPointExtension>
            <ns3:hr>125</ns3:hr>
            <ns3:cad>83</ns3:cad>
          </ns3:TrackPointExtension>
        </extensions>
      </trkpt>
      <trkpt lat="37.50803525559604167938232421875" lon="127.0611188001930713653564453125">
        <ele>31.3999996185302734375</ele>
        <time>2026-08-09T11:40:44.000Z</time>
        <extensions>
          <ns3:TrackPointExtension>
            <ns3:hr>126</ns3:hr>
            <ns3:cad>82</ns3:cad>
          </ns3:TrackPointExtension>
        </extensions>
      </trkpt>
      <trkpt lat="37.50804263167083263397216796875" lon="127.06114687956869602203369140625">
        <ele>31.3999996185302734375</ele>
        <time>2026-08-09T11:40:45.000Z</time>
        <extensions>
          <ns3:TrackPointExtension>
            <ns3:hr>127</ns3:hr>
            <ns3:cad>82</ns3:cad>
          </ns3:TrackPointExtension>
        </extensions>
      </trkpt>
      <trkpt lat="37.508048750460147857666015625" lon="127.0611928962171077728271484375">
        <ele>31.200000762939453125</ele>
        <time>2026-08-09T11:40:46.000Z</time>
        <extensions>
          <ns3:TrackPointExtension>
            <ns3:hr>127</ns3:hr>
            <ns3:cad>82</ns3:cad>
          </ns3:TrackPointExtension>
        </extensions>
      </trkpt>
      <trkpt lat="37.50805403105914592742919921875" lon="127.06122902221977710723876953125">
        <ele>30.6000003814697265625</ele>
        <time>2026-08-09T11:40:47.000Z</time>
        <extensions>
          <ns3:TrackPointExtension>
            <ns3:hr>128</ns3:hr>
            <ns3:cad>82</ns3:cad>
          </ns3:TrackPointExtension>
        </extensions>
      </trkpt>
      <trkpt lat="37.50805847346782684326171875" lon="127.06126037053763866424560546875">
        <ele>30.3999996185302734375</ele>
        <time>2026-08-09T11:40:48.000Z</time>
        <extensions>
          <ns3:TrackPointExtension>
            <ns3:hr>128</ns3:hr>
            <ns3:cad>81</ns3:cad>
          </ns3:TrackPointExtension>
        </extensions>
      </trkpt>
      <trkpt lat="37.508068867027759552001953125" lon="127.0612981729209423065185546875">
        <ele>30.200000762939453125</ele>
        <time>2026-08-09T11:40:49.000Z</time>
        <extensions>
          <ns3:TrackPointExtension>
            <ns3:hr>129</ns3:hr>
            <ns3:cad>81</ns3:cad>
          </ns3:TrackPointExtension>
        </extensions>
      </trkpt>
      <trkpt lat="37.50807590782642364501953125" lon="127.06133061088621616363525390625">
        <ele>30.3999996185302734375</ele>
        <time>2026-08-09T11:40:50.000Z</time>
        <extensions>
          <ns3:TrackPointExtension>
            <ns3:hr>129</ns3:hr>
            <ns3:cad>81</ns3:cad>
          </ns3:TrackPointExtension>
        </extensions>
      </trkpt>
      <trkpt lat="37.508077584207057952880859375" lon="127.0613685809075832366943359375">
        <ele>30.6000003814697265625</ele>
        <time>2026-08-09T11:40:51.000Z</time>
        <extensions>
          <ns3:TrackPointExtension>
            <ns3:hr>129</ns3:hr>
            <ns3:cad>82</ns3:cad>
          </ns3:TrackPointExtension>
        </extensions>
      </trkpt>
      <trkpt lat="37.50808797776699066162109375" lon="127.06140839494764804840087890625">
        <ele>30.6000003814697265625</ele>
        <time>2026-08-09T11:40:52.000Z</time>
        <extensions>
          <ns3:TrackPointExtension>
            <ns3:hr>130</ns3:hr>
            <ns3:cad>83</ns3:cad>
          </ns3:TrackPointExtension>
        </extensions>
      </trkpt>
      <trkpt lat="37.5080953538417816162109375" lon="127.0614339597523212432861328125">
        <ele>30.799999237060546875</ele>
        <time>2026-08-09T11:40:53.000Z</time>
        <extensions>
          <ns3:TrackPointExtension>
            <ns3:hr>130</ns3:hr>
            <ns3:cad>83</ns3:cad>
          </ns3:TrackPointExtension>
        </extensions>
      </trkpt>
      <trkpt lat="37.508104406297206878662109375" lon="127.06148349680006504058837890625">
        <ele>30.799999237060546875</ele>
        <time>2026-08-09T11:40:54.000Z</time>
        <extensions>
          <ns3:TrackPointExtension>
            <ns3:hr>131</ns3:hr>
            <ns3:cad>83</ns3:cad>
          </ns3:TrackPointExtension>
        </extensions>
      </trkpt>
      <trkpt lat="37.50811086036264896392822265625" lon="127.061519287526607513427734375">
        <ele>30.799999237060546875</ele>
        <time>2026-08-09T11:40:55.000Z</time>
        <extensions>
          <ns3:TrackPointExtension>
            <ns3:hr>131</ns3:hr>
            <ns3:cad>83</ns3:cad>
          </ns3:TrackPointExtension>
        </extensions>
      </trkpt>
      <trkpt lat="37.50811873935163021087646484375" lon="127.06155055202543735504150390625">
        <ele>30.799999237060546875</ele>
        <time>2026-08-09T11:40:56.000Z</time>
        <extensions>
          <ns3:TrackPointExtension>
            <ns3:hr>131</ns3:hr>
            <ns3:cad>83</ns3:cad>
          </ns3:TrackPointExtension>
        </extensions>
      </trkpt>
      <trkpt lat="37.5081248581409454345703125" lon="127.0615880191326141357421875">
        <ele>30.799999237060546875</ele>
        <time>2026-08-09T11:40:57.000Z</time>
        <extensions>
          <ns3:TrackPointExtension>
            <ns3:hr>132</ns3:hr>
            <ns3:cad>83</ns3:cad>
          </ns3:TrackPointExtension>
        </extensions>
      </trkpt>
      <trkpt lat="37.5081489980220794677734375" lon="127.0616041123867034912109375">
        <ele>30.799999237060546875</ele>
        <time>2026-08-09T11:40:58.000Z</time>
        <extensions>
          <ns3:TrackPointExtension>
            <ns3:hr>132</ns3:hr>
            <ns3:cad>82</ns3:cad>
          </ns3:TrackPointExtension>
        </extensions>
      </trkpt>
      <trkpt lat="37.50816869549453258514404296875" lon="127.06164308823645114898681640625">
        <ele>30.799999237060546875</ele>
        <time>2026-08-09T11:40:59.000Z</time>
        <extensions>
          <ns3:TrackPointExtension>
            <ns3:hr>132</ns3:hr>
            <ns3:cad>82</ns3:cad>
          </ns3:TrackPointExtension>
        </extensions>
      </trkpt>
      <trkpt lat="37.508184872567653656005859375" lon="127.0616827346384525299072265625">
        <ele>30.799999237060546875</ele>
        <time>2026-08-09T11:41:00.000Z</time>
        <extensions>
          <ns3:TrackPointExtension>
            <ns3:hr>132</ns3:hr>
            <ns3:cad>82</ns3:cad>
          </ns3:TrackPointExtension>
        </extensions>
      </trkpt>
      <trkpt lat="37.50818763859570026397705078125" lon="127.0617182739078998565673828125">
        <ele>30.6000003814697265625</ele>
        <time>2026-08-09T11:41:01.000Z</time>
        <extensions>
          <ns3:TrackPointExtension>
            <ns3:hr>132</ns3:hr>
            <ns3:cad>82</ns3:cad>
          </ns3:TrackPointExtension>
        </extensions>
      </trkpt>
      <trkpt lat="37.5081994570791721343994140625" lon="127.06175574101507663726806640625">
        <ele>30.6000003814697265625</ele>
        <time>2026-08-09T11:41:02.000Z</time>
        <extensions>
          <ns3:TrackPointExtension>
            <ns3:hr>132</ns3:hr>
            <ns3:cad>82</ns3:cad>
          </ns3:TrackPointExtension>
        </extensions>
      </trkpt>
      <trkpt lat="37.50820465385913848876953125" lon="127.061776109039783477783203125">
        <ele>30.6000003814697265625</ele>
        <time>2026-08-09T11:41:03.000Z</time>
        <extensions>
          <ns3:TrackPointExtension>
            <ns3:hr>132</ns3:hr>
            <ns3:cad>83</ns3:cad>
          </ns3:TrackPointExtension>
        </extensions>
      </trkpt>
      <trkpt lat="37.50821110792458057403564453125" lon="127.0618151687085628509521484375">
        <ele>30.6000003814697265625</ele>
        <time>2026-08-09T11:41:04.000Z</time>
        <extensions>
          <ns3:TrackPointExtension>
            <ns3:hr>133</ns3:hr>
            <ns3:cad>83</ns3:cad>
          </ns3:TrackPointExtension>
        </extensions>
      </trkpt>
      <trkpt lat="37.50822217203676700592041015625" lon="127.0618446730077266693115234375">
        <ele>30.799999237060546875</ele>
        <time>2026-08-09T11:41:05.000Z</time>
        <extensions>
          <ns3:TrackPointExtension>
            <ns3:hr>133</ns3:hr>
            <ns3:cad>83</ns3:cad>
          </ns3:TrackPointExtension>
        </extensions>
      </trkpt>
      <trkpt lat="37.50823424197733402252197265625" lon="127.0618704892694950103759765625">
        <ele>31</ele>
        <time>2026-08-09T11:41:06.000Z</time>
        <extensions>
          <ns3:TrackPointExtension>
            <ns3:hr>133</ns3:hr>
            <ns3:cad>83</ns3:cad>
          </ns3:TrackPointExtension>
        </extensions>
      </trkpt>
      <trkpt lat="37.50825025141239166259765625" lon="127.06191181205213069915771484375">
        <ele>31</ele>
        <time>2026-08-09T11:41:07.000Z</time>
        <extensions>
          <ns3:TrackPointExtension>
            <ns3:hr>132</ns3:hr>
            <ns3:cad>83</ns3:cad>
          </ns3:TrackPointExtension>
        </extensions>
      </trkpt>
      <trkpt lat="37.50825955532491207122802734375" lon="127.06193335354328155517578125">
        <ele>31.200000762939453125</ele>
        <time>2026-08-09T11:41:08.000Z</time>
        <extensions>
          <ns3:TrackPointExtension>
            <ns3:hr>132</ns3:hr>
            <ns3:cad>83</ns3:cad>
          </ns3:TrackPointExtension>
        </extensions>
      </trkpt>
      <trkpt lat="37.50827439129352569580078125" lon="127.0619660429656505584716796875">
        <ele>31</ele>
        <time>2026-08-09T11:41:09.000Z</time>
        <extensions>
          <ns3:TrackPointExtension>
            <ns3:hr>132</ns3:hr>
            <ns3:cad>83</ns3:cad>
          </ns3:TrackPointExtension>
        </extensions>
      </trkpt>
      <trkpt lat="37.5082857906818389892578125" lon="127.06200367771089076995849609375">
        <ele>30.799999237060546875</ele>
        <time>2026-08-09T11:41:10.000Z</time>
        <extensions>
          <ns3:TrackPointExtension>
            <ns3:hr>132</ns3:hr>
            <ns3:cad>83</ns3:cad>
          </ns3:TrackPointExtension>
        </extensions>
      </trkpt>
      <trkpt lat="37.50829459168016910552978515625" lon="127.06201625056564807891845703125">
        <ele>30.6000003814697265625</ele>
        <time>2026-08-09T11:41:11.000Z</time>
        <extensions>
          <ns3:TrackPointExtension>
            <ns3:hr>132</ns3:hr>
            <ns3:cad>83</ns3:cad>
          </ns3:TrackPointExtension>
        </extensions>
      </trkpt>
      <trkpt lat="37.508288808166980743408203125" lon="127.06205715425312519073486328125">
        <ele>30.3999996185302734375</ele>
        <time>2026-08-09T11:41:12.000Z</time>
        <extensions>
          <ns3:TrackPointExtension>
            <ns3:hr>132</ns3:hr>
            <ns3:cad>83</ns3:cad>
          </ns3:TrackPointExtension>
        </extensions>
      </trkpt>
      <trkpt lat="37.50829559750854969024658203125" lon="127.06209051422774791717529296875">
        <ele>30.200000762939453125</ele>
        <time>2026-08-09T11:41:13.000Z</time>
        <extensions>
          <ns3:TrackPointExtension>
            <ns3:hr>133</ns3:hr>
            <ns3:cad>83</ns3:cad>
          </ns3:TrackPointExtension>
        </extensions>
      </trkpt>
      <trkpt lat="37.508306913077831268310546875" lon="127.0621190965175628662109375">
        <ele>30.200000762939453125</ele>
        <time>2026-08-09T11:41:14.000Z</time>
        <extensions>
          <ns3:TrackPointExtension>
            <ns3:hr>132</ns3:hr>
            <ns3:cad>82</ns3:cad>
          </ns3:TrackPointExtension>
        </extensions>
      </trkpt>
      <trkpt lat="37.50832443125545978546142578125" lon="127.06216041930019855499267578125">
        <ele>30.200000762939453125</ele>
        <time>2026-08-09T11:41:15.000Z</time>
        <extensions>
          <ns3:TrackPointExtension>
            <ns3:hr>132</ns3:hr>
            <ns3:cad>82</ns3:cad>
          </ns3:TrackPointExtension>
        </extensions>
      </trkpt>
      <trkpt lat="37.5083318911492824554443359375" lon="127.062195874750614166259765625">
        <ele>30.200000762939453125</ele>
        <time>2026-08-09T11:41:16.000Z</time>
        <extensions>
          <ns3:TrackPointExtension>
            <ns3:hr>132</ns3:hr>
            <ns3:cad>81</ns3:cad>
          </ns3:TrackPointExtension>
        </extensions>
      </trkpt>
      <trkpt lat="37.508344464004039764404296875" lon="127.06222093664109706878662109375">
        <ele>30.200000762939453125</ele>
        <time>2026-08-09T11:41:17.000Z</time>
        <extensions>
          <ns3:TrackPointExtension>
            <ns3:hr>132</ns3:hr>
            <ns3:cad>81</ns3:cad>
          </ns3:TrackPointExtension>
        </extensions>
      </trkpt>
      <trkpt lat="37.5083555281162261962890625" lon="127.062256895005702972412109375">
        <ele>30.3999996185302734375</ele>
        <time>2026-08-09T11:41:18.000Z</time>
        <extensions>
          <ns3:TrackPointExtension>
            <ns3:hr>133</ns3:hr>
            <ns3:cad>81</ns3:cad>
          </ns3:TrackPointExtension>
        </extensions>
      </trkpt>
      <trkpt lat="37.5083649158477783203125" lon="127.0622795261442661285400390625">
        <ele>30.6000003814697265625</ele>
        <time>2026-08-09T11:41:19.000Z</time>
        <extensions>
          <ns3:TrackPointExtension>
            <ns3:hr>132</ns3:hr>
            <ns3:cad>82</ns3:cad>
          </ns3:TrackPointExtension>
        </extensions>
      </trkpt>
      <trkpt lat="37.5083644129335880279541015625" lon="127.06232252530753612518310546875">
        <ele>30.6000003814697265625</ele>
        <time>2026-08-09T11:41:20.000Z</time>
        <extensions>
          <ns3:TrackPointExtension>
            <ns3:hr>132</ns3:hr>
            <ns3:cad>82</ns3:cad>
          </ns3:TrackPointExtension>
        </extensions>
      </trkpt>
      <trkpt lat="37.5083674304187297821044921875" lon="127.0623569749295711517333984375">
        <ele>30.799999237060546875</ele>
        <time>2026-08-09T11:41:21.000Z</time>
        <extensions>
          <ns3:TrackPointExtension>
            <ns3:hr>132</ns3:hr>
            <ns3:cad>82</ns3:cad>
          </ns3:TrackPointExtension>
        </extensions>
      </trkpt>
      <trkpt lat="37.5083769857883453369140625" lon="127.0623797737061977386474609375">
        <ele>31</ele>
        <time>2026-08-09T11:41:22.000Z</time>
        <extensions>
          <ns3:TrackPointExtension>
            <ns3:hr>132</ns3:hr>
            <ns3:cad>83</ns3:cad>
          </ns3:TrackPointExtension>
        </extensions>
      </trkpt>
      <trkpt lat="37.5083821825683116912841796875" lon="127.06242528744041919708251953125">
        <ele>31.200000762939453125</ele>
        <time>2026-08-09T11:41:23.000Z</time>
        <extensions>
          <ns3:TrackPointExtension>
            <ns3:hr>132</ns3:hr>
            <ns3:cad>83</ns3:cad>
          </ns3:TrackPointExtension>
        </extensions>
      </trkpt>
      <trkpt lat="37.50837639905512332916259765625" lon="127.06245512701570987701416015625">
        <ele>31.3999996185302734375</ele>
        <time>2026-08-09T11:41:24.000Z</time>
        <extensions>
          <ns3:TrackPointExtension>
            <ns3:hr>132</ns3:hr>
            <ns3:cad>83</ns3:cad>
          </ns3:TrackPointExtension>
        </extensions>
      </trkpt>
      <trkpt lat="37.508382014930248260498046875" lon="127.0624863915145397186279296875">
        <ele>31.3999996185302734375</ele>
        <time>2026-08-09T11:41:25.000Z</time>
        <extensions>
          <ns3:TrackPointExtension>
            <ns3:hr>132</ns3:hr>
            <ns3:cad>83</ns3:cad>
          </ns3:TrackPointExtension>
        </extensions>
      </trkpt>
      <trkpt lat="37.50837371684610843658447265625" lon="127.06252469681203365325927734375">
        <ele>31.200000762939453125</ele>
        <time>2026-08-09T11:41:26.000Z</time>
        <extensions>
          <ns3:TrackPointExtension>
            <ns3:hr>132</ns3:hr>
            <ns3:cad>81</ns3:cad>
          </ns3:TrackPointExtension>
        </extensions>
      </trkpt>
      <trkpt lat="37.5083707831799983978271484375" lon="127.06255336292088031768798828125">
        <ele>31.200000762939453125</ele>
        <time>2026-08-09T11:41:27.000Z</time>
        <extensions>
          <ns3:TrackPointExtension>
            <ns3:hr>132</ns3:hr>
            <ns3:cad>81</ns3:cad>
          </ns3:TrackPointExtension>
        </extensions>
      </trkpt>
      <trkpt lat="37.50835611484944820404052734375" lon="127.0625886507332324981689453125">
        <ele>31</ele>
        <time>2026-08-09T11:41:28.000Z</time>
        <extensions>
          <ns3:TrackPointExtension>
            <ns3:hr>133</ns3:hr>
            <ns3:cad>81</ns3:cad>
          </ns3:TrackPointExtension>
        </extensions>
      </trkpt>
      <trkpt lat="37.50834756530821323394775390625" lon="127.0626235194504261016845703125">
        <ele>31</ele>
        <time>2026-08-09T11:41:29.000Z</time>
        <extensions>
          <ns3:TrackPointExtension>
            <ns3:hr>133</ns3:hr>
            <ns3:cad>81</ns3:cad>
          </ns3:TrackPointExtension>
        </extensions>
      </trkpt>
      <trkpt lat="37.50834010541439056396484375" lon="127.06264958716928958892822265625">
        <ele>31.200000762939453125</ele>
        <time>2026-08-09T11:41:30.000Z</time>
        <extensions>
          <ns3:TrackPointExtension>
            <ns3:hr>133</ns3:hr>
            <ns3:cad>82</ns3:cad>
          </ns3:TrackPointExtension>
        </extensions>
      </trkpt>
      <trkpt lat="37.50832241959869861602783203125" lon="127.0626885630190372467041015625">
        <ele>31.3999996185302734375</ele>
        <time>2026-08-09T11:41:31.000Z</time>
        <extensions>
          <ns3:TrackPointExtension>
            <ns3:hr>132</ns3:hr>
            <ns3:cad>82</ns3:cad>
          </ns3:TrackPointExtension>
        </extensions>
      </trkpt>
      <trkpt lat="37.50831051729619503021240234375" lon="127.0627163909375667572021484375">
        <ele>31.3999996185302734375</ele>
        <time>2026-08-09T11:41:32.000Z</time>
        <extensions>
          <ns3:TrackPointExtension>
            <ns3:hr>132</ns3:hr>
            <ns3:cad>82</ns3:cad>
          </ns3:TrackPointExtension>
        </extensions>
      </trkpt>
      <trkpt lat="37.5083007104694843292236328125" lon="127.0627405308187007904052734375">
        <ele>31.6000003814697265625</ele>
        <time>2026-08-09T11:41:33.000Z</time>
        <extensions>
          <ns3:TrackPointExtension>
            <ns3:hr>132</ns3:hr>
            <ns3:cad>82</ns3:cad>
          </ns3:TrackPointExtension>
        </extensions>
      </trkpt>
      <trkpt lat="37.50828637741506099700927734375" lon="127.06276844255626201629638671875">
        <ele>31.6000003814697265625</ele>
        <time>2026-08-09T11:41:34.000Z</time>
        <extensions>
          <ns3:TrackPointExtension>
            <ns3:hr>133</ns3:hr>
            <ns3:cad>82</ns3:cad>
          </ns3:TrackPointExtension>
        </extensions>
      </trkpt>
      <trkpt lat="37.5082745589315891265869140625" lon="127.06278855912387371063232421875">
        <ele>31.6000003814697265625</ele>
        <time>2026-08-09T11:41:35.000Z</time>
        <extensions>
          <ns3:TrackPointExtension>
            <ns3:hr>132</ns3:hr>
            <ns3:cad>82</ns3:cad>
          </ns3:TrackPointExtension>
        </extensions>
      </trkpt>
      <trkpt lat="37.50825821422040462493896484375" lon="127.06281504593789577484130859375">
        <ele>31.799999237060546875</ele>
        <time>2026-08-09T11:41:36.000Z</time>
        <extensions>
          <ns3:TrackPointExtension>
            <ns3:hr>132</ns3:hr>
            <ns3:cad>82</ns3:cad>
          </ns3:TrackPointExtension>
        </extensions>
      </trkpt>
      <trkpt lat="37.5082366727292537689208984375" lon="127.0628471486270427703857421875">
        <ele>32</ele>
        <time>2026-08-09T11:41:37.000Z</time>
        <extensions>
          <ns3:TrackPointExtension>
            <ns3:hr>132</ns3:hr>
            <ns3:cad>82</ns3:cad>
          </ns3:TrackPointExtension>
        </extensions>
      </trkpt>
      <trkpt lat="37.50823281705379486083984375" lon="127.062872461974620819091796875">
        <ele>32.200000762939453125</ele>
        <time>2026-08-09T11:41:38.000Z</time>
        <extensions>
          <ns3:TrackPointExtension>
            <ns3:hr>133</ns3:hr>
            <ns3:cad>82</ns3:cad>
          </ns3:TrackPointExtension>
        </extensions>
      </trkpt>
      <trkpt lat="37.5082152150571346282958984375" lon="127.0629103481769561767578125">
        <ele>32.40000152587890625</ele>
        <time>2026-08-09T11:41:39.000Z</time>
        <extensions>
          <ns3:TrackPointExtension>
            <ns3:hr>132</ns3:hr>
            <ns3:cad>82</ns3:cad>
          </ns3:TrackPointExtension>
        </extensions>
      </trkpt>
      <trkpt lat="37.508208341896533966064453125" lon="127.06293918192386627197265625">
        <ele>32.40000152587890625</ele>
        <time>2026-08-09T11:41:40.000Z</time>
        <extensions>
          <ns3:TrackPointExtension>
            <ns3:hr>133</ns3:hr>
            <ns3:cad>82</ns3:cad>
          </ns3:TrackPointExtension>
        </extensions>
      </trkpt>
      <trkpt lat="37.50820088200271129608154296875" lon="127.06296273507177829742431640625">
        <ele>32.59999847412109375</ele>
        <time>2026-08-09T11:41:41.000Z</time>
        <extensions>
          <ns3:TrackPointExtension>
            <ns3:hr>133</ns3:hr>
            <ns3:cad>82</ns3:cad>
          </ns3:TrackPointExtension>
        </extensions>
      </trkpt>
      <trkpt lat="37.5081887282431125640869140625" lon="127.0629976876080036163330078125">
        <ele>33</ele>
        <time>2026-08-09T11:41:42.000Z</time>
        <extensions>
          <ns3:TrackPointExtension>
            <ns3:hr>134</ns3:hr>
            <ns3:cad>82</ns3:cad>
          </ns3:TrackPointExtension>
        </extensions>
      </trkpt>
      <trkpt lat="37.5081783346831798553466796875" lon="127.06302375532686710357666015625">
        <ele>33</ele>
        <time>2026-08-09T11:41:43.000Z</time>
        <extensions>
          <ns3:TrackPointExtension>
            <ns3:hr>135</ns3:hr>
            <ns3:cad>82</ns3:cad>
          </ns3:TrackPointExtension>
        </extensions>
      </trkpt>
      <trkpt lat="37.5081677734851837158203125" lon="127.06305585801601409912109375">
        <ele>33.200000762939453125</ele>
        <time>2026-08-09T11:41:44.000Z</time>
        <extensions>
          <ns3:TrackPointExtension>
            <ns3:hr>136</ns3:hr>
            <ns3:cad>82</ns3:cad>
          </ns3:TrackPointExtension>
        </extensions>
      </trkpt>
      <trkpt lat="37.508156038820743560791015625" lon="127.0630846917629241943359375">
        <ele>33.200000762939453125</ele>
        <time>2026-08-09T11:41:45.000Z</time>
        <extensions>
          <ns3:TrackPointExtension>
            <ns3:hr>136</ns3:hr>
            <ns3:cad>82</ns3:cad>
          </ns3:TrackPointExtension>
        </extensions>
      </trkpt>
      <trkpt lat="37.5081478245556354522705078125" lon="127.0631032995879650115966796875">
        <ele>33.200000762939453125</ele>
        <time>2026-08-09T11:41:46.000Z</time>
        <extensions>
          <ns3:TrackPointExtension>
            <ns3:hr>137</ns3:hr>
            <ns3:cad>82</ns3:cad>
          </ns3:TrackPointExtension>
        </extensions>
      </trkpt>
      <trkpt lat="37.5081313960254192352294921875" lon="127.06313556991517543792724609375">
        <ele>33</ele>
        <time>2026-08-09T11:41:47.000Z</time>
        <extensions>
          <ns3:TrackPointExtension>
            <ns3:hr>137</ns3:hr>
            <ns3:cad>82</ns3:cad>
          </ns3:TrackPointExtension>
        </extensions>
      </trkpt>
      <trkpt lat="37.50811907462775707244873046875" lon="127.06315468065440654754638671875">
        <ele>33</ele>
        <time>2026-08-09T11:41:48.000Z</time>
        <extensions>
          <ns3:TrackPointExtension>
            <ns3:hr>137</ns3:hr>
            <ns3:cad>82</ns3:cad>
          </ns3:TrackPointExtension>
        </extensions>
      </trkpt>
      <trkpt lat="37.50810004770755767822265625" lon="127.063178233802318572998046875">
        <ele>33</ele>
        <time>2026-08-09T11:41:49.000Z</time>
        <extensions>
          <ns3:TrackPointExtension>
            <ns3:hr>137</ns3:hr>
            <ns3:cad>82</ns3:cad>
          </ns3:TrackPointExtension>
        </extensions>
      </trkpt>
      <trkpt lat="37.508075237274169921875" lon="127.06320027820765972137451171875">
        <ele>33.200000762939453125</ele>
        <time>2026-08-09T11:41:50.000Z</time>
        <extensions>
          <ns3:TrackPointExtension>
            <ns3:hr>137</ns3:hr>
            <ns3:cad>82</ns3:cad>
          </ns3:TrackPointExtension>
        </extensions>
      </trkpt>
      <trkpt lat="37.50805989839136600494384765625" lon="127.063214443624019622802734375">
        <ele>33.200000762939453125</ele>
        <time>2026-08-09T11:41:51.000Z</time>
        <extensions>
          <ns3:TrackPointExtension>
            <ns3:hr>138</ns3:hr>
            <ns3:cad>82</ns3:cad>
          </ns3:TrackPointExtension>
        </extensions>
      </trkpt>
      <trkpt lat="37.5080443918704986572265625" lon="127.06322710029780864715576171875">
        <ele>33.40000152587890625</ele>
        <time>2026-08-09T11:41:52.000Z</time>
        <extensions>
          <ns3:TrackPointExtension>
            <ns3:hr>138</ns3:hr>
            <ns3:cad>82</ns3:cad>
          </ns3:TrackPointExtension>
        </extensions>
      </trkpt>
      <trkpt lat="37.50802184455096721649169921875" lon="127.06324386410415172576904296875">
        <ele>33.59999847412109375</ele>
        <time>2026-08-09T11:41:53.000Z</time>
        <extensions>
          <ns3:TrackPointExtension>
            <ns3:hr>138</ns3:hr>
            <ns3:cad>82</ns3:cad>
          </ns3:TrackPointExtension>
        </extensions>
      </trkpt>
      <trkpt lat="37.50800441019237041473388671875" lon="127.063255012035369873046875">
        <ele>33.799999237060546875</ele>
        <time>2026-08-09T11:41:54.000Z</time>
        <extensions>
          <ns3:TrackPointExtension>
            <ns3:hr>137</ns3:hr>
            <ns3:cad>82</ns3:cad>
          </ns3:TrackPointExtension>
        </extensions>
      </trkpt>
      <trkpt lat="37.50798781402409076690673828125" lon="127.06327051855623722076416015625">
        <ele>33.799999237060546875</ele>
        <time>2026-08-09T11:41:55.000Z</time>
        <extensions>
          <ns3:TrackPointExtension>
            <ns3:hr>138</ns3:hr>
            <ns3:cad>82</ns3:cad>
          </ns3:TrackPointExtension>
        </extensions>
      </trkpt>
      <trkpt lat="37.507965601980686187744140625" lon="127.0632858574390411376953125">
        <ele>34</ele>
        <time>2026-08-09T11:41:56.000Z</time>
        <extensions>
          <ns3:TrackPointExtension>
            <ns3:hr>138</ns3:hr>
            <ns3:cad>82</ns3:cad>
          </ns3:TrackPointExtension>
        </extensions>
      </trkpt>
      <trkpt lat="37.50794808380305767059326171875" lon="127.06329633481800556182861328125">
        <ele>34.200000762939453125</ele>
        <time>2026-08-09T11:41:57.000Z</time>
        <extensions>
          <ns3:TrackPointExtension>
            <ns3:hr>137</ns3:hr>
            <ns3:cad>82</ns3:cad>
          </ns3:TrackPointExtension>
        </extensions>
      </trkpt>
      <trkpt lat="37.5079225189983844757080078125" lon="127.063313014805316925048828125">
        <ele>34.200000762939453125</ele>
        <time>2026-08-09T11:41:58.000Z</time>
        <extensions>
          <ns3:TrackPointExtension>
            <ns3:hr>137</ns3:hr>
            <ns3:cad>82</ns3:cad>
          </ns3:TrackPointExtension>
        </extensions>
      </trkpt>
      <trkpt lat="37.5078987143933773040771484375" lon="127.06332466565072536468505859375">
        <ele>34.40000152587890625</ele>
        <time>2026-08-09T11:41:59.000Z</time>
        <extensions>
          <ns3:TrackPointExtension>
            <ns3:hr>137</ns3:hr>
            <ns3:cad>82</ns3:cad>
          </ns3:TrackPointExtension>
        </extensions>
      </trkpt>
      <trkpt lat="37.50788320787250995635986328125" lon="127.0633383281528949737548828125">
        <ele>34.59999847412109375</ele>
        <time>2026-08-09T11:42:00.000Z</time>
        <extensions>
          <ns3:TrackPointExtension>
            <ns3:hr>137</ns3:hr>
            <ns3:cad>82</ns3:cad>
          </ns3:TrackPointExtension>
        </extensions>
      </trkpt>
      <trkpt lat="37.50786007381975650787353515625" lon="127.0633480511605739593505859375">
        <ele>34.799999237060546875</ele>
        <time>2026-08-09T11:42:01.000Z</time>
        <extensions>
          <ns3:TrackPointExtension>
            <ns3:hr>137</ns3:hr>
            <ns3:cad>82</ns3:cad>
          </ns3:TrackPointExtension>
        </extensions>
      </trkpt>
      <trkpt lat="37.50783316791057586669921875" lon="127.06335752271115779876708984375">
        <ele>35</ele>
        <time>2026-08-09T11:42:02.000Z</time>
        <extensions>
          <ns3:TrackPointExtension>
            <ns3:hr>137</ns3:hr>
            <ns3:cad>82</ns3:cad>
          </ns3:TrackPointExtension>
        </extensions>
      </trkpt>
      <trkpt lat="37.507814727723598480224609375" lon="127.063359953463077545166015625">
        <ele>35</ele>
        <time>2026-08-09T11:42:03.000Z</time>
        <extensions>
          <ns3:TrackPointExtension>
            <ns3:hr>137</ns3:hr>
            <ns3:cad>82</ns3:cad>
          </ns3:TrackPointExtension>
        </extensions>
      </trkpt>
      <trkpt lat="37.507791258394718170166015625" lon="127.06337059848010540008544921875">
        <ele>35.200000762939453125</ele>
        <time>2026-08-09T11:42:04.000Z</time>
        <extensions>
          <ns3:TrackPointExtension>
            <ns3:hr>137</ns3:hr>
            <ns3:cad>81</ns3:cad>
          </ns3:TrackPointExtension>
        </extensions>
      </trkpt>
      <trkpt lat="37.50777281820774078369140625" lon="127.0633758790791034698486328125">
        <ele>35.40000152587890625</ele>
        <time>2026-08-09T11:42:05.000Z</time>
        <extensions>
          <ns3:TrackPointExtension>
            <ns3:hr>137</ns3:hr>
            <ns3:cad>81</ns3:cad>
          </ns3:TrackPointExtension>
        </extensions>
      </trkpt>
      <trkpt lat="37.50774976797401905059814453125" lon="127.0633872784674167633056640625">
        <ele>35.59999847412109375</ele>
        <time>2026-08-09T11:42:06.000Z</time>
        <extensions>
          <ns3:TrackPointExtension>
            <ns3:hr>136</ns3:hr>
            <ns3:cad>81</ns3:cad>
          </ns3:TrackPointExtension>
        </extensions>
      </trkpt>
      <trkpt lat="37.50772043131291866302490234375" lon="127.06339859403669834136962890625">
        <ele>35.799999237060546875</ele>
        <time>2026-08-09T11:42:07.000Z</time>
        <extensions>
          <ns3:TrackPointExtension>
            <ns3:hr>137</ns3:hr>
            <ns3:cad>81</ns3:cad>
          </ns3:TrackPointExtension>
        </extensions>
      </trkpt>
      <trkpt lat="37.50769528560340404510498046875" lon="127.0634067244827747344970703125">
        <ele>36</ele>
        <time>2026-08-09T11:42:08.000Z</time>
        <extensions>
          <ns3:TrackPointExtension>
            <ns3:hr>137</ns3:hr>
            <ns3:cad>82</ns3:cad>
          </ns3:TrackPointExtension>
        </extensions>
      </trkpt>
      <trkpt lat="37.5076635181903839111328125" lon="127.06342441029846668243408203125">
        <ele>36.40000152587890625</ele>
        <time>2026-08-09T11:42:09.000Z</time>
        <extensions>
          <ns3:TrackPointExtension>
            <ns3:hr>137</ns3:hr>
            <ns3:cad>82</ns3:cad>
          </ns3:TrackPointExtension>
        </extensions>
      </trkpt>
      <trkpt lat="37.5076393783092498779296875" lon="127.0634348876774311065673828125">
        <ele>36.799999237060546875</ele>
        <time>2026-08-09T11:42:10.000Z</time>
        <extensions>
          <ns3:TrackPointExtension>
            <ns3:hr>136</ns3:hr>
            <ns3:cad>81</ns3:cad>
          </ns3:TrackPointExtension>
        </extensions>
      </trkpt>
      <trkpt lat="37.50761733390390872955322265625" lon="127.06344335339963436126708984375">
        <ele>37</ele>
        <time>2026-08-09T11:42:11.000Z</time>
        <extensions>
          <ns3:TrackPointExtension>
            <ns3:hr>137</ns3:hr>
            <ns3:cad>81</ns3:cad>
          </ns3:TrackPointExtension>
        </extensions>
      </trkpt>
      <trkpt lat="37.50758598558604717254638671875" lon="127.06345559097826480865478515625">
        <ele>37.40000152587890625</ele>
        <time>2026-08-09T11:42:12.000Z</time>
        <extensions>
          <ns3:TrackPointExtension>
            <ns3:hr>137</ns3:hr>
            <ns3:cad>81</ns3:cad>
          </ns3:TrackPointExtension>
        </extensions>
      </trkpt>
      <trkpt lat="37.507565282285213470458984375" lon="127.06346833147108554840087890625">
        <ele>37.59999847412109375</ele>
        <time>2026-08-09T11:42:13.000Z</time>
        <extensions>
          <ns3:TrackPointExtension>
            <ns3:hr>137</ns3:hr>
            <ns3:cad>81</ns3:cad>
          </ns3:TrackPointExtension>
        </extensions>
      </trkpt>
      <trkpt lat="37.507543154060840606689453125" lon="127.06348274834454059600830078125">
        <ele>37.799999237060546875</ele>
        <time>2026-08-09T11:42:14.000Z</time>
        <extensions>
          <ns3:TrackPointExtension>
            <ns3:hr>137</ns3:hr>
            <ns3:cad>81</ns3:cad>
          </ns3:TrackPointExtension>
        </extensions>
      </trkpt>
      <trkpt lat="37.50751675106585025787353515625" lon="127.063495405018329620361328125">
        <ele>37.799999237060546875</ele>
        <time>2026-08-09T11:42:15.000Z</time>
        <extensions>
          <ns3:TrackPointExtension>
            <ns3:hr>137</ns3:hr>
            <ns3:cad>81</ns3:cad>
          </ns3:TrackPointExtension>
        </extensions>
      </trkpt>
      <trkpt lat="37.50750015489757061004638671875" lon="127.063507139682769775390625">
        <ele>37.799999237060546875</ele>
        <time>2026-08-09T11:42:16.000Z</time>
        <extensions>
          <ns3:TrackPointExtension>
            <ns3:hr>137</ns3:hr>
            <ns3:cad>81</ns3:cad>
          </ns3:TrackPointExtension>
        </extensions>
      </trkpt>
      <trkpt lat="37.50748003832995891571044921875" lon="127.0635250769555568695068359375">
        <ele>37.799999237060546875</ele>
        <time>2026-08-09T11:42:17.000Z</time>
        <extensions>
          <ns3:TrackPointExtension>
            <ns3:hr>137</ns3:hr>
            <ns3:cad>81</ns3:cad>
          </ns3:TrackPointExtension>
        </extensions>
      </trkpt>
      <trkpt lat="37.5074511207640171051025390625" lon="127.06353873945772647857666015625">
        <ele>37.59999847412109375</ele>
        <time>2026-08-09T11:42:18.000Z</time>
        <extensions>
          <ns3:TrackPointExtension>
            <ns3:hr>136</ns3:hr>
            <ns3:cad>81</ns3:cad>
          </ns3:TrackPointExtension>
        </extensions>
      </trkpt>
      <trkpt lat="37.50743159092962741851806640625" lon="127.06354896537959575653076171875">
        <ele>37.59999847412109375</ele>
        <time>2026-08-09T11:42:19.000Z</time>
        <extensions>
          <ns3:TrackPointExtension>
            <ns3:hr>136</ns3:hr>
            <ns3:cad>81</ns3:cad>
          </ns3:TrackPointExtension>
        </extensions>
      </trkpt>
      <trkpt lat="37.50740225426852703094482421875" lon="127.06356422044336795806884765625">
        <ele>37.59999847412109375</ele>
        <time>2026-08-09T11:42:20.000Z</time>
        <extensions>
          <ns3:TrackPointExtension>
            <ns3:hr>136</ns3:hr>
            <ns3:cad>81</ns3:cad>
          </ns3:TrackPointExtension>
        </extensions>
      </trkpt>
      <trkpt lat="37.50738255679607391357421875" lon="127.06357008777558803558349609375">
        <ele>37.799999237060546875</ele>
        <time>2026-08-09T11:42:21.000Z</time>
        <extensions>
          <ns3:TrackPointExtension>
            <ns3:hr>136</ns3:hr>
            <ns3:cad>81</ns3:cad>
          </ns3:TrackPointExtension>
        </extensions>
      </trkpt>
      <trkpt lat="37.50737140886485576629638671875" lon="127.06357863731682300567626953125">
        <ele>38</ele>
        <time>2026-08-09T11:42:22.000Z</time>
        <extensions>
          <ns3:TrackPointExtension>
            <ns3:hr>135</ns3:hr>
            <ns3:cad>81</ns3:cad>
          </ns3:TrackPointExtension>
        </extensions>
      </trkpt>
      <trkpt lat="37.5073485262691974639892578125" lon="127.063585929572582244873046875">
        <ele>38.40000152587890625</ele>
        <time>2026-08-09T11:42:23.000Z</time>
        <extensions>
          <ns3:TrackPointExtension>
            <ns3:hr>135</ns3:hr>
            <ns3:cad>81</ns3:cad>
          </ns3:TrackPointExtension>
        </extensions>
      </trkpt>
      <trkpt lat="37.50732866115868091583251953125" lon="127.06359364092350006103515625">
        <ele>38.799999237060546875</ele>
        <time>2026-08-09T11:42:24.000Z</time>
        <extensions>
          <ns3:TrackPointExtension>
            <ns3:hr>135</ns3:hr>
            <ns3:cad>81</ns3:cad>
          </ns3:TrackPointExtension>
        </extensions>
      </trkpt>
      <trkpt lat="37.5073134899139404296875" lon="127.06359875388443470001220703125">
        <ele>39.200000762939453125</ele>
        <time>2026-08-09T11:42:25.000Z</time>
        <extensions>
          <ns3:TrackPointExtension>
            <ns3:hr>135</ns3:hr>
            <ns3:cad>81</ns3:cad>
          </ns3:TrackPointExtension>
        </extensions>
      </trkpt>
      <trkpt lat="37.50728541053831577301025390625" lon="127.06361509859561920166015625">
        <ele>39.40000152587890625</ele>
        <time>2026-08-09T11:42:26.000Z</time>
        <extensions>
          <ns3:TrackPointExtension>
            <ns3:hr>134</ns3:hr>
            <ns3:cad>79</ns3:cad>
          </ns3:TrackPointExtension>
        </extensions>
      </trkpt>
      <trkpt lat="37.50726127065718173980712890625" lon="127.06361300311982631683349609375">
        <ele>39.59999847412109375</ele>
        <time>2026-08-09T11:42:27.000Z</time>
        <extensions>
          <ns3:TrackPointExtension>
            <ns3:hr>134</ns3:hr>
            <ns3:cad>79</ns3:cad>
          </ns3:TrackPointExtension>
        </extensions>
      </trkpt>
      <trkpt lat="37.50724048353731632232666015625" lon="127.0636253245174884796142578125">
        <ele>39.799999237060546875</ele>
        <time>2026-08-09T11:42:28.000Z</time>
        <extensions>
          <ns3:TrackPointExtension>
            <ns3:hr>134</ns3:hr>
            <ns3:cad>79</ns3:cad>
          </ns3:TrackPointExtension>
        </extensions>
      </trkpt>
      <trkpt lat="37.507209889590740203857421875" lon="127.0636444352567195892333984375">
        <ele>40</ele>
        <time>2026-08-09T11:42:29.000Z</time>
        <extensions>
          <ns3:TrackPointExtension>
            <ns3:hr>134</ns3:hr>
            <ns3:cad>80</ns3:cad>
          </ns3:TrackPointExtension>
        </extensions>
      </trkpt>
      <trkpt lat="37.507178373634815216064453125" lon="127.06365508027374744415283203125">
        <ele>40</ele>
        <time>2026-08-09T11:42:30.000Z</time>
        <extensions>
          <ns3:TrackPointExtension>
            <ns3:hr>134</ns3:hr>
            <ns3:cad>80</ns3:cad>
          </ns3:TrackPointExtension>
        </extensions>
      </trkpt>
      <trkpt lat="37.5071584247052669525146484375" lon="127.06366765312850475311279296875">
        <ele>40</ele>
        <time>2026-08-09T11:42:31.000Z</time>
        <extensions>
          <ns3:TrackPointExtension>
            <ns3:hr>134</ns3:hr>
            <ns3:cad>80</ns3:cad>
          </ns3:TrackPointExtension>
        </extensions>
      </trkpt>
      <trkpt lat="37.5071235559880733489990234375" lon="127.06368424929678440093994140625">
        <ele>40</ele>
        <time>2026-08-09T11:42:32.000Z</time>
        <extensions>
          <ns3:TrackPointExtension>
            <ns3:hr>134</ns3:hr>
            <ns3:cad>81</ns3:cad>
          </ns3:TrackPointExtension>
        </extensions>
      </trkpt>
      <trkpt lat="37.507099919021129608154296875" lon="127.06369598396122455596923828125">
        <ele>40.200000762939453125</ele>
        <time>2026-08-09T11:42:33.000Z</time>
        <extensions>
          <ns3:TrackPointExtension>
            <ns3:hr>134</ns3:hr>
            <ns3:cad>81</ns3:cad>
          </ns3:TrackPointExtension>
        </extensions>
      </trkpt>
      <trkpt lat="37.507071755826473236083984375" lon="127.063710652291774749755859375">
        <ele>40.40000152587890625</ele>
        <time>2026-08-09T11:42:34.000Z</time>
        <extensions>
          <ns3:TrackPointExtension>
            <ns3:hr>133</ns3:hr>
            <ns3:cad>81</ns3:cad>
          </ns3:TrackPointExtension>
        </extensions>
      </trkpt>
      <trkpt lat="37.5070440955460071563720703125" lon="127.06372096203267574310302734375">
        <ele>40.799999237060546875</ele>
        <time>2026-08-09T11:42:35.000Z</time>
        <extensions>
          <ns3:TrackPointExtension>
            <ns3:hr>134</ns3:hr>
            <ns3:cad>82</ns3:cad>
          </ns3:TrackPointExtension>
        </extensions>
      </trkpt>
      <trkpt lat="37.5070249848067760467529296875" lon="127.063736133277416229248046875">
        <ele>41</ele>
        <time>2026-08-09T11:42:36.000Z</time>
        <extensions>
          <ns3:TrackPointExtension>
            <ns3:hr>134</ns3:hr>
            <ns3:cad>82</ns3:cad>
          </ns3:TrackPointExtension>
        </extensions>
      </trkpt>
      <trkpt lat="37.50699841417372226715087890625" lon="127.06375725567340850830078125">
        <ele>41.200000762939453125</ele>
        <time>2026-08-09T11:42:37.000Z</time>
        <extensions>
          <ns3:TrackPointExtension>
            <ns3:hr>134</ns3:hr>
            <ns3:cad>82</ns3:cad>
          </ns3:TrackPointExtension>
        </extensions>
      </trkpt>
      <trkpt lat="37.506975196301937103271484375" lon="127.06377427093684673309326171875">
        <ele>41.40000152587890625</ele>
        <time>2026-08-09T11:42:38.000Z</time>
        <extensions>
          <ns3:TrackPointExtension>
            <ns3:hr>134</ns3:hr>
            <ns3:cad>82</ns3:cad>
          </ns3:TrackPointExtension>
        </extensions>
      </trkpt>
      <trkpt lat="37.50696119852364063262939453125" lon="127.06379137001931667327880859375">
        <ele>41.40000152587890625</ele>
        <time>2026-08-09T11:42:39.000Z</time>
        <extensions>
          <ns3:TrackPointExtension>
            <ns3:hr>134</ns3:hr>
            <ns3:cad>82</ns3:cad>
          </ns3:TrackPointExtension>
        </extensions>
      </trkpt>
      <trkpt lat="37.50693957321345806121826171875" lon="127.06381266005337238311767578125">
        <ele>41.59999847412109375</ele>
        <time>2026-08-09T11:42:40.000Z</time>
        <extensions>
          <ns3:TrackPointExtension>
            <ns3:hr>134</ns3:hr>
            <ns3:cad>82</ns3:cad>
          </ns3:TrackPointExtension>
        </extensions>
      </trkpt>
      <trkpt lat="37.506917528808116912841796875" lon="127.0638291724026203155517578125">
        <ele>42</ele>
        <time>2026-08-09T11:42:41.000Z</time>
        <extensions>
          <ns3:TrackPointExtension>
            <ns3:hr>134</ns3:hr>
            <ns3:cad>82</ns3:cad>
          </ns3:TrackPointExtension>
        </extensions>
      </trkpt>
      <trkpt lat="37.506899423897266387939453125" lon="127.0638482831418514251708984375">
        <ele>42.200000762939453125</ele>
        <time>2026-08-09T11:42:42.000Z</time>
        <extensions>
          <ns3:TrackPointExtension>
            <ns3:hr>134</ns3:hr>
            <ns3:cad>81</ns3:cad>
          </ns3:TrackPointExtension>
        </extensions>
      </trkpt>
      <trkpt lat="37.5068710930645465850830078125" lon="127.06387099809944629669189453125">
        <ele>42.40000152587890625</ele>
        <time>2026-08-09T11:42:43.000Z</time>
        <extensions>
          <ns3:TrackPointExtension>
            <ns3:hr>134</ns3:hr>
            <ns3:cad>81</ns3:cad>
          </ns3:TrackPointExtension>
        </extensions>
      </trkpt>
      <trkpt lat="37.50685407780110836029052734375" lon="127.0638838224112987518310546875">
        <ele>42.799999237060546875</ele>
        <time>2026-08-09T11:42:44.000Z</time>
        <extensions>
          <ns3:TrackPointExtension>
            <ns3:hr>134</ns3:hr>
            <ns3:cad>81</ns3:cad>
          </ns3:TrackPointExtension>
        </extensions>
      </trkpt>
      <trkpt lat="37.50682474114000797271728515625" lon="127.0639082975685596466064453125">
        <ele>42.799999237060546875</ele>
        <time>2026-08-09T11:42:45.000Z</time>
        <extensions>
          <ns3:TrackPointExtension>
            <ns3:hr>135</ns3:hr>
            <ns3:cad>82</ns3:cad>
          </ns3:TrackPointExtension>
        </extensions>
      </trkpt>
      <trkpt lat="37.50680110417306423187255859375" lon="127.063921876251697540283203125">
        <ele>42.799999237060546875</ele>
        <time>2026-08-09T11:42:46.000Z</time>
        <extensions>
          <ns3:TrackPointExtension>
            <ns3:hr>135</ns3:hr>
            <ns3:cad>82</ns3:cad>
          </ns3:TrackPointExtension>
        </extensions>
      </trkpt>
      <trkpt lat="37.50678366981446743011474609375" lon="127.06393872387707233428955078125">
        <ele>42.799999237060546875</ele>
        <time>2026-08-09T11:42:47.000Z</time>
        <extensions>
          <ns3:TrackPointExtension>
            <ns3:hr>135</ns3:hr>
            <ns3:cad>82</ns3:cad>
          </ns3:TrackPointExtension>
        </extensions>
      </trkpt>
      <trkpt lat="37.5067544169723987579345703125" lon="127.06395708024501800537109375">
        <ele>42.799999237060546875</ele>
        <time>2026-08-09T11:42:48.000Z</time>
        <extensions>
          <ns3:TrackPointExtension>
            <ns3:hr>135</ns3:hr>
            <ns3:cad>81</ns3:cad>
          </ns3:TrackPointExtension>
        </extensions>
      </trkpt>
      <trkpt lat="37.50673212110996246337890625" lon="127.06396537832915782928466796875">
        <ele>43</ele>
        <time>2026-08-09T11:42:49.000Z</time>
        <extensions>
          <ns3:TrackPointExtension>
            <ns3:hr>135</ns3:hr>
            <ns3:cad>82</ns3:cad>
          </ns3:TrackPointExtension>
        </extensions>
      </trkpt>
      <trkpt lat="37.50671410001814365386962890625" lon="127.0639823935925960540771484375">
        <ele>43</ele>
        <time>2026-08-09T11:42:50.000Z</time>
        <extensions>
          <ns3:TrackPointExtension>
            <ns3:hr>135</ns3:hr>
            <ns3:cad>82</ns3:cad>
          </ns3:TrackPointExtension>
        </extensions>
      </trkpt>
      <trkpt lat="37.50669280998408794403076171875" lon="127.0639954693615436553955078125">
        <ele>43.200000762939453125</ele>
        <time>2026-08-09T11:42:51.000Z</time>
        <extensions>
          <ns3:TrackPointExtension>
            <ns3:hr>135</ns3:hr>
            <ns3:cad>82</ns3:cad>
          </ns3:TrackPointExtension>
        </extensions>
      </trkpt>
      <trkpt lat="37.50667705200612545013427734375" lon="127.0640065334737300872802734375">
        <ele>43.59999847412109375</ele>
        <time>2026-08-09T11:42:52.000Z</time>
        <extensions>
          <ns3:TrackPointExtension>
            <ns3:hr>134</ns3:hr>
            <ns3:cad>82</ns3:cad>
          </ns3:TrackPointExtension>
        </extensions>
      </trkpt>
      <trkpt lat="37.50665123574435710906982421875" lon="127.06402036361396312713623046875">
        <ele>43.799999237060546875</ele>
        <time>2026-08-09T11:42:53.000Z</time>
        <extensions>
          <ns3:TrackPointExtension>
            <ns3:hr>134</ns3:hr>
            <ns3:cad>82</ns3:cad>
          </ns3:TrackPointExtension>
        </extensions>
      </trkpt>
      <trkpt lat="37.50662910751998424530029296875" lon="127.06402790732681751251220703125">
        <ele>44</ele>
        <time>2026-08-09T11:42:54.000Z</time>
        <extensions>
          <ns3:TrackPointExtension>
            <ns3:hr>134</ns3:hr>
            <ns3:cad>82</ns3:cad>
          </ns3:TrackPointExtension>
        </extensions>
      </trkpt>
      <trkpt lat="37.5066099129617214202880859375" lon="127.06404232420027256011962890625">
        <ele>44.200000762939453125</ele>
        <time>2026-08-09T11:42:55.000Z</time>
        <extensions>
          <ns3:TrackPointExtension>
            <ns3:hr>134</ns3:hr>
            <ns3:cad>82</ns3:cad>
          </ns3:TrackPointExtension>
        </extensions>
      </trkpt>
      <trkpt lat="37.5065830908715724945068359375" lon="127.0640554837882518768310546875">
        <ele>44.200000762939453125</ele>
        <time>2026-08-09T11:42:56.000Z</time>
        <extensions>
          <ns3:TrackPointExtension>
            <ns3:hr>134</ns3:hr>
            <ns3:cad>82</ns3:cad>
          </ns3:TrackPointExtension>
        </extensions>
      </trkpt>
      <trkpt lat="37.5065624713897705078125" lon="127.064066715538501739501953125">
        <ele>44.40000152587890625</ele>
        <time>2026-08-09T11:42:57.000Z</time>
        <extensions>
          <ns3:TrackPointExtension>
            <ns3:hr>135</ns3:hr>
            <ns3:cad>82</ns3:cad>
          </ns3:TrackPointExtension>
        </extensions>
      </trkpt>
      <trkpt lat="37.50653975643217563629150390625" lon="127.064078114926815032958984375">
        <ele>44.40000152587890625</ele>
        <time>2026-08-09T11:42:58.000Z</time>
        <extensions>
          <ns3:TrackPointExtension>
            <ns3:hr>135</ns3:hr>
            <ns3:cad>82</ns3:cad>
          </ns3:TrackPointExtension>
        </extensions>
      </trkpt>
      <trkpt lat="37.50650815665721893310546875" lon="127.0640883408486843109130859375">
        <ele>44.59999847412109375</ele>
        <time>2026-08-09T11:42:59.000Z</time>
        <extensions>
          <ns3:TrackPointExtension>
            <ns3:hr>135</ns3:hr>
            <ns3:cad>82</ns3:cad>
          </ns3:TrackPointExtension>
        </extensions>
      </trkpt>
      <trkpt lat="37.50649181194603443145751953125" lon="127.064107619225978851318359375">
        <ele>44.799999237060546875</ele>
        <time>2026-08-09T11:43:00.000Z</time>
        <extensions>
          <ns3:TrackPointExtension>
            <ns3:hr>135</ns3:hr>
            <ns3:cad>82</ns3:cad>
          </ns3:TrackPointExtension>
        </extensions>
      </trkpt>
      <trkpt lat="37.506466917693614959716796875" lon="127.06412295810878276824951171875">
        <ele>45</ele>
        <time>2026-08-09T11:43:01.000Z</time>
        <extensions>
          <ns3:TrackPointExtension>
            <ns3:hr>135</ns3:hr>
            <ns3:cad>82</ns3:cad>
          </ns3:TrackPointExtension>
        </extensions>
      </trkpt>
      <trkpt lat="37.5064375810325145721435546875" lon="127.06412899307906627655029296875">
        <ele>45.200000762939453125</ele>
        <time>2026-08-09T11:43:02.000Z</time>
        <extensions>
          <ns3:TrackPointExtension>
            <ns3:hr>136</ns3:hr>
            <ns3:cad>82</ns3:cad>
          </ns3:TrackPointExtension>
        </extensions>
      </trkpt>
      <trkpt lat="37.50642098486423492431640625" lon="127.06413972191512584686279296875">
        <ele>45.200000762939453125</ele>
        <time>2026-08-09T11:43:03.000Z</time>
        <extensions>
          <ns3:TrackPointExtension>
            <ns3:hr>137</ns3:hr>
            <ns3:cad>81</ns3:cad>
          </ns3:TrackPointExtension>
        </extensions>
      </trkpt>
      <trkpt lat="37.5063896365463733673095703125" lon="127.06415799446403980255126953125">
        <ele>45.200000762939453125</ele>
        <time>2026-08-09T11:43:04.000Z</time>
        <extensions>
          <ns3:TrackPointExtension>
            <ns3:hr>137</ns3:hr>
            <ns3:cad>81</ns3:cad>
          </ns3:TrackPointExtension>
        </extensions>
      </trkpt>
      <trkpt lat="37.5063688494265079498291015625" lon="127.064171321690082550048828125">
        <ele>45.40000152587890625</ele>
        <time>2026-08-09T11:43:05.000Z</time>
        <extensions>
          <ns3:TrackPointExtension>
            <ns3:hr>138</ns3:hr>
            <ns3:cad>83</ns3:cad>
          </ns3:TrackPointExtension>
        </extensions>
      </trkpt>
      <trkpt lat="37.506355941295623779296875" lon="127.064184062182903289794921875">
        <ele>45.40000152587890625</ele>
        <time>2026-08-09T11:43:06.000Z</time>
        <extensions>
          <ns3:TrackPointExtension>
            <ns3:hr>138</ns3:hr>
            <ns3:cad>83</ns3:cad>
          </ns3:TrackPointExtension>
        </extensions>
      </trkpt>
      <trkpt lat="37.50632685609161853790283203125" lon="127.0641919411718845367431640625">
        <ele>45.59999847412109375</ele>
        <time>2026-08-09T11:43:07.000Z</time>
        <extensions>
          <ns3:TrackPointExtension>
            <ns3:hr>138</ns3:hr>
            <ns3:cad>82</ns3:cad>
          </ns3:TrackPointExtension>
        </extensions>
      </trkpt>
      <trkpt lat="37.50630640424787998199462890625" lon="127.06420761533081531524658203125">
        <ele>45.799999237060546875</ele>
        <time>2026-08-09T11:43:08.000Z</time>
        <extensions>
          <ns3:TrackPointExtension>
            <ns3:hr>138</ns3:hr>
            <ns3:cad>82</ns3:cad>
          </ns3:TrackPointExtension>
        </extensions>
      </trkpt>
      <trkpt lat="37.50628427602350711822509765625" lon="127.06421985290944576263427734375">
        <ele>46.200000762939453125</ele>
        <time>2026-08-09T11:43:09.000Z</time>
        <extensions>
          <ns3:TrackPointExtension>
            <ns3:hr>138</ns3:hr>
            <ns3:cad>82</ns3:cad>
          </ns3:TrackPointExtension>
        </extensions>
      </trkpt>
      <trkpt lat="37.5062561966478824615478515625" lon="127.06422454677522182464599609375">
        <ele>46.40000152587890625</ele>
        <time>2026-08-09T11:43:10.000Z</time>
        <extensions>
          <ns3:TrackPointExtension>
            <ns3:hr>138</ns3:hr>
            <ns3:cad>82</ns3:cad>
          </ns3:TrackPointExtension>
        </extensions>
      </trkpt>
      <trkpt lat="37.50624370761215686798095703125" lon="127.06423602998256683349609375">
        <ele>46.59999847412109375</ele>
        <time>2026-08-09T11:43:11.000Z</time>
        <extensions>
          <ns3:TrackPointExtension>
            <ns3:hr>138</ns3:hr>
            <ns3:cad>82</ns3:cad>
          </ns3:TrackPointExtension>
        </extensions>
      </trkpt>
      <trkpt lat="37.50621805898845195770263671875" lon="127.06425170414149761199951171875">
        <ele>46.59999847412109375</ele>
        <time>2026-08-09T11:43:12.000Z</time>
        <extensions>
          <ns3:TrackPointExtension>
            <ns3:hr>138</ns3:hr>
            <ns3:cad>82</ns3:cad>
          </ns3:TrackPointExtension>
        </extensions>
      </trkpt>
      <trkpt lat="37.50619308091700077056884765625" lon="127.0642643608152866363525390625">
        <ele>46.59999847412109375</ele>
        <time>2026-08-09T11:43:13.000Z</time>
        <extensions>
          <ns3:TrackPointExtension>
            <ns3:hr>139</ns3:hr>
            <ns3:cad>82</ns3:cad>
          </ns3:TrackPointExtension>
        </extensions>
      </trkpt>
      <trkpt lat="37.50617514364421367645263671875" lon="127.06427651457488536834716796875">
        <ele>46.59999847412109375</ele>
        <time>2026-08-09T11:43:14.000Z</time>
        <extensions>
          <ns3:TrackPointExtension>
            <ns3:hr>139</ns3:hr>
            <ns3:cad>82</ns3:cad>
          </ns3:TrackPointExtension>
        </extensions>
      </trkpt>
      <trkpt lat="37.50614312477409839630126953125" lon="127.06429076381027698516845703125">
        <ele>46.799999237060546875</ele>
        <time>2026-08-09T11:43:15.000Z</time>
        <extensions>
          <ns3:TrackPointExtension>
            <ns3:hr>139</ns3:hr>
            <ns3:cad>82</ns3:cad>
          </ns3:TrackPointExtension>
        </extensions>
      </trkpt>
      <trkpt lat="37.506125606596469879150390625" lon="127.06430065445601940155029296875">
        <ele>47</ele>
        <time>2026-08-09T11:43:16.000Z</time>
        <extensions>
          <ns3:TrackPointExtension>
            <ns3:hr>139</ns3:hr>
            <ns3:cad>82</ns3:cad>
          </ns3:TrackPointExtension>
        </extensions>
      </trkpt>
      <trkpt lat="37.50610456801950931549072265625" lon="127.06431356258690357208251953125">
        <ele>47</ele>
        <time>2026-08-09T11:43:17.000Z</time>
        <extensions>
          <ns3:TrackPointExtension>
            <ns3:hr>139</ns3:hr>
            <ns3:cad>82</ns3:cad>
          </ns3:TrackPointExtension>
        </extensions>
      </trkpt>
      <trkpt lat="37.5060768239200115203857421875" lon="127.0643196813762187957763671875">
        <ele>47.200000762939453125</ele>
        <time>2026-08-09T11:43:18.000Z</time>
        <extensions>
          <ns3:TrackPointExtension>
            <ns3:hr>138</ns3:hr>
            <ns3:cad>82</ns3:cad>
          </ns3:TrackPointExtension>
        </extensions>
      </trkpt>
      <trkpt lat="37.50606148503720760345458984375" lon="127.0643319189548492431640625">
        <ele>47.40000152587890625</ele>
        <time>2026-08-09T11:43:19.000Z</time>
        <extensions>
          <ns3:TrackPointExtension>
            <ns3:hr>138</ns3:hr>
            <ns3:cad>82</ns3:cad>
          </ns3:TrackPointExtension>
        </extensions>
      </trkpt>
      <trkpt lat="37.5060285441577434539794921875" lon="127.06434667110443115234375">
        <ele>47.40000152587890625</ele>
        <time>2026-08-09T11:43:20.000Z</time>
        <extensions>
          <ns3:TrackPointExtension>
            <ns3:hr>138</ns3:hr>
            <ns3:cad>82</ns3:cad>
          </ns3:TrackPointExtension>
        </extensions>
      </trkpt>
      <trkpt lat="37.50600348226726055145263671875" lon="127.064356394112110137939453125">
        <ele>47.59999847412109375</ele>
        <time>2026-08-09T11:43:21.000Z</time>
        <extensions>
          <ns3:TrackPointExtension>
            <ns3:hr>138</ns3:hr>
            <ns3:cad>82</ns3:cad>
          </ns3:TrackPointExtension>
        </extensions>
      </trkpt>
      <trkpt lat="37.505988143384456634521484375" lon="127.0643682964146137237548828125">
        <ele>47.799999237060546875</ele>
        <time>2026-08-09T11:43:22.000Z</time>
        <extensions>
          <ns3:TrackPointExtension>
            <ns3:hr>138</ns3:hr>
            <ns3:cad>83</ns3:cad>
          </ns3:TrackPointExtension>
        </extensions>
      </trkpt>
      <trkpt lat="37.50595587305724620819091796875" lon="127.064377851784229278564453125">
        <ele>48</ele>
        <time>2026-08-09T11:43:23.000Z</time>
        <extensions>
          <ns3:TrackPointExtension>
            <ns3:hr>138</ns3:hr>
            <ns3:cad>83</ns3:cad>
          </ns3:TrackPointExtension>
        </extensions>
      </trkpt>
      <trkpt lat="37.50593408010900020599365234375" lon="127.06439159810543060302734375">
        <ele>48</ele>
        <time>2026-08-09T11:43:24.000Z</time>
        <extensions>
          <ns3:TrackPointExtension>
            <ns3:hr>138</ns3:hr>
            <ns3:cad>82</ns3:cad>
          </ns3:TrackPointExtension>
        </extensions>
      </trkpt>
      <trkpt lat="37.50591429881751537322998046875" lon="127.06440391950309276580810546875">
        <ele>48.200000762939453125</ele>
        <time>2026-08-09T11:43:25.000Z</time>
        <extensions>
          <ns3:TrackPointExtension>
            <ns3:hr>138</ns3:hr>
            <ns3:cad>82</ns3:cad>
          </ns3:TrackPointExtension>
        </extensions>
      </trkpt>
      <trkpt lat="37.50588563270866870880126953125" lon="127.0644135586917400360107421875">
        <ele>48.40000152587890625</ele>
        <time>2026-08-09T11:43:26.000Z</time>
        <extensions>
          <ns3:TrackPointExtension>
            <ns3:hr>138</ns3:hr>
            <ns3:cad>82</ns3:cad>
          </ns3:TrackPointExtension>
        </extensions>
      </trkpt>
      <trkpt lat="37.5058679468929767608642578125" lon="127.06442437134683132171630859375">
        <ele>48.59999847412109375</ele>
        <time>2026-08-09T11:43:27.000Z</time>
        <extensions>
          <ns3:TrackPointExtension>
            <ns3:hr>139</ns3:hr>
            <ns3:cad>82</ns3:cad>
          </ns3:TrackPointExtension>
        </extensions>
      </trkpt>
      <trkpt lat="37.50584204681217670440673828125" lon="127.06443862058222293853759765625">
        <ele>48.799999237060546875</ele>
        <time>2026-08-09T11:43:28.000Z</time>
        <extensions>
          <ns3:TrackPointExtension>
            <ns3:hr>139</ns3:hr>
            <ns3:cad>82</ns3:cad>
          </ns3:TrackPointExtension>
        </extensions>
      </trkpt>
      <trkpt lat="37.50581505708396434783935546875" lon="127.0644457451999187469482421875">
        <ele>48.799999237060546875</ele>
        <time>2026-08-09T11:43:29.000Z</time>
        <extensions>
          <ns3:TrackPointExtension>
            <ns3:hr>139</ns3:hr>
            <ns3:cad>82</ns3:cad>
          </ns3:TrackPointExtension>
        </extensions>
      </trkpt>
      <trkpt lat="37.50580013729631900787353515625" lon="127.06445421092212200164794921875">
        <ele>49</ele>
        <time>2026-08-09T11:43:30.000Z</time>
        <extensions>
          <ns3:TrackPointExtension>
            <ns3:hr>139</ns3:hr>
            <ns3:cad>82</ns3:cad>
          </ns3:TrackPointExtension>
        </extensions>
      </trkpt>
      <trkpt lat="37.50576644204556941986083984375" lon="127.06446862779557704925537109375">
        <ele>49</ele>
        <time>2026-08-09T11:43:31.000Z</time>
        <extensions>
          <ns3:TrackPointExtension>
            <ns3:hr>139</ns3:hr>
            <ns3:cad>82</ns3:cad>
          </ns3:TrackPointExtension>
        </extensions>
      </trkpt>
      <trkpt lat="37.505739368498325347900390625" lon="127.06447885371744632720947265625">
        <ele>48.799999237060546875</ele>
        <time>2026-08-09T11:43:32.000Z</time>
        <extensions>
          <ns3:TrackPointExtension>
            <ns3:hr>139</ns3:hr>
            <ns3:cad>81</ns3:cad>
          </ns3:TrackPointExtension>
        </extensions>
      </trkpt>
      <trkpt lat="37.5057256221771240234375" lon="127.06449327059090137481689453125">
        <ele>48.799999237060546875</ele>
        <time>2026-08-09T11:43:33.000Z</time>
        <extensions>
          <ns3:TrackPointExtension>
            <ns3:hr>138</ns3:hr>
            <ns3:cad>80</ns3:cad>
          </ns3:TrackPointExtension>
        </extensions>
      </trkpt>
      <trkpt lat="37.505693770945072174072265625" lon="127.06451288424432277679443359375">
        <ele>48.799999237060546875</ele>
        <time>2026-08-09T11:43:34.000Z</time>
        <extensions>
          <ns3:TrackPointExtension>
            <ns3:hr>138</ns3:hr>
            <ns3:cad>80</ns3:cad>
          </ns3:TrackPointExtension>
        </extensions>
      </trkpt>
      <trkpt lat="37.50567273236811161041259765625" lon="127.0645238645374774932861328125">
        <ele>49</ele>
        <time>2026-08-09T11:43:35.000Z</time>
        <extensions>
          <ns3:TrackPointExtension>
            <ns3:hr>139</ns3:hr>
            <ns3:cad>80</ns3:cad>
          </ns3:TrackPointExtension>
        </extensions>
      </trkpt>
      <trkpt lat="37.50564984977245330810546875" lon="127.06453434191644191741943359375">
        <ele>49.200000762939453125</ele>
        <time>2026-08-09T11:43:36.000Z</time>
        <extensions>
          <ns3:TrackPointExtension>
            <ns3:hr>139</ns3:hr>
            <ns3:cad>81</ns3:cad>
          </ns3:TrackPointExtension>
        </extensions>
      </trkpt>
      <trkpt lat="37.50561942346394062042236328125" lon="127.0645443163812160491943359375">
        <ele>49.40000152587890625</ele>
        <time>2026-08-09T11:43:37.000Z</time>
        <extensions>
          <ns3:TrackPointExtension>
            <ns3:hr>139</ns3:hr>
            <ns3:cad>81</ns3:cad>
          </ns3:TrackPointExtension>
        </extensions>
      </trkpt>
      <trkpt lat="37.50560215674340724945068359375" lon="127.06455521285533905029296875">
        <ele>49.59999847412109375</ele>
        <time>2026-08-09T11:43:38.000Z</time>
        <extensions>
          <ns3:TrackPointExtension>
            <ns3:hr>139</ns3:hr>
            <ns3:cad>81</ns3:cad>
          </ns3:TrackPointExtension>
        </extensions>
      </trkpt>
      <trkpt lat="37.5055769272148609161376953125" lon="127.06457440741360187530517578125">
        <ele>49.59999847412109375</ele>
        <time>2026-08-09T11:43:39.000Z</time>
        <extensions>
          <ns3:TrackPointExtension>
            <ns3:hr>138</ns3:hr>
            <ns3:cad>82</ns3:cad>
          </ns3:TrackPointExtension>
        </extensions>
      </trkpt>
      <trkpt lat="37.505554296076297760009765625" lon="127.0645862258970737457275390625">
        <ele>49.59999847412109375</ele>
        <time>2026-08-09T11:43:40.000Z</time>
        <extensions>
          <ns3:TrackPointExtension>
            <ns3:hr>139</ns3:hr>
            <ns3:cad>82</ns3:cad>
          </ns3:TrackPointExtension>
        </extensions>
      </trkpt>
      <trkpt lat="37.50554046593606472015380859375" lon="127.0646009780466556549072265625">
        <ele>49.59999847412109375</ele>
        <time>2026-08-09T11:43:41.000Z</time>
        <extensions>
          <ns3:TrackPointExtension>
            <ns3:hr>139</ns3:hr>
            <ns3:cad>82</ns3:cad>
          </ns3:TrackPointExtension>
        </extensions>
      </trkpt>
      <trkpt lat="37.5055081956088542938232421875" lon="127.06461480818688869476318359375">
        <ele>49.59999847412109375</ele>
        <time>2026-08-09T11:43:42.000Z</time>
        <extensions>
          <ns3:TrackPointExtension>
            <ns3:hr>138</ns3:hr>
            <ns3:cad>82</ns3:cad>
          </ns3:TrackPointExtension>
        </extensions>
      </trkpt>
      <trkpt lat="37.50548330135643482208251953125" lon="127.0646278001368045806884765625">
        <ele>49.59999847412109375</ele>
        <time>2026-08-09T11:43:43.000Z</time>
        <extensions>
          <ns3:TrackPointExtension>
            <ns3:hr>138</ns3:hr>
            <ns3:cad>82</ns3:cad>
          </ns3:TrackPointExtension>
        </extensions>
      </trkpt>
      <trkpt lat="37.5054592452943325042724609375" lon="127.064642719924449920654296875">
        <ele>49.59999847412109375</ele>
        <time>2026-08-09T11:43:44.000Z</time>
        <extensions>
          <ns3:TrackPointExtension>
            <ns3:hr>138</ns3:hr>
            <ns3:cad>82</ns3:cad>
          </ns3:TrackPointExtension>
        </extensions>
      </trkpt>
      <trkpt lat="37.505432255566120147705078125" lon="127.06465168856084346771240234375">
        <ele>49.799999237060546875</ele>
        <time>2026-08-09T11:43:45.000Z</time>
        <extensions>
          <ns3:TrackPointExtension>
            <ns3:hr>138</ns3:hr>
            <ns3:cad>83</ns3:cad>
          </ns3:TrackPointExtension>
        </extensions>
      </trkpt>
      <trkpt lat="37.50541155226528644561767578125" lon="127.064663507044315338134765625">
        <ele>50</ele>
        <time>2026-08-09T11:43:46.000Z</time>
        <extensions>
          <ns3:TrackPointExtension>
            <ns3:hr>138</ns3:hr>
            <ns3:cad>83</ns3:cad>
          </ns3:TrackPointExtension>
        </extensions>
      </trkpt>
      <trkpt lat="37.50537802465260028839111328125" lon="127.064672224223613739013671875">
        <ele>50</ele>
        <time>2026-08-09T11:43:47.000Z</time>
        <extensions>
          <ns3:TrackPointExtension>
            <ns3:hr>138</ns3:hr>
            <ns3:cad>83</ns3:cad>
          </ns3:TrackPointExtension>
        </extensions>
      </trkpt>
      <trkpt lat="37.5053522922098636627197265625" lon="127.0646824501454830169677734375">
        <ele>50</ele>
        <time>2026-08-09T11:43:48.000Z</time>
        <extensions>
          <ns3:TrackPointExtension>
            <ns3:hr>138</ns3:hr>
            <ns3:cad>83</ns3:cad>
          </ns3:TrackPointExtension>
        </extensions>
      </trkpt>
      <trkpt lat="37.5053294934332370758056640625" lon="127.06469091586768627166748046875">
        <ele>50.200000762939453125</ele>
        <time>2026-08-09T11:43:49.000Z</time>
        <extensions>
          <ns3:TrackPointExtension>
            <ns3:hr>138</ns3:hr>
            <ns3:cad>83</ns3:cad>
          </ns3:TrackPointExtension>
        </extensions>
      </trkpt>
      <trkpt lat="37.505295462906360626220703125" lon="127.0646953582763671875">
        <ele>50.200000762939453125</ele>
        <time>2026-08-09T11:43:50.000Z</time>
        <extensions>
          <ns3:TrackPointExtension>
            <ns3:hr>138</ns3:hr>
            <ns3:cad>83</ns3:cad>
          </ns3:TrackPointExtension>
        </extensions>
      </trkpt>
      <trkpt lat="37.50527559779584407806396484375" lon="127.06470139324665069580078125">
        <ele>50.40000152587890625</ele>
        <time>2026-08-09T11:43:51.000Z</time>
        <extensions>
          <ns3:TrackPointExtension>
            <ns3:hr>137</ns3:hr>
            <ns3:cad>82</ns3:cad>
          </ns3:TrackPointExtension>
        </extensions>
      </trkpt>
      <trkpt lat="37.50525263138115406036376953125" lon="127.0647059194743633270263671875">
        <ele>50.59999847412109375</ele>
        <time>2026-08-09T11:43:52.000Z</time>
        <extensions>
          <ns3:TrackPointExtension>
            <ns3:hr>137</ns3:hr>
            <ns3:cad>82</ns3:cad>
          </ns3:TrackPointExtension>
        </extensions>
      </trkpt>
      <trkpt lat="37.505225725471973419189453125" lon="127.064695023000240325927734375">
        <ele>50.799999237060546875</ele>
        <time>2026-08-09T11:43:53.000Z</time>
        <extensions>
          <ns3:TrackPointExtension>
            <ns3:hr>137</ns3:hr>
            <ns3:cad>82</ns3:cad>
          </ns3:TrackPointExtension>
        </extensions>
      </trkpt>
      <trkpt lat="37.5052084587514400482177734375" lon="127.0646921731531620025634765625">
        <ele>51.200000762939453125</ele>
        <time>2026-08-09T11:43:54.000Z</time>
        <extensions>
          <ns3:TrackPointExtension>
            <ns3:hr>137</ns3:hr>
            <ns3:cad>82</ns3:cad>
          </ns3:TrackPointExtension>
        </extensions>
      </trkpt>
      <trkpt lat="37.505174763500690460205078125" lon="127.06467582844197750091552734375">
        <ele>51.40000152587890625</ele>
        <time>2026-08-09T11:43:55.000Z</time>
        <extensions>
          <ns3:TrackPointExtension>
            <ns3:hr>136</ns3:hr>
            <ns3:cad>82</ns3:cad>
          </ns3:TrackPointExtension>
        </extensions>
      </trkpt>
      <trkpt lat="37.50515154562890529632568359375" lon="127.064653448760509490966796875">
        <ele>51.59999847412109375</ele>
        <time>2026-08-09T11:43:56.000Z</time>
        <extensions>
          <ns3:TrackPointExtension>
            <ns3:hr>136</ns3:hr>
            <ns3:cad>82</ns3:cad>
          </ns3:TrackPointExtension>
        </extensions>
      </trkpt>
      <trkpt lat="37.50513863749802112579345703125" lon="127.06463634967803955078125">
        <ele>51.59999847412109375</ele>
        <time>2026-08-09T11:43:57.000Z</time>
        <extensions>
          <ns3:TrackPointExtension>
            <ns3:hr>137</ns3:hr>
            <ns3:cad>81</ns3:cad>
          </ns3:TrackPointExtension>
        </extensions>
      </trkpt>
      <trkpt lat="37.5051226280629634857177734375" lon="127.06460676155984401702880859375">
        <ele>51.59999847412109375</ele>
        <time>2026-08-09T11:43:58.000Z</time>
        <extensions>
          <ns3:TrackPointExtension>
            <ns3:hr>137</ns3:hr>
            <ns3:cad>81</ns3:cad>
          </ns3:TrackPointExtension>
        </extensions>
      </trkpt>
      <trkpt lat="37.5051098875701427459716796875" lon="127.06458698026835918426513671875">
        <ele>51.59999847412109375</ele>
        <time>2026-08-09T11:43:59.000Z</time>
        <extensions>
          <ns3:TrackPointExtension>
            <ns3:hr>138</ns3:hr>
            <ns3:cad>81</ns3:cad>
          </ns3:TrackPointExtension>
        </extensions>
      </trkpt>
      <trkpt lat="37.50510133802890777587890625" lon="127.064558565616607666015625">
        <ele>51.59999847412109375</ele>
        <time>2026-08-09T11:44:00.000Z</time>
        <extensions>
          <ns3:TrackPointExtension>
            <ns3:hr>139</ns3:hr>
            <ns3:cad>82</ns3:cad>
          </ns3:TrackPointExtension>
        </extensions>
      </trkpt>
      <trkpt lat="37.50510158948600292205810546875" lon="127.06451891921460628509521484375">
        <ele>51.799999237060546875</ele>
        <time>2026-08-09T11:44:01.000Z</time>
        <extensions>
          <ns3:TrackPointExtension>
            <ns3:hr>140</ns3:hr>
            <ns3:cad>82</ns3:cad>
          </ns3:TrackPointExtension>
        </extensions>
      </trkpt>
      <trkpt lat="37.50510008074343204498291015625" lon="127.0644977129995822906494140625">
        <ele>51.799999237060546875</ele>
        <time>2026-08-09T11:44:02.000Z</time>
        <extensions>
          <ns3:TrackPointExtension>
            <ns3:hr>140</ns3:hr>
            <ns3:cad>82</ns3:cad>
          </ns3:TrackPointExtension>
        </extensions>
      </trkpt>
      <trkpt lat="37.50508918426930904388427734375" lon="127.0644598267972469329833984375">
        <ele>51.799999237060546875</ele>
        <time>2026-08-09T11:44:03.000Z</time>
        <extensions>
          <ns3:TrackPointExtension>
            <ns3:hr>140</ns3:hr>
            <ns3:cad>82</ns3:cad>
          </ns3:TrackPointExtension>
        </extensions>
      </trkpt>
      <trkpt lat="37.5050837360322475433349609375" lon="127.06442520953714847564697265625">
        <ele>52</ele>
        <time>2026-08-09T11:44:04.000Z</time>
        <extensions>
          <ns3:TrackPointExtension>
            <ns3:hr>140</ns3:hr>
            <ns3:cad>83</ns3:cad>
          </ns3:TrackPointExtension>
        </extensions>
      </trkpt>
      <trkpt lat="37.5050787068903446197509765625" lon="127.06439956091344356536865234375">
        <ele>52</ele>
        <time>2026-08-09T11:44:05.000Z</time>
        <extensions>
          <ns3:TrackPointExtension>
            <ns3:hr>140</ns3:hr>
            <ns3:cad>83</ns3:cad>
          </ns3:TrackPointExtension>
        </extensions>
      </trkpt>
      <trkpt lat="37.505065463483333587646484375" lon="127.06436569802463054656982421875">
        <ele>52</ele>
        <time>2026-08-09T11:44:06.000Z</time>
        <extensions>
          <ns3:TrackPointExtension>
            <ns3:hr>139</ns3:hr>
            <ns3:cad>83</ns3:cad>
          </ns3:TrackPointExtension>
        </extensions>
      </trkpt>
      <trkpt lat="37.505057752132415771484375" lon="127.06433669663965702056884765625">
        <ele>52.200000762939453125</ele>
        <time>2026-08-09T11:44:07.000Z</time>
        <extensions>
          <ns3:TrackPointExtension>
            <ns3:hr>139</ns3:hr>
            <ns3:cad>82</ns3:cad>
          </ns3:TrackPointExtension>
        </extensions>
      </trkpt>
      <trkpt lat="37.50504811294376850128173828125" lon="127.06430769525468349456787109375">
        <ele>52.200000762939453125</ele>
        <time>2026-08-09T11:44:08.000Z</time>
        <extensions>
          <ns3:TrackPointExtension>
            <ns3:hr>139</ns3:hr>
            <ns3:cad>82</ns3:cad>
          </ns3:TrackPointExtension>
        </extensions>
      </trkpt>
      <trkpt lat="37.5050389766693115234375" lon="127.06427684985101222991943359375">
        <ele>52.200000762939453125</ele>
        <time>2026-08-09T11:44:09.000Z</time>
        <extensions>
          <ns3:TrackPointExtension>
            <ns3:hr>138</ns3:hr>
            <ns3:cad>82</ns3:cad>
          </ns3:TrackPointExtension>
        </extensions>
      </trkpt>
      <trkpt lat="37.50502531416714191436767578125" lon="127.06425748765468597412109375">
        <ele>52.200000762939453125</ele>
        <time>2026-08-09T11:44:10.000Z</time>
        <extensions>
          <ns3:TrackPointExtension>
            <ns3:hr>138</ns3:hr>
            <ns3:cad>81</ns3:cad>
          </ns3:TrackPointExtension>
        </extensions>
      </trkpt>
      <trkpt lat="37.505015842616558074951171875" lon="127.064220272004604339599609375">
        <ele>52.40000152587890625</ele>
        <time>2026-08-09T11:44:11.000Z</time>
        <extensions>
          <ns3:TrackPointExtension>
            <ns3:hr>138</ns3:hr>
            <ns3:cad>81</ns3:cad>
          </ns3:TrackPointExtension>
        </extensions>
      </trkpt>
      <trkpt lat="37.505008466541767120361328125" lon="127.06418883986771106719970703125">
        <ele>52.40000152587890625</ele>
        <time>2026-08-09T11:44:12.000Z</time>
        <extensions>
          <ns3:TrackPointExtension>
            <ns3:hr>137</ns3:hr>
            <ns3:cad>81</ns3:cad>
          </ns3:TrackPointExtension>
        </extensions>
      </trkpt>
      <trkpt lat="37.505003772675991058349609375" lon="127.06416201777756214141845703125">
        <ele>52.40000152587890625</ele>
        <time>2026-08-09T11:44:13.000Z</time>
        <extensions>
          <ns3:TrackPointExtension>
            <ns3:hr>137</ns3:hr>
            <ns3:cad>82</ns3:cad>
          </ns3:TrackPointExtension>
        </extensions>
      </trkpt>
      <trkpt lat="37.50499379821121692657470703125" lon="127.06412564031779766082763671875">
        <ele>52.40000152587890625</ele>
        <time>2026-08-09T11:44:14.000Z</time>
        <extensions>
          <ns3:TrackPointExtension>
            <ns3:hr>137</ns3:hr>
            <ns3:cad>82</ns3:cad>
          </ns3:TrackPointExtension>
        </extensions>
      </trkpt>
      <trkpt lat="37.50498089008033275604248046875" lon="127.06410066224634647369384765625">
        <ele>52.59999847412109375</ele>
        <time>2026-08-09T11:44:15.000Z</time>
        <extensions>
          <ns3:TrackPointExtension>
            <ns3:hr>136</ns3:hr>
            <ns3:cad>82</ns3:cad>
          </ns3:TrackPointExtension>
        </extensions>
      </trkpt>
      <trkpt lat="37.50496362335979938507080078125" lon="127.06406042911112308502197265625">
        <ele>52.59999847412109375</ele>
        <time>2026-08-09T11:44:16.000Z</time>
        <extensions>
          <ns3:TrackPointExtension>
            <ns3:hr>137</ns3:hr>
            <ns3:cad>83</ns3:cad>
          </ns3:TrackPointExtension>
        </extensions>
      </trkpt>
      <trkpt lat="37.5049509666860103607177734375" lon="127.0640253089368343353271484375">
        <ele>52.59999847412109375</ele>
        <time>2026-08-09T11:44:17.000Z</time>
        <extensions>
          <ns3:TrackPointExtension>
            <ns3:hr>137</ns3:hr>
            <ns3:cad>83</ns3:cad>
          </ns3:TrackPointExtension>
        </extensions>
      </trkpt>
      <trkpt lat="37.504941411316394805908203125" lon="127.06399320624768733978271484375">
        <ele>52.799999237060546875</ele>
        <time>2026-08-09T11:44:18.000Z</time>
        <extensions>
          <ns3:TrackPointExtension>
            <ns3:hr>136</ns3:hr>
            <ns3:cad>83</ns3:cad>
          </ns3:TrackPointExtension>
        </extensions>
      </trkpt>
      <trkpt lat="37.5049308501183986663818359375" lon="127.06395708024501800537109375">
        <ele>52.799999237060546875</ele>
        <time>2026-08-09T11:44:19.000Z</time>
        <extensions>
          <ns3:TrackPointExtension>
            <ns3:hr>136</ns3:hr>
            <ns3:cad>82</ns3:cad>
          </ns3:TrackPointExtension>
        </extensions>
      </trkpt>
      <trkpt lat="37.5049174390733242034912109375" lon="127.06392598338425159454345703125">
        <ele>52.799999237060546875</ele>
        <time>2026-08-09T11:44:20.000Z</time>
        <extensions>
          <ns3:TrackPointExtension>
            <ns3:hr>136</ns3:hr>
            <ns3:cad>82</ns3:cad>
          </ns3:TrackPointExtension>
        </extensions>
      </trkpt>
      <trkpt lat="37.5049083866178989410400390625" lon="127.063899748027324676513671875">
        <ele>53</ele>
        <time>2026-08-09T11:44:21.000Z</time>
        <extensions>
          <ns3:TrackPointExtension>
            <ns3:hr>136</ns3:hr>
            <ns3:cad>82</ns3:cad>
          </ns3:TrackPointExtension>
        </extensions>
      </trkpt>
      <trkpt lat="37.5048989988863468170166015625" lon="127.0638606883585453033447265625">
        <ele>53</ele>
        <time>2026-08-09T11:44:22.000Z</time>
        <extensions>
          <ns3:TrackPointExtension>
            <ns3:hr>135</ns3:hr>
            <ns3:cad>83</ns3:cad>
          </ns3:TrackPointExtension>
        </extensions>
      </trkpt>
      <trkpt lat="37.5048862583935260772705078125" lon="127.0638382248580455780029296875">
        <ele>53.200000762939453125</ele>
        <time>2026-08-09T11:44:23.000Z</time>
        <extensions>
          <ns3:TrackPointExtension>
            <ns3:hr>135</ns3:hr>
            <ns3:cad>83</ns3:cad>
          </ns3:TrackPointExtension>
        </extensions>
      </trkpt>
      <trkpt lat="37.5048705004155635833740234375" lon="127.063808552920818328857421875">
        <ele>53.200000762939453125</ele>
        <time>2026-08-09T11:44:24.000Z</time>
        <extensions>
          <ns3:TrackPointExtension>
            <ns3:hr>135</ns3:hr>
            <ns3:cad>83</ns3:cad>
          </ns3:TrackPointExtension>
        </extensions>
      </trkpt>
      <trkpt lat="37.50485080294311046600341796875" lon="127.0637862570583820343017578125">
        <ele>53.40000152587890625</ele>
        <time>2026-08-09T11:44:25.000Z</time>
        <extensions>
          <ns3:TrackPointExtension>
            <ns3:hr>135</ns3:hr>
            <ns3:cad>82</ns3:cad>
          </ns3:TrackPointExtension>
        </extensions>
      </trkpt>
      <trkpt lat="37.50483823008835315704345703125" lon="127.06376806832849979400634765625">
        <ele>53.40000152587890625</ele>
        <time>2026-08-09T11:44:26.000Z</time>
        <extensions>
          <ns3:TrackPointExtension>
            <ns3:hr>136</ns3:hr>
            <ns3:cad>82</ns3:cad>
          </ns3:TrackPointExtension>
        </extensions>
      </trkpt>
      <trkpt lat="37.5048195384442806243896484375" lon="127.0637420006096363067626953125">
        <ele>53.40000152587890625</ele>
        <time>2026-08-09T11:44:27.000Z</time>
        <extensions>
          <ns3:TrackPointExtension>
            <ns3:hr>136</ns3:hr>
            <ns3:cad>82</ns3:cad>
          </ns3:TrackPointExtension>
        </extensions>
      </trkpt>
      <trkpt lat="37.50480721704661846160888671875" lon="127.0637188665568828582763671875">
        <ele>53.59999847412109375</ele>
        <time>2026-08-09T11:44:28.000Z</time>
        <extensions>
          <ns3:TrackPointExtension>
            <ns3:hr>136</ns3:hr>
            <ns3:cad>82</ns3:cad>
          </ns3:TrackPointExtension>
        </extensions>
      </trkpt>
      <trkpt lat="37.5047930516302585601806640625" lon="127.06368877552449703216552734375">
        <ele>53.59999847412109375</ele>
        <time>2026-08-09T11:44:29.000Z</time>
        <extensions>
          <ns3:TrackPointExtension>
            <ns3:hr>135</ns3:hr>
            <ns3:cad>82</ns3:cad>
          </ns3:TrackPointExtension>
        </extensions>
      </trkpt>
      <trkpt lat="37.50477922149002552032470703125" lon="127.06365424208343029022216796875">
        <ele>53.799999237060546875</ele>
        <time>2026-08-09T11:44:30.000Z</time>
        <extensions>
          <ns3:TrackPointExtension>
            <ns3:hr>136</ns3:hr>
            <ns3:cad>82</ns3:cad>
          </ns3:TrackPointExtension>
        </extensions>
      </trkpt>
      <trkpt lat="37.504770755767822265625" lon="127.0636283420026302337646484375">
        <ele>53.799999237060546875</ele>
        <time>2026-08-09T11:44:31.000Z</time>
        <extensions>
          <ns3:TrackPointExtension>
            <ns3:hr>136</ns3:hr>
            <ns3:cad>82</ns3:cad>
          </ns3:TrackPointExtension>
        </extensions>
      </trkpt>
      <trkpt lat="37.50475524924695491790771484375" lon="127.06359003670513629913330078125">
        <ele>53.799999237060546875</ele>
        <time>2026-08-09T11:44:32.000Z</time>
        <extensions>
          <ns3:TrackPointExtension>
            <ns3:hr>135</ns3:hr>
            <ns3:cad>83</ns3:cad>
          </ns3:TrackPointExtension>
        </extensions>
      </trkpt>
      <trkpt lat="37.5047407485544681549072265625" lon="127.06355550326406955718994140625">
        <ele>54</ele>
        <time>2026-08-09T11:44:33.000Z</time>
        <extensions>
          <ns3:TrackPointExtension>
            <ns3:hr>136</ns3:hr>
            <ns3:cad>83</ns3:cad>
          </ns3:TrackPointExtension>
        </extensions>
      </trkpt>
      <trkpt lat="37.5047306902706623077392578125" lon="127.06353253684937953948974609375">
        <ele>54</ele>
        <time>2026-08-09T11:44:34.000Z</time>
        <extensions>
          <ns3:TrackPointExtension>
            <ns3:hr>136</ns3:hr>
            <ns3:cad>83</ns3:cad>
          </ns3:TrackPointExtension>
        </extensions>
      </trkpt>
      <trkpt lat="37.5047157704830169677734375" lon="127.06348727457225322723388671875">
        <ele>54</ele>
        <time>2026-08-09T11:44:35.000Z</time>
        <extensions>
          <ns3:TrackPointExtension>
            <ns3:hr>135</ns3:hr>
            <ns3:cad>82</ns3:cad>
          </ns3:TrackPointExtension>
        </extensions>
      </trkpt>
      <trkpt lat="37.50470395199954509735107421875" lon="127.06346514634788036346435546875">
        <ele>54.200000762939453125</ele>
        <time>2026-08-09T11:44:36.000Z</time>
        <extensions>
          <ns3:TrackPointExtension>
            <ns3:hr>136</ns3:hr>
            <ns3:cad>82</ns3:cad>
          </ns3:TrackPointExtension>
        </extensions>
      </trkpt>
      <trkpt lat="37.50469557009637355804443359375" lon="127.063431702554225921630859375">
        <ele>54.200000762939453125</ele>
        <time>2026-08-09T11:44:37.000Z</time>
        <extensions>
          <ns3:TrackPointExtension>
            <ns3:hr>136</ns3:hr>
            <ns3:cad>82</ns3:cad>
          </ns3:TrackPointExtension>
        </extensions>
      </trkpt>
      <trkpt lat="37.504685260355472564697265625" lon="127.06339809112250804901123046875">
        <ele>54.40000152587890625</ele>
        <time>2026-08-09T11:44:38.000Z</time>
        <extensions>
          <ns3:TrackPointExtension>
            <ns3:hr>135</ns3:hr>
            <ns3:cad>82</ns3:cad>
          </ns3:TrackPointExtension>
        </extensions>
      </trkpt>
      <trkpt lat="37.504679225385189056396484375" lon="127.0633882842957973480224609375">
        <ele>54.59999847412109375</ele>
        <time>2026-08-09T11:44:39.000Z</time>
        <extensions>
          <ns3:TrackPointExtension>
            <ns3:hr>136</ns3:hr>
            <ns3:cad>82</ns3:cad>
          </ns3:TrackPointExtension>
        </extensions>
      </trkpt>
      <trkpt lat="37.50466841273009777069091796875" lon="127.0633460395038127899169921875">
        <ele>54.59999847412109375</ele>
        <time>2026-08-09T11:44:40.000Z</time>
        <extensions>
          <ns3:TrackPointExtension>
            <ns3:hr>135</ns3:hr>
            <ns3:cad>82</ns3:cad>
          </ns3:TrackPointExtension>
        </extensions>
      </trkpt>
      <trkpt lat="37.50465885736048221588134765625" lon="127.06331142224371433258056640625">
        <ele>54.799999237060546875</ele>
        <time>2026-08-09T11:44:41.000Z</time>
        <extensions>
          <ns3:TrackPointExtension>
            <ns3:hr>135</ns3:hr>
            <ns3:cad>82</ns3:cad>
          </ns3:TrackPointExtension>
        </extensions>
      </trkpt>
      <trkpt lat="37.5046532414853572845458984375" lon="127.06328250467777252197265625">
        <ele>54.799999237060546875</ele>
        <time>2026-08-09T11:44:42.000Z</time>
        <extensions>
          <ns3:TrackPointExtension>
            <ns3:hr>135</ns3:hr>
            <ns3:cad>82</ns3:cad>
          </ns3:TrackPointExtension>
        </extensions>
      </trkpt>
      <trkpt lat="37.50464393757283687591552734375" lon="127.06324218772351741790771484375">
        <ele>55</ele>
        <time>2026-08-09T11:44:43.000Z</time>
        <extensions>
          <ns3:TrackPointExtension>
            <ns3:hr>135</ns3:hr>
            <ns3:cad>82</ns3:cad>
          </ns3:TrackPointExtension>
        </extensions>
      </trkpt>
      <trkpt lat="37.50463329255580902099609375" lon="127.0632176287472248077392578125">
        <ele>55</ele>
        <time>2026-08-09T11:44:44.000Z</time>
        <extensions>
          <ns3:TrackPointExtension>
            <ns3:hr>136</ns3:hr>
            <ns3:cad>82</ns3:cad>
          </ns3:TrackPointExtension>
        </extensions>
      </trkpt>
      <trkpt lat="37.5046218931674957275390625" lon="127.06319038756191730499267578125">
        <ele>55.200000762939453125</ele>
        <time>2026-08-09T11:44:45.000Z</time>
        <extensions>
          <ns3:TrackPointExtension>
            <ns3:hr>135</ns3:hr>
            <ns3:cad>83</ns3:cad>
          </ns3:TrackPointExtension>
        </extensions>
      </trkpt>
      <trkpt lat="37.50460605137050151824951171875" lon="127.06314579583704471588134765625">
        <ele>55.200000762939453125</ele>
        <time>2026-08-09T11:44:46.000Z</time>
        <extensions>
          <ns3:TrackPointExtension>
            <ns3:hr>135</ns3:hr>
            <ns3:cad>83</ns3:cad>
          </ns3:TrackPointExtension>
        </extensions>
      </trkpt>
      <trkpt lat="37.50459649600088596343994140625" lon="127.06311360932886600494384765625">
        <ele>55.200000762939453125</ele>
        <time>2026-08-09T11:44:47.000Z</time>
        <extensions>
          <ns3:TrackPointExtension>
            <ns3:hr>135</ns3:hr>
            <ns3:cad>83</ns3:cad>
          </ns3:TrackPointExtension>
        </extensions>
      </trkpt>
      <trkpt lat="37.5045791454613208770751953125" lon="127.06307656131684780120849609375">
        <ele>55.40000152587890625</ele>
        <time>2026-08-09T11:44:48.000Z</time>
        <extensions>
          <ns3:TrackPointExtension>
            <ns3:hr>135</ns3:hr>
            <ns3:cad>83</ns3:cad>
          </ns3:TrackPointExtension>
        </extensions>
      </trkpt>
      <trkpt lat="37.5045660696923732757568359375" lon="127.063046135008335113525390625">
        <ele>55.40000152587890625</ele>
        <time>2026-08-09T11:44:49.000Z</time>
        <extensions>
          <ns3:TrackPointExtension>
            <ns3:hr>135</ns3:hr>
            <ns3:cad>83</ns3:cad>
          </ns3:TrackPointExtension>
        </extensions>
      </trkpt>
      <trkpt lat="37.5045570172369480133056640625" lon="127.063016630709171295166015625">
        <ele>55.59999847412109375</ele>
        <time>2026-08-09T11:44:50.000Z</time>
        <extensions>
          <ns3:TrackPointExtension>
            <ns3:hr>135</ns3:hr>
            <ns3:cad>83</ns3:cad>
          </ns3:TrackPointExtension>
        </extensions>
      </trkpt>
      <trkpt lat="37.50454452820122241973876953125" lon="127.06297933124005794525146484375">
        <ele>55.59999847412109375</ele>
        <time>2026-08-09T11:44:51.000Z</time>
        <extensions>
          <ns3:TrackPointExtension>
            <ns3:hr>135</ns3:hr>
            <ns3:cad>83</ns3:cad>
          </ns3:TrackPointExtension>
        </extensions>
      </trkpt>
      <trkpt lat="37.50454100780189037322998046875" lon="127.0629510842263698577880859375">
        <ele>55.799999237060546875</ele>
        <time>2026-08-09T11:44:52.000Z</time>
        <extensions>
          <ns3:TrackPointExtension>
            <ns3:hr>135</ns3:hr>
            <ns3:cad>83</ns3:cad>
          </ns3:TrackPointExtension>
        </extensions>
      </trkpt>
      <trkpt lat="37.50453296117484569549560546875" lon="127.062916718423366546630859375">
        <ele>55.799999237060546875</ele>
        <time>2026-08-09T11:44:53.000Z</time>
        <extensions>
          <ns3:TrackPointExtension>
            <ns3:hr>135</ns3:hr>
            <ns3:cad>83</ns3:cad>
          </ns3:TrackPointExtension>
        </extensions>
      </trkpt>
      <trkpt lat="37.50452776439487934112548828125" lon="127.06288863904774188995361328125">
        <ele>56</ele>
        <time>2026-08-09T11:44:54.000Z</time>
        <extensions>
          <ns3:TrackPointExtension>
            <ns3:hr>135</ns3:hr>
            <ns3:cad>83</ns3:cad>
          </ns3:TrackPointExtension>
        </extensions>
      </trkpt>
      <trkpt lat="37.5045221485197544097900390625" lon="127.06286366097629070281982421875">
        <ele>56</ele>
        <time>2026-08-09T11:44:55.000Z</time>
        <extensions>
          <ns3:TrackPointExtension>
            <ns3:hr>136</ns3:hr>
            <ns3:cad>83</ns3:cad>
          </ns3:TrackPointExtension>
        </extensions>
      </trkpt>
      <trkpt lat="37.50450965948402881622314453125" lon="127.06282108090817928314208984375">
        <ele>56</ele>
        <time>2026-08-09T11:44:56.000Z</time>
        <extensions>
          <ns3:TrackPointExtension>
            <ns3:hr>135</ns3:hr>
            <ns3:cad>83</ns3:cad>
          </ns3:TrackPointExtension>
        </extensions>
      </trkpt>
      <trkpt lat="37.504500187933444976806640625" lon="127.06279073841869831085205078125">
        <ele>56.200000762939453125</ele>
        <time>2026-08-09T11:44:57.000Z</time>
        <extensions>
          <ns3:TrackPointExtension>
            <ns3:hr>135</ns3:hr>
            <ns3:cad>82</ns3:cad>
          </ns3:TrackPointExtension>
        </extensions>
      </trkpt>
      <trkpt lat="37.50448954291641712188720703125" lon="127.062756456434726715087890625">
        <ele>56.200000762939453125</ele>
        <time>2026-08-09T11:44:58.000Z</time>
        <extensions>
          <ns3:TrackPointExtension>
            <ns3:hr>135</ns3:hr>
            <ns3:cad>82</ns3:cad>
          </ns3:TrackPointExtension>
        </extensions>
      </trkpt>
      <trkpt lat="37.5044809095561504364013671875" lon="127.062710858881473541259765625">
        <ele>56.40000152587890625</ele>
        <time>2026-08-09T11:44:59.000Z</time>
        <extensions>
          <ns3:TrackPointExtension>
            <ns3:hr>135</ns3:hr>
            <ns3:cad>82</ns3:cad>
          </ns3:TrackPointExtension>
        </extensions>
      </trkpt>
      <trkpt lat="37.5044718571007251739501953125" lon="127.06268596462905406951904296875">
        <ele>56.40000152587890625</ele>
        <time>2026-08-09T11:45:00.000Z</time>
        <extensions>
          <ns3:TrackPointExtension>
            <ns3:hr>135</ns3:hr>
            <ns3:cad>82</ns3:cad>
          </ns3:TrackPointExtension>
        </extensions>
      </trkpt>
      <trkpt lat="37.50445718877017498016357421875" lon="127.0626506768167018890380859375">
        <ele>56.59999847412109375</ele>
        <time>2026-08-09T11:45:01.000Z</time>
        <extensions>
          <ns3:TrackPointExtension>
            <ns3:hr>136</ns3:hr>
            <ns3:cad>82</ns3:cad>
          </ns3:TrackPointExtension>
        </extensions>
      </trkpt>
      <trkpt lat="37.50445132143795490264892578125" lon="127.06261740066111087799072265625">
        <ele>56.59999847412109375</ele>
        <time>2026-08-09T11:45:02.000Z</time>
        <extensions>
          <ns3:TrackPointExtension>
            <ns3:hr>136</ns3:hr>
            <ns3:cad>82</ns3:cad>
          </ns3:TrackPointExtension>
        </extensions>
      </trkpt>
      <trkpt lat="37.5044430233538150787353515625" lon="127.0625923387706279754638671875">
        <ele>56.59999847412109375</ele>
        <time>2026-08-09T11:45:03.000Z</time>
        <extensions>
          <ns3:TrackPointExtension>
            <ns3:hr>136</ns3:hr>
            <ns3:cad>82</ns3:cad>
          </ns3:TrackPointExtension>
        </extensions>
      </trkpt>
      <trkpt lat="37.50443221069872379302978515625" lon="127.06255101598799228668212890625">
        <ele>56.59999847412109375</ele>
        <time>2026-08-09T11:45:04.000Z</time>
        <extensions>
          <ns3:TrackPointExtension>
            <ns3:hr>136</ns3:hr>
            <ns3:cad>82</ns3:cad>
          </ns3:TrackPointExtension>
        </extensions>
      </trkpt>
      <trkpt lat="37.5044208951294422149658203125" lon="127.06251782365143299102783203125">
        <ele>56.799999237060546875</ele>
        <time>2026-08-09T11:45:05.000Z</time>
        <extensions>
          <ns3:TrackPointExtension>
            <ns3:hr>136</ns3:hr>
            <ns3:cad>82</ns3:cad>
          </ns3:TrackPointExtension>
        </extensions>
      </trkpt>
      <trkpt lat="37.5044098310172557830810546875" lon="127.0624837093055248260498046875">
        <ele>56.799999237060546875</ele>
        <time>2026-08-09T11:45:06.000Z</time>
        <extensions>
          <ns3:TrackPointExtension>
            <ns3:hr>136</ns3:hr>
            <ns3:cad>82</ns3:cad>
          </ns3:TrackPointExtension>
        </extensions>
      </trkpt>
      <trkpt lat="37.504403293132781982421875" lon="127.06244523636996746063232421875">
        <ele>57</ele>
        <time>2026-08-09T11:45:07.000Z</time>
        <extensions>
          <ns3:TrackPointExtension>
            <ns3:hr>137</ns3:hr>
            <ns3:cad>82</ns3:cad>
          </ns3:TrackPointExtension>
        </extensions>
      </trkpt>
      <trkpt lat="37.5043913908302783966064453125" lon="127.062418162822723388671875">
        <ele>56.799999237060546875</ele>
        <time>2026-08-09T11:45:08.000Z</time>
        <extensions>
          <ns3:TrackPointExtension>
            <ns3:hr>137</ns3:hr>
            <ns3:cad>82</ns3:cad>
          </ns3:TrackPointExtension>
        </extensions>
      </trkpt>
      <trkpt lat="37.504376471042633056640625" lon="127.06237382255494594573974609375">
        <ele>56.799999237060546875</ele>
        <time>2026-08-09T11:45:09.000Z</time>
        <extensions>
          <ns3:TrackPointExtension>
            <ns3:hr>137</ns3:hr>
            <ns3:cad>83</ns3:cad>
          </ns3:TrackPointExtension>
        </extensions>
      </trkpt>
      <trkpt lat="37.5043638981878757476806640625" lon="127.06233836710453033447265625">
        <ele>56.799999237060546875</ele>
        <time>2026-08-09T11:45:10.000Z</time>
        <extensions>
          <ns3:TrackPointExtension>
            <ns3:hr>137</ns3:hr>
            <ns3:cad>83</ns3:cad>
          </ns3:TrackPointExtension>
        </extensions>
      </trkpt>
      <trkpt lat="37.504352666437625885009765625" lon="127.06231028772890567779541015625">
        <ele>56.799999237060546875</ele>
        <time>2026-08-09T11:45:11.000Z</time>
        <extensions>
          <ns3:TrackPointExtension>
            <ns3:hr>137</ns3:hr>
            <ns3:cad>83</ns3:cad>
          </ns3:TrackPointExtension>
        </extensions>
      </trkpt>
      <trkpt lat="37.50434034503996372222900390625" lon="127.06227005459368228912353515625">
        <ele>56.799999237060546875</ele>
        <time>2026-08-09T11:45:12.000Z</time>
        <extensions>
          <ns3:TrackPointExtension>
            <ns3:hr>137</ns3:hr>
            <ns3:cad>82</ns3:cad>
          </ns3:TrackPointExtension>
        </extensions>
      </trkpt>
      <trkpt lat="37.50432752072811126708984375" lon="127.0622523687779903411865234375">
        <ele>57</ele>
        <time>2026-08-09T11:45:13.000Z</time>
        <extensions>
          <ns3:TrackPointExtension>
            <ns3:hr>136</ns3:hr>
            <ns3:cad>82</ns3:cad>
          </ns3:TrackPointExtension>
        </extensions>
      </trkpt>
      <trkpt lat="37.50431637279689311981201171875" lon="127.0622309111058712005615234375">
        <ele>57</ele>
        <time>2026-08-09T11:45:14.000Z</time>
        <extensions>
          <ns3:TrackPointExtension>
            <ns3:hr>137</ns3:hr>
            <ns3:cad>82</ns3:cad>
          </ns3:TrackPointExtension>
        </extensions>
      </trkpt>
      <trkpt lat="37.50430966727435588836669921875" lon="127.06219713203608989715576171875">
        <ele>57</ele>
        <time>2026-08-09T11:45:15.000Z</time>
        <extensions>
          <ns3:TrackPointExtension>
            <ns3:hr>137</ns3:hr>
            <ns3:cad>82</ns3:cad>
          </ns3:TrackPointExtension>
        </extensions>
      </trkpt>
      <trkpt lat="37.5042971782386302947998046875" lon="127.06217500381171703338623046875">
        <ele>57</ele>
        <time>2026-08-09T11:45:16.000Z</time>
        <extensions>
          <ns3:TrackPointExtension>
            <ns3:hr>136</ns3:hr>
            <ns3:cad>82</ns3:cad>
          </ns3:TrackPointExtension>
        </extensions>
      </trkpt>
      <trkpt lat="37.50428552739322185516357421875" lon="127.062135525047779083251953125">
        <ele>56.799999237060546875</ele>
        <time>2026-08-09T11:45:17.000Z</time>
        <extensions>
          <ns3:TrackPointExtension>
            <ns3:hr>137</ns3:hr>
            <ns3:cad>82</ns3:cad>
          </ns3:TrackPointExtension>
        </extensions>
      </trkpt>
      <trkpt lat="37.504280917346477508544921875" lon="127.06210099160671234130859375">
        <ele>56.59999847412109375</ele>
        <time>2026-08-09T11:45:18.000Z</time>
        <extensions>
          <ns3:TrackPointExtension>
            <ns3:hr>137</ns3:hr>
            <ns3:cad>82</ns3:cad>
          </ns3:TrackPointExtension>
        </extensions>
      </trkpt>
      <trkpt lat="37.5042740441858768463134765625" lon="127.06207358278334140777587890625">
        <ele>56.59999847412109375</ele>
        <time>2026-08-09T11:45:19.000Z</time>
        <extensions>
          <ns3:TrackPointExtension>
            <ns3:hr>137</ns3:hr>
            <ns3:cad>81</ns3:cad>
          </ns3:TrackPointExtension>
        </extensions>
      </trkpt>
      <trkpt lat="37.5042572803795337677001953125" lon="127.0620287396013736724853515625">
        <ele>56.59999847412109375</ele>
        <time>2026-08-09T11:45:20.000Z</time>
        <extensions>
          <ns3:TrackPointExtension>
            <ns3:hr>136</ns3:hr>
            <ns3:cad>81</ns3:cad>
          </ns3:TrackPointExtension>
        </extensions>
      </trkpt>
      <trkpt lat="37.50424864701926708221435546875" lon="127.06200133077800273895263671875">
        <ele>56.40000152587890625</ele>
        <time>2026-08-09T11:45:21.000Z</time>
        <extensions>
          <ns3:TrackPointExtension>
            <ns3:hr>136</ns3:hr>
            <ns3:cad>81</ns3:cad>
          </ns3:TrackPointExtension>
        </extensions>
      </trkpt>
      <trkpt lat="37.50423498451709747314453125" lon="127.061969228088855743408203125">
        <ele>56.40000152587890625</ele>
        <time>2026-08-09T11:45:22.000Z</time>
        <extensions>
          <ns3:TrackPointExtension>
            <ns3:hr>136</ns3:hr>
            <ns3:cad>82</ns3:cad>
          </ns3:TrackPointExtension>
        </extensions>
      </trkpt>
      <trkpt lat="37.50422987155616283416748046875" lon="127.06192958168685436248779296875">
        <ele>56.40000152587890625</ele>
        <time>2026-08-09T11:45:23.000Z</time>
        <extensions>
          <ns3:TrackPointExtension>
            <ns3:hr>136</ns3:hr>
            <ns3:cad>82</ns3:cad>
          </ns3:TrackPointExtension>
        </extensions>
      </trkpt>
      <trkpt lat="37.5042193941771984100341796875" lon="127.06190175376832485198974609375">
        <ele>56.40000152587890625</ele>
        <time>2026-08-09T11:45:24.000Z</time>
        <extensions>
          <ns3:TrackPointExtension>
            <ns3:hr>136</ns3:hr>
            <ns3:cad>82</ns3:cad>
          </ns3:TrackPointExtension>
        </extensions>
      </trkpt>
      <trkpt lat="37.5042061507701873779296875" lon="127.0618647895753383636474609375">
        <ele>56.200000762939453125</ele>
        <time>2026-08-09T11:45:25.000Z</time>
        <extensions>
          <ns3:TrackPointExtension>
            <ns3:hr>136</ns3:hr>
            <ns3:cad>82</ns3:cad>
          </ns3:TrackPointExtension>
        </extensions>
      </trkpt>
      <trkpt lat="37.504199780523777008056640625" lon="127.06183101050555706024169921875">
        <ele>56.200000762939453125</ele>
        <time>2026-08-09T11:45:26.000Z</time>
        <extensions>
          <ns3:TrackPointExtension>
            <ns3:hr>137</ns3:hr>
            <ns3:cad>82</ns3:cad>
          </ns3:TrackPointExtension>
        </extensions>
      </trkpt>
      <trkpt lat="37.50419072806835174560546875" lon="127.06180888228118419647216796875">
        <ele>56</ele>
        <time>2026-08-09T11:45:27.000Z</time>
        <extensions>
          <ns3:TrackPointExtension>
            <ns3:hr>136</ns3:hr>
            <ns3:cad>82</ns3:cad>
          </ns3:TrackPointExtension>
        </extensions>
      </trkpt>
      <trkpt lat="37.504174970090389251708984375" lon="127.06176965497434139251708984375">
        <ele>56</ele>
        <time>2026-08-09T11:45:28.000Z</time>
        <extensions>
          <ns3:TrackPointExtension>
            <ns3:hr>136</ns3:hr>
            <ns3:cad>83</ns3:cad>
          </ns3:TrackPointExtension>
        </extensions>
      </trkpt>
      <trkpt lat="37.50416516326367855072021484375" lon="127.06174266524612903594970703125">
        <ele>56</ele>
        <time>2026-08-09T11:45:29.000Z</time>
        <extensions>
          <ns3:TrackPointExtension>
            <ns3:hr>136</ns3:hr>
            <ns3:cad>83</ns3:cad>
          </ns3:TrackPointExtension>
        </extensions>
      </trkpt>
      <trkpt lat="37.504154182970523834228515625" lon="127.06171207129955291748046875">
        <ele>56</ele>
        <time>2026-08-09T11:45:30.000Z</time>
        <extensions>
          <ns3:TrackPointExtension>
            <ns3:hr>136</ns3:hr>
            <ns3:cad>83</ns3:cad>
          </ns3:TrackPointExtension>
        </extensions>
      </trkpt>
      <trkpt lat="37.5041402690112590789794921875" lon="127.06167519092559814453125">
        <ele>55.799999237060546875</ele>
        <time>2026-08-09T11:45:31.000Z</time>
        <extensions>
          <ns3:TrackPointExtension>
            <ns3:hr>136</ns3:hr>
            <ns3:cad>81</ns3:cad>
          </ns3:TrackPointExtension>
        </extensions>
      </trkpt>
      <trkpt lat="37.50412308610975742340087890625" lon="127.0616518892347812652587890625">
        <ele>55.799999237060546875</ele>
        <time>2026-08-09T11:45:32.000Z</time>
        <extensions>
          <ns3:TrackPointExtension>
            <ns3:hr>136</ns3:hr>
            <ns3:cad>81</ns3:cad>
          </ns3:TrackPointExtension>
        </extensions>
      </trkpt>
      <trkpt lat="37.50410514883697032928466796875" lon="127.06161626614630222320556640625">
        <ele>55.59999847412109375</ele>
        <time>2026-08-09T11:45:33.000Z</time>
        <extensions>
          <ns3:TrackPointExtension>
            <ns3:hr>137</ns3:hr>
            <ns3:cad>81</ns3:cad>
          </ns3:TrackPointExtension>
        </extensions>
      </trkpt>
      <trkpt lat="37.50409626401960849761962890625" lon="127.061583995819091796875">
        <ele>55.59999847412109375</ele>
        <time>2026-08-09T11:45:34.000Z</time>
        <extensions>
          <ns3:TrackPointExtension>
            <ns3:hr>136</ns3:hr>
            <ns3:cad>83</ns3:cad>
          </ns3:TrackPointExtension>
        </extensions>
      </trkpt>
      <trkpt lat="37.5040896423161029815673828125" lon="127.06155809573829174041748046875">
        <ele>55.59999847412109375</ele>
        <time>2026-08-09T11:45:35.000Z</time>
        <extensions>
          <ns3:TrackPointExtension>
            <ns3:hr>135</ns3:hr>
            <ns3:cad>83</ns3:cad>
          </ns3:TrackPointExtension>
        </extensions>
      </trkpt>
      <trkpt lat="37.50407673418521881103515625" lon="127.0615077205002307891845703125">
        <ele>55.59999847412109375</ele>
        <time>2026-08-09T11:45:36.000Z</time>
        <extensions>
          <ns3:TrackPointExtension>
            <ns3:hr>135</ns3:hr>
            <ns3:cad>83</ns3:cad>
          </ns3:TrackPointExtension>
        </extensions>
      </trkpt>
      <trkpt lat="37.5040661729872226715087890625" lon="127.06147830002009868621826171875">
        <ele>55.40000152587890625</ele>
        <time>2026-08-09T11:45:37.000Z</time>
        <extensions>
          <ns3:TrackPointExtension>
            <ns3:hr>135</ns3:hr>
            <ns3:cad>83</ns3:cad>
          </ns3:TrackPointExtension>
        </extensions>
      </trkpt>
      <trkpt lat="37.50405787490308284759521484375" lon="127.06144695170223712921142578125">
        <ele>55.40000152587890625</ele>
        <time>2026-08-09T11:45:38.000Z</time>
        <extensions>
          <ns3:TrackPointExtension>
            <ns3:hr>135</ns3:hr>
            <ns3:cad>83</ns3:cad>
          </ns3:TrackPointExtension>
        </extensions>
      </trkpt>
      <trkpt lat="37.504050917923450469970703125" lon="127.06140705384314060211181640625">
        <ele>55.40000152587890625</ele>
        <time>2026-08-09T11:45:39.000Z</time>
        <extensions>
          <ns3:TrackPointExtension>
            <ns3:hr>135</ns3:hr>
            <ns3:cad>83</ns3:cad>
          </ns3:TrackPointExtension>
        </extensions>
      </trkpt>
      <trkpt lat="37.50403557904064655303955078125" lon="127.0613816566765308380126953125">
        <ele>55.200000762939453125</ele>
        <time>2026-08-09T11:45:40.000Z</time>
        <extensions>
          <ns3:TrackPointExtension>
            <ns3:hr>135</ns3:hr>
            <ns3:cad>83</ns3:cad>
          </ns3:TrackPointExtension>
        </extensions>
      </trkpt>
      <trkpt lat="37.50401814468204975128173828125" lon="127.06134418956935405731201171875">
        <ele>55.200000762939453125</ele>
        <time>2026-08-09T11:45:41.000Z</time>
        <extensions>
          <ns3:TrackPointExtension>
            <ns3:hr>136</ns3:hr>
            <ns3:cad>82</ns3:cad>
          </ns3:TrackPointExtension>
        </extensions>
      </trkpt>
      <trkpt lat="37.50401160679757595062255859375" lon="127.06131032668054103851318359375">
        <ele>55.200000762939453125</ele>
        <time>2026-08-09T11:45:42.000Z</time>
        <extensions>
          <ns3:TrackPointExtension>
            <ns3:hr>136</ns3:hr>
            <ns3:cad>81</ns3:cad>
          </ns3:TrackPointExtension>
        </extensions>
      </trkpt>
      <trkpt lat="37.5040095113217830657958984375" lon="127.061280570924282073974609375">
        <ele>55.200000762939453125</ele>
        <time>2026-08-09T11:45:43.000Z</time>
        <extensions>
          <ns3:TrackPointExtension>
            <ns3:hr>135</ns3:hr>
            <ns3:cad>81</ns3:cad>
          </ns3:TrackPointExtension>
        </extensions>
      </trkpt>
      <trkpt lat="37.503995262086391448974609375" lon="127.06124679185450077056884765625">
        <ele>55.200000762939453125</ele>
        <time>2026-08-09T11:45:44.000Z</time>
        <extensions>
          <ns3:TrackPointExtension>
            <ns3:hr>135</ns3:hr>
            <ns3:cad>82</ns3:cad>
          </ns3:TrackPointExtension>
        </extensions>
      </trkpt>
      <trkpt lat="37.50398411415517330169677734375" lon="127.06121209077537059783935546875">
        <ele>55</ele>
        <time>2026-08-09T11:45:45.000Z</time>
        <extensions>
          <ns3:TrackPointExtension>
            <ns3:hr>135</ns3:hr>
            <ns3:cad>82</ns3:cad>
          </ns3:TrackPointExtension>
        </extensions>
      </trkpt>
      <trkpt lat="37.503973804414272308349609375" lon="127.061187364161014556884765625">
        <ele>54.799999237060546875</ele>
        <time>2026-08-09T11:45:46.000Z</time>
        <extensions>
          <ns3:TrackPointExtension>
            <ns3:hr>135</ns3:hr>
            <ns3:cad>82</ns3:cad>
          </ns3:TrackPointExtension>
        </extensions>
      </trkpt>
      <trkpt lat="37.503953687846660614013671875" lon="127.06114017404615879058837890625">
        <ele>54.799999237060546875</ele>
        <time>2026-08-09T11:45:47.000Z</time>
        <extensions>
          <ns3:TrackPointExtension>
            <ns3:hr>135</ns3:hr>
            <ns3:cad>82</ns3:cad>
          </ns3:TrackPointExtension>
        </extensions>
      </trkpt>
      <trkpt lat="37.50394304282963275909423828125" lon="127.06110413186252117156982421875">
        <ele>54.59999847412109375</ele>
        <time>2026-08-09T11:45:48.000Z</time>
        <extensions>
          <ns3:TrackPointExtension>
            <ns3:hr>134</ns3:hr>
            <ns3:cad>82</ns3:cad>
          </ns3:TrackPointExtension>
        </extensions>
      </trkpt>
      <trkpt lat="37.50393080525100231170654296875" lon="127.06106725148856639862060546875">
        <ele>54.59999847412109375</ele>
        <time>2026-08-09T11:45:49.000Z</time>
        <extensions>
          <ns3:TrackPointExtension>
            <ns3:hr>134</ns3:hr>
            <ns3:cad>82</ns3:cad>
          </ns3:TrackPointExtension>
        </extensions>
      </trkpt>
      <trkpt lat="37.5039245188236236572265625" lon="127.061027102172374725341796875">
        <ele>54.59999847412109375</ele>
        <time>2026-08-09T11:45:50.000Z</time>
        <extensions>
          <ns3:TrackPointExtension>
            <ns3:hr>133</ns3:hr>
            <ns3:cad>80</ns3:cad>
          </ns3:TrackPointExtension>
        </extensions>
      </trkpt>
      <trkpt lat="37.50391152687370777130126953125" lon="127.06099717877805233001708984375">
        <ele>54.59999847412109375</ele>
        <time>2026-08-09T11:45:51.000Z</time>
        <extensions>
          <ns3:TrackPointExtension>
            <ns3:hr>133</ns3:hr>
            <ns3:cad>80</ns3:cad>
          </ns3:TrackPointExtension>
        </extensions>
      </trkpt>
      <trkpt lat="37.50390239059925079345703125" lon="127.06097069196403026580810546875">
        <ele>54.40000152587890625</ele>
        <time>2026-08-09T11:45:52.000Z</time>
        <extensions>
          <ns3:TrackPointExtension>
            <ns3:hr>133</ns3:hr>
            <ns3:cad>80</ns3:cad>
          </ns3:TrackPointExtension>
        </extensions>
      </trkpt>
      <trkpt lat="37.5039028935134410858154296875" lon="127.06094135530292987823486328125">
        <ele>54.40000152587890625</ele>
        <time>2026-08-09T11:45:53.000Z</time>
        <extensions>
          <ns3:TrackPointExtension>
            <ns3:hr>132</ns3:hr>
            <ns3:cad>80</ns3:cad>
          </ns3:TrackPointExtension>
        </extensions>
      </trkpt>
      <trkpt lat="37.5038976967334747314453125" lon="127.06091545522212982177734375">
        <ele>54.200000762939453125</ele>
        <time>2026-08-09T11:45:54.000Z</time>
        <extensions>
          <ns3:TrackPointExtension>
            <ns3:hr>131</ns3:hr>
            <ns3:cad>80</ns3:cad>
          </ns3:TrackPointExtension>
        </extensions>
      </trkpt>
      <trkpt lat="37.50389325432479381561279296875" lon="127.060868851840496063232421875">
        <ele>54.200000762939453125</ele>
        <time>2026-08-09T11:45:55.000Z</time>
        <extensions>
          <ns3:TrackPointExtension>
            <ns3:hr>131</ns3:hr>
            <ns3:cad>80</ns3:cad>
          </ns3:TrackPointExtension>
        </extensions>
      </trkpt>
      <trkpt lat="37.50388990156352519989013671875" lon="127.06083389930427074432373046875">
        <ele>54</ele>
        <time>2026-08-09T11:45:56.000Z</time>
        <extensions>
          <ns3:TrackPointExtension>
            <ns3:hr>130</ns3:hr>
            <ns3:cad>82</ns3:cad>
          </ns3:TrackPointExtension>
        </extensions>
      </trkpt>
      <trkpt lat="37.5038824416697025299072265625" lon="127.06080892123281955718994140625">
        <ele>54</ele>
        <time>2026-08-09T11:45:57.000Z</time>
        <extensions>
          <ns3:TrackPointExtension>
            <ns3:hr>130</ns3:hr>
            <ns3:cad>82</ns3:cad>
          </ns3:TrackPointExtension>
        </extensions>
      </trkpt>
      <trkpt lat="37.503865174949169158935546875" lon="127.06076768226921558380126953125">
        <ele>54</ele>
        <time>2026-08-09T11:45:58.000Z</time>
        <extensions>
          <ns3:TrackPointExtension>
            <ns3:hr>129</ns3:hr>
            <ns3:cad>82</ns3:cad>
          </ns3:TrackPointExtension>
        </extensions>
      </trkpt>
      <trkpt lat="37.5038589723408222198486328125" lon="127.0607382617890834808349609375">
        <ele>54</ele>
        <time>2026-08-09T11:45:59.000Z</time>
        <extensions>
          <ns3:TrackPointExtension>
            <ns3:hr>129</ns3:hr>
            <ns3:cad>82</ns3:cad>
          </ns3:TrackPointExtension>
        </extensions>
      </trkpt>
      <trkpt lat="37.5038485787808895111083984375" lon="127.0607136189937591552734375">
        <ele>54</ele>
        <time>2026-08-09T11:46:00.000Z</time>
        <extensions>
          <ns3:TrackPointExtension>
            <ns3:hr>130</ns3:hr>
            <ns3:cad>81</ns3:cad>
          </ns3:TrackPointExtension>
        </extensions>
      </trkpt>
      <trkpt lat="37.503842376172542572021484375" lon="127.0606809295713901519775390625">
        <ele>53.799999237060546875</ele>
        <time>2026-08-09T11:46:01.000Z</time>
        <extensions>
          <ns3:TrackPointExtension>
            <ns3:hr>130</ns3:hr>
            <ns3:cad>81</ns3:cad>
          </ns3:TrackPointExtension>
        </extensions>
      </trkpt>
      <trkpt lat="37.50383659265935420989990234375" lon="127.06065335310995578765869140625">
        <ele>53.799999237060546875</ele>
        <time>2026-08-09T11:46:02.000Z</time>
        <extensions>
          <ns3:TrackPointExtension>
            <ns3:hr>130</ns3:hr>
            <ns3:cad>81</ns3:cad>
          </ns3:TrackPointExtension>
        </extensions>
      </trkpt>
      <trkpt lat="37.50382519327104091644287109375" lon="127.06061781384050846099853515625">
        <ele>53.59999847412109375</ele>
        <time>2026-08-09T11:46:03.000Z</time>
        <extensions>
          <ns3:TrackPointExtension>
            <ns3:hr>130</ns3:hr>
            <ns3:cad>82</ns3:cad>
          </ns3:TrackPointExtension>
        </extensions>
      </trkpt>
      <trkpt lat="37.5038143806159496307373046875" lon="127.0605897344648838043212890625">
        <ele>53.40000152587890625</ele>
        <time>2026-08-09T11:46:04.000Z</time>
        <extensions>
          <ns3:TrackPointExtension>
            <ns3:hr>130</ns3:hr>
            <ns3:cad>82</ns3:cad>
          </ns3:TrackPointExtension>
        </extensions>
      </trkpt>
      <trkpt lat="37.50380708836019039154052734375" lon="127.06056282855570316314697265625">
        <ele>53.200000762939453125</ele>
        <time>2026-08-09T11:46:05.000Z</time>
        <extensions>
          <ns3:TrackPointExtension>
            <ns3:hr>129</ns3:hr>
            <ns3:cad>82</ns3:cad>
          </ns3:TrackPointExtension>
        </extensions>
      </trkpt>
      <trkpt lat="37.50379686243832111358642578125" lon="127.06052326597273349761962890625">
        <ele>53.200000762939453125</ele>
        <time>2026-08-09T11:46:06.000Z</time>
        <extensions>
          <ns3:TrackPointExtension>
            <ns3:hr>129</ns3:hr>
            <ns3:cad>81</ns3:cad>
          </ns3:TrackPointExtension>
        </extensions>
      </trkpt>
      <trkpt lat="37.5037858821451663970947265625" lon="127.06049703061580657958984375">
        <ele>53.200000762939453125</ele>
        <time>2026-08-09T11:46:07.000Z</time>
        <extensions>
          <ns3:TrackPointExtension>
            <ns3:hr>129</ns3:hr>
            <ns3:cad>81</ns3:cad>
          </ns3:TrackPointExtension>
        </extensions>
      </trkpt>
      <trkpt lat="37.503770627081394195556640625" lon="127.06046216189861297607421875">
        <ele>53</ele>
        <time>2026-08-09T11:46:08.000Z</time>
        <extensions>
          <ns3:TrackPointExtension>
            <ns3:hr>129</ns3:hr>
            <ns3:cad>81</ns3:cad>
          </ns3:TrackPointExtension>
        </extensions>
      </trkpt>
      <trkpt lat="37.50375143252313137054443359375" lon="127.06042234785854816436767578125">
        <ele>53</ele>
        <time>2026-08-09T11:46:09.000Z</time>
        <extensions>
          <ns3:TrackPointExtension>
            <ns3:hr>129</ns3:hr>
            <ns3:cad>82</ns3:cad>
          </ns3:TrackPointExtension>
        </extensions>
      </trkpt>
      <trkpt lat="37.50373751856386661529541015625" lon="127.06039301119744777679443359375">
        <ele>53</ele>
        <time>2026-08-09T11:46:10.000Z</time>
        <extensions>
          <ns3:TrackPointExtension>
            <ns3:hr>129</ns3:hr>
            <ns3:cad>82</ns3:cad>
          </ns3:TrackPointExtension>
        </extensions>
      </trkpt>
      <trkpt lat="37.50372125767171382904052734375" lon="127.060349844396114349365234375">
        <ele>53</ele>
        <time>2026-08-09T11:46:11.000Z</time>
        <extensions>
          <ns3:TrackPointExtension>
            <ns3:hr>129</ns3:hr>
            <ns3:cad>82</ns3:cad>
          </ns3:TrackPointExtension>
        </extensions>
      </trkpt>
      <trkpt lat="37.50371002592146396636962890625" lon="127.0603161491453647613525390625">
        <ele>52.799999237060546875</ele>
        <time>2026-08-09T11:46:12.000Z</time>
        <extensions>
          <ns3:TrackPointExtension>
            <ns3:hr>129</ns3:hr>
            <ns3:cad>82</ns3:cad>
          </ns3:TrackPointExtension>
        </extensions>
      </trkpt>
      <trkpt lat="37.50370147638022899627685546875" lon="127.0602933503687381744384765625">
        <ele>52.799999237060546875</ele>
        <time>2026-08-09T11:46:13.000Z</time>
        <extensions>
          <ns3:TrackPointExtension>
            <ns3:hr>129</ns3:hr>
            <ns3:cad>82</ns3:cad>
          </ns3:TrackPointExtension>
        </extensions>
      </trkpt>
      <trkpt lat="37.50368873588740825653076171875" lon="127.060255967080593109130859375">
        <ele>52.799999237060546875</ele>
        <time>2026-08-09T11:46:14.000Z</time>
        <extensions>
          <ns3:TrackPointExtension>
            <ns3:hr>129</ns3:hr>
            <ns3:cad>82</ns3:cad>
          </ns3:TrackPointExtension>
        </extensions>
      </trkpt>
      <trkpt lat="37.50367515720427036285400390625" lon="127.0602283068001270294189453125">
        <ele>52.59999847412109375</ele>
        <time>2026-08-09T11:46:15.000Z</time>
        <extensions>
          <ns3:TrackPointExtension>
            <ns3:hr>129</ns3:hr>
            <ns3:cad>82</ns3:cad>
          </ns3:TrackPointExtension>
        </extensions>
      </trkpt>
      <trkpt lat="37.503659985959529876708984375" lon="127.06019268371164798736572265625">
        <ele>52.59999847412109375</ele>
        <time>2026-08-09T11:46:16.000Z</time>
        <extensions>
          <ns3:TrackPointExtension>
            <ns3:hr>129</ns3:hr>
            <ns3:cad>82</ns3:cad>
          </ns3:TrackPointExtension>
        </extensions>
      </trkpt>
      <trkpt lat="37.503646910190582275390625" lon="127.0601532049477100372314453125">
        <ele>52.40000152587890625</ele>
        <time>2026-08-09T11:46:17.000Z</time>
        <extensions>
          <ns3:TrackPointExtension>
            <ns3:hr>129</ns3:hr>
            <ns3:cad>82</ns3:cad>
          </ns3:TrackPointExtension>
        </extensions>
      </trkpt>
      <trkpt lat="37.503639869391918182373046875" lon="127.06012210808694362640380859375">
        <ele>52.40000152587890625</ele>
        <time>2026-08-09T11:46:18.000Z</time>
        <extensions>
          <ns3:TrackPointExtension>
            <ns3:hr>129</ns3:hr>
            <ns3:cad>82</ns3:cad>
          </ns3:TrackPointExtension>
        </extensions>
      </trkpt>
      <trkpt lat="37.5036296434700489044189453125" lon="127.06008472479879856109619140625">
        <ele>52.200000762939453125</ele>
        <time>2026-08-09T11:46:19.000Z</time>
        <extensions>
          <ns3:TrackPointExtension>
            <ns3:hr>129</ns3:hr>
            <ns3:cad>82</ns3:cad>
          </ns3:TrackPointExtension>
        </extensions>
      </trkpt>
      <trkpt lat="37.50362704508006572723388671875" lon="127.06004817970097064971923828125">
        <ele>52</ele>
        <time>2026-08-09T11:46:20.000Z</time>
        <extensions>
          <ns3:TrackPointExtension>
            <ns3:hr>129</ns3:hr>
            <ns3:cad>82</ns3:cad>
          </ns3:TrackPointExtension>
        </extensions>
      </trkpt>
      <trkpt lat="37.50362268649041652679443359375" lon="127.06001230515539646148681640625">
        <ele>51.799999237060546875</ele>
        <time>2026-08-09T11:46:21.000Z</time>
        <extensions>
          <ns3:TrackPointExtension>
            <ns3:hr>129</ns3:hr>
            <ns3:cad>83</ns3:cad>
          </ns3:TrackPointExtension>
        </extensions>
      </trkpt>
      <trkpt lat="37.50361514277756214141845703125" lon="127.05997793935239315032958984375">
        <ele>51.799999237060546875</ele>
        <time>2026-08-09T11:46:22.000Z</time>
        <extensions>
          <ns3:TrackPointExtension>
            <ns3:hr>128</ns3:hr>
            <ns3:cad>83</ns3:cad>
          </ns3:TrackPointExtension>
        </extensions>
      </trkpt>
      <trkpt lat="37.50361061654984951019287109375" lon="127.05995497293770313262939453125">
        <ele>51.799999237060546875</ele>
        <time>2026-08-09T11:46:23.000Z</time>
        <extensions>
          <ns3:TrackPointExtension>
            <ns3:hr>128</ns3:hr>
            <ns3:cad>83</ns3:cad>
          </ns3:TrackPointExtension>
        </extensions>
      </trkpt>
      <trkpt lat="37.50360198318958282470703125" lon="127.0599299110472202301025390625">
        <ele>51.799999237060546875</ele>
        <time>2026-08-09T11:46:24.000Z</time>
        <extensions>
          <ns3:TrackPointExtension>
            <ns3:hr>128</ns3:hr>
            <ns3:cad>83</ns3:cad>
          </ns3:TrackPointExtension>
        </extensions>
      </trkpt>
      <trkpt lat="37.50359402038156986236572265625" lon="127.05990082584321498870849609375">
        <ele>51.799999237060546875</ele>
        <time>2026-08-09T11:46:25.000Z</time>
        <extensions>
          <ns3:TrackPointExtension>
            <ns3:hr>128</ns3:hr>
            <ns3:cad>83</ns3:cad>
          </ns3:TrackPointExtension>
        </extensions>
      </trkpt>
      <trkpt lat="37.50358278863131999969482421875" lon="127.0598794519901275634765625">
        <ele>51.799999237060546875</ele>
        <time>2026-08-09T11:46:26.000Z</time>
        <extensions>
          <ns3:TrackPointExtension>
            <ns3:hr>128</ns3:hr>
            <ns3:cad>83</ns3:cad>
          </ns3:TrackPointExtension>
        </extensions>
      </trkpt>
      <trkpt lat="37.5035639293491840362548828125" lon="127.05982991494238376617431640625">
        <ele>51.59999847412109375</ele>
        <time>2026-08-09T11:46:27.000Z</time>
        <extensions>
          <ns3:TrackPointExtension>
            <ns3:hr>127</ns3:hr>
            <ns3:cad>83</ns3:cad>
          </ns3:TrackPointExtension>
        </extensions>
      </trkpt>
      <trkpt lat="37.5035525299608707427978515625" lon="127.05979873426258563995361328125">
        <ele>51.40000152587890625</ele>
        <time>2026-08-09T11:46:28.000Z</time>
        <extensions>
          <ns3:TrackPointExtension>
            <ns3:hr>127</ns3:hr>
            <ns3:cad>83</ns3:cad>
          </ns3:TrackPointExtension>
        </extensions>
      </trkpt>
      <trkpt lat="37.5035404600203037261962890625" lon="127.0597636140882968902587890625">
        <ele>51.40000152587890625</ele>
        <time>2026-08-09T11:46:29.000Z</time>
        <extensions>
          <ns3:TrackPointExtension>
            <ns3:hr>127</ns3:hr>
            <ns3:cad>82</ns3:cad>
          </ns3:TrackPointExtension>
        </extensions>
      </trkpt>
      <trkpt lat="37.5035302340984344482421875" lon="127.0597263984382152557373046875">
        <ele>51.200000762939453125</ele>
        <time>2026-08-09T11:46:30.000Z</time>
        <extensions>
          <ns3:TrackPointExtension>
            <ns3:hr>127</ns3:hr>
            <ns3:cad>82</ns3:cad>
          </ns3:TrackPointExtension>
        </extensions>
      </trkpt>
      <trkpt lat="37.50352042727172374725341796875" lon="127.05970234237611293792724609375">
        <ele>51</ele>
        <time>2026-08-09T11:46:31.000Z</time>
        <extensions>
          <ns3:TrackPointExtension>
            <ns3:hr>127</ns3:hr>
            <ns3:cad>81</ns3:cad>
          </ns3:TrackPointExtension>
        </extensions>
      </trkpt>
      <trkpt lat="37.50350601039826869964599609375" lon="127.05966898240149021148681640625">
        <ele>51</ele>
        <time>2026-08-09T11:46:32.000Z</time>
        <extensions>
          <ns3:TrackPointExtension>
            <ns3:hr>127</ns3:hr>
            <ns3:cad>81</ns3:cad>
          </ns3:TrackPointExtension>
        </extensions>
      </trkpt>
      <trkpt lat="37.50349477864801883697509765625" lon="127.0596305094659328460693359375">
        <ele>51</ele>
        <time>2026-08-09T11:46:33.000Z</time>
        <extensions>
          <ns3:TrackPointExtension>
            <ns3:hr>126</ns3:hr>
            <ns3:cad>81</ns3:cad>
          </ns3:TrackPointExtension>
        </extensions>
      </trkpt>
      <trkpt lat="37.50348337925970554351806640625" lon="127.05959555692970752716064453125">
        <ele>50.799999237060546875</ele>
        <time>2026-08-09T11:46:34.000Z</time>
        <extensions>
          <ns3:TrackPointExtension>
            <ns3:hr>126</ns3:hr>
            <ns3:cad>81</ns3:cad>
          </ns3:TrackPointExtension>
        </extensions>
      </trkpt>
      <trkpt lat="37.5034754164516925811767578125" lon="127.05955431796610355377197265625">
        <ele>50.799999237060546875</ele>
        <time>2026-08-09T11:46:35.000Z</time>
        <extensions>
          <ns3:TrackPointExtension>
            <ns3:hr>126</ns3:hr>
            <ns3:cad>81</ns3:cad>
          </ns3:TrackPointExtension>
        </extensions>
      </trkpt>
      <trkpt lat="37.5034643523395061492919921875" lon="127.059515677392482757568359375">
        <ele>50.799999237060546875</ele>
        <time>2026-08-09T11:46:36.000Z</time>
        <extensions>
          <ns3:TrackPointExtension>
            <ns3:hr>126</ns3:hr>
            <ns3:cad>81</ns3:cad>
          </ns3:TrackPointExtension>
        </extensions>
      </trkpt>
      <trkpt lat="37.50345655716955661773681640625" lon="127.059482149779796600341796875">
        <ele>50.799999237060546875</ele>
        <time>2026-08-09T11:46:37.000Z</time>
        <extensions>
          <ns3:TrackPointExtension>
            <ns3:hr>126</ns3:hr>
            <ns3:cad>81</ns3:cad>
          </ns3:TrackPointExtension>
        </extensions>
      </trkpt>
      <trkpt lat="37.50344649888575077056884765625" lon="127.05944317393004894256591796875">
        <ele>50.799999237060546875</ele>
        <time>2026-08-09T11:46:38.000Z</time>
        <extensions>
          <ns3:TrackPointExtension>
            <ns3:hr>126</ns3:hr>
            <ns3:cad>81</ns3:cad>
          </ns3:TrackPointExtension>
        </extensions>
      </trkpt>
      <trkpt lat="37.50344012863934040069580078125" lon="127.059402354061603546142578125">
        <ele>50.799999237060546875</ele>
        <time>2026-08-09T11:46:39.000Z</time>
        <extensions>
          <ns3:TrackPointExtension>
            <ns3:hr>126</ns3:hr>
            <ns3:cad>81</ns3:cad>
          </ns3:TrackPointExtension>
        </extensions>
      </trkpt>
      <trkpt lat="37.5034341774880886077880859375" lon="127.05937310121953487396240234375">
        <ele>50.59999847412109375</ele>
        <time>2026-08-09T11:46:40.000Z</time>
        <extensions>
          <ns3:TrackPointExtension>
            <ns3:hr>126</ns3:hr>
            <ns3:cad>82</ns3:cad>
          </ns3:TrackPointExtension>
        </extensions>
      </trkpt>
      <trkpt lat="37.5034197606146335601806640625" lon="127.0593331195414066314697265625">
        <ele>50.59999847412109375</ele>
        <time>2026-08-09T11:46:41.000Z</time>
        <extensions>
          <ns3:TrackPointExtension>
            <ns3:hr>127</ns3:hr>
            <ns3:cad>82</ns3:cad>
          </ns3:TrackPointExtension>
        </extensions>
      </trkpt>
      <trkpt lat="37.50341129489243030548095703125" lon="127.05930755473673343658447265625">
        <ele>50.59999847412109375</ele>
        <time>2026-08-09T11:46:42.000Z</time>
        <extensions>
          <ns3:TrackPointExtension>
            <ns3:hr>127</ns3:hr>
            <ns3:cad>82</ns3:cad>
          </ns3:TrackPointExtension>
        </extensions>
      </trkpt>
      <trkpt lat="37.50339821912348270416259765625" lon="127.0592791400849819183349609375">
        <ele>50.40000152587890625</ele>
        <time>2026-08-09T11:46:43.000Z</time>
        <extensions>
          <ns3:TrackPointExtension>
            <ns3:hr>127</ns3:hr>
            <ns3:cad>81</ns3:cad>
          </ns3:TrackPointExtension>
        </extensions>
      </trkpt>
      <trkpt lat="37.50338749028742313385009765625" lon="127.05924100242555141448974609375">
        <ele>50.40000152587890625</ele>
        <time>2026-08-09T11:46:44.000Z</time>
        <extensions>
          <ns3:TrackPointExtension>
            <ns3:hr>127</ns3:hr>
            <ns3:cad>81</ns3:cad>
          </ns3:TrackPointExtension>
        </extensions>
      </trkpt>
      <trkpt lat="37.50337399542331695556640625" lon="127.05920127220451831817626953125">
        <ele>50.200000762939453125</ele>
        <time>2026-08-09T11:46:45.000Z</time>
        <extensions>
          <ns3:TrackPointExtension>
            <ns3:hr>128</ns3:hr>
            <ns3:cad>81</ns3:cad>
          </ns3:TrackPointExtension>
        </extensions>
      </trkpt>
      <trkpt lat="37.50337240286171436309814453125" lon="127.05915902741253376007080078125">
        <ele>50.200000762939453125</ele>
        <time>2026-08-09T11:46:46.000Z</time>
        <extensions>
          <ns3:TrackPointExtension>
            <ns3:hr>128</ns3:hr>
            <ns3:cad>81</ns3:cad>
          </ns3:TrackPointExtension>
        </extensions>
      </trkpt>
      <trkpt lat="37.5033657811582088470458984375" lon="127.0591192133724689483642578125">
        <ele>50</ele>
        <time>2026-08-09T11:46:47.000Z</time>
        <extensions>
          <ns3:TrackPointExtension>
            <ns3:hr>129</ns3:hr>
            <ns3:cad>82</ns3:cad>
          </ns3:TrackPointExtension>
        </extensions>
      </trkpt>
      <trkpt lat="37.50335966236889362335205078125" lon="127.0590935647487640380859375">
        <ele>50</ele>
        <time>2026-08-09T11:46:48.000Z</time>
        <extensions>
          <ns3:TrackPointExtension>
            <ns3:hr>129</ns3:hr>
            <ns3:cad>83</ns3:cad>
          </ns3:TrackPointExtension>
        </extensions>
      </trkpt>
      <trkpt lat="37.5033453293144702911376953125" lon="127.059047631919384002685546875">
        <ele>50.200000762939453125</ele>
        <time>2026-08-09T11:46:49.000Z</time>
        <extensions>
          <ns3:TrackPointExtension>
            <ns3:hr>129</ns3:hr>
            <ns3:cad>83</ns3:cad>
          </ns3:TrackPointExtension>
        </extensions>
      </trkpt>
      <trkpt lat="37.50333669595420360565185546875" lon="127.0590130984783172607421875">
        <ele>50.200000762939453125</ele>
        <time>2026-08-09T11:46:50.000Z</time>
        <extensions>
          <ns3:TrackPointExtension>
            <ns3:hr>129</ns3:hr>
            <ns3:cad>83</ns3:cad>
          </ns3:TrackPointExtension>
        </extensions>
      </trkpt>
      <trkpt lat="37.5033275596797466278076171875" lon="127.0589804090559482574462890625">
        <ele>50.200000762939453125</ele>
        <time>2026-08-09T11:46:51.000Z</time>
        <extensions>
          <ns3:TrackPointExtension>
            <ns3:hr>130</ns3:hr>
            <ns3:cad>83</ns3:cad>
          </ns3:TrackPointExtension>
        </extensions>
      </trkpt>
      <trkpt lat="37.50331825576722621917724609375" lon="127.05894134938716888427734375">
        <ele>50.200000762939453125</ele>
        <time>2026-08-09T11:46:52.000Z</time>
        <extensions>
          <ns3:TrackPointExtension>
            <ns3:hr>131</ns3:hr>
            <ns3:cad>83</ns3:cad>
          </ns3:TrackPointExtension>
        </extensions>
      </trkpt>
      <trkpt lat="37.5033114664256572723388671875" lon="127.05890673212707042694091796875">
        <ele>50.200000762939453125</ele>
        <time>2026-08-09T11:46:53.000Z</time>
        <extensions>
          <ns3:TrackPointExtension>
            <ns3:hr>131</ns3:hr>
            <ns3:cad>82</ns3:cad>
          </ns3:TrackPointExtension>
        </extensions>
      </trkpt>
      <trkpt lat="37.50330551527440547943115234375" lon="127.0588674210011959075927734375">
        <ele>50.200000762939453125</ele>
        <time>2026-08-09T11:46:54.000Z</time>
        <extensions>
          <ns3:TrackPointExtension>
            <ns3:hr>132</ns3:hr>
            <ns3:cad>82</ns3:cad>
          </ns3:TrackPointExtension>
        </extensions>
      </trkpt>
      <trkpt lat="37.50330694019794464111328125" lon="127.05882660113275051116943359375">
        <ele>50</ele>
        <time>2026-08-09T11:46:55.000Z</time>
        <extensions>
          <ns3:TrackPointExtension>
            <ns3:hr>132</ns3:hr>
            <ns3:cad>82</ns3:cad>
          </ns3:TrackPointExtension>
        </extensions>
      </trkpt>
      <trkpt lat="37.50331171788275241851806640625" lon="127.0587963424623012542724609375">
        <ele>50</ele>
        <time>2026-08-09T11:46:56.000Z</time>
        <extensions>
          <ns3:TrackPointExtension>
            <ns3:hr>132</ns3:hr>
            <ns3:cad>82</ns3:cad>
          </ns3:TrackPointExtension>
        </extensions>
      </trkpt>
      <trkpt lat="37.50333133153617382049560546875" lon="127.058761306107044219970703125">
        <ele>49.799999237060546875</ele>
        <time>2026-08-09T11:46:57.000Z</time>
        <extensions>
          <ns3:TrackPointExtension>
            <ns3:hr>132</ns3:hr>
            <ns3:cad>82</ns3:cad>
          </ns3:TrackPointExtension>
        </extensions>
      </trkpt>
      <trkpt lat="37.50335178337991237640380859375" lon="127.058738172054290771484375">
        <ele>49.799999237060546875</ele>
        <time>2026-08-09T11:46:58.000Z</time>
        <extensions>
          <ns3:TrackPointExtension>
            <ns3:hr>132</ns3:hr>
            <ns3:cad>82</ns3:cad>
          </ns3:TrackPointExtension>
        </extensions>
      </trkpt>
      <trkpt lat="37.50336938537657260894775390625" lon="127.058722078800201416015625">
        <ele>49.59999847412109375</ele>
        <time>2026-08-09T11:46:59.000Z</time>
        <extensions>
          <ns3:TrackPointExtension>
            <ns3:hr>132</ns3:hr>
            <ns3:cad>82</ns3:cad>
          </ns3:TrackPointExtension>
        </extensions>
      </trkpt>
      <trkpt lat="37.5033942796289920806884765625" lon="127.0587028004229068756103515625">
        <ele>49.59999847412109375</ele>
        <time>2026-08-09T11:47:00.000Z</time>
        <extensions>
          <ns3:TrackPointExtension>
            <ns3:hr>132</ns3:hr>
            <ns3:cad>81</ns3:cad>
          </ns3:TrackPointExtension>
        </extensions>
      </trkpt>
      <trkpt lat="37.503403834998607635498046875" lon="127.05868829973042011260986328125">
        <ele>49.59999847412109375</ele>
        <time>2026-08-09T11:47:01.000Z</time>
        <extensions>
          <ns3:TrackPointExtension>
            <ns3:hr>131</ns3:hr>
            <ns3:cad>81</ns3:cad>
          </ns3:TrackPointExtension>
        </extensions>
      </trkpt>
      <trkpt lat="37.50342621468007564544677734375" lon="127.05867505632340908050537109375">
        <ele>49.59999847412109375</ele>
        <time>2026-08-09T11:47:02.000Z</time>
        <extensions>
          <ns3:TrackPointExtension>
            <ns3:hr>131</ns3:hr>
            <ns3:cad>81</ns3:cad>
          </ns3:TrackPointExtension>
        </extensions>
      </trkpt>
      <trkpt lat="37.50345303677022457122802734375" lon="127.05866105854511260986328125">
        <ele>49.40000152587890625</ele>
        <time>2026-08-09T11:47:03.000Z</time>
        <extensions>
          <ns3:TrackPointExtension>
            <ns3:hr>131</ns3:hr>
            <ns3:cad>81</ns3:cad>
          </ns3:TrackPointExtension>
        </extensions>
      </trkpt>
      <trkpt lat="37.50347281806170940399169921875" lon="127.0586538501083850860595703125">
        <ele>49.40000152587890625</ele>
        <time>2026-08-09T11:47:04.000Z</time>
        <extensions>
          <ns3:TrackPointExtension>
            <ns3:hr>132</ns3:hr>
            <ns3:cad>81</ns3:cad>
          </ns3:TrackPointExtension>
        </extensions>
      </trkpt>
      <trkpt lat="37.50350349582731723785400390625" lon="127.05863934941589832305908203125">
        <ele>49.40000152587890625</ele>
        <time>2026-08-09T11:47:05.000Z</time>
        <extensions>
          <ns3:TrackPointExtension>
            <ns3:hr>132</ns3:hr>
            <ns3:cad>83</ns3:cad>
          </ns3:TrackPointExtension>
        </extensions>
      </trkpt>
      <trkpt lat="37.50352478586137294769287109375" lon="127.05862895585596561431884765625">
        <ele>49.59999847412109375</ele>
        <time>2026-08-09T11:47:06.000Z</time>
        <extensions>
          <ns3:TrackPointExtension>
            <ns3:hr>132</ns3:hr>
            <ns3:cad>83</ns3:cad>
          </ns3:TrackPointExtension>
        </extensions>
      </trkpt>
      <trkpt lat="37.50354909338057041168212890625" lon="127.05861403606832027435302734375">
        <ele>49.59999847412109375</ele>
        <time>2026-08-09T11:47:07.000Z</time>
        <extensions>
          <ns3:TrackPointExtension>
            <ns3:hr>131</ns3:hr>
            <ns3:cad>83</ns3:cad>
          </ns3:TrackPointExtension>
        </extensions>
      </trkpt>
      <trkpt lat="37.5035780109465122222900390625" lon="127.0585992000997066497802734375">
        <ele>49.59999847412109375</ele>
        <time>2026-08-09T11:47:08.000Z</time>
        <extensions>
          <ns3:TrackPointExtension>
            <ns3:hr>131</ns3:hr>
            <ns3:cad>83</ns3:cad>
          </ns3:TrackPointExtension>
        </extensions>
      </trkpt>
      <trkpt lat="37.50359703786671161651611328125" lon="127.05858721397817134857177734375">
        <ele>49.799999237060546875</ele>
        <time>2026-08-09T11:47:09.000Z</time>
        <extensions>
          <ns3:TrackPointExtension>
            <ns3:hr>131</ns3:hr>
            <ns3:cad>83</ns3:cad>
          </ns3:TrackPointExtension>
        </extensions>
      </trkpt>
      <trkpt lat="37.50362939201295375823974609375" lon="127.05856491811573505401611328125">
        <ele>49.799999237060546875</ele>
        <time>2026-08-09T11:47:10.000Z</time>
        <extensions>
          <ns3:TrackPointExtension>
            <ns3:hr>131</ns3:hr>
            <ns3:cad>83</ns3:cad>
          </ns3:TrackPointExtension>
        </extensions>
      </trkpt>
      <trkpt lat="37.5036568008363246917724609375" lon="127.058554776012897491455078125">
        <ele>49.59999847412109375</ele>
        <time>2026-08-09T11:47:11.000Z</time>
        <extensions>
          <ns3:TrackPointExtension>
            <ns3:hr>131</ns3:hr>
            <ns3:cad>83</ns3:cad>
          </ns3:TrackPointExtension>
        </extensions>
      </trkpt>
      <trkpt lat="37.5036831200122833251953125" lon="127.0585452206432819366455078125">
        <ele>49.59999847412109375</ele>
        <time>2026-08-09T11:47:12.000Z</time>
        <extensions>
          <ns3:TrackPointExtension>
            <ns3:hr>132</ns3:hr>
            <ns3:cad>83</ns3:cad>
          </ns3:TrackPointExtension>
        </extensions>
      </trkpt>
      <trkpt lat="37.5037206709384918212890625" lon="127.05852602608501911163330078125">
        <ele>49.799999237060546875</ele>
        <time>2026-08-09T11:47:13.000Z</time>
        <extensions>
          <ns3:TrackPointExtension>
            <ns3:hr>132</ns3:hr>
            <ns3:cad>83</ns3:cad>
          </ns3:TrackPointExtension>
        </extensions>
      </trkpt>
      <trkpt lat="37.50374824739992618560791015625" lon="127.0585110224783420562744140625">
        <ele>49.799999237060546875</ele>
        <time>2026-08-09T11:47:14.000Z</time>
        <extensions>
          <ns3:TrackPointExtension>
            <ns3:hr>132</ns3:hr>
            <ns3:cad>83</ns3:cad>
          </ns3:TrackPointExtension>
        </extensions>
      </trkpt>
      <trkpt lat="37.50377724878489971160888671875" lon="127.0584949292242527008056640625">
        <ele>50</ele>
        <time>2026-08-09T11:47:15.000Z</time>
        <extensions>
          <ns3:TrackPointExtension>
            <ns3:hr>132</ns3:hr>
            <ns3:cad>82</ns3:cad>
          </ns3:TrackPointExtension>
        </extensions>
      </trkpt>
      <trkpt lat="37.50380977056920528411865234375" lon="127.058479674160480499267578125">
        <ele>50</ele>
        <time>2026-08-09T11:47:16.000Z</time>
        <extensions>
          <ns3:TrackPointExtension>
            <ns3:hr>132</ns3:hr>
            <ns3:cad>82</ns3:cad>
          </ns3:TrackPointExtension>
        </extensions>
      </trkpt>
      <trkpt lat="37.50382955186069011688232421875" lon="127.05847196280956268310546875">
        <ele>50</ele>
        <time>2026-08-09T11:47:17.000Z</time>
        <extensions>
          <ns3:TrackPointExtension>
            <ns3:hr>132</ns3:hr>
            <ns3:cad>82</ns3:cad>
          </ns3:TrackPointExtension>
        </extensions>
      </trkpt>
      <trkpt lat="37.50385679304599761962890625" lon="127.0584520138800144195556640625">
        <ele>50</ele>
        <time>2026-08-09T11:47:18.000Z</time>
        <extensions>
          <ns3:TrackPointExtension>
            <ns3:hr>132</ns3:hr>
            <ns3:cad>82</ns3:cad>
          </ns3:TrackPointExtension>
        </extensions>
      </trkpt>
      <trkpt lat="37.50388537533581256866455078125" lon="127.05843198113143444061279296875">
        <ele>50</ele>
        <time>2026-08-09T11:47:19.000Z</time>
        <extensions>
          <ns3:TrackPointExtension>
            <ns3:hr>131</ns3:hr>
            <ns3:cad>82</ns3:cad>
          </ns3:TrackPointExtension>
        </extensions>
      </trkpt>
      <trkpt lat="37.50390633009374141693115234375" lon="127.05841362476348876953125">
        <ele>49.59999847412109375</ele>
        <time>2026-08-09T11:47:20.000Z</time>
        <extensions>
          <ns3:TrackPointExtension>
            <ns3:hr>132</ns3:hr>
            <ns3:cad>82</ns3:cad>
          </ns3:TrackPointExtension>
        </extensions>
      </trkpt>
      <trkpt lat="37.503939606249332427978515625" lon="127.0583923347294330596923828125">
        <ele>49.40000152587890625</ele>
        <time>2026-08-09T11:47:21.000Z</time>
        <extensions>
          <ns3:TrackPointExtension>
            <ns3:hr>132</ns3:hr>
            <ns3:cad>81</ns3:cad>
          </ns3:TrackPointExtension>
        </extensions>
      </trkpt>
      <trkpt lat="37.5039635784924030303955078125" lon="127.05837481655180454254150390625">
        <ele>49</ele>
        <time>2026-08-09T11:47:22.000Z</time>
        <extensions>
          <ns3:TrackPointExtension>
            <ns3:hr>132</ns3:hr>
            <ns3:cad>81</ns3:cad>
          </ns3:TrackPointExtension>
        </extensions>
      </trkpt>
      <trkpt lat="37.5039830245077610015869140625" lon="127.05835687927901744842529296875">
        <ele>48.799999237060546875</ele>
        <time>2026-08-09T11:47:23.000Z</time>
        <extensions>
          <ns3:TrackPointExtension>
            <ns3:hr>132</ns3:hr>
            <ns3:cad>81</ns3:cad>
          </ns3:TrackPointExtension>
        </extensions>
      </trkpt>
      <trkpt lat="37.5040135346353054046630859375" lon="127.058347575366497039794921875">
        <ele>48.59999847412109375</ele>
        <time>2026-08-09T11:47:24.000Z</time>
        <extensions>
          <ns3:TrackPointExtension>
            <ns3:hr>132</ns3:hr>
            <ns3:cad>81</ns3:cad>
          </ns3:TrackPointExtension>
        </extensions>
      </trkpt>
      <trkpt lat="37.50403759069740772247314453125" lon="127.05833257175981998443603515625">
        <ele>48.40000152587890625</ele>
        <time>2026-08-09T11:47:25.000Z</time>
        <extensions>
          <ns3:TrackPointExtension>
            <ns3:hr>132</ns3:hr>
            <ns3:cad>81</ns3:cad>
          </ns3:TrackPointExtension>
        </extensions>
      </trkpt>
      <trkpt lat="37.50406156294047832489013671875" lon="127.0583158917725086212158203125">
        <ele>48</ele>
        <time>2026-08-09T11:47:26.000Z</time>
        <extensions>
          <ns3:TrackPointExtension>
            <ns3:hr>132</ns3:hr>
            <ns3:cad>81</ns3:cad>
          </ns3:TrackPointExtension>
        </extensions>
      </trkpt>
      <trkpt lat="37.5040883012115955352783203125" lon="127.05830742605030536651611328125">
        <ele>47.59999847412109375</ele>
        <time>2026-08-09T11:47:27.000Z</time>
        <extensions>
          <ns3:TrackPointExtension>
            <ns3:hr>132</ns3:hr>
            <ns3:cad>81</ns3:cad>
          </ns3:TrackPointExtension>
        </extensions>
      </trkpt>
      <trkpt lat="37.50411420129239559173583984375" lon="127.05829585902392864227294921875">
        <ele>47.40000152587890625</ele>
        <time>2026-08-09T11:47:28.000Z</time>
        <extensions>
          <ns3:TrackPointExtension>
            <ns3:hr>132</ns3:hr>
            <ns3:cad>81</ns3:cad>
          </ns3:TrackPointExtension>
        </extensions>
      </trkpt>
      <trkpt lat="37.50413968227803707122802734375" lon="127.05828295089304447174072265625">
        <ele>47</ele>
        <time>2026-08-09T11:47:29.000Z</time>
        <extensions>
          <ns3:TrackPointExtension>
            <ns3:hr>132</ns3:hr>
            <ns3:cad>81</ns3:cad>
          </ns3:TrackPointExtension>
        </extensions>
      </trkpt>
      <trkpt lat="37.504168935120105743408203125" lon="127.0582728087902069091796875">
        <ele>46.799999237060546875</ele>
        <time>2026-08-09T11:47:30.000Z</time>
        <extensions>
          <ns3:TrackPointExtension>
            <ns3:hr>132</ns3:hr>
            <ns3:cad>81</ns3:cad>
          </ns3:TrackPointExtension>
        </extensions>
      </trkpt>
      <trkpt lat="37.50418880023062229156494140625" lon="127.05825864337384700775146484375">
        <ele>46.799999237060546875</ele>
        <time>2026-08-09T11:47:31.000Z</time>
        <extensions>
          <ns3:TrackPointExtension>
            <ns3:hr>132</ns3:hr>
            <ns3:cad>81</ns3:cad>
          </ns3:TrackPointExtension>
        </extensions>
      </trkpt>
      <trkpt lat="37.504219226539134979248046875" lon="127.0582397840917110443115234375">
        <ele>46.40000152587890625</ele>
        <time>2026-08-09T11:47:32.000Z</time>
        <extensions>
          <ns3:TrackPointExtension>
            <ns3:hr>132</ns3:hr>
            <ns3:cad>81</ns3:cad>
          </ns3:TrackPointExtension>
        </extensions>
      </trkpt>
      <trkpt lat="37.5042425282299518585205078125" lon="127.0582277141511440277099609375">
        <ele>46.200000762939453125</ele>
        <time>2026-08-09T11:47:33.000Z</time>
        <extensions>
          <ns3:TrackPointExtension>
            <ns3:hr>133</ns3:hr>
            <ns3:cad>81</ns3:cad>
          </ns3:TrackPointExtension>
        </extensions>
      </trkpt>
      <trkpt lat="37.50426675193011760711669921875" lon="127.05821556039154529571533203125">
        <ele>46</ele>
        <time>2026-08-09T11:47:34.000Z</time>
        <extensions>
          <ns3:TrackPointExtension>
            <ns3:hr>133</ns3:hr>
            <ns3:cad>81</ns3:cad>
          </ns3:TrackPointExtension>
        </extensions>
      </trkpt>
      <trkpt lat="37.50429541803896427154541015625" lon="127.05820365808904170989990234375">
        <ele>45.799999237060546875</ele>
        <time>2026-08-09T11:47:35.000Z</time>
        <extensions>
          <ns3:TrackPointExtension>
            <ns3:hr>134</ns3:hr>
            <ns3:cad>82</ns3:cad>
          </ns3:TrackPointExtension>
        </extensions>
      </trkpt>
      <trkpt lat="37.50431947410106658935546875" lon="127.0581881515681743621826171875">
        <ele>45.40000152587890625</ele>
        <time>2026-08-09T11:47:36.000Z</time>
        <extensions>
          <ns3:TrackPointExtension>
            <ns3:hr>134</ns3:hr>
            <ns3:cad>82</ns3:cad>
          </ns3:TrackPointExtension>
        </extensions>
      </trkpt>
      <trkpt lat="37.50435174442827701568603515625" lon="127.0581720583140850067138671875">
        <ele>45.200000762939453125</ele>
        <time>2026-08-09T11:47:37.000Z</time>
        <extensions>
          <ns3:TrackPointExtension>
            <ns3:hr>134</ns3:hr>
            <ns3:cad>82</ns3:cad>
          </ns3:TrackPointExtension>
        </extensions>
      </trkpt>
      <trkpt lat="37.50438921153545379638671875" lon="127.05815521068871021270751953125">
        <ele>45</ele>
        <time>2026-08-09T11:47:38.000Z</time>
        <extensions>
          <ns3:TrackPointExtension>
            <ns3:hr>133</ns3:hr>
            <ns3:cad>82</ns3:cad>
          </ns3:TrackPointExtension>
        </extensions>
      </trkpt>
      <trkpt lat="37.50441494397819042205810546875" lon="127.05814062617719173431396484375">
        <ele>44.59999847412109375</ele>
        <time>2026-08-09T11:47:39.000Z</time>
        <extensions>
          <ns3:TrackPointExtension>
            <ns3:hr>133</ns3:hr>
            <ns3:cad>82</ns3:cad>
          </ns3:TrackPointExtension>
        </extensions>
      </trkpt>
      <trkpt lat="37.50444813631474971771240234375" lon="127.0581197552382946014404296875">
        <ele>44.40000152587890625</ele>
        <time>2026-08-09T11:47:40.000Z</time>
        <extensions>
          <ns3:TrackPointExtension>
            <ns3:hr>133</ns3:hr>
            <ns3:cad>82</ns3:cad>
          </ns3:TrackPointExtension>
        </extensions>
      </trkpt>
      <trkpt lat="37.50447546131908893585205078125" lon="127.05810626037418842315673828125">
        <ele>44</ele>
        <time>2026-08-09T11:47:41.000Z</time>
        <extensions>
          <ns3:TrackPointExtension>
            <ns3:hr>133</ns3:hr>
            <ns3:cad>82</ns3:cad>
          </ns3:TrackPointExtension>
        </extensions>
      </trkpt>
      <trkpt lat="37.50449842773377895355224609375" lon="127.058088071644306182861328125">
        <ele>43.799999237060546875</ele>
        <time>2026-08-09T11:47:42.000Z</time>
        <extensions>
          <ns3:TrackPointExtension>
            <ns3:hr>134</ns3:hr>
            <ns3:cad>82</ns3:cad>
          </ns3:TrackPointExtension>
        </extensions>
      </trkpt>
      <trkpt lat="37.50453379936516284942626953125" lon="127.05806787125766277313232421875">
        <ele>43.40000152587890625</ele>
        <time>2026-08-09T11:47:43.000Z</time>
        <extensions>
          <ns3:TrackPointExtension>
            <ns3:hr>134</ns3:hr>
            <ns3:cad>82</ns3:cad>
          </ns3:TrackPointExtension>
        </extensions>
      </trkpt>
      <trkpt lat="37.50456447713077068328857421875" lon="127.058049179613590240478515625">
        <ele>43.200000762939453125</ele>
        <time>2026-08-09T11:47:44.000Z</time>
        <extensions>
          <ns3:TrackPointExtension>
            <ns3:hr>134</ns3:hr>
            <ns3:cad>82</ns3:cad>
          </ns3:TrackPointExtension>
        </extensions>
      </trkpt>
      <trkpt lat="37.5045905448496341705322265625" lon="127.05803233198821544647216796875">
        <ele>42.799999237060546875</ele>
        <time>2026-08-09T11:47:45.000Z</time>
        <extensions>
          <ns3:TrackPointExtension>
            <ns3:hr>134</ns3:hr>
            <ns3:cad>82</ns3:cad>
          </ns3:TrackPointExtension>
        </extensions>
      </trkpt>
      <trkpt lat="37.50462801195681095123291015625" lon="127.05801665782928466796875">
        <ele>42.59999847412109375</ele>
        <time>2026-08-09T11:47:46.000Z</time>
        <extensions>
          <ns3:TrackPointExtension>
            <ns3:hr>134</ns3:hr>
            <ns3:cad>82</ns3:cad>
          </ns3:TrackPointExtension>
        </extensions>
      </trkpt>
      <trkpt lat="37.50465483404695987701416015625" lon="127.05799846909940242767333984375">
        <ele>42.40000152587890625</ele>
        <time>2026-08-09T11:47:47.000Z</time>
        <extensions>
          <ns3:TrackPointExtension>
            <ns3:hr>134</ns3:hr>
            <ns3:cad>82</ns3:cad>
          </ns3:TrackPointExtension>
        </extensions>
      </trkpt>
      <trkpt lat="37.5046797282993793487548828125" lon="127.0579804480075836181640625">
        <ele>42.200000762939453125</ele>
        <time>2026-08-09T11:47:48.000Z</time>
        <extensions>
          <ns3:TrackPointExtension>
            <ns3:hr>133</ns3:hr>
            <ns3:cad>82</ns3:cad>
          </ns3:TrackPointExtension>
        </extensions>
      </trkpt>
      <trkpt lat="37.50470831058919429779052734375" lon="127.05796326510608196258544921875">
        <ele>42.200000762939453125</ele>
        <time>2026-08-09T11:47:49.000Z</time>
        <extensions>
          <ns3:TrackPointExtension>
            <ns3:hr>133</ns3:hr>
            <ns3:cad>81</ns3:cad>
          </ns3:TrackPointExtension>
        </extensions>
      </trkpt>
      <trkpt lat="37.50473387539386749267578125" lon="127.0579454116523265838623046875">
        <ele>42</ele>
        <time>2026-08-09T11:47:50.000Z</time>
        <extensions>
          <ns3:TrackPointExtension>
            <ns3:hr>133</ns3:hr>
            <ns3:cad>81</ns3:cad>
          </ns3:TrackPointExtension>
        </extensions>
      </trkpt>
      <trkpt lat="37.5047560036182403564453125" lon="127.05792889930307865142822265625">
        <ele>41.799999237060546875</ele>
        <time>2026-08-09T11:47:51.000Z</time>
        <extensions>
          <ns3:TrackPointExtension>
            <ns3:hr>133</ns3:hr>
            <ns3:cad>81</ns3:cad>
          </ns3:TrackPointExtension>
        </extensions>
      </trkpt>
      <trkpt lat="37.50479280017316341400146484375" lon="127.0579162426292896270751953125">
        <ele>41.59999847412109375</ele>
        <time>2026-08-09T11:47:52.000Z</time>
        <extensions>
          <ns3:TrackPointExtension>
            <ns3:hr>134</ns3:hr>
            <ns3:cad>81</ns3:cad>
          </ns3:TrackPointExtension>
        </extensions>
      </trkpt>
      <trkpt lat="37.504818029701709747314453125" lon="127.05789620988070964813232421875">
        <ele>41.200000762939453125</ele>
        <time>2026-08-09T11:47:53.000Z</time>
        <extensions>
          <ns3:TrackPointExtension>
            <ns3:hr>133</ns3:hr>
            <ns3:cad>81</ns3:cad>
          </ns3:TrackPointExtension>
        </extensions>
      </trkpt>
      <trkpt lat="37.50484325923025608062744140625" lon="127.05788162536919116973876953125">
        <ele>41</ele>
        <time>2026-08-09T11:47:54.000Z</time>
        <extensions>
          <ns3:TrackPointExtension>
            <ns3:hr>133</ns3:hr>
            <ns3:cad>81</ns3:cad>
          </ns3:TrackPointExtension>
        </extensions>
      </trkpt>
      <trkpt lat="37.50487200915813446044921875" lon="127.05786586739122867584228515625">
        <ele>40.59999847412109375</ele>
        <time>2026-08-09T11:47:55.000Z</time>
        <extensions>
          <ns3:TrackPointExtension>
            <ns3:hr>133</ns3:hr>
            <ns3:cad>81</ns3:cad>
          </ns3:TrackPointExtension>
        </extensions>
      </trkpt>
      <trkpt lat="37.50489153899252414703369140625" lon="127.05785572528839111328125">
        <ele>40.40000152587890625</ele>
        <time>2026-08-09T11:47:56.000Z</time>
        <extensions>
          <ns3:TrackPointExtension>
            <ns3:hr>133</ns3:hr>
            <ns3:cad>81</ns3:cad>
          </ns3:TrackPointExtension>
        </extensions>
      </trkpt>
      <trkpt lat="37.5049254857003688812255859375" lon="127.05784172751009464263916015625">
        <ele>40.200000762939453125</ele>
        <time>2026-08-09T11:47:57.000Z</time>
        <extensions>
          <ns3:TrackPointExtension>
            <ns3:hr>133</ns3:hr>
            <ns3:cad>81</ns3:cad>
          </ns3:TrackPointExtension>
        </extensions>
      </trkpt>
      <trkpt lat="37.50495188869535923004150390625" lon="127.057831250131130218505859375">
        <ele>40</ele>
        <time>2026-08-09T11:47:58.000Z</time>
        <extensions>
          <ns3:TrackPointExtension>
            <ns3:hr>133</ns3:hr>
            <ns3:cad>81</ns3:cad>
          </ns3:TrackPointExtension>
        </extensions>
      </trkpt>
      <trkpt lat="37.5049777887761592864990234375" lon="127.0578203536570072174072265625">
        <ele>39.799999237060546875</ele>
        <time>2026-08-09T11:47:59.000Z</time>
        <extensions>
          <ns3:TrackPointExtension>
            <ns3:hr>132</ns3:hr>
            <ns3:cad>81</ns3:cad>
          </ns3:TrackPointExtension>
        </extensions>
      </trkpt>
      <trkpt lat="37.5050042755901813507080078125" lon="127.05781088210642337799072265625">
        <ele>39.59999847412109375</ele>
        <time>2026-08-09T11:48:00.000Z</time>
        <extensions>
          <ns3:TrackPointExtension>
            <ns3:hr>132</ns3:hr>
            <ns3:cad>81</ns3:cad>
          </ns3:TrackPointExtension>
        </extensions>
      </trkpt>
      <trkpt lat="37.5050334446132183074951171875" lon="127.05779680050909519195556640625">
        <ele>39.40000152587890625</ele>
        <time>2026-08-09T11:48:01.000Z</time>
        <extensions>
          <ns3:TrackPointExtension>
            <ns3:hr>132</ns3:hr>
            <ns3:cad>81</ns3:cad>
          </ns3:TrackPointExtension>
        </extensions>
      </trkpt>
      <trkpt lat="37.50505708158016204833984375" lon="127.05777869559824466705322265625">
        <ele>39.200000762939453125</ele>
        <time>2026-08-09T11:48:02.000Z</time>
        <extensions>
          <ns3:TrackPointExtension>
            <ns3:hr>132</ns3:hr>
            <ns3:cad>81</ns3:cad>
          </ns3:TrackPointExtension>
        </extensions>
      </trkpt>
      <trkpt lat="37.5050931237637996673583984375" lon="127.05775841139256954193115234375">
        <ele>38.799999237060546875</ele>
        <time>2026-08-09T11:48:03.000Z</time>
        <extensions>
          <ns3:TrackPointExtension>
            <ns3:hr>132</ns3:hr>
            <ns3:cad>81</ns3:cad>
          </ns3:TrackPointExtension>
        </extensions>
      </trkpt>
      <trkpt lat="37.5051248073577880859375" lon="127.0577417314052581787109375">
        <ele>38.799999237060546875</ele>
        <time>2026-08-09T11:48:04.000Z</time>
        <extensions>
          <ns3:TrackPointExtension>
            <ns3:hr>132</ns3:hr>
            <ns3:cad>81</ns3:cad>
          </ns3:TrackPointExtension>
        </extensions>
      </trkpt>
      <trkpt lat="37.5051568262279033660888671875" lon="127.057721279561519622802734375">
        <ele>38.40000152587890625</ele>
        <time>2026-08-09T11:48:05.000Z</time>
        <extensions>
          <ns3:TrackPointExtension>
            <ns3:hr>132</ns3:hr>
            <ns3:cad>81</ns3:cad>
          </ns3:TrackPointExtension>
        </extensions>
      </trkpt>
      <trkpt lat="37.50519479624927043914794921875" lon="127.05770082771778106689453125">
        <ele>38.200000762939453125</ele>
        <time>2026-08-09T11:48:06.000Z</time>
        <extensions>
          <ns3:TrackPointExtension>
            <ns3:hr>132</ns3:hr>
            <ns3:cad>81</ns3:cad>
          </ns3:TrackPointExtension>
        </extensions>
      </trkpt>
      <trkpt lat="37.50522010959684848785400390625" lon="127.05768632702529430389404296875">
        <ele>38</ele>
        <time>2026-08-09T11:48:07.000Z</time>
        <extensions>
          <ns3:TrackPointExtension>
            <ns3:hr>132</ns3:hr>
            <ns3:cad>81</ns3:cad>
          </ns3:TrackPointExtension>
        </extensions>
      </trkpt>
      <trkpt lat="37.50525891780853271484375" lon="127.05766956321895122528076171875">
        <ele>37.799999237060546875</ele>
        <time>2026-08-09T11:48:08.000Z</time>
        <extensions>
          <ns3:TrackPointExtension>
            <ns3:hr>132</ns3:hr>
            <ns3:cad>81</ns3:cad>
          </ns3:TrackPointExtension>
        </extensions>
      </trkpt>
      <trkpt lat="37.5052906014025211334228515625" lon="127.0576567389070987701416015625">
        <ele>37.59999847412109375</ele>
        <time>2026-08-09T11:48:09.000Z</time>
        <extensions>
          <ns3:TrackPointExtension>
            <ns3:hr>132</ns3:hr>
            <ns3:cad>81</ns3:cad>
          </ns3:TrackPointExtension>
        </extensions>
      </trkpt>
      <trkpt lat="37.50531599856913089752197265625" lon="127.05764106474816799163818359375">
        <ele>37.40000152587890625</ele>
        <time>2026-08-09T11:48:10.000Z</time>
        <extensions>
          <ns3:TrackPointExtension>
            <ns3:hr>132</ns3:hr>
            <ns3:cad>81</ns3:cad>
          </ns3:TrackPointExtension>
        </extensions>
      </trkpt>
      <trkpt lat="37.50534768216311931610107421875" lon="127.0576238818466663360595703125">
        <ele>37.200000762939453125</ele>
        <time>2026-08-09T11:48:11.000Z</time>
        <extensions>
          <ns3:TrackPointExtension>
            <ns3:hr>132</ns3:hr>
            <ns3:cad>81</ns3:cad>
          </ns3:TrackPointExtension>
        </extensions>
      </trkpt>
      <trkpt lat="37.50537383370101451873779296875" lon="127.05761340446770191192626953125">
        <ele>37</ele>
        <time>2026-08-09T11:48:12.000Z</time>
        <extensions>
          <ns3:TrackPointExtension>
            <ns3:hr>132</ns3:hr>
            <ns3:cad>81</ns3:cad>
          </ns3:TrackPointExtension>
        </extensions>
      </trkpt>
      <trkpt lat="37.50539772212505340576171875" lon="127.057610638439655303955078125">
        <ele>36.799999237060546875</ele>
        <time>2026-08-09T11:48:13.000Z</time>
        <extensions>
          <ns3:TrackPointExtension>
            <ns3:hr>132</ns3:hr>
            <ns3:cad>81</ns3:cad>
          </ns3:TrackPointExtension>
        </extensions>
      </trkpt>
      <trkpt lat="37.5054324232041835784912109375" lon="127.05760736949741840362548828125">
        <ele>36.59999847412109375</ele>
        <time>2026-08-09T11:48:14.000Z</time>
        <extensions>
          <ns3:TrackPointExtension>
            <ns3:hr>132</ns3:hr>
            <ns3:cad>81</ns3:cad>
          </ns3:TrackPointExtension>
        </extensions>
      </trkpt>
      <trkpt lat="37.5054636038839817047119140625" lon="127.05759680829942226409912109375">
        <ele>36.200000762939453125</ele>
        <time>2026-08-09T11:48:15.000Z</time>
        <extensions>
          <ns3:TrackPointExtension>
            <ns3:hr>132</ns3:hr>
            <ns3:cad>81</ns3:cad>
          </ns3:TrackPointExtension>
        </extensions>
      </trkpt>
      <trkpt lat="37.50548950396478176116943359375" lon="127.0575927011668682098388671875">
        <ele>36</ele>
        <time>2026-08-09T11:48:16.000Z</time>
        <extensions>
          <ns3:TrackPointExtension>
            <ns3:hr>132</ns3:hr>
            <ns3:cad>81</ns3:cad>
          </ns3:TrackPointExtension>
        </extensions>
      </trkpt>
      <trkpt lat="37.5055363588035106658935546875" lon="127.0575826428830623626708984375">
        <ele>35.59999847412109375</ele>
        <time>2026-08-09T11:48:17.000Z</time>
        <extensions>
          <ns3:TrackPointExtension>
            <ns3:hr>131</ns3:hr>
            <ns3:cad>80</ns3:cad>
          </ns3:TrackPointExtension>
        </extensions>
      </trkpt>
      <trkpt lat="37.5055588223040103912353515625" lon="127.0575769431889057159423828125">
        <ele>35</ele>
        <time>2026-08-09T11:48:18.000Z</time>
        <extensions>
          <ns3:TrackPointExtension>
            <ns3:hr>131</ns3:hr>
            <ns3:cad>80</ns3:cad>
          </ns3:TrackPointExtension>
        </extensions>
      </trkpt>
      <trkpt lat="37.505593188107013702392578125" lon="127.05756193958222866058349609375">
        <ele>34.40000152587890625</ele>
        <time>2026-08-09T11:48:19.000Z</time>
        <extensions>
          <ns3:TrackPointExtension>
            <ns3:hr>131</ns3:hr>
            <ns3:cad>80</ns3:cad>
          </ns3:TrackPointExtension>
        </extensions>
      </trkpt>
      <trkpt lat="37.5056242011487483978271484375" lon="127.05755003727972507476806640625">
        <ele>34.200000762939453125</ele>
        <time>2026-08-09T11:48:20.000Z</time>
        <extensions>
          <ns3:TrackPointExtension>
            <ns3:hr>131</ns3:hr>
            <ns3:cad>80</ns3:cad>
          </ns3:TrackPointExtension>
        </extensions>
      </trkpt>
      <trkpt lat="37.5056557171046733856201171875" lon="127.0575357042253017425537109375">
        <ele>34</ele>
        <time>2026-08-09T11:48:21.000Z</time>
        <extensions>
          <ns3:TrackPointExtension>
            <ns3:hr>131</ns3:hr>
            <ns3:cad>80</ns3:cad>
          </ns3:TrackPointExtension>
        </extensions>
      </trkpt>
      <trkpt lat="37.5056996382772922515869140625" lon="127.05752036534249782562255859375">
        <ele>34</ele>
        <time>2026-08-09T11:48:22.000Z</time>
        <extensions>
          <ns3:TrackPointExtension>
            <ns3:hr>132</ns3:hr>
            <ns3:cad>80</ns3:cad>
          </ns3:TrackPointExtension>
        </extensions>
      </trkpt>
      <trkpt lat="37.50572352670133113861083984375" lon="127.057509385049343109130859375">
        <ele>33.799999237060546875</ele>
        <time>2026-08-09T11:48:23.000Z</time>
        <extensions>
          <ns3:TrackPointExtension>
            <ns3:hr>131</ns3:hr>
            <ns3:cad>80</ns3:cad>
          </ns3:TrackPointExtension>
        </extensions>
      </trkpt>
      <trkpt lat="37.50575806014239788055419921875" lon="127.05749035812914371490478515625">
        <ele>33.799999237060546875</ele>
        <time>2026-08-09T11:48:24.000Z</time>
        <extensions>
          <ns3:TrackPointExtension>
            <ns3:hr>131</ns3:hr>
            <ns3:cad>83</ns3:cad>
          </ns3:TrackPointExtension>
        </extensions>
      </trkpt>
      <trkpt lat="37.50579510815441608428955078125" lon="127.05746957100927829742431640625">
        <ele>33.799999237060546875</ele>
        <time>2026-08-09T11:48:25.000Z</time>
        <extensions>
          <ns3:TrackPointExtension>
            <ns3:hr>131</ns3:hr>
            <ns3:cad>83</ns3:cad>
          </ns3:TrackPointExtension>
        </extensions>
      </trkpt>
      <trkpt lat="37.5058235228061676025390625" lon="127.0574520528316497802734375">
        <ele>33.40000152587890625</ele>
        <time>2026-08-09T11:48:26.000Z</time>
        <extensions>
          <ns3:TrackPointExtension>
            <ns3:hr>131</ns3:hr>
            <ns3:cad>83</ns3:cad>
          </ns3:TrackPointExtension>
        </extensions>
      </trkpt>
      <trkpt lat="37.5058605708181858062744140625" lon="127.05743956379592418670654296875">
        <ele>33.40000152587890625</ele>
        <time>2026-08-09T11:48:27.000Z</time>
        <extensions>
          <ns3:TrackPointExtension>
            <ns3:hr>131</ns3:hr>
            <ns3:cad>83</ns3:cad>
          </ns3:TrackPointExtension>
        </extensions>
      </trkpt>
      <trkpt lat="37.50588898546993732452392578125" lon="127.05742900259792804718017578125">
        <ele>33.200000762939453125</ele>
        <time>2026-08-09T11:48:28.000Z</time>
        <extensions>
          <ns3:TrackPointExtension>
            <ns3:hr>131</ns3:hr>
            <ns3:cad>83</ns3:cad>
          </ns3:TrackPointExtension>
        </extensions>
      </trkpt>
      <trkpt lat="37.50591614283621311187744140625" lon="127.0574109815061092376708984375">
        <ele>33</ele>
        <time>2026-08-09T11:48:29.000Z</time>
        <extensions>
          <ns3:TrackPointExtension>
            <ns3:hr>131</ns3:hr>
            <ns3:cad>83</ns3:cad>
          </ns3:TrackPointExtension>
        </extensions>
      </trkpt>
      <trkpt lat="37.5059524364769458770751953125" lon="127.05738927237689495086669921875">
        <ele>32.799999237060546875</ele>
        <time>2026-08-09T11:48:30.000Z</time>
        <extensions>
          <ns3:TrackPointExtension>
            <ns3:hr>130</ns3:hr>
            <ns3:cad>83</ns3:cad>
          </ns3:TrackPointExtension>
        </extensions>
      </trkpt>
      <trkpt lat="37.50597833655774593353271484375" lon="127.05736999399960041046142578125">
        <ele>32.59999847412109375</ele>
        <time>2026-08-09T11:48:31.000Z</time>
        <extensions>
          <ns3:TrackPointExtension>
            <ns3:hr>130</ns3:hr>
            <ns3:cad>83</ns3:cad>
          </ns3:TrackPointExtension>
        </extensions>
      </trkpt>
      <trkpt lat="37.5060147978365421295166015625" lon="127.05734903924167156219482421875">
        <ele>32.40000152587890625</ele>
        <time>2026-08-09T11:48:32.000Z</time>
        <extensions>
          <ns3:TrackPointExtension>
            <ns3:hr>129</ns3:hr>
            <ns3:cad>83</ns3:cad>
          </ns3:TrackPointExtension>
        </extensions>
      </trkpt>
      <trkpt lat="37.50604740343987941741943359375" lon="127.05733261071145534515380859375">
        <ele>32.200000762939453125</ele>
        <time>2026-08-09T11:48:33.000Z</time>
        <extensions>
          <ns3:TrackPointExtension>
            <ns3:hr>129</ns3:hr>
            <ns3:cad>83</ns3:cad>
          </ns3:TrackPointExtension>
        </extensions>
      </trkpt>
      <trkpt lat="37.506071291863918304443359375" lon="127.05731299705803394317626953125">
        <ele>32.200000762939453125</ele>
        <time>2026-08-09T11:48:34.000Z</time>
        <extensions>
          <ns3:TrackPointExtension>
            <ns3:hr>129</ns3:hr>
            <ns3:cad>83</ns3:cad>
          </ns3:TrackPointExtension>
        </extensions>
      </trkpt>
      <trkpt lat="37.50610649585723876953125" lon="127.05728952772915363311767578125">
        <ele>32.200000762939453125</ele>
        <time>2026-08-09T11:48:35.000Z</time>
        <extensions>
          <ns3:TrackPointExtension>
            <ns3:hr>129</ns3:hr>
            <ns3:cad>83</ns3:cad>
          </ns3:TrackPointExtension>
        </extensions>
      </trkpt>
      <trkpt lat="37.50613356940448284149169921875" lon="127.05727276392281055450439453125">
        <ele>32.200000762939453125</ele>
        <time>2026-08-09T11:48:36.000Z</time>
        <extensions>
          <ns3:TrackPointExtension>
            <ns3:hr>129</ns3:hr>
            <ns3:cad>84</ns3:cad>
          </ns3:TrackPointExtension>
        </extensions>
      </trkpt>
      <trkpt lat="37.50616743229329586029052734375" lon="127.05725750885903835296630859375">
        <ele>32.200000762939453125</ele>
        <time>2026-08-09T11:48:37.000Z</time>
        <extensions>
          <ns3:TrackPointExtension>
            <ns3:hr>128</ns3:hr>
            <ns3:cad>84</ns3:cad>
          </ns3:TrackPointExtension>
        </extensions>
      </trkpt>
      <trkpt lat="37.5061978586018085479736328125" lon="127.05724158324301242828369140625">
        <ele>32.200000762939453125</ele>
        <time>2026-08-09T11:48:38.000Z</time>
        <extensions>
          <ns3:TrackPointExtension>
            <ns3:hr>129</ns3:hr>
            <ns3:cad>84</ns3:cad>
          </ns3:TrackPointExtension>
        </extensions>
      </trkpt>
      <trkpt lat="37.506227530539035797119140625" lon="127.05722716636955738067626953125">
        <ele>32.40000152587890625</ele>
        <time>2026-08-09T11:48:39.000Z</time>
        <extensions>
          <ns3:TrackPointExtension>
            <ns3:hr>129</ns3:hr>
            <ns3:cad>83</ns3:cad>
          </ns3:TrackPointExtension>
        </extensions>
      </trkpt>
      <trkpt lat="37.50625913031399250030517578125" lon="127.0572034455835819244384765625">
        <ele>32.40000152587890625</ele>
        <time>2026-08-09T11:48:40.000Z</time>
        <extensions>
          <ns3:TrackPointExtension>
            <ns3:hr>129</ns3:hr>
            <ns3:cad>83</ns3:cad>
          </ns3:TrackPointExtension>
        </extensions>
      </trkpt>
      <trkpt lat="37.50628461129963397979736328125" lon="127.057184167206287384033203125">
        <ele>32.40000152587890625</ele>
        <time>2026-08-09T11:48:41.000Z</time>
        <extensions>
          <ns3:TrackPointExtension>
            <ns3:hr>130</ns3:hr>
            <ns3:cad>83</ns3:cad>
          </ns3:TrackPointExtension>
        </extensions>
      </trkpt>
      <trkpt lat="37.50631277449429035186767578125" lon="127.05715742893517017364501953125">
        <ele>32.200000762939453125</ele>
        <time>2026-08-09T11:48:42.000Z</time>
        <extensions>
          <ns3:TrackPointExtension>
            <ns3:hr>130</ns3:hr>
            <ns3:cad>84</ns3:cad>
          </ns3:TrackPointExtension>
        </extensions>
      </trkpt>
      <trkpt lat="37.5063463859260082244873046875" lon="127.05714083276689052581787109375">
        <ele>32.200000762939453125</ele>
        <time>2026-08-09T11:48:43.000Z</time>
        <extensions>
          <ns3:TrackPointExtension>
            <ns3:hr>130</ns3:hr>
            <ns3:cad>84</ns3:cad>
          </ns3:TrackPointExtension>
        </extensions>
      </trkpt>
      <trkpt lat="37.5063691847026348114013671875" lon="127.05712423659861087799072265625">
        <ele>32.200000762939453125</ele>
        <time>2026-08-09T11:48:44.000Z</time>
        <extensions>
          <ns3:TrackPointExtension>
            <ns3:hr>131</ns3:hr>
            <ns3:cad>84</ns3:cad>
          </ns3:TrackPointExtension>
        </extensions>
      </trkpt>
      <trkpt lat="37.5064050592482089996337890625" lon="127.05710026435554027557373046875">
        <ele>32.200000762939453125</ele>
        <time>2026-08-09T11:48:45.000Z</time>
        <extensions>
          <ns3:TrackPointExtension>
            <ns3:hr>131</ns3:hr>
            <ns3:cad>83</ns3:cad>
          </ns3:TrackPointExtension>
        </extensions>
      </trkpt>
      <trkpt lat="37.5064328871667385101318359375" lon="127.05708534456789493560791015625">
        <ele>32.200000762939453125</ele>
        <time>2026-08-09T11:48:46.000Z</time>
        <extensions>
          <ns3:TrackPointExtension>
            <ns3:hr>131</ns3:hr>
            <ns3:cad>83</ns3:cad>
          </ns3:TrackPointExtension>
        </extensions>
      </trkpt>
      <trkpt lat="37.5064610503613948822021484375" lon="127.05706656910479068756103515625">
        <ele>32.200000762939453125</ele>
        <time>2026-08-09T11:48:47.000Z</time>
        <extensions>
          <ns3:TrackPointExtension>
            <ns3:hr>132</ns3:hr>
            <ns3:cad>83</ns3:cad>
          </ns3:TrackPointExtension>
        </extensions>
      </trkpt>
      <trkpt lat="37.50650220550596714019775390625" lon="127.0570555888116359710693359375">
        <ele>32.200000762939453125</ele>
        <time>2026-08-09T11:48:48.000Z</time>
        <extensions>
          <ns3:TrackPointExtension>
            <ns3:hr>132</ns3:hr>
            <ns3:cad>83</ns3:cad>
          </ns3:TrackPointExtension>
        </extensions>
      </trkpt>
      <trkpt lat="37.506534643471240997314453125" lon="127.057050056755542755126953125">
        <ele>32.200000762939453125</ele>
        <time>2026-08-09T11:48:49.000Z</time>
        <extensions>
          <ns3:TrackPointExtension>
            <ns3:hr>133</ns3:hr>
            <ns3:cad>83</ns3:cad>
          </ns3:TrackPointExtension>
        </extensions>
      </trkpt>
      <trkpt lat="37.506577558815479278564453125" lon="127.05705064348876476287841796875">
        <ele>32.200000762939453125</ele>
        <time>2026-08-09T11:48:50.000Z</time>
        <extensions>
          <ns3:TrackPointExtension>
            <ns3:hr>133</ns3:hr>
            <ns3:cad>83</ns3:cad>
          </ns3:TrackPointExtension>
        </extensions>
      </trkpt>
      <trkpt lat="37.50661075115203857421875" lon="127.057037316262722015380859375">
        <ele>32</ele>
        <time>2026-08-09T11:48:51.000Z</time>
        <extensions>
          <ns3:TrackPointExtension>
            <ns3:hr>133</ns3:hr>
            <ns3:cad>83</ns3:cad>
          </ns3:TrackPointExtension>
        </extensions>
      </trkpt>
      <trkpt lat="37.50665031373500823974609375" lon="127.05703186802566051483154296875">
        <ele>32</ele>
        <time>2026-08-09T11:48:52.000Z</time>
        <extensions>
          <ns3:TrackPointExtension>
            <ns3:hr>134</ns3:hr>
            <ns3:cad>84</ns3:cad>
          </ns3:TrackPointExtension>
        </extensions>
      </trkpt>
      <trkpt lat="37.50669985078275203704833984375" lon="127.05703237093985080718994140625">
        <ele>32</ele>
        <time>2026-08-09T11:48:53.000Z</time>
        <extensions>
          <ns3:TrackPointExtension>
            <ns3:hr>134</ns3:hr>
            <ns3:cad>85</ns3:cad>
          </ns3:TrackPointExtension>
        </extensions>
      </trkpt>
      <trkpt lat="37.506737820804119110107421875" lon="127.05704033374786376953125">
        <ele>32</ele>
        <time>2026-08-09T11:48:54.000Z</time>
        <extensions>
          <ns3:TrackPointExtension>
            <ns3:hr>135</ns3:hr>
            <ns3:cad>85</ns3:cad>
          </ns3:TrackPointExtension>
        </extensions>
      </trkpt>
      <trkpt lat="37.5067678280174732208251953125" lon="127.05706187523901462554931640625">
        <ele>31.799999237060546875</ele>
        <time>2026-08-09T11:48:55.000Z</time>
        <extensions>
          <ns3:TrackPointExtension>
            <ns3:hr>135</ns3:hr>
            <ns3:cad>84</ns3:cad>
          </ns3:TrackPointExtension>
        </extensions>
      </trkpt>
      <trkpt lat="37.506797499954700469970703125" lon="127.057080231606960296630859375">
        <ele>31.6000003814697265625</ele>
        <time>2026-08-09T11:48:56.000Z</time>
        <extensions>
          <ns3:TrackPointExtension>
            <ns3:hr>136</ns3:hr>
            <ns3:cad>84</ns3:cad>
          </ns3:TrackPointExtension>
        </extensions>
      </trkpt>
      <trkpt lat="37.506830357015132904052734375" lon="127.05711543560028076171875">
        <ele>31.6000003814697265625</ele>
        <time>2026-08-09T11:48:57.000Z</time>
        <extensions>
          <ns3:TrackPointExtension>
            <ns3:hr>136</ns3:hr>
            <ns3:cad>84</ns3:cad>
          </ns3:TrackPointExtension>
        </extensions>
      </trkpt>
      <trkpt lat="37.50685608945786952972412109375" lon="127.057145275175571441650390625">
        <ele>31.3999996185302734375</ele>
        <time>2026-08-09T11:48:58.000Z</time>
        <extensions>
          <ns3:TrackPointExtension>
            <ns3:hr>137</ns3:hr>
            <ns3:cad>84</ns3:cad>
          </ns3:TrackPointExtension>
        </extensions>
      </trkpt>
      <trkpt lat="37.50687989406287670135498046875" lon="127.05718006007373332977294921875">
        <ele>31.3999996185302734375</ele>
        <time>2026-08-09T11:48:59.000Z</time>
        <extensions>
          <ns3:TrackPointExtension>
            <ns3:hr>137</ns3:hr>
            <ns3:cad>84</ns3:cad>
          </ns3:TrackPointExtension>
        </extensions>
      </trkpt>
      <trkpt lat="37.50689783133566379547119140625" lon="127.05722071230411529541015625">
        <ele>31.200000762939453125</ele>
        <time>2026-08-09T11:49:00.000Z</time>
        <extensions>
          <ns3:TrackPointExtension>
            <ns3:hr>137</ns3:hr>
            <ns3:cad>84</ns3:cad>
          </ns3:TrackPointExtension>
        </extensions>
      </trkpt>
      <trkpt lat="37.5069119967520236968994140625" lon="127.057253234088420867919921875">
        <ele>31</ele>
        <time>2026-08-09T11:49:01.000Z</time>
        <extensions>
          <ns3:TrackPointExtension>
            <ns3:hr>137</ns3:hr>
            <ns3:cad>84</ns3:cad>
          </ns3:TrackPointExtension>
        </extensions>
      </trkpt>
      <trkpt lat="37.5069304369390010833740234375" lon="127.05729715526103973388671875">
        <ele>30.799999237060546875</ele>
        <time>2026-08-09T11:49:02.000Z</time>
        <extensions>
          <ns3:TrackPointExtension>
            <ns3:hr>137</ns3:hr>
            <ns3:cad>84</ns3:cad>
          </ns3:TrackPointExtension>
        </extensions>
      </trkpt>
      <trkpt lat="37.506940998136997222900390625" lon="127.057342417538166046142578125">
        <ele>30.6000003814697265625</ele>
        <time>2026-08-09T11:49:03.000Z</time>
        <extensions>
          <ns3:TrackPointExtension>
            <ns3:hr>138</ns3:hr>
            <ns3:cad>84</ns3:cad>
          </ns3:TrackPointExtension>
        </extensions>
      </trkpt>
      <trkpt lat="37.5069559179246425628662109375" lon="127.05738407559692859649658203125">
        <ele>30.3999996185302734375</ele>
        <time>2026-08-09T11:49:04.000Z</time>
        <extensions>
          <ns3:TrackPointExtension>
            <ns3:hr>138</ns3:hr>
            <ns3:cad>84</ns3:cad>
          </ns3:TrackPointExtension>
        </extensions>
      </trkpt>
      <trkpt lat="37.5069703347980976104736328125" lon="127.0574237219989299774169921875">
        <ele>30.3999996185302734375</ele>
        <time>2026-08-09T11:49:05.000Z</time>
        <extensions>
          <ns3:TrackPointExtension>
            <ns3:hr>138</ns3:hr>
            <ns3:cad>84</ns3:cad>
          </ns3:TrackPointExtension>
        </extensions>
      </trkpt>
      <trkpt lat="37.50698433257639408111572265625" lon="127.05745406448841094970703125">
        <ele>30.6000003814697265625</ele>
        <time>2026-08-09T11:49:06.000Z</time>
        <extensions>
          <ns3:TrackPointExtension>
            <ns3:hr>138</ns3:hr>
            <ns3:cad>84</ns3:cad>
          </ns3:TrackPointExtension>
        </extensions>
      </trkpt>
      <trkpt lat="37.5069981627166271209716796875" lon="127.05750896595418453216552734375">
        <ele>30.6000003814697265625</ele>
        <time>2026-08-09T11:49:07.000Z</time>
        <extensions>
          <ns3:TrackPointExtension>
            <ns3:hr>139</ns3:hr>
            <ns3:cad>85</ns3:cad>
          </ns3:TrackPointExtension>
        </extensions>
      </trkpt>
      <trkpt lat="37.5070119090378284454345703125" lon="127.05754257738590240478515625">
        <ele>30.799999237060546875</ele>
        <time>2026-08-09T11:49:08.000Z</time>
        <extensions>
          <ns3:TrackPointExtension>
            <ns3:hr>139</ns3:hr>
            <ns3:cad>85</ns3:cad>
          </ns3:TrackPointExtension>
        </extensions>
      </trkpt>
      <trkpt lat="37.50702984631061553955078125" lon="127.05758591182529926300048828125">
        <ele>30.799999237060546875</ele>
        <time>2026-08-09T11:49:09.000Z</time>
        <extensions>
          <ns3:TrackPointExtension>
            <ns3:hr>139</ns3:hr>
            <ns3:cad>85</ns3:cad>
          </ns3:TrackPointExtension>
        </extensions>
      </trkpt>
      <trkpt lat="37.50704459846019744873046875" lon="127.05763184465467929840087890625">
        <ele>30.799999237060546875</ele>
        <time>2026-08-09T11:49:10.000Z</time>
        <extensions>
          <ns3:TrackPointExtension>
            <ns3:hr>139</ns3:hr>
            <ns3:cad>83</ns3:cad>
          </ns3:TrackPointExtension>
        </extensions>
      </trkpt>
      <trkpt lat="37.50705675221979618072509765625" lon="127.0576624386012554168701171875">
        <ele>31</ele>
        <time>2026-08-09T11:49:11.000Z</time>
        <extensions>
          <ns3:TrackPointExtension>
            <ns3:hr>139</ns3:hr>
            <ns3:cad>83</ns3:cad>
          </ns3:TrackPointExtension>
        </extensions>
      </trkpt>
      <trkpt lat="37.5070813111960887908935546875" lon="127.05771826207637786865234375">
        <ele>31</ele>
        <time>2026-08-09T11:49:12.000Z</time>
        <extensions>
          <ns3:TrackPointExtension>
            <ns3:hr>139</ns3:hr>
            <ns3:cad>83</ns3:cad>
          </ns3:TrackPointExtension>
        </extensions>
      </trkpt>
      <trkpt lat="37.50709262676537036895751953125" lon="127.05774835310876369476318359375">
        <ele>31.200000762939453125</ele>
        <time>2026-08-09T11:49:13.000Z</time>
        <extensions>
          <ns3:TrackPointExtension>
            <ns3:hr>140</ns3:hr>
            <ns3:cad>84</ns3:cad>
          </ns3:TrackPointExtension>
        </extensions>
      </trkpt>
      <trkpt lat="37.50711324624717235565185546875" lon="127.05779328010976314544677734375">
        <ele>31.200000762939453125</ele>
        <time>2026-08-09T11:49:14.000Z</time>
        <extensions>
          <ns3:TrackPointExtension>
            <ns3:hr>140</ns3:hr>
            <ns3:cad>84</ns3:cad>
          </ns3:TrackPointExtension>
        </extensions>
      </trkpt>
      <trkpt lat="37.50712908804416656494140625" lon="127.0578409731388092041015625">
        <ele>31.200000762939453125</ele>
        <time>2026-08-09T11:49:15.000Z</time>
        <extensions>
          <ns3:TrackPointExtension>
            <ns3:hr>140</ns3:hr>
            <ns3:cad>84</ns3:cad>
          </ns3:TrackPointExtension>
        </extensions>
      </trkpt>
      <trkpt lat="37.50714509747922420501708984375" lon="127.05787760205566883087158203125">
        <ele>31.200000762939453125</ele>
        <time>2026-08-09T11:49:16.000Z</time>
        <extensions>
          <ns3:TrackPointExtension>
            <ns3:hr>140</ns3:hr>
            <ns3:cad>84</ns3:cad>
          </ns3:TrackPointExtension>
        </extensions>
      </trkpt>
      <trkpt lat="37.50717108137905597686767578125" lon="127.0579269714653491973876953125">
        <ele>31.200000762939453125</ele>
        <time>2026-08-09T11:49:17.000Z</time>
        <extensions>
          <ns3:TrackPointExtension>
            <ns3:hr>141</ns3:hr>
            <ns3:cad>84</ns3:cad>
          </ns3:TrackPointExtension>
        </extensions>
      </trkpt>
      <trkpt lat="37.50718667171895503997802734375" lon="127.05796636641025543212890625">
        <ele>31</ele>
        <time>2026-08-09T11:49:18.000Z</time>
        <extensions>
          <ns3:TrackPointExtension>
            <ns3:hr>141</ns3:hr>
            <ns3:cad>84</ns3:cad>
          </ns3:TrackPointExtension>
        </extensions>
      </trkpt>
      <trkpt lat="37.50720175914466381072998046875" lon="127.058012969791889190673828125">
        <ele>31</ele>
        <time>2026-08-09T11:49:19.000Z</time>
        <extensions>
          <ns3:TrackPointExtension>
            <ns3:hr>141</ns3:hr>
            <ns3:cad>84</ns3:cad>
          </ns3:TrackPointExtension>
        </extensions>
      </trkpt>
      <trkpt lat="37.50721382908523082733154296875" lon="127.05806963145732879638671875">
        <ele>30.799999237060546875</ele>
        <time>2026-08-09T11:49:20.000Z</time>
        <extensions>
          <ns3:TrackPointExtension>
            <ns3:hr>142</ns3:hr>
            <ns3:cad>84</ns3:cad>
          </ns3:TrackPointExtension>
        </extensions>
      </trkpt>
      <trkpt lat="37.50723193399608135223388671875" lon="127.0580989681184291839599609375">
        <ele>30.6000003814697265625</ele>
        <time>2026-08-09T11:49:21.000Z</time>
        <extensions>
          <ns3:TrackPointExtension>
            <ns3:hr>143</ns3:hr>
            <ns3:cad>84</ns3:cad>
          </ns3:TrackPointExtension>
        </extensions>
      </trkpt>
      <trkpt lat="37.50724081881344318389892578125" lon="127.05814607441425323486328125">
        <ele>30.6000003814697265625</ele>
        <time>2026-08-09T11:49:22.000Z</time>
        <extensions>
          <ns3:TrackPointExtension>
            <ns3:hr>144</ns3:hr>
            <ns3:cad>84</ns3:cad>
          </ns3:TrackPointExtension>
        </extensions>
      </trkpt>
      <trkpt lat="37.50724618323147296905517578125" lon="127.0581851340830326080322265625">
        <ele>30.6000003814697265625</ele>
        <time>2026-08-09T11:49:23.000Z</time>
        <extensions>
          <ns3:TrackPointExtension>
            <ns3:hr>144</ns3:hr>
            <ns3:cad>84</ns3:cad>
          </ns3:TrackPointExtension>
        </extensions>
      </trkpt>
      <trkpt lat="37.50724886544048786163330078125" lon="127.05822922289371490478515625">
        <ele>30.6000003814697265625</ele>
        <time>2026-08-09T11:49:24.000Z</time>
        <extensions>
          <ns3:TrackPointExtension>
            <ns3:hr>144</ns3:hr>
            <ns3:cad>84</ns3:cad>
          </ns3:TrackPointExtension>
        </extensions>
      </trkpt>
      <trkpt lat="37.50726722180843353271484375" lon="127.05827591009438037872314453125">
        <ele>30.6000003814697265625</ele>
        <time>2026-08-09T11:49:25.000Z</time>
        <extensions>
          <ns3:TrackPointExtension>
            <ns3:hr>144</ns3:hr>
            <ns3:cad>84</ns3:cad>
          </ns3:TrackPointExtension>
        </extensions>
      </trkpt>
      <trkpt lat="37.50728172250092029571533203125" lon="127.05831916071474552154541015625">
        <ele>30.6000003814697265625</ele>
        <time>2026-08-09T11:49:26.000Z</time>
        <extensions>
          <ns3:TrackPointExtension>
            <ns3:hr>145</ns3:hr>
            <ns3:cad>84</ns3:cad>
          </ns3:TrackPointExtension>
        </extensions>
      </trkpt>
      <trkpt lat="37.50729597173631191253662109375" lon="127.05836257897317409515380859375">
        <ele>30.6000003814697265625</ele>
        <time>2026-08-09T11:49:27.000Z</time>
        <extensions>
          <ns3:TrackPointExtension>
            <ns3:hr>145</ns3:hr>
            <ns3:cad>84</ns3:cad>
          </ns3:TrackPointExtension>
        </extensions>
      </trkpt>
      <trkpt lat="37.50730552710592746734619140625" lon="127.0584069192409515380859375">
        <ele>30.6000003814697265625</ele>
        <time>2026-08-09T11:49:28.000Z</time>
        <extensions>
          <ns3:TrackPointExtension>
            <ns3:hr>145</ns3:hr>
            <ns3:cad>84</ns3:cad>
          </ns3:TrackPointExtension>
        </extensions>
      </trkpt>
      <trkpt lat="37.50731910578906536102294921875" lon="127.05845360644161701202392578125">
        <ele>30.3999996185302734375</ele>
        <time>2026-08-09T11:49:29.000Z</time>
        <extensions>
          <ns3:TrackPointExtension>
            <ns3:hr>145</ns3:hr>
            <ns3:cad>84</ns3:cad>
          </ns3:TrackPointExtension>
        </extensions>
      </trkpt>
      <trkpt lat="37.50732849352061748504638671875" lon="127.05849702470004558563232421875">
        <ele>30.3999996185302734375</ele>
        <time>2026-08-09T11:49:30.000Z</time>
        <extensions>
          <ns3:TrackPointExtension>
            <ns3:hr>146</ns3:hr>
            <ns3:cad>84</ns3:cad>
          </ns3:TrackPointExtension>
        </extensions>
      </trkpt>
      <trkpt lat="37.50733427703380584716796875" lon="127.05853876657783985137939453125">
        <ele>30.3999996185302734375</ele>
        <time>2026-08-09T11:49:31.000Z</time>
        <extensions>
          <ns3:TrackPointExtension>
            <ns3:hr>146</ns3:hr>
            <ns3:cad>84</ns3:cad>
          </ns3:TrackPointExtension>
        </extensions>
      </trkpt>
      <trkpt lat="37.5073434971272945404052734375" lon="127.0585908181965351104736328125">
        <ele>30.200000762939453125</ele>
        <time>2026-08-09T11:49:32.000Z</time>
        <extensions>
          <ns3:TrackPointExtension>
            <ns3:hr>146</ns3:hr>
            <ns3:cad>84</ns3:cad>
          </ns3:TrackPointExtension>
        </extensions>
      </trkpt>
      <trkpt lat="37.50736713409423828125" lon="127.05861906521022319793701171875">
        <ele>30.200000762939453125</ele>
        <time>2026-08-09T11:49:33.000Z</time>
        <extensions>
          <ns3:TrackPointExtension>
            <ns3:hr>147</ns3:hr>
            <ns3:cad>84</ns3:cad>
          </ns3:TrackPointExtension>
        </extensions>
      </trkpt>
      <trkpt lat="37.50738448463380336761474609375" lon="127.0586617290973663330078125">
        <ele>30.200000762939453125</ele>
        <time>2026-08-09T11:49:34.000Z</time>
        <extensions>
          <ns3:TrackPointExtension>
            <ns3:hr>147</ns3:hr>
            <ns3:cad>84</ns3:cad>
          </ns3:TrackPointExtension>
        </extensions>
      </trkpt>
      <trkpt lat="37.5073958002030849456787109375" lon="127.05870321951806545257568359375">
        <ele>30.3999996185302734375</ele>
        <time>2026-08-09T11:49:35.000Z</time>
        <extensions>
          <ns3:TrackPointExtension>
            <ns3:hr>148</ns3:hr>
            <ns3:cad>84</ns3:cad>
          </ns3:TrackPointExtension>
        </extensions>
      </trkpt>
      <trkpt lat="37.50740175135433673858642578125" lon="127.05874160863459110260009765625">
        <ele>30.3999996185302734375</ele>
        <time>2026-08-09T11:49:36.000Z</time>
        <extensions>
          <ns3:TrackPointExtension>
            <ns3:hr>149</ns3:hr>
            <ns3:cad>84</ns3:cad>
          </ns3:TrackPointExtension>
        </extensions>
      </trkpt>
      <trkpt lat="37.507411725819110870361328125" lon="127.05878519453108310699462890625">
        <ele>30.6000003814697265625</ele>
        <time>2026-08-09T11:49:37.000Z</time>
        <extensions>
          <ns3:TrackPointExtension>
            <ns3:hr>149</ns3:hr>
            <ns3:cad>84</ns3:cad>
          </ns3:TrackPointExtension>
        </extensions>
      </trkpt>
      <trkpt lat="37.50741750933229923248291015625" lon="127.0588184706866741180419921875">
        <ele>30.6000003814697265625</ele>
        <time>2026-08-09T11:49:38.000Z</time>
        <extensions>
          <ns3:TrackPointExtension>
            <ns3:hr>149</ns3:hr>
            <ns3:cad>84</ns3:cad>
          </ns3:TrackPointExtension>
        </extensions>
      </trkpt>
      <trkpt lat="37.5074179284274578094482421875" lon="127.05887672491371631622314453125">
        <ele>30.6000003814697265625</ele>
        <time>2026-08-09T11:49:39.000Z</time>
        <extensions>
          <ns3:TrackPointExtension>
            <ns3:hr>149</ns3:hr>
            <ns3:cad>83</ns3:cad>
          </ns3:TrackPointExtension>
        </extensions>
      </trkpt>
      <trkpt lat="37.50743226148188114166259765625" lon="127.05891913734376430511474609375">
        <ele>30.6000003814697265625</ele>
        <time>2026-08-09T11:49:40.000Z</time>
        <extensions>
          <ns3:TrackPointExtension>
            <ns3:hr>149</ns3:hr>
            <ns3:cad>83</ns3:cad>
          </ns3:TrackPointExtension>
        </extensions>
      </trkpt>
      <trkpt lat="37.507438547909259796142578125" lon="127.05896507017314434051513671875">
        <ele>30.799999237060546875</ele>
        <time>2026-08-09T11:49:41.000Z</time>
        <extensions>
          <ns3:TrackPointExtension>
            <ns3:hr>150</ns3:hr>
            <ns3:cad>84</ns3:cad>
          </ns3:TrackPointExtension>
        </extensions>
      </trkpt>
      <trkpt lat="37.5074454210698604583740234375" lon="127.05900714732706546783447265625">
        <ele>30.799999237060546875</ele>
        <time>2026-08-09T11:49:42.000Z</time>
        <extensions>
          <ns3:TrackPointExtension>
            <ns3:hr>149</ns3:hr>
            <ns3:cad>84</ns3:cad>
          </ns3:TrackPointExtension>
        </extensions>
      </trkpt>
      <trkpt lat="37.50744919292628765106201171875" lon="127.05903061665594577789306640625">
        <ele>31</ele>
        <time>2026-08-09T11:49:43.000Z</time>
        <extensions>
          <ns3:TrackPointExtension>
            <ns3:hr>149</ns3:hr>
            <ns3:cad>84</ns3:cad>
          </ns3:TrackPointExtension>
        </extensions>
      </trkpt>
      <trkpt lat="37.507459335029125213623046875" lon="127.05907202325761318206787109375">
        <ele>31</ele>
        <time>2026-08-09T11:49:44.000Z</time>
        <extensions>
          <ns3:TrackPointExtension>
            <ns3:hr>149</ns3:hr>
            <ns3:cad>85</ns3:cad>
          </ns3:TrackPointExtension>
        </extensions>
      </trkpt>
      <trkpt lat="37.5074648670852184295654296875" lon="127.05910094082355499267578125">
        <ele>31</ele>
        <time>2026-08-09T11:49:45.000Z</time>
        <extensions>
          <ns3:TrackPointExtension>
            <ns3:hr>149</ns3:hr>
            <ns3:cad>85</ns3:cad>
          </ns3:TrackPointExtension>
        </extensions>
      </trkpt>
      <trkpt lat="37.5074809603393077850341796875" lon="127.0591418445110321044921875">
        <ele>30.799999237060546875</ele>
        <time>2026-08-09T11:49:46.000Z</time>
        <extensions>
          <ns3:TrackPointExtension>
            <ns3:hr>149</ns3:hr>
            <ns3:cad>85</ns3:cad>
          </ns3:TrackPointExtension>
        </extensions>
      </trkpt>
      <trkpt lat="37.5074973888695240020751953125" lon="127.0591809041798114776611328125">
        <ele>30.799999237060546875</ele>
        <time>2026-08-09T11:49:47.000Z</time>
        <extensions>
          <ns3:TrackPointExtension>
            <ns3:hr>149</ns3:hr>
            <ns3:cad>85</ns3:cad>
          </ns3:TrackPointExtension>
        </extensions>
      </trkpt>
      <trkpt lat="37.5075017474591732025146484375" lon="127.0592087320983409881591796875">
        <ele>30.799999237060546875</ele>
        <time>2026-08-09T11:49:48.000Z</time>
        <extensions>
          <ns3:TrackPointExtension>
            <ns3:hr>149</ns3:hr>
            <ns3:cad>85</ns3:cad>
          </ns3:TrackPointExtension>
        </extensions>
      </trkpt>
      <trkpt lat="37.50751440413296222686767578125" lon="127.05924586392939090728759765625">
        <ele>30.6000003814697265625</ele>
        <time>2026-08-09T11:49:49.000Z</time>
        <extensions>
          <ns3:TrackPointExtension>
            <ns3:hr>149</ns3:hr>
            <ns3:cad>85</ns3:cad>
          </ns3:TrackPointExtension>
        </extensions>
      </trkpt>
      <trkpt lat="37.5075238756835460662841796875" lon="127.05928760580718517303466796875">
        <ele>30.6000003814697265625</ele>
        <time>2026-08-09T11:49:50.000Z</time>
        <extensions>
          <ns3:TrackPointExtension>
            <ns3:hr>150</ns3:hr>
            <ns3:cad>85</ns3:cad>
          </ns3:TrackPointExtension>
        </extensions>
      </trkpt>
      <trkpt lat="37.50754340551793575286865234375" lon="127.0593331195414066314697265625">
        <ele>30.6000003814697265625</ele>
        <time>2026-08-09T11:49:51.000Z</time>
        <extensions>
          <ns3:TrackPointExtension>
            <ns3:hr>149</ns3:hr>
            <ns3:cad>85</ns3:cad>
          </ns3:TrackPointExtension>
        </extensions>
      </trkpt>
      <trkpt lat="37.50757894478738307952880859375" lon="127.05935868434607982635498046875">
        <ele>30.6000003814697265625</ele>
        <time>2026-08-09T11:49:52.000Z</time>
        <extensions>
          <ns3:TrackPointExtension>
            <ns3:hr>150</ns3:hr>
            <ns3:cad>85</ns3:cad>
          </ns3:TrackPointExtension>
        </extensions>
      </trkpt>
      <trkpt lat="37.50760979019105434417724609375" lon="127.05938064493238925933837890625">
        <ele>30.3999996185302734375</ele>
        <time>2026-08-09T11:49:53.000Z</time>
        <extensions>
          <ns3:TrackPointExtension>
            <ns3:hr>150</ns3:hr>
            <ns3:cad>85</ns3:cad>
          </ns3:TrackPointExtension>
        </extensions>
      </trkpt>
      <trkpt lat="37.5076328404247760772705078125" lon="127.05942138098180294036865234375">
        <ele>30.6000003814697265625</ele>
        <time>2026-08-09T11:49:54.000Z</time>
        <extensions>
          <ns3:TrackPointExtension>
            <ns3:hr>150</ns3:hr>
            <ns3:cad>85</ns3:cad>
          </ns3:TrackPointExtension>
        </extensions>
      </trkpt>
      <trkpt lat="37.50765706412494182586669921875" lon="127.05945231020450592041015625">
        <ele>30.3999996185302734375</ele>
        <time>2026-08-09T11:49:55.000Z</time>
        <extensions>
          <ns3:TrackPointExtension>
            <ns3:hr>150</ns3:hr>
            <ns3:cad>85</ns3:cad>
          </ns3:TrackPointExtension>
        </extensions>
      </trkpt>
      <trkpt lat="37.5076878257095813751220703125" lon="127.059499919414520263671875">
        <ele>30.3999996185302734375</ele>
        <time>2026-08-09T11:49:56.000Z</time>
        <extensions>
          <ns3:TrackPointExtension>
            <ns3:hr>150</ns3:hr>
            <ns3:cad>85</ns3:cad>
          </ns3:TrackPointExtension>
        </extensions>
      </trkpt>
      <trkpt lat="37.50769897364079952239990234375" lon="127.05954342149198055267333984375">
        <ele>30.3999996185302734375</ele>
        <time>2026-08-09T11:49:57.000Z</time>
        <extensions>
          <ns3:TrackPointExtension>
            <ns3:hr>150</ns3:hr>
            <ns3:cad>84</ns3:cad>
          </ns3:TrackPointExtension>
        </extensions>
      </trkpt>
      <trkpt lat="37.50771841965615749359130859375" lon="127.05959002487361431121826171875">
        <ele>30.3999996185302734375</ele>
        <time>2026-08-09T11:49:58.000Z</time>
        <extensions>
          <ns3:TrackPointExtension>
            <ns3:hr>150</ns3:hr>
            <ns3:cad>84</ns3:cad>
          </ns3:TrackPointExtension>
        </extensions>
      </trkpt>
      <trkpt lat="37.50774172134697437286376953125" lon="127.05963210202753543853759765625">
        <ele>30.3999996185302734375</ele>
        <time>2026-08-09T11:49:59.000Z</time>
        <extensions>
          <ns3:TrackPointExtension>
            <ns3:hr>150</ns3:hr>
            <ns3:cad>84</ns3:cad>
          </ns3:TrackPointExtension>
        </extensions>
      </trkpt>
      <trkpt lat="37.5077525340020656585693359375" lon="127.05966529436409473419189453125">
        <ele>30.6000003814697265625</ele>
        <time>2026-08-09T11:50:00.000Z</time>
        <extensions>
          <ns3:TrackPointExtension>
            <ns3:hr>150</ns3:hr>
            <ns3:cad>84</ns3:cad>
          </ns3:TrackPointExtension>
        </extensions>
      </trkpt>
      <trkpt lat="37.50777290202677249908447265625" lon="127.0597126521170139312744140625">
        <ele>30.799999237060546875</ele>
        <time>2026-08-09T11:50:01.000Z</time>
        <extensions>
          <ns3:TrackPointExtension>
            <ns3:hr>150</ns3:hr>
            <ns3:cad>85</ns3:cad>
          </ns3:TrackPointExtension>
        </extensions>
      </trkpt>
      <trkpt lat="37.5077894143760204315185546875" lon="127.0597528852522373199462890625">
        <ele>31</ele>
        <time>2026-08-09T11:50:02.000Z</time>
        <extensions>
          <ns3:TrackPointExtension>
            <ns3:hr>151</ns3:hr>
            <ns3:cad>85</ns3:cad>
          </ns3:TrackPointExtension>
        </extensions>
      </trkpt>
      <trkpt lat="37.507804334163665771484375" lon="127.05979471094906330108642578125">
        <ele>31</ele>
        <time>2026-08-09T11:50:03.000Z</time>
        <extensions>
          <ns3:TrackPointExtension>
            <ns3:hr>151</ns3:hr>
            <ns3:cad>85</ns3:cad>
          </ns3:TrackPointExtension>
        </extensions>
      </trkpt>
      <trkpt lat="37.5077967904508113861083984375" lon="127.05985237844288349151611328125">
        <ele>31</ele>
        <time>2026-08-09T11:50:04.000Z</time>
        <extensions>
          <ns3:TrackPointExtension>
            <ns3:hr>151</ns3:hr>
            <ns3:cad>85</ns3:cad>
          </ns3:TrackPointExtension>
        </extensions>
      </trkpt>
      <trkpt lat="37.5077988021075725555419921875" lon="127.059902250766754150390625">
        <ele>30.799999237060546875</ele>
        <time>2026-08-09T11:50:05.000Z</time>
        <extensions>
          <ns3:TrackPointExtension>
            <ns3:hr>151</ns3:hr>
            <ns3:cad>85</ns3:cad>
          </ns3:TrackPointExtension>
        </extensions>
      </trkpt>
      <trkpt lat="37.5078001432120800018310546875" lon="127.05996192991733551025390625">
        <ele>30.6000003814697265625</ele>
        <time>2026-08-09T11:50:06.000Z</time>
        <extensions>
          <ns3:TrackPointExtension>
            <ns3:hr>152</ns3:hr>
            <ns3:cad>85</ns3:cad>
          </ns3:TrackPointExtension>
        </extensions>
      </trkpt>
      <trkpt lat="37.50780475325882434844970703125" lon="127.06000895239412784576416015625">
        <ele>30.200000762939453125</ele>
        <time>2026-08-09T11:50:07.000Z</time>
        <extensions>
          <ns3:TrackPointExtension>
            <ns3:hr>152</ns3:hr>
            <ns3:cad>85</ns3:cad>
          </ns3:TrackPointExtension>
        </extensions>
      </trkpt>
      <trkpt lat="37.5078031606972217559814453125" lon="127.0600713975727558135986328125">
        <ele>30.200000762939453125</ele>
        <time>2026-08-09T11:50:08.000Z</time>
        <extensions>
          <ns3:TrackPointExtension>
            <ns3:hr>153</ns3:hr>
            <ns3:cad>85</ns3:cad>
          </ns3:TrackPointExtension>
        </extensions>
      </trkpt>
      <trkpt lat="37.5078110396862030029296875" lon="127.06009746529161930084228515625">
        <ele>30.200000762939453125</ele>
        <time>2026-08-09T11:50:09.000Z</time>
        <extensions>
          <ns3:TrackPointExtension>
            <ns3:hr>153</ns3:hr>
            <ns3:cad>84</ns3:cad>
          </ns3:TrackPointExtension>
        </extensions>
      </trkpt>
      <trkpt lat="37.5078284740447998046875" lon="127.060143314301967620849609375">
        <ele>30.3999996185302734375</ele>
        <time>2026-08-09T11:50:10.000Z</time>
        <extensions>
          <ns3:TrackPointExtension>
            <ns3:hr>154</ns3:hr>
            <ns3:cad>84</ns3:cad>
          </ns3:TrackPointExtension>
        </extensions>
      </trkpt>
      <trkpt lat="37.50783878378570079803466796875" lon="127.0601713098585605621337890625">
        <ele>30.6000003814697265625</ele>
        <time>2026-08-09T11:50:11.000Z</time>
        <extensions>
          <ns3:TrackPointExtension>
            <ns3:hr>154</ns3:hr>
            <ns3:cad>84</ns3:cad>
          </ns3:TrackPointExtension>
        </extensions>
      </trkpt>
      <trkpt lat="37.50784783624112606048583984375" lon="127.0602041669189929962158203125">
        <ele>30.6000003814697265625</ele>
        <time>2026-08-09T11:50:12.000Z</time>
        <extensions>
          <ns3:TrackPointExtension>
            <ns3:hr>154</ns3:hr>
            <ns3:cad>85</ns3:cad>
          </ns3:TrackPointExtension>
        </extensions>
      </trkpt>
      <trkpt lat="37.50786275602877140045166015625" lon="127.06023685634136199951171875">
        <ele>30.799999237060546875</ele>
        <time>2026-08-09T11:50:13.000Z</time>
        <extensions>
          <ns3:TrackPointExtension>
            <ns3:hr>154</ns3:hr>
            <ns3:cad>85</ns3:cad>
          </ns3:TrackPointExtension>
        </extensions>
      </trkpt>
      <trkpt lat="37.50787516124546527862548828125" lon="127.0602671988308429718017578125">
        <ele>30.6000003814697265625</ele>
        <time>2026-08-09T11:50:14.000Z</time>
        <extensions>
          <ns3:TrackPointExtension>
            <ns3:hr>154</ns3:hr>
            <ns3:cad>85</ns3:cad>
          </ns3:TrackPointExtension>
        </extensions>
      </trkpt>
      <trkpt lat="37.50788790173828601837158203125" lon="127.060304917395114898681640625">
        <ele>30.3999996185302734375</ele>
        <time>2026-08-09T11:50:15.000Z</time>
        <extensions>
          <ns3:TrackPointExtension>
            <ns3:hr>154</ns3:hr>
            <ns3:cad>85</ns3:cad>
          </ns3:TrackPointExtension>
        </extensions>
      </trkpt>
      <trkpt lat="37.507897205650806427001953125" lon="127.06034204922616481781005859375">
        <ele>30.3999996185302734375</ele>
        <time>2026-08-09T11:50:16.000Z</time>
        <extensions>
          <ns3:TrackPointExtension>
            <ns3:hr>154</ns3:hr>
            <ns3:cad>85</ns3:cad>
          </ns3:TrackPointExtension>
        </extensions>
      </trkpt>
      <trkpt lat="37.50790718011558055877685546875" lon="127.06037675030529499053955078125">
        <ele>30.3999996185302734375</ele>
        <time>2026-08-09T11:50:17.000Z</time>
        <extensions>
          <ns3:TrackPointExtension>
            <ns3:hr>154</ns3:hr>
            <ns3:cad>85</ns3:cad>
          </ns3:TrackPointExtension>
        </extensions>
      </trkpt>
      <trkpt lat="37.5079250335693359375" lon="127.06041547469794750213623046875">
        <ele>30.3999996185302734375</ele>
        <time>2026-08-09T11:50:18.000Z</time>
        <extensions>
          <ns3:TrackPointExtension>
            <ns3:hr>153</ns3:hr>
            <ns3:cad>85</ns3:cad>
          </ns3:TrackPointExtension>
        </extensions>
      </trkpt>
      <trkpt lat="37.5079376064240932464599609375" lon="127.06044145859777927398681640625">
        <ele>30.3999996185302734375</ele>
        <time>2026-08-09T11:50:19.000Z</time>
        <extensions>
          <ns3:TrackPointExtension>
            <ns3:hr>154</ns3:hr>
            <ns3:cad>84</ns3:cad>
          </ns3:TrackPointExtension>
        </extensions>
      </trkpt>
      <trkpt lat="37.5079587288200855255126953125" lon="127.06047917716205120086669921875">
        <ele>30.6000003814697265625</ele>
        <time>2026-08-09T11:50:20.000Z</time>
        <extensions>
          <ns3:TrackPointExtension>
            <ns3:hr>154</ns3:hr>
            <ns3:cad>84</ns3:cad>
          </ns3:TrackPointExtension>
        </extensions>
      </trkpt>
      <trkpt lat="37.50797205604612827301025390625" lon="127.0605096034705638885498046875">
        <ele>30.6000003814697265625</ele>
        <time>2026-08-09T11:50:21.000Z</time>
        <extensions>
          <ns3:TrackPointExtension>
            <ns3:hr>153</ns3:hr>
            <ns3:cad>84</ns3:cad>
          </ns3:TrackPointExtension>
        </extensions>
      </trkpt>
      <trkpt lat="37.5079868920147418975830078125" lon="127.06054623238742351531982421875">
        <ele>30.6000003814697265625</ele>
        <time>2026-08-09T11:50:22.000Z</time>
        <extensions>
          <ns3:TrackPointExtension>
            <ns3:hr>154</ns3:hr>
            <ns3:cad>84</ns3:cad>
          </ns3:TrackPointExtension>
        </extensions>
      </trkpt>
      <trkpt lat="37.50800474546849727630615234375" lon="127.06059216521680355072021484375">
        <ele>30.3999996185302734375</ele>
        <time>2026-08-09T11:50:23.000Z</time>
        <extensions>
          <ns3:TrackPointExtension>
            <ns3:hr>153</ns3:hr>
            <ns3:cad>84</ns3:cad>
          </ns3:TrackPointExtension>
        </extensions>
      </trkpt>
      <trkpt lat="37.5080170668661594390869140625" lon="127.06063055433332920074462890625">
        <ele>30.3999996185302734375</ele>
        <time>2026-08-09T11:50:24.000Z</time>
        <extensions>
          <ns3:TrackPointExtension>
            <ns3:hr>153</ns3:hr>
            <ns3:cad>84</ns3:cad>
          </ns3:TrackPointExtension>
        </extensions>
      </trkpt>
      <trkpt lat="37.5080385245382785797119140625" lon="127.0606745593249797821044921875">
        <ele>30.200000762939453125</ele>
        <time>2026-08-09T11:50:25.000Z</time>
        <extensions>
          <ns3:TrackPointExtension>
            <ns3:hr>153</ns3:hr>
            <ns3:cad>84</ns3:cad>
          </ns3:TrackPointExtension>
        </extensions>
      </trkpt>
      <trkpt lat="37.50804766081273555755615234375" lon="127.06071236170828342437744140625">
        <ele>30</ele>
        <time>2026-08-09T11:50:26.000Z</time>
        <extensions>
          <ns3:TrackPointExtension>
            <ns3:hr>154</ns3:hr>
            <ns3:cad>84</ns3:cad>
          </ns3:TrackPointExtension>
        </extensions>
      </trkpt>
      <trkpt lat="37.5080524384975433349609375" lon="127.0607654191553592681884765625">
        <ele>29.799999237060546875</ele>
        <time>2026-08-09T11:50:27.000Z</time>
        <extensions>
          <ns3:TrackPointExtension>
            <ns3:hr>153</ns3:hr>
            <ns3:cad>84</ns3:cad>
          </ns3:TrackPointExtension>
        </extensions>
      </trkpt>
      <trkpt lat="37.508066855370998382568359375" lon="127.0608049817383289337158203125">
        <ele>29.799999237060546875</ele>
        <time>2026-08-09T11:50:28.000Z</time>
        <extensions>
          <ns3:TrackPointExtension>
            <ns3:hr>153</ns3:hr>
            <ns3:cad>84</ns3:cad>
          </ns3:TrackPointExtension>
        </extensions>
      </trkpt>
      <trkpt lat="37.50808068551123142242431640625" lon="127.0608378387987613677978515625">
        <ele>30</ele>
        <time>2026-08-09T11:50:29.000Z</time>
        <extensions>
          <ns3:TrackPointExtension>
            <ns3:hr>154</ns3:hr>
            <ns3:cad>84</ns3:cad>
          </ns3:TrackPointExtension>
        </extensions>
      </trkpt>
      <trkpt lat="37.50809325836598873138427734375" lon="127.0608745515346527099609375">
        <ele>30</ele>
        <time>2026-08-09T11:50:30.000Z</time>
        <extensions>
          <ns3:TrackPointExtension>
            <ns3:hr>154</ns3:hr>
            <ns3:cad>84</ns3:cad>
          </ns3:TrackPointExtension>
        </extensions>
      </trkpt>
      <trkpt lat="37.50810583122074604034423828125" lon="127.06089642830193042755126953125">
        <ele>30</ele>
        <time>2026-08-09T11:50:31.000Z</time>
        <extensions>
          <ns3:TrackPointExtension>
            <ns3:hr>154</ns3:hr>
            <ns3:cad>84</ns3:cad>
          </ns3:TrackPointExtension>
        </extensions>
      </trkpt>
      <trkpt lat="37.5081253610551357269287109375" lon="127.06093565560877323150634765625">
        <ele>29.799999237060546875</ele>
        <time>2026-08-09T11:50:32.000Z</time>
        <extensions>
          <ns3:TrackPointExtension>
            <ns3:hr>154</ns3:hr>
            <ns3:cad>84</ns3:cad>
          </ns3:TrackPointExtension>
        </extensions>
      </trkpt>
      <trkpt lat="37.508141286671161651611328125" lon="127.060967423021793365478515625">
        <ele>30</ele>
        <time>2026-08-09T11:50:33.000Z</time>
        <extensions>
          <ns3:TrackPointExtension>
            <ns3:hr>153</ns3:hr>
            <ns3:cad>84</ns3:cad>
          </ns3:TrackPointExtension>
        </extensions>
      </trkpt>
      <trkpt lat="37.50814103521406650543212890625" lon="127.06100757233798503875732421875">
        <ele>30.200000762939453125</ele>
        <time>2026-08-09T11:50:34.000Z</time>
        <extensions>
          <ns3:TrackPointExtension>
            <ns3:hr>153</ns3:hr>
            <ns3:cad>84</ns3:cad>
          </ns3:TrackPointExtension>
        </extensions>
      </trkpt>
      <trkpt lat="37.50815712846815586090087890625" lon="127.0610520802438259124755859375">
        <ele>30</ele>
        <time>2026-08-09T11:50:35.000Z</time>
        <extensions>
          <ns3:TrackPointExtension>
            <ns3:hr>153</ns3:hr>
            <ns3:cad>84</ns3:cad>
          </ns3:TrackPointExtension>
        </extensions>
      </trkpt>
      <trkpt lat="37.50817112624645233154296875" lon="127.06108636222779750823974609375">
        <ele>30.200000762939453125</ele>
        <time>2026-08-09T11:50:36.000Z</time>
        <extensions>
          <ns3:TrackPointExtension>
            <ns3:hr>154</ns3:hr>
            <ns3:cad>84</ns3:cad>
          </ns3:TrackPointExtension>
        </extensions>
      </trkpt>
      <trkpt lat="37.5081810168921947479248046875" lon="127.06113799475133419036865234375">
        <ele>30.3999996185302734375</ele>
        <time>2026-08-09T11:50:37.000Z</time>
        <extensions>
          <ns3:TrackPointExtension>
            <ns3:hr>153</ns3:hr>
            <ns3:cad>85</ns3:cad>
          </ns3:TrackPointExtension>
        </extensions>
      </trkpt>
      <trkpt lat="37.508190907537937164306640625" lon="127.0611845143139362335205078125">
        <ele>30.3999996185302734375</ele>
        <time>2026-08-09T11:50:38.000Z</time>
        <extensions>
          <ns3:TrackPointExtension>
            <ns3:hr>153</ns3:hr>
            <ns3:cad>85</ns3:cad>
          </ns3:TrackPointExtension>
        </extensions>
      </trkpt>
      <trkpt lat="37.50819568522274494171142578125" lon="127.06122499890625476837158203125">
        <ele>30.3999996185302734375</ele>
        <time>2026-08-09T11:50:39.000Z</time>
        <extensions>
          <ns3:TrackPointExtension>
            <ns3:hr>153</ns3:hr>
            <ns3:cad>85</ns3:cad>
          </ns3:TrackPointExtension>
        </extensions>
      </trkpt>
      <trkpt lat="37.5082132034003734588623046875" lon="127.06126741133630275726318359375">
        <ele>30.3999996185302734375</ele>
        <time>2026-08-09T11:50:40.000Z</time>
        <extensions>
          <ns3:TrackPointExtension>
            <ns3:hr>154</ns3:hr>
            <ns3:cad>85</ns3:cad>
          </ns3:TrackPointExtension>
        </extensions>
      </trkpt>
      <trkpt lat="37.5082266144454479217529296875" lon="127.06129959784448146820068359375">
        <ele>30.3999996185302734375</ele>
        <time>2026-08-09T11:50:41.000Z</time>
        <extensions>
          <ns3:TrackPointExtension>
            <ns3:hr>153</ns3:hr>
            <ns3:cad>85</ns3:cad>
          </ns3:TrackPointExtension>
        </extensions>
      </trkpt>
      <trkpt lat="37.5082363374531269073486328125" lon="127.061342261731624603271484375">
        <ele>29.799999237060546875</ele>
        <time>2026-08-09T11:50:42.000Z</time>
        <extensions>
          <ns3:TrackPointExtension>
            <ns3:hr>153</ns3:hr>
            <ns3:cad>85</ns3:cad>
          </ns3:TrackPointExtension>
        </extensions>
      </trkpt>
      <trkpt lat="37.50823818147182464599609375" lon="127.061385847628116607666015625">
        <ele>29.3999996185302734375</ele>
        <time>2026-08-09T11:50:43.000Z</time>
        <extensions>
          <ns3:TrackPointExtension>
            <ns3:hr>153</ns3:hr>
            <ns3:cad>85</ns3:cad>
          </ns3:TrackPointExtension>
        </extensions>
      </trkpt>
      <trkpt lat="37.50824547372758388519287109375" lon="127.061429433524608612060546875">
        <ele>29.3999996185302734375</ele>
        <time>2026-08-09T11:50:44.000Z</time>
        <extensions>
          <ns3:TrackPointExtension>
            <ns3:hr>152</ns3:hr>
            <ns3:cad>84</ns3:cad>
          </ns3:TrackPointExtension>
        </extensions>
      </trkpt>
      <trkpt lat="37.508254945278167724609375" lon="127.061473019421100616455078125">
        <ele>29.200000762939453125</ele>
        <time>2026-08-09T11:50:45.000Z</time>
        <extensions>
          <ns3:TrackPointExtension>
            <ns3:hr>152</ns3:hr>
            <ns3:cad>84</ns3:cad>
          </ns3:TrackPointExtension>
        </extensions>
      </trkpt>
      <trkpt lat="37.50825972296297550201416015625" lon="127.06149615347385406494140625">
        <ele>29</ele>
        <time>2026-08-09T11:50:46.000Z</time>
        <extensions>
          <ns3:TrackPointExtension>
            <ns3:hr>152</ns3:hr>
            <ns3:cad>84</ns3:cad>
          </ns3:TrackPointExtension>
        </extensions>
      </trkpt>
      <trkpt lat="37.50826634466648101806640625" lon="127.0615321956574916839599609375">
        <ele>28.799999237060546875</ele>
        <time>2026-08-09T11:50:47.000Z</time>
        <extensions>
          <ns3:TrackPointExtension>
            <ns3:hr>152</ns3:hr>
            <ns3:cad>84</ns3:cad>
          </ns3:TrackPointExtension>
        </extensions>
      </trkpt>
      <trkpt lat="37.50826827250421047210693359375" lon="127.0615576766431331634521484375">
        <ele>28.799999237060546875</ele>
        <time>2026-08-09T11:50:48.000Z</time>
        <extensions>
          <ns3:TrackPointExtension>
            <ns3:hr>152</ns3:hr>
            <ns3:cad>84</ns3:cad>
          </ns3:TrackPointExtension>
        </extensions>
      </trkpt>
      <trkpt lat="37.50827413983643054962158203125" lon="127.0616042800247669219970703125">
        <ele>28.799999237060546875</ele>
        <time>2026-08-09T11:50:49.000Z</time>
        <extensions>
          <ns3:TrackPointExtension>
            <ns3:hr>151</ns3:hr>
            <ns3:cad>85</ns3:cad>
          </ns3:TrackPointExtension>
        </extensions>
      </trkpt>
      <trkpt lat="37.50827816314995288848876953125" lon="127.06164367496967315673828125">
        <ele>28.799999237060546875</ele>
        <time>2026-08-09T11:50:50.000Z</time>
        <extensions>
          <ns3:TrackPointExtension>
            <ns3:hr>151</ns3:hr>
            <ns3:cad>85</ns3:cad>
          </ns3:TrackPointExtension>
        </extensions>
      </trkpt>
      <trkpt lat="37.5082831084728240966796875" lon="127.06167996861040592193603515625">
        <ele>28.799999237060546875</ele>
        <time>2026-08-09T11:50:51.000Z</time>
        <extensions>
          <ns3:TrackPointExtension>
            <ns3:hr>151</ns3:hr>
            <ns3:cad>85</ns3:cad>
          </ns3:TrackPointExtension>
        </extensions>
      </trkpt>
      <trkpt lat="37.508298866450786590576171875" lon="127.0617216266691684722900390625">
        <ele>29</ele>
        <time>2026-08-09T11:50:52.000Z</time>
        <extensions>
          <ns3:TrackPointExtension>
            <ns3:hr>150</ns3:hr>
            <ns3:cad>84</ns3:cad>
          </ns3:TrackPointExtension>
        </extensions>
      </trkpt>
      <trkpt lat="37.5083067454397678375244140625" lon="127.061747275292873382568359375">
        <ele>29.3999996185302734375</ele>
        <time>2026-08-09T11:50:53.000Z</time>
        <extensions>
          <ns3:TrackPointExtension>
            <ns3:hr>150</ns3:hr>
            <ns3:cad>84</ns3:cad>
          </ns3:TrackPointExtension>
        </extensions>
      </trkpt>
      <trkpt lat="37.50831730663776397705078125" lon="127.06179630942642688751220703125">
        <ele>29.799999237060546875</ele>
        <time>2026-08-09T11:50:54.000Z</time>
        <extensions>
          <ns3:TrackPointExtension>
            <ns3:hr>150</ns3:hr>
            <ns3:cad>84</ns3:cad>
          </ns3:TrackPointExtension>
        </extensions>
      </trkpt>
      <trkpt lat="37.50831998884677886962890625" lon="127.06184039823710918426513671875">
        <ele>30</ele>
        <time>2026-08-09T11:50:55.000Z</time>
        <extensions>
          <ns3:TrackPointExtension>
            <ns3:hr>150</ns3:hr>
            <ns3:cad>85</ns3:cad>
          </ns3:TrackPointExtension>
        </extensions>
      </trkpt>
      <trkpt lat="37.50833046622574329376220703125" lon="127.06188448704779148101806640625">
        <ele>30.200000762939453125</ele>
        <time>2026-08-09T11:50:56.000Z</time>
        <extensions>
          <ns3:TrackPointExtension>
            <ns3:hr>150</ns3:hr>
            <ns3:cad>85</ns3:cad>
          </ns3:TrackPointExtension>
        </extensions>
      </trkpt>
      <trkpt lat="37.50833851285278797149658203125" lon="127.06194165162742137908935546875">
        <ele>30</ele>
        <time>2026-08-09T11:50:57.000Z</time>
        <extensions>
          <ns3:TrackPointExtension>
            <ns3:hr>150</ns3:hr>
            <ns3:cad>85</ns3:cad>
          </ns3:TrackPointExtension>
        </extensions>
      </trkpt>
      <trkpt lat="37.508339770138263702392578125" lon="127.06197400577366352081298828125">
        <ele>29.799999237060546875</ele>
        <time>2026-08-09T11:50:58.000Z</time>
        <extensions>
          <ns3:TrackPointExtension>
            <ns3:hr>150</ns3:hr>
            <ns3:cad>84</ns3:cad>
          </ns3:TrackPointExtension>
        </extensions>
      </trkpt>
      <trkpt lat="37.5083419494330883026123046875" lon="127.062023542821407318115234375">
        <ele>29.6000003814697265625</ele>
        <time>2026-08-09T11:50:59.000Z</time>
        <extensions>
          <ns3:TrackPointExtension>
            <ns3:hr>150</ns3:hr>
            <ns3:cad>84</ns3:cad>
          </ns3:TrackPointExtension>
        </extensions>
      </trkpt>
      <trkpt lat="37.5083456374704837799072265625" lon="127.0620615966618061065673828125">
        <ele>29.200000762939453125</ele>
        <time>2026-08-09T11:51:00.000Z</time>
        <extensions>
          <ns3:TrackPointExtension>
            <ns3:hr>150</ns3:hr>
            <ns3:cad>84</ns3:cad>
          </ns3:TrackPointExtension>
        </extensions>
      </trkpt>
      <trkpt lat="37.50834488309919834136962890625" lon="127.06210996024310588836669921875">
        <ele>29</ele>
        <time>2026-08-09T11:51:01.000Z</time>
        <extensions>
          <ns3:TrackPointExtension>
            <ns3:hr>150</ns3:hr>
            <ns3:cad>85</ns3:cad>
          </ns3:TrackPointExtension>
        </extensions>
      </trkpt>
      <trkpt lat="37.5083520077168941497802734375" lon="127.06215606071054935455322265625">
        <ele>28.799999237060546875</ele>
        <time>2026-08-09T11:51:02.000Z</time>
        <extensions>
          <ns3:TrackPointExtension>
            <ns3:hr>150</ns3:hr>
            <ns3:cad>85</ns3:cad>
          </ns3:TrackPointExtension>
        </extensions>
      </trkpt>
      <trkpt lat="37.50836013816297054290771484375" lon="127.0621923543512821197509765625">
        <ele>28.799999237060546875</ele>
        <time>2026-08-09T11:51:03.000Z</time>
        <extensions>
          <ns3:TrackPointExtension>
            <ns3:hr>150</ns3:hr>
            <ns3:cad>85</ns3:cad>
          </ns3:TrackPointExtension>
        </extensions>
      </trkpt>
      <trkpt lat="37.50836885534226894378662109375" lon="127.06223702989518642425537109375">
        <ele>28.799999237060546875</ele>
        <time>2026-08-09T11:51:04.000Z</time>
        <extensions>
          <ns3:TrackPointExtension>
            <ns3:hr>150</ns3:hr>
            <ns3:cad>84</ns3:cad>
          </ns3:TrackPointExtension>
        </extensions>
      </trkpt>
      <trkpt lat="37.50838100910186767578125" lon="127.0622677914798259735107421875">
        <ele>28.799999237060546875</ele>
        <time>2026-08-09T11:51:05.000Z</time>
        <extensions>
          <ns3:TrackPointExtension>
            <ns3:hr>150</ns3:hr>
            <ns3:cad>84</ns3:cad>
          </ns3:TrackPointExtension>
        </extensions>
      </trkpt>
      <trkpt lat="37.5083863735198974609375" lon="127.06231900490820407867431640625">
        <ele>29</ele>
        <time>2026-08-09T11:51:06.000Z</time>
        <extensions>
          <ns3:TrackPointExtension>
            <ns3:hr>150</ns3:hr>
            <ns3:cad>84</ns3:cad>
          </ns3:TrackPointExtension>
        </extensions>
      </trkpt>
      <trkpt lat="37.50839517451822757720947265625" lon="127.06235672347247600555419921875">
        <ele>29.200000762939453125</ele>
        <time>2026-08-09T11:51:07.000Z</time>
        <extensions>
          <ns3:TrackPointExtension>
            <ns3:hr>150</ns3:hr>
            <ns3:cad>84</ns3:cad>
          </ns3:TrackPointExtension>
        </extensions>
      </trkpt>
      <trkpt lat="37.508407495915889739990234375" lon="127.0623911730945110321044921875">
        <ele>29.3999996185302734375</ele>
        <time>2026-08-09T11:51:08.000Z</time>
        <extensions>
          <ns3:TrackPointExtension>
            <ns3:hr>150</ns3:hr>
            <ns3:cad>84</ns3:cad>
          </ns3:TrackPointExtension>
        </extensions>
      </trkpt>
      <trkpt lat="37.50840716063976287841796875" lon="127.06243501044809818267822265625">
        <ele>29.3999996185302734375</ele>
        <time>2026-08-09T11:51:09.000Z</time>
        <extensions>
          <ns3:TrackPointExtension>
            <ns3:hr>150</ns3:hr>
            <ns3:cad>84</ns3:cad>
          </ns3:TrackPointExtension>
        </extensions>
      </trkpt>
      <trkpt lat="37.5084063224494457244873046875" lon="127.06246803514659404754638671875">
        <ele>29.3999996185302734375</ele>
        <time>2026-08-09T11:51:10.000Z</time>
        <extensions>
          <ns3:TrackPointExtension>
            <ns3:hr>149</ns3:hr>
            <ns3:cad>84</ns3:cad>
          </ns3:TrackPointExtension>
        </extensions>
      </trkpt>
      <trkpt lat="37.5084083341062068939208984375" lon="127.0625209249556064605712890625">
        <ele>29.6000003814697265625</ele>
        <time>2026-08-09T11:51:11.000Z</time>
        <extensions>
          <ns3:TrackPointExtension>
            <ns3:hr>150</ns3:hr>
            <ns3:cad>84</ns3:cad>
          </ns3:TrackPointExtension>
        </extensions>
      </trkpt>
      <trkpt lat="37.5084006227552890777587890625" lon="127.06255587749183177947998046875">
        <ele>29.799999237060546875</ele>
        <time>2026-08-09T11:51:12.000Z</time>
        <extensions>
          <ns3:TrackPointExtension>
            <ns3:hr>150</ns3:hr>
            <ns3:cad>84</ns3:cad>
          </ns3:TrackPointExtension>
        </extensions>
      </trkpt>
      <trkpt lat="37.50839198939502239227294921875" lon="127.06258890219032764434814453125">
        <ele>29.799999237060546875</ele>
        <time>2026-08-09T11:51:13.000Z</time>
        <extensions>
          <ns3:TrackPointExtension>
            <ns3:hr>150</ns3:hr>
            <ns3:cad>83</ns3:cad>
          </ns3:TrackPointExtension>
        </extensions>
      </trkpt>
      <trkpt lat="37.50838494859635829925537109375" lon="127.06263802014291286468505859375">
        <ele>30</ele>
        <time>2026-08-09T11:51:14.000Z</time>
        <extensions>
          <ns3:TrackPointExtension>
            <ns3:hr>150</ns3:hr>
            <ns3:cad>83</ns3:cad>
          </ns3:TrackPointExtension>
        </extensions>
      </trkpt>
      <trkpt lat="37.50837287865579128265380859375" lon="127.0626620762050151824951171875">
        <ele>30</ele>
        <time>2026-08-09T11:51:15.000Z</time>
        <extensions>
          <ns3:TrackPointExtension>
            <ns3:hr>151</ns3:hr>
            <ns3:cad>83</ns3:cad>
          </ns3:TrackPointExtension>
        </extensions>
      </trkpt>
      <trkpt lat="37.50835762359201908111572265625" lon="127.062709517776966094970703125">
        <ele>30.200000762939453125</ele>
        <time>2026-08-09T11:51:16.000Z</time>
        <extensions>
          <ns3:TrackPointExtension>
            <ns3:hr>151</ns3:hr>
            <ns3:cad>84</ns3:cad>
          </ns3:TrackPointExtension>
        </extensions>
      </trkpt>
      <trkpt lat="37.5083453021943569183349609375" lon="127.06273709423840045928955078125">
        <ele>30.3999996185302734375</ele>
        <time>2026-08-09T11:51:17.000Z</time>
        <extensions>
          <ns3:TrackPointExtension>
            <ns3:hr>151</ns3:hr>
            <ns3:cad>84</ns3:cad>
          </ns3:TrackPointExtension>
        </extensions>
      </trkpt>
      <trkpt lat="37.50833432190120220184326171875" lon="127.06275922246277332305908203125">
        <ele>30.6000003814697265625</ele>
        <time>2026-08-09T11:51:18.000Z</time>
        <extensions>
          <ns3:TrackPointExtension>
            <ns3:hr>151</ns3:hr>
            <ns3:cad>84</ns3:cad>
          </ns3:TrackPointExtension>
        </extensions>
      </trkpt>
      <trkpt lat="37.50831923447549343109130859375" lon="127.0627965219318866729736328125">
        <ele>30.799999237060546875</ele>
        <time>2026-08-09T11:51:19.000Z</time>
        <extensions>
          <ns3:TrackPointExtension>
            <ns3:hr>151</ns3:hr>
            <ns3:cad>84</ns3:cad>
          </ns3:TrackPointExtension>
        </extensions>
      </trkpt>
      <trkpt lat="37.50830733217298984527587890625" lon="127.0628164708614349365234375">
        <ele>31</ele>
        <time>2026-08-09T11:51:20.000Z</time>
        <extensions>
          <ns3:TrackPointExtension>
            <ns3:hr>152</ns3:hr>
            <ns3:cad>84</ns3:cad>
          </ns3:TrackPointExtension>
        </extensions>
      </trkpt>
      <trkpt lat="37.5082886405289173126220703125" lon="127.06285427324473857879638671875">
        <ele>31.200000762939453125</ele>
        <time>2026-08-09T11:51:21.000Z</time>
        <extensions>
          <ns3:TrackPointExtension>
            <ns3:hr>152</ns3:hr>
            <ns3:cad>83</ns3:cad>
          </ns3:TrackPointExtension>
        </extensions>
      </trkpt>
      <trkpt lat="37.50827732495963573455810546875" lon="127.06288754940032958984375">
        <ele>31.3999996185302734375</ele>
        <time>2026-08-09T11:51:22.000Z</time>
        <extensions>
          <ns3:TrackPointExtension>
            <ns3:hr>152</ns3:hr>
            <ns3:cad>83</ns3:cad>
          </ns3:TrackPointExtension>
        </extensions>
      </trkpt>
      <trkpt lat="37.50826559029519557952880859375" lon="127.06291881389915943145751953125">
        <ele>31.6000003814697265625</ele>
        <time>2026-08-09T11:51:23.000Z</time>
        <extensions>
          <ns3:TrackPointExtension>
            <ns3:hr>151</ns3:hr>
            <ns3:cad>83</ns3:cad>
          </ns3:TrackPointExtension>
        </extensions>
      </trkpt>
      <trkpt lat="37.50824480317533016204833984375" lon="127.062952928245067596435546875">
        <ele>31.6000003814697265625</ele>
        <time>2026-08-09T11:51:24.000Z</time>
        <extensions>
          <ns3:TrackPointExtension>
            <ns3:hr>152</ns3:hr>
            <ns3:cad>83</ns3:cad>
          </ns3:TrackPointExtension>
        </extensions>
      </trkpt>
      <trkpt lat="37.5082309730350971221923828125" lon="127.0629836060106754302978515625">
        <ele>31.799999237060546875</ele>
        <time>2026-08-09T11:51:25.000Z</time>
        <extensions>
          <ns3:TrackPointExtension>
            <ns3:hr>152</ns3:hr>
            <ns3:cad>83</ns3:cad>
          </ns3:TrackPointExtension>
        </extensions>
      </trkpt>
      <trkpt lat="37.508217394351959228515625" lon="127.0630261860787868499755859375">
        <ele>31.6000003814697265625</ele>
        <time>2026-08-09T11:51:26.000Z</time>
        <extensions>
          <ns3:TrackPointExtension>
            <ns3:hr>152</ns3:hr>
            <ns3:cad>84</ns3:cad>
          </ns3:TrackPointExtension>
        </extensions>
      </trkpt>
      <trkpt lat="37.50821546651422977447509765625" lon="127.0630623959004878997802734375">
        <ele>31.6000003814697265625</ele>
        <time>2026-08-09T11:51:27.000Z</time>
        <extensions>
          <ns3:TrackPointExtension>
            <ns3:hr>151</ns3:hr>
            <ns3:cad>84</ns3:cad>
          </ns3:TrackPointExtension>
        </extensions>
      </trkpt>
      <trkpt lat="37.50819526612758636474609375" lon="127.06309206783771514892578125">
        <ele>31.6000003814697265625</ele>
        <time>2026-08-09T11:51:28.000Z</time>
        <extensions>
          <ns3:TrackPointExtension>
            <ns3:hr>152</ns3:hr>
            <ns3:cad>84</ns3:cad>
          </ns3:TrackPointExtension>
        </extensions>
      </trkpt>
      <trkpt lat="37.50817246735095977783203125" lon="127.06313976086676120758056640625">
        <ele>31.6000003814697265625</ele>
        <time>2026-08-09T11:51:29.000Z</time>
        <extensions>
          <ns3:TrackPointExtension>
            <ns3:hr>152</ns3:hr>
            <ns3:cad>84</ns3:cad>
          </ns3:TrackPointExtension>
        </extensions>
      </trkpt>
      <trkpt lat="37.50815344043076038360595703125" lon="127.063163816928863525390625">
        <ele>31.799999237060546875</ele>
        <time>2026-08-09T11:51:30.000Z</time>
        <extensions>
          <ns3:TrackPointExtension>
            <ns3:hr>152</ns3:hr>
            <ns3:cad>83</ns3:cad>
          </ns3:TrackPointExtension>
        </extensions>
      </trkpt>
      <trkpt lat="37.508118152618408203125" lon="127.06319290213286876678466796875">
        <ele>32</ele>
        <time>2026-08-09T11:51:31.000Z</time>
        <extensions>
          <ns3:TrackPointExtension>
            <ns3:hr>152</ns3:hr>
            <ns3:cad>83</ns3:cad>
          </ns3:TrackPointExtension>
        </extensions>
      </trkpt>
      <trkpt lat="37.50808789394795894622802734375" lon="127.063207067549228668212890625">
        <ele>32.200000762939453125</ele>
        <time>2026-08-09T11:51:32.000Z</time>
        <extensions>
          <ns3:TrackPointExtension>
            <ns3:hr>152</ns3:hr>
            <ns3:cad>83</ns3:cad>
          </ns3:TrackPointExtension>
        </extensions>
      </trkpt>
      <trkpt lat="37.50806794501841068267822265625" lon="127.06321922130882740020751953125">
        <ele>32.59999847412109375</ele>
        <time>2026-08-09T11:51:33.000Z</time>
        <extensions>
          <ns3:TrackPointExtension>
            <ns3:hr>152</ns3:hr>
            <ns3:cad>83</ns3:cad>
          </ns3:TrackPointExtension>
        </extensions>
      </trkpt>
      <trkpt lat="37.50803567469120025634765625" lon="127.06323447637259960174560546875">
        <ele>32.799999237060546875</ele>
        <time>2026-08-09T11:51:34.000Z</time>
        <extensions>
          <ns3:TrackPointExtension>
            <ns3:hr>152</ns3:hr>
            <ns3:cad>83</ns3:cad>
          </ns3:TrackPointExtension>
        </extensions>
      </trkpt>
      <trkpt lat="37.50801145099103450775146484375" lon="127.06325140781700611114501953125">
        <ele>33</ele>
        <time>2026-08-09T11:51:35.000Z</time>
        <extensions>
          <ns3:TrackPointExtension>
            <ns3:hr>153</ns3:hr>
            <ns3:cad>82</ns3:cad>
          </ns3:TrackPointExtension>
        </extensions>
      </trkpt>
      <trkpt lat="37.50799519009888172149658203125" lon="127.0632618851959705352783203125">
        <ele>33.200000762939453125</ele>
        <time>2026-08-09T11:51:36.000Z</time>
        <extensions>
          <ns3:TrackPointExtension>
            <ns3:hr>153</ns3:hr>
            <ns3:cad>82</ns3:cad>
          </ns3:TrackPointExtension>
        </extensions>
      </trkpt>
      <trkpt lat="37.50796954147517681121826171875" lon="127.063272781670093536376953125">
        <ele>33.59999847412109375</ele>
        <time>2026-08-09T11:51:37.000Z</time>
        <extensions>
          <ns3:TrackPointExtension>
            <ns3:hr>153</ns3:hr>
            <ns3:cad>82</ns3:cad>
          </ns3:TrackPointExtension>
        </extensions>
      </trkpt>
      <trkpt lat="37.50794841907918453216552734375" lon="127.0632823370397090911865234375">
        <ele>33.799999237060546875</ele>
        <time>2026-08-09T11:51:38.000Z</time>
        <extensions>
          <ns3:TrackPointExtension>
            <ns3:hr>153</ns3:hr>
            <ns3:cad>82</ns3:cad>
          </ns3:TrackPointExtension>
        </extensions>
      </trkpt>
      <trkpt lat="37.50792729668319225311279296875" lon="127.06329859793186187744140625">
        <ele>34</ele>
        <time>2026-08-09T11:51:39.000Z</time>
        <extensions>
          <ns3:TrackPointExtension>
            <ns3:hr>153</ns3:hr>
            <ns3:cad>82</ns3:cad>
          </ns3:TrackPointExtension>
        </extensions>
      </trkpt>
      <trkpt lat="37.50789846293628215789794921875" lon="127.063318379223346710205078125">
        <ele>34</ele>
        <time>2026-08-09T11:51:40.000Z</time>
        <extensions>
          <ns3:TrackPointExtension>
            <ns3:hr>153</ns3:hr>
            <ns3:cad>82</ns3:cad>
          </ns3:TrackPointExtension>
        </extensions>
      </trkpt>
      <trkpt lat="37.507878430187702178955078125" lon="127.06334109418094158172607421875">
        <ele>34.200000762939453125</ele>
        <time>2026-08-09T11:51:41.000Z</time>
        <extensions>
          <ns3:TrackPointExtension>
            <ns3:hr>153</ns3:hr>
            <ns3:cad>82</ns3:cad>
          </ns3:TrackPointExtension>
        </extensions>
      </trkpt>
      <trkpt lat="37.5078459084033966064453125" lon="127.06335668452084064483642578125">
        <ele>34.200000762939453125</ele>
        <time>2026-08-09T11:51:42.000Z</time>
        <extensions>
          <ns3:TrackPointExtension>
            <ns3:hr>153</ns3:hr>
            <ns3:cad>83</ns3:cad>
          </ns3:TrackPointExtension>
        </extensions>
      </trkpt>
      <trkpt lat="37.50781866721808910369873046875" lon="127.06337126903235912322998046875">
        <ele>34.40000152587890625</ele>
        <time>2026-08-09T11:51:43.000Z</time>
        <extensions>
          <ns3:TrackPointExtension>
            <ns3:hr>153</ns3:hr>
            <ns3:cad>83</ns3:cad>
          </ns3:TrackPointExtension>
        </extensions>
      </trkpt>
      <trkpt lat="37.507783882319927215576171875" lon="127.06337596289813518524169921875">
        <ele>34.59999847412109375</ele>
        <time>2026-08-09T11:51:44.000Z</time>
        <extensions>
          <ns3:TrackPointExtension>
            <ns3:hr>152</ns3:hr>
            <ns3:cad>83</ns3:cad>
          </ns3:TrackPointExtension>
        </extensions>
      </trkpt>
      <trkpt lat="37.50775731168687343597412109375" lon="127.0633872784674167633056640625">
        <ele>34.799999237060546875</ele>
        <time>2026-08-09T11:51:45.000Z</time>
        <extensions>
          <ns3:TrackPointExtension>
            <ns3:hr>152</ns3:hr>
            <ns3:cad>83</ns3:cad>
          </ns3:TrackPointExtension>
        </extensions>
      </trkpt>
      <trkpt lat="37.50773166306316852569580078125" lon="127.06339976750314235687255859375">
        <ele>35.200000762939453125</ele>
        <time>2026-08-09T11:51:46.000Z</time>
        <extensions>
          <ns3:TrackPointExtension>
            <ns3:hr>152</ns3:hr>
            <ns3:cad>83</ns3:cad>
          </ns3:TrackPointExtension>
        </extensions>
      </trkpt>
      <trkpt lat="37.5076935254037380218505859375" lon="127.06340999342501163482666015625">
        <ele>35.40000152587890625</ele>
        <time>2026-08-09T11:51:47.000Z</time>
        <extensions>
          <ns3:TrackPointExtension>
            <ns3:hr>152</ns3:hr>
            <ns3:cad>84</ns3:cad>
          </ns3:TrackPointExtension>
        </extensions>
      </trkpt>
      <trkpt lat="37.50767366029322147369384765625" lon="127.063427679240703582763671875">
        <ele>35.59999847412109375</ele>
        <time>2026-08-09T11:51:48.000Z</time>
        <extensions>
          <ns3:TrackPointExtension>
            <ns3:hr>152</ns3:hr>
            <ns3:cad>84</ns3:cad>
          </ns3:TrackPointExtension>
        </extensions>
      </trkpt>
      <trkpt lat="37.507645078003406524658203125" lon="127.06344419158995151519775390625">
        <ele>35.799999237060546875</ele>
        <time>2026-08-09T11:51:49.000Z</time>
        <extensions>
          <ns3:TrackPointExtension>
            <ns3:hr>152</ns3:hr>
            <ns3:cad>84</ns3:cad>
          </ns3:TrackPointExtension>
        </extensions>
      </trkpt>
      <trkpt lat="37.5076117180287837982177734375" lon="127.0634633861482143402099609375">
        <ele>36.200000762939453125</ele>
        <time>2026-08-09T11:51:50.000Z</time>
        <extensions>
          <ns3:TrackPointExtension>
            <ns3:hr>153</ns3:hr>
            <ns3:cad>83</ns3:cad>
          </ns3:TrackPointExtension>
        </extensions>
      </trkpt>
      <trkpt lat="37.5075922720134258270263671875" lon="127.06348367035388946533203125">
        <ele>36.40000152587890625</ele>
        <time>2026-08-09T11:51:51.000Z</time>
        <extensions>
          <ns3:TrackPointExtension>
            <ns3:hr>153</ns3:hr>
            <ns3:cad>83</ns3:cad>
          </ns3:TrackPointExtension>
        </extensions>
      </trkpt>
      <trkpt lat="37.50756201334297657012939453125" lon="127.063508816063404083251953125">
        <ele>36.40000152587890625</ele>
        <time>2026-08-09T11:51:52.000Z</time>
        <extensions>
          <ns3:TrackPointExtension>
            <ns3:hr>153</ns3:hr>
            <ns3:cad>83</ns3:cad>
          </ns3:TrackPointExtension>
        </extensions>
      </trkpt>
      <trkpt lat="37.50754080712795257568359375" lon="127.0635218918323516845703125">
        <ele>36.40000152587890625</ele>
        <time>2026-08-09T11:51:53.000Z</time>
        <extensions>
          <ns3:TrackPointExtension>
            <ns3:hr>154</ns3:hr>
            <ns3:cad>83</ns3:cad>
          </ns3:TrackPointExtension>
        </extensions>
      </trkpt>
      <trkpt lat="37.5075188465416431427001953125" lon="127.06353337503969669342041015625">
        <ele>36.40000152587890625</ele>
        <time>2026-08-09T11:51:54.000Z</time>
        <extensions>
          <ns3:TrackPointExtension>
            <ns3:hr>154</ns3:hr>
            <ns3:cad>82</ns3:cad>
          </ns3:TrackPointExtension>
        </extensions>
      </trkpt>
      <trkpt lat="37.50748842023313045501708984375" lon="127.063546366989612579345703125">
        <ele>36.40000152587890625</ele>
        <time>2026-08-09T11:51:55.000Z</time>
        <extensions>
          <ns3:TrackPointExtension>
            <ns3:hr>155</ns3:hr>
            <ns3:cad>82</ns3:cad>
          </ns3:TrackPointExtension>
        </extensions>
      </trkpt>
      <trkpt lat="37.5074595026671886444091796875" lon="127.06355608999729156494140625">
        <ele>36.40000152587890625</ele>
        <time>2026-08-09T11:51:56.000Z</time>
        <extensions>
          <ns3:TrackPointExtension>
            <ns3:hr>155</ns3:hr>
            <ns3:cad>82</ns3:cad>
          </ns3:TrackPointExtension>
        </extensions>
      </trkpt>
      <trkpt lat="37.5074336864054203033447265625" lon="127.06356371752917766571044921875">
        <ele>36.59999847412109375</ele>
        <time>2026-08-09T11:51:57.000Z</time>
        <extensions>
          <ns3:TrackPointExtension>
            <ns3:hr>155</ns3:hr>
            <ns3:cad>82</ns3:cad>
          </ns3:TrackPointExtension>
        </extensions>
      </trkpt>
      <trkpt lat="37.50740376301109790802001953125" lon="127.06355608999729156494140625">
        <ele>36.799999237060546875</ele>
        <time>2026-08-09T11:51:58.000Z</time>
        <extensions>
          <ns3:TrackPointExtension>
            <ns3:hr>155</ns3:hr>
            <ns3:cad>82</ns3:cad>
          </ns3:TrackPointExtension>
        </extensions>
      </trkpt>
      <trkpt lat="37.50738096423447132110595703125" lon="127.0635592751204967498779296875">
        <ele>37</ele>
        <time>2026-08-09T11:51:59.000Z</time>
        <extensions>
          <ns3:TrackPointExtension>
            <ns3:hr>154</ns3:hr>
            <ns3:cad>82</ns3:cad>
          </ns3:TrackPointExtension>
        </extensions>
      </trkpt>
      <trkpt lat="37.507356740534305572509765625" lon="127.06356405280530452728271484375">
        <ele>37.200000762939453125</ele>
        <time>2026-08-09T11:52:00.000Z</time>
        <extensions>
          <ns3:TrackPointExtension>
            <ns3:hr>155</ns3:hr>
            <ns3:cad>82</ns3:cad>
          </ns3:TrackPointExtension>
        </extensions>
      </trkpt>
      <trkpt lat="37.507329918444156646728515625" lon="127.06357176415622234344482421875">
        <ele>37.40000152587890625</ele>
        <time>2026-08-09T11:52:01.000Z</time>
        <extensions>
          <ns3:TrackPointExtension>
            <ns3:hr>155</ns3:hr>
            <ns3:cad>82</ns3:cad>
          </ns3:TrackPointExtension>
        </extensions>
      </trkpt>
      <trkpt lat="37.50731407664716243743896484375" lon="127.06357930786907672882080078125">
        <ele>37.59999847412109375</ele>
        <time>2026-08-09T11:52:02.000Z</time>
        <extensions>
          <ns3:TrackPointExtension>
            <ns3:hr>154</ns3:hr>
            <ns3:cad>82</ns3:cad>
          </ns3:TrackPointExtension>
        </extensions>
      </trkpt>
      <trkpt lat="37.50728222541511058807373046875" lon="127.06360026262700557708740234375">
        <ele>37.799999237060546875</ele>
        <time>2026-08-09T11:52:03.000Z</time>
        <extensions>
          <ns3:TrackPointExtension>
            <ns3:hr>155</ns3:hr>
            <ns3:cad>82</ns3:cad>
          </ns3:TrackPointExtension>
        </extensions>
      </trkpt>
      <trkpt lat="37.5072549842298030853271484375" lon="127.0636142604053020477294921875">
        <ele>38</ele>
        <time>2026-08-09T11:52:04.000Z</time>
        <extensions>
          <ns3:TrackPointExtension>
            <ns3:hr>155</ns3:hr>
            <ns3:cad>81</ns3:cad>
          </ns3:TrackPointExtension>
        </extensions>
      </trkpt>
      <trkpt lat="37.5072291679680347442626953125" lon="127.06362985074520111083984375">
        <ele>38.200000762939453125</ele>
        <time>2026-08-09T11:52:05.000Z</time>
        <extensions>
          <ns3:TrackPointExtension>
            <ns3:hr>154</ns3:hr>
            <ns3:cad>81</ns3:cad>
          </ns3:TrackPointExtension>
        </extensions>
      </trkpt>
      <trkpt lat="37.5071989931166172027587890625" lon="127.06364518962800502777099609375">
        <ele>38.40000152587890625</ele>
        <time>2026-08-09T11:52:06.000Z</time>
        <extensions>
          <ns3:TrackPointExtension>
            <ns3:hr>155</ns3:hr>
            <ns3:cad>82</ns3:cad>
          </ns3:TrackPointExtension>
        </extensions>
      </trkpt>
      <trkpt lat="37.50717963092029094696044921875" lon="127.06366413272917270660400390625">
        <ele>38.59999847412109375</ele>
        <time>2026-08-09T11:52:07.000Z</time>
        <extensions>
          <ns3:TrackPointExtension>
            <ns3:hr>155</ns3:hr>
            <ns3:cad>82</ns3:cad>
          </ns3:TrackPointExtension>
        </extensions>
      </trkpt>
      <trkpt lat="37.507149875164031982421875" lon="127.06368642859160900115966796875">
        <ele>38.799999237060546875</ele>
        <time>2026-08-09T11:52:08.000Z</time>
        <extensions>
          <ns3:TrackPointExtension>
            <ns3:hr>155</ns3:hr>
            <ns3:cad>82</ns3:cad>
          </ns3:TrackPointExtension>
        </extensions>
      </trkpt>
      <trkpt lat="37.50712062232196331024169921875" lon="127.06370252184569835662841796875">
        <ele>39</ele>
        <time>2026-08-09T11:52:09.000Z</time>
        <extensions>
          <ns3:TrackPointExtension>
            <ns3:hr>155</ns3:hr>
            <ns3:cad>83</ns3:cad>
          </ns3:TrackPointExtension>
        </extensions>
      </trkpt>
      <trkpt lat="37.5071037746965885162353515625" lon="127.06372196786105632781982421875">
        <ele>39.200000762939453125</ele>
        <time>2026-08-09T11:52:10.000Z</time>
        <extensions>
          <ns3:TrackPointExtension>
            <ns3:hr>155</ns3:hr>
            <ns3:cad>83</ns3:cad>
          </ns3:TrackPointExtension>
        </extensions>
      </trkpt>
      <trkpt lat="37.50707888044416904449462890625" lon="127.06373353488743305206298828125">
        <ele>39.40000152587890625</ele>
        <time>2026-08-09T11:52:11.000Z</time>
        <extensions>
          <ns3:TrackPointExtension>
            <ns3:hr>155</ns3:hr>
            <ns3:cad>83</ns3:cad>
          </ns3:TrackPointExtension>
        </extensions>
      </trkpt>
      <trkpt lat="37.5070548243820667266845703125" lon="127.0637386478483676910400390625">
        <ele>39.799999237060546875</ele>
        <time>2026-08-09T11:52:12.000Z</time>
        <extensions>
          <ns3:TrackPointExtension>
            <ns3:hr>155</ns3:hr>
            <ns3:cad>83</ns3:cad>
          </ns3:TrackPointExtension>
        </extensions>
      </trkpt>
      <trkpt lat="37.50702775083482265472412109375" lon="127.06376220099627971649169921875">
        <ele>40</ele>
        <time>2026-08-09T11:52:13.000Z</time>
        <extensions>
          <ns3:TrackPointExtension>
            <ns3:hr>155</ns3:hr>
            <ns3:cad>83</ns3:cad>
          </ns3:TrackPointExtension>
        </extensions>
      </trkpt>
      <trkpt lat="37.50700025819242000579833984375" lon="127.0637815631926059722900390625">
        <ele>40</ele>
        <time>2026-08-09T11:52:14.000Z</time>
        <extensions>
          <ns3:TrackPointExtension>
            <ns3:hr>155</ns3:hr>
            <ns3:cad>83</ns3:cad>
          </ns3:TrackPointExtension>
        </extensions>
      </trkpt>
      <trkpt lat="37.5069817341864109039306640625" lon="127.06379991956055164337158203125">
        <ele>40.200000762939453125</ele>
        <time>2026-08-09T11:52:15.000Z</time>
        <extensions>
          <ns3:TrackPointExtension>
            <ns3:hr>155</ns3:hr>
            <ns3:cad>83</ns3:cad>
          </ns3:TrackPointExtension>
        </extensions>
      </trkpt>
      <trkpt lat="37.50695063732564449310302734375" lon="127.06382959149777889251708984375">
        <ele>40.40000152587890625</ele>
        <time>2026-08-09T11:52:16.000Z</time>
        <extensions>
          <ns3:TrackPointExtension>
            <ns3:hr>156</ns3:hr>
            <ns3:cad>83</ns3:cad>
          </ns3:TrackPointExtension>
        </extensions>
      </trkpt>
      <trkpt lat="37.50693923793733119964599609375" lon="127.063852138817310333251953125">
        <ele>40.40000152587890625</ele>
        <time>2026-08-09T11:52:17.000Z</time>
        <extensions>
          <ns3:TrackPointExtension>
            <ns3:hr>156</ns3:hr>
            <ns3:cad>83</ns3:cad>
          </ns3:TrackPointExtension>
        </extensions>
      </trkpt>
      <trkpt lat="37.50692046247422695159912109375" lon="127.0638808049261569976806640625">
        <ele>40.59999847412109375</ele>
        <time>2026-08-09T11:52:18.000Z</time>
        <extensions>
          <ns3:TrackPointExtension>
            <ns3:hr>156</ns3:hr>
            <ns3:cad>83</ns3:cad>
          </ns3:TrackPointExtension>
        </extensions>
      </trkpt>
      <trkpt lat="37.5068922154605388641357421875" lon="127.06388725899159908294677734375">
        <ele>40.799999237060546875</ele>
        <time>2026-08-09T11:52:19.000Z</time>
        <extensions>
          <ns3:TrackPointExtension>
            <ns3:hr>156</ns3:hr>
            <ns3:cad>83</ns3:cad>
          </ns3:TrackPointExtension>
        </extensions>
      </trkpt>
      <trkpt lat="37.50686665065586566925048828125" lon="127.06390368752181529998779296875">
        <ele>41</ele>
        <time>2026-08-09T11:52:20.000Z</time>
        <extensions>
          <ns3:TrackPointExtension>
            <ns3:hr>156</ns3:hr>
            <ns3:cad>83</ns3:cad>
          </ns3:TrackPointExtension>
        </extensions>
      </trkpt>
      <trkpt lat="37.50683672726154327392578125" lon="127.06392648629844188690185546875">
        <ele>41</ele>
        <time>2026-08-09T11:52:21.000Z</time>
        <extensions>
          <ns3:TrackPointExtension>
            <ns3:hr>157</ns3:hr>
            <ns3:cad>83</ns3:cad>
          </ns3:TrackPointExtension>
        </extensions>
      </trkpt>
      <trkpt lat="37.5068114139139652252197265625" lon="127.063941657543182373046875">
        <ele>41</ele>
        <time>2026-08-09T11:52:22.000Z</time>
        <extensions>
          <ns3:TrackPointExtension>
            <ns3:hr>157</ns3:hr>
            <ns3:cad>82</ns3:cad>
          </ns3:TrackPointExtension>
        </extensions>
      </trkpt>
      <trkpt lat="37.50678668729960918426513671875" lon="127.06395816989243030548095703125">
        <ele>41.200000762939453125</ele>
        <time>2026-08-09T11:52:23.000Z</time>
        <extensions>
          <ns3:TrackPointExtension>
            <ns3:hr>157</ns3:hr>
            <ns3:cad>82</ns3:cad>
          </ns3:TrackPointExtension>
        </extensions>
      </trkpt>
      <trkpt lat="37.5067547522485256195068359375" lon="127.063971497118473052978515625">
        <ele>41.200000762939453125</ele>
        <time>2026-08-09T11:52:24.000Z</time>
        <extensions>
          <ns3:TrackPointExtension>
            <ns3:hr>157</ns3:hr>
            <ns3:cad>83</ns3:cad>
          </ns3:TrackPointExtension>
        </extensions>
      </trkpt>
      <trkpt lat="37.50673287548124790191650390625" lon="127.0639937929809093475341796875">
        <ele>41.40000152587890625</ele>
        <time>2026-08-09T11:52:25.000Z</time>
        <extensions>
          <ns3:TrackPointExtension>
            <ns3:hr>157</ns3:hr>
            <ns3:cad>83</ns3:cad>
          </ns3:TrackPointExtension>
        </extensions>
      </trkpt>
      <trkpt lat="37.50670471228659152984619140625" lon="127.0640118978917598724365234375">
        <ele>41.59999847412109375</ele>
        <time>2026-08-09T11:52:26.000Z</time>
        <extensions>
          <ns3:TrackPointExtension>
            <ns3:hr>157</ns3:hr>
            <ns3:cad>83</ns3:cad>
          </ns3:TrackPointExtension>
        </extensions>
      </trkpt>
      <trkpt lat="37.50667311251163482666015625" lon="127.0640229620039463043212890625">
        <ele>41.799999237060546875</ele>
        <time>2026-08-09T11:52:27.000Z</time>
        <extensions>
          <ns3:TrackPointExtension>
            <ns3:hr>157</ns3:hr>
            <ns3:cad>83</ns3:cad>
          </ns3:TrackPointExtension>
        </extensions>
      </trkpt>
      <trkpt lat="37.50665827654302120208740234375" lon="127.0640383847057819366455078125">
        <ele>42</ele>
        <time>2026-08-09T11:52:28.000Z</time>
        <extensions>
          <ns3:TrackPointExtension>
            <ns3:hr>157</ns3:hr>
            <ns3:cad>83</ns3:cad>
          </ns3:TrackPointExtension>
        </extensions>
      </trkpt>
      <trkpt lat="37.50662843696773052215576171875" lon="127.0640601776540279388427734375">
        <ele>42</ele>
        <time>2026-08-09T11:52:29.000Z</time>
        <extensions>
          <ns3:TrackPointExtension>
            <ns3:hr>157</ns3:hr>
            <ns3:cad>83</ns3:cad>
          </ns3:TrackPointExtension>
        </extensions>
      </trkpt>
      <trkpt lat="37.5066045485436916351318359375" lon="127.0640806294977664947509765625">
        <ele>42.200000762939453125</ele>
        <time>2026-08-09T11:52:30.000Z</time>
        <extensions>
          <ns3:TrackPointExtension>
            <ns3:hr>157</ns3:hr>
            <ns3:cad>82</ns3:cad>
          </ns3:TrackPointExtension>
        </extensions>
      </trkpt>
      <trkpt lat="37.50658116303384304046630859375" lon="127.06409789621829986572265625">
        <ele>42.40000152587890625</ele>
        <time>2026-08-09T11:52:31.000Z</time>
        <extensions>
          <ns3:TrackPointExtension>
            <ns3:hr>156</ns3:hr>
            <ns3:cad>83</ns3:cad>
          </ns3:TrackPointExtension>
        </extensions>
      </trkpt>
      <trkpt lat="37.5065519101917743682861328125" lon="127.06409999169409275054931640625">
        <ele>42.59999847412109375</ele>
        <time>2026-08-09T11:52:32.000Z</time>
        <extensions>
          <ns3:TrackPointExtension>
            <ns3:hr>157</ns3:hr>
            <ns3:cad>83</ns3:cad>
          </ns3:TrackPointExtension>
        </extensions>
      </trkpt>
      <trkpt lat="37.5065287761390209197998046875" lon="127.0641151629388332366943359375">
        <ele>43</ele>
        <time>2026-08-09T11:52:33.000Z</time>
        <extensions>
          <ns3:TrackPointExtension>
            <ns3:hr>157</ns3:hr>
            <ns3:cad>83</ns3:cad>
          </ns3:TrackPointExtension>
        </extensions>
      </trkpt>
      <trkpt lat="37.50649600289762020111083984375" lon="127.0641275681555271148681640625">
        <ele>43.200000762939453125</ele>
        <time>2026-08-09T11:52:34.000Z</time>
        <extensions>
          <ns3:TrackPointExtension>
            <ns3:hr>157</ns3:hr>
            <ns3:cad>83</ns3:cad>
          </ns3:TrackPointExtension>
        </extensions>
      </trkpt>
      <trkpt lat="37.50646616332232952117919921875" lon="127.06414123065769672393798828125">
        <ele>43.40000152587890625</ele>
        <time>2026-08-09T11:52:35.000Z</time>
        <extensions>
          <ns3:TrackPointExtension>
            <ns3:hr>157</ns3:hr>
            <ns3:cad>83</ns3:cad>
          </ns3:TrackPointExtension>
        </extensions>
      </trkpt>
      <trkpt lat="37.50643841922283172607421875" lon="127.064157240092754364013671875">
        <ele>43.59999847412109375</ele>
        <time>2026-08-09T11:52:36.000Z</time>
        <extensions>
          <ns3:TrackPointExtension>
            <ns3:hr>157</ns3:hr>
            <ns3:cad>83</ns3:cad>
          </ns3:TrackPointExtension>
        </extensions>
      </trkpt>
      <trkpt lat="37.5064082443714141845703125" lon="127.0641637779772281646728515625">
        <ele>43.799999237060546875</ele>
        <time>2026-08-09T11:52:37.000Z</time>
        <extensions>
          <ns3:TrackPointExtension>
            <ns3:hr>157</ns3:hr>
            <ns3:cad>83</ns3:cad>
          </ns3:TrackPointExtension>
        </extensions>
      </trkpt>
      <trkpt lat="37.5063852779567241668701171875" lon="127.064178027212619781494140625">
        <ele>44.200000762939453125</ele>
        <time>2026-08-09T11:52:38.000Z</time>
        <extensions>
          <ns3:TrackPointExtension>
            <ns3:hr>157</ns3:hr>
            <ns3:cad>83</ns3:cad>
          </ns3:TrackPointExtension>
        </extensions>
      </trkpt>
      <trkpt lat="37.50634848140180110931396484375" lon="127.0641962997615337371826171875">
        <ele>44.40000152587890625</ele>
        <time>2026-08-09T11:52:39.000Z</time>
        <extensions>
          <ns3:TrackPointExtension>
            <ns3:hr>157</ns3:hr>
            <ns3:cad>83</ns3:cad>
          </ns3:TrackPointExtension>
        </extensions>
      </trkpt>
      <trkpt lat="37.50631679780781269073486328125" lon="127.06421189010143280029296875">
        <ele>44.59999847412109375</ele>
        <time>2026-08-09T11:52:40.000Z</time>
        <extensions>
          <ns3:TrackPointExtension>
            <ns3:hr>157</ns3:hr>
            <ns3:cad>83</ns3:cad>
          </ns3:TrackPointExtension>
        </extensions>
      </trkpt>
      <trkpt lat="37.50629014335572719573974609375" lon="127.0642271451652050018310546875">
        <ele>44.59999847412109375</ele>
        <time>2026-08-09T11:52:41.000Z</time>
        <extensions>
          <ns3:TrackPointExtension>
            <ns3:hr>158</ns3:hr>
            <ns3:cad>83</ns3:cad>
          </ns3:TrackPointExtension>
        </extensions>
      </trkpt>
      <trkpt lat="37.506254352629184722900390625" lon="127.06423141993582248687744140625">
        <ele>44.799999237060546875</ele>
        <time>2026-08-09T11:52:42.000Z</time>
        <extensions>
          <ns3:TrackPointExtension>
            <ns3:hr>158</ns3:hr>
            <ns3:cad>83</ns3:cad>
          </ns3:TrackPointExtension>
        </extensions>
      </trkpt>
      <trkpt lat="37.5062273629009723663330078125" lon="127.06424499861896038055419921875">
        <ele>45</ele>
        <time>2026-08-09T11:52:43.000Z</time>
        <extensions>
          <ns3:TrackPointExtension>
            <ns3:hr>158</ns3:hr>
            <ns3:cad>84</ns3:cad>
          </ns3:TrackPointExtension>
        </extensions>
      </trkpt>
      <trkpt lat="37.50619056634604930877685546875" lon="127.06425824202597141265869140625">
        <ele>45</ele>
        <time>2026-08-09T11:52:44.000Z</time>
        <extensions>
          <ns3:TrackPointExtension>
            <ns3:hr>158</ns3:hr>
            <ns3:cad>84</ns3:cad>
          </ns3:TrackPointExtension>
        </extensions>
      </trkpt>
      <trkpt lat="37.5061613135039806365966796875" lon="127.06427785567939281463623046875">
        <ele>45.200000762939453125</ele>
        <time>2026-08-09T11:52:45.000Z</time>
        <extensions>
          <ns3:TrackPointExtension>
            <ns3:hr>157</ns3:hr>
            <ns3:cad>84</ns3:cad>
          </ns3:TrackPointExtension>
        </extensions>
      </trkpt>
      <trkpt lat="37.50613507814705371856689453125" lon="127.06428975798189640045166015625">
        <ele>45.40000152587890625</ele>
        <time>2026-08-09T11:52:46.000Z</time>
        <extensions>
          <ns3:TrackPointExtension>
            <ns3:hr>158</ns3:hr>
            <ns3:cad>83</ns3:cad>
          </ns3:TrackPointExtension>
        </extensions>
      </trkpt>
      <trkpt lat="37.50610305927693843841552734375" lon="127.0642982237040996551513671875">
        <ele>45.59999847412109375</ele>
        <time>2026-08-09T11:52:47.000Z</time>
        <extensions>
          <ns3:TrackPointExtension>
            <ns3:hr>158</ns3:hr>
            <ns3:cad>83</ns3:cad>
          </ns3:TrackPointExtension>
        </extensions>
      </trkpt>
      <trkpt lat="37.5060756504535675048828125" lon="127.0643126405775547027587890625">
        <ele>45.799999237060546875</ele>
        <time>2026-08-09T11:52:48.000Z</time>
        <extensions>
          <ns3:TrackPointExtension>
            <ns3:hr>158</ns3:hr>
            <ns3:cad>83</ns3:cad>
          </ns3:TrackPointExtension>
        </extensions>
      </trkpt>
      <trkpt lat="37.5060456432402133941650390625" lon="127.06432781182229518890380859375">
        <ele>46</ele>
        <time>2026-08-09T11:52:49.000Z</time>
        <extensions>
          <ns3:TrackPointExtension>
            <ns3:hr>158</ns3:hr>
            <ns3:cad>84</ns3:cad>
          </ns3:TrackPointExtension>
        </extensions>
      </trkpt>
      <trkpt lat="37.50601437874138355255126953125" lon="127.06434189341962337493896484375">
        <ele>46.200000762939453125</ele>
        <time>2026-08-09T11:52:50.000Z</time>
        <extensions>
          <ns3:TrackPointExtension>
            <ns3:hr>158</ns3:hr>
            <ns3:cad>84</ns3:cad>
          </ns3:TrackPointExtension>
        </extensions>
      </trkpt>
      <trkpt lat="37.50599090941250324249267578125" lon="127.0643614232540130615234375">
        <ele>46.40000152587890625</ele>
        <time>2026-08-09T11:52:51.000Z</time>
        <extensions>
          <ns3:TrackPointExtension>
            <ns3:hr>158</ns3:hr>
            <ns3:cad>84</ns3:cad>
          </ns3:TrackPointExtension>
        </extensions>
      </trkpt>
      <trkpt lat="37.5059524364769458770751953125" lon="127.06437676213681697845458984375">
        <ele>46.59999847412109375</ele>
        <time>2026-08-09T11:52:52.000Z</time>
        <extensions>
          <ns3:TrackPointExtension>
            <ns3:hr>158</ns3:hr>
            <ns3:cad>83</ns3:cad>
          </ns3:TrackPointExtension>
        </extensions>
      </trkpt>
      <trkpt lat="37.50593022443354129791259765625" lon="127.0643853954970836639404296875">
        <ele>46.799999237060546875</ele>
        <time>2026-08-09T11:52:53.000Z</time>
        <extensions>
          <ns3:TrackPointExtension>
            <ns3:hr>158</ns3:hr>
            <ns3:cad>83</ns3:cad>
          </ns3:TrackPointExtension>
        </extensions>
      </trkpt>
      <trkpt lat="37.505909018218517303466796875" lon="127.0643989741802215576171875">
        <ele>47.200000762939453125</ele>
        <time>2026-08-09T11:52:54.000Z</time>
        <extensions>
          <ns3:TrackPointExtension>
            <ns3:hr>157</ns3:hr>
            <ns3:cad>83</ns3:cad>
          </ns3:TrackPointExtension>
        </extensions>
      </trkpt>
      <trkpt lat="37.50588177703320980072021484375" lon="127.06440727226436138153076171875">
        <ele>47.40000152587890625</ele>
        <time>2026-08-09T11:52:55.000Z</time>
        <extensions>
          <ns3:TrackPointExtension>
            <ns3:hr>158</ns3:hr>
            <ns3:cad>83</ns3:cad>
          </ns3:TrackPointExtension>
        </extensions>
      </trkpt>
      <trkpt lat="37.50586400739848613739013671875" lon="127.06441364251077175140380859375">
        <ele>47.40000152587890625</ele>
        <time>2026-08-09T11:52:56.000Z</time>
        <extensions>
          <ns3:TrackPointExtension>
            <ns3:hr>157</ns3:hr>
            <ns3:cad>83</ns3:cad>
          </ns3:TrackPointExtension>
        </extensions>
      </trkpt>
      <trkpt lat="37.50582343898713588714599609375" lon="127.06442118622362613677978515625">
        <ele>47.59999847412109375</ele>
        <time>2026-08-09T11:52:57.000Z</time>
        <extensions>
          <ns3:TrackPointExtension>
            <ns3:hr>157</ns3:hr>
            <ns3:cad>83</ns3:cad>
          </ns3:TrackPointExtension>
        </extensions>
      </trkpt>
      <trkpt lat="37.50579544343054294586181640625" lon="127.0644289813935756683349609375">
        <ele>47.59999847412109375</ele>
        <time>2026-08-09T11:52:58.000Z</time>
        <extensions>
          <ns3:TrackPointExtension>
            <ns3:hr>157</ns3:hr>
            <ns3:cad>83</ns3:cad>
          </ns3:TrackPointExtension>
        </extensions>
      </trkpt>
      <trkpt lat="37.505774237215518951416015625" lon="127.06444884650409221649169921875">
        <ele>47.59999847412109375</ele>
        <time>2026-08-09T11:52:59.000Z</time>
        <extensions>
          <ns3:TrackPointExtension>
            <ns3:hr>157</ns3:hr>
            <ns3:cad>83</ns3:cad>
          </ns3:TrackPointExtension>
        </extensions>
      </trkpt>
      <trkpt lat="37.50573811121284961700439453125" lon="127.0644735731184482574462890625">
        <ele>47.59999847412109375</ele>
        <time>2026-08-09T11:53:00.000Z</time>
        <extensions>
          <ns3:TrackPointExtension>
            <ns3:hr>157</ns3:hr>
            <ns3:cad>83</ns3:cad>
          </ns3:TrackPointExtension>
        </extensions>
      </trkpt>
      <trkpt lat="37.50571581535041332244873046875" lon="127.06448740325868129730224609375">
        <ele>47.59999847412109375</ele>
        <time>2026-08-09T11:53:01.000Z</time>
        <extensions>
          <ns3:TrackPointExtension>
            <ns3:hr>157</ns3:hr>
            <ns3:cad>83</ns3:cad>
          </ns3:TrackPointExtension>
        </extensions>
      </trkpt>
      <trkpt lat="37.50567876733839511871337890625" lon="127.06451020203530788421630859375">
        <ele>47.59999847412109375</ele>
        <time>2026-08-09T11:53:02.000Z</time>
        <extensions>
          <ns3:TrackPointExtension>
            <ns3:hr>156</ns3:hr>
            <ns3:cad>82</ns3:cad>
          </ns3:TrackPointExtension>
        </extensions>
      </trkpt>
      <trkpt lat="37.505648843944072723388671875" lon="127.0645282231271266937255859375">
        <ele>47.799999237060546875</ele>
        <time>2026-08-09T11:53:03.000Z</time>
        <extensions>
          <ns3:TrackPointExtension>
            <ns3:hr>157</ns3:hr>
            <ns3:cad>82</ns3:cad>
          </ns3:TrackPointExtension>
        </extensions>
      </trkpt>
      <trkpt lat="37.50562931410968303680419921875" lon="127.0645493455231189727783203125">
        <ele>48</ele>
        <time>2026-08-09T11:53:04.000Z</time>
        <extensions>
          <ns3:TrackPointExtension>
            <ns3:hr>157</ns3:hr>
            <ns3:cad>82</ns3:cad>
          </ns3:TrackPointExtension>
        </extensions>
      </trkpt>
      <trkpt lat="37.50559897162020206451416015625" lon="127.0645597390830516815185546875">
        <ele>48</ele>
        <time>2026-08-09T11:53:05.000Z</time>
        <extensions>
          <ns3:TrackPointExtension>
            <ns3:hr>157</ns3:hr>
            <ns3:cad>82</ns3:cad>
          </ns3:TrackPointExtension>
        </extensions>
      </trkpt>
      <trkpt lat="37.50557667575776576995849609375" lon="127.06457658670842647552490234375">
        <ele>48.200000762939453125</ele>
        <time>2026-08-09T11:53:06.000Z</time>
        <extensions>
          <ns3:TrackPointExtension>
            <ns3:hr>157</ns3:hr>
            <ns3:cad>82</ns3:cad>
          </ns3:TrackPointExtension>
        </extensions>
      </trkpt>
      <trkpt lat="37.5055440701544284820556640625" lon="127.064595110714435577392578125">
        <ele>48.200000762939453125</ele>
        <time>2026-08-09T11:53:07.000Z</time>
        <extensions>
          <ns3:TrackPointExtension>
            <ns3:hr>157</ns3:hr>
            <ns3:cad>83</ns3:cad>
          </ns3:TrackPointExtension>
        </extensions>
      </trkpt>
      <trkpt lat="37.5055135600268840789794921875" lon="127.064609527587890625">
        <ele>48.40000152587890625</ele>
        <time>2026-08-09T11:53:08.000Z</time>
        <extensions>
          <ns3:TrackPointExtension>
            <ns3:hr>157</ns3:hr>
            <ns3:cad>83</ns3:cad>
          </ns3:TrackPointExtension>
        </extensions>
      </trkpt>
      <trkpt lat="37.505493275821208953857421875" lon="127.06462495028972625732421875">
        <ele>48.59999847412109375</ele>
        <time>2026-08-09T11:53:09.000Z</time>
        <extensions>
          <ns3:TrackPointExtension>
            <ns3:hr>156</ns3:hr>
            <ns3:cad>83</ns3:cad>
          </ns3:TrackPointExtension>
        </extensions>
      </trkpt>
      <trkpt lat="37.50545949675142765045166015625" lon="127.064638026058673858642578125">
        <ele>48.799999237060546875</ele>
        <time>2026-08-09T11:53:10.000Z</time>
        <extensions>
          <ns3:TrackPointExtension>
            <ns3:hr>157</ns3:hr>
            <ns3:cad>83</ns3:cad>
          </ns3:TrackPointExtension>
        </extensions>
      </trkpt>
      <trkpt lat="37.50543803907930850982666015625" lon="127.0646526105701923370361328125">
        <ele>48.799999237060546875</ele>
        <time>2026-08-09T11:53:11.000Z</time>
        <extensions>
          <ns3:TrackPointExtension>
            <ns3:hr>157</ns3:hr>
            <ns3:cad>84</ns3:cad>
          </ns3:TrackPointExtension>
        </extensions>
      </trkpt>
      <trkpt lat="37.5054104626178741455078125" lon="127.06467079930007457733154296875">
        <ele>48.799999237060546875</ele>
        <time>2026-08-09T11:53:12.000Z</time>
        <extensions>
          <ns3:TrackPointExtension>
            <ns3:hr>157</ns3:hr>
            <ns3:cad>84</ns3:cad>
          </ns3:TrackPointExtension>
        </extensions>
      </trkpt>
      <trkpt lat="37.50538003630936145782470703125" lon="127.0646832883358001708984375">
        <ele>48.799999237060546875</ele>
        <time>2026-08-09T11:53:13.000Z</time>
        <extensions>
          <ns3:TrackPointExtension>
            <ns3:hr>156</ns3:hr>
            <ns3:cad>84</ns3:cad>
          </ns3:TrackPointExtension>
        </extensions>
      </trkpt>
      <trkpt lat="37.50535614788532257080078125" lon="127.06469527445733547210693359375">
        <ele>49</ele>
        <time>2026-08-09T11:53:14.000Z</time>
        <extensions>
          <ns3:TrackPointExtension>
            <ns3:hr>156</ns3:hr>
            <ns3:cad>84</ns3:cad>
          </ns3:TrackPointExtension>
        </extensions>
      </trkpt>
      <trkpt lat="37.505316920578479766845703125" lon="127.0647069253027439117431640625">
        <ele>49</ele>
        <time>2026-08-09T11:53:15.000Z</time>
        <extensions>
          <ns3:TrackPointExtension>
            <ns3:hr>156</ns3:hr>
            <ns3:cad>84</ns3:cad>
          </ns3:TrackPointExtension>
        </extensions>
      </trkpt>
      <trkpt lat="37.5052899308502674102783203125" lon="127.06471052952110767364501953125">
        <ele>49.200000762939453125</ele>
        <time>2026-08-09T11:53:16.000Z</time>
        <extensions>
          <ns3:TrackPointExtension>
            <ns3:hr>156</ns3:hr>
            <ns3:cad>83</ns3:cad>
          </ns3:TrackPointExtension>
        </extensions>
      </trkpt>
      <trkpt lat="37.5052642822265625" lon="127.0647203363478183746337890625">
        <ele>49.200000762939453125</ele>
        <time>2026-08-09T11:53:17.000Z</time>
        <extensions>
          <ns3:TrackPointExtension>
            <ns3:hr>155</ns3:hr>
            <ns3:cad>83</ns3:cad>
          </ns3:TrackPointExtension>
        </extensions>
      </trkpt>
      <trkpt lat="37.5052339397370815277099609375" lon="127.064714469015598297119140625">
        <ele>49.40000152587890625</ele>
        <time>2026-08-09T11:53:18.000Z</time>
        <extensions>
          <ns3:TrackPointExtension>
            <ns3:hr>155</ns3:hr>
            <ns3:cad>83</ns3:cad>
          </ns3:TrackPointExtension>
        </extensions>
      </trkpt>
      <trkpt lat="37.5052171759307384490966796875" lon="127.0647029019892215728759765625">
        <ele>49.59999847412109375</ele>
        <time>2026-08-09T11:53:19.000Z</time>
        <extensions>
          <ns3:TrackPointExtension>
            <ns3:hr>155</ns3:hr>
            <ns3:cad>84</ns3:cad>
          </ns3:TrackPointExtension>
        </extensions>
      </trkpt>
      <trkpt lat="37.50519345514476299285888671875" lon="127.06468890421092510223388671875">
        <ele>49.799999237060546875</ele>
        <time>2026-08-09T11:53:20.000Z</time>
        <extensions>
          <ns3:TrackPointExtension>
            <ns3:hr>155</ns3:hr>
            <ns3:cad>84</ns3:cad>
          </ns3:TrackPointExtension>
        </extensions>
      </trkpt>
      <trkpt lat="37.50517643988132476806640625" lon="127.06466224975883960723876953125">
        <ele>49.799999237060546875</ele>
        <time>2026-08-09T11:53:21.000Z</time>
        <extensions>
          <ns3:TrackPointExtension>
            <ns3:hr>155</ns3:hr>
            <ns3:cad>83</ns3:cad>
          </ns3:TrackPointExtension>
        </extensions>
      </trkpt>
      <trkpt lat="37.5051610171794891357421875" lon="127.06463542766869068145751953125">
        <ele>50</ele>
        <time>2026-08-09T11:53:22.000Z</time>
        <extensions>
          <ns3:TrackPointExtension>
            <ns3:hr>155</ns3:hr>
            <ns3:cad>83</ns3:cad>
          </ns3:TrackPointExtension>
        </extensions>
      </trkpt>
      <trkpt lat="37.5051417388021945953369140625" lon="127.06460324116051197052001953125">
        <ele>50</ele>
        <time>2026-08-09T11:53:23.000Z</time>
        <extensions>
          <ns3:TrackPointExtension>
            <ns3:hr>155</ns3:hr>
            <ns3:cad>83</ns3:cad>
          </ns3:TrackPointExtension>
        </extensions>
      </trkpt>
      <trkpt lat="37.5051234662532806396484375" lon="127.06457457505166530609130859375">
        <ele>50.200000762939453125</ele>
        <time>2026-08-09T11:53:24.000Z</time>
        <extensions>
          <ns3:TrackPointExtension>
            <ns3:hr>155</ns3:hr>
            <ns3:cad>84</ns3:cad>
          </ns3:TrackPointExtension>
        </extensions>
      </trkpt>
      <trkpt lat="37.5050944648683071136474609375" lon="127.06452746875584125518798828125">
        <ele>50.200000762939453125</ele>
        <time>2026-08-09T11:53:25.000Z</time>
        <extensions>
          <ns3:TrackPointExtension>
            <ns3:hr>156</ns3:hr>
            <ns3:cad>84</ns3:cad>
          </ns3:TrackPointExtension>
        </extensions>
      </trkpt>
      <trkpt lat="37.50508432276546955108642578125" lon="127.0644936896860599517822265625">
        <ele>50.200000762939453125</ele>
        <time>2026-08-09T11:53:26.000Z</time>
        <extensions>
          <ns3:TrackPointExtension>
            <ns3:hr>156</ns3:hr>
            <ns3:cad>84</ns3:cad>
          </ns3:TrackPointExtension>
        </extensions>
      </trkpt>
      <trkpt lat="37.50507828779518604278564453125" lon="127.0644606649875640869140625">
        <ele>50.40000152587890625</ele>
        <time>2026-08-09T11:53:27.000Z</time>
        <extensions>
          <ns3:TrackPointExtension>
            <ns3:hr>156</ns3:hr>
            <ns3:cad>84</ns3:cad>
          </ns3:TrackPointExtension>
        </extensions>
      </trkpt>
      <trkpt lat="37.50507719814777374267578125" lon="127.064410038292407989501953125">
        <ele>50.40000152587890625</ele>
        <time>2026-08-09T11:53:28.000Z</time>
        <extensions>
          <ns3:TrackPointExtension>
            <ns3:hr>156</ns3:hr>
            <ns3:cad>84</ns3:cad>
          </ns3:TrackPointExtension>
        </extensions>
      </trkpt>
      <trkpt lat="37.50507275573909282684326171875" lon="127.0643827132880687713623046875">
        <ele>50.40000152587890625</ele>
        <time>2026-08-09T11:53:29.000Z</time>
        <extensions>
          <ns3:TrackPointExtension>
            <ns3:hr>157</ns3:hr>
            <ns3:cad>84</ns3:cad>
          </ns3:TrackPointExtension>
        </extensions>
      </trkpt>
      <trkpt lat="37.5050564110279083251953125" lon="127.0643488503992557525634765625">
        <ele>50.59999847412109375</ele>
        <time>2026-08-09T11:53:30.000Z</time>
        <extensions>
          <ns3:TrackPointExtension>
            <ns3:hr>157</ns3:hr>
            <ns3:cad>84</ns3:cad>
          </ns3:TrackPointExtension>
        </extensions>
      </trkpt>
      <trkpt lat="37.50504232943058013916015625" lon="127.064312808215618133544921875">
        <ele>50.59999847412109375</ele>
        <time>2026-08-09T11:53:31.000Z</time>
        <extensions>
          <ns3:TrackPointExtension>
            <ns3:hr>157</ns3:hr>
            <ns3:cad>84</ns3:cad>
          </ns3:TrackPointExtension>
        </extensions>
      </trkpt>
      <trkpt lat="37.505031265318393707275390625" lon="127.06428204663097858428955078125">
        <ele>50.59999847412109375</ele>
        <time>2026-08-09T11:53:32.000Z</time>
        <extensions>
          <ns3:TrackPointExtension>
            <ns3:hr>157</ns3:hr>
            <ns3:cad>83</ns3:cad>
          </ns3:TrackPointExtension>
        </extensions>
      </trkpt>
      <trkpt lat="37.50502313487231731414794921875" lon="127.06424541771411895751953125">
        <ele>50.799999237060546875</ele>
        <time>2026-08-09T11:53:33.000Z</time>
        <extensions>
          <ns3:TrackPointExtension>
            <ns3:hr>157</ns3:hr>
            <ns3:cad>83</ns3:cad>
          </ns3:TrackPointExtension>
        </extensions>
      </trkpt>
      <trkpt lat="37.5050150044262409210205078125" lon="127.06421381793916225433349609375">
        <ele>51</ele>
        <time>2026-08-09T11:53:34.000Z</time>
        <extensions>
          <ns3:TrackPointExtension>
            <ns3:hr>158</ns3:hr>
            <ns3:cad>83</ns3:cad>
          </ns3:TrackPointExtension>
        </extensions>
      </trkpt>
      <trkpt lat="37.50500352121889591217041015625" lon="127.06417794339358806610107421875">
        <ele>51</ele>
        <time>2026-08-09T11:53:35.000Z</time>
        <extensions>
          <ns3:TrackPointExtension>
            <ns3:hr>157</ns3:hr>
            <ns3:cad>82</ns3:cad>
          </ns3:TrackPointExtension>
        </extensions>
      </trkpt>
      <trkpt lat="37.50499245710670948028564453125" lon="127.064137123525142669677734375">
        <ele>51.200000762939453125</ele>
        <time>2026-08-09T11:53:36.000Z</time>
        <extensions>
          <ns3:TrackPointExtension>
            <ns3:hr>157</ns3:hr>
            <ns3:cad>82</ns3:cad>
          </ns3:TrackPointExtension>
        </extensions>
      </trkpt>
      <trkpt lat="37.5049834884703159332275390625" lon="127.064108960330486297607421875">
        <ele>51.200000762939453125</ele>
        <time>2026-08-09T11:53:37.000Z</time>
        <extensions>
          <ns3:TrackPointExtension>
            <ns3:hr>158</ns3:hr>
            <ns3:cad>82</ns3:cad>
          </ns3:TrackPointExtension>
        </extensions>
      </trkpt>
      <trkpt lat="37.50498055480420589447021484375" lon="127.06406311132013797760009765625">
        <ele>51.200000762939453125</ele>
        <time>2026-08-09T11:53:38.000Z</time>
        <extensions>
          <ns3:TrackPointExtension>
            <ns3:hr>157</ns3:hr>
            <ns3:cad>83</ns3:cad>
          </ns3:TrackPointExtension>
        </extensions>
      </trkpt>
      <trkpt lat="37.50497535802423954010009765625" lon="127.0640222914516925811767578125">
        <ele>51.200000762939453125</ele>
        <time>2026-08-09T11:53:39.000Z</time>
        <extensions>
          <ns3:TrackPointExtension>
            <ns3:hr>157</ns3:hr>
            <ns3:cad>83</ns3:cad>
          </ns3:TrackPointExtension>
        </extensions>
      </trkpt>
      <trkpt lat="37.50497133471071720123291015625" lon="127.06398331560194492340087890625">
        <ele>51.40000152587890625</ele>
        <time>2026-08-09T11:53:40.000Z</time>
        <extensions>
          <ns3:TrackPointExtension>
            <ns3:hr>157</ns3:hr>
            <ns3:cad>83</ns3:cad>
          </ns3:TrackPointExtension>
        </extensions>
      </trkpt>
      <trkpt lat="37.50496529974043369293212890625" lon="127.06393319182097911834716796875">
        <ele>51.40000152587890625</ele>
        <time>2026-08-09T11:53:41.000Z</time>
        <extensions>
          <ns3:TrackPointExtension>
            <ns3:hr>157</ns3:hr>
            <ns3:cad>84</ns3:cad>
          </ns3:TrackPointExtension>
        </extensions>
      </trkpt>
      <trkpt lat="37.504961192607879638671875" lon="127.06390184350311756134033203125">
        <ele>51.40000152587890625</ele>
        <time>2026-08-09T11:53:42.000Z</time>
        <extensions>
          <ns3:TrackPointExtension>
            <ns3:hr>156</ns3:hr>
            <ns3:cad>84</ns3:cad>
          </ns3:TrackPointExtension>
        </extensions>
      </trkpt>
      <trkpt lat="37.5049499608576297760009765625" lon="127.06386831589043140411376953125">
        <ele>51.59999847412109375</ele>
        <time>2026-08-09T11:53:43.000Z</time>
        <extensions>
          <ns3:TrackPointExtension>
            <ns3:hr>156</ns3:hr>
            <ns3:cad>84</ns3:cad>
          </ns3:TrackPointExtension>
        </extensions>
      </trkpt>
      <trkpt lat="37.5049435906112194061279296875" lon="127.06382959149777889251708984375">
        <ele>51.59999847412109375</ele>
        <time>2026-08-09T11:53:44.000Z</time>
        <extensions>
          <ns3:TrackPointExtension>
            <ns3:hr>156</ns3:hr>
            <ns3:cad>81</ns3:cad>
          </ns3:TrackPointExtension>
        </extensions>
      </trkpt>
      <trkpt lat="37.50494082458317279815673828125" lon="127.06380176357924938201904296875">
        <ele>51.799999237060546875</ele>
        <time>2026-08-09T11:53:45.000Z</time>
        <extensions>
          <ns3:TrackPointExtension>
            <ns3:hr>156</ns3:hr>
            <ns3:cad>81</ns3:cad>
          </ns3:TrackPointExtension>
        </extensions>
      </trkpt>
      <trkpt lat="37.50493546016514301300048828125" lon="127.06375717185437679290771484375">
        <ele>52</ele>
        <time>2026-08-09T11:53:46.000Z</time>
        <extensions>
          <ns3:TrackPointExtension>
            <ns3:hr>156</ns3:hr>
            <ns3:cad>81</ns3:cad>
          </ns3:TrackPointExtension>
        </extensions>
      </trkpt>
      <trkpt lat="37.504927329719066619873046875" lon="127.0637232251465320587158203125">
        <ele>52</ele>
        <time>2026-08-09T11:53:47.000Z</time>
        <extensions>
          <ns3:TrackPointExtension>
            <ns3:hr>157</ns3:hr>
            <ns3:cad>81</ns3:cad>
          </ns3:TrackPointExtension>
        </extensions>
      </trkpt>
      <trkpt lat="37.50491986982524394989013671875" lon="127.063694894313812255859375">
        <ele>52.200000762939453125</ele>
        <time>2026-08-09T11:53:48.000Z</time>
        <extensions>
          <ns3:TrackPointExtension>
            <ns3:hr>156</ns3:hr>
            <ns3:cad>81</ns3:cad>
          </ns3:TrackPointExtension>
        </extensions>
      </trkpt>
      <trkpt lat="37.5049067102372646331787109375" lon="127.0636551640927791595458984375">
        <ele>52.40000152587890625</ele>
        <time>2026-08-09T11:53:49.000Z</time>
        <extensions>
          <ns3:TrackPointExtension>
            <ns3:hr>156</ns3:hr>
            <ns3:cad>81</ns3:cad>
          </ns3:TrackPointExtension>
        </extensions>
      </trkpt>
      <trkpt lat="37.5048956461250782012939453125" lon="127.06362926401197910308837890625">
        <ele>52.40000152587890625</ele>
        <time>2026-08-09T11:53:50.000Z</time>
        <extensions>
          <ns3:TrackPointExtension>
            <ns3:hr>157</ns3:hr>
            <ns3:cad>81</ns3:cad>
          </ns3:TrackPointExtension>
        </extensions>
      </trkpt>
      <trkpt lat="37.50488273799419403076171875" lon="127.06358768977224826812744140625">
        <ele>52.40000152587890625</ele>
        <time>2026-08-09T11:53:51.000Z</time>
        <extensions>
          <ns3:TrackPointExtension>
            <ns3:hr>156</ns3:hr>
            <ns3:cad>83</ns3:cad>
          </ns3:TrackPointExtension>
        </extensions>
      </trkpt>
      <trkpt lat="37.50487335026264190673828125" lon="127.063558101654052734375">
        <ele>52.40000152587890625</ele>
        <time>2026-08-09T11:53:52.000Z</time>
        <extensions>
          <ns3:TrackPointExtension>
            <ns3:hr>156</ns3:hr>
            <ns3:cad>83</ns3:cad>
          </ns3:TrackPointExtension>
        </extensions>
      </trkpt>
      <trkpt lat="37.5048604421317577362060546875" lon="127.06352968700230121612548828125">
        <ele>52.40000152587890625</ele>
        <time>2026-08-09T11:53:53.000Z</time>
        <extensions>
          <ns3:TrackPointExtension>
            <ns3:hr>156</ns3:hr>
            <ns3:cad>83</ns3:cad>
          </ns3:TrackPointExtension>
        </extensions>
      </trkpt>
      <trkpt lat="37.50485113821923732757568359375" lon="127.0634851790964603424072265625">
        <ele>52.59999847412109375</ele>
        <time>2026-08-09T11:53:54.000Z</time>
        <extensions>
          <ns3:TrackPointExtension>
            <ns3:hr>156</ns3:hr>
            <ns3:cad>83</ns3:cad>
          </ns3:TrackPointExtension>
        </extensions>
      </trkpt>
      <trkpt lat="37.50484476797282695770263671875" lon="127.0634602010250091552734375">
        <ele>52.799999237060546875</ele>
        <time>2026-08-09T11:53:55.000Z</time>
        <extensions>
          <ns3:TrackPointExtension>
            <ns3:hr>156</ns3:hr>
            <ns3:cad>83</ns3:cad>
          </ns3:TrackPointExtension>
        </extensions>
      </trkpt>
      <trkpt lat="37.50482934527099132537841796875" lon="127.06342876888811588287353515625">
        <ele>52.799999237060546875</ele>
        <time>2026-08-09T11:53:56.000Z</time>
        <extensions>
          <ns3:TrackPointExtension>
            <ns3:hr>156</ns3:hr>
            <ns3:cad>83</ns3:cad>
          </ns3:TrackPointExtension>
        </extensions>
      </trkpt>
      <trkpt lat="37.50481945462524890899658203125" lon="127.06340027041733264923095703125">
        <ele>53</ele>
        <time>2026-08-09T11:53:57.000Z</time>
        <extensions>
          <ns3:TrackPointExtension>
            <ns3:hr>155</ns3:hr>
            <ns3:cad>83</ns3:cad>
          </ns3:TrackPointExtension>
        </extensions>
      </trkpt>
      <trkpt lat="37.50480805523693561553955078125" lon="127.0633770525455474853515625">
        <ele>53</ele>
        <time>2026-08-09T11:53:58.000Z</time>
        <extensions>
          <ns3:TrackPointExtension>
            <ns3:hr>155</ns3:hr>
            <ns3:cad>83</ns3:cad>
          </ns3:TrackPointExtension>
        </extensions>
      </trkpt>
      <trkpt lat="37.5047960691154003143310546875" lon="127.06333992071449756622314453125">
        <ele>53.200000762939453125</ele>
        <time>2026-08-09T11:53:59.000Z</time>
        <extensions>
          <ns3:TrackPointExtension>
            <ns3:hr>155</ns3:hr>
            <ns3:cad>83</ns3:cad>
          </ns3:TrackPointExtension>
        </extensions>
      </trkpt>
      <trkpt lat="37.50478307716548442840576171875" lon="127.06330790184438228607177734375">
        <ele>53.200000762939453125</ele>
        <time>2026-08-09T11:54:00.000Z</time>
        <extensions>
          <ns3:TrackPointExtension>
            <ns3:hr>155</ns3:hr>
            <ns3:cad>83</ns3:cad>
          </ns3:TrackPointExtension>
        </extensions>
      </trkpt>
      <trkpt lat="37.50476681627333164215087890625" lon="127.06326934508979320526123046875">
        <ele>53.200000762939453125</ele>
        <time>2026-08-09T11:54:01.000Z</time>
        <extensions>
          <ns3:TrackPointExtension>
            <ns3:hr>155</ns3:hr>
            <ns3:cad>83</ns3:cad>
          </ns3:TrackPointExtension>
        </extensions>
      </trkpt>
      <trkpt lat="37.50475474633276462554931640625" lon="127.06322777085006237030029296875">
        <ele>53.40000152587890625</ele>
        <time>2026-08-09T11:54:02.000Z</time>
        <extensions>
          <ns3:TrackPointExtension>
            <ns3:hr>155</ns3:hr>
            <ns3:cad>83</ns3:cad>
          </ns3:TrackPointExtension>
        </extensions>
      </trkpt>
      <trkpt lat="37.50474435277283191680908203125" lon="127.06320178695023059844970703125">
        <ele>53.59999847412109375</ele>
        <time>2026-08-09T11:54:03.000Z</time>
        <extensions>
          <ns3:TrackPointExtension>
            <ns3:hr>155</ns3:hr>
            <ns3:cad>83</ns3:cad>
          </ns3:TrackPointExtension>
        </extensions>
      </trkpt>
      <trkpt lat="37.50473110936582088470458984375" lon="127.06316038034856319427490234375">
        <ele>53.59999847412109375</ele>
        <time>2026-08-09T11:54:04.000Z</time>
        <extensions>
          <ns3:TrackPointExtension>
            <ns3:hr>154</ns3:hr>
            <ns3:cad>83</ns3:cad>
          </ns3:TrackPointExtension>
        </extensions>
      </trkpt>
      <trkpt lat="37.50471686013042926788330078125" lon="127.0631301216781139373779296875">
        <ele>53.799999237060546875</ele>
        <time>2026-08-09T11:54:05.000Z</time>
        <extensions>
          <ns3:TrackPointExtension>
            <ns3:hr>154</ns3:hr>
            <ns3:cad>83</ns3:cad>
          </ns3:TrackPointExtension>
        </extensions>
      </trkpt>
      <trkpt lat="37.50470437109470367431640625" lon="127.06309785135090351104736328125">
        <ele>54</ele>
        <time>2026-08-09T11:54:06.000Z</time>
        <extensions>
          <ns3:TrackPointExtension>
            <ns3:hr>154</ns3:hr>
            <ns3:cad>83</ns3:cad>
          </ns3:TrackPointExtension>
        </extensions>
      </trkpt>
      <trkpt lat="37.50469339080154895782470703125" lon="127.0630645751953125">
        <ele>54</ele>
        <time>2026-08-09T11:54:07.000Z</time>
        <extensions>
          <ns3:TrackPointExtension>
            <ns3:hr>154</ns3:hr>
            <ns3:cad>83</ns3:cad>
          </ns3:TrackPointExtension>
        </extensions>
      </trkpt>
      <trkpt lat="37.50467763282358646392822265625" lon="127.0630452968180179595947265625">
        <ele>54</ele>
        <time>2026-08-09T11:54:08.000Z</time>
        <extensions>
          <ns3:TrackPointExtension>
            <ns3:hr>153</ns3:hr>
            <ns3:cad>83</ns3:cad>
          </ns3:TrackPointExtension>
        </extensions>
      </trkpt>
      <trkpt lat="37.50465701334178447723388671875" lon="127.06301336176693439483642578125">
        <ele>54</ele>
        <time>2026-08-09T11:54:09.000Z</time>
        <extensions>
          <ns3:TrackPointExtension>
            <ns3:hr>153</ns3:hr>
            <ns3:cad>83</ns3:cad>
          </ns3:TrackPointExtension>
        </extensions>
      </trkpt>
      <trkpt lat="37.50464175827801227569580078125" lon="127.06298000179231166839599609375">
        <ele>54.200000762939453125</ele>
        <time>2026-08-09T11:54:10.000Z</time>
        <extensions>
          <ns3:TrackPointExtension>
            <ns3:hr>153</ns3:hr>
            <ns3:cad>83</ns3:cad>
          </ns3:TrackPointExtension>
        </extensions>
      </trkpt>
      <trkpt lat="37.504626922309398651123046875" lon="127.06295259296894073486328125">
        <ele>54.200000762939453125</ele>
        <time>2026-08-09T11:54:11.000Z</time>
        <extensions>
          <ns3:TrackPointExtension>
            <ns3:hr>153</ns3:hr>
            <ns3:cad>83</ns3:cad>
          </ns3:TrackPointExtension>
        </extensions>
      </trkpt>
      <trkpt lat="37.50461543910205364227294921875" lon="127.0629091747105121612548828125">
        <ele>54.40000152587890625</ele>
        <time>2026-08-09T11:54:12.000Z</time>
        <extensions>
          <ns3:TrackPointExtension>
            <ns3:hr>153</ns3:hr>
            <ns3:cad>83</ns3:cad>
          </ns3:TrackPointExtension>
        </extensions>
      </trkpt>
      <trkpt lat="37.504605464637279510498046875" lon="127.062880508601665496826171875">
        <ele>54.59999847412109375</ele>
        <time>2026-08-09T11:54:13.000Z</time>
        <extensions>
          <ns3:TrackPointExtension>
            <ns3:hr>152</ns3:hr>
            <ns3:cad>83</ns3:cad>
          </ns3:TrackPointExtension>
        </extensions>
      </trkpt>
      <trkpt lat="37.504592053592205047607421875" lon="127.062846980988979339599609375">
        <ele>54.59999847412109375</ele>
        <time>2026-08-09T11:54:14.000Z</time>
        <extensions>
          <ns3:TrackPointExtension>
            <ns3:hr>152</ns3:hr>
            <ns3:cad>83</ns3:cad>
          </ns3:TrackPointExtension>
        </extensions>
      </trkpt>
      <trkpt lat="37.5045848451554775238037109375" lon="127.06281018443405628204345703125">
        <ele>54.799999237060546875</ele>
        <time>2026-08-09T11:54:15.000Z</time>
        <extensions>
          <ns3:TrackPointExtension>
            <ns3:hr>152</ns3:hr>
            <ns3:cad>83</ns3:cad>
          </ns3:TrackPointExtension>
        </extensions>
      </trkpt>
      <trkpt lat="37.50457696616649627685546875" lon="127.06278084777295589447021484375">
        <ele>54.799999237060546875</ele>
        <time>2026-08-09T11:54:16.000Z</time>
        <extensions>
          <ns3:TrackPointExtension>
            <ns3:hr>152</ns3:hr>
            <ns3:cad>83</ns3:cad>
          </ns3:TrackPointExtension>
        </extensions>
      </trkpt>
      <trkpt lat="37.50456615351140499114990234375" lon="127.06273994408547878265380859375">
        <ele>54.799999237060546875</ele>
        <time>2026-08-09T11:54:17.000Z</time>
        <extensions>
          <ns3:TrackPointExtension>
            <ns3:hr>152</ns3:hr>
            <ns3:cad>83</ns3:cad>
          </ns3:TrackPointExtension>
        </extensions>
      </trkpt>
      <trkpt lat="37.50454838387668132781982421875" lon="127.06271228380501270294189453125">
        <ele>54.799999237060546875</ele>
        <time>2026-08-09T11:54:18.000Z</time>
        <extensions>
          <ns3:TrackPointExtension>
            <ns3:hr>152</ns3:hr>
            <ns3:cad>82</ns3:cad>
          </ns3:TrackPointExtension>
        </extensions>
      </trkpt>
      <trkpt lat="37.50453547574579715728759765625" lon="127.06267825327813625335693359375">
        <ele>55</ele>
        <time>2026-08-09T11:54:19.000Z</time>
        <extensions>
          <ns3:TrackPointExtension>
            <ns3:hr>152</ns3:hr>
            <ns3:cad>82</ns3:cad>
          </ns3:TrackPointExtension>
        </extensions>
      </trkpt>
      <trkpt lat="37.504522316157817840576171875" lon="127.062644474208354949951171875">
        <ele>55.200000762939453125</ele>
        <time>2026-08-09T11:54:20.000Z</time>
        <extensions>
          <ns3:TrackPointExtension>
            <ns3:hr>153</ns3:hr>
            <ns3:cad>82</ns3:cad>
          </ns3:TrackPointExtension>
        </extensions>
      </trkpt>
      <trkpt lat="37.5045080669224262237548828125" lon="127.06261505372822284698486328125">
        <ele>55.40000152587890625</ele>
        <time>2026-08-09T11:54:21.000Z</time>
        <extensions>
          <ns3:TrackPointExtension>
            <ns3:hr>152</ns3:hr>
            <ns3:cad>82</ns3:cad>
          </ns3:TrackPointExtension>
        </extensions>
      </trkpt>
      <trkpt lat="37.5044916383922100067138671875" lon="127.06257130019366741180419921875">
        <ele>55.40000152587890625</ele>
        <time>2026-08-09T11:54:22.000Z</time>
        <extensions>
          <ns3:TrackPointExtension>
            <ns3:hr>152</ns3:hr>
            <ns3:cad>82</ns3:cad>
          </ns3:TrackPointExtension>
        </extensions>
      </trkpt>
      <trkpt lat="37.50448049046099185943603515625" lon="127.06253374926745891571044921875">
        <ele>55.59999847412109375</ele>
        <time>2026-08-09T11:54:23.000Z</time>
        <extensions>
          <ns3:TrackPointExtension>
            <ns3:hr>153</ns3:hr>
            <ns3:cad>82</ns3:cad>
          </ns3:TrackPointExtension>
        </extensions>
      </trkpt>
      <trkpt lat="37.5044651515781879425048828125" lon="127.06250323913991451263427734375">
        <ele>55.799999237060546875</ele>
        <time>2026-08-09T11:54:24.000Z</time>
        <extensions>
          <ns3:TrackPointExtension>
            <ns3:hr>152</ns3:hr>
            <ns3:cad>84</ns3:cad>
          </ns3:TrackPointExtension>
        </extensions>
      </trkpt>
      <trkpt lat="37.5044550932943820953369140625" lon="127.062464766204357147216796875">
        <ele>55.799999237060546875</ele>
        <time>2026-08-09T11:54:25.000Z</time>
        <extensions>
          <ns3:TrackPointExtension>
            <ns3:hr>152</ns3:hr>
            <ns3:cad>84</ns3:cad>
          </ns3:TrackPointExtension>
        </extensions>
      </trkpt>
      <trkpt lat="37.50444612465798854827880859375" lon="127.06244003959000110626220703125">
        <ele>55.799999237060546875</ele>
        <time>2026-08-09T11:54:26.000Z</time>
        <extensions>
          <ns3:TrackPointExtension>
            <ns3:hr>152</ns3:hr>
            <ns3:cad>84</ns3:cad>
          </ns3:TrackPointExtension>
        </extensions>
      </trkpt>
      <trkpt lat="37.50443304888904094696044921875" lon="127.06239678896963596343994140625">
        <ele>55.59999847412109375</ele>
        <time>2026-08-09T11:54:27.000Z</time>
        <extensions>
          <ns3:TrackPointExtension>
            <ns3:hr>152</ns3:hr>
            <ns3:cad>84</ns3:cad>
          </ns3:TrackPointExtension>
        </extensions>
      </trkpt>
      <trkpt lat="37.50441729091107845306396484375" lon="127.0623663626611232757568359375">
        <ele>55.59999847412109375</ele>
        <time>2026-08-09T11:54:28.000Z</time>
        <extensions>
          <ns3:TrackPointExtension>
            <ns3:hr>152</ns3:hr>
            <ns3:cad>84</ns3:cad>
          </ns3:TrackPointExtension>
        </extensions>
      </trkpt>
      <trkpt lat="37.5044071488082408905029296875" lon="127.06233032047748565673828125">
        <ele>55.59999847412109375</ele>
        <time>2026-08-09T11:54:29.000Z</time>
        <extensions>
          <ns3:TrackPointExtension>
            <ns3:hr>152</ns3:hr>
            <ns3:cad>84</ns3:cad>
          </ns3:TrackPointExtension>
        </extensions>
      </trkpt>
      <trkpt lat="37.50438929535448551177978515625" lon="127.06228698603808879852294921875">
        <ele>55.59999847412109375</ele>
        <time>2026-08-09T11:54:30.000Z</time>
        <extensions>
          <ns3:TrackPointExtension>
            <ns3:hr>152</ns3:hr>
            <ns3:cad>84</ns3:cad>
          </ns3:TrackPointExtension>
        </extensions>
      </trkpt>
      <trkpt lat="37.50437588430941104888916015625" lon="127.062267623841762542724609375">
        <ele>55.59999847412109375</ele>
        <time>2026-08-09T11:54:31.000Z</time>
        <extensions>
          <ns3:TrackPointExtension>
            <ns3:hr>152</ns3:hr>
            <ns3:cad>84</ns3:cad>
          </ns3:TrackPointExtension>
        </extensions>
      </trkpt>
      <trkpt lat="37.5043615512549877166748046875" lon="127.06222965382039546966552734375">
        <ele>55.59999847412109375</ele>
        <time>2026-08-09T11:54:32.000Z</time>
        <extensions>
          <ns3:TrackPointExtension>
            <ns3:hr>152</ns3:hr>
            <ns3:cad>84</ns3:cad>
          </ns3:TrackPointExtension>
        </extensions>
      </trkpt>
      <trkpt lat="37.50434906221926212310791015625" lon="127.06218757666647434234619140625">
        <ele>55.59999847412109375</ele>
        <time>2026-08-09T11:54:33.000Z</time>
        <extensions>
          <ns3:TrackPointExtension>
            <ns3:hr>152</ns3:hr>
            <ns3:cad>84</ns3:cad>
          </ns3:TrackPointExtension>
        </extensions>
      </trkpt>
      <trkpt lat="37.50433422625064849853515625" lon="127.06216142512857913970947265625">
        <ele>55.59999847412109375</ele>
        <time>2026-08-09T11:54:34.000Z</time>
        <extensions>
          <ns3:TrackPointExtension>
            <ns3:hr>152</ns3:hr>
            <ns3:cad>83</ns3:cad>
          </ns3:TrackPointExtension>
        </extensions>
      </trkpt>
      <trkpt lat="37.50432827509939670562744140625" lon="127.06210660748183727264404296875">
        <ele>55.40000152587890625</ele>
        <time>2026-08-09T11:54:35.000Z</time>
        <extensions>
          <ns3:TrackPointExtension>
            <ns3:hr>152</ns3:hr>
            <ns3:cad>83</ns3:cad>
          </ns3:TrackPointExtension>
        </extensions>
      </trkpt>
      <trkpt lat="37.5043172948062419891357421875" lon="127.06207291223108768463134765625">
        <ele>55.40000152587890625</ele>
        <time>2026-08-09T11:54:36.000Z</time>
        <extensions>
          <ns3:TrackPointExtension>
            <ns3:hr>152</ns3:hr>
            <ns3:cad>83</ns3:cad>
          </ns3:TrackPointExtension>
        </extensions>
      </trkpt>
      <trkpt lat="37.50430514104664325714111328125" lon="127.06203988753259181976318359375">
        <ele>55.200000762939453125</ele>
        <time>2026-08-09T11:54:37.000Z</time>
        <extensions>
          <ns3:TrackPointExtension>
            <ns3:hr>152</ns3:hr>
            <ns3:cad>83</ns3:cad>
          </ns3:TrackPointExtension>
        </extensions>
      </trkpt>
      <trkpt lat="37.50429256819188594818115234375" lon="127.0619938708841800689697265625">
        <ele>55.200000762939453125</ele>
        <time>2026-08-09T11:54:38.000Z</time>
        <extensions>
          <ns3:TrackPointExtension>
            <ns3:hr>152</ns3:hr>
            <ns3:cad>83</ns3:cad>
          </ns3:TrackPointExtension>
        </extensions>
      </trkpt>
      <trkpt lat="37.504280246794223785400390625" lon="127.0619650371372699737548828125">
        <ele>55.200000762939453125</ele>
        <time>2026-08-09T11:54:39.000Z</time>
        <extensions>
          <ns3:TrackPointExtension>
            <ns3:hr>153</ns3:hr>
            <ns3:cad>83</ns3:cad>
          </ns3:TrackPointExtension>
        </extensions>
      </trkpt>
      <trkpt lat="37.504260800778865814208984375" lon="127.06192455254495143890380859375">
        <ele>55</ele>
        <time>2026-08-09T11:54:40.000Z</time>
        <extensions>
          <ns3:TrackPointExtension>
            <ns3:hr>152</ns3:hr>
            <ns3:cad>84</ns3:cad>
          </ns3:TrackPointExtension>
        </extensions>
      </trkpt>
      <trkpt lat="37.504246719181537628173828125" lon="127.06189404241740703582763671875">
        <ele>55</ele>
        <time>2026-08-09T11:54:41.000Z</time>
        <extensions>
          <ns3:TrackPointExtension>
            <ns3:hr>152</ns3:hr>
            <ns3:cad>84</ns3:cad>
          </ns3:TrackPointExtension>
        </extensions>
      </trkpt>
      <trkpt lat="37.50423037447035312652587890625" lon="127.06186286173760890960693359375">
        <ele>55</ele>
        <time>2026-08-09T11:54:42.000Z</time>
        <extensions>
          <ns3:TrackPointExtension>
            <ns3:hr>152</ns3:hr>
            <ns3:cad>84</ns3:cad>
          </ns3:TrackPointExtension>
        </extensions>
      </trkpt>
      <trkpt lat="37.504219897091388702392578125" lon="127.0618242211639881134033203125">
        <ele>55</ele>
        <time>2026-08-09T11:54:43.000Z</time>
        <extensions>
          <ns3:TrackPointExtension>
            <ns3:hr>151</ns3:hr>
            <ns3:cad>82</ns3:cad>
          </ns3:TrackPointExtension>
        </extensions>
      </trkpt>
      <trkpt lat="37.50420841388404369354248046875" lon="127.06179664470255374908447265625">
        <ele>55</ele>
        <time>2026-08-09T11:54:44.000Z</time>
        <extensions>
          <ns3:TrackPointExtension>
            <ns3:hr>151</ns3:hr>
            <ns3:cad>82</ns3:cad>
          </ns3:TrackPointExtension>
        </extensions>
      </trkpt>
      <trkpt lat="37.50419684685766696929931640625" lon="127.061755321919918060302734375">
        <ele>54.799999237060546875</ele>
        <time>2026-08-09T11:54:45.000Z</time>
        <extensions>
          <ns3:TrackPointExtension>
            <ns3:hr>151</ns3:hr>
            <ns3:cad>82</ns3:cad>
          </ns3:TrackPointExtension>
        </extensions>
      </trkpt>
      <trkpt lat="37.50418695621192455291748046875" lon="127.0617239736020565032958984375">
        <ele>54.799999237060546875</ele>
        <time>2026-08-09T11:54:46.000Z</time>
        <extensions>
          <ns3:TrackPointExtension>
            <ns3:hr>151</ns3:hr>
            <ns3:cad>83</ns3:cad>
          </ns3:TrackPointExtension>
        </extensions>
      </trkpt>
      <trkpt lat="37.504176981747150421142578125" lon="127.061693631112575531005859375">
        <ele>54.799999237060546875</ele>
        <time>2026-08-09T11:54:47.000Z</time>
        <extensions>
          <ns3:TrackPointExtension>
            <ns3:hr>151</ns3:hr>
            <ns3:cad>84</ns3:cad>
          </ns3:TrackPointExtension>
        </extensions>
      </trkpt>
      <trkpt lat="37.50417203642427921295166015625" lon="127.06164610572159290313720703125">
        <ele>54.799999237060546875</ele>
        <time>2026-08-09T11:54:48.000Z</time>
        <extensions>
          <ns3:TrackPointExtension>
            <ns3:hr>150</ns3:hr>
            <ns3:cad>84</ns3:cad>
          </ns3:TrackPointExtension>
        </extensions>
      </trkpt>
      <trkpt lat="37.5041556917130947113037109375" lon="127.06162498332560062408447265625">
        <ele>54.799999237060546875</ele>
        <time>2026-08-09T11:54:49.000Z</time>
        <extensions>
          <ns3:TrackPointExtension>
            <ns3:hr>150</ns3:hr>
            <ns3:cad>83</ns3:cad>
          </ns3:TrackPointExtension>
        </extensions>
      </trkpt>
      <trkpt lat="37.50414169393479824066162109375" lon="127.06159673631191253662109375">
        <ele>54.59999847412109375</ele>
        <time>2026-08-09T11:54:50.000Z</time>
        <extensions>
          <ns3:TrackPointExtension>
            <ns3:hr>150</ns3:hr>
            <ns3:cad>83</ns3:cad>
          </ns3:TrackPointExtension>
        </extensions>
      </trkpt>
      <trkpt lat="37.50412928871810436248779296875" lon="127.061560191214084625244140625">
        <ele>54.59999847412109375</ele>
        <time>2026-08-09T11:54:51.000Z</time>
        <extensions>
          <ns3:TrackPointExtension>
            <ns3:hr>150</ns3:hr>
            <ns3:cad>83</ns3:cad>
          </ns3:TrackPointExtension>
        </extensions>
      </trkpt>
      <trkpt lat="37.50411688350141048431396484375" lon="127.06153211183845996856689453125">
        <ele>54.59999847412109375</ele>
        <time>2026-08-09T11:54:52.000Z</time>
        <extensions>
          <ns3:TrackPointExtension>
            <ns3:hr>150</ns3:hr>
            <ns3:cad>83</ns3:cad>
          </ns3:TrackPointExtension>
        </extensions>
      </trkpt>
      <trkpt lat="37.50410464592278003692626953125" lon="127.061497829854488372802734375">
        <ele>54.40000152587890625</ele>
        <time>2026-08-09T11:54:53.000Z</time>
        <extensions>
          <ns3:TrackPointExtension>
            <ns3:hr>150</ns3:hr>
            <ns3:cad>83</ns3:cad>
          </ns3:TrackPointExtension>
        </extensions>
      </trkpt>
      <trkpt lat="37.5040960125625133514404296875" lon="127.0614731870591640472412109375">
        <ele>54.40000152587890625</ele>
        <time>2026-08-09T11:54:54.000Z</time>
        <extensions>
          <ns3:TrackPointExtension>
            <ns3:hr>149</ns3:hr>
            <ns3:cad>83</ns3:cad>
          </ns3:TrackPointExtension>
        </extensions>
      </trkpt>
      <trkpt lat="37.50407849438488483428955078125" lon="127.06143856979906558990478515625">
        <ele>54.40000152587890625</ele>
        <time>2026-08-09T11:54:55.000Z</time>
        <extensions>
          <ns3:TrackPointExtension>
            <ns3:hr>149</ns3:hr>
            <ns3:cad>83</ns3:cad>
          </ns3:TrackPointExtension>
        </extensions>
      </trkpt>
      <trkpt lat="37.50406776554882526397705078125" lon="127.06139548681676387786865234375">
        <ele>54.40000152587890625</ele>
        <time>2026-08-09T11:54:56.000Z</time>
        <extensions>
          <ns3:TrackPointExtension>
            <ns3:hr>149</ns3:hr>
            <ns3:cad>83</ns3:cad>
          </ns3:TrackPointExtension>
        </extensions>
      </trkpt>
      <trkpt lat="37.5040561147034168243408203125" lon="127.06136531196534633636474609375">
        <ele>54.40000152587890625</ele>
        <time>2026-08-09T11:54:57.000Z</time>
        <extensions>
          <ns3:TrackPointExtension>
            <ns3:hr>149</ns3:hr>
            <ns3:cad>83</ns3:cad>
          </ns3:TrackPointExtension>
        </extensions>
      </trkpt>
      <trkpt lat="37.50404882244765758514404296875" lon="127.061311416327953338623046875">
        <ele>54.200000762939453125</ele>
        <time>2026-08-09T11:54:58.000Z</time>
        <extensions>
          <ns3:TrackPointExtension>
            <ns3:hr>149</ns3:hr>
            <ns3:cad>83</ns3:cad>
          </ns3:TrackPointExtension>
        </extensions>
      </trkpt>
      <trkpt lat="37.50403775833547115325927734375" lon="127.06127361394464969635009765625">
        <ele>54</ele>
        <time>2026-08-09T11:54:59.000Z</time>
        <extensions>
          <ns3:TrackPointExtension>
            <ns3:hr>149</ns3:hr>
            <ns3:cad>83</ns3:cad>
          </ns3:TrackPointExtension>
        </extensions>
      </trkpt>
      <trkpt lat="37.504020743072032928466796875" lon="127.061241008341312408447265625">
        <ele>53.799999237060546875</ele>
        <time>2026-08-09T11:55:00.000Z</time>
        <extensions>
          <ns3:TrackPointExtension>
            <ns3:hr>148</ns3:hr>
            <ns3:cad>83</ns3:cad>
          </ns3:TrackPointExtension>
        </extensions>
      </trkpt>
      <trkpt lat="37.50402434729039669036865234375" lon="127.0611915551126003265380859375">
        <ele>53.799999237060546875</ele>
        <time>2026-08-09T11:55:01.000Z</time>
        <extensions>
          <ns3:TrackPointExtension>
            <ns3:hr>148</ns3:hr>
            <ns3:cad>83</ns3:cad>
          </ns3:TrackPointExtension>
        </extensions>
      </trkpt>
      <trkpt lat="37.50401847995817661285400390625" lon="127.061153836548328399658203125">
        <ele>53.799999237060546875</ele>
        <time>2026-08-09T11:55:02.000Z</time>
        <extensions>
          <ns3:TrackPointExtension>
            <ns3:hr>148</ns3:hr>
            <ns3:cad>83</ns3:cad>
          </ns3:TrackPointExtension>
        </extensions>
      </trkpt>
      <trkpt lat="37.50400842167437076568603515625" lon="127.06111318431794643402099609375">
        <ele>53.59999847412109375</ele>
        <time>2026-08-09T11:55:03.000Z</time>
        <extensions>
          <ns3:TrackPointExtension>
            <ns3:hr>148</ns3:hr>
            <ns3:cad>83</ns3:cad>
          </ns3:TrackPointExtension>
        </extensions>
      </trkpt>
      <trkpt lat="37.50399735756218433380126953125" lon="127.06107496283948421478271484375">
        <ele>53.59999847412109375</ele>
        <time>2026-08-09T11:55:04.000Z</time>
        <extensions>
          <ns3:TrackPointExtension>
            <ns3:hr>148</ns3:hr>
            <ns3:cad>82</ns3:cad>
          </ns3:TrackPointExtension>
        </extensions>
      </trkpt>
      <trkpt lat="37.5039888918399810791015625" lon="127.0610433630645275115966796875">
        <ele>53.59999847412109375</ele>
        <time>2026-08-09T11:55:05.000Z</time>
        <extensions>
          <ns3:TrackPointExtension>
            <ns3:hr>147</ns3:hr>
            <ns3:cad>82</ns3:cad>
          </ns3:TrackPointExtension>
        </extensions>
      </trkpt>
      <trkpt lat="37.503976486623287200927734375" lon="127.0610044710338115692138671875">
        <ele>53.59999847412109375</ele>
        <time>2026-08-09T11:55:06.000Z</time>
        <extensions>
          <ns3:TrackPointExtension>
            <ns3:hr>147</ns3:hr>
            <ns3:cad>82</ns3:cad>
          </ns3:TrackPointExtension>
        </extensions>
      </trkpt>
      <trkpt lat="37.50395829789340496063232421875" lon="127.06097438000142574310302734375">
        <ele>53.59999847412109375</ele>
        <time>2026-08-09T11:55:07.000Z</time>
        <extensions>
          <ns3:TrackPointExtension>
            <ns3:hr>147</ns3:hr>
            <ns3:cad>82</ns3:cad>
          </ns3:TrackPointExtension>
        </extensions>
      </trkpt>
      <trkpt lat="37.50394857488572597503662109375" lon="127.06094353459775447845458984375">
        <ele>53.59999847412109375</ele>
        <time>2026-08-09T11:55:08.000Z</time>
        <extensions>
          <ns3:TrackPointExtension>
            <ns3:hr>147</ns3:hr>
            <ns3:cad>82</ns3:cad>
          </ns3:TrackPointExtension>
        </extensions>
      </trkpt>
      <trkpt lat="37.5039414502680301666259765625" lon="127.06090196035802364349365234375">
        <ele>53.59999847412109375</ele>
        <time>2026-08-09T11:55:09.000Z</time>
        <extensions>
          <ns3:TrackPointExtension>
            <ns3:hr>147</ns3:hr>
            <ns3:cad>83</ns3:cad>
          </ns3:TrackPointExtension>
        </extensions>
      </trkpt>
      <trkpt lat="37.5039334036409854888916015625" lon="127.06087010912597179412841796875">
        <ele>53.59999847412109375</ele>
        <time>2026-08-09T11:55:10.000Z</time>
        <extensions>
          <ns3:TrackPointExtension>
            <ns3:hr>146</ns3:hr>
            <ns3:cad>83</ns3:cad>
          </ns3:TrackPointExtension>
        </extensions>
      </trkpt>
      <trkpt lat="37.503913454711437225341796875" lon="127.06082752905786037445068359375">
        <ele>53.40000152587890625</ele>
        <time>2026-08-09T11:55:11.000Z</time>
        <extensions>
          <ns3:TrackPointExtension>
            <ns3:hr>146</ns3:hr>
            <ns3:cad>83</ns3:cad>
          </ns3:TrackPointExtension>
        </extensions>
      </trkpt>
      <trkpt lat="37.50389107502996921539306640625" lon="127.06078612245619297027587890625">
        <ele>53.40000152587890625</ele>
        <time>2026-08-09T11:55:12.000Z</time>
        <extensions>
          <ns3:TrackPointExtension>
            <ns3:hr>146</ns3:hr>
            <ns3:cad>82</ns3:cad>
          </ns3:TrackPointExtension>
        </extensions>
      </trkpt>
      <trkpt lat="37.5038787536323070526123046875" lon="127.0607533492147922515869140625">
        <ele>53.200000762939453125</ele>
        <time>2026-08-09T11:55:13.000Z</time>
        <extensions>
          <ns3:TrackPointExtension>
            <ns3:hr>146</ns3:hr>
            <ns3:cad>82</ns3:cad>
          </ns3:TrackPointExtension>
        </extensions>
      </trkpt>
      <trkpt lat="37.50386140309274196624755859375" lon="127.060712613165378570556640625">
        <ele>53</ele>
        <time>2026-08-09T11:55:14.000Z</time>
        <extensions>
          <ns3:TrackPointExtension>
            <ns3:hr>145</ns3:hr>
            <ns3:cad>82</ns3:cad>
          </ns3:TrackPointExtension>
        </extensions>
      </trkpt>
      <trkpt lat="37.50385251827538013458251953125" lon="127.06068637780845165252685546875">
        <ele>53</ele>
        <time>2026-08-09T11:55:15.000Z</time>
        <extensions>
          <ns3:TrackPointExtension>
            <ns3:hr>145</ns3:hr>
            <ns3:cad>83</ns3:cad>
          </ns3:TrackPointExtension>
        </extensions>
      </trkpt>
      <trkpt lat="37.50383801758289337158203125" lon="127.06064731813967227935791015625">
        <ele>52.799999237060546875</ele>
        <time>2026-08-09T11:55:16.000Z</time>
        <extensions>
          <ns3:TrackPointExtension>
            <ns3:hr>145</ns3:hr>
            <ns3:cad>83</ns3:cad>
          </ns3:TrackPointExtension>
        </extensions>
      </trkpt>
      <trkpt lat="37.50382536090910434722900390625" lon="127.06060725264251232147216796875">
        <ele>52.59999847412109375</ele>
        <time>2026-08-09T11:55:17.000Z</time>
        <extensions>
          <ns3:TrackPointExtension>
            <ns3:hr>145</ns3:hr>
            <ns3:cad>83</ns3:cad>
          </ns3:TrackPointExtension>
        </extensions>
      </trkpt>
      <trkpt lat="37.50381697900593280792236328125" lon="127.0605776645243167877197265625">
        <ele>52.40000152587890625</ele>
        <time>2026-08-09T11:55:18.000Z</time>
        <extensions>
          <ns3:TrackPointExtension>
            <ns3:hr>144</ns3:hr>
            <ns3:cad>83</ns3:cad>
          </ns3:TrackPointExtension>
        </extensions>
      </trkpt>
      <trkpt lat="37.503803484141826629638671875" lon="127.06054137088358402252197265625">
        <ele>52.200000762939453125</ele>
        <time>2026-08-09T11:55:19.000Z</time>
        <extensions>
          <ns3:TrackPointExtension>
            <ns3:hr>144</ns3:hr>
            <ns3:cad>83</ns3:cad>
          </ns3:TrackPointExtension>
        </extensions>
      </trkpt>
      <trkpt lat="37.50379082746803760528564453125" lon="127.06051035784184932708740234375">
        <ele>52</ele>
        <time>2026-08-09T11:55:20.000Z</time>
        <extensions>
          <ns3:TrackPointExtension>
            <ns3:hr>144</ns3:hr>
            <ns3:cad>83</ns3:cad>
          </ns3:TrackPointExtension>
        </extensions>
      </trkpt>
      <trkpt lat="37.503780685365200042724609375" lon="127.06047867424786090850830078125">
        <ele>51.799999237060546875</ele>
        <time>2026-08-09T11:55:21.000Z</time>
        <extensions>
          <ns3:TrackPointExtension>
            <ns3:hr>144</ns3:hr>
            <ns3:cad>83</ns3:cad>
          </ns3:TrackPointExtension>
        </extensions>
      </trkpt>
      <trkpt lat="37.50376719050109386444091796875" lon="127.06043760292232036590576171875">
        <ele>51.59999847412109375</ele>
        <time>2026-08-09T11:55:22.000Z</time>
        <extensions>
          <ns3:TrackPointExtension>
            <ns3:hr>144</ns3:hr>
            <ns3:cad>83</ns3:cad>
          </ns3:TrackPointExtension>
        </extensions>
      </trkpt>
      <trkpt lat="37.50375210307538509368896484375" lon="127.0604056678712368011474609375">
        <ele>51.40000152587890625</ele>
        <time>2026-08-09T11:55:23.000Z</time>
        <extensions>
          <ns3:TrackPointExtension>
            <ns3:hr>144</ns3:hr>
            <ns3:cad>83</ns3:cad>
          </ns3:TrackPointExtension>
        </extensions>
      </trkpt>
      <trkpt lat="37.503737770020961761474609375" lon="127.060359902679920196533203125">
        <ele>51.40000152587890625</ele>
        <time>2026-08-09T11:55:24.000Z</time>
        <extensions>
          <ns3:TrackPointExtension>
            <ns3:hr>144</ns3:hr>
            <ns3:cad>83</ns3:cad>
          </ns3:TrackPointExtension>
        </extensions>
      </trkpt>
      <trkpt lat="37.50372804701328277587890625" lon="127.0603193342685699462890625">
        <ele>51.40000152587890625</ele>
        <time>2026-08-09T11:55:25.000Z</time>
        <extensions>
          <ns3:TrackPointExtension>
            <ns3:hr>144</ns3:hr>
            <ns3:cad>83</ns3:cad>
          </ns3:TrackPointExtension>
        </extensions>
      </trkpt>
      <trkpt lat="37.50371052883565425872802734375" lon="127.0602933503687381744384765625">
        <ele>51.59999847412109375</ele>
        <time>2026-08-09T11:55:26.000Z</time>
        <extensions>
          <ns3:TrackPointExtension>
            <ns3:hr>143</ns3:hr>
            <ns3:cad>83</ns3:cad>
          </ns3:TrackPointExtension>
        </extensions>
      </trkpt>
      <trkpt lat="37.50370097346603870391845703125" lon="127.0602469146251678466796875">
        <ele>51.59999847412109375</ele>
        <time>2026-08-09T11:55:27.000Z</time>
        <extensions>
          <ns3:TrackPointExtension>
            <ns3:hr>143</ns3:hr>
            <ns3:cad>83</ns3:cad>
          </ns3:TrackPointExtension>
        </extensions>
      </trkpt>
      <trkpt lat="37.50369862653315067291259765625" lon="127.06021062098443508148193359375">
        <ele>51.799999237060546875</ele>
        <time>2026-08-09T11:55:28.000Z</time>
        <extensions>
          <ns3:TrackPointExtension>
            <ns3:hr>143</ns3:hr>
            <ns3:cad>83</ns3:cad>
          </ns3:TrackPointExtension>
        </extensions>
      </trkpt>
      <trkpt lat="37.5036909990012645721435546875" lon="127.0601760037243366241455078125">
        <ele>51.799999237060546875</ele>
        <time>2026-08-09T11:55:29.000Z</time>
        <extensions>
          <ns3:TrackPointExtension>
            <ns3:hr>143</ns3:hr>
            <ns3:cad>83</ns3:cad>
          </ns3:TrackPointExtension>
        </extensions>
      </trkpt>
      <trkpt lat="37.50367842614650726318359375" lon="127.0601381175220012664794921875">
        <ele>51.59999847412109375</ele>
        <time>2026-08-09T11:55:30.000Z</time>
        <extensions>
          <ns3:TrackPointExtension>
            <ns3:hr>142</ns3:hr>
            <ns3:cad>83</ns3:cad>
          </ns3:TrackPointExtension>
        </extensions>
      </trkpt>
      <trkpt lat="37.503674067556858062744140625" lon="127.060109116137027740478515625">
        <ele>51.40000152587890625</ele>
        <time>2026-08-09T11:55:31.000Z</time>
        <extensions>
          <ns3:TrackPointExtension>
            <ns3:hr>142</ns3:hr>
            <ns3:cad>83</ns3:cad>
          </ns3:TrackPointExtension>
        </extensions>
      </trkpt>
      <trkpt lat="37.50366493128240108489990234375" lon="127.06006293185055255889892578125">
        <ele>51.40000152587890625</ele>
        <time>2026-08-09T11:55:32.000Z</time>
        <extensions>
          <ns3:TrackPointExtension>
            <ns3:hr>142</ns3:hr>
            <ns3:cad>82</ns3:cad>
          </ns3:TrackPointExtension>
        </extensions>
      </trkpt>
      <trkpt lat="37.50365772284567356109619140625" lon="127.060025967657566070556640625">
        <ele>51.200000762939453125</ele>
        <time>2026-08-09T11:55:33.000Z</time>
        <extensions>
          <ns3:TrackPointExtension>
            <ns3:hr>143</ns3:hr>
            <ns3:cad>82</ns3:cad>
          </ns3:TrackPointExtension>
        </extensions>
      </trkpt>
      <trkpt lat="37.5036482512950897216796875" lon="127.05998883582651615142822265625">
        <ele>51</ele>
        <time>2026-08-09T11:55:34.000Z</time>
        <extensions>
          <ns3:TrackPointExtension>
            <ns3:hr>142</ns3:hr>
            <ns3:cad>82</ns3:cad>
          </ns3:TrackPointExtension>
        </extensions>
      </trkpt>
      <trkpt lat="37.5036321580410003662109375" lon="127.0599517039954662322998046875">
        <ele>51</ele>
        <time>2026-08-09T11:55:35.000Z</time>
        <extensions>
          <ns3:TrackPointExtension>
            <ns3:hr>142</ns3:hr>
            <ns3:cad>82</ns3:cad>
          </ns3:TrackPointExtension>
        </extensions>
      </trkpt>
      <trkpt lat="37.50362084247171878814697265625" lon="127.059921361505985260009765625">
        <ele>51</ele>
        <time>2026-08-09T11:55:36.000Z</time>
        <extensions>
          <ns3:TrackPointExtension>
            <ns3:hr>143</ns3:hr>
            <ns3:cad>83</ns3:cad>
          </ns3:TrackPointExtension>
        </extensions>
      </trkpt>
      <trkpt lat="37.5036008097231388092041015625" lon="127.05988305620849132537841796875">
        <ele>50.799999237060546875</ele>
        <time>2026-08-09T11:55:37.000Z</time>
        <extensions>
          <ns3:TrackPointExtension>
            <ns3:hr>142</ns3:hr>
            <ns3:cad>83</ns3:cad>
          </ns3:TrackPointExtension>
        </extensions>
      </trkpt>
      <trkpt lat="37.50358362682163715362548828125" lon="127.05984550528228282928466796875">
        <ele>50.799999237060546875</ele>
        <time>2026-08-09T11:55:38.000Z</time>
        <extensions>
          <ns3:TrackPointExtension>
            <ns3:hr>142</ns3:hr>
            <ns3:cad>83</ns3:cad>
          </ns3:TrackPointExtension>
        </extensions>
      </trkpt>
      <trkpt lat="37.50356803648173809051513671875" lon="127.0598021708428859710693359375">
        <ele>50.59999847412109375</ele>
        <time>2026-08-09T11:55:39.000Z</time>
        <extensions>
          <ns3:TrackPointExtension>
            <ns3:hr>143</ns3:hr>
            <ns3:cad>84</ns3:cad>
          </ns3:TrackPointExtension>
        </extensions>
      </trkpt>
      <trkpt lat="37.50355781055986881256103515625" lon="127.05975808203220367431640625">
        <ele>50.59999847412109375</ele>
        <time>2026-08-09T11:55:40.000Z</time>
        <extensions>
          <ns3:TrackPointExtension>
            <ns3:hr>142</ns3:hr>
            <ns3:cad>84</ns3:cad>
          </ns3:TrackPointExtension>
        </extensions>
      </trkpt>
      <trkpt lat="37.5035409629344940185546875" lon="127.05972799099981784820556640625">
        <ele>50.40000152587890625</ele>
        <time>2026-08-09T11:55:41.000Z</time>
        <extensions>
          <ns3:TrackPointExtension>
            <ns3:hr>142</ns3:hr>
            <ns3:cad>84</ns3:cad>
          </ns3:TrackPointExtension>
        </extensions>
      </trkpt>
      <trkpt lat="37.50352662988007068634033203125" lon="127.05967937596142292022705078125">
        <ele>50.40000152587890625</ele>
        <time>2026-08-09T11:55:42.000Z</time>
        <extensions>
          <ns3:TrackPointExtension>
            <ns3:hr>143</ns3:hr>
            <ns3:cad>83</ns3:cad>
          </ns3:TrackPointExtension>
        </extensions>
      </trkpt>
      <trkpt lat="37.5035129673779010772705078125" lon="127.0596348680555820465087890625">
        <ele>50.200000762939453125</ele>
        <time>2026-08-09T11:55:43.000Z</time>
        <extensions>
          <ns3:TrackPointExtension>
            <ns3:hr>142</ns3:hr>
            <ns3:cad>83</ns3:cad>
          </ns3:TrackPointExtension>
        </extensions>
      </trkpt>
      <trkpt lat="37.50349645502865314483642578125" lon="127.0596003346145153045654296875">
        <ele>50.200000762939453125</ele>
        <time>2026-08-09T11:55:44.000Z</time>
        <extensions>
          <ns3:TrackPointExtension>
            <ns3:hr>142</ns3:hr>
            <ns3:cad>83</ns3:cad>
          </ns3:TrackPointExtension>
        </extensions>
      </trkpt>
      <trkpt lat="37.503480277955532073974609375" lon="127.0595495402812957763671875">
        <ele>50.200000762939453125</ele>
        <time>2026-08-09T11:55:45.000Z</time>
        <extensions>
          <ns3:TrackPointExtension>
            <ns3:hr>143</ns3:hr>
            <ns3:cad>83</ns3:cad>
          </ns3:TrackPointExtension>
        </extensions>
      </trkpt>
      <trkpt lat="37.50346695072948932647705078125" lon="127.05951659940183162689208984375">
        <ele>50.200000762939453125</ele>
        <time>2026-08-09T11:55:46.000Z</time>
        <extensions>
          <ns3:TrackPointExtension>
            <ns3:hr>143</ns3:hr>
            <ns3:cad>83</ns3:cad>
          </ns3:TrackPointExtension>
        </extensions>
      </trkpt>
      <trkpt lat="37.50345203094184398651123046875" lon="127.05947184003889560699462890625">
        <ele>50</ele>
        <time>2026-08-09T11:55:47.000Z</time>
        <extensions>
          <ns3:TrackPointExtension>
            <ns3:hr>143</ns3:hr>
            <ns3:cad>83</ns3:cad>
          </ns3:TrackPointExtension>
        </extensions>
      </trkpt>
      <trkpt lat="37.50342923216521739959716796875" lon="127.05942724831402301788330078125">
        <ele>50</ele>
        <time>2026-08-09T11:55:48.000Z</time>
        <extensions>
          <ns3:TrackPointExtension>
            <ns3:hr>142</ns3:hr>
            <ns3:cad>84</ns3:cad>
          </ns3:TrackPointExtension>
        </extensions>
      </trkpt>
      <trkpt lat="37.5034170784056186676025390625" lon="127.05938818864524364471435546875">
        <ele>49.799999237060546875</ele>
        <time>2026-08-09T11:55:49.000Z</time>
        <extensions>
          <ns3:TrackPointExtension>
            <ns3:hr>143</ns3:hr>
            <ns3:cad>84</ns3:cad>
          </ns3:TrackPointExtension>
        </extensions>
      </trkpt>
      <trkpt lat="37.50340341590344905853271484375" lon="127.059343345463275909423828125">
        <ele>49.799999237060546875</ele>
        <time>2026-08-09T11:55:50.000Z</time>
        <extensions>
          <ns3:TrackPointExtension>
            <ns3:hr>143</ns3:hr>
            <ns3:cad>84</ns3:cad>
          </ns3:TrackPointExtension>
        </extensions>
      </trkpt>
      <trkpt lat="37.50339168123900890350341796875" lon="127.05931744538247585296630859375">
        <ele>49.59999847412109375</ele>
        <time>2026-08-09T11:55:51.000Z</time>
        <extensions>
          <ns3:TrackPointExtension>
            <ns3:hr>142</ns3:hr>
            <ns3:cad>84</ns3:cad>
          </ns3:TrackPointExtension>
        </extensions>
      </trkpt>
      <trkpt lat="37.50338095240294933319091796875" lon="127.05927193164825439453125">
        <ele>49.59999847412109375</ele>
        <time>2026-08-09T11:55:52.000Z</time>
        <extensions>
          <ns3:TrackPointExtension>
            <ns3:hr>143</ns3:hr>
            <ns3:cad>84</ns3:cad>
          </ns3:TrackPointExtension>
        </extensions>
      </trkpt>
      <trkpt lat="37.50337156467139720916748046875" lon="127.05922893248498439788818359375">
        <ele>49.59999847412109375</ele>
        <time>2026-08-09T11:55:53.000Z</time>
        <extensions>
          <ns3:TrackPointExtension>
            <ns3:hr>143</ns3:hr>
            <ns3:cad>84</ns3:cad>
          </ns3:TrackPointExtension>
        </extensions>
      </trkpt>
      <trkpt lat="37.5033627636730670928955078125" lon="127.0591901242733001708984375">
        <ele>49.59999847412109375</ele>
        <time>2026-08-09T11:55:54.000Z</time>
        <extensions>
          <ns3:TrackPointExtension>
            <ns3:hr>143</ns3:hr>
            <ns3:cad>84</ns3:cad>
          </ns3:TrackPointExtension>
        </extensions>
      </trkpt>
      <trkpt lat="37.50334315001964569091796875" lon="127.0591450296342372894287109375">
        <ele>49.40000152587890625</ele>
        <time>2026-08-09T11:55:55.000Z</time>
        <extensions>
          <ns3:TrackPointExtension>
            <ns3:hr>143</ns3:hr>
            <ns3:cad>84</ns3:cad>
          </ns3:TrackPointExtension>
        </extensions>
      </trkpt>
      <trkpt lat="37.503326050937175750732421875" lon="127.05909549258649349212646484375">
        <ele>49.200000762939453125</ele>
        <time>2026-08-09T11:55:56.000Z</time>
        <extensions>
          <ns3:TrackPointExtension>
            <ns3:hr>143</ns3:hr>
            <ns3:cad>84</ns3:cad>
          </ns3:TrackPointExtension>
        </extensions>
      </trkpt>
      <trkpt lat="37.50330962240695953369140625" lon="127.05904436297714710235595703125">
        <ele>49.200000762939453125</ele>
        <time>2026-08-09T11:55:57.000Z</time>
        <extensions>
          <ns3:TrackPointExtension>
            <ns3:hr>143</ns3:hr>
            <ns3:cad>84</ns3:cad>
          </ns3:TrackPointExtension>
        </extensions>
      </trkpt>
      <trkpt lat="37.5032936967909336090087890625" lon="127.0589998550713062286376953125">
        <ele>49</ele>
        <time>2026-08-09T11:55:58.000Z</time>
        <extensions>
          <ns3:TrackPointExtension>
            <ns3:hr>143</ns3:hr>
            <ns3:cad>84</ns3:cad>
          </ns3:TrackPointExtension>
        </extensions>
      </trkpt>
      <trkpt lat="37.5032782740890979766845703125" lon="127.05896154977381229400634765625">
        <ele>49</ele>
        <time>2026-08-09T11:55:59.000Z</time>
        <extensions>
          <ns3:TrackPointExtension>
            <ns3:hr>143</ns3:hr>
            <ns3:cad>84</ns3:cad>
          </ns3:TrackPointExtension>
        </extensions>
      </trkpt>
      <trkpt lat="37.5032621808350086212158203125" lon="127.058916874229907989501953125">
        <ele>49</ele>
        <time>2026-08-09T11:56:00.000Z</time>
        <extensions>
          <ns3:TrackPointExtension>
            <ns3:hr>143</ns3:hr>
            <ns3:cad>84</ns3:cad>
          </ns3:TrackPointExtension>
        </extensions>
      </trkpt>
      <trkpt lat="37.5032511167228221893310546875" lon="127.05887739546597003936767578125">
        <ele>49</ele>
        <time>2026-08-09T11:56:01.000Z</time>
        <extensions>
          <ns3:TrackPointExtension>
            <ns3:hr>144</ns3:hr>
            <ns3:cad>84</ns3:cad>
          </ns3:TrackPointExtension>
        </extensions>
      </trkpt>
      <trkpt lat="37.50325388275086879730224609375" lon="127.05883196555078029632568359375">
        <ele>48.799999237060546875</ele>
        <time>2026-08-09T11:56:02.000Z</time>
        <extensions>
          <ns3:TrackPointExtension>
            <ns3:hr>144</ns3:hr>
            <ns3:cad>84</ns3:cad>
          </ns3:TrackPointExtension>
        </extensions>
      </trkpt>
      <trkpt lat="37.503263019025325775146484375" lon="127.05880044959485530853271484375">
        <ele>48.799999237060546875</ele>
        <time>2026-08-09T11:56:03.000Z</time>
        <extensions>
          <ns3:TrackPointExtension>
            <ns3:hr>144</ns3:hr>
            <ns3:cad>84</ns3:cad>
          </ns3:TrackPointExtension>
        </extensions>
      </trkpt>
      <trkpt lat="37.5032807886600494384765625" lon="127.058759294450283050537109375">
        <ele>48.799999237060546875</ele>
        <time>2026-08-09T11:56:04.000Z</time>
        <extensions>
          <ns3:TrackPointExtension>
            <ns3:hr>144</ns3:hr>
            <ns3:cad>83</ns3:cad>
          </ns3:TrackPointExtension>
        </extensions>
      </trkpt>
      <trkpt lat="37.50331406481564044952392578125" lon="127.0587329752743244171142578125">
        <ele>48.799999237060546875</ele>
        <time>2026-08-09T11:56:05.000Z</time>
        <extensions>
          <ns3:TrackPointExtension>
            <ns3:hr>144</ns3:hr>
            <ns3:cad>83</ns3:cad>
          </ns3:TrackPointExtension>
        </extensions>
      </trkpt>
      <trkpt lat="37.503341138362884521484375" lon="127.05870456062257289886474609375">
        <ele>48.799999237060546875</ele>
        <time>2026-08-09T11:56:06.000Z</time>
        <extensions>
          <ns3:TrackPointExtension>
            <ns3:hr>145</ns3:hr>
            <ns3:cad>83</ns3:cad>
          </ns3:TrackPointExtension>
        </extensions>
      </trkpt>
      <trkpt lat="37.5033812038600444793701171875" lon="127.05868142656981945037841796875">
        <ele>48.799999237060546875</ele>
        <time>2026-08-09T11:56:07.000Z</time>
        <extensions>
          <ns3:TrackPointExtension>
            <ns3:hr>144</ns3:hr>
            <ns3:cad>83</ns3:cad>
          </ns3:TrackPointExtension>
        </extensions>
      </trkpt>
      <trkpt lat="37.50341246835887432098388671875" lon="127.058665752410888671875">
        <ele>48.799999237060546875</ele>
        <time>2026-08-09T11:56:08.000Z</time>
        <extensions>
          <ns3:TrackPointExtension>
            <ns3:hr>144</ns3:hr>
            <ns3:cad>83</ns3:cad>
          </ns3:TrackPointExtension>
        </extensions>
      </trkpt>
      <trkpt lat="37.50344750471413135528564453125" lon="127.05865074880421161651611328125">
        <ele>48.799999237060546875</ele>
        <time>2026-08-09T11:56:09.000Z</time>
        <extensions>
          <ns3:TrackPointExtension>
            <ns3:hr>145</ns3:hr>
            <ns3:cad>83</ns3:cad>
          </ns3:TrackPointExtension>
        </extensions>
      </trkpt>
      <trkpt lat="37.50348321162164211273193359375" lon="127.0586427859961986541748046875">
        <ele>49</ele>
        <time>2026-08-09T11:56:10.000Z</time>
        <extensions>
          <ns3:TrackPointExtension>
            <ns3:hr>145</ns3:hr>
            <ns3:cad>83</ns3:cad>
          </ns3:TrackPointExtension>
        </extensions>
      </trkpt>
      <trkpt lat="37.5035109557211399078369140625" lon="127.05862945877015590667724609375">
        <ele>49</ele>
        <time>2026-08-09T11:56:11.000Z</time>
        <extensions>
          <ns3:TrackPointExtension>
            <ns3:hr>145</ns3:hr>
            <ns3:cad>83</ns3:cad>
          </ns3:TrackPointExtension>
        </extensions>
      </trkpt>
      <trkpt lat="37.503543980419635772705078125" lon="127.058621160686016082763671875">
        <ele>49.200000762939453125</ele>
        <time>2026-08-09T11:56:12.000Z</time>
        <extensions>
          <ns3:TrackPointExtension>
            <ns3:hr>145</ns3:hr>
            <ns3:cad>83</ns3:cad>
          </ns3:TrackPointExtension>
        </extensions>
      </trkpt>
      <trkpt lat="37.50356954522430896759033203125" lon="127.058609426021575927734375">
        <ele>49.40000152587890625</ele>
        <time>2026-08-09T11:56:13.000Z</time>
        <extensions>
          <ns3:TrackPointExtension>
            <ns3:hr>146</ns3:hr>
            <ns3:cad>84</ns3:cad>
          </ns3:TrackPointExtension>
        </extensions>
      </trkpt>
      <trkpt lat="37.50359519384801387786865234375" lon="127.0585951767861843109130859375">
        <ele>49.40000152587890625</ele>
        <time>2026-08-09T11:56:14.000Z</time>
        <extensions>
          <ns3:TrackPointExtension>
            <ns3:hr>146</ns3:hr>
            <ns3:cad>84</ns3:cad>
          </ns3:TrackPointExtension>
        </extensions>
      </trkpt>
      <trkpt lat="37.5036313198506832122802734375" lon="127.05857967026531696319580078125">
        <ele>49.40000152587890625</ele>
        <time>2026-08-09T11:56:15.000Z</time>
        <extensions>
          <ns3:TrackPointExtension>
            <ns3:hr>146</ns3:hr>
            <ns3:cad>84</ns3:cad>
          </ns3:TrackPointExtension>
        </extensions>
      </trkpt>
      <trkpt lat="37.503659985959529876708984375" lon="127.0585686899721622467041015625">
        <ele>49.40000152587890625</ele>
        <time>2026-08-09T11:56:16.000Z</time>
        <extensions>
          <ns3:TrackPointExtension>
            <ns3:hr>146</ns3:hr>
            <ns3:cad>84</ns3:cad>
          </ns3:TrackPointExtension>
        </extensions>
      </trkpt>
      <trkpt lat="37.50369544140994548797607421875" lon="127.05854815430939197540283203125">
        <ele>49.40000152587890625</ele>
        <time>2026-08-09T11:56:17.000Z</time>
        <extensions>
          <ns3:TrackPointExtension>
            <ns3:hr>147</ns3:hr>
            <ns3:cad>83</ns3:cad>
          </ns3:TrackPointExtension>
        </extensions>
      </trkpt>
      <trkpt lat="37.50373072922229766845703125" lon="127.0585264451801776885986328125">
        <ele>49.40000152587890625</ele>
        <time>2026-08-09T11:56:18.000Z</time>
        <extensions>
          <ns3:TrackPointExtension>
            <ns3:hr>147</ns3:hr>
            <ns3:cad>83</ns3:cad>
          </ns3:TrackPointExtension>
        </extensions>
      </trkpt>
      <trkpt lat="37.50376316718757152557373046875" lon="127.0585039816796779632568359375">
        <ele>49.59999847412109375</ele>
        <time>2026-08-09T11:56:19.000Z</time>
        <extensions>
          <ns3:TrackPointExtension>
            <ns3:hr>147</ns3:hr>
            <ns3:cad>84</ns3:cad>
          </ns3:TrackPointExtension>
        </extensions>
      </trkpt>
      <trkpt lat="37.50380239449441432952880859375" lon="127.058490402996540069580078125">
        <ele>49.59999847412109375</ele>
        <time>2026-08-09T11:56:20.000Z</time>
        <extensions>
          <ns3:TrackPointExtension>
            <ns3:hr>147</ns3:hr>
            <ns3:cad>84</ns3:cad>
          </ns3:TrackPointExtension>
        </extensions>
      </trkpt>
      <trkpt lat="37.50382938422262668609619140625" lon="127.0584724657237529754638671875">
        <ele>49.59999847412109375</ele>
        <time>2026-08-09T11:56:21.000Z</time>
        <extensions>
          <ns3:TrackPointExtension>
            <ns3:hr>148</ns3:hr>
            <ns3:cad>84</ns3:cad>
          </ns3:TrackPointExtension>
        </extensions>
      </trkpt>
      <trkpt lat="37.5038601458072662353515625" lon="127.05845360644161701202392578125">
        <ele>49.59999847412109375</ele>
        <time>2026-08-09T11:56:22.000Z</time>
        <extensions>
          <ns3:TrackPointExtension>
            <ns3:hr>148</ns3:hr>
            <ns3:cad>84</ns3:cad>
          </ns3:TrackPointExtension>
        </extensions>
      </trkpt>
      <trkpt lat="37.50389476306736469268798828125" lon="127.0584332384169101715087890625">
        <ele>49.40000152587890625</ele>
        <time>2026-08-09T11:56:23.000Z</time>
        <extensions>
          <ns3:TrackPointExtension>
            <ns3:hr>148</ns3:hr>
            <ns3:cad>84</ns3:cad>
          </ns3:TrackPointExtension>
        </extensions>
      </trkpt>
      <trkpt lat="37.50392158515751361846923828125" lon="127.05840934999287128448486328125">
        <ele>49.200000762939453125</ele>
        <time>2026-08-09T11:56:24.000Z</time>
        <extensions>
          <ns3:TrackPointExtension>
            <ns3:hr>148</ns3:hr>
            <ns3:cad>84</ns3:cad>
          </ns3:TrackPointExtension>
        </extensions>
      </trkpt>
      <trkpt lat="37.50395243056118488311767578125" lon="127.05839174799621105194091796875">
        <ele>49.200000762939453125</ele>
        <time>2026-08-09T11:56:25.000Z</time>
        <extensions>
          <ns3:TrackPointExtension>
            <ns3:hr>147</ns3:hr>
            <ns3:cad>83</ns3:cad>
          </ns3:TrackPointExtension>
        </extensions>
      </trkpt>
      <trkpt lat="37.5039776600897312164306640625" lon="127.058371715247631072998046875">
        <ele>49</ele>
        <time>2026-08-09T11:56:26.000Z</time>
        <extensions>
          <ns3:TrackPointExtension>
            <ns3:hr>148</ns3:hr>
            <ns3:cad>83</ns3:cad>
          </ns3:TrackPointExtension>
        </extensions>
      </trkpt>
      <trkpt lat="37.504011355340480804443359375" lon="127.058346234261989593505859375">
        <ele>48.59999847412109375</ele>
        <time>2026-08-09T11:56:27.000Z</time>
        <extensions>
          <ns3:TrackPointExtension>
            <ns3:hr>148</ns3:hr>
            <ns3:cad>83</ns3:cad>
          </ns3:TrackPointExtension>
        </extensions>
      </trkpt>
      <trkpt lat="37.50403993763029575347900390625" lon="127.05832636915147304534912109375">
        <ele>48.200000762939453125</ele>
        <time>2026-08-09T11:56:28.000Z</time>
        <extensions>
          <ns3:TrackPointExtension>
            <ns3:hr>148</ns3:hr>
            <ns3:cad>83</ns3:cad>
          </ns3:TrackPointExtension>
        </extensions>
      </trkpt>
      <trkpt lat="37.5040651671588420867919921875" lon="127.05831061117351055145263671875">
        <ele>47.799999237060546875</ele>
        <time>2026-08-09T11:56:29.000Z</time>
        <extensions>
          <ns3:TrackPointExtension>
            <ns3:hr>148</ns3:hr>
            <ns3:cad>82</ns3:cad>
          </ns3:TrackPointExtension>
        </extensions>
      </trkpt>
      <trkpt lat="37.5040953420102596282958984375" lon="127.05829435028135776519775390625">
        <ele>47.40000152587890625</ele>
        <time>2026-08-09T11:56:30.000Z</time>
        <extensions>
          <ns3:TrackPointExtension>
            <ns3:hr>148</ns3:hr>
            <ns3:cad>82</ns3:cad>
          </ns3:TrackPointExtension>
        </extensions>
      </trkpt>
      <trkpt lat="37.50412233173847198486328125" lon="127.05828328616917133331298828125">
        <ele>47</ele>
        <time>2026-08-09T11:56:31.000Z</time>
        <extensions>
          <ns3:TrackPointExtension>
            <ns3:hr>147</ns3:hr>
            <ns3:cad>84</ns3:cad>
          </ns3:TrackPointExtension>
        </extensions>
      </trkpt>
      <trkpt lat="37.50415544025599956512451171875" lon="127.058273144066333770751953125">
        <ele>46.59999847412109375</ele>
        <time>2026-08-09T11:56:32.000Z</time>
        <extensions>
          <ns3:TrackPointExtension>
            <ns3:hr>148</ns3:hr>
            <ns3:cad>84</ns3:cad>
          </ns3:TrackPointExtension>
        </extensions>
      </trkpt>
      <trkpt lat="37.5041868723928928375244140625" lon="127.05826233141124248504638671875">
        <ele>46.40000152587890625</ele>
        <time>2026-08-09T11:56:33.000Z</time>
        <extensions>
          <ns3:TrackPointExtension>
            <ns3:hr>148</ns3:hr>
            <ns3:cad>84</ns3:cad>
          </ns3:TrackPointExtension>
        </extensions>
      </trkpt>
      <trkpt lat="37.504210174083709716796875" lon="127.05824623815715312957763671875">
        <ele>46</ele>
        <time>2026-08-09T11:56:34.000Z</time>
        <extensions>
          <ns3:TrackPointExtension>
            <ns3:hr>148</ns3:hr>
            <ns3:cad>84</ns3:cad>
          </ns3:TrackPointExtension>
        </extensions>
      </trkpt>
      <trkpt lat="37.50423909164965152740478515625" lon="127.05823802389204502105712890625">
        <ele>45.799999237060546875</ele>
        <time>2026-08-09T11:56:35.000Z</time>
        <extensions>
          <ns3:TrackPointExtension>
            <ns3:hr>147</ns3:hr>
            <ns3:cad>84</ns3:cad>
          </ns3:TrackPointExtension>
        </extensions>
      </trkpt>
      <trkpt lat="37.504263482987880706787109375" lon="127.058226875960826873779296875">
        <ele>45.40000152587890625</ele>
        <time>2026-08-09T11:56:36.000Z</time>
        <extensions>
          <ns3:TrackPointExtension>
            <ns3:hr>148</ns3:hr>
            <ns3:cad>84</ns3:cad>
          </ns3:TrackPointExtension>
        </extensions>
      </trkpt>
      <trkpt lat="37.504290305078029632568359375" lon="127.0582153089344501495361328125">
        <ele>45.200000762939453125</ele>
        <time>2026-08-09T11:56:37.000Z</time>
        <extensions>
          <ns3:TrackPointExtension>
            <ns3:hr>147</ns3:hr>
            <ns3:cad>83</ns3:cad>
          </ns3:TrackPointExtension>
        </extensions>
      </trkpt>
      <trkpt lat="37.50432861037552356719970703125" lon="127.0582057535648345947265625">
        <ele>44.799999237060546875</ele>
        <time>2026-08-09T11:56:38.000Z</time>
        <extensions>
          <ns3:TrackPointExtension>
            <ns3:hr>147</ns3:hr>
            <ns3:cad>83</ns3:cad>
          </ns3:TrackPointExtension>
        </extensions>
      </trkpt>
      <trkpt lat="37.5043563544750213623046875" lon="127.058190666139125823974609375">
        <ele>44.59999847412109375</ele>
        <time>2026-08-09T11:56:39.000Z</time>
        <extensions>
          <ns3:TrackPointExtension>
            <ns3:hr>147</ns3:hr>
            <ns3:cad>83</ns3:cad>
          </ns3:TrackPointExtension>
        </extensions>
      </trkpt>
      <trkpt lat="37.50439046882092952728271484375" lon="127.0581784285604953765869140625">
        <ele>44.40000152587890625</ele>
        <time>2026-08-09T11:56:40.000Z</time>
        <extensions>
          <ns3:TrackPointExtension>
            <ns3:hr>148</ns3:hr>
            <ns3:cad>83</ns3:cad>
          </ns3:TrackPointExtension>
        </extensions>
      </trkpt>
      <trkpt lat="37.5044182129204273223876953125" lon="127.058164514601230621337890625">
        <ele>44.200000762939453125</ele>
        <time>2026-08-09T11:56:41.000Z</time>
        <extensions>
          <ns3:TrackPointExtension>
            <ns3:hr>147</ns3:hr>
            <ns3:cad>83</ns3:cad>
          </ns3:TrackPointExtension>
        </extensions>
      </trkpt>
      <trkpt lat="37.50444813631474971771240234375" lon="127.058147080242633819580078125">
        <ele>43.799999237060546875</ele>
        <time>2026-08-09T11:56:42.000Z</time>
        <extensions>
          <ns3:TrackPointExtension>
            <ns3:hr>147</ns3:hr>
            <ns3:cad>83</ns3:cad>
          </ns3:TrackPointExtension>
        </extensions>
      </trkpt>
      <trkpt lat="37.50448132865130901336669921875" lon="127.05812755040824413299560546875">
        <ele>43.40000152587890625</ele>
        <time>2026-08-09T11:56:43.000Z</time>
        <extensions>
          <ns3:TrackPointExtension>
            <ns3:hr>147</ns3:hr>
            <ns3:cad>83</ns3:cad>
          </ns3:TrackPointExtension>
        </extensions>
      </trkpt>
      <trkpt lat="37.50450580380856990814208984375" lon="127.0581086911261081695556640625">
        <ele>43.200000762939453125</ele>
        <time>2026-08-09T11:56:44.000Z</time>
        <extensions>
          <ns3:TrackPointExtension>
            <ns3:hr>147</ns3:hr>
            <ns3:cad>83</ns3:cad>
          </ns3:TrackPointExtension>
        </extensions>
      </trkpt>
      <trkpt lat="37.5045389123260974884033203125" lon="127.05808949656784534454345703125">
        <ele>42.799999237060546875</ele>
        <time>2026-08-09T11:56:45.000Z</time>
        <extensions>
          <ns3:TrackPointExtension>
            <ns3:hr>147</ns3:hr>
            <ns3:cad>83</ns3:cad>
          </ns3:TrackPointExtension>
        </extensions>
      </trkpt>
      <trkpt lat="37.50457319431006908416748046875" lon="127.05807306803762912750244140625">
        <ele>42.59999847412109375</ele>
        <time>2026-08-09T11:56:46.000Z</time>
        <extensions>
          <ns3:TrackPointExtension>
            <ns3:hr>147</ns3:hr>
            <ns3:cad>83</ns3:cad>
          </ns3:TrackPointExtension>
        </extensions>
      </trkpt>
      <trkpt lat="37.50460437498986721038818359375" lon="127.05805680714547634124755859375">
        <ele>42.40000152587890625</ele>
        <time>2026-08-09T11:56:47.000Z</time>
        <extensions>
          <ns3:TrackPointExtension>
            <ns3:hr>147</ns3:hr>
            <ns3:cad>83</ns3:cad>
          </ns3:TrackPointExtension>
        </extensions>
      </trkpt>
      <trkpt lat="37.5046425126492977142333984375" lon="127.0580409653484821319580078125">
        <ele>42.40000152587890625</ele>
        <time>2026-08-09T11:56:48.000Z</time>
        <extensions>
          <ns3:TrackPointExtension>
            <ns3:hr>147</ns3:hr>
            <ns3:cad>83</ns3:cad>
          </ns3:TrackPointExtension>
        </extensions>
      </trkpt>
      <trkpt lat="37.504665143787860870361328125" lon="127.0580195076763629913330078125">
        <ele>42.40000152587890625</ele>
        <time>2026-08-09T11:56:49.000Z</time>
        <extensions>
          <ns3:TrackPointExtension>
            <ns3:hr>147</ns3:hr>
            <ns3:cad>83</ns3:cad>
          </ns3:TrackPointExtension>
        </extensions>
      </trkpt>
      <trkpt lat="37.5046961568295955657958984375" lon="127.05799461342394351959228515625">
        <ele>42.40000152587890625</ele>
        <time>2026-08-09T11:56:50.000Z</time>
        <extensions>
          <ns3:TrackPointExtension>
            <ns3:hr>146</ns3:hr>
            <ns3:cad>83</ns3:cad>
          </ns3:TrackPointExtension>
        </extensions>
      </trkpt>
      <trkpt lat="37.50472909770905971527099609375" lon="127.05797852016985416412353515625">
        <ele>42.200000762939453125</ele>
        <time>2026-08-09T11:56:51.000Z</time>
        <extensions>
          <ns3:TrackPointExtension>
            <ns3:hr>146</ns3:hr>
            <ns3:cad>83</ns3:cad>
          </ns3:TrackPointExtension>
        </extensions>
      </trkpt>
      <trkpt lat="37.5047555007040500640869140625" lon="127.0579571463167667388916015625">
        <ele>42</ele>
        <time>2026-08-09T11:56:52.000Z</time>
        <extensions>
          <ns3:TrackPointExtension>
            <ns3:hr>146</ns3:hr>
            <ns3:cad>83</ns3:cad>
          </ns3:TrackPointExtension>
        </extensions>
      </trkpt>
      <trkpt lat="37.50477888621389865875244140625" lon="127.05794130451977252960205078125">
        <ele>41.59999847412109375</ele>
        <time>2026-08-09T11:56:53.000Z</time>
        <extensions>
          <ns3:TrackPointExtension>
            <ns3:hr>147</ns3:hr>
            <ns3:cad>83</ns3:cad>
          </ns3:TrackPointExtension>
        </extensions>
      </trkpt>
      <trkpt lat="37.50481031835079193115234375" lon="127.05792621709406375885009765625">
        <ele>41.40000152587890625</ele>
        <time>2026-08-09T11:56:54.000Z</time>
        <extensions>
          <ns3:TrackPointExtension>
            <ns3:hr>146</ns3:hr>
            <ns3:cad>83</ns3:cad>
          </ns3:TrackPointExtension>
        </extensions>
      </trkpt>
      <trkpt lat="37.50484560616314411163330078125" lon="127.05790542997419834136962890625">
        <ele>41</ele>
        <time>2026-08-09T11:56:55.000Z</time>
        <extensions>
          <ns3:TrackPointExtension>
            <ns3:hr>146</ns3:hr>
            <ns3:cad>83</ns3:cad>
          </ns3:TrackPointExtension>
        </extensions>
      </trkpt>
      <trkpt lat="37.50488198362290859222412109375" lon="127.0578988082706928253173828125">
        <ele>40.59999847412109375</ele>
        <time>2026-08-09T11:56:56.000Z</time>
        <extensions>
          <ns3:TrackPointExtension>
            <ns3:hr>146</ns3:hr>
            <ns3:cad>83</ns3:cad>
          </ns3:TrackPointExtension>
        </extensions>
      </trkpt>
      <trkpt lat="37.50490997917950153350830078125" lon="127.0578884147107601165771484375">
        <ele>40.40000152587890625</ele>
        <time>2026-08-09T11:56:57.000Z</time>
        <extensions>
          <ns3:TrackPointExtension>
            <ns3:hr>145</ns3:hr>
            <ns3:cad>83</ns3:cad>
          </ns3:TrackPointExtension>
        </extensions>
      </trkpt>
      <trkpt lat="37.5049486197531223297119140625" lon="127.0578796975314617156982421875">
        <ele>40.200000762939453125</ele>
        <time>2026-08-09T11:56:58.000Z</time>
        <extensions>
          <ns3:TrackPointExtension>
            <ns3:hr>145</ns3:hr>
            <ns3:cad>83</ns3:cad>
          </ns3:TrackPointExtension>
        </extensions>
      </trkpt>
      <trkpt lat="37.50498608686029911041259765625" lon="127.05786486156284809112548828125">
        <ele>39.799999237060546875</ele>
        <time>2026-08-09T11:56:59.000Z</time>
        <extensions>
          <ns3:TrackPointExtension>
            <ns3:hr>145</ns3:hr>
            <ns3:cad>83</ns3:cad>
          </ns3:TrackPointExtension>
        </extensions>
      </trkpt>
      <trkpt lat="37.50502715818583965301513671875" lon="127.05784290097653865814208984375">
        <ele>39.799999237060546875</ele>
        <time>2026-08-09T11:57:00.000Z</time>
        <extensions>
          <ns3:TrackPointExtension>
            <ns3:hr>145</ns3:hr>
            <ns3:cad>83</ns3:cad>
          </ns3:TrackPointExtension>
        </extensions>
      </trkpt>
      <trkpt lat="37.50505884177982807159423828125" lon="127.05781884491443634033203125">
        <ele>39.40000152587890625</ele>
        <time>2026-08-09T11:57:01.000Z</time>
        <extensions>
          <ns3:TrackPointExtension>
            <ns3:hr>145</ns3:hr>
            <ns3:cad>83</ns3:cad>
          </ns3:TrackPointExtension>
        </extensions>
      </trkpt>
      <trkpt lat="37.50508792698383331298828125" lon="127.057796381413936614990234375">
        <ele>39.200000762939453125</ele>
        <time>2026-08-09T11:57:02.000Z</time>
        <extensions>
          <ns3:TrackPointExtension>
            <ns3:hr>144</ns3:hr>
            <ns3:cad>83</ns3:cad>
          </ns3:TrackPointExtension>
        </extensions>
      </trkpt>
      <trkpt lat="37.50511818565428256988525390625" lon="127.05776712857186794281005859375">
        <ele>39</ele>
        <time>2026-08-09T11:57:03.000Z</time>
        <extensions>
          <ns3:TrackPointExtension>
            <ns3:hr>144</ns3:hr>
            <ns3:cad>83</ns3:cad>
          </ns3:TrackPointExtension>
        </extensions>
      </trkpt>
      <trkpt lat="37.50515338964760303497314453125" lon="127.0577472634613513946533203125">
        <ele>38.799999237060546875</ele>
        <time>2026-08-09T11:57:04.000Z</time>
        <extensions>
          <ns3:TrackPointExtension>
            <ns3:hr>144</ns3:hr>
            <ns3:cad>83</ns3:cad>
          </ns3:TrackPointExtension>
        </extensions>
      </trkpt>
      <trkpt lat="37.505178786814212799072265625" lon="127.05772723071277141571044921875">
        <ele>38.799999237060546875</ele>
        <time>2026-08-09T11:57:05.000Z</time>
        <extensions>
          <ns3:TrackPointExtension>
            <ns3:hr>144</ns3:hr>
            <ns3:cad>83</ns3:cad>
          </ns3:TrackPointExtension>
        </extensions>
      </trkpt>
      <trkpt lat="37.5052111409604549407958984375" lon="127.05770258791744709014892578125">
        <ele>38.40000152587890625</ele>
        <time>2026-08-09T11:57:06.000Z</time>
        <extensions>
          <ns3:TrackPointExtension>
            <ns3:hr>144</ns3:hr>
            <ns3:cad>82</ns3:cad>
          </ns3:TrackPointExtension>
        </extensions>
      </trkpt>
      <trkpt lat="37.50523922033607959747314453125" lon="127.05768934451043605804443359375">
        <ele>38</ele>
        <time>2026-08-09T11:57:07.000Z</time>
        <extensions>
          <ns3:TrackPointExtension>
            <ns3:hr>144</ns3:hr>
            <ns3:cad>82</ns3:cad>
          </ns3:TrackPointExtension>
        </extensions>
      </trkpt>
      <trkpt lat="37.505278699100017547607421875" lon="127.05767107196152210235595703125">
        <ele>37.59999847412109375</ele>
        <time>2026-08-09T11:57:08.000Z</time>
        <extensions>
          <ns3:TrackPointExtension>
            <ns3:hr>144</ns3:hr>
            <ns3:cad>82</ns3:cad>
          </ns3:TrackPointExtension>
        </extensions>
      </trkpt>
      <trkpt lat="37.505316250026226043701171875" lon="127.05765699036419391632080078125">
        <ele>37.200000762939453125</ele>
        <time>2026-08-09T11:57:09.000Z</time>
        <extensions>
          <ns3:TrackPointExtension>
            <ns3:hr>144</ns3:hr>
            <ns3:cad>84</ns3:cad>
          </ns3:TrackPointExtension>
        </extensions>
      </trkpt>
      <trkpt lat="37.5053475983440876007080078125" lon="127.0576339401304721832275390625">
        <ele>37</ele>
        <time>2026-08-09T11:57:10.000Z</time>
        <extensions>
          <ns3:TrackPointExtension>
            <ns3:hr>144</ns3:hr>
            <ns3:cad>84</ns3:cad>
          </ns3:TrackPointExtension>
        </extensions>
      </trkpt>
      <trkpt lat="37.505385316908359527587890625" lon="127.0576141588389873504638671875">
        <ele>36.799999237060546875</ele>
        <time>2026-08-09T11:57:11.000Z</time>
        <extensions>
          <ns3:TrackPointExtension>
            <ns3:hr>144</ns3:hr>
            <ns3:cad>84</ns3:cad>
          </ns3:TrackPointExtension>
        </extensions>
      </trkpt>
      <trkpt lat="37.5054183416068553924560546875" lon="127.05759865231812000274658203125">
        <ele>36.59999847412109375</ele>
        <time>2026-08-09T11:57:12.000Z</time>
        <extensions>
          <ns3:TrackPointExtension>
            <ns3:hr>144</ns3:hr>
            <ns3:cad>84</ns3:cad>
          </ns3:TrackPointExtension>
        </extensions>
      </trkpt>
      <trkpt lat="37.50545136630535125732421875" lon="127.05758624710142612457275390625">
        <ele>36.40000152587890625</ele>
        <time>2026-08-09T11:57:13.000Z</time>
        <extensions>
          <ns3:TrackPointExtension>
            <ns3:hr>144</ns3:hr>
            <ns3:cad>83</ns3:cad>
          </ns3:TrackPointExtension>
        </extensions>
      </trkpt>
      <trkpt lat="37.5054989755153656005859375" lon="127.0575880073010921478271484375">
        <ele>36.200000762939453125</ele>
        <time>2026-08-09T11:57:14.000Z</time>
        <extensions>
          <ns3:TrackPointExtension>
            <ns3:hr>144</ns3:hr>
            <ns3:cad>83</ns3:cad>
          </ns3:TrackPointExtension>
        </extensions>
      </trkpt>
      <trkpt lat="37.50552772544324398040771484375" lon="127.0575766079127788543701171875">
        <ele>35.799999237060546875</ele>
        <time>2026-08-09T11:57:15.000Z</time>
        <extensions>
          <ns3:TrackPointExtension>
            <ns3:hr>144</ns3:hr>
            <ns3:cad>82</ns3:cad>
          </ns3:TrackPointExtension>
        </extensions>
      </trkpt>
      <trkpt lat="37.50557097606360912322998046875" lon="127.05757015384733676910400390625">
        <ele>35.200000762939453125</ele>
        <time>2026-08-09T11:57:16.000Z</time>
        <extensions>
          <ns3:TrackPointExtension>
            <ns3:hr>144</ns3:hr>
            <ns3:cad>82</ns3:cad>
          </ns3:TrackPointExtension>
        </extensions>
      </trkpt>
      <trkpt lat="37.50560081563889980316162109375" lon="127.057556323707103729248046875">
        <ele>34.799999237060546875</ele>
        <time>2026-08-09T11:57:17.000Z</time>
        <extensions>
          <ns3:TrackPointExtension>
            <ns3:hr>144</ns3:hr>
            <ns3:cad>82</ns3:cad>
          </ns3:TrackPointExtension>
        </extensions>
      </trkpt>
      <trkpt lat="37.50563467852771282196044921875" lon="127.05754031427204608917236328125">
        <ele>34.40000152587890625</ele>
        <time>2026-08-09T11:57:18.000Z</time>
        <extensions>
          <ns3:TrackPointExtension>
            <ns3:hr>144</ns3:hr>
            <ns3:cad>83</ns3:cad>
          </ns3:TrackPointExtension>
        </extensions>
      </trkpt>
      <trkpt lat="37.50566937960684299468994140625" lon="127.05752355046570301055908203125">
        <ele>34</ele>
        <time>2026-08-09T11:57:19.000Z</time>
        <extensions>
          <ns3:TrackPointExtension>
            <ns3:hr>144</ns3:hr>
            <ns3:cad>83</ns3:cad>
          </ns3:TrackPointExtension>
        </extensions>
      </trkpt>
      <trkpt lat="37.5056925974786281585693359375" lon="127.05750376917421817779541015625">
        <ele>33.59999847412109375</ele>
        <time>2026-08-09T11:57:20.000Z</time>
        <extensions>
          <ns3:TrackPointExtension>
            <ns3:hr>144</ns3:hr>
            <ns3:cad>83</ns3:cad>
          </ns3:TrackPointExtension>
        </extensions>
      </trkpt>
      <trkpt lat="37.50572738237679004669189453125" lon="127.0574790425598621368408203125">
        <ele>33.59999847412109375</ele>
        <time>2026-08-09T11:57:21.000Z</time>
        <extensions>
          <ns3:TrackPointExtension>
            <ns3:hr>143</ns3:hr>
            <ns3:cad>83</ns3:cad>
          </ns3:TrackPointExtension>
        </extensions>
      </trkpt>
      <trkpt lat="37.50575621612370014190673828125" lon="127.057460434734821319580078125">
        <ele>33.40000152587890625</ele>
        <time>2026-08-09T11:57:22.000Z</time>
        <extensions>
          <ns3:TrackPointExtension>
            <ns3:hr>144</ns3:hr>
            <ns3:cad>84</ns3:cad>
          </ns3:TrackPointExtension>
        </extensions>
      </trkpt>
      <trkpt lat="37.50579066574573516845703125" lon="127.05744065344333648681640625">
        <ele>33.200000762939453125</ele>
        <time>2026-08-09T11:57:23.000Z</time>
        <extensions>
          <ns3:TrackPointExtension>
            <ns3:hr>144</ns3:hr>
            <ns3:cad>84</ns3:cad>
          </ns3:TrackPointExtension>
        </extensions>
      </trkpt>
      <trkpt lat="37.50582419335842132568359375" lon="127.057423889636993408203125">
        <ele>33.200000762939453125</ele>
        <time>2026-08-09T11:57:24.000Z</time>
        <extensions>
          <ns3:TrackPointExtension>
            <ns3:hr>143</ns3:hr>
            <ns3:cad>84</ns3:cad>
          </ns3:TrackPointExtension>
        </extensions>
      </trkpt>
      <trkpt lat="37.50584967434406280517578125" lon="127.05740536563098430633544921875">
        <ele>33</ele>
        <time>2026-08-09T11:57:25.000Z</time>
        <extensions>
          <ns3:TrackPointExtension>
            <ns3:hr>143</ns3:hr>
            <ns3:cad>84</ns3:cad>
          </ns3:TrackPointExtension>
        </extensions>
      </trkpt>
      <trkpt lat="37.50588999129831790924072265625" lon="127.0573876798152923583984375">
        <ele>33</ele>
        <time>2026-08-09T11:57:26.000Z</time>
        <extensions>
          <ns3:TrackPointExtension>
            <ns3:hr>143</ns3:hr>
            <ns3:cad>84</ns3:cad>
          </ns3:TrackPointExtension>
        </extensions>
      </trkpt>
      <trkpt lat="37.5059225969016551971435546875" lon="127.05736957490444183349609375">
        <ele>32.799999237060546875</ele>
        <time>2026-08-09T11:57:27.000Z</time>
        <extensions>
          <ns3:TrackPointExtension>
            <ns3:hr>143</ns3:hr>
            <ns3:cad>84</ns3:cad>
          </ns3:TrackPointExtension>
        </extensions>
      </trkpt>
      <trkpt lat="37.50595704652369022369384765625" lon="127.05735004507005214691162109375">
        <ele>32.59999847412109375</ele>
        <time>2026-08-09T11:57:28.000Z</time>
        <extensions>
          <ns3:TrackPointExtension>
            <ns3:hr>142</ns3:hr>
            <ns3:cad>83</ns3:cad>
          </ns3:TrackPointExtension>
        </extensions>
      </trkpt>
      <trkpt lat="37.50599183142185211181640625" lon="127.05733428709208965301513671875">
        <ele>32.59999847412109375</ele>
        <time>2026-08-09T11:57:29.000Z</time>
        <extensions>
          <ns3:TrackPointExtension>
            <ns3:hr>142</ns3:hr>
            <ns3:cad>83</ns3:cad>
          </ns3:TrackPointExtension>
        </extensions>
      </trkpt>
      <trkpt lat="37.50602401793003082275390625" lon="127.0573137514293193817138671875">
        <ele>32.40000152587890625</ele>
        <time>2026-08-09T11:57:30.000Z</time>
        <extensions>
          <ns3:TrackPointExtension>
            <ns3:hr>142</ns3:hr>
            <ns3:cad>83</ns3:cad>
          </ns3:TrackPointExtension>
        </extensions>
      </trkpt>
      <trkpt lat="37.5060647539794445037841796875" lon="127.0573026873171329498291015625">
        <ele>32.40000152587890625</ele>
        <time>2026-08-09T11:57:31.000Z</time>
        <extensions>
          <ns3:TrackPointExtension>
            <ns3:hr>141</ns3:hr>
            <ns3:cad>83</ns3:cad>
          </ns3:TrackPointExtension>
        </extensions>
      </trkpt>
      <trkpt lat="37.5060882233083248138427734375" lon="127.05728332512080669403076171875">
        <ele>32.40000152587890625</ele>
        <time>2026-08-09T11:57:32.000Z</time>
        <extensions>
          <ns3:TrackPointExtension>
            <ns3:hr>140</ns3:hr>
            <ns3:cad>83</ns3:cad>
          </ns3:TrackPointExtension>
        </extensions>
      </trkpt>
      <trkpt lat="37.50612317584455013275146484375" lon="127.05726807005703449249267578125">
        <ele>32.40000152587890625</ele>
        <time>2026-08-09T11:57:33.000Z</time>
        <extensions>
          <ns3:TrackPointExtension>
            <ns3:hr>140</ns3:hr>
            <ns3:cad>85</ns3:cad>
          </ns3:TrackPointExtension>
        </extensions>
      </trkpt>
      <trkpt lat="37.5061562843620777130126953125" lon="127.05725097097456455230712890625">
        <ele>32.40000152587890625</ele>
        <time>2026-08-09T11:57:34.000Z</time>
        <extensions>
          <ns3:TrackPointExtension>
            <ns3:hr>140</ns3:hr>
            <ns3:cad>85</ns3:cad>
          </ns3:TrackPointExtension>
        </extensions>
      </trkpt>
      <trkpt lat="37.5061904825270175933837890625" lon="127.0572369731962680816650390625">
        <ele>32.40000152587890625</ele>
        <time>2026-08-09T11:57:35.000Z</time>
        <extensions>
          <ns3:TrackPointExtension>
            <ns3:hr>140</ns3:hr>
            <ns3:cad>85</ns3:cad>
          </ns3:TrackPointExtension>
        </extensions>
      </trkpt>
      <trkpt lat="37.50622577033936977386474609375" lon="127.0572198741137981414794921875">
        <ele>32.200000762939453125</ele>
        <time>2026-08-09T11:57:36.000Z</time>
        <extensions>
          <ns3:TrackPointExtension>
            <ns3:hr>141</ns3:hr>
            <ns3:cad>85</ns3:cad>
          </ns3:TrackPointExtension>
        </extensions>
      </trkpt>
      <trkpt lat="37.506250329315662384033203125" lon="127.05720453523099422454833984375">
        <ele>32.200000762939453125</ele>
        <time>2026-08-09T11:57:37.000Z</time>
        <extensions>
          <ns3:TrackPointExtension>
            <ns3:hr>141</ns3:hr>
            <ns3:cad>85</ns3:cad>
          </ns3:TrackPointExtension>
        </extensions>
      </trkpt>
      <trkpt lat="37.50628679059445858001708984375" lon="127.05717788077890872955322265625">
        <ele>32.200000762939453125</ele>
        <time>2026-08-09T11:57:38.000Z</time>
        <extensions>
          <ns3:TrackPointExtension>
            <ns3:hr>141</ns3:hr>
            <ns3:cad>85</ns3:cad>
          </ns3:TrackPointExtension>
        </extensions>
      </trkpt>
      <trkpt lat="37.5063170492649078369140625" lon="127.057165391743183135986328125">
        <ele>32.200000762939453125</ele>
        <time>2026-08-09T11:57:39.000Z</time>
        <extensions>
          <ns3:TrackPointExtension>
            <ns3:hr>141</ns3:hr>
            <ns3:cad>84</ns3:cad>
          </ns3:TrackPointExtension>
        </extensions>
      </trkpt>
      <trkpt lat="37.506348900496959686279296875" lon="127.05714569427073001861572265625">
        <ele>32.200000762939453125</ele>
        <time>2026-08-09T11:57:40.000Z</time>
        <extensions>
          <ns3:TrackPointExtension>
            <ns3:hr>141</ns3:hr>
            <ns3:cad>84</ns3:cad>
          </ns3:TrackPointExtension>
        </extensions>
      </trkpt>
      <trkpt lat="37.50638150610029697418212890625" lon="127.0571313612163066864013671875">
        <ele>32.200000762939453125</ele>
        <time>2026-08-09T11:57:41.000Z</time>
        <extensions>
          <ns3:TrackPointExtension>
            <ns3:hr>141</ns3:hr>
            <ns3:cad>84</ns3:cad>
          </ns3:TrackPointExtension>
        </extensions>
      </trkpt>
      <trkpt lat="37.5064090825617313385009765625" lon="127.0571115799248218536376953125">
        <ele>32</ele>
        <time>2026-08-09T11:57:42.000Z</time>
        <extensions>
          <ns3:TrackPointExtension>
            <ns3:hr>141</ns3:hr>
            <ns3:cad>84</ns3:cad>
          </ns3:TrackPointExtension>
        </extensions>
      </trkpt>
      <trkpt lat="37.50644487328827381134033203125" lon="127.05710009671747684478759765625">
        <ele>32</ele>
        <time>2026-08-09T11:57:43.000Z</time>
        <extensions>
          <ns3:TrackPointExtension>
            <ns3:hr>142</ns3:hr>
            <ns3:cad>84</ns3:cad>
          </ns3:TrackPointExtension>
        </extensions>
      </trkpt>
      <trkpt lat="37.5064701028168201446533203125" lon="127.05708232708275318145751953125">
        <ele>32</ele>
        <time>2026-08-09T11:57:44.000Z</time>
        <extensions>
          <ns3:TrackPointExtension>
            <ns3:hr>142</ns3:hr>
            <ns3:cad>84</ns3:cad>
          </ns3:TrackPointExtension>
        </extensions>
      </trkpt>
      <trkpt lat="37.506501786410808563232421875" lon="127.057065479457378387451171875">
        <ele>32</ele>
        <time>2026-08-09T11:57:45.000Z</time>
        <extensions>
          <ns3:TrackPointExtension>
            <ns3:hr>142</ns3:hr>
            <ns3:cad>84</ns3:cad>
          </ns3:TrackPointExtension>
        </extensions>
      </trkpt>
      <trkpt lat="37.5065415166318416595458984375" lon="127.0570713467895984649658203125">
        <ele>32.200000762939453125</ele>
        <time>2026-08-09T11:57:46.000Z</time>
        <extensions>
          <ns3:TrackPointExtension>
            <ns3:hr>143</ns3:hr>
            <ns3:cad>85</ns3:cad>
          </ns3:TrackPointExtension>
        </extensions>
      </trkpt>
      <trkpt lat="37.50657194294035434722900390625" lon="127.057059444487094879150390625">
        <ele>32</ele>
        <time>2026-08-09T11:57:47.000Z</time>
        <extensions>
          <ns3:TrackPointExtension>
            <ns3:hr>143</ns3:hr>
            <ns3:cad>85</ns3:cad>
          </ns3:TrackPointExtension>
        </extensions>
      </trkpt>
      <trkpt lat="37.50660127960145473480224609375" lon="127.05705634318292140960693359375">
        <ele>32</ele>
        <time>2026-08-09T11:57:48.000Z</time>
        <extensions>
          <ns3:TrackPointExtension>
            <ns3:hr>143</ns3:hr>
            <ns3:cad>85</ns3:cad>
          </ns3:TrackPointExtension>
        </extensions>
      </trkpt>
      <trkpt lat="37.50662156380712985992431640625" lon="127.0570462010800838470458984375">
        <ele>32</ele>
        <time>2026-08-09T11:57:49.000Z</time>
        <extensions>
          <ns3:TrackPointExtension>
            <ns3:hr>143</ns3:hr>
            <ns3:cad>85</ns3:cad>
          </ns3:TrackPointExtension>
        </extensions>
      </trkpt>
      <trkpt lat="37.50665240921080112457275390625" lon="127.05703488551080226898193359375">
        <ele>32</ele>
        <time>2026-08-09T11:57:50.000Z</time>
        <extensions>
          <ns3:TrackPointExtension>
            <ns3:hr>143</ns3:hr>
            <ns3:cad>85</ns3:cad>
          </ns3:TrackPointExtension>
        </extensions>
      </trkpt>
      <trkpt lat="37.506688199937343597412109375" lon="127.05703371204435825347900390625">
        <ele>32</ele>
        <time>2026-08-09T11:57:51.000Z</time>
        <extensions>
          <ns3:TrackPointExtension>
            <ns3:hr>143</ns3:hr>
            <ns3:cad>85</ns3:cad>
          </ns3:TrackPointExtension>
        </extensions>
      </trkpt>
      <trkpt lat="37.5067215599119663238525390625" lon="127.057040669023990631103515625">
        <ele>32</ele>
        <time>2026-08-09T11:57:52.000Z</time>
        <extensions>
          <ns3:TrackPointExtension>
            <ns3:hr>143</ns3:hr>
            <ns3:cad>85</ns3:cad>
          </ns3:TrackPointExtension>
        </extensions>
      </trkpt>
      <trkpt lat="37.50675634481012821197509765625" lon="127.05705567263066768646240234375">
        <ele>32</ele>
        <time>2026-08-09T11:57:53.000Z</time>
        <extensions>
          <ns3:TrackPointExtension>
            <ns3:hr>143</ns3:hr>
            <ns3:cad>85</ns3:cad>
          </ns3:TrackPointExtension>
        </extensions>
      </trkpt>
      <trkpt lat="37.5067809037864208221435546875" lon="127.0570844225585460662841796875">
        <ele>31.799999237060546875</ele>
        <time>2026-08-09T11:57:54.000Z</time>
        <extensions>
          <ns3:TrackPointExtension>
            <ns3:hr>143</ns3:hr>
            <ns3:cad>85</ns3:cad>
          </ns3:TrackPointExtension>
        </extensions>
      </trkpt>
      <trkpt lat="37.50681334175169467926025390625" lon="127.05712574534118175506591796875">
        <ele>31.799999237060546875</ele>
        <time>2026-08-09T11:57:55.000Z</time>
        <extensions>
          <ns3:TrackPointExtension>
            <ns3:hr>144</ns3:hr>
            <ns3:cad>85</ns3:cad>
          </ns3:TrackPointExtension>
        </extensions>
      </trkpt>
      <trkpt lat="37.506837733089923858642578125" lon="127.057155668735504150390625">
        <ele>31.6000003814697265625</ele>
        <time>2026-08-09T11:57:56.000Z</time>
        <extensions>
          <ns3:TrackPointExtension>
            <ns3:hr>143</ns3:hr>
            <ns3:cad>42</ns3:cad>
          </ns3:TrackPointExtension>
        </extensions>
      </trkpt>
      <trkpt lat="37.50686195679008960723876953125" lon="127.05718718469142913818359375">
        <ele>31.200000762939453125</ele>
        <time>2026-08-09T11:57:57.000Z</time>
        <extensions>
          <ns3:TrackPointExtension>
            <ns3:hr>143</ns3:hr>
            <ns3:cad>42</ns3:cad>
          </ns3:TrackPointExtension>
        </extensions>
      </trkpt>
      <trkpt lat="37.5068831630051136016845703125" lon="127.05721895210444927215576171875">
        <ele>31.200000762939453125</ele>
        <time>2026-08-09T11:57:58.000Z</time>
        <extensions>
          <ns3:TrackPointExtension>
            <ns3:hr>143</ns3:hr>
            <ns3:cad>85</ns3:cad>
          </ns3:TrackPointExtension>
        </extensions>
      </trkpt>
      <trkpt lat="37.50690621323883533477783203125" lon="127.05725080333650112152099609375">
        <ele>31</ele>
        <time>2026-08-09T11:57:59.000Z</time>
        <extensions>
          <ns3:TrackPointExtension>
            <ns3:hr>143</ns3:hr>
            <ns3:cad>85</ns3:cad>
          </ns3:TrackPointExtension>
        </extensions>
      </trkpt>
      <trkpt lat="37.50692917965352535247802734375" lon="127.05729371868073940277099609375">
        <ele>31</ele>
        <time>2026-08-09T11:58:00.000Z</time>
        <extensions>
          <ns3:TrackPointExtension>
            <ns3:hr>143</ns3:hr>
            <ns3:cad>85</ns3:cad>
          </ns3:TrackPointExtension>
        </extensions>
      </trkpt>
      <trkpt lat="37.506945021450519561767578125" lon="127.0573338679969310760498046875">
        <ele>30.799999237060546875</ele>
        <time>2026-08-09T11:58:01.000Z</time>
        <extensions>
          <ns3:TrackPointExtension>
            <ns3:hr>144</ns3:hr>
            <ns3:cad>85</ns3:cad>
          </ns3:TrackPointExtension>
        </extensions>
      </trkpt>
      <trkpt lat="37.50697561539709568023681640625" lon="127.05738524906337261199951171875">
        <ele>30.799999237060546875</ele>
        <time>2026-08-09T11:58:02.000Z</time>
        <extensions>
          <ns3:TrackPointExtension>
            <ns3:hr>144</ns3:hr>
            <ns3:cad>85</ns3:cad>
          </ns3:TrackPointExtension>
        </extensions>
      </trkpt>
      <trkpt lat="37.5069894455373287200927734375" lon="127.05741877667605876922607421875">
        <ele>30.799999237060546875</ele>
        <time>2026-08-09T11:58:03.000Z</time>
        <extensions>
          <ns3:TrackPointExtension>
            <ns3:hr>144</ns3:hr>
            <ns3:cad>85</ns3:cad>
          </ns3:TrackPointExtension>
        </extensions>
      </trkpt>
      <trkpt lat="37.506998665630817413330078125" lon="127.0574552379548549652099609375">
        <ele>30.799999237060546875</ele>
        <time>2026-08-09T11:58:04.000Z</time>
        <extensions>
          <ns3:TrackPointExtension>
            <ns3:hr>145</ns3:hr>
            <ns3:cad>84</ns3:cad>
          </ns3:TrackPointExtension>
        </extensions>
      </trkpt>
      <trkpt lat="37.50700972974300384521484375" lon="127.05750712193548679351806640625">
        <ele>30.6000003814697265625</ele>
        <time>2026-08-09T11:58:05.000Z</time>
        <extensions>
          <ns3:TrackPointExtension>
            <ns3:hr>145</ns3:hr>
            <ns3:cad>85</ns3:cad>
          </ns3:TrackPointExtension>
        </extensions>
      </trkpt>
      <trkpt lat="37.507018111646175384521484375" lon="127.0575460977852344512939453125">
        <ele>30.6000003814697265625</ele>
        <time>2026-08-09T11:58:06.000Z</time>
        <extensions>
          <ns3:TrackPointExtension>
            <ns3:hr>145</ns3:hr>
            <ns3:cad>85</ns3:cad>
          </ns3:TrackPointExtension>
        </extensions>
      </trkpt>
      <trkpt lat="37.5070303492248058319091796875" lon="127.05758792348206043243408203125">
        <ele>30.6000003814697265625</ele>
        <time>2026-08-09T11:58:07.000Z</time>
        <extensions>
          <ns3:TrackPointExtension>
            <ns3:hr>146</ns3:hr>
            <ns3:cad>85</ns3:cad>
          </ns3:TrackPointExtension>
        </extensions>
      </trkpt>
      <trkpt lat="37.50705105252563953399658203125" lon="127.05763033591210842132568359375">
        <ele>30.6000003814697265625</ele>
        <time>2026-08-09T11:58:08.000Z</time>
        <extensions>
          <ns3:TrackPointExtension>
            <ns3:hr>146</ns3:hr>
            <ns3:cad>85</ns3:cad>
          </ns3:TrackPointExtension>
        </extensions>
      </trkpt>
      <trkpt lat="37.5070725940167903900146484375" lon="127.057670652866363525390625">
        <ele>30.6000003814697265625</ele>
        <time>2026-08-09T11:58:09.000Z</time>
        <extensions>
          <ns3:TrackPointExtension>
            <ns3:hr>146</ns3:hr>
            <ns3:cad>85</ns3:cad>
          </ns3:TrackPointExtension>
        </extensions>
      </trkpt>
      <trkpt lat="37.50708726234734058380126953125" lon="127.057716585695743560791015625">
        <ele>30.6000003814697265625</ele>
        <time>2026-08-09T11:58:10.000Z</time>
        <extensions>
          <ns3:TrackPointExtension>
            <ns3:hr>146</ns3:hr>
            <ns3:cad>84</ns3:cad>
          </ns3:TrackPointExtension>
        </extensions>
      </trkpt>
      <trkpt lat="37.507103942334651947021484375" lon="127.0577469281852245330810546875">
        <ele>30.799999237060546875</ele>
        <time>2026-08-09T11:58:11.000Z</time>
        <extensions>
          <ns3:TrackPointExtension>
            <ns3:hr>146</ns3:hr>
            <ns3:cad>84</ns3:cad>
          </ns3:TrackPointExtension>
        </extensions>
      </trkpt>
      <trkpt lat="37.5071225501596927642822265625" lon="127.05779495649039745330810546875">
        <ele>30.799999237060546875</ele>
        <time>2026-08-09T11:58:12.000Z</time>
        <extensions>
          <ns3:TrackPointExtension>
            <ns3:hr>146</ns3:hr>
            <ns3:cad>84</ns3:cad>
          </ns3:TrackPointExtension>
        </extensions>
      </trkpt>
      <trkpt lat="37.5071336142718791961669921875" lon="127.057834602892398834228515625">
        <ele>31</ele>
        <time>2026-08-09T11:58:13.000Z</time>
        <extensions>
          <ns3:TrackPointExtension>
            <ns3:hr>146</ns3:hr>
            <ns3:cad>84</ns3:cad>
          </ns3:TrackPointExtension>
        </extensions>
      </trkpt>
      <trkpt lat="37.50714652240276336669921875" lon="127.0578662864863872528076171875">
        <ele>31</ele>
        <time>2026-08-09T11:58:14.000Z</time>
        <extensions>
          <ns3:TrackPointExtension>
            <ns3:hr>146</ns3:hr>
            <ns3:cad>84</ns3:cad>
          </ns3:TrackPointExtension>
        </extensions>
      </trkpt>
      <trkpt lat="37.5071627832949161529541015625" lon="127.057908363640308380126953125">
        <ele>31.200000762939453125</ele>
        <time>2026-08-09T11:58:15.000Z</time>
        <extensions>
          <ns3:TrackPointExtension>
            <ns3:hr>147</ns3:hr>
            <ns3:cad>84</ns3:cad>
          </ns3:TrackPointExtension>
        </extensions>
      </trkpt>
      <trkpt lat="37.5071761943399906158447265625" lon="127.05795588903129100799560546875">
        <ele>31.3999996185302734375</ele>
        <time>2026-08-09T11:58:16.000Z</time>
        <extensions>
          <ns3:TrackPointExtension>
            <ns3:hr>147</ns3:hr>
            <ns3:cad>84</ns3:cad>
          </ns3:TrackPointExtension>
        </extensions>
      </trkpt>
      <trkpt lat="37.50720083713531494140625" lon="127.05800483934581279754638671875">
        <ele>31.3999996185302734375</ele>
        <time>2026-08-09T11:58:17.000Z</time>
        <extensions>
          <ns3:TrackPointExtension>
            <ns3:hr>147</ns3:hr>
            <ns3:cad>84</ns3:cad>
          </ns3:TrackPointExtension>
        </extensions>
      </trkpt>
      <trkpt lat="37.50721449963748455047607421875" lon="127.05804817378520965576171875">
        <ele>31.3999996185302734375</ele>
        <time>2026-08-09T11:58:18.000Z</time>
        <extensions>
          <ns3:TrackPointExtension>
            <ns3:hr>148</ns3:hr>
            <ns3:cad>84</ns3:cad>
          </ns3:TrackPointExtension>
        </extensions>
      </trkpt>
      <trkpt lat="37.5072276592254638671875" lon="127.0580882392823696136474609375">
        <ele>31.3999996185302734375</ele>
        <time>2026-08-09T11:58:19.000Z</time>
        <extensions>
          <ns3:TrackPointExtension>
            <ns3:hr>148</ns3:hr>
            <ns3:cad>84</ns3:cad>
          </ns3:TrackPointExtension>
        </extensions>
      </trkpt>
      <trkpt lat="37.50722724013030529022216796875" lon="127.0581472478806972503662109375">
        <ele>31.200000762939453125</ele>
        <time>2026-08-09T11:58:20.000Z</time>
        <extensions>
          <ns3:TrackPointExtension>
            <ns3:hr>149</ns3:hr>
            <ns3:cad>83</ns3:cad>
          </ns3:TrackPointExtension>
        </extensions>
      </trkpt>
      <trkpt lat="37.50723662786185741424560546875" lon="127.05818362534046173095703125">
        <ele>31.200000762939453125</ele>
        <time>2026-08-09T11:58:21.000Z</time>
        <extensions>
          <ns3:TrackPointExtension>
            <ns3:hr>149</ns3:hr>
            <ns3:cad>83</ns3:cad>
          </ns3:TrackPointExtension>
        </extensions>
      </trkpt>
      <trkpt lat="37.50724148936569690704345703125" lon="127.05823048017919063568115234375">
        <ele>31.200000762939453125</ele>
        <time>2026-08-09T11:58:22.000Z</time>
        <extensions>
          <ns3:TrackPointExtension>
            <ns3:hr>150</ns3:hr>
            <ns3:cad>83</ns3:cad>
          </ns3:TrackPointExtension>
        </extensions>
      </trkpt>
      <trkpt lat="37.5072445906698703765869140625" lon="127.05827021040022373199462890625">
        <ele>31.200000762939453125</ele>
        <time>2026-08-09T11:58:23.000Z</time>
        <extensions>
          <ns3:TrackPointExtension>
            <ns3:hr>150</ns3:hr>
            <ns3:cad>84</ns3:cad>
          </ns3:TrackPointExtension>
        </extensions>
      </trkpt>
      <trkpt lat="37.50725422985851764678955078125" lon="127.05830189399421215057373046875">
        <ele>31.200000762939453125</ele>
        <time>2026-08-09T11:58:24.000Z</time>
        <extensions>
          <ns3:TrackPointExtension>
            <ns3:hr>151</ns3:hr>
            <ns3:cad>84</ns3:cad>
          </ns3:TrackPointExtension>
        </extensions>
      </trkpt>
      <trkpt lat="37.5072610192000865936279296875" lon="127.05834648571908473968505859375">
        <ele>31.200000762939453125</ele>
        <time>2026-08-09T11:58:25.000Z</time>
        <extensions>
          <ns3:TrackPointExtension>
            <ns3:hr>151</ns3:hr>
            <ns3:cad>84</ns3:cad>
          </ns3:TrackPointExtension>
        </extensions>
      </trkpt>
      <trkpt lat="37.50727199949324131011962890625" lon="127.0583765767514705657958984375">
        <ele>31.3999996185302734375</ele>
        <time>2026-08-09T11:58:26.000Z</time>
        <extensions>
          <ns3:TrackPointExtension>
            <ns3:hr>151</ns3:hr>
            <ns3:cad>83</ns3:cad>
          </ns3:TrackPointExtension>
        </extensions>
      </trkpt>
      <trkpt lat="37.5072824768722057342529296875" lon="127.058407254517078399658203125">
        <ele>31.3999996185302734375</ele>
        <time>2026-08-09T11:58:27.000Z</time>
        <extensions>
          <ns3:TrackPointExtension>
            <ns3:hr>151</ns3:hr>
            <ns3:cad>83</ns3:cad>
          </ns3:TrackPointExtension>
        </extensions>
      </trkpt>
      <trkpt lat="37.507293708622455596923828125" lon="127.058447487652301788330078125">
        <ele>31.3999996185302734375</ele>
        <time>2026-08-09T11:58:28.000Z</time>
        <extensions>
          <ns3:TrackPointExtension>
            <ns3:hr>151</ns3:hr>
            <ns3:cad>83</ns3:cad>
          </ns3:TrackPointExtension>
        </extensions>
      </trkpt>
      <trkpt lat="37.50730519182980060577392578125" lon="127.05847674049437046051025390625">
        <ele>31.3999996185302734375</ele>
        <time>2026-08-09T11:58:29.000Z</time>
        <extensions>
          <ns3:TrackPointExtension>
            <ns3:hr>150</ns3:hr>
            <ns3:cad>83</ns3:cad>
          </ns3:TrackPointExtension>
        </extensions>
      </trkpt>
      <trkpt lat="37.50730955041944980621337890625" lon="127.0585143752396106719970703125">
        <ele>31.3999996185302734375</ele>
        <time>2026-08-09T11:58:30.000Z</time>
        <extensions>
          <ns3:TrackPointExtension>
            <ns3:hr>151</ns3:hr>
            <ns3:cad>83</ns3:cad>
          </ns3:TrackPointExtension>
        </extensions>
      </trkpt>
      <trkpt lat="37.50731977634131908416748046875" lon="127.05854840576648712158203125">
        <ele>31</ele>
        <time>2026-08-09T11:58:31.000Z</time>
        <extensions>
          <ns3:TrackPointExtension>
            <ns3:hr>151</ns3:hr>
            <ns3:cad>83</ns3:cad>
          </ns3:TrackPointExtension>
        </extensions>
      </trkpt>
      <trkpt lat="37.5073349475860595703125" lon="127.05858419649302959442138671875">
        <ele>30.799999237060546875</ele>
        <time>2026-08-09T11:58:32.000Z</time>
        <extensions>
          <ns3:TrackPointExtension>
            <ns3:hr>151</ns3:hr>
            <ns3:cad>83</ns3:cad>
          </ns3:TrackPointExtension>
        </extensions>
      </trkpt>
      <trkpt lat="37.50734961591660976409912109375" lon="127.05862426199018955230712890625">
        <ele>30.6000003814697265625</ele>
        <time>2026-08-09T11:58:33.000Z</time>
        <extensions>
          <ns3:TrackPointExtension>
            <ns3:hr>151</ns3:hr>
            <ns3:cad>83</ns3:cad>
          </ns3:TrackPointExtension>
        </extensions>
      </trkpt>
      <trkpt lat="37.507364451885223388671875" lon="127.058652676641941070556640625">
        <ele>30.6000003814697265625</ele>
        <time>2026-08-09T11:58:34.000Z</time>
        <extensions>
          <ns3:TrackPointExtension>
            <ns3:hr>151</ns3:hr>
            <ns3:cad>83</ns3:cad>
          </ns3:TrackPointExtension>
        </extensions>
      </trkpt>
      <trkpt lat="37.50737526454031467437744140625" lon="127.0586971007287502288818359375">
        <ele>30.6000003814697265625</ele>
        <time>2026-08-09T11:58:35.000Z</time>
        <extensions>
          <ns3:TrackPointExtension>
            <ns3:hr>151</ns3:hr>
            <ns3:cad>83</ns3:cad>
          </ns3:TrackPointExtension>
        </extensions>
      </trkpt>
      <trkpt lat="37.50739487819373607635498046875" lon="127.058727107942104339599609375">
        <ele>30.6000003814697265625</ele>
        <time>2026-08-09T11:58:36.000Z</time>
        <extensions>
          <ns3:TrackPointExtension>
            <ns3:hr>151</ns3:hr>
            <ns3:cad>84</ns3:cad>
          </ns3:TrackPointExtension>
        </extensions>
      </trkpt>
      <trkpt lat="37.50741474330425262451171875" lon="127.0587623119354248046875">
        <ele>30.6000003814697265625</ele>
        <time>2026-08-09T11:58:37.000Z</time>
        <extensions>
          <ns3:TrackPointExtension>
            <ns3:hr>151</ns3:hr>
            <ns3:cad>84</ns3:cad>
          </ns3:TrackPointExtension>
        </extensions>
      </trkpt>
      <trkpt lat="37.507429160177707672119140625" lon="127.0587985217571258544921875">
        <ele>30.6000003814697265625</ele>
        <time>2026-08-09T11:58:38.000Z</time>
        <extensions>
          <ns3:TrackPointExtension>
            <ns3:hr>151</ns3:hr>
            <ns3:cad>84</ns3:cad>
          </ns3:TrackPointExtension>
        </extensions>
      </trkpt>
      <trkpt lat="37.5074407272040843963623046875" lon="127.0588298700749874114990234375">
        <ele>30.3999996185302734375</ele>
        <time>2026-08-09T11:58:39.000Z</time>
        <extensions>
          <ns3:TrackPointExtension>
            <ns3:hr>151</ns3:hr>
            <ns3:cad>83</ns3:cad>
          </ns3:TrackPointExtension>
        </extensions>
      </trkpt>
      <trkpt lat="37.50744684599339962005615234375" lon="127.0588791556656360626220703125">
        <ele>30.3999996185302734375</ele>
        <time>2026-08-09T11:58:40.000Z</time>
        <extensions>
          <ns3:TrackPointExtension>
            <ns3:hr>151</ns3:hr>
            <ns3:cad>83</ns3:cad>
          </ns3:TrackPointExtension>
        </extensions>
      </trkpt>
      <trkpt lat="37.50745765864849090576171875" lon="127.05891184508800506591796875">
        <ele>30.3999996185302734375</ele>
        <time>2026-08-09T11:58:41.000Z</time>
        <extensions>
          <ns3:TrackPointExtension>
            <ns3:hr>151</ns3:hr>
            <ns3:cad>83</ns3:cad>
          </ns3:TrackPointExtension>
        </extensions>
      </trkpt>
      <trkpt lat="37.5074615143239498138427734375" lon="127.0589460432529449462890625">
        <ele>30.3999996185302734375</ele>
        <time>2026-08-09T11:58:42.000Z</time>
        <extensions>
          <ns3:TrackPointExtension>
            <ns3:hr>151</ns3:hr>
            <ns3:cad>83</ns3:cad>
          </ns3:TrackPointExtension>
        </extensions>
      </trkpt>
      <trkpt lat="37.50748045742511749267578125" lon="127.058979570865631103515625">
        <ele>30.3999996185302734375</ele>
        <time>2026-08-09T11:58:43.000Z</time>
        <extensions>
          <ns3:TrackPointExtension>
            <ns3:hr>151</ns3:hr>
            <ns3:cad>84</ns3:cad>
          </ns3:TrackPointExtension>
        </extensions>
      </trkpt>
      <trkpt lat="37.50750082544982433319091796875" lon="127.05900547094643115997314453125">
        <ele>30.3999996185302734375</ele>
        <time>2026-08-09T11:58:44.000Z</time>
        <extensions>
          <ns3:TrackPointExtension>
            <ns3:hr>151</ns3:hr>
            <ns3:cad>84</ns3:cad>
          </ns3:TrackPointExtension>
        </extensions>
      </trkpt>
      <trkpt lat="37.5075159966945648193359375" lon="127.05904402770102024078369140625">
        <ele>30.3999996185302734375</ele>
        <time>2026-08-09T11:58:45.000Z</time>
        <extensions>
          <ns3:TrackPointExtension>
            <ns3:hr>151</ns3:hr>
            <ns3:cad>84</ns3:cad>
          </ns3:TrackPointExtension>
        </extensions>
      </trkpt>
      <trkpt lat="37.5075275637209415435791015625" lon="127.05907839350402355194091796875">
        <ele>30.3999996185302734375</ele>
        <time>2026-08-09T11:58:46.000Z</time>
        <extensions>
          <ns3:TrackPointExtension>
            <ns3:hr>151</ns3:hr>
            <ns3:cad>83</ns3:cad>
          </ns3:TrackPointExtension>
        </extensions>
      </trkpt>
      <trkpt lat="37.50753946602344512939453125" lon="127.05911393277347087860107421875">
        <ele>30.6000003814697265625</ele>
        <time>2026-08-09T11:58:47.000Z</time>
        <extensions>
          <ns3:TrackPointExtension>
            <ns3:hr>151</ns3:hr>
            <ns3:cad>83</ns3:cad>
          </ns3:TrackPointExtension>
        </extensions>
      </trkpt>
      <trkpt lat="37.50755555927753448486328125" lon="127.05915232188999652862548828125">
        <ele>30.799999237060546875</ele>
        <time>2026-08-09T11:58:48.000Z</time>
        <extensions>
          <ns3:TrackPointExtension>
            <ns3:hr>151</ns3:hr>
            <ns3:cad>84</ns3:cad>
          </ns3:TrackPointExtension>
        </extensions>
      </trkpt>
      <trkpt lat="37.50756771303713321685791015625" lon="127.0591755397617816925048828125">
        <ele>30.799999237060546875</ele>
        <time>2026-08-09T11:58:49.000Z</time>
        <extensions>
          <ns3:TrackPointExtension>
            <ns3:hr>151</ns3:hr>
            <ns3:cad>84</ns3:cad>
          </ns3:TrackPointExtension>
        </extensions>
      </trkpt>
      <trkpt lat="37.5075691379606723785400390625" lon="127.05921686254441738128662109375">
        <ele>31</ele>
        <time>2026-08-09T11:58:50.000Z</time>
        <extensions>
          <ns3:TrackPointExtension>
            <ns3:hr>152</ns3:hr>
            <ns3:cad>84</ns3:cad>
          </ns3:TrackPointExtension>
        </extensions>
      </trkpt>
      <trkpt lat="37.50757835805416107177734375" lon="127.05925022251904010772705078125">
        <ele>31</ele>
        <time>2026-08-09T11:58:51.000Z</time>
        <extensions>
          <ns3:TrackPointExtension>
            <ns3:hr>153</ns3:hr>
            <ns3:cad>84</ns3:cad>
          </ns3:TrackPointExtension>
        </extensions>
      </trkpt>
      <trkpt lat="37.50759386457502841949462890625" lon="127.0592881925404071807861328125">
        <ele>31</ele>
        <time>2026-08-09T11:58:52.000Z</time>
        <extensions>
          <ns3:TrackPointExtension>
            <ns3:hr>153</ns3:hr>
            <ns3:cad>84</ns3:cad>
          </ns3:TrackPointExtension>
        </extensions>
      </trkpt>
      <trkpt lat="37.50760777853429317474365234375" lon="127.05933454446494579315185546875">
        <ele>30.799999237060546875</ele>
        <time>2026-08-09T11:58:53.000Z</time>
        <extensions>
          <ns3:TrackPointExtension>
            <ns3:hr>153</ns3:hr>
            <ns3:cad>84</ns3:cad>
          </ns3:TrackPointExtension>
        </extensions>
      </trkpt>
      <trkpt lat="37.5076194293797016143798828125" lon="127.059367485344409942626953125">
        <ele>31</ele>
        <time>2026-08-09T11:58:54.000Z</time>
        <extensions>
          <ns3:TrackPointExtension>
            <ns3:hr>153</ns3:hr>
            <ns3:cad>84</ns3:cad>
          </ns3:TrackPointExtension>
        </extensions>
      </trkpt>
      <trkpt lat="37.5076232850551605224609375" lon="127.05941031686961650848388671875">
        <ele>31</ele>
        <time>2026-08-09T11:58:55.000Z</time>
        <extensions>
          <ns3:TrackPointExtension>
            <ns3:hr>152</ns3:hr>
            <ns3:cad>84</ns3:cad>
          </ns3:TrackPointExtension>
        </extensions>
      </trkpt>
      <trkpt lat="37.50761750154197216033935546875" lon="127.0594422519207000732421875">
        <ele>30.799999237060546875</ele>
        <time>2026-08-09T11:58:56.000Z</time>
        <extensions>
          <ns3:TrackPointExtension>
            <ns3:hr>152</ns3:hr>
            <ns3:cad>84</ns3:cad>
          </ns3:TrackPointExtension>
        </extensions>
      </trkpt>
      <trkpt lat="37.5075885839760303497314453125" lon="127.05947871319949626922607421875">
        <ele>30.799999237060546875</ele>
        <time>2026-08-09T11:58:57.000Z</time>
        <extensions>
          <ns3:TrackPointExtension>
            <ns3:hr>152</ns3:hr>
            <ns3:cad>84</ns3:cad>
          </ns3:TrackPointExtension>
        </extensions>
      </trkpt>
      <trkpt lat="37.50755430199205875396728515625" lon="127.05949128605425357818603515625">
        <ele>30.799999237060546875</ele>
        <time>2026-08-09T11:58:58.000Z</time>
        <extensions>
          <ns3:TrackPointExtension>
            <ns3:hr>151</ns3:hr>
            <ns3:cad>84</ns3:cad>
          </ns3:TrackPointExtension>
        </extensions>
      </trkpt>
      <trkpt lat="37.50750736333429813385009765625" lon="127.05952481366693973541259765625">
        <ele>30.6000003814697265625</ele>
        <time>2026-08-09T11:58:59.000Z</time>
        <extensions>
          <ns3:TrackPointExtension>
            <ns3:hr>151</ns3:hr>
            <ns3:cad>84</ns3:cad>
          </ns3:TrackPointExtension>
        </extensions>
      </trkpt>
      <trkpt lat="37.507450617849826812744140625" lon="127.05955716781318187713623046875">
        <ele>30.6000003814697265625</ele>
        <time>2026-08-09T11:59:00.000Z</time>
        <extensions>
          <ns3:TrackPointExtension>
            <ns3:hr>151</ns3:hr>
            <ns3:cad>83</ns3:cad>
          </ns3:TrackPointExtension>
        </extensions>
      </trkpt>
      <trkpt lat="37.5073807127773761749267578125" lon="127.05957242287695407867431640625">
        <ele>31</ele>
        <time>2026-08-09T11:59:01.000Z</time>
        <extensions>
          <ns3:TrackPointExtension>
            <ns3:hr>150</ns3:hr>
            <ns3:cad>83</ns3:cad>
          </ns3:TrackPointExtension>
        </extensions>
      </trkpt>
      <trkpt lat="37.50732664950191974639892578125" lon="127.05959153361618518829345703125">
        <ele>31.200000762939453125</ele>
        <time>2026-08-09T11:59:02.000Z</time>
        <extensions>
          <ns3:TrackPointExtension>
            <ns3:hr>150</ns3:hr>
            <ns3:cad>83</ns3:cad>
          </ns3:TrackPointExtension>
        </extensions>
      </trkpt>
      <trkpt lat="37.507282309234142303466796875" lon="127.0596120692789554595947265625">
        <ele>31.3999996185302734375</ele>
        <time>2026-08-09T11:59:03.000Z</time>
        <extensions>
          <ns3:TrackPointExtension>
            <ns3:hr>149</ns3:hr>
            <ns3:cad>84</ns3:cad>
          </ns3:TrackPointExtension>
        </extensions>
      </trkpt>
      <trkpt lat="37.5072462670505046844482421875" lon="127.059627659618854522705078125">
        <ele>31.3999996185302734375</ele>
        <time>2026-08-09T11:59:04.000Z</time>
        <extensions>
          <ns3:TrackPointExtension>
            <ns3:hr>150</ns3:hr>
            <ns3:cad>84</ns3:cad>
          </ns3:TrackPointExtension>
        </extensions>
      </trkpt>
      <trkpt lat="37.50719589181244373321533203125" lon="127.0596455968916416168212890625">
        <ele>31.6000003814697265625</ele>
        <time>2026-08-09T11:59:05.000Z</time>
        <extensions>
          <ns3:TrackPointExtension>
            <ns3:hr>150</ns3:hr>
            <ns3:cad>84</ns3:cad>
          </ns3:TrackPointExtension>
        </extensions>
      </trkpt>
      <trkpt lat="37.50716068781912326812744140625" lon="127.05965213477611541748046875">
        <ele>31.6000003814697265625</ele>
        <time>2026-08-09T11:59:06.000Z</time>
        <extensions>
          <ns3:TrackPointExtension>
            <ns3:hr>150</ns3:hr>
            <ns3:cad>83</ns3:cad>
          </ns3:TrackPointExtension>
        </extensions>
      </trkpt>
      <trkpt lat="37.50712598673999309539794921875" lon="127.05966646783053874969482421875">
        <ele>31.3999996185302734375</ele>
        <time>2026-08-09T11:59:07.000Z</time>
        <extensions>
          <ns3:TrackPointExtension>
            <ns3:hr>150</ns3:hr>
            <ns3:cad>84</ns3:cad>
          </ns3:TrackPointExtension>
        </extensions>
      </trkpt>
      <trkpt lat="37.5070870108902454376220703125" lon="127.05967803485691547393798828125">
        <ele>31.3999996185302734375</ele>
        <time>2026-08-09T11:59:08.000Z</time>
        <extensions>
          <ns3:TrackPointExtension>
            <ns3:hr>150</ns3:hr>
            <ns3:cad>84</ns3:cad>
          </ns3:TrackPointExtension>
        </extensions>
      </trkpt>
      <trkpt lat="37.507042251527309417724609375" lon="127.05969915725290775299072265625">
        <ele>31.3999996185302734375</ele>
        <time>2026-08-09T11:59:09.000Z</time>
        <extensions>
          <ns3:TrackPointExtension>
            <ns3:hr>150</ns3:hr>
            <ns3:cad>85</ns3:cad>
          </ns3:TrackPointExtension>
        </extensions>
      </trkpt>
      <trkpt lat="37.50701065175235271453857421875" lon="127.05971659161150455474853515625">
        <ele>31.3999996185302734375</ele>
        <time>2026-08-09T11:59:10.000Z</time>
        <extensions>
          <ns3:TrackPointExtension>
            <ns3:hr>149</ns3:hr>
            <ns3:cad>86</ns3:cad>
          </ns3:TrackPointExtension>
        </extensions>
      </trkpt>
      <trkpt lat="37.506960444152355194091796875" lon="127.059740982949733734130859375">
        <ele>31.6000003814697265625</ele>
        <time>2026-08-09T11:59:11.000Z</time>
        <extensions>
          <ns3:TrackPointExtension>
            <ns3:hr>149</ns3:hr>
            <ns3:cad>86</ns3:cad>
          </ns3:TrackPointExtension>
        </extensions>
      </trkpt>
      <trkpt lat="37.50692565925419330596923828125" lon="127.059770487248897552490234375">
        <ele>31.799999237060546875</ele>
        <time>2026-08-09T11:59:12.000Z</time>
        <extensions>
          <ns3:TrackPointExtension>
            <ns3:hr>149</ns3:hr>
            <ns3:cad>90</ns3:cad>
          </ns3:TrackPointExtension>
        </extensions>
      </trkpt>
      <trkpt lat="37.5068834982812404632568359375" lon="127.05980275757610797882080078125">
        <ele>32.200000762939453125</ele>
        <time>2026-08-09T11:59:13.000Z</time>
        <extensions>
          <ns3:TrackPointExtension>
            <ns3:hr>149</ns3:hr>
            <ns3:cad>93</ns3:cad>
          </ns3:TrackPointExtension>
        </extensions>
      </trkpt>
      <trkpt lat="37.50684066675603389739990234375" lon="127.05983720719814300537109375">
        <ele>32.40000152587890625</ele>
        <time>2026-08-09T11:59:14.000Z</time>
        <extensions>
          <ns3:TrackPointExtension>
            <ns3:hr>149</ns3:hr>
            <ns3:cad>94</ns3:cad>
          </ns3:TrackPointExtension>
        </extensions>
      </trkpt>
      <trkpt lat="37.5068077258765697479248046875" lon="127.059867382049560546875">
        <ele>32.59999847412109375</ele>
        <time>2026-08-09T11:59:15.000Z</time>
        <extensions>
          <ns3:TrackPointExtension>
            <ns3:hr>149</ns3:hr>
            <ns3:cad>94</ns3:cad>
          </ns3:TrackPointExtension>
        </extensions>
      </trkpt>
      <trkpt lat="37.50676556490361690521240234375" lon="127.05990132875740528106689453125">
        <ele>32.59999847412109375</ele>
        <time>2026-08-09T11:59:16.000Z</time>
        <extensions>
          <ns3:TrackPointExtension>
            <ns3:hr>150</ns3:hr>
            <ns3:cad>95</ns3:cad>
          </ns3:TrackPointExtension>
        </extensions>
      </trkpt>
      <trkpt lat="37.5067322887480258941650390625" lon="127.05992211587727069854736328125">
        <ele>32.59999847412109375</ele>
        <time>2026-08-09T11:59:17.000Z</time>
        <extensions>
          <ns3:TrackPointExtension>
            <ns3:hr>150</ns3:hr>
            <ns3:cad>95</ns3:cad>
          </ns3:TrackPointExtension>
        </extensions>
      </trkpt>
      <trkpt lat="37.50669230706989765167236328125" lon="127.059950530529022216796875">
        <ele>32.40000152587890625</ele>
        <time>2026-08-09T11:59:18.000Z</time>
        <extensions>
          <ns3:TrackPointExtension>
            <ns3:hr>151</ns3:hr>
            <ns3:cad>95</ns3:cad>
          </ns3:TrackPointExtension>
        </extensions>
      </trkpt>
      <trkpt lat="37.50663950107991695404052734375" lon="127.0599812082946300506591796875">
        <ele>32.40000152587890625</ele>
        <time>2026-08-09T11:59:19.000Z</time>
        <extensions>
          <ns3:TrackPointExtension>
            <ns3:hr>152</ns3:hr>
            <ns3:cad>96</ns3:cad>
          </ns3:TrackPointExtension>
        </extensions>
      </trkpt>
      <trkpt lat="37.50653975643217563629150390625" lon="127.0600325055420398712158203125">
        <ele>32.40000152587890625</ele>
        <time>2026-08-09T11:59:20.000Z</time>
        <extensions>
          <ns3:TrackPointExtension>
            <ns3:hr>152</ns3:hr>
            <ns3:cad>96</ns3:cad>
          </ns3:TrackPointExtension>
        </extensions>
      </trkpt>
      <trkpt lat="37.50650413334369659423828125" lon="127.0600630156695842742919921875">
        <ele>32.59999847412109375</ele>
        <time>2026-08-09T11:59:21.000Z</time>
        <extensions>
          <ns3:TrackPointExtension>
            <ns3:hr>152</ns3:hr>
            <ns3:cad>96</ns3:cad>
          </ns3:TrackPointExtension>
        </extensions>
      </trkpt>
      <trkpt lat="37.5064566917717456817626953125" lon="127.06009293906390666961669921875">
        <ele>32.799999237060546875</ele>
        <time>2026-08-09T11:59:22.000Z</time>
        <extensions>
          <ns3:TrackPointExtension>
            <ns3:hr>153</ns3:hr>
            <ns3:cad>97</ns3:cad>
          </ns3:TrackPointExtension>
        </extensions>
      </trkpt>
      <trkpt lat="37.5064275227487087249755859375" lon="127.06010400317609310150146484375">
        <ele>33</ele>
        <time>2026-08-09T11:59:23.000Z</time>
        <extensions>
          <ns3:TrackPointExtension>
            <ns3:hr>153</ns3:hr>
            <ns3:cad>97</ns3:cad>
          </ns3:TrackPointExtension>
        </extensions>
      </trkpt>
      <trkpt lat="37.506398521363735198974609375" lon="127.060117162764072418212890625">
        <ele>33.200000762939453125</ele>
        <time>2026-08-09T11:59:24.000Z</time>
        <extensions>
          <ns3:TrackPointExtension>
            <ns3:hr>154</ns3:hr>
            <ns3:cad>97</ns3:cad>
          </ns3:TrackPointExtension>
        </extensions>
      </trkpt>
      <trkpt lat="37.50638335011899471282958984375" lon="127.0601324178278446197509765625">
        <ele>33.40000152587890625</ele>
        <time>2026-08-09T11:59:25.000Z</time>
        <extensions>
          <ns3:TrackPointExtension>
            <ns3:hr>154</ns3:hr>
            <ns3:cad>90</ns3:cad>
          </ns3:TrackPointExtension>
        </extensions>
      </trkpt>
    </trkseg>
  </trk>
</gpx>
