<gpx xmlns:ns3="http://www.garmin.com/xmlschemas/TrackPointExtension/v1" xmlns="http://www.topografix.com/GPX/1/1" xmlns:xsi="http://www.w3.org/2001/XMLSchema-instance" xmlns:ns2="http://www.garmin.com/xmlschemas/GpxExtensions/v3" creator="Garmin Connect" version="1.1" xsi:schemaLocation="http://www.topografix.com/GPX/1/1 http://www.topografix.com/GPX/11.xsd">
  <extensions>
<distance>7008.69</distance>
<average_hr>142.0</average_hr>
<average_speed>3.582000017166138</average_speed>
<start_time>2026-09-06T09:50:58+00:00</start_time>
<end_time>2026-09-06T10:23:34.576000+00:00</end_time>
<moving_time>1938.713</moving_time>
<elapsed_time>2303.14</elapsed_time>
</extensions>
<metadata>
    <link href="connect.garmin.com">
      <text>Garmin Connect</text>
    </link>
    <time>2026-09-06T09:50:58.000Z</time>
  </metadata>
  <trk>
    <name>Running</name>
    <type>running</type>
    <trkseg>
      <trkpt lat="37.50724920071661472320556640625" lon="127.05906338989734649658203125">
        <ele>39.799999237060546875</ele>
        <time>2026-09-06T09:50:58.000Z</time>
        <extensions>
          <ns3:TrackPointExtension>
            <ns3:hr>71</ns3:hr>
            <ns3:cad>0</ns3:cad>
          </ns3:TrackPointExtension>
        </extensions>
      </trkpt>
      <trkpt lat="37.50729798339307308197021484375" lon="127.0589728653430938720703125">
        <ele>12</ele>
        <time>2026-09-06T09:50:59.000Z</time>
        <extensions>
          <ns3:TrackPointExtension>
            <ns3:hr>71</ns3:hr>
            <ns3:cad>0</ns3:cad>
          </ns3:TrackPointExtension>
        </extensions>
      </trkpt>
      <trkpt lat="37.50732757151126861572265625" lon="127.05899088643491268157958984375">
        <ele>39.59999847412109375</ele>
        <time>2026-09-06T09:51:00.000Z</time>
        <extensions>
          <ns3:TrackPointExtension>
            <ns3:hr>72</ns3:hr>
            <ns3:cad>0</ns3:cad>
          </ns3:TrackPointExtension>
        </extensions>
      </trkpt>
      <trkpt lat="37.507330588996410369873046875" lon="127.0590136013925075531005859375">
        <ele>39.40000152587890625</ele>
        <time>2026-09-06T09:51:01.000Z</time>
        <extensions>
          <ns3:TrackPointExtension>
            <ns3:hr>72</ns3:hr>
            <ns3:cad>0</ns3:cad>
          </ns3:TrackPointExtension>
        </extensions>
      </trkpt>
      <trkpt lat="37.507337965071201324462890625" lon="127.059036232531070709228515625">
        <ele>39.200000762939453125</ele>
        <time>2026-09-06T09:51:02.000Z</time>
        <extensions>
          <ns3:TrackPointExtension>
            <ns3:hr>73</ns3:hr>
            <ns3:cad>0</ns3:cad>
          </ns3:TrackPointExtension>
        </extensions>
      </trkpt>
      <trkpt lat="37.5073471851646900177001953125" lon="127.05905844457447528839111328125">
        <ele>39</ele>
        <time>2026-09-06T09:51:03.000Z</time>
        <extensions>
          <ns3:TrackPointExtension>
            <ns3:hr>74</ns3:hr>
            <ns3:cad>0</ns3:cad>
          </ns3:TrackPointExtension>
        </extensions>
      </trkpt>
      <trkpt lat="37.50736721791326999664306640625" lon="127.059107311069965362548828125">
        <ele>38.799999237060546875</ele>
        <time>2026-09-06T09:51:04.000Z</time>
        <extensions>
          <ns3:TrackPointExtension>
            <ns3:hr>76</ns3:hr>
            <ns3:cad>80</ns3:cad>
          </ns3:TrackPointExtension>
        </extensions>
      </trkpt>
      <trkpt lat="37.5073800422251224517822265625" lon="127.0591413415968418121337890625">
        <ele>38.799999237060546875</ele>
        <time>2026-09-06T09:51:05.000Z</time>
        <extensions>
          <ns3:TrackPointExtension>
            <ns3:hr>77</ns3:hr>
            <ns3:cad>82</ns3:cad>
          </ns3:TrackPointExtension>
        </extensions>
      </trkpt>
      <trkpt lat="37.5073899328708648681640625" lon="127.0591767132282257080078125">
        <ele>38.799999237060546875</ele>
        <time>2026-09-06T09:51:06.000Z</time>
        <extensions>
          <ns3:TrackPointExtension>
            <ns3:hr>78</ns3:hr>
            <ns3:cad>82</ns3:cad>
          </ns3:TrackPointExtension>
        </extensions>
      </trkpt>
      <trkpt lat="37.50739605166018009185791015625" lon="127.05919842235743999481201171875">
        <ele>38.799999237060546875</ele>
        <time>2026-09-06T09:51:07.000Z</time>
        <extensions>
          <ns3:TrackPointExtension>
            <ns3:hr>79</ns3:hr>
            <ns3:cad>82</ns3:cad>
          </ns3:TrackPointExtension>
        </extensions>
      </trkpt>
      <trkpt lat="37.507388256490230560302734375" lon="127.0591976679861545562744140625">
        <ele>38.799999237060546875</ele>
        <time>2026-09-06T09:51:08.000Z</time>
        <extensions>
          <ns3:TrackPointExtension>
            <ns3:hr>80</ns3:hr>
            <ns3:cad>81</ns3:cad>
          </ns3:TrackPointExtension>
        </extensions>
      </trkpt>
      <trkpt lat="37.50741474330425262451171875" lon="127.05928039737045764923095703125">
        <ele>39</ele>
        <time>2026-09-06T09:51:09.000Z</time>
        <extensions>
          <ns3:TrackPointExtension>
            <ns3:hr>81</ns3:hr>
            <ns3:cad>81</ns3:cad>
          </ns3:TrackPointExtension>
        </extensions>
      </trkpt>
      <trkpt lat="37.50743242911994457244873046875" lon="127.059341333806514739990234375">
        <ele>39.200000762939453125</ele>
        <time>2026-09-06T09:51:10.000Z</time>
        <extensions>
          <ns3:TrackPointExtension>
            <ns3:hr>82</ns3:hr>
            <ns3:cad>81</ns3:cad>
          </ns3:TrackPointExtension>
        </extensions>
      </trkpt>
      <trkpt lat="37.50744097866117954254150390625" lon="127.05937318503856658935546875">
        <ele>39.200000762939453125</ele>
        <time>2026-09-06T09:51:11.000Z</time>
        <extensions>
          <ns3:TrackPointExtension>
            <ns3:hr>83</ns3:hr>
            <ns3:cad>81</ns3:cad>
          </ns3:TrackPointExtension>
        </extensions>
      </trkpt>
      <trkpt lat="37.50745103694498538970947265625" lon="127.0593944750726222991943359375">
        <ele>39.200000762939453125</ele>
        <time>2026-09-06T09:51:12.000Z</time>
        <extensions>
          <ns3:TrackPointExtension>
            <ns3:hr>84</ns3:hr>
            <ns3:cad>81</ns3:cad>
          </ns3:TrackPointExtension>
        </extensions>
      </trkpt>
      <trkpt lat="37.5074564851820468902587890625" lon="127.0594176091253757476806640625">
        <ele>39.40000152587890625</ele>
        <time>2026-09-06T09:51:13.000Z</time>
        <extensions>
          <ns3:TrackPointExtension>
            <ns3:hr>84</ns3:hr>
            <ns3:cad>82</ns3:cad>
          </ns3:TrackPointExtension>
        </extensions>
      </trkpt>
      <trkpt lat="37.5074675492942333221435546875" lon="127.05946027301251888275146484375">
        <ele>39.200000762939453125</ele>
        <time>2026-09-06T09:51:14.000Z</time>
        <extensions>
          <ns3:TrackPointExtension>
            <ns3:hr>84</ns3:hr>
            <ns3:cad>82</ns3:cad>
          </ns3:TrackPointExtension>
        </extensions>
      </trkpt>
      <trkpt lat="37.50749059952795505523681640625" lon="127.059505283832550048828125">
        <ele>39.200000762939453125</ele>
        <time>2026-09-06T09:51:15.000Z</time>
        <extensions>
          <ns3:TrackPointExtension>
            <ns3:hr>84</ns3:hr>
            <ns3:cad>82</ns3:cad>
          </ns3:TrackPointExtension>
        </extensions>
      </trkpt>
      <trkpt lat="37.5075067766010761260986328125" lon="127.05953277647495269775390625">
        <ele>39.200000762939453125</ele>
        <time>2026-09-06T09:51:16.000Z</time>
        <extensions>
          <ns3:TrackPointExtension>
            <ns3:hr>86</ns3:hr>
            <ns3:cad>82</ns3:cad>
          </ns3:TrackPointExtension>
        </extensions>
      </trkpt>
      <trkpt lat="37.50752161256968975067138671875" lon="127.05958030186593532562255859375">
        <ele>39.200000762939453125</ele>
        <time>2026-09-06T09:51:17.000Z</time>
        <extensions>
          <ns3:TrackPointExtension>
            <ns3:hr>87</ns3:hr>
            <ns3:cad>82</ns3:cad>
          </ns3:TrackPointExtension>
        </extensions>
      </trkpt>
      <trkpt lat="37.50753401778638362884521484375" lon="127.0596170984208583831787109375">
        <ele>39</ele>
        <time>2026-09-06T09:51:18.000Z</time>
        <extensions>
          <ns3:TrackPointExtension>
            <ns3:hr>88</ns3:hr>
            <ns3:cad>82</ns3:cad>
          </ns3:TrackPointExtension>
        </extensions>
      </trkpt>
      <trkpt lat="37.507541477680206298828125" lon="127.05964182503521442413330078125">
        <ele>39</ele>
        <time>2026-09-06T09:51:19.000Z</time>
        <extensions>
          <ns3:TrackPointExtension>
            <ns3:hr>89</ns3:hr>
            <ns3:cad>82</ns3:cad>
          </ns3:TrackPointExtension>
        </extensions>
      </trkpt>
      <trkpt lat="37.5075396336615085601806640625" lon="127.0596737600862979888916015625">
        <ele>39</ele>
        <time>2026-09-06T09:51:20.000Z</time>
        <extensions>
          <ns3:TrackPointExtension>
            <ns3:hr>89</ns3:hr>
            <ns3:cad>82</ns3:cad>
          </ns3:TrackPointExtension>
        </extensions>
      </trkpt>
      <trkpt lat="37.50754726119339466094970703125" lon="127.059688009321689605712890625">
        <ele>39.200000762939453125</ele>
        <time>2026-09-06T09:51:21.000Z</time>
        <extensions>
          <ns3:TrackPointExtension>
            <ns3:hr>90</ns3:hr>
            <ns3:cad>82</ns3:cad>
          </ns3:TrackPointExtension>
        </extensions>
      </trkpt>
      <trkpt lat="37.50756016932427883148193359375" lon="127.0597139932215213775634765625">
        <ele>39.200000762939453125</ele>
        <time>2026-09-06T09:51:22.000Z</time>
        <extensions>
          <ns3:TrackPointExtension>
            <ns3:hr>91</ns3:hr>
            <ns3:cad>82</ns3:cad>
          </ns3:TrackPointExtension>
        </extensions>
      </trkpt>
      <trkpt lat="37.5075781904160976409912109375" lon="127.05974693410098552703857421875">
        <ele>39.40000152587890625</ele>
        <time>2026-09-06T09:51:23.000Z</time>
        <extensions>
          <ns3:TrackPointExtension>
            <ns3:hr>92</ns3:hr>
            <ns3:cad>82</ns3:cad>
          </ns3:TrackPointExtension>
        </extensions>
      </trkpt>
      <trkpt lat="37.5075924396514892578125" lon="127.059773504734039306640625">
        <ele>39.40000152587890625</ele>
        <time>2026-09-06T09:51:24.000Z</time>
        <extensions>
          <ns3:TrackPointExtension>
            <ns3:hr>93</ns3:hr>
            <ns3:cad>82</ns3:cad>
          </ns3:TrackPointExtension>
        </extensions>
      </trkpt>
      <trkpt lat="37.50760911963880062103271484375" lon="127.059805355966091156005859375">
        <ele>39.40000152587890625</ele>
        <time>2026-09-06T09:51:25.000Z</time>
        <extensions>
          <ns3:TrackPointExtension>
            <ns3:hr>95</ns3:hr>
            <ns3:cad>83</ns3:cad>
          </ns3:TrackPointExtension>
        </extensions>
      </trkpt>
      <trkpt lat="37.50762538053095340728759765625" lon="127.05983997322618961334228515625">
        <ele>39.40000152587890625</ele>
        <time>2026-09-06T09:51:26.000Z</time>
        <extensions>
          <ns3:TrackPointExtension>
            <ns3:hr>96</ns3:hr>
            <ns3:cad>83</ns3:cad>
          </ns3:TrackPointExtension>
        </extensions>
      </trkpt>
      <trkpt lat="37.50763862393796443939208984375" lon="127.05986176617443561553955078125">
        <ele>39.200000762939453125</ele>
        <time>2026-09-06T09:51:27.000Z</time>
        <extensions>
          <ns3:TrackPointExtension>
            <ns3:hr>97</ns3:hr>
            <ns3:cad>83</ns3:cad>
          </ns3:TrackPointExtension>
        </extensions>
      </trkpt>
      <trkpt lat="37.50765656121075153350830078125" lon="127.05988842062652111053466796875">
        <ele>39.200000762939453125</ele>
        <time>2026-09-06T09:51:28.000Z</time>
        <extensions>
          <ns3:TrackPointExtension>
            <ns3:hr>98</ns3:hr>
            <ns3:cad>83</ns3:cad>
          </ns3:TrackPointExtension>
        </extensions>
      </trkpt>
      <trkpt lat="37.50767231918871402740478515625" lon="127.05991809256374835968017578125">
        <ele>39.200000762939453125</ele>
        <time>2026-09-06T09:51:29.000Z</time>
        <extensions>
          <ns3:TrackPointExtension>
            <ns3:hr>100</ns3:hr>
            <ns3:cad>83</ns3:cad>
          </ns3:TrackPointExtension>
        </extensions>
      </trkpt>
      <trkpt lat="37.5076848082244396209716796875" lon="127.05995363183319568634033203125">
        <ele>39.200000762939453125</ele>
        <time>2026-09-06T09:51:30.000Z</time>
        <extensions>
          <ns3:TrackPointExtension>
            <ns3:hr>101</ns3:hr>
            <ns3:cad>83</ns3:cad>
          </ns3:TrackPointExtension>
        </extensions>
      </trkpt>
      <trkpt lat="37.50769545324146747589111328125" lon="127.05998338758945465087890625">
        <ele>39.200000762939453125</ele>
        <time>2026-09-06T09:51:31.000Z</time>
        <extensions>
          <ns3:TrackPointExtension>
            <ns3:hr>103</ns3:hr>
            <ns3:cad>83</ns3:cad>
          </ns3:TrackPointExtension>
        </extensions>
      </trkpt>
      <trkpt lat="37.507704757153987884521484375" lon="127.060012556612491607666015625">
        <ele>39.200000762939453125</ele>
        <time>2026-09-06T09:51:32.000Z</time>
        <extensions>
          <ns3:TrackPointExtension>
            <ns3:hr>104</ns3:hr>
            <ns3:cad>82</ns3:cad>
          </ns3:TrackPointExtension>
        </extensions>
      </trkpt>
      <trkpt lat="37.5077136419713497161865234375" lon="127.060052454471588134765625">
        <ele>39.200000762939453125</ele>
        <time>2026-09-06T09:51:33.000Z</time>
        <extensions>
          <ns3:TrackPointExtension>
            <ns3:hr>106</ns3:hr>
            <ns3:cad>82</ns3:cad>
          </ns3:TrackPointExtension>
        </extensions>
      </trkpt>
      <trkpt lat="37.5077153183519840240478515625" lon="127.060082964599132537841796875">
        <ele>39.200000762939453125</ele>
        <time>2026-09-06T09:51:34.000Z</time>
        <extensions>
          <ns3:TrackPointExtension>
            <ns3:hr>107</ns3:hr>
            <ns3:cad>82</ns3:cad>
          </ns3:TrackPointExtension>
        </extensions>
      </trkpt>
      <trkpt lat="37.50771925784647464752197265625" lon="127.06012613140046596527099609375">
        <ele>39.200000762939453125</ele>
        <time>2026-09-06T09:51:35.000Z</time>
        <extensions>
          <ns3:TrackPointExtension>
            <ns3:hr>109</ns3:hr>
            <ns3:cad>82</ns3:cad>
          </ns3:TrackPointExtension>
        </extensions>
      </trkpt>
      <trkpt lat="37.5077190063893795013427734375" lon="127.06017759628593921661376953125">
        <ele>39</ele>
        <time>2026-09-06T09:51:36.000Z</time>
        <extensions>
          <ns3:TrackPointExtension>
            <ns3:hr>110</ns3:hr>
            <ns3:cad>82</ns3:cad>
          </ns3:TrackPointExtension>
        </extensions>
      </trkpt>
      <trkpt lat="37.50771791674196720123291015625" lon="127.06020726822316646575927734375">
        <ele>39</ele>
        <time>2026-09-06T09:51:37.000Z</time>
        <extensions>
          <ns3:TrackPointExtension>
            <ns3:hr>112</ns3:hr>
            <ns3:cad>82</ns3:cad>
          </ns3:TrackPointExtension>
        </extensions>
      </trkpt>
      <trkpt lat="37.5077180005609989166259765625" lon="127.0602366887032985687255859375">
        <ele>38.799999237060546875</ele>
        <time>2026-09-06T09:51:38.000Z</time>
        <extensions>
          <ns3:TrackPointExtension>
            <ns3:hr>113</ns3:hr>
            <ns3:cad>82</ns3:cad>
          </ns3:TrackPointExtension>
        </extensions>
      </trkpt>
      <trkpt lat="37.50772210769355297088623046875" lon="127.060276083648204803466796875">
        <ele>38.799999237060546875</ele>
        <time>2026-09-06T09:51:39.000Z</time>
        <extensions>
          <ns3:TrackPointExtension>
            <ns3:hr>114</ns3:hr>
            <ns3:cad>82</ns3:cad>
          </ns3:TrackPointExtension>
        </extensions>
      </trkpt>
      <trkpt lat="37.50772680155932903289794921875" lon="127.0602997206151485443115234375">
        <ele>38.799999237060546875</ele>
        <time>2026-09-06T09:51:40.000Z</time>
        <extensions>
          <ns3:TrackPointExtension>
            <ns3:hr>115</ns3:hr>
            <ns3:cad>82</ns3:cad>
          </ns3:TrackPointExtension>
        </extensions>
      </trkpt>
      <trkpt lat="37.50773652456700801849365234375" lon="127.060337774455547332763671875">
        <ele>39</ele>
        <time>2026-09-06T09:51:41.000Z</time>
        <extensions>
          <ns3:TrackPointExtension>
            <ns3:hr>116</ns3:hr>
            <ns3:cad>82</ns3:cad>
          </ns3:TrackPointExtension>
        </extensions>
      </trkpt>
      <trkpt lat="37.50774440355598926544189453125" lon="127.06037524156272411346435546875">
        <ele>38.799999237060546875</ele>
        <time>2026-09-06T09:51:42.000Z</time>
        <extensions>
          <ns3:TrackPointExtension>
            <ns3:hr>117</ns3:hr>
            <ns3:cad>82</ns3:cad>
          </ns3:TrackPointExtension>
        </extensions>
      </trkpt>
      <trkpt lat="37.5077558867633342742919921875" lon="127.06040055491030216217041015625">
        <ele>39</ele>
        <time>2026-09-06T09:51:43.000Z</time>
        <extensions>
          <ns3:TrackPointExtension>
            <ns3:hr>118</ns3:hr>
            <ns3:cad>82</ns3:cad>
          </ns3:TrackPointExtension>
        </extensions>
      </trkpt>
      <trkpt lat="37.50776887871325016021728515625" lon="127.06043458543717861175537109375">
        <ele>38.799999237060546875</ele>
        <time>2026-09-06T09:51:44.000Z</time>
        <extensions>
          <ns3:TrackPointExtension>
            <ns3:hr>119</ns3:hr>
            <ns3:cad>82</ns3:cad>
          </ns3:TrackPointExtension>
        </extensions>
      </trkpt>
      <trkpt lat="37.50778379850089550018310546875" lon="127.06045906059443950653076171875">
        <ele>38.799999237060546875</ele>
        <time>2026-09-06T09:51:45.000Z</time>
        <extensions>
          <ns3:TrackPointExtension>
            <ns3:hr>120</ns3:hr>
            <ns3:cad>82</ns3:cad>
          </ns3:TrackPointExtension>
        </extensions>
      </trkpt>
      <trkpt lat="37.50779737718403339385986328125" lon="127.0604951865971088409423828125">
        <ele>38.799999237060546875</ele>
        <time>2026-09-06T09:51:46.000Z</time>
        <extensions>
          <ns3:TrackPointExtension>
            <ns3:hr>121</ns3:hr>
            <ns3:cad>82</ns3:cad>
          </ns3:TrackPointExtension>
        </extensions>
      </trkpt>
      <trkpt lat="37.5078162364661693572998046875" lon="127.06052477471530437469482421875">
        <ele>38.799999237060546875</ele>
        <time>2026-09-06T09:51:47.000Z</time>
        <extensions>
          <ns3:TrackPointExtension>
            <ns3:hr>122</ns3:hr>
            <ns3:cad>82</ns3:cad>
          </ns3:TrackPointExtension>
        </extensions>
      </trkpt>
      <trkpt lat="37.5078252889215946197509765625" lon="127.060546986758708953857421875">
        <ele>38.799999237060546875</ele>
        <time>2026-09-06T09:51:48.000Z</time>
        <extensions>
          <ns3:TrackPointExtension>
            <ns3:hr>123</ns3:hr>
            <ns3:cad>82</ns3:cad>
          </ns3:TrackPointExtension>
        </extensions>
      </trkpt>
      <trkpt lat="37.50783585011959075927734375" lon="127.0605806820094585418701171875">
        <ele>38.799999237060546875</ele>
        <time>2026-09-06T09:51:49.000Z</time>
        <extensions>
          <ns3:TrackPointExtension>
            <ns3:hr>124</ns3:hr>
            <ns3:cad>82</ns3:cad>
          </ns3:TrackPointExtension>
        </extensions>
      </trkpt>
      <trkpt lat="37.50784213654696941375732421875" lon="127.06060306169092655181884765625">
        <ele>38.799999237060546875</ele>
        <time>2026-09-06T09:51:50.000Z</time>
        <extensions>
          <ns3:TrackPointExtension>
            <ns3:hr>124</ns3:hr>
            <ns3:cad>82</ns3:cad>
          </ns3:TrackPointExtension>
        </extensions>
      </trkpt>
      <trkpt lat="37.50785303302109241485595703125" lon="127.0606360025703907012939453125">
        <ele>38.799999237060546875</ele>
        <time>2026-09-06T09:51:51.000Z</time>
        <extensions>
          <ns3:TrackPointExtension>
            <ns3:hr>125</ns3:hr>
            <ns3:cad>81</ns3:cad>
          </ns3:TrackPointExtension>
        </extensions>
      </trkpt>
      <trkpt lat="37.5078608281910419464111328125" lon="127.060673721134662628173828125">
        <ele>38.59999847412109375</ele>
        <time>2026-09-06T09:51:52.000Z</time>
        <extensions>
          <ns3:TrackPointExtension>
            <ns3:hr>126</ns3:hr>
            <ns3:cad>81</ns3:cad>
          </ns3:TrackPointExtension>
        </extensions>
      </trkpt>
      <trkpt lat="37.50787080265581607818603515625" lon="127.060695849359035491943359375">
        <ele>38.40000152587890625</ele>
        <time>2026-09-06T09:51:53.000Z</time>
        <extensions>
          <ns3:TrackPointExtension>
            <ns3:hr>127</ns3:hr>
            <ns3:cad>82</ns3:cad>
          </ns3:TrackPointExtension>
        </extensions>
      </trkpt>
      <trkpt lat="37.50789980404078960418701171875" lon="127.06073306500911712646484375">
        <ele>38.200000762939453125</ele>
        <time>2026-09-06T09:51:54.000Z</time>
        <extensions>
          <ns3:TrackPointExtension>
            <ns3:hr>128</ns3:hr>
            <ns3:cad>82</ns3:cad>
          </ns3:TrackPointExtension>
        </extensions>
      </trkpt>
      <trkpt lat="37.507919333875179290771484375" lon="127.060770280659198760986328125">
        <ele>38.200000762939453125</ele>
        <time>2026-09-06T09:51:55.000Z</time>
        <extensions>
          <ns3:TrackPointExtension>
            <ns3:hr>129</ns3:hr>
            <ns3:cad>82</ns3:cad>
          </ns3:TrackPointExtension>
        </extensions>
      </trkpt>
      <trkpt lat="37.5079362653195858001708984375" lon="127.06079475581645965576171875">
        <ele>38.40000152587890625</ele>
        <time>2026-09-06T09:51:56.000Z</time>
        <extensions>
          <ns3:TrackPointExtension>
            <ns3:hr>130</ns3:hr>
            <ns3:cad>82</ns3:cad>
          </ns3:TrackPointExtension>
        </extensions>
      </trkpt>
      <trkpt lat="37.5079520232975482940673828125" lon="127.06084060482680797576904296875">
        <ele>38.59999847412109375</ele>
        <time>2026-09-06T09:51:57.000Z</time>
        <extensions>
          <ns3:TrackPointExtension>
            <ns3:hr>131</ns3:hr>
            <ns3:cad>82</ns3:cad>
          </ns3:TrackPointExtension>
        </extensions>
      </trkpt>
      <trkpt lat="37.5079650990664958953857421875" lon="127.06087589263916015625">
        <ele>38.59999847412109375</ele>
        <time>2026-09-06T09:51:58.000Z</time>
        <extensions>
          <ns3:TrackPointExtension>
            <ns3:hr>131</ns3:hr>
            <ns3:cad>82</ns3:cad>
          </ns3:TrackPointExtension>
        </extensions>
      </trkpt>
      <trkpt lat="37.507974989712238311767578125" lon="127.0609015412628650665283203125">
        <ele>38.40000152587890625</ele>
        <time>2026-09-06T09:51:59.000Z</time>
        <extensions>
          <ns3:TrackPointExtension>
            <ns3:hr>132</ns3:hr>
            <ns3:cad>82</ns3:cad>
          </ns3:TrackPointExtension>
        </extensions>
      </trkpt>
      <trkpt lat="37.5079885683953762054443359375" lon="127.06093448214232921600341796875">
        <ele>38.40000152587890625</ele>
        <time>2026-09-06T09:52:00.000Z</time>
        <extensions>
          <ns3:TrackPointExtension>
            <ns3:hr>132</ns3:hr>
            <ns3:cad>82</ns3:cad>
          </ns3:TrackPointExtension>
        </extensions>
      </trkpt>
      <trkpt lat="37.50798496417701244354248046875" lon="127.0609630644321441650390625">
        <ele>38.200000762939453125</ele>
        <time>2026-09-06T09:52:01.000Z</time>
        <extensions>
          <ns3:TrackPointExtension>
            <ns3:hr>133</ns3:hr>
            <ns3:cad>82</ns3:cad>
          </ns3:TrackPointExtension>
        </extensions>
      </trkpt>
      <trkpt lat="37.50799150206148624420166015625" lon="127.060999609529972076416015625">
        <ele>38</ele>
        <time>2026-09-06T09:52:02.000Z</time>
        <extensions>
          <ns3:TrackPointExtension>
            <ns3:hr>134</ns3:hr>
            <ns3:cad>81</ns3:cad>
          </ns3:TrackPointExtension>
        </extensions>
      </trkpt>
      <trkpt lat="37.508005164563655853271484375" lon="127.06103657372295856475830078125">
        <ele>38</ele>
        <time>2026-09-06T09:52:03.000Z</time>
        <extensions>
          <ns3:TrackPointExtension>
            <ns3:hr>134</ns3:hr>
            <ns3:cad>81</ns3:cad>
          </ns3:TrackPointExtension>
        </extensions>
      </trkpt>
      <trkpt lat="37.50801128335297107696533203125" lon="127.06105669029057025909423828125">
        <ele>38.200000762939453125</ele>
        <time>2026-09-06T09:52:04.000Z</time>
        <extensions>
          <ns3:TrackPointExtension>
            <ns3:hr>135</ns3:hr>
            <ns3:cad>81</ns3:cad>
          </ns3:TrackPointExtension>
        </extensions>
      </trkpt>
      <trkpt lat="37.5080214254558086395263671875" lon="127.06110044382512569427490234375">
        <ele>38.200000762939453125</ele>
        <time>2026-09-06T09:52:05.000Z</time>
        <extensions>
          <ns3:TrackPointExtension>
            <ns3:hr>135</ns3:hr>
            <ns3:cad>82</ns3:cad>
          </ns3:TrackPointExtension>
        </extensions>
      </trkpt>
      <trkpt lat="37.508040033280849456787109375" lon="127.06113246269524097442626953125">
        <ele>38.200000762939453125</ele>
        <time>2026-09-06T09:52:06.000Z</time>
        <extensions>
          <ns3:TrackPointExtension>
            <ns3:hr>136</ns3:hr>
            <ns3:cad>82</ns3:cad>
          </ns3:TrackPointExtension>
        </extensions>
      </trkpt>
      <trkpt lat="37.5080482475459575653076171875" lon="127.061170600354671478271484375">
        <ele>38.40000152587890625</ele>
        <time>2026-09-06T09:52:07.000Z</time>
        <extensions>
          <ns3:TrackPointExtension>
            <ns3:hr>136</ns3:hr>
            <ns3:cad>82</ns3:cad>
          </ns3:TrackPointExtension>
        </extensions>
      </trkpt>
      <trkpt lat="37.50804916955530643463134765625" lon="127.06121452152729034423828125">
        <ele>38.40000152587890625</ele>
        <time>2026-09-06T09:52:08.000Z</time>
        <extensions>
          <ns3:TrackPointExtension>
            <ns3:hr>137</ns3:hr>
            <ns3:cad>82</ns3:cad>
          </ns3:TrackPointExtension>
        </extensions>
      </trkpt>
      <trkpt lat="37.5080559588968753814697265625" lon="127.06124763004481792449951171875">
        <ele>38.200000762939453125</ele>
        <time>2026-09-06T09:52:09.000Z</time>
        <extensions>
          <ns3:TrackPointExtension>
            <ns3:hr>137</ns3:hr>
            <ns3:cad>82</ns3:cad>
          </ns3:TrackPointExtension>
        </extensions>
      </trkpt>
      <trkpt lat="37.50805805437266826629638671875" lon="127.0612943172454833984375">
        <ele>38.200000762939453125</ele>
        <time>2026-09-06T09:52:10.000Z</time>
        <extensions>
          <ns3:TrackPointExtension>
            <ns3:hr>138</ns3:hr>
            <ns3:cad>82</ns3:cad>
          </ns3:TrackPointExtension>
        </extensions>
      </trkpt>
      <trkpt lat="37.508072555065155029296875" lon="127.061326503753662109375">
        <ele>38.200000762939453125</ele>
        <time>2026-09-06T09:52:11.000Z</time>
        <extensions>
          <ns3:TrackPointExtension>
            <ns3:hr>138</ns3:hr>
            <ns3:cad>82</ns3:cad>
          </ns3:TrackPointExtension>
        </extensions>
      </trkpt>
      <trkpt lat="37.5080774165689945220947265625" lon="127.06135156564414501190185546875">
        <ele>38.40000152587890625</ele>
        <time>2026-09-06T09:52:12.000Z</time>
        <extensions>
          <ns3:TrackPointExtension>
            <ns3:hr>138</ns3:hr>
            <ns3:cad>82</ns3:cad>
          </ns3:TrackPointExtension>
        </extensions>
      </trkpt>
      <trkpt lat="37.5080804340541362762451171875" lon="127.06139615736901760101318359375">
        <ele>38.200000762939453125</ele>
        <time>2026-09-06T09:52:13.000Z</time>
        <extensions>
          <ns3:TrackPointExtension>
            <ns3:hr>139</ns3:hr>
            <ns3:cad>82</ns3:cad>
          </ns3:TrackPointExtension>
        </extensions>
      </trkpt>
      <trkpt lat="37.5080874748528003692626953125" lon="127.0614363066852092742919921875">
        <ele>38.200000762939453125</ele>
        <time>2026-09-06T09:52:14.000Z</time>
        <extensions>
          <ns3:TrackPointExtension>
            <ns3:hr>139</ns3:hr>
            <ns3:cad>81</ns3:cad>
          </ns3:TrackPointExtension>
        </extensions>
      </trkpt>
      <trkpt lat="37.50809091143310070037841796875" lon="127.06146933138370513916015625">
        <ele>38.200000762939453125</ele>
        <time>2026-09-06T09:52:15.000Z</time>
        <extensions>
          <ns3:TrackPointExtension>
            <ns3:hr>140</ns3:hr>
            <ns3:cad>81</ns3:cad>
          </ns3:TrackPointExtension>
        </extensions>
      </trkpt>
      <trkpt lat="37.50810331664979457855224609375" lon="127.06150512211024761199951171875">
        <ele>38.200000762939453125</ele>
        <time>2026-09-06T09:52:16.000Z</time>
        <extensions>
          <ns3:TrackPointExtension>
            <ns3:hr>140</ns3:hr>
            <ns3:cad>81</ns3:cad>
          </ns3:TrackPointExtension>
        </extensions>
      </trkpt>
      <trkpt lat="37.508107759058475494384765625" lon="127.06153714098036289215087890625">
        <ele>38.40000152587890625</ele>
        <time>2026-09-06T09:52:17.000Z</time>
        <extensions>
          <ns3:TrackPointExtension>
            <ns3:hr>141</ns3:hr>
            <ns3:cad>81</ns3:cad>
          </ns3:TrackPointExtension>
        </extensions>
      </trkpt>
      <trkpt lat="37.5081210024654865264892578125" lon="127.06156848929822444915771484375">
        <ele>38.40000152587890625</ele>
        <time>2026-09-06T09:52:18.000Z</time>
        <extensions>
          <ns3:TrackPointExtension>
            <ns3:hr>141</ns3:hr>
            <ns3:cad>81</ns3:cad>
          </ns3:TrackPointExtension>
        </extensions>
      </trkpt>
      <trkpt lat="37.508132569491863250732421875" lon="127.06159899942576885223388671875">
        <ele>38.59999847412109375</ele>
        <time>2026-09-06T09:52:19.000Z</time>
        <extensions>
          <ns3:TrackPointExtension>
            <ns3:hr>141</ns3:hr>
            <ns3:cad>81</ns3:cad>
          </ns3:TrackPointExtension>
        </extensions>
      </trkpt>
      <trkpt lat="37.50813684426248073577880859375" lon="127.06162355840206146240234375">
        <ele>38.59999847412109375</ele>
        <time>2026-09-06T09:52:20.000Z</time>
        <extensions>
          <ns3:TrackPointExtension>
            <ns3:hr>142</ns3:hr>
            <ns3:cad>82</ns3:cad>
          </ns3:TrackPointExtension>
        </extensions>
      </trkpt>
      <trkpt lat="37.50815159641206264495849609375" lon="127.0616639591753482818603515625">
        <ele>38.59999847412109375</ele>
        <time>2026-09-06T09:52:21.000Z</time>
        <extensions>
          <ns3:TrackPointExtension>
            <ns3:hr>142</ns3:hr>
            <ns3:cad>82</ns3:cad>
          </ns3:TrackPointExtension>
        </extensions>
      </trkpt>
      <trkpt lat="37.508158721029758453369140625" lon="127.06169891171157360076904296875">
        <ele>38.40000152587890625</ele>
        <time>2026-09-06T09:52:22.000Z</time>
        <extensions>
          <ns3:TrackPointExtension>
            <ns3:hr>141</ns3:hr>
            <ns3:cad>82</ns3:cad>
          </ns3:TrackPointExtension>
        </extensions>
      </trkpt>
      <trkpt lat="37.50816785730421543121337890625" lon="127.0617303438484668731689453125">
        <ele>38.40000152587890625</ele>
        <time>2026-09-06T09:52:23.000Z</time>
        <extensions>
          <ns3:TrackPointExtension>
            <ns3:hr>138</ns3:hr>
            <ns3:cad>82</ns3:cad>
          </ns3:TrackPointExtension>
        </extensions>
      </trkpt>
      <trkpt lat="37.50818126834928989410400390625" lon="127.0617652125656604766845703125">
        <ele>38.200000762939453125</ele>
        <time>2026-09-06T09:52:24.000Z</time>
        <extensions>
          <ns3:TrackPointExtension>
            <ns3:hr>134</ns3:hr>
            <ns3:cad>81</ns3:cad>
          </ns3:TrackPointExtension>
        </extensions>
      </trkpt>
      <trkpt lat="37.5081783346831798553466796875" lon="127.06179597415030002593994140625">
        <ele>38</ele>
        <time>2026-09-06T09:52:25.000Z</time>
        <extensions>
          <ns3:TrackPointExtension>
            <ns3:hr>134</ns3:hr>
            <ns3:cad>81</ns3:cad>
          </ns3:TrackPointExtension>
        </extensions>
      </trkpt>
      <trkpt lat="37.50819032080471515655517578125" lon="127.0618267357349395751953125">
        <ele>38</ele>
        <time>2026-09-06T09:52:26.000Z</time>
        <extensions>
          <ns3:TrackPointExtension>
            <ns3:hr>132</ns3:hr>
            <ns3:cad>82</ns3:cad>
          </ns3:TrackPointExtension>
        </extensions>
      </trkpt>
      <trkpt lat="37.50820842571556568145751953125" lon="127.06185515038669109344482421875">
        <ele>37.799999237060546875</ele>
        <time>2026-09-06T09:52:27.000Z</time>
        <extensions>
          <ns3:TrackPointExtension>
            <ns3:hr>132</ns3:hr>
            <ns3:cad>82</ns3:cad>
          </ns3:TrackPointExtension>
        </extensions>
      </trkpt>
      <trkpt lat="37.50822334550321102142333984375" lon="127.061884738504886627197265625">
        <ele>37.59999847412109375</ele>
        <time>2026-09-06T09:52:28.000Z</time>
        <extensions>
          <ns3:TrackPointExtension>
            <ns3:hr>132</ns3:hr>
            <ns3:cad>82</ns3:cad>
          </ns3:TrackPointExtension>
        </extensions>
      </trkpt>
      <trkpt lat="37.50824698247015476226806640625" lon="127.0619234628975391387939453125">
        <ele>37.59999847412109375</ele>
        <time>2026-09-06T09:52:29.000Z</time>
        <extensions>
          <ns3:TrackPointExtension>
            <ns3:hr>133</ns3:hr>
            <ns3:cad>82</ns3:cad>
          </ns3:TrackPointExtension>
        </extensions>
      </trkpt>
      <trkpt lat="37.508263327181339263916015625" lon="127.0619595050811767578125">
        <ele>37.59999847412109375</ele>
        <time>2026-09-06T09:52:30.000Z</time>
        <extensions>
          <ns3:TrackPointExtension>
            <ns3:hr>133</ns3:hr>
            <ns3:cad>82</ns3:cad>
          </ns3:TrackPointExtension>
        </extensions>
      </trkpt>
      <trkpt lat="37.50827531330287456512451171875" lon="127.06198020838201045989990234375">
        <ele>37.799999237060546875</ele>
        <time>2026-09-06T09:52:31.000Z</time>
        <extensions>
          <ns3:TrackPointExtension>
            <ns3:hr>132</ns3:hr>
            <ns3:cad>82</ns3:cad>
          </ns3:TrackPointExtension>
        </extensions>
      </trkpt>
      <trkpt lat="37.5082728825509548187255859375" lon="127.06202463246881961822509765625">
        <ele>38</ele>
        <time>2026-09-06T09:52:32.000Z</time>
        <extensions>
          <ns3:TrackPointExtension>
            <ns3:hr>132</ns3:hr>
            <ns3:cad>82</ns3:cad>
          </ns3:TrackPointExtension>
        </extensions>
      </trkpt>
      <trkpt lat="37.508278749883174896240234375" lon="127.06205313093960285186767578125">
        <ele>38.200000762939453125</ele>
        <time>2026-09-06T09:52:33.000Z</time>
        <extensions>
          <ns3:TrackPointExtension>
            <ns3:hr>132</ns3:hr>
            <ns3:cad>81</ns3:cad>
          </ns3:TrackPointExtension>
        </extensions>
      </trkpt>
      <trkpt lat="37.5082896463572978973388671875" lon="127.0620870776474475860595703125">
        <ele>38.40000152587890625</ele>
        <time>2026-09-06T09:52:34.000Z</time>
        <extensions>
          <ns3:TrackPointExtension>
            <ns3:hr>133</ns3:hr>
            <ns3:cad>81</ns3:cad>
          </ns3:TrackPointExtension>
        </extensions>
      </trkpt>
      <trkpt lat="37.5083018839359283447265625" lon="127.06213091500103473663330078125">
        <ele>38.200000762939453125</ele>
        <time>2026-09-06T09:52:35.000Z</time>
        <extensions>
          <ns3:TrackPointExtension>
            <ns3:hr>133</ns3:hr>
            <ns3:cad>81</ns3:cad>
          </ns3:TrackPointExtension>
        </extensions>
      </trkpt>
      <trkpt lat="37.50831169076263904571533203125" lon="127.0621571503579616546630859375">
        <ele>38.200000762939453125</ele>
        <time>2026-09-06T09:52:36.000Z</time>
        <extensions>
          <ns3:TrackPointExtension>
            <ns3:hr>133</ns3:hr>
            <ns3:cad>81</ns3:cad>
          </ns3:TrackPointExtension>
        </extensions>
      </trkpt>
      <trkpt lat="37.50832409597933292388916015625" lon="127.0621963776648044586181640625">
        <ele>38</ele>
        <time>2026-09-06T09:52:37.000Z</time>
        <extensions>
          <ns3:TrackPointExtension>
            <ns3:hr>133</ns3:hr>
            <ns3:cad>81</ns3:cad>
          </ns3:TrackPointExtension>
        </extensions>
      </trkpt>
      <trkpt lat="37.5083322264254093170166015625" lon="127.06223107874393463134765625">
        <ele>38</ele>
        <time>2026-09-06T09:52:38.000Z</time>
        <extensions>
          <ns3:TrackPointExtension>
            <ns3:hr>133</ns3:hr>
            <ns3:cad>81</ns3:cad>
          </ns3:TrackPointExtension>
        </extensions>
      </trkpt>
      <trkpt lat="37.50834454782307147979736328125" lon="127.06225454807281494140625">
        <ele>38</ele>
        <time>2026-09-06T09:52:39.000Z</time>
        <extensions>
          <ns3:TrackPointExtension>
            <ns3:hr>134</ns3:hr>
            <ns3:cad>82</ns3:cad>
          </ns3:TrackPointExtension>
        </extensions>
      </trkpt>
      <trkpt lat="37.5083533488214015960693359375" lon="127.06229872070252895355224609375">
        <ele>38</ele>
        <time>2026-09-06T09:52:40.000Z</time>
        <extensions>
          <ns3:TrackPointExtension>
            <ns3:hr>133</ns3:hr>
            <ns3:cad>82</ns3:cad>
          </ns3:TrackPointExtension>
        </extensions>
      </trkpt>
      <trkpt lat="37.50836231745779514312744140625" lon="127.06232889555394649505615234375">
        <ele>37.799999237060546875</ele>
        <time>2026-09-06T09:52:41.000Z</time>
        <extensions>
          <ns3:TrackPointExtension>
            <ns3:hr>133</ns3:hr>
            <ns3:cad>82</ns3:cad>
          </ns3:TrackPointExtension>
        </extensions>
      </trkpt>
      <trkpt lat="37.50836818479001522064208984375" lon="127.06237114034593105316162109375">
        <ele>37.799999237060546875</ele>
        <time>2026-09-06T09:52:42.000Z</time>
        <extensions>
          <ns3:TrackPointExtension>
            <ns3:hr>134</ns3:hr>
            <ns3:cad>82</ns3:cad>
          </ns3:TrackPointExtension>
        </extensions>
      </trkpt>
      <trkpt lat="37.50837036408483982086181640625" lon="127.062411122024059295654296875">
        <ele>37.799999237060546875</ele>
        <time>2026-09-06T09:52:43.000Z</time>
        <extensions>
          <ns3:TrackPointExtension>
            <ns3:hr>134</ns3:hr>
            <ns3:cad>82</ns3:cad>
          </ns3:TrackPointExtension>
        </extensions>
      </trkpt>
      <trkpt lat="37.508365251123905181884765625" lon="127.062442302703857421875">
        <ele>37.799999237060546875</ele>
        <time>2026-09-06T09:52:44.000Z</time>
        <extensions>
          <ns3:TrackPointExtension>
            <ns3:hr>134</ns3:hr>
            <ns3:cad>82</ns3:cad>
          </ns3:TrackPointExtension>
        </extensions>
      </trkpt>
      <trkpt lat="37.50836097635328769683837890625" lon="127.06248764880001544952392578125">
        <ele>38</ele>
        <time>2026-09-06T09:52:45.000Z</time>
        <extensions>
          <ns3:TrackPointExtension>
            <ns3:hr>133</ns3:hr>
            <ns3:cad>83</ns3:cad>
          </ns3:TrackPointExtension>
        </extensions>
      </trkpt>
      <trkpt lat="37.50835259445011615753173828125" lon="127.06252704374492168426513671875">
        <ele>38.200000762939453125</ele>
        <time>2026-09-06T09:52:46.000Z</time>
        <extensions>
          <ns3:TrackPointExtension>
            <ns3:hr>133</ns3:hr>
            <ns3:cad>83</ns3:cad>
          </ns3:TrackPointExtension>
        </extensions>
      </trkpt>
      <trkpt lat="37.50834572128951549530029296875" lon="127.06256677396595478057861328125">
        <ele>38.200000762939453125</ele>
        <time>2026-09-06T09:52:47.000Z</time>
        <extensions>
          <ns3:TrackPointExtension>
            <ns3:hr>133</ns3:hr>
            <ns3:cad>83</ns3:cad>
          </ns3:TrackPointExtension>
        </extensions>
      </trkpt>
      <trkpt lat="37.5083493255078792572021484375" lon="127.06260616891086101531982421875">
        <ele>38.200000762939453125</ele>
        <time>2026-09-06T09:52:48.000Z</time>
        <extensions>
          <ns3:TrackPointExtension>
            <ns3:hr>133</ns3:hr>
            <ns3:cad>83</ns3:cad>
          </ns3:TrackPointExtension>
        </extensions>
      </trkpt>
      <trkpt lat="37.50834521837532520294189453125" lon="127.0626308955252170562744140625">
        <ele>38</ele>
        <time>2026-09-06T09:52:49.000Z</time>
        <extensions>
          <ns3:TrackPointExtension>
            <ns3:hr>133</ns3:hr>
            <ns3:cad>82</ns3:cad>
          </ns3:TrackPointExtension>
        </extensions>
      </trkpt>
      <trkpt lat="37.50833566300570964813232421875" lon="127.0626667700707912445068359375">
        <ele>38</ele>
        <time>2026-09-06T09:52:50.000Z</time>
        <extensions>
          <ns3:TrackPointExtension>
            <ns3:hr>132</ns3:hr>
            <ns3:cad>82</ns3:cad>
          </ns3:TrackPointExtension>
        </extensions>
      </trkpt>
      <trkpt lat="37.50832443125545978546142578125" lon="127.06269912421703338623046875">
        <ele>38</ele>
        <time>2026-09-06T09:52:51.000Z</time>
        <extensions>
          <ns3:TrackPointExtension>
            <ns3:hr>132</ns3:hr>
            <ns3:cad>82</ns3:cad>
          </ns3:TrackPointExtension>
        </extensions>
      </trkpt>
      <trkpt lat="37.5083134509623050689697265625" lon="127.0627279579639434814453125">
        <ele>38.200000762939453125</ele>
        <time>2026-09-06T09:52:52.000Z</time>
        <extensions>
          <ns3:TrackPointExtension>
            <ns3:hr>132</ns3:hr>
            <ns3:cad>82</ns3:cad>
          </ns3:TrackPointExtension>
        </extensions>
      </trkpt>
      <trkpt lat="37.508298195898532867431640625" lon="127.06276173703372478485107421875">
        <ele>38.40000152587890625</ele>
        <time>2026-09-06T09:52:53.000Z</time>
        <extensions>
          <ns3:TrackPointExtension>
            <ns3:hr>132</ns3:hr>
            <ns3:cad>82</ns3:cad>
          </ns3:TrackPointExtension>
        </extensions>
      </trkpt>
      <trkpt lat="37.5082889758050441741943359375" lon="127.0627894811332225799560546875">
        <ele>38.799999237060546875</ele>
        <time>2026-09-06T09:52:54.000Z</time>
        <extensions>
          <ns3:TrackPointExtension>
            <ns3:hr>132</ns3:hr>
            <ns3:cad>82</ns3:cad>
          </ns3:TrackPointExtension>
        </extensions>
      </trkpt>
      <trkpt lat="37.50827749259769916534423828125" lon="127.062823511660099029541015625">
        <ele>39.200000762939453125</ele>
        <time>2026-09-06T09:52:55.000Z</time>
        <extensions>
          <ns3:TrackPointExtension>
            <ns3:hr>132</ns3:hr>
            <ns3:cad>83</ns3:cad>
          </ns3:TrackPointExtension>
        </extensions>
      </trkpt>
      <trkpt lat="37.50825922004878520965576171875" lon="127.06285963766276836395263671875">
        <ele>39.59999847412109375</ele>
        <time>2026-09-06T09:52:56.000Z</time>
        <extensions>
          <ns3:TrackPointExtension>
            <ns3:hr>132</ns3:hr>
            <ns3:cad>83</ns3:cad>
          </ns3:TrackPointExtension>
        </extensions>
      </trkpt>
      <trkpt lat="37.50825067050755023956298828125" lon="127.0628836937248706817626953125">
        <ele>39.799999237060546875</ele>
        <time>2026-09-06T09:52:57.000Z</time>
        <extensions>
          <ns3:TrackPointExtension>
            <ns3:hr>132</ns3:hr>
            <ns3:cad>83</ns3:cad>
          </ns3:TrackPointExtension>
        </extensions>
      </trkpt>
      <trkpt lat="37.50823055393993854522705078125" lon="127.0629229210317134857177734375">
        <ele>39.799999237060546875</ele>
        <time>2026-09-06T09:52:58.000Z</time>
        <extensions>
          <ns3:TrackPointExtension>
            <ns3:hr>132</ns3:hr>
            <ns3:cad>83</ns3:cad>
          </ns3:TrackPointExtension>
        </extensions>
      </trkpt>
      <trkpt lat="37.50821798108518123626708984375" lon="127.06295586191117763519287109375">
        <ele>39.799999237060546875</ele>
        <time>2026-09-06T09:52:59.000Z</time>
        <extensions>
          <ns3:TrackPointExtension>
            <ns3:hr>131</ns3:hr>
            <ns3:cad>83</ns3:cad>
          </ns3:TrackPointExtension>
        </extensions>
      </trkpt>
      <trkpt lat="37.5082142092287540435791015625" lon="127.0629827678203582763671875">
        <ele>40</ele>
        <time>2026-09-06T09:53:00.000Z</time>
        <extensions>
          <ns3:TrackPointExtension>
            <ns3:hr>131</ns3:hr>
            <ns3:cad>83</ns3:cad>
          </ns3:TrackPointExtension>
        </extensions>
      </trkpt>
      <trkpt lat="37.50820121727883815765380859375" lon="127.063030041754245758056640625">
        <ele>40</ele>
        <time>2026-09-06T09:53:01.000Z</time>
        <extensions>
          <ns3:TrackPointExtension>
            <ns3:hr>131</ns3:hr>
            <ns3:cad>83</ns3:cad>
          </ns3:TrackPointExtension>
        </extensions>
      </trkpt>
      <trkpt lat="37.508195936679840087890625" lon="127.063056863844394683837890625">
        <ele>40</ele>
        <time>2026-09-06T09:53:02.000Z</time>
        <extensions>
          <ns3:TrackPointExtension>
            <ns3:hr>131</ns3:hr>
            <ns3:cad>83</ns3:cad>
          </ns3:TrackPointExtension>
        </extensions>
      </trkpt>
      <trkpt lat="37.508178837597370147705078125" lon="127.06308879889547824859619140625">
        <ele>40</ele>
        <time>2026-09-06T09:53:03.000Z</time>
        <extensions>
          <ns3:TrackPointExtension>
            <ns3:hr>131</ns3:hr>
            <ns3:cad>82</ns3:cad>
          </ns3:TrackPointExtension>
        </extensions>
      </trkpt>
      <trkpt lat="37.508165426552295684814453125" lon="127.0631267689168453216552734375">
        <ele>39.799999237060546875</ele>
        <time>2026-09-06T09:53:04.000Z</time>
        <extensions>
          <ns3:TrackPointExtension>
            <ns3:hr>131</ns3:hr>
            <ns3:cad>82</ns3:cad>
          </ns3:TrackPointExtension>
        </extensions>
      </trkpt>
      <trkpt lat="37.5081642530858516693115234375" lon="127.0631442032754421234130859375">
        <ele>39.799999237060546875</ele>
        <time>2026-09-06T09:53:05.000Z</time>
        <extensions>
          <ns3:TrackPointExtension>
            <ns3:hr>132</ns3:hr>
            <ns3:cad>82</ns3:cad>
          </ns3:TrackPointExtension>
        </extensions>
      </trkpt>
      <trkpt lat="37.50817422755062580108642578125" lon="127.06316658295691013336181640625">
        <ele>39.799999237060546875</ele>
        <time>2026-09-06T09:53:06.000Z</time>
        <extensions>
          <ns3:TrackPointExtension>
            <ns3:hr>131</ns3:hr>
            <ns3:cad>82</ns3:cad>
          </ns3:TrackPointExtension>
        </extensions>
      </trkpt>
      <trkpt lat="37.5081919133663177490234375" lon="127.06318703480064868927001953125">
        <ele>40</ele>
        <time>2026-09-06T09:53:07.000Z</time>
        <extensions>
          <ns3:TrackPointExtension>
            <ns3:hr>131</ns3:hr>
            <ns3:cad>82</ns3:cad>
          </ns3:TrackPointExtension>
        </extensions>
      </trkpt>
      <trkpt lat="37.50819937326014041900634765625" lon="127.0631814189255237579345703125">
        <ele>40.200000762939453125</ele>
        <time>2026-09-06T09:53:08.000Z</time>
        <extensions>
          <ns3:TrackPointExtension>
            <ns3:hr>131</ns3:hr>
            <ns3:cad>81</ns3:cad>
          </ns3:TrackPointExtension>
        </extensions>
      </trkpt>
      <trkpt lat="37.50821663998067378997802734375" lon="127.063171528279781341552734375">
        <ele>40.40000152587890625</ele>
        <time>2026-09-06T09:53:09.000Z</time>
        <extensions>
          <ns3:TrackPointExtension>
            <ns3:hr>132</ns3:hr>
            <ns3:cad>81</ns3:cad>
          </ns3:TrackPointExtension>
        </extensions>
      </trkpt>
      <trkpt lat="37.50824430026113986968994140625" lon="127.0631599612534046173095703125">
        <ele>40.40000152587890625</ele>
        <time>2026-09-06T09:53:10.000Z</time>
        <extensions>
          <ns3:TrackPointExtension>
            <ns3:hr>132</ns3:hr>
            <ns3:cad>81</ns3:cad>
          </ns3:TrackPointExtension>
        </extensions>
      </trkpt>
      <trkpt lat="37.5082628242671489715576171875" lon="127.06314948387444019317626953125">
        <ele>40.40000152587890625</ele>
        <time>2026-09-06T09:53:11.000Z</time>
        <extensions>
          <ns3:TrackPointExtension>
            <ns3:hr>132</ns3:hr>
            <ns3:cad>81</ns3:cad>
          </ns3:TrackPointExtension>
        </extensions>
      </trkpt>
      <trkpt lat="37.50828512012958526611328125" lon="127.06313322298228740692138671875">
        <ele>40.40000152587890625</ele>
        <time>2026-09-06T09:53:12.000Z</time>
        <extensions>
          <ns3:TrackPointExtension>
            <ns3:hr>131</ns3:hr>
            <ns3:cad>81</ns3:cad>
          </ns3:TrackPointExtension>
        </extensions>
      </trkpt>
      <trkpt lat="37.50831152312457561492919921875" lon="127.06312769092619419097900390625">
        <ele>40.200000762939453125</ele>
        <time>2026-09-06T09:53:13.000Z</time>
        <extensions>
          <ns3:TrackPointExtension>
            <ns3:hr>131</ns3:hr>
            <ns3:cad>80</ns3:cad>
          </ns3:TrackPointExtension>
        </extensions>
      </trkpt>
      <trkpt lat="37.50832996331155300140380859375" lon="127.0631157048046588897705078125">
        <ele>39.799999237060546875</ele>
        <time>2026-09-06T09:53:14.000Z</time>
        <extensions>
          <ns3:TrackPointExtension>
            <ns3:hr>131</ns3:hr>
            <ns3:cad>80</ns3:cad>
          </ns3:TrackPointExtension>
        </extensions>
      </trkpt>
      <trkpt lat="37.508343793451786041259765625" lon="127.06310170702636241912841796875">
        <ele>39.59999847412109375</ele>
        <time>2026-09-06T09:53:15.000Z</time>
        <extensions>
          <ns3:TrackPointExtension>
            <ns3:hr>131</ns3:hr>
            <ns3:cad>80</ns3:cad>
          </ns3:TrackPointExtension>
        </extensions>
      </trkpt>
      <trkpt lat="37.50835343264043331146240234375" lon="127.06309215165674686431884765625">
        <ele>39.200000762939453125</ele>
        <time>2026-09-06T09:53:16.000Z</time>
        <extensions>
          <ns3:TrackPointExtension>
            <ns3:hr>131</ns3:hr>
            <ns3:cad>78</ns3:cad>
          </ns3:TrackPointExtension>
        </extensions>
      </trkpt>
      <trkpt lat="37.508364580571651458740234375" lon="127.06308946944773197174072265625">
        <ele>39.200000762939453125</ele>
        <time>2026-09-06T09:53:17.000Z</time>
        <extensions>
          <ns3:TrackPointExtension>
            <ns3:hr>131</ns3:hr>
            <ns3:cad>78</ns3:cad>
          </ns3:TrackPointExtension>
        </extensions>
      </trkpt>
      <trkpt lat="37.50837237574160099029541015625" lon="127.06307924352586269378662109375">
        <ele>39</ele>
        <time>2026-09-06T09:53:18.000Z</time>
        <extensions>
          <ns3:TrackPointExtension>
            <ns3:hr>131</ns3:hr>
            <ns3:cad>78</ns3:cad>
          </ns3:TrackPointExtension>
        </extensions>
      </trkpt>
      <trkpt lat="37.50839685089886188507080078125" lon="127.0630712807178497314453125">
        <ele>39</ele>
        <time>2026-09-06T09:53:58.000Z</time>
        <extensions>
          <ns3:TrackPointExtension>
            <ns3:hr>110</ns3:hr>
            <ns3:cad>0</ns3:cad>
          </ns3:TrackPointExtension>
        </extensions>
      </trkpt>
      <trkpt lat="37.50839685089886188507080078125" lon="127.0630712807178497314453125">
        <ele>39</ele>
        <time>2026-09-06T09:53:59.000Z</time>
        <extensions>
          <ns3:TrackPointExtension>
            <ns3:hr>110</ns3:hr>
            <ns3:cad>0</ns3:cad>
          </ns3:TrackPointExtension>
        </extensions>
      </trkpt>
      <trkpt lat="37.50840037129819393157958984375" lon="127.06306650303304195404052734375">
        <ele>39</ele>
        <time>2026-09-06T09:54:00.000Z</time>
        <extensions>
          <ns3:TrackPointExtension>
            <ns3:hr>110</ns3:hr>
            <ns3:cad>0</ns3:cad>
          </ns3:TrackPointExtension>
        </extensions>
      </trkpt>
      <trkpt lat="37.5084140338003635406494140625" lon="127.0630560256540775299072265625">
        <ele>38.799999237060546875</ele>
        <time>2026-09-06T09:54:01.000Z</time>
        <extensions>
          <ns3:TrackPointExtension>
            <ns3:hr>109</ns3:hr>
            <ns3:cad>0</ns3:cad>
          </ns3:TrackPointExtension>
        </extensions>
      </trkpt>
      <trkpt lat="37.508432976901531219482421875" lon="127.06304353661835193634033203125">
        <ele>38.799999237060546875</ele>
        <time>2026-09-06T09:54:02.000Z</time>
        <extensions>
          <ns3:TrackPointExtension>
            <ns3:hr>109</ns3:hr>
            <ns3:cad>0</ns3:cad>
          </ns3:TrackPointExtension>
        </extensions>
      </trkpt>
      <trkpt lat="37.50845887698233127593994140625" lon="127.06306834705173969268798828125">
        <ele>38.59999847412109375</ele>
        <time>2026-09-06T09:54:03.000Z</time>
        <extensions>
          <ns3:TrackPointExtension>
            <ns3:hr>109</ns3:hr>
            <ns3:cad>0</ns3:cad>
          </ns3:TrackPointExtension>
        </extensions>
      </trkpt>
      <trkpt lat="37.5084908120334148406982421875" lon="127.06309416331350803375244140625">
        <ele>38.40000152587890625</ele>
        <time>2026-09-06T09:54:04.000Z</time>
        <extensions>
          <ns3:TrackPointExtension>
            <ns3:hr>108</ns3:hr>
            <ns3:cad>0</ns3:cad>
          </ns3:TrackPointExtension>
        </extensions>
      </trkpt>
      <trkpt lat="37.50851771794259548187255859375" lon="127.063126601278781890869140625">
        <ele>38.40000152587890625</ele>
        <time>2026-09-06T09:54:05.000Z</time>
        <extensions>
          <ns3:TrackPointExtension>
            <ns3:hr>107</ns3:hr>
            <ns3:cad>77</ns3:cad>
          </ns3:TrackPointExtension>
        </extensions>
      </trkpt>
      <trkpt lat="37.508538253605365753173828125" lon="127.0631673373281955718994140625">
        <ele>38.40000152587890625</ele>
        <time>2026-09-06T09:54:06.000Z</time>
        <extensions>
          <ns3:TrackPointExtension>
            <ns3:hr>107</ns3:hr>
            <ns3:cad>80</ns3:cad>
          </ns3:TrackPointExtension>
        </extensions>
      </trkpt>
      <trkpt lat="37.5085608847439289093017578125" lon="127.0632038824260234832763671875">
        <ele>38.40000152587890625</ele>
        <time>2026-09-06T09:54:07.000Z</time>
        <extensions>
          <ns3:TrackPointExtension>
            <ns3:hr>107</ns3:hr>
            <ns3:cad>80</ns3:cad>
          </ns3:TrackPointExtension>
        </extensions>
      </trkpt>
      <trkpt lat="37.50858192332088947296142578125" lon="127.06324755214154720306396484375">
        <ele>38.40000152587890625</ele>
        <time>2026-09-06T09:54:08.000Z</time>
        <extensions>
          <ns3:TrackPointExtension>
            <ns3:hr>108</ns3:hr>
            <ns3:cad>80</ns3:cad>
          </ns3:TrackPointExtension>
        </extensions>
      </trkpt>
      <trkpt lat="37.50859919004142284393310546875" lon="127.063286863267421722412109375">
        <ele>38.40000152587890625</ele>
        <time>2026-09-06T09:54:09.000Z</time>
        <extensions>
          <ns3:TrackPointExtension>
            <ns3:hr>110</ns3:hr>
            <ns3:cad>82</ns3:cad>
          </ns3:TrackPointExtension>
        </extensions>
      </trkpt>
      <trkpt lat="37.508618049323558807373046875" lon="127.063321731984615325927734375">
        <ele>38.40000152587890625</ele>
        <time>2026-09-06T09:54:10.000Z</time>
        <extensions>
          <ns3:TrackPointExtension>
            <ns3:hr>111</ns3:hr>
            <ns3:cad>82</ns3:cad>
          </ns3:TrackPointExtension>
        </extensions>
      </trkpt>
      <trkpt lat="37.50863221473991870880126953125" lon="127.063360624015331268310546875">
        <ele>38.40000152587890625</ele>
        <time>2026-09-06T09:54:11.000Z</time>
        <extensions>
          <ns3:TrackPointExtension>
            <ns3:hr>112</ns3:hr>
            <ns3:cad>83</ns3:cad>
          </ns3:TrackPointExtension>
        </extensions>
      </trkpt>
      <trkpt lat="37.50864721834659576416015625" lon="127.063390128314495086669921875">
        <ele>38.40000152587890625</ele>
        <time>2026-09-06T09:54:12.000Z</time>
        <extensions>
          <ns3:TrackPointExtension>
            <ns3:hr>111</ns3:hr>
            <ns3:cad>83</ns3:cad>
          </ns3:TrackPointExtension>
        </extensions>
      </trkpt>
      <trkpt lat="37.5086614675819873809814453125" lon="127.063432373106479644775390625">
        <ele>38.40000152587890625</ele>
        <time>2026-09-06T09:54:13.000Z</time>
        <extensions>
          <ns3:TrackPointExtension>
            <ns3:hr>108</ns3:hr>
            <ns3:cad>83</ns3:cad>
          </ns3:TrackPointExtension>
        </extensions>
      </trkpt>
      <trkpt lat="37.508671693503856658935546875" lon="127.06346833147108554840087890625">
        <ele>38.40000152587890625</ele>
        <time>2026-09-06T09:54:14.000Z</time>
        <extensions>
          <ns3:TrackPointExtension>
            <ns3:hr>105</ns3:hr>
            <ns3:cad>83</ns3:cad>
          </ns3:TrackPointExtension>
        </extensions>
      </trkpt>
      <trkpt lat="37.508684433996677398681640625" lon="127.06350470893085002899169921875">
        <ele>38.40000152587890625</ele>
        <time>2026-09-06T09:54:15.000Z</time>
        <extensions>
          <ns3:TrackPointExtension>
            <ns3:hr>103</ns3:hr>
            <ns3:cad>83</ns3:cad>
          </ns3:TrackPointExtension>
        </extensions>
      </trkpt>
      <trkpt lat="37.508694827556610107421875" lon="127.06354980356991291046142578125">
        <ele>38.200000762939453125</ele>
        <time>2026-09-06T09:54:16.000Z</time>
        <extensions>
          <ns3:TrackPointExtension>
            <ns3:hr>102</ns3:hr>
            <ns3:cad>83</ns3:cad>
          </ns3:TrackPointExtension>
        </extensions>
      </trkpt>
      <trkpt lat="37.50870279036462306976318359375" lon="127.0635827444493770599365234375">
        <ele>38.200000762939453125</ele>
        <time>2026-09-06T09:54:17.000Z</time>
        <extensions>
          <ns3:TrackPointExtension>
            <ns3:hr>102</ns3:hr>
            <ns3:cad>84</ns3:cad>
          </ns3:TrackPointExtension>
        </extensions>
      </trkpt>
      <trkpt lat="37.5087107531726360321044921875" lon="127.06363546662032604217529296875">
        <ele>38.200000762939453125</ele>
        <time>2026-09-06T09:54:18.000Z</time>
        <extensions>
          <ns3:TrackPointExtension>
            <ns3:hr>103</ns3:hr>
            <ns3:cad>83</ns3:cad>
          </ns3:TrackPointExtension>
        </extensions>
      </trkpt>
      <trkpt lat="37.50871561467647552490234375" lon="127.06367335282266139984130859375">
        <ele>38.200000762939453125</ele>
        <time>2026-09-06T09:54:19.000Z</time>
        <extensions>
          <ns3:TrackPointExtension>
            <ns3:hr>104</ns3:hr>
            <ns3:cad>83</ns3:cad>
          </ns3:TrackPointExtension>
        </extensions>
      </trkpt>
      <trkpt lat="37.508722655475139617919921875" lon="127.06371459178626537322998046875">
        <ele>38.200000762939453125</ele>
        <time>2026-09-06T09:54:20.000Z</time>
        <extensions>
          <ns3:TrackPointExtension>
            <ns3:hr>105</ns3:hr>
            <ns3:cad>83</ns3:cad>
          </ns3:TrackPointExtension>
        </extensions>
      </trkpt>
      <trkpt lat="37.50871418975293636322021484375" lon="127.06376270391047000885009765625">
        <ele>38.40000152587890625</ele>
        <time>2026-09-06T09:54:21.000Z</time>
        <extensions>
          <ns3:TrackPointExtension>
            <ns3:hr>106</ns3:hr>
            <ns3:cad>84</ns3:cad>
          </ns3:TrackPointExtension>
        </extensions>
      </trkpt>
      <trkpt lat="37.50871829688549041748046875" lon="127.063796482980251312255859375">
        <ele>38.59999847412109375</ele>
        <time>2026-09-06T09:54:22.000Z</time>
        <extensions>
          <ns3:TrackPointExtension>
            <ns3:hr>107</ns3:hr>
            <ns3:cad>84</ns3:cad>
          </ns3:TrackPointExtension>
        </extensions>
      </trkpt>
      <trkpt lat="37.50871033407747745513916015625" lon="127.0638415776193141937255859375">
        <ele>38.59999847412109375</ele>
        <time>2026-09-06T09:54:23.000Z</time>
        <extensions>
          <ns3:TrackPointExtension>
            <ns3:hr>108</ns3:hr>
            <ns3:cad>84</ns3:cad>
          </ns3:TrackPointExtension>
        </extensions>
      </trkpt>
      <trkpt lat="37.50870077870786190032958984375" lon="127.06387552432715892791748046875">
        <ele>38.59999847412109375</ele>
        <time>2026-09-06T09:54:24.000Z</time>
        <extensions>
          <ns3:TrackPointExtension>
            <ns3:hr>109</ns3:hr>
            <ns3:cad>84</ns3:cad>
          </ns3:TrackPointExtension>
        </extensions>
      </trkpt>
      <trkpt lat="37.5086923129856586456298828125" lon="127.0639123208820819854736328125">
        <ele>38.59999847412109375</ele>
        <time>2026-09-06T09:54:25.000Z</time>
        <extensions>
          <ns3:TrackPointExtension>
            <ns3:hr>110</ns3:hr>
            <ns3:cad>84</ns3:cad>
          </ns3:TrackPointExtension>
        </extensions>
      </trkpt>
      <trkpt lat="37.50867999158799648284912109375" lon="127.06394232809543609619140625">
        <ele>38.799999237060546875</ele>
        <time>2026-09-06T09:54:26.000Z</time>
        <extensions>
          <ns3:TrackPointExtension>
            <ns3:hr>110</ns3:hr>
            <ns3:cad>84</ns3:cad>
          </ns3:TrackPointExtension>
        </extensions>
      </trkpt>
      <trkpt lat="37.50866641290485858917236328125" lon="127.0639720000326633453369140625">
        <ele>38.799999237060546875</ele>
        <time>2026-09-06T09:54:27.000Z</time>
        <extensions>
          <ns3:TrackPointExtension>
            <ns3:hr>111</ns3:hr>
            <ns3:cad>83</ns3:cad>
          </ns3:TrackPointExtension>
        </extensions>
      </trkpt>
      <trkpt lat="37.508644200861454010009765625" lon="127.0640021748840808868408203125">
        <ele>39</ele>
        <time>2026-09-06T09:54:28.000Z</time>
        <extensions>
          <ns3:TrackPointExtension>
            <ns3:hr>112</ns3:hr>
            <ns3:cad>83</ns3:cad>
          </ns3:TrackPointExtension>
        </extensions>
      </trkpt>
      <trkpt lat="37.5086527504026889801025390625" lon="127.06401734612882137298583984375">
        <ele>39.40000152587890625</ele>
        <time>2026-09-06T09:54:29.000Z</time>
        <extensions>
          <ns3:TrackPointExtension>
            <ns3:hr>112</ns3:hr>
            <ns3:cad>83</ns3:cad>
          </ns3:TrackPointExtension>
        </extensions>
      </trkpt>
      <trkpt lat="37.50867177732288837432861328125" lon="127.06403042189776897430419921875">
        <ele>39.59999847412109375</ele>
        <time>2026-09-06T09:54:30.000Z</time>
        <extensions>
          <ns3:TrackPointExtension>
            <ns3:hr>112</ns3:hr>
            <ns3:cad>83</ns3:cad>
          </ns3:TrackPointExtension>
        </extensions>
      </trkpt>
      <trkpt lat="37.5086956657469272613525390625" lon="127.06405875273048877716064453125">
        <ele>39.799999237060546875</ele>
        <time>2026-09-06T09:54:31.000Z</time>
        <extensions>
          <ns3:TrackPointExtension>
            <ns3:hr>112</ns3:hr>
            <ns3:cad>83</ns3:cad>
          </ns3:TrackPointExtension>
        </extensions>
      </trkpt>
      <trkpt lat="37.5087198056280612945556640625" lon="127.0640665479004383087158203125">
        <ele>39.799999237060546875</ele>
        <time>2026-09-06T09:54:32.000Z</time>
        <extensions>
          <ns3:TrackPointExtension>
            <ns3:hr>113</ns3:hr>
            <ns3:cad>83</ns3:cad>
          </ns3:TrackPointExtension>
        </extensions>
      </trkpt>
      <trkpt lat="37.5087553448975086212158203125" lon="127.06408037804067134857177734375">
        <ele>39.799999237060546875</ele>
        <time>2026-09-06T09:54:33.000Z</time>
        <extensions>
          <ns3:TrackPointExtension>
            <ns3:hr>113</ns3:hr>
            <ns3:cad>83</ns3:cad>
          </ns3:TrackPointExtension>
        </extensions>
      </trkpt>
      <trkpt lat="37.50879473984241485595703125" lon="127.06410753540694713592529296875">
        <ele>39.40000152587890625</ele>
        <time>2026-09-06T09:54:34.000Z</time>
        <extensions>
          <ns3:TrackPointExtension>
            <ns3:hr>113</ns3:hr>
            <ns3:cad>83</ns3:cad>
          </ns3:TrackPointExtension>
        </extensions>
      </trkpt>
      <trkpt lat="37.50881695188581943511962890625" lon="127.06411927007138729095458984375">
        <ele>39.200000762939453125</ele>
        <time>2026-09-06T09:54:35.000Z</time>
        <extensions>
          <ns3:TrackPointExtension>
            <ns3:hr>114</ns3:hr>
            <ns3:cad>83</ns3:cad>
          </ns3:TrackPointExtension>
        </extensions>
      </trkpt>
      <trkpt lat="37.508853413164615631103515625" lon="127.06413812935352325439453125">
        <ele>39</ele>
        <time>2026-09-06T09:54:36.000Z</time>
        <extensions>
          <ns3:TrackPointExtension>
            <ns3:hr>114</ns3:hr>
            <ns3:cad>83</ns3:cad>
          </ns3:TrackPointExtension>
        </extensions>
      </trkpt>
      <trkpt lat="37.50888048671185970306396484375" lon="127.0641510374844074249267578125">
        <ele>38.799999237060546875</ele>
        <time>2026-09-06T09:54:37.000Z</time>
        <extensions>
          <ns3:TrackPointExtension>
            <ns3:hr>114</ns3:hr>
            <ns3:cad>83</ns3:cad>
          </ns3:TrackPointExtension>
        </extensions>
      </trkpt>
      <trkpt lat="37.50891049392521381378173828125" lon="127.0641661249101161956787109375">
        <ele>38.799999237060546875</ele>
        <time>2026-09-06T09:54:38.000Z</time>
        <extensions>
          <ns3:TrackPointExtension>
            <ns3:hr>116</ns3:hr>
            <ns3:cad>83</ns3:cad>
          </ns3:TrackPointExtension>
        </extensions>
      </trkpt>
      <trkpt lat="37.50894385389983654022216796875" lon="127.0641973055899143218994140625">
        <ele>38.799999237060546875</ele>
        <time>2026-09-06T09:54:39.000Z</time>
        <extensions>
          <ns3:TrackPointExtension>
            <ns3:hr>120</ns3:hr>
            <ns3:cad>83</ns3:cad>
          </ns3:TrackPointExtension>
        </extensions>
      </trkpt>
      <trkpt lat="37.50895977951586246490478515625" lon="127.06421297974884510040283203125">
        <ele>38.799999237060546875</ele>
        <time>2026-09-06T09:54:40.000Z</time>
        <extensions>
          <ns3:TrackPointExtension>
            <ns3:hr>123</ns3:hr>
            <ns3:cad>83</ns3:cad>
          </ns3:TrackPointExtension>
        </extensions>
      </trkpt>
      <trkpt lat="37.50898542813956737518310546875" lon="127.06424248404800891876220703125">
        <ele>38.799999237060546875</ele>
        <time>2026-09-06T09:54:41.000Z</time>
        <extensions>
          <ns3:TrackPointExtension>
            <ns3:hr>124</ns3:hr>
            <ns3:cad>83</ns3:cad>
          </ns3:TrackPointExtension>
        </extensions>
      </trkpt>
      <trkpt lat="37.50900520943105220794677734375" lon="127.064275257289409637451171875">
        <ele>38.59999847412109375</ele>
        <time>2026-09-06T09:54:42.000Z</time>
        <extensions>
          <ns3:TrackPointExtension>
            <ns3:hr>125</ns3:hr>
            <ns3:cad>82</ns3:cad>
          </ns3:TrackPointExtension>
        </extensions>
      </trkpt>
      <trkpt lat="37.50901476480066776275634765625" lon="127.06430216319859027862548828125">
        <ele>38.40000152587890625</ele>
        <time>2026-09-06T09:54:43.000Z</time>
        <extensions>
          <ns3:TrackPointExtension>
            <ns3:hr>125</ns3:hr>
            <ns3:cad>82</ns3:cad>
          </ns3:TrackPointExtension>
        </extensions>
      </trkpt>
      <trkpt lat="37.50901870429515838623046875" lon="127.06435932777822017669677734375">
        <ele>38.40000152587890625</ele>
        <time>2026-09-06T09:54:44.000Z</time>
        <extensions>
          <ns3:TrackPointExtension>
            <ns3:hr>125</ns3:hr>
            <ns3:cad>82</ns3:cad>
          </ns3:TrackPointExtension>
        </extensions>
      </trkpt>
      <trkpt lat="37.50902281142771244049072265625" lon="127.06438757479190826416015625">
        <ele>38.40000152587890625</ele>
        <time>2026-09-06T09:54:45.000Z</time>
        <extensions>
          <ns3:TrackPointExtension>
            <ns3:hr>125</ns3:hr>
            <ns3:cad>83</ns3:cad>
          </ns3:TrackPointExtension>
        </extensions>
      </trkpt>
      <trkpt lat="37.5090342946350574493408203125" lon="127.06442537717521190643310546875">
        <ele>38.40000152587890625</ele>
        <time>2026-09-06T09:54:46.000Z</time>
        <extensions>
          <ns3:TrackPointExtension>
            <ns3:hr>125</ns3:hr>
            <ns3:cad>83</ns3:cad>
          </ns3:TrackPointExtension>
        </extensions>
      </trkpt>
      <trkpt lat="37.509043179452419281005859375" lon="127.06446460448205471038818359375">
        <ele>38.40000152587890625</ele>
        <time>2026-09-06T09:54:47.000Z</time>
        <extensions>
          <ns3:TrackPointExtension>
            <ns3:hr>126</ns3:hr>
            <ns3:cad>83</ns3:cad>
          </ns3:TrackPointExtension>
        </extensions>
      </trkpt>
      <trkpt lat="37.50905684195458889007568359375" lon="127.064497210085391998291015625">
        <ele>38.40000152587890625</ele>
        <time>2026-09-06T09:54:48.000Z</time>
        <extensions>
          <ns3:TrackPointExtension>
            <ns3:hr>126</ns3:hr>
            <ns3:cad>83</ns3:cad>
          </ns3:TrackPointExtension>
        </extensions>
      </trkpt>
      <trkpt lat="37.50906991772353649139404296875" lon="127.06453920342028141021728515625">
        <ele>38.40000152587890625</ele>
        <time>2026-09-06T09:54:49.000Z</time>
        <extensions>
          <ns3:TrackPointExtension>
            <ns3:hr>125</ns3:hr>
            <ns3:cad>83</ns3:cad>
          </ns3:TrackPointExtension>
        </extensions>
      </trkpt>
      <trkpt lat="37.509081065654754638671875" lon="127.064566947519779205322265625">
        <ele>38.200000762939453125</ele>
        <time>2026-09-06T09:54:50.000Z</time>
        <extensions>
          <ns3:TrackPointExtension>
            <ns3:hr>125</ns3:hr>
            <ns3:cad>83</ns3:cad>
          </ns3:TrackPointExtension>
        </extensions>
      </trkpt>
      <trkpt lat="37.50909782946109771728515625" lon="127.06459620036184787750244140625">
        <ele>38.40000152587890625</ele>
        <time>2026-09-06T09:54:51.000Z</time>
        <extensions>
          <ns3:TrackPointExtension>
            <ns3:hr>125</ns3:hr>
            <ns3:cad>83</ns3:cad>
          </ns3:TrackPointExtension>
        </extensions>
      </trkpt>
      <trkpt lat="37.5091159343719482421875" lon="127.06463593058288097381591796875">
        <ele>38.40000152587890625</ele>
        <time>2026-09-06T09:54:52.000Z</time>
        <extensions>
          <ns3:TrackPointExtension>
            <ns3:hr>126</ns3:hr>
            <ns3:cad>83</ns3:cad>
          </ns3:TrackPointExtension>
        </extensions>
      </trkpt>
      <trkpt lat="37.50913563184440135955810546875" lon="127.06465470604598522186279296875">
        <ele>38.40000152587890625</ele>
        <time>2026-09-06T09:54:53.000Z</time>
        <extensions>
          <ns3:TrackPointExtension>
            <ns3:hr>126</ns3:hr>
            <ns3:cad>83</ns3:cad>
          </ns3:TrackPointExtension>
        </extensions>
      </trkpt>
      <trkpt lat="37.50916362740099430084228515625" lon="127.064688317477703094482421875">
        <ele>38.59999847412109375</ele>
        <time>2026-09-06T09:54:54.000Z</time>
        <extensions>
          <ns3:TrackPointExtension>
            <ns3:hr>126</ns3:hr>
            <ns3:cad>83</ns3:cad>
          </ns3:TrackPointExtension>
        </extensions>
      </trkpt>
      <trkpt lat="37.5091834925115108489990234375" lon="127.06471790559589862823486328125">
        <ele>38.40000152587890625</ele>
        <time>2026-09-06T09:54:55.000Z</time>
        <extensions>
          <ns3:TrackPointExtension>
            <ns3:hr>126</ns3:hr>
            <ns3:cad>83</ns3:cad>
          </ns3:TrackPointExtension>
        </extensions>
      </trkpt>
      <trkpt lat="37.50920151360332965850830078125" lon="127.06473751924932003021240234375">
        <ele>38.40000152587890625</ele>
        <time>2026-09-06T09:54:56.000Z</time>
        <extensions>
          <ns3:TrackPointExtension>
            <ns3:hr>126</ns3:hr>
            <ns3:cad>83</ns3:cad>
          </ns3:TrackPointExtension>
        </extensions>
      </trkpt>
      <trkpt lat="37.50922380946576595306396484375" lon="127.0647746510803699493408203125">
        <ele>38.200000762939453125</ele>
        <time>2026-09-06T09:54:57.000Z</time>
        <extensions>
          <ns3:TrackPointExtension>
            <ns3:hr>127</ns3:hr>
            <ns3:cad>83</ns3:cad>
          </ns3:TrackPointExtension>
        </extensions>
      </trkpt>
      <trkpt lat="37.5092351250350475311279296875" lon="127.06479736603796482086181640625">
        <ele>38</ele>
        <time>2026-09-06T09:54:58.000Z</time>
        <extensions>
          <ns3:TrackPointExtension>
            <ns3:hr>127</ns3:hr>
            <ns3:cad>82</ns3:cad>
          </ns3:TrackPointExtension>
        </extensions>
      </trkpt>
      <trkpt lat="37.50925465486943721771240234375" lon="127.0648289658129215240478515625">
        <ele>38</ele>
        <time>2026-09-06T09:54:59.000Z</time>
        <extensions>
          <ns3:TrackPointExtension>
            <ns3:hr>127</ns3:hr>
            <ns3:cad>82</ns3:cad>
          </ns3:TrackPointExtension>
        </extensions>
      </trkpt>
      <trkpt lat="37.50926437787711620330810546875" lon="127.06486626528203487396240234375">
        <ele>38</ele>
        <time>2026-09-06T09:55:00.000Z</time>
        <extensions>
          <ns3:TrackPointExtension>
            <ns3:hr>127</ns3:hr>
            <ns3:cad>82</ns3:cad>
          </ns3:TrackPointExtension>
        </extensions>
      </trkpt>
      <trkpt lat="37.5092782080173492431640625" lon="127.064890153706073760986328125">
        <ele>38.200000762939453125</ele>
        <time>2026-09-06T09:55:01.000Z</time>
        <extensions>
          <ns3:TrackPointExtension>
            <ns3:hr>128</ns3:hr>
            <ns3:cad>82</ns3:cad>
          </ns3:TrackPointExtension>
        </extensions>
      </trkpt>
      <trkpt lat="37.509293295443058013916015625" lon="127.0649295486509799957275390625">
        <ele>38.200000762939453125</ele>
        <time>2026-09-06T09:55:02.000Z</time>
        <extensions>
          <ns3:TrackPointExtension>
            <ns3:hr>128</ns3:hr>
            <ns3:cad>82</ns3:cad>
          </ns3:TrackPointExtension>
        </extensions>
      </trkpt>
      <trkpt lat="37.50930628739297389984130859375" lon="127.0649617351591587066650390625">
        <ele>38.40000152587890625</ele>
        <time>2026-09-06T09:55:03.000Z</time>
        <extensions>
          <ns3:TrackPointExtension>
            <ns3:hr>128</ns3:hr>
            <ns3:cad>82</ns3:cad>
          </ns3:TrackPointExtension>
        </extensions>
      </trkpt>
      <trkpt lat="37.50931642949581146240234375" lon="127.0649949274957180023193359375">
        <ele>38.40000152587890625</ele>
        <time>2026-09-06T09:55:04.000Z</time>
        <extensions>
          <ns3:TrackPointExtension>
            <ns3:hr>129</ns3:hr>
            <ns3:cad>83</ns3:cad>
          </ns3:TrackPointExtension>
        </extensions>
      </trkpt>
      <trkpt lat="37.50932506285607814788818359375" lon="127.065032981336116790771484375">
        <ele>38.59999847412109375</ele>
        <time>2026-09-06T09:55:05.000Z</time>
        <extensions>
          <ns3:TrackPointExtension>
            <ns3:hr>129</ns3:hr>
            <ns3:cad>83</ns3:cad>
          </ns3:TrackPointExtension>
        </extensions>
      </trkpt>
      <trkpt lat="37.50933294184505939483642578125" lon="127.065055780112743377685546875">
        <ele>38.799999237060546875</ele>
        <time>2026-09-06T09:55:06.000Z</time>
        <extensions>
          <ns3:TrackPointExtension>
            <ns3:hr>129</ns3:hr>
            <ns3:cad>83</ns3:cad>
          </ns3:TrackPointExtension>
        </extensions>
      </trkpt>
      <trkpt lat="37.5093430839478969573974609375" lon="127.06509341485798358917236328125">
        <ele>38.799999237060546875</ele>
        <time>2026-09-06T09:55:07.000Z</time>
        <extensions>
          <ns3:TrackPointExtension>
            <ns3:hr>130</ns3:hr>
            <ns3:cad>83</ns3:cad>
          </ns3:TrackPointExtension>
        </extensions>
      </trkpt>
      <trkpt lat="37.5093491189181804656982421875" lon="127.06512786448001861572265625">
        <ele>38.799999237060546875</ele>
        <time>2026-09-06T09:55:08.000Z</time>
        <extensions>
          <ns3:TrackPointExtension>
            <ns3:hr>130</ns3:hr>
            <ns3:cad>83</ns3:cad>
          </ns3:TrackPointExtension>
        </extensions>
      </trkpt>
      <trkpt lat="37.50935532152652740478515625" lon="127.06515711732208728790283203125">
        <ele>38.799999237060546875</ele>
        <time>2026-09-06T09:55:09.000Z</time>
        <extensions>
          <ns3:TrackPointExtension>
            <ns3:hr>130</ns3:hr>
            <ns3:cad>83</ns3:cad>
          </ns3:TrackPointExtension>
        </extensions>
      </trkpt>
      <trkpt lat="37.5093640387058258056640625" lon="127.06520154140889644622802734375">
        <ele>38.59999847412109375</ele>
        <time>2026-09-06T09:55:10.000Z</time>
        <extensions>
          <ns3:TrackPointExtension>
            <ns3:hr>130</ns3:hr>
            <ns3:cad>83</ns3:cad>
          </ns3:TrackPointExtension>
        </extensions>
      </trkpt>
      <trkpt lat="37.50937812030315399169921875" lon="127.065229453146457672119140625">
        <ele>38.59999847412109375</ele>
        <time>2026-09-06T09:55:11.000Z</time>
        <extensions>
          <ns3:TrackPointExtension>
            <ns3:hr>130</ns3:hr>
            <ns3:cad>83</ns3:cad>
          </ns3:TrackPointExtension>
        </extensions>
      </trkpt>
      <trkpt lat="37.50939278863370418548583984375" lon="127.06527077592909336090087890625">
        <ele>38.59999847412109375</ele>
        <time>2026-09-06T09:55:12.000Z</time>
        <extensions>
          <ns3:TrackPointExtension>
            <ns3:hr>130</ns3:hr>
            <ns3:cad>83</ns3:cad>
          </ns3:TrackPointExtension>
        </extensions>
      </trkpt>
      <trkpt lat="37.5094037689268589019775390625" lon="127.06530849449336528778076171875">
        <ele>38.59999847412109375</ele>
        <time>2026-09-06T09:55:13.000Z</time>
        <extensions>
          <ns3:TrackPointExtension>
            <ns3:hr>130</ns3:hr>
            <ns3:cad>83</ns3:cad>
          </ns3:TrackPointExtension>
        </extensions>
      </trkpt>
      <trkpt lat="37.5094128213822841644287109375" lon="127.06533749587833881378173828125">
        <ele>38.59999847412109375</ele>
        <time>2026-09-06T09:55:14.000Z</time>
        <extensions>
          <ns3:TrackPointExtension>
            <ns3:hr>130</ns3:hr>
            <ns3:cad>83</ns3:cad>
          </ns3:TrackPointExtension>
        </extensions>
      </trkpt>
      <trkpt lat="37.50941961072385311126708984375" lon="127.06537873484194278717041015625">
        <ele>38.799999237060546875</ele>
        <time>2026-09-06T09:55:15.000Z</time>
        <extensions>
          <ns3:TrackPointExtension>
            <ns3:hr>130</ns3:hr>
            <ns3:cad>83</ns3:cad>
          </ns3:TrackPointExtension>
        </extensions>
      </trkpt>
      <trkpt lat="37.509432099759578704833984375" lon="127.0654099993407726287841796875">
        <ele>38.799999237060546875</ele>
        <time>2026-09-06T09:55:16.000Z</time>
        <extensions>
          <ns3:TrackPointExtension>
            <ns3:hr>130</ns3:hr>
            <ns3:cad>83</ns3:cad>
          </ns3:TrackPointExtension>
        </extensions>
      </trkpt>
      <trkpt lat="37.509446851909160614013671875" lon="127.06544176675379276275634765625">
        <ele>38.799999237060546875</ele>
        <time>2026-09-06T09:55:17.000Z</time>
        <extensions>
          <ns3:TrackPointExtension>
            <ns3:hr>130</ns3:hr>
            <ns3:cad>83</ns3:cad>
          </ns3:TrackPointExtension>
        </extensions>
      </trkpt>
      <trkpt lat="37.50946269370615482330322265625" lon="127.06547252833843231201171875">
        <ele>38.799999237060546875</ele>
        <time>2026-09-06T09:55:18.000Z</time>
        <extensions>
          <ns3:TrackPointExtension>
            <ns3:hr>129</ns3:hr>
            <ns3:cad>83</ns3:cad>
          </ns3:TrackPointExtension>
        </extensions>
      </trkpt>
      <trkpt lat="37.509469650685787200927734375" lon="127.06549842841923236846923828125">
        <ele>39</ele>
        <time>2026-09-06T09:55:19.000Z</time>
        <extensions>
          <ns3:TrackPointExtension>
            <ns3:hr>129</ns3:hr>
            <ns3:cad>83</ns3:cad>
          </ns3:TrackPointExtension>
        </extensions>
      </trkpt>
      <trkpt lat="37.50947442837059497833251953125" lon="127.0655441097915172576904296875">
        <ele>39.200000762939453125</ele>
        <time>2026-09-06T09:55:20.000Z</time>
        <extensions>
          <ns3:TrackPointExtension>
            <ns3:hr>130</ns3:hr>
            <ns3:cad>83</ns3:cad>
          </ns3:TrackPointExtension>
        </extensions>
      </trkpt>
      <trkpt lat="37.50948314554989337921142578125" lon="127.06557755358517169952392578125">
        <ele>39.200000762939453125</ele>
        <time>2026-09-06T09:55:21.000Z</time>
        <extensions>
          <ns3:TrackPointExtension>
            <ns3:hr>130</ns3:hr>
            <ns3:cad>83</ns3:cad>
          </ns3:TrackPointExtension>
        </extensions>
      </trkpt>
      <trkpt lat="37.50949211418628692626953125" lon="127.0656111650168895721435546875">
        <ele>39.200000762939453125</ele>
        <time>2026-09-06T09:55:22.000Z</time>
        <extensions>
          <ns3:TrackPointExtension>
            <ns3:hr>130</ns3:hr>
            <ns3:cad>83</ns3:cad>
          </ns3:TrackPointExtension>
        </extensions>
      </trkpt>
      <trkpt lat="37.509502507746219635009765625" lon="127.0656597800552845001220703125">
        <ele>39.200000762939453125</ele>
        <time>2026-09-06T09:55:23.000Z</time>
        <extensions>
          <ns3:TrackPointExtension>
            <ns3:hr>131</ns3:hr>
            <ns3:cad>83</ns3:cad>
          </ns3:TrackPointExtension>
        </extensions>
      </trkpt>
      <trkpt lat="37.5095066986978054046630859375" lon="127.065698169171810150146484375">
        <ele>39.200000762939453125</ele>
        <time>2026-09-06T09:55:24.000Z</time>
        <extensions>
          <ns3:TrackPointExtension>
            <ns3:hr>131</ns3:hr>
            <ns3:cad>83</ns3:cad>
          </ns3:TrackPointExtension>
        </extensions>
      </trkpt>
      <trkpt lat="37.50952304340898990631103515625" lon="127.06574468873441219329833984375">
        <ele>39.200000762939453125</ele>
        <time>2026-09-06T09:55:25.000Z</time>
        <extensions>
          <ns3:TrackPointExtension>
            <ns3:hr>131</ns3:hr>
            <ns3:cad>83</ns3:cad>
          </ns3:TrackPointExtension>
        </extensions>
      </trkpt>
      <trkpt lat="37.509536035358905792236328125" lon="127.0657829940319061279296875">
        <ele>39.200000762939453125</ele>
        <time>2026-09-06T09:55:26.000Z</time>
        <extensions>
          <ns3:TrackPointExtension>
            <ns3:hr>131</ns3:hr>
            <ns3:cad>83</ns3:cad>
          </ns3:TrackPointExtension>
        </extensions>
      </trkpt>
      <trkpt lat="37.509550116956233978271484375" lon="127.0658098161220550537109375">
        <ele>39</ele>
        <time>2026-09-06T09:55:27.000Z</time>
        <extensions>
          <ns3:TrackPointExtension>
            <ns3:hr>132</ns3:hr>
            <ns3:cad>83</ns3:cad>
          </ns3:TrackPointExtension>
        </extensions>
      </trkpt>
      <trkpt lat="37.509557493031024932861328125" lon="127.06584728322923183441162109375">
        <ele>39</ele>
        <time>2026-09-06T09:55:28.000Z</time>
        <extensions>
          <ns3:TrackPointExtension>
            <ns3:hr>132</ns3:hr>
            <ns3:cad>83</ns3:cad>
          </ns3:TrackPointExtension>
        </extensions>
      </trkpt>
      <trkpt lat="37.50956713221967220306396484375" lon="127.06587460823357105255126953125">
        <ele>39.200000762939453125</ele>
        <time>2026-09-06T09:55:29.000Z</time>
        <extensions>
          <ns3:TrackPointExtension>
            <ns3:hr>132</ns3:hr>
            <ns3:cad>83</ns3:cad>
          </ns3:TrackPointExtension>
        </extensions>
      </trkpt>
      <trkpt lat="37.5095875002443790435791015625" lon="127.0659112371504306793212890625">
        <ele>39.200000762939453125</ele>
        <time>2026-09-06T09:55:30.000Z</time>
        <extensions>
          <ns3:TrackPointExtension>
            <ns3:hr>132</ns3:hr>
            <ns3:cad>83</ns3:cad>
          </ns3:TrackPointExtension>
        </extensions>
      </trkpt>
      <trkpt lat="37.50960703007876873016357421875" lon="127.06594401039183139801025390625">
        <ele>39.40000152587890625</ele>
        <time>2026-09-06T09:55:31.000Z</time>
        <extensions>
          <ns3:TrackPointExtension>
            <ns3:hr>132</ns3:hr>
            <ns3:cad>83</ns3:cad>
          </ns3:TrackPointExtension>
        </extensions>
      </trkpt>
      <trkpt lat="37.50961775891482830047607421875" lon="127.06597250886261463165283203125">
        <ele>39.40000152587890625</ele>
        <time>2026-09-06T09:55:32.000Z</time>
        <extensions>
          <ns3:TrackPointExtension>
            <ns3:hr>132</ns3:hr>
            <ns3:cad>83</ns3:cad>
          </ns3:TrackPointExtension>
        </extensions>
      </trkpt>
      <trkpt lat="37.50962211750447750091552734375" lon="127.06601056270301342010498046875">
        <ele>39.40000152587890625</ele>
        <time>2026-09-06T09:55:33.000Z</time>
        <extensions>
          <ns3:TrackPointExtension>
            <ns3:hr>132</ns3:hr>
            <ns3:cad>83</ns3:cad>
          </ns3:TrackPointExtension>
        </extensions>
      </trkpt>
      <trkpt lat="37.5096242129802703857421875" lon="127.06603989936411380767822265625">
        <ele>39.40000152587890625</ele>
        <time>2026-09-06T09:55:34.000Z</time>
        <extensions>
          <ns3:TrackPointExtension>
            <ns3:hr>132</ns3:hr>
            <ns3:cad>83</ns3:cad>
          </ns3:TrackPointExtension>
        </extensions>
      </trkpt>
      <trkpt lat="37.50963401980698108673095703125" lon="127.06606957130134105682373046875">
        <ele>39.40000152587890625</ele>
        <time>2026-09-06T09:55:35.000Z</time>
        <extensions>
          <ns3:TrackPointExtension>
            <ns3:hr>132</ns3:hr>
            <ns3:cad>83</ns3:cad>
          </ns3:TrackPointExtension>
        </extensions>
      </trkpt>
      <trkpt lat="37.50964139588177204132080078125" lon="127.06610913388431072235107421875">
        <ele>39.40000152587890625</ele>
        <time>2026-09-06T09:55:36.000Z</time>
        <extensions>
          <ns3:TrackPointExtension>
            <ns3:hr>132</ns3:hr>
            <ns3:cad>83</ns3:cad>
          </ns3:TrackPointExtension>
        </extensions>
      </trkpt>
      <trkpt lat="37.5096456706523895263671875" lon="127.06614048220217227935791015625">
        <ele>39.40000152587890625</ele>
        <time>2026-09-06T09:55:37.000Z</time>
        <extensions>
          <ns3:TrackPointExtension>
            <ns3:hr>133</ns3:hr>
            <ns3:cad>83</ns3:cad>
          </ns3:TrackPointExtension>
        </extensions>
      </trkpt>
      <trkpt lat="37.5096636079251766204833984375" lon="127.06618021242320537567138671875">
        <ele>39.40000152587890625</ele>
        <time>2026-09-06T09:55:38.000Z</time>
        <extensions>
          <ns3:TrackPointExtension>
            <ns3:hr>133</ns3:hr>
            <ns3:cad>83</ns3:cad>
          </ns3:TrackPointExtension>
        </extensions>
      </trkpt>
      <trkpt lat="37.50966972671449184417724609375" lon="127.0662153325974941253662109375">
        <ele>39.59999847412109375</ele>
        <time>2026-09-06T09:55:39.000Z</time>
        <extensions>
          <ns3:TrackPointExtension>
            <ns3:hr>133</ns3:hr>
            <ns3:cad>83</ns3:cad>
          </ns3:TrackPointExtension>
        </extensions>
      </trkpt>
      <trkpt lat="37.50967576168477535247802734375" lon="127.0662485249340534210205078125">
        <ele>39.59999847412109375</ele>
        <time>2026-09-06T09:55:40.000Z</time>
        <extensions>
          <ns3:TrackPointExtension>
            <ns3:hr>134</ns3:hr>
            <ns3:cad>83</ns3:cad>
          </ns3:TrackPointExtension>
        </extensions>
      </trkpt>
      <trkpt lat="37.509685568511486053466796875" lon="127.0662897638976573944091796875">
        <ele>39.59999847412109375</ele>
        <time>2026-09-06T09:55:41.000Z</time>
        <extensions>
          <ns3:TrackPointExtension>
            <ns3:hr>134</ns3:hr>
            <ns3:cad>82</ns3:cad>
          </ns3:TrackPointExtension>
        </extensions>
      </trkpt>
      <trkpt lat="37.50969596207141876220703125" lon="127.066315747797489166259765625">
        <ele>39.59999847412109375</ele>
        <time>2026-09-06T09:55:42.000Z</time>
        <extensions>
          <ns3:TrackPointExtension>
            <ns3:hr>134</ns3:hr>
            <ns3:cad>82</ns3:cad>
          </ns3:TrackPointExtension>
        </extensions>
      </trkpt>
      <trkpt lat="37.50970576889812946319580078125" lon="127.06634650938212871551513671875">
        <ele>39.59999847412109375</ele>
        <time>2026-09-06T09:55:43.000Z</time>
        <extensions>
          <ns3:TrackPointExtension>
            <ns3:hr>134</ns3:hr>
            <ns3:cad>82</ns3:cad>
          </ns3:TrackPointExtension>
        </extensions>
      </trkpt>
      <trkpt lat="37.50969721935689449310302734375" lon="127.066387832164764404296875">
        <ele>39.59999847412109375</ele>
        <time>2026-09-06T09:55:44.000Z</time>
        <extensions>
          <ns3:TrackPointExtension>
            <ns3:hr>134</ns3:hr>
            <ns3:cad>82</ns3:cad>
          </ns3:TrackPointExtension>
        </extensions>
      </trkpt>
      <trkpt lat="37.5096939504146575927734375" lon="127.06642328761518001556396484375">
        <ele>39.799999237060546875</ele>
        <time>2026-09-06T09:55:45.000Z</time>
        <extensions>
          <ns3:TrackPointExtension>
            <ns3:hr>134</ns3:hr>
            <ns3:cad>82</ns3:cad>
          </ns3:TrackPointExtension>
        </extensions>
      </trkpt>
      <trkpt lat="37.50965815968811511993408203125" lon="127.0664859004318714141845703125">
        <ele>39.799999237060546875</ele>
        <time>2026-09-06T09:56:26.000Z</time>
        <extensions>
          <ns3:TrackPointExtension>
            <ns3:hr>95</ns3:hr>
            <ns3:cad>0</ns3:cad>
          </ns3:TrackPointExtension>
        </extensions>
      </trkpt>
      <trkpt lat="37.50966520048677921295166015625" lon="127.06650291569530963897705078125">
        <ele>39.799999237060546875</ele>
        <time>2026-09-06T09:56:27.000Z</time>
        <extensions>
          <ns3:TrackPointExtension>
            <ns3:hr>93</ns3:hr>
            <ns3:cad>0</ns3:cad>
          </ns3:TrackPointExtension>
        </extensions>
      </trkpt>
      <trkpt lat="37.50967341475188732147216796875" lon="127.0665455795824527740478515625">
        <ele>39.59999847412109375</ele>
        <time>2026-09-06T09:56:28.000Z</time>
        <extensions>
          <ns3:TrackPointExtension>
            <ns3:hr>92</ns3:hr>
            <ns3:cad>0</ns3:cad>
          </ns3:TrackPointExtension>
        </extensions>
      </trkpt>
      <trkpt lat="37.50968816690146923065185546875" lon="127.06657969392836093902587890625">
        <ele>39.40000152587890625</ele>
        <time>2026-09-06T09:56:29.000Z</time>
        <extensions>
          <ns3:TrackPointExtension>
            <ns3:hr>91</ns3:hr>
            <ns3:cad>0</ns3:cad>
          </ns3:TrackPointExtension>
        </extensions>
      </trkpt>
      <trkpt lat="37.5097041763365268707275390625" lon="127.06661975942552089691162109375">
        <ele>39.40000152587890625</ele>
        <time>2026-09-06T09:56:30.000Z</time>
        <extensions>
          <ns3:TrackPointExtension>
            <ns3:hr>90</ns3:hr>
            <ns3:cad>0</ns3:cad>
          </ns3:TrackPointExtension>
        </extensions>
      </trkpt>
      <trkpt lat="37.50970995984971523284912109375" lon="127.0666562207043170928955078125">
        <ele>39.200000762939453125</ele>
        <time>2026-09-06T09:56:31.000Z</time>
        <extensions>
          <ns3:TrackPointExtension>
            <ns3:hr>91</ns3:hr>
            <ns3:cad>0</ns3:cad>
          </ns3:TrackPointExtension>
        </extensions>
      </trkpt>
      <trkpt lat="37.50973359681665897369384765625" lon="127.06668430007994174957275390625">
        <ele>39.40000152587890625</ele>
        <time>2026-09-06T09:56:32.000Z</time>
        <extensions>
          <ns3:TrackPointExtension>
            <ns3:hr>91</ns3:hr>
            <ns3:cad>0</ns3:cad>
          </ns3:TrackPointExtension>
        </extensions>
      </trkpt>
      <trkpt lat="37.509740889072418212890625" lon="127.06673325039446353912353515625">
        <ele>39.59999847412109375</ele>
        <time>2026-09-06T09:56:33.000Z</time>
        <extensions>
          <ns3:TrackPointExtension>
            <ns3:hr>92</ns3:hr>
            <ns3:cad>0</ns3:cad>
          </ns3:TrackPointExtension>
        </extensions>
      </trkpt>
      <trkpt lat="37.509752623736858367919921875" lon="127.06676459871232509613037109375">
        <ele>40</ele>
        <time>2026-09-06T09:56:34.000Z</time>
        <extensions>
          <ns3:TrackPointExtension>
            <ns3:hr>96</ns3:hr>
            <ns3:cad>0</ns3:cad>
          </ns3:TrackPointExtension>
        </extensions>
      </trkpt>
      <trkpt lat="37.50976502895355224609375" lon="127.06681120209395885467529296875">
        <ele>40.200000762939453125</ele>
        <time>2026-09-06T09:56:35.000Z</time>
        <extensions>
          <ns3:TrackPointExtension>
            <ns3:hr>98</ns3:hr>
            <ns3:cad>0</ns3:cad>
          </ns3:TrackPointExtension>
        </extensions>
      </trkpt>
      <trkpt lat="37.50977550633251667022705078125" lon="127.06685118377208709716796875">
        <ele>40.40000152587890625</ele>
        <time>2026-09-06T09:56:36.000Z</time>
        <extensions>
          <ns3:TrackPointExtension>
            <ns3:hr>98</ns3:hr>
            <ns3:cad>0</ns3:cad>
          </ns3:TrackPointExtension>
        </extensions>
      </trkpt>
      <trkpt lat="37.5097900070250034332275390625" lon="127.066882364451885223388671875">
        <ele>40.59999847412109375</ele>
        <time>2026-09-06T09:56:37.000Z</time>
        <extensions>
          <ns3:TrackPointExtension>
            <ns3:hr>98</ns3:hr>
            <ns3:cad>0</ns3:cad>
          </ns3:TrackPointExtension>
        </extensions>
      </trkpt>
      <trkpt lat="37.50979847274720668792724609375" lon="127.0669344998896121978759765625">
        <ele>40.59999847412109375</ele>
        <time>2026-09-06T09:56:38.000Z</time>
        <extensions>
          <ns3:TrackPointExtension>
            <ns3:hr>99</ns3:hr>
            <ns3:cad>0</ns3:cad>
          </ns3:TrackPointExtension>
        </extensions>
      </trkpt>
      <trkpt lat="37.509807609021663665771484375" lon="127.06696542911231517791748046875">
        <ele>40.799999237060546875</ele>
        <time>2026-09-06T09:56:39.000Z</time>
        <extensions>
          <ns3:TrackPointExtension>
            <ns3:hr>99</ns3:hr>
            <ns3:cad>83</ns3:cad>
          </ns3:TrackPointExtension>
        </extensions>
      </trkpt>
      <trkpt lat="37.50981875695288181304931640625" lon="127.06700197421014308929443359375">
        <ele>40.799999237060546875</ele>
        <time>2026-09-06T09:56:40.000Z</time>
        <extensions>
          <ns3:TrackPointExtension>
            <ns3:hr>100</ns3:hr>
            <ns3:cad>83</ns3:cad>
          </ns3:TrackPointExtension>
        </extensions>
      </trkpt>
      <trkpt lat="37.50982965342700481414794921875" lon="127.06704304553568363189697265625">
        <ele>41</ele>
        <time>2026-09-06T09:56:41.000Z</time>
        <extensions>
          <ns3:TrackPointExtension>
            <ns3:hr>101</ns3:hr>
            <ns3:cad>83</ns3:cad>
          </ns3:TrackPointExtension>
        </extensions>
      </trkpt>
      <trkpt lat="37.5098372809588909149169921875" lon="127.0670692808926105499267578125">
        <ele>41</ele>
        <time>2026-09-06T09:56:42.000Z</time>
        <extensions>
          <ns3:TrackPointExtension>
            <ns3:hr>101</ns3:hr>
            <ns3:cad>84</ns3:cad>
          </ns3:TrackPointExtension>
        </extensions>
      </trkpt>
      <trkpt lat="37.50984809361398220062255859375" lon="127.06711311824619770050048828125">
        <ele>41</ele>
        <time>2026-09-06T09:56:43.000Z</time>
        <extensions>
          <ns3:TrackPointExtension>
            <ns3:hr>102</ns3:hr>
            <ns3:cad>84</ns3:cad>
          </ns3:TrackPointExtension>
        </extensions>
      </trkpt>
      <trkpt lat="37.509859241545200347900390625" lon="127.0671455562114715576171875">
        <ele>41</ele>
        <time>2026-09-06T09:56:44.000Z</time>
        <extensions>
          <ns3:TrackPointExtension>
            <ns3:hr>103</ns3:hr>
            <ns3:cad>84</ns3:cad>
          </ns3:TrackPointExtension>
        </extensions>
      </trkpt>
      <trkpt lat="37.509864605963230133056640625" lon="127.0671785809099674224853515625">
        <ele>41</ele>
        <time>2026-09-06T09:56:45.000Z</time>
        <extensions>
          <ns3:TrackPointExtension>
            <ns3:hr>105</ns3:hr>
            <ns3:cad>83</ns3:cad>
          </ns3:TrackPointExtension>
        </extensions>
      </trkpt>
      <trkpt lat="37.509865947067737579345703125" lon="127.06722023896872997283935546875">
        <ele>41</ele>
        <time>2026-09-06T09:56:46.000Z</time>
        <extensions>
          <ns3:TrackPointExtension>
            <ns3:hr>107</ns3:hr>
            <ns3:cad>83</ns3:cad>
          </ns3:TrackPointExtension>
        </extensions>
      </trkpt>
      <trkpt lat="37.50987659208476543426513671875" lon="127.067244462668895721435546875">
        <ele>41</ele>
        <time>2026-09-06T09:56:47.000Z</time>
        <extensions>
          <ns3:TrackPointExtension>
            <ns3:hr>108</ns3:hr>
            <ns3:cad>83</ns3:cad>
          </ns3:TrackPointExtension>
        </extensions>
      </trkpt>
      <trkpt lat="37.50988581217825412750244140625" lon="127.06727975048124790191650390625">
        <ele>41.200000762939453125</ele>
        <time>2026-09-06T09:56:48.000Z</time>
        <extensions>
          <ns3:TrackPointExtension>
            <ns3:hr>109</ns3:hr>
            <ns3:cad>83</ns3:cad>
          </ns3:TrackPointExtension>
        </extensions>
      </trkpt>
      <trkpt lat="37.5098899193108081817626953125" lon="127.06730808131396770477294921875">
        <ele>41.40000152587890625</ele>
        <time>2026-09-06T09:56:49.000Z</time>
        <extensions>
          <ns3:TrackPointExtension>
            <ns3:hr>110</ns3:hr>
            <ns3:cad>83</ns3:cad>
          </ns3:TrackPointExtension>
        </extensions>
      </trkpt>
      <trkpt lat="37.50989846885204315185546875" lon="127.06733398139476776123046875">
        <ele>41.200000762939453125</ele>
        <time>2026-09-06T09:56:50.000Z</time>
        <extensions>
          <ns3:TrackPointExtension>
            <ns3:hr>111</ns3:hr>
            <ns3:cad>83</ns3:cad>
          </ns3:TrackPointExtension>
        </extensions>
      </trkpt>
      <trkpt lat="37.5099080242216587066650390625" lon="127.0673841051757335662841796875">
        <ele>41.200000762939453125</ele>
        <time>2026-09-06T09:56:51.000Z</time>
        <extensions>
          <ns3:TrackPointExtension>
            <ns3:hr>111</ns3:hr>
            <ns3:cad>82</ns3:cad>
          </ns3:TrackPointExtension>
        </extensions>
      </trkpt>
      <trkpt lat="37.50991783104836940765380859375" lon="127.067420817911624908447265625">
        <ele>41.200000762939453125</ele>
        <time>2026-09-06T09:56:52.000Z</time>
        <extensions>
          <ns3:TrackPointExtension>
            <ns3:hr>112</ns3:hr>
            <ns3:cad>82</ns3:cad>
          </ns3:TrackPointExtension>
        </extensions>
      </trkpt>
      <trkpt lat="37.50992218963801860809326171875" lon="127.06745644100010395050048828125">
        <ele>41</ele>
        <time>2026-09-06T09:56:53.000Z</time>
        <extensions>
          <ns3:TrackPointExtension>
            <ns3:hr>112</ns3:hr>
            <ns3:cad>82</ns3:cad>
          </ns3:TrackPointExtension>
        </extensions>
      </trkpt>
      <trkpt lat="37.5099214352667331695556640625" lon="127.06750052981078624725341796875">
        <ele>41</ele>
        <time>2026-09-06T09:56:54.000Z</time>
        <extensions>
          <ns3:TrackPointExtension>
            <ns3:hr>112</ns3:hr>
            <ns3:cad>81</ns3:cad>
          </ns3:TrackPointExtension>
        </extensions>
      </trkpt>
      <trkpt lat="37.50990559346973896026611328125" lon="127.067520059645175933837890625">
        <ele>41</ele>
        <time>2026-09-06T09:56:55.000Z</time>
        <extensions>
          <ns3:TrackPointExtension>
            <ns3:hr>113</ns3:hr>
            <ns3:cad>81</ns3:cad>
          </ns3:TrackPointExtension>
        </extensions>
      </trkpt>
      <trkpt lat="37.50988899730145931243896484375" lon="127.0675292797386646270751953125">
        <ele>41.200000762939453125</ele>
        <time>2026-09-06T09:56:56.000Z</time>
        <extensions>
          <ns3:TrackPointExtension>
            <ns3:hr>113</ns3:hr>
            <ns3:cad>81</ns3:cad>
          </ns3:TrackPointExtension>
        </extensions>
      </trkpt>
      <trkpt lat="37.50987877137959003448486328125" lon="127.0675316266715526580810546875">
        <ele>41.200000762939453125</ele>
        <time>2026-09-06T09:56:57.000Z</time>
        <extensions>
          <ns3:TrackPointExtension>
            <ns3:hr>113</ns3:hr>
            <ns3:cad>41</ns3:cad>
          </ns3:TrackPointExtension>
        </extensions>
      </trkpt>
      <trkpt lat="37.50987432897090911865234375" lon="127.06752399913966655731201171875">
        <ele>41</ele>
        <time>2026-09-06T09:56:58.000Z</time>
        <extensions>
          <ns3:TrackPointExtension>
            <ns3:hr>114</ns3:hr>
            <ns3:cad>41</ns3:cad>
          </ns3:TrackPointExtension>
        </extensions>
      </trkpt>
      <trkpt lat="37.509869970381259918212890625" lon="127.06752886064350605010986328125">
        <ele>40.799999237060546875</ele>
        <time>2026-09-06T09:56:59.000Z</time>
        <extensions>
          <ns3:TrackPointExtension>
            <ns3:hr>114</ns3:hr>
            <ns3:cad>41</ns3:cad>
          </ns3:TrackPointExtension>
        </extensions>
      </trkpt>
      <trkpt lat="37.5098620913922786712646484375" lon="127.0675333030521869659423828125">
        <ele>40.59999847412109375</ele>
        <time>2026-09-06T09:57:00.000Z</time>
        <extensions>
          <ns3:TrackPointExtension>
            <ns3:hr>115</ns3:hr>
            <ns3:cad>72</ns3:cad>
          </ns3:TrackPointExtension>
        </extensions>
      </trkpt>
      <trkpt lat="37.50986033119261264801025390625" lon="127.06753791309893131256103515625">
        <ele>40</ele>
        <time>2026-09-06T09:57:01.000Z</time>
        <extensions>
          <ns3:TrackPointExtension>
            <ns3:hr>116</ns3:hr>
            <ns3:cad>72</ns3:cad>
          </ns3:TrackPointExtension>
        </extensions>
      </trkpt>
      <trkpt lat="37.5098661147058010101318359375" lon="127.06754378043115139007568359375">
        <ele>39.40000152587890625</ele>
        <time>2026-09-06T09:57:02.000Z</time>
        <extensions>
          <ns3:TrackPointExtension>
            <ns3:hr>116</ns3:hr>
            <ns3:cad>72</ns3:cad>
          </ns3:TrackPointExtension>
        </extensions>
      </trkpt>
      <trkpt lat="37.50986049883067607879638671875" lon="127.06755702383816242218017578125">
        <ele>38.799999237060546875</ele>
        <time>2026-09-06T09:57:03.000Z</time>
        <extensions>
          <ns3:TrackPointExtension>
            <ns3:hr>116</ns3:hr>
            <ns3:cad>72</ns3:cad>
          </ns3:TrackPointExtension>
        </extensions>
      </trkpt>
      <trkpt lat="37.5098681263625621795654296875" lon="127.06755316816270351409912109375">
        <ele>38.200000762939453125</ele>
        <time>2026-09-06T09:57:04.000Z</time>
        <extensions>
          <ns3:TrackPointExtension>
            <ns3:hr>116</ns3:hr>
            <ns3:cad>72</ns3:cad>
          </ns3:TrackPointExtension>
        </extensions>
      </trkpt>
      <trkpt lat="37.5098711438477039337158203125" lon="127.0675594545900821685791015625">
        <ele>37.59999847412109375</ele>
        <time>2026-09-06T09:57:05.000Z</time>
        <extensions>
          <ns3:TrackPointExtension>
            <ns3:hr>116</ns3:hr>
            <ns3:cad>72</ns3:cad>
          </ns3:TrackPointExtension>
        </extensions>
      </trkpt>
      <trkpt lat="37.50987139530479907989501953125" lon="127.06756959669291973114013671875">
        <ele>37.200000762939453125</ele>
        <time>2026-09-06T09:57:06.000Z</time>
        <extensions>
          <ns3:TrackPointExtension>
            <ns3:hr>115</ns3:hr>
            <ns3:cad>72</ns3:cad>
          </ns3:TrackPointExtension>
        </extensions>
      </trkpt>
      <trkpt lat="37.5098708085715770721435546875" lon="127.0675792358815670013427734375">
        <ele>36.59999847412109375</ele>
        <time>2026-09-06T09:57:07.000Z</time>
        <extensions>
          <ns3:TrackPointExtension>
            <ns3:hr>115</ns3:hr>
            <ns3:cad>72</ns3:cad>
          </ns3:TrackPointExtension>
        </extensions>
      </trkpt>
      <trkpt lat="37.50986971892416477203369140625" lon="127.06759147346019744873046875">
        <ele>36</ele>
        <time>2026-09-06T09:57:08.000Z</time>
        <extensions>
          <ns3:TrackPointExtension>
            <ns3:hr>115</ns3:hr>
            <ns3:cad>72</ns3:cad>
          </ns3:TrackPointExtension>
        </extensions>
      </trkpt>
      <trkpt lat="37.50987089239060878753662109375" lon="127.06760060973465442657470703125">
        <ele>35.40000152587890625</ele>
        <time>2026-09-06T09:57:09.000Z</time>
        <extensions>
          <ns3:TrackPointExtension>
            <ns3:hr>116</ns3:hr>
            <ns3:cad>0</ns3:cad>
          </ns3:TrackPointExtension>
        </extensions>
      </trkpt>
      <trkpt lat="37.50987164676189422607421875" lon="127.06761024892330169677734375">
        <ele>34.59999847412109375</ele>
        <time>2026-09-06T09:57:10.000Z</time>
        <extensions>
          <ns3:TrackPointExtension>
            <ns3:hr>116</ns3:hr>
            <ns3:cad>0</ns3:cad>
          </ns3:TrackPointExtension>
        </extensions>
      </trkpt>
      <trkpt lat="37.50987089239060878753662109375" lon="127.06761988811194896697998046875">
        <ele>34.200000762939453125</ele>
        <time>2026-09-06T09:57:11.000Z</time>
        <extensions>
          <ns3:TrackPointExtension>
            <ns3:hr>116</ns3:hr>
            <ns3:cad>0</ns3:cad>
          </ns3:TrackPointExtension>
        </extensions>
      </trkpt>
      <trkpt lat="37.50987256877124309539794921875" lon="127.06760899163782596588134765625">
        <ele>33.40000152587890625</ele>
        <time>2026-09-06T09:57:12.000Z</time>
        <extensions>
          <ns3:TrackPointExtension>
            <ns3:hr>116</ns3:hr>
            <ns3:cad>0</ns3:cad>
          </ns3:TrackPointExtension>
        </extensions>
      </trkpt>
      <trkpt lat="37.509879358112812042236328125" lon="127.06762902438640594482421875">
        <ele>33</ele>
        <time>2026-09-06T09:57:13.000Z</time>
        <extensions>
          <ns3:TrackPointExtension>
            <ns3:hr>115</ns3:hr>
            <ns3:cad>0</ns3:cad>
          </ns3:TrackPointExtension>
        </extensions>
      </trkpt>
      <trkpt lat="37.50988832674920558929443359375" lon="127.06765777431428432464599609375">
        <ele>32.59999847412109375</ele>
        <time>2026-09-06T09:57:14.000Z</time>
        <extensions>
          <ns3:TrackPointExtension>
            <ns3:hr>114</ns3:hr>
            <ns3:cad>0</ns3:cad>
          </ns3:TrackPointExtension>
        </extensions>
      </trkpt>
      <trkpt lat="37.5098979659378528594970703125" lon="127.06768459640443325042724609375">
        <ele>32.200000762939453125</ele>
        <time>2026-09-06T09:57:15.000Z</time>
        <extensions>
          <ns3:TrackPointExtension>
            <ns3:hr>114</ns3:hr>
            <ns3:cad>0</ns3:cad>
          </ns3:TrackPointExtension>
        </extensions>
      </trkpt>
      <trkpt lat="37.50990056432783603668212890625" lon="127.06771041266620159149169921875">
        <ele>31.799999237060546875</ele>
        <time>2026-09-06T09:57:16.000Z</time>
        <extensions>
          <ns3:TrackPointExtension>
            <ns3:hr>113</ns3:hr>
            <ns3:cad>0</ns3:cad>
          </ns3:TrackPointExtension>
        </extensions>
      </trkpt>
      <trkpt lat="37.5099006481468677520751953125" lon="127.06772684119641780853271484375">
        <ele>31.200000762939453125</ele>
        <time>2026-09-06T09:57:17.000Z</time>
        <extensions>
          <ns3:TrackPointExtension>
            <ns3:hr>113</ns3:hr>
            <ns3:cad>0</ns3:cad>
          </ns3:TrackPointExtension>
        </extensions>
      </trkpt>
      <trkpt lat="37.509899474680423736572265625" lon="127.0677408389747142791748046875">
        <ele>30.6000003814697265625</ele>
        <time>2026-09-06T09:57:18.000Z</time>
        <extensions>
          <ns3:TrackPointExtension>
            <ns3:hr>113</ns3:hr>
            <ns3:cad>0</ns3:cad>
          </ns3:TrackPointExtension>
        </extensions>
      </trkpt>
      <trkpt lat="37.50989855267107486724853515625" lon="127.0677475444972515106201171875">
        <ele>30</ele>
        <time>2026-09-06T09:57:19.000Z</time>
        <extensions>
          <ns3:TrackPointExtension>
            <ns3:hr>113</ns3:hr>
            <ns3:cad>0</ns3:cad>
          </ns3:TrackPointExtension>
        </extensions>
      </trkpt>
      <trkpt lat="37.50989754684269428253173828125" lon="127.067767493426799774169921875">
        <ele>29.200000762939453125</ele>
        <time>2026-09-06T09:57:20.000Z</time>
        <extensions>
          <ns3:TrackPointExtension>
            <ns3:hr>113</ns3:hr>
            <ns3:cad>0</ns3:cad>
          </ns3:TrackPointExtension>
        </extensions>
      </trkpt>
      <trkpt lat="37.50989855267107486724853515625" lon="127.06777009181678295135498046875">
        <ele>28.799999237060546875</ele>
        <time>2026-09-06T09:57:21.000Z</time>
        <extensions>
          <ns3:TrackPointExtension>
            <ns3:hr>113</ns3:hr>
            <ns3:cad>0</ns3:cad>
          </ns3:TrackPointExtension>
        </extensions>
      </trkpt>
      <trkpt lat="37.50990341417491436004638671875" lon="127.06778115592896938323974609375">
        <ele>28.3999996185302734375</ele>
        <time>2026-09-06T09:57:22.000Z</time>
        <extensions>
          <ns3:TrackPointExtension>
            <ns3:hr>113</ns3:hr>
            <ns3:cad>0</ns3:cad>
          </ns3:TrackPointExtension>
        </extensions>
      </trkpt>
      <trkpt lat="37.50991431064903736114501953125" lon="127.06778937019407749176025390625">
        <ele>28</ele>
        <time>2026-09-06T09:57:23.000Z</time>
        <extensions>
          <ns3:TrackPointExtension>
            <ns3:hr>112</ns3:hr>
            <ns3:cad>0</ns3:cad>
          </ns3:TrackPointExtension>
        </extensions>
      </trkpt>
      <trkpt lat="37.5099210999906063079833984375" lon="127.06780009903013706207275390625">
        <ele>27.799999237060546875</ele>
        <time>2026-09-06T09:57:24.000Z</time>
        <extensions>
          <ns3:TrackPointExtension>
            <ns3:hr>112</ns3:hr>
            <ns3:cad>0</ns3:cad>
          </ns3:TrackPointExtension>
        </extensions>
      </trkpt>
      <trkpt lat="37.50992805697023868560791015625" lon="127.06781099550426006317138671875">
        <ele>27.6000003814697265625</ele>
        <time>2026-09-06T09:57:25.000Z</time>
        <extensions>
          <ns3:TrackPointExtension>
            <ns3:hr>112</ns3:hr>
            <ns3:cad>83</ns3:cad>
          </ns3:TrackPointExtension>
        </extensions>
      </trkpt>
      <trkpt lat="37.50994674861431121826171875" lon="127.0678353868424892425537109375">
        <ele>27.6000003814697265625</ele>
        <time>2026-09-06T09:57:26.000Z</time>
        <extensions>
          <ns3:TrackPointExtension>
            <ns3:hr>111</ns3:hr>
            <ns3:cad>83</ns3:cad>
          </ns3:TrackPointExtension>
        </extensions>
      </trkpt>
      <trkpt lat="37.5099485926330089569091796875" lon="127.06786983646452426910400390625">
        <ele>27.6000003814697265625</ele>
        <time>2026-09-06T09:57:27.000Z</time>
        <extensions>
          <ns3:TrackPointExtension>
            <ns3:hr>111</ns3:hr>
            <ns3:cad>83</ns3:cad>
          </ns3:TrackPointExtension>
        </extensions>
      </trkpt>
      <trkpt lat="37.50994716770946979522705078125" lon="127.06790219061076641082763671875">
        <ele>27.6000003814697265625</ele>
        <time>2026-09-06T09:57:28.000Z</time>
        <extensions>
          <ns3:TrackPointExtension>
            <ns3:hr>111</ns3:hr>
            <ns3:cad>82</ns3:cad>
          </ns3:TrackPointExtension>
        </extensions>
      </trkpt>
      <trkpt lat="37.50995211303234100341796875" lon="127.0679285936057567596435546875">
        <ele>27.799999237060546875</ele>
        <time>2026-09-06T09:57:29.000Z</time>
        <extensions>
          <ns3:TrackPointExtension>
            <ns3:hr>111</ns3:hr>
            <ns3:cad>82</ns3:cad>
          </ns3:TrackPointExtension>
        </extensions>
      </trkpt>
      <trkpt lat="37.50995814800262451171875" lon="127.06795533187687397003173828125">
        <ele>27.799999237060546875</ele>
        <time>2026-09-06T09:57:30.000Z</time>
        <extensions>
          <ns3:TrackPointExtension>
            <ns3:hr>112</ns3:hr>
            <ns3:cad>82</ns3:cad>
          </ns3:TrackPointExtension>
        </extensions>
      </trkpt>
      <trkpt lat="37.5099710561335086822509765625" lon="127.067978382110595703125">
        <ele>28</ele>
        <time>2026-09-06T09:57:31.000Z</time>
        <extensions>
          <ns3:TrackPointExtension>
            <ns3:hr>113</ns3:hr>
            <ns3:cad>82</ns3:cad>
          </ns3:TrackPointExtension>
        </extensions>
      </trkpt>
      <trkpt lat="37.5099863111972808837890625" lon="127.06800361163914203643798828125">
        <ele>28.200000762939453125</ele>
        <time>2026-09-06T09:57:32.000Z</time>
        <extensions>
          <ns3:TrackPointExtension>
            <ns3:hr>113</ns3:hr>
            <ns3:cad>82</ns3:cad>
          </ns3:TrackPointExtension>
        </extensions>
      </trkpt>
      <trkpt lat="37.51000483520328998565673828125" lon="127.06802004016935825347900390625">
        <ele>28</ele>
        <time>2026-09-06T09:57:33.000Z</time>
        <extensions>
          <ns3:TrackPointExtension>
            <ns3:hr>114</ns3:hr>
            <ns3:cad>82</ns3:cad>
          </ns3:TrackPointExtension>
        </extensions>
      </trkpt>
      <trkpt lat="37.5100317411124706268310546875" lon="127.0680285058915615081787109375">
        <ele>27.799999237060546875</ele>
        <time>2026-09-06T09:57:34.000Z</time>
        <extensions>
          <ns3:TrackPointExtension>
            <ns3:hr>114</ns3:hr>
            <ns3:cad>81</ns3:cad>
          </ns3:TrackPointExtension>
        </extensions>
      </trkpt>
      <trkpt lat="37.5100568868219852447509765625" lon="127.068041078746318817138671875">
        <ele>27.799999237060546875</ele>
        <time>2026-09-06T09:57:35.000Z</time>
        <extensions>
          <ns3:TrackPointExtension>
            <ns3:hr>114</ns3:hr>
            <ns3:cad>80</ns3:cad>
          </ns3:TrackPointExtension>
        </extensions>
      </trkpt>
      <trkpt lat="37.51008890569210052490234375" lon="127.0680399052798748016357421875">
        <ele>27.6000003814697265625</ele>
        <time>2026-09-06T09:57:36.000Z</time>
        <extensions>
          <ns3:TrackPointExtension>
            <ns3:hr>114</ns3:hr>
            <ns3:cad>80</ns3:cad>
          </ns3:TrackPointExtension>
        </extensions>
      </trkpt>
      <trkpt lat="37.5101403705775737762451171875" lon="127.06801182590425014495849609375">
        <ele>27.799999237060546875</ele>
        <time>2026-09-06T09:57:37.000Z</time>
        <extensions>
          <ns3:TrackPointExtension>
            <ns3:hr>114</ns3:hr>
            <ns3:cad>80</ns3:cad>
          </ns3:TrackPointExtension>
        </extensions>
      </trkpt>
      <trkpt lat="37.51016979105770587921142578125" lon="127.06802221946418285369873046875">
        <ele>27.799999237060546875</ele>
        <time>2026-09-06T09:57:38.000Z</time>
        <extensions>
          <ns3:TrackPointExtension>
            <ns3:hr>114</ns3:hr>
            <ns3:cad>80</ns3:cad>
          </ns3:TrackPointExtension>
        </extensions>
      </trkpt>
      <trkpt lat="37.510197199881076812744140625" lon="127.0680258236825466156005859375">
        <ele>27.799999237060546875</ele>
        <time>2026-09-06T09:57:39.000Z</time>
        <extensions>
          <ns3:TrackPointExtension>
            <ns3:hr>114</ns3:hr>
            <ns3:cad>80</ns3:cad>
          </ns3:TrackPointExtension>
        </extensions>
      </trkpt>
      <trkpt lat="37.510230056941509246826171875" lon="127.06802867352962493896484375">
        <ele>27.799999237060546875</ele>
        <time>2026-09-06T09:57:40.000Z</time>
        <extensions>
          <ns3:TrackPointExtension>
            <ns3:hr>114</ns3:hr>
            <ns3:cad>83</ns3:cad>
          </ns3:TrackPointExtension>
        </extensions>
      </trkpt>
      <trkpt lat="37.51026970334351062774658203125" lon="127.0680280029773712158203125">
        <ele>28</ele>
        <time>2026-09-06T09:57:41.000Z</time>
        <extensions>
          <ns3:TrackPointExtension>
            <ns3:hr>115</ns3:hr>
            <ns3:cad>83</ns3:cad>
          </ns3:TrackPointExtension>
        </extensions>
      </trkpt>
      <trkpt lat="37.51030591316521167755126953125" lon="127.06802573986351490020751953125">
        <ele>28</ele>
        <time>2026-09-06T09:57:42.000Z</time>
        <extensions>
          <ns3:TrackPointExtension>
            <ns3:hr>116</ns3:hr>
            <ns3:cad>83</ns3:cad>
          </ns3:TrackPointExtension>
        </extensions>
      </trkpt>
      <trkpt lat="37.510338686406612396240234375" lon="127.0680167712271213531494140625">
        <ele>28.200000762939453125</ele>
        <time>2026-09-06T09:57:43.000Z</time>
        <extensions>
          <ns3:TrackPointExtension>
            <ns3:hr>116</ns3:hr>
            <ns3:cad>83</ns3:cad>
          </ns3:TrackPointExtension>
        </extensions>
      </trkpt>
      <trkpt lat="37.5103834457695484161376953125" lon="127.068007551133632659912109375">
        <ele>28.3999996185302734375</ele>
        <time>2026-09-06T09:57:44.000Z</time>
        <extensions>
          <ns3:TrackPointExtension>
            <ns3:hr>117</ns3:hr>
            <ns3:cad>83</ns3:cad>
          </ns3:TrackPointExtension>
        </extensions>
      </trkpt>
      <trkpt lat="37.510416470468044281005859375" lon="127.06800679676234722137451171875">
        <ele>28.3999996185302734375</ele>
        <time>2026-09-06T09:57:45.000Z</time>
        <extensions>
          <ns3:TrackPointExtension>
            <ns3:hr>118</ns3:hr>
            <ns3:cad>83</ns3:cad>
          </ns3:TrackPointExtension>
        </extensions>
      </trkpt>
      <trkpt lat="37.5104505009949207305908203125" lon="127.067997492849826812744140625">
        <ele>28.3999996185302734375</ele>
        <time>2026-09-06T09:57:46.000Z</time>
        <extensions>
          <ns3:TrackPointExtension>
            <ns3:hr>118</ns3:hr>
            <ns3:cad>83</ns3:cad>
          </ns3:TrackPointExtension>
        </extensions>
      </trkpt>
      <trkpt lat="37.51048184931278228759765625" lon="127.0680011808872222900390625">
        <ele>28</ele>
        <time>2026-09-06T09:57:47.000Z</time>
        <extensions>
          <ns3:TrackPointExtension>
            <ns3:hr>119</ns3:hr>
            <ns3:cad>83</ns3:cad>
          </ns3:TrackPointExtension>
        </extensions>
      </trkpt>
      <trkpt lat="37.5105118565261363983154296875" lon="127.06799556501209735870361328125">
        <ele>27.799999237060546875</ele>
        <time>2026-09-06T09:57:48.000Z</time>
        <extensions>
          <ns3:TrackPointExtension>
            <ns3:hr>120</ns3:hr>
            <ns3:cad>83</ns3:cad>
          </ns3:TrackPointExtension>
        </extensions>
      </trkpt>
      <trkpt lat="37.51054915599524974822998046875" lon="127.0679865963757038116455078125">
        <ele>27.6000003814697265625</ele>
        <time>2026-09-06T09:57:49.000Z</time>
        <extensions>
          <ns3:TrackPointExtension>
            <ns3:hr>121</ns3:hr>
            <ns3:cad>82</ns3:cad>
          </ns3:TrackPointExtension>
        </extensions>
      </trkpt>
      <trkpt lat="37.51058117486536502838134765625" lon="127.06797905266284942626953125">
        <ele>27.3999996185302734375</ele>
        <time>2026-09-06T09:57:50.000Z</time>
        <extensions>
          <ns3:TrackPointExtension>
            <ns3:hr>121</ns3:hr>
            <ns3:cad>82</ns3:cad>
          </ns3:TrackPointExtension>
        </extensions>
      </trkpt>
      <trkpt lat="37.51061302609741687774658203125" lon="127.06797243095934391021728515625">
        <ele>27</ele>
        <time>2026-09-06T09:57:51.000Z</time>
        <extensions>
          <ns3:TrackPointExtension>
            <ns3:hr>121</ns3:hr>
            <ns3:cad>82</ns3:cad>
          </ns3:TrackPointExtension>
        </extensions>
      </trkpt>
      <trkpt lat="37.51064890064299106597900390625" lon="127.0679689943790435791015625">
        <ele>27</ele>
        <time>2026-09-06T09:57:52.000Z</time>
        <extensions>
          <ns3:TrackPointExtension>
            <ns3:hr>121</ns3:hr>
            <ns3:cad>82</ns3:cad>
          </ns3:TrackPointExtension>
        </extensions>
      </trkpt>
      <trkpt lat="37.5106761418282985687255859375" lon="127.0679631270468235015869140625">
        <ele>26.799999237060546875</ele>
        <time>2026-09-06T09:57:53.000Z</time>
        <extensions>
          <ns3:TrackPointExtension>
            <ns3:hr>122</ns3:hr>
            <ns3:cad>82</ns3:cad>
          </ns3:TrackPointExtension>
        </extensions>
      </trkpt>
      <trkpt lat="37.510714866220951080322265625" lon="127.06796304322779178619384765625">
        <ele>26.6000003814697265625</ele>
        <time>2026-09-06T09:57:54.000Z</time>
        <extensions>
          <ns3:TrackPointExtension>
            <ns3:hr>122</ns3:hr>
            <ns3:cad>82</ns3:cad>
          </ns3:TrackPointExtension>
        </extensions>
      </trkpt>
      <trkpt lat="37.510745041072368621826171875" lon="127.06796270795166492462158203125">
        <ele>26.3999996185302734375</ele>
        <time>2026-09-06T09:57:55.000Z</time>
        <extensions>
          <ns3:TrackPointExtension>
            <ns3:hr>122</ns3:hr>
            <ns3:cad>82</ns3:cad>
          </ns3:TrackPointExtension>
        </extensions>
      </trkpt>
      <trkpt lat="37.5107829272747039794921875" lon="127.06796723417937755584716796875">
        <ele>26.3999996185302734375</ele>
        <time>2026-09-06T09:57:56.000Z</time>
        <extensions>
          <ns3:TrackPointExtension>
            <ns3:hr>122</ns3:hr>
            <ns3:cad>84</ns3:cad>
          </ns3:TrackPointExtension>
        </extensions>
      </trkpt>
      <trkpt lat="37.51081704162061214447021484375" lon="127.06797905266284942626953125">
        <ele>26.3999996185302734375</ele>
        <time>2026-09-06T09:57:57.000Z</time>
        <extensions>
          <ns3:TrackPointExtension>
            <ns3:hr>122</ns3:hr>
            <ns3:cad>85</ns3:cad>
          </ns3:TrackPointExtension>
        </extensions>
      </trkpt>
      <trkpt lat="37.5108528323471546173095703125" lon="127.06798366270959377288818359375">
        <ele>26.3999996185302734375</ele>
        <time>2026-09-06T09:57:58.000Z</time>
        <extensions>
          <ns3:TrackPointExtension>
            <ns3:hr>123</ns3:hr>
            <ns3:cad>85</ns3:cad>
          </ns3:TrackPointExtension>
        </extensions>
      </trkpt>
      <trkpt lat="37.510887868702411651611328125" lon="127.0680043660104274749755859375">
        <ele>26.3999996185302734375</ele>
        <time>2026-09-06T09:57:59.000Z</time>
        <extensions>
          <ns3:TrackPointExtension>
            <ns3:hr>123</ns3:hr>
            <ns3:cad>86</ns3:cad>
          </ns3:TrackPointExtension>
        </extensions>
      </trkpt>
      <trkpt lat="37.51091712154448032379150390625" lon="127.0680184476077556610107421875">
        <ele>26.3999996185302734375</ele>
        <time>2026-09-06T09:58:00.000Z</time>
        <extensions>
          <ns3:TrackPointExtension>
            <ns3:hr>123</ns3:hr>
            <ns3:cad>86</ns3:cad>
          </ns3:TrackPointExtension>
        </extensions>
      </trkpt>
      <trkpt lat="37.5109517388045787811279296875" lon="127.06803982146084308624267578125">
        <ele>26.200000762939453125</ele>
        <time>2026-09-06T09:58:01.000Z</time>
        <extensions>
          <ns3:TrackPointExtension>
            <ns3:hr>123</ns3:hr>
            <ns3:cad>86</ns3:cad>
          </ns3:TrackPointExtension>
        </extensions>
      </trkpt>
      <trkpt lat="37.51097914762794971466064453125" lon="127.0680573396384716033935546875">
        <ele>25.799999237060546875</ele>
        <time>2026-09-06T09:58:02.000Z</time>
        <extensions>
          <ns3:TrackPointExtension>
            <ns3:hr>123</ns3:hr>
            <ns3:cad>85</ns3:cad>
          </ns3:TrackPointExtension>
        </extensions>
      </trkpt>
      <trkpt lat="37.51101284287869930267333984375" lon="127.06807720474898815155029296875">
        <ele>25.6000003814697265625</ele>
        <time>2026-09-06T09:58:03.000Z</time>
        <extensions>
          <ns3:TrackPointExtension>
            <ns3:hr>124</ns3:hr>
            <ns3:cad>85</ns3:cad>
          </ns3:TrackPointExtension>
        </extensions>
      </trkpt>
      <trkpt lat="37.5110462866723537445068359375" lon="127.0680923759937286376953125">
        <ele>25.3999996185302734375</ele>
        <time>2026-09-06T09:58:04.000Z</time>
        <extensions>
          <ns3:TrackPointExtension>
            <ns3:hr>124</ns3:hr>
            <ns3:cad>85</ns3:cad>
          </ns3:TrackPointExtension>
        </extensions>
      </trkpt>
      <trkpt lat="37.51107788644731044769287109375" lon="127.06809363327920436859130859375">
        <ele>25.200000762939453125</ele>
        <time>2026-09-06T09:58:05.000Z</time>
        <extensions>
          <ns3:TrackPointExtension>
            <ns3:hr>124</ns3:hr>
            <ns3:cad>85</ns3:cad>
          </ns3:TrackPointExtension>
        </extensions>
      </trkpt>
      <trkpt lat="37.51111862249672412872314453125" lon="127.06808273680508136749267578125">
        <ele>25</ele>
        <time>2026-09-06T09:58:06.000Z</time>
        <extensions>
          <ns3:TrackPointExtension>
            <ns3:hr>124</ns3:hr>
            <ns3:cad>85</ns3:cad>
          </ns3:TrackPointExtension>
        </extensions>
      </trkpt>
      <trkpt lat="37.51114879734814167022705078125" lon="127.068076618015766143798828125">
        <ele>25</ele>
        <time>2026-09-06T09:58:07.000Z</time>
        <extensions>
          <ns3:TrackPointExtension>
            <ns3:hr>124</ns3:hr>
            <ns3:cad>85</ns3:cad>
          </ns3:TrackPointExtension>
        </extensions>
      </trkpt>
      <trkpt lat="37.5111914612352848052978515625" lon="127.0680684037506580352783203125">
        <ele>25</ele>
        <time>2026-09-06T09:58:08.000Z</time>
        <extensions>
          <ns3:TrackPointExtension>
            <ns3:hr>124</ns3:hr>
            <ns3:cad>85</ns3:cad>
          </ns3:TrackPointExtension>
        </extensions>
      </trkpt>
      <trkpt lat="37.5112152658402919769287109375" lon="127.068056166172027587890625">
        <ele>25</ele>
        <time>2026-09-06T09:58:09.000Z</time>
        <extensions>
          <ns3:TrackPointExtension>
            <ns3:hr>125</ns3:hr>
            <ns3:cad>85</ns3:cad>
          </ns3:TrackPointExtension>
        </extensions>
      </trkpt>
      <trkpt lat="37.511249296367168426513671875" lon="127.0680422522127628326416015625">
        <ele>24.799999237060546875</ele>
        <time>2026-09-06T09:58:10.000Z</time>
        <extensions>
          <ns3:TrackPointExtension>
            <ns3:hr>126</ns3:hr>
            <ns3:cad>85</ns3:cad>
          </ns3:TrackPointExtension>
        </extensions>
      </trkpt>
      <trkpt lat="37.51128123141825199127197265625" lon="127.068040072917938232421875">
        <ele>24.799999237060546875</ele>
        <time>2026-09-06T09:58:11.000Z</time>
        <extensions>
          <ns3:TrackPointExtension>
            <ns3:hr>126</ns3:hr>
            <ns3:cad>86</ns3:cad>
          </ns3:TrackPointExtension>
        </extensions>
      </trkpt>
      <trkpt lat="37.5113071314990520477294921875" lon="127.0680268295109272003173828125">
        <ele>24.799999237060546875</ele>
        <time>2026-09-06T09:58:12.000Z</time>
        <extensions>
          <ns3:TrackPointExtension>
            <ns3:hr>126</ns3:hr>
            <ns3:cad>85</ns3:cad>
          </ns3:TrackPointExtension>
        </extensions>
      </trkpt>
      <trkpt lat="37.51134677790105342864990234375" lon="127.068018615245819091796875">
        <ele>24.799999237060546875</ele>
        <time>2026-09-06T09:58:13.000Z</time>
        <extensions>
          <ns3:TrackPointExtension>
            <ns3:hr>126</ns3:hr>
            <ns3:cad>85</ns3:cad>
          </ns3:TrackPointExtension>
        </extensions>
      </trkpt>
      <trkpt lat="37.51136790029704570770263671875" lon="127.06801123917102813720703125">
        <ele>24.799999237060546875</ele>
        <time>2026-09-06T09:58:14.000Z</time>
        <extensions>
          <ns3:TrackPointExtension>
            <ns3:hr>126</ns3:hr>
            <ns3:cad>85</ns3:cad>
          </ns3:TrackPointExtension>
        </extensions>
      </trkpt>
      <trkpt lat="37.5114040262997150421142578125" lon="127.06800679676234722137451171875">
        <ele>24.799999237060546875</ele>
        <time>2026-09-06T09:58:15.000Z</time>
        <extensions>
          <ns3:TrackPointExtension>
            <ns3:hr>127</ns3:hr>
            <ns3:cad>85</ns3:cad>
          </ns3:TrackPointExtension>
        </extensions>
      </trkpt>
      <trkpt lat="37.5114328600466251373291015625" lon="127.0680047012865543365478515625">
        <ele>25</ele>
        <time>2026-09-06T09:58:16.000Z</time>
        <extensions>
          <ns3:TrackPointExtension>
            <ns3:hr>126</ns3:hr>
            <ns3:cad>85</ns3:cad>
          </ns3:TrackPointExtension>
        </extensions>
      </trkpt>
      <trkpt lat="37.5114643760025501251220703125" lon="127.06799573265016078948974609375">
        <ele>25.200000762939453125</ele>
        <time>2026-09-06T09:58:17.000Z</time>
        <extensions>
          <ns3:TrackPointExtension>
            <ns3:hr>126</ns3:hr>
            <ns3:cad>85</ns3:cad>
          </ns3:TrackPointExtension>
        </extensions>
      </trkpt>
      <trkpt lat="37.51150268130004405975341796875" lon="127.0679976604878902435302734375">
        <ele>25.200000762939453125</ele>
        <time>2026-09-06T09:58:18.000Z</time>
        <extensions>
          <ns3:TrackPointExtension>
            <ns3:hr>126</ns3:hr>
            <ns3:cad>85</ns3:cad>
          </ns3:TrackPointExtension>
        </extensions>
      </trkpt>
      <trkpt lat="37.51153059303760528564453125" lon="127.06798634491860866546630859375">
        <ele>25.3999996185302734375</ele>
        <time>2026-09-06T09:58:19.000Z</time>
        <extensions>
          <ns3:TrackPointExtension>
            <ns3:hr>127</ns3:hr>
            <ns3:cad>85</ns3:cad>
          </ns3:TrackPointExtension>
        </extensions>
      </trkpt>
      <trkpt lat="37.511572502553462982177734375" lon="127.0679778791964054107666015625">
        <ele>25.6000003814697265625</ele>
        <time>2026-09-06T09:58:20.000Z</time>
        <extensions>
          <ns3:TrackPointExtension>
            <ns3:hr>128</ns3:hr>
            <ns3:cad>85</ns3:cad>
          </ns3:TrackPointExtension>
        </extensions>
      </trkpt>
      <trkpt lat="37.51159773208200931549072265625" lon="127.06797025166451930999755859375">
        <ele>25.3999996185302734375</ele>
        <time>2026-09-06T09:58:21.000Z</time>
        <extensions>
          <ns3:TrackPointExtension>
            <ns3:hr>128</ns3:hr>
            <ns3:cad>85</ns3:cad>
          </ns3:TrackPointExtension>
        </extensions>
      </trkpt>
      <trkpt lat="37.5116300024092197418212890625" lon="127.06796161830425262451171875">
        <ele>25</ele>
        <time>2026-09-06T09:58:22.000Z</time>
        <extensions>
          <ns3:TrackPointExtension>
            <ns3:hr>128</ns3:hr>
            <ns3:cad>85</ns3:cad>
          </ns3:TrackPointExtension>
        </extensions>
      </trkpt>
      <trkpt lat="37.511657662689685821533203125" lon="127.06795147620141506195068359375">
        <ele>24.799999237060546875</ele>
        <time>2026-09-06T09:58:23.000Z</time>
        <extensions>
          <ns3:TrackPointExtension>
            <ns3:hr>128</ns3:hr>
            <ns3:cad>84</ns3:cad>
          </ns3:TrackPointExtension>
        </extensions>
      </trkpt>
      <trkpt lat="37.51168356277048587799072265625" lon="127.067940495908260345458984375">
        <ele>24.6000003814697265625</ele>
        <time>2026-09-06T09:58:24.000Z</time>
        <extensions>
          <ns3:TrackPointExtension>
            <ns3:hr>129</ns3:hr>
            <ns3:cad>84</ns3:cad>
          </ns3:TrackPointExtension>
        </extensions>
      </trkpt>
      <trkpt lat="37.51172429881989955902099609375" lon="127.06793873570859432220458984375">
        <ele>24.3999996185302734375</ele>
        <time>2026-09-06T09:58:25.000Z</time>
        <extensions>
          <ns3:TrackPointExtension>
            <ns3:hr>129</ns3:hr>
            <ns3:cad>84</ns3:cad>
          </ns3:TrackPointExtension>
        </extensions>
      </trkpt>
      <trkpt lat="37.51174785196781158447265625" lon="127.06792951561510562896728515625">
        <ele>24.3999996185302734375</ele>
        <time>2026-09-06T09:58:26.000Z</time>
        <extensions>
          <ns3:TrackPointExtension>
            <ns3:hr>129</ns3:hr>
            <ns3:cad>84</ns3:cad>
          </ns3:TrackPointExtension>
        </extensions>
      </trkpt>
      <trkpt lat="37.5117848999798297882080078125" lon="127.06792130134999752044677734375">
        <ele>24.3999996185302734375</ele>
        <time>2026-09-06T09:58:27.000Z</time>
        <extensions>
          <ns3:TrackPointExtension>
            <ns3:hr>129</ns3:hr>
            <ns3:cad>84</ns3:cad>
          </ns3:TrackPointExtension>
        </extensions>
      </trkpt>
      <trkpt lat="37.51181490719318389892578125" lon="127.067923061549663543701171875">
        <ele>24.6000003814697265625</ele>
        <time>2026-09-06T09:58:28.000Z</time>
        <extensions>
          <ns3:TrackPointExtension>
            <ns3:hr>129</ns3:hr>
            <ns3:cad>84</ns3:cad>
          </ns3:TrackPointExtension>
        </extensions>
      </trkpt>
      <trkpt lat="37.51184642314910888671875" lon="127.0679182000458240509033203125">
        <ele>24.6000003814697265625</ele>
        <time>2026-09-06T09:58:29.000Z</time>
        <extensions>
          <ns3:TrackPointExtension>
            <ns3:hr>129</ns3:hr>
            <ns3:cad>85</ns3:cad>
          </ns3:TrackPointExtension>
        </extensions>
      </trkpt>
      <trkpt lat="37.5118831358850002288818359375" lon="127.06792783923447132110595703125">
        <ele>24.6000003814697265625</ele>
        <time>2026-09-06T09:58:30.000Z</time>
        <extensions>
          <ns3:TrackPointExtension>
            <ns3:hr>130</ns3:hr>
            <ns3:cad>85</ns3:cad>
          </ns3:TrackPointExtension>
        </extensions>
      </trkpt>
      <trkpt lat="37.51190752722322940826416015625" lon="127.06792297773063182830810546875">
        <ele>24.6000003814697265625</ele>
        <time>2026-09-06T09:58:31.000Z</time>
        <extensions>
          <ns3:TrackPointExtension>
            <ns3:hr>130</ns3:hr>
            <ns3:cad>85</ns3:cad>
          </ns3:TrackPointExtension>
        </extensions>
      </trkpt>
      <trkpt lat="37.51194298267364501953125" lon="127.06792004406452178955078125">
        <ele>24.6000003814697265625</ele>
        <time>2026-09-06T09:58:32.000Z</time>
        <extensions>
          <ns3:TrackPointExtension>
            <ns3:hr>131</ns3:hr>
            <ns3:cad>85</ns3:cad>
          </ns3:TrackPointExtension>
        </extensions>
      </trkpt>
      <trkpt lat="37.51197089441120624542236328125" lon="127.06791761331260204315185546875">
        <ele>24.799999237060546875</ele>
        <time>2026-09-06T09:58:33.000Z</time>
        <extensions>
          <ns3:TrackPointExtension>
            <ns3:hr>132</ns3:hr>
            <ns3:cad>84</ns3:cad>
          </ns3:TrackPointExtension>
        </extensions>
      </trkpt>
      <trkpt lat="37.51200090162456035614013671875" lon="127.06791090779006481170654296875">
        <ele>24.799999237060546875</ele>
        <time>2026-09-06T09:58:34.000Z</time>
        <extensions>
          <ns3:TrackPointExtension>
            <ns3:hr>133</ns3:hr>
            <ns3:cad>84</ns3:cad>
          </ns3:TrackPointExtension>
        </extensions>
      </trkpt>
      <trkpt lat="37.51203660853207111358642578125" lon="127.067907638847827911376953125">
        <ele>25</ele>
        <time>2026-09-06T09:58:35.000Z</time>
        <extensions>
          <ns3:TrackPointExtension>
            <ns3:hr>133</ns3:hr>
            <ns3:cad>85</ns3:cad>
          </ns3:TrackPointExtension>
        </extensions>
      </trkpt>
      <trkpt lat="37.512063346803188323974609375" lon="127.067904286086559295654296875">
        <ele>25</ele>
        <time>2026-09-06T09:58:36.000Z</time>
        <extensions>
          <ns3:TrackPointExtension>
            <ns3:hr>133</ns3:hr>
            <ns3:cad>85</ns3:cad>
          </ns3:TrackPointExtension>
        </extensions>
      </trkpt>
      <trkpt lat="37.512100897729396820068359375" lon="127.067900262773036956787109375">
        <ele>24.799999237060546875</ele>
        <time>2026-09-06T09:58:37.000Z</time>
        <extensions>
          <ns3:TrackPointExtension>
            <ns3:hr>134</ns3:hr>
            <ns3:cad>85</ns3:cad>
          </ns3:TrackPointExtension>
        </extensions>
      </trkpt>
      <trkpt lat="37.51212478615343570709228515625" lon="127.06788978539407253265380859375">
        <ele>24.799999237060546875</ele>
        <time>2026-09-06T09:58:38.000Z</time>
        <extensions>
          <ns3:TrackPointExtension>
            <ns3:hr>134</ns3:hr>
            <ns3:cad>84</ns3:cad>
          </ns3:TrackPointExtension>
        </extensions>
      </trkpt>
      <trkpt lat="37.512158565223217010498046875" lon="127.0678806491196155548095703125">
        <ele>25</ele>
        <time>2026-09-06T09:58:39.000Z</time>
        <extensions>
          <ns3:TrackPointExtension>
            <ns3:hr>135</ns3:hr>
            <ns3:cad>84</ns3:cad>
          </ns3:TrackPointExtension>
        </extensions>
      </trkpt>
      <trkpt lat="37.51219133846461772918701171875" lon="127.0678886957466602325439453125">
        <ele>25</ele>
        <time>2026-09-06T09:58:40.000Z</time>
        <extensions>
          <ns3:TrackPointExtension>
            <ns3:hr>135</ns3:hr>
            <ns3:cad>84</ns3:cad>
          </ns3:TrackPointExtension>
        </extensions>
      </trkpt>
      <trkpt lat="37.51221648417413234710693359375" lon="127.06788307987153530120849609375">
        <ele>25</ele>
        <time>2026-09-06T09:58:41.000Z</time>
        <extensions>
          <ns3:TrackPointExtension>
            <ns3:hr>135</ns3:hr>
            <ns3:cad>85</ns3:cad>
          </ns3:TrackPointExtension>
        </extensions>
      </trkpt>
      <trkpt lat="37.5122542865574359893798828125" lon="127.06788810901343822479248046875">
        <ele>25</ele>
        <time>2026-09-06T09:58:42.000Z</time>
        <extensions>
          <ns3:TrackPointExtension>
            <ns3:hr>136</ns3:hr>
            <ns3:cad>85</ns3:cad>
          </ns3:TrackPointExtension>
        </extensions>
      </trkpt>
      <trkpt lat="37.5122784264385700225830078125" lon="127.06788157112896442413330078125">
        <ele>25</ele>
        <time>2026-09-06T09:58:43.000Z</time>
        <extensions>
          <ns3:TrackPointExtension>
            <ns3:hr>136</ns3:hr>
            <ns3:cad>85</ns3:cad>
          </ns3:TrackPointExtension>
        </extensions>
      </trkpt>
      <trkpt lat="37.5123149715363979339599609375" lon="127.06787712872028350830078125">
        <ele>24.799999237060546875</ele>
        <time>2026-09-06T09:58:44.000Z</time>
        <extensions>
          <ns3:TrackPointExtension>
            <ns3:hr>136</ns3:hr>
            <ns3:cad>85</ns3:cad>
          </ns3:TrackPointExtension>
        </extensions>
      </trkpt>
      <trkpt lat="37.5123468227684497833251953125" lon="127.06788626499474048614501953125">
        <ele>24.799999237060546875</ele>
        <time>2026-09-06T09:58:45.000Z</time>
        <extensions>
          <ns3:TrackPointExtension>
            <ns3:hr>137</ns3:hr>
            <ns3:cad>85</ns3:cad>
          </ns3:TrackPointExtension>
        </extensions>
      </trkpt>
      <trkpt lat="37.5123756565153598785400390625" lon="127.06788375042378902435302734375">
        <ele>24.799999237060546875</ele>
        <time>2026-09-06T09:58:46.000Z</time>
        <extensions>
          <ns3:TrackPointExtension>
            <ns3:hr>137</ns3:hr>
            <ns3:cad>85</ns3:cad>
          </ns3:TrackPointExtension>
        </extensions>
      </trkpt>
      <trkpt lat="37.5124125368893146514892578125" lon="127.06788006238639354705810546875">
        <ele>25</ele>
        <time>2026-09-06T09:58:47.000Z</time>
        <extensions>
          <ns3:TrackPointExtension>
            <ns3:hr>137</ns3:hr>
            <ns3:cad>85</ns3:cad>
          </ns3:TrackPointExtension>
        </extensions>
      </trkpt>
      <trkpt lat="37.51243692822754383087158203125" lon="127.06787486560642719268798828125">
        <ele>25.200000762939453125</ele>
        <time>2026-09-06T09:58:48.000Z</time>
        <extensions>
          <ns3:TrackPointExtension>
            <ns3:hr>138</ns3:hr>
            <ns3:cad>84</ns3:cad>
          </ns3:TrackPointExtension>
        </extensions>
      </trkpt>
      <trkpt lat="37.51246911473572254180908203125" lon="127.0678679086267948150634765625">
        <ele>25.3999996185302734375</ele>
        <time>2026-09-06T09:58:49.000Z</time>
        <extensions>
          <ns3:TrackPointExtension>
            <ns3:hr>138</ns3:hr>
            <ns3:cad>84</ns3:cad>
          </ns3:TrackPointExtension>
        </extensions>
      </trkpt>
      <trkpt lat="37.51250029541552066802978515625" lon="127.06786497496068477630615234375">
        <ele>25.3999996185302734375</ele>
        <time>2026-09-06T09:58:50.000Z</time>
        <extensions>
          <ns3:TrackPointExtension>
            <ns3:hr>139</ns3:hr>
            <ns3:cad>84</ns3:cad>
          </ns3:TrackPointExtension>
        </extensions>
      </trkpt>
      <trkpt lat="37.51252996735274791717529296875" lon="127.06785994581878185272216796875">
        <ele>25.6000003814697265625</ele>
        <time>2026-09-06T09:58:51.000Z</time>
        <extensions>
          <ns3:TrackPointExtension>
            <ns3:hr>139</ns3:hr>
            <ns3:cad>84</ns3:cad>
          </ns3:TrackPointExtension>
        </extensions>
      </trkpt>
      <trkpt lat="37.51256718300282955169677734375" lon="127.06786028109490871429443359375">
        <ele>25.799999237060546875</ele>
        <time>2026-09-06T09:58:52.000Z</time>
        <extensions>
          <ns3:TrackPointExtension>
            <ns3:hr>140</ns3:hr>
            <ns3:cad>84</ns3:cad>
          </ns3:TrackPointExtension>
        </extensions>
      </trkpt>
      <trkpt lat="37.5125902332365512847900390625" lon="127.06785223446786403656005859375">
        <ele>25.799999237060546875</ele>
        <time>2026-09-06T09:58:53.000Z</time>
        <extensions>
          <ns3:TrackPointExtension>
            <ns3:hr>140</ns3:hr>
            <ns3:cad>84</ns3:cad>
          </ns3:TrackPointExtension>
        </extensions>
      </trkpt>
      <trkpt lat="37.512623257935047149658203125" lon="127.06784452311694622039794921875">
        <ele>25.6000003814697265625</ele>
        <time>2026-09-06T09:58:54.000Z</time>
        <extensions>
          <ns3:TrackPointExtension>
            <ns3:hr>140</ns3:hr>
            <ns3:cad>85</ns3:cad>
          </ns3:TrackPointExtension>
        </extensions>
      </trkpt>
      <trkpt lat="37.51264639198780059814453125" lon="127.0678357221186161041259765625">
        <ele>25.6000003814697265625</ele>
        <time>2026-09-06T09:58:55.000Z</time>
        <extensions>
          <ns3:TrackPointExtension>
            <ns3:hr>141</ns3:hr>
            <ns3:cad>84</ns3:cad>
          </ns3:TrackPointExtension>
        </extensions>
      </trkpt>
      <trkpt lat="37.5126727111637592315673828125" lon="127.067828513681888580322265625">
        <ele>25.6000003814697265625</ele>
        <time>2026-09-06T09:58:56.000Z</time>
        <extensions>
          <ns3:TrackPointExtension>
            <ns3:hr>141</ns3:hr>
            <ns3:cad>84</ns3:cad>
          </ns3:TrackPointExtension>
        </extensions>
      </trkpt>
      <trkpt lat="37.51270581968128681182861328125" lon="127.0678327046334743499755859375">
        <ele>25.3999996185302734375</ele>
        <time>2026-09-06T09:58:57.000Z</time>
        <extensions>
          <ns3:TrackPointExtension>
            <ns3:hr>141</ns3:hr>
            <ns3:cad>84</ns3:cad>
          </ns3:TrackPointExtension>
        </extensions>
      </trkpt>
      <trkpt lat="37.51273029483854770660400390625" lon="127.06782541237771511077880859375">
        <ele>25.3999996185302734375</ele>
        <time>2026-09-06T09:58:58.000Z</time>
        <extensions>
          <ns3:TrackPointExtension>
            <ns3:hr>141</ns3:hr>
            <ns3:cad>84</ns3:cad>
          </ns3:TrackPointExtension>
        </extensions>
      </trkpt>
      <trkpt lat="37.51276717521250247955322265625" lon="127.06781401298940181732177734375">
        <ele>25.3999996185302734375</ele>
        <time>2026-09-06T09:58:59.000Z</time>
        <extensions>
          <ns3:TrackPointExtension>
            <ns3:hr>141</ns3:hr>
            <ns3:cad>84</ns3:cad>
          </ns3:TrackPointExtension>
        </extensions>
      </trkpt>
      <trkpt lat="37.512786202132701873779296875" lon="127.06780613400042057037353515625">
        <ele>25.6000003814697265625</ele>
        <time>2026-09-06T09:59:00.000Z</time>
        <extensions>
          <ns3:TrackPointExtension>
            <ns3:hr>141</ns3:hr>
            <ns3:cad>84</ns3:cad>
          </ns3:TrackPointExtension>
        </extensions>
      </trkpt>
      <trkpt lat="37.51282065175473690032958984375" lon="127.06779708154499530792236328125">
        <ele>25.6000003814697265625</ele>
        <time>2026-09-06T09:59:01.000Z</time>
        <extensions>
          <ns3:TrackPointExtension>
            <ns3:hr>141</ns3:hr>
            <ns3:cad>84</ns3:cad>
          </ns3:TrackPointExtension>
        </extensions>
      </trkpt>
      <trkpt lat="37.51285132952034473419189453125" lon="127.067796997725963592529296875">
        <ele>25.3999996185302734375</ele>
        <time>2026-09-06T09:59:02.000Z</time>
        <extensions>
          <ns3:TrackPointExtension>
            <ns3:hr>141</ns3:hr>
            <ns3:cad>84</ns3:cad>
          </ns3:TrackPointExtension>
        </extensions>
      </trkpt>
      <trkpt lat="37.51287639141082763671875" lon="127.06779372878372669219970703125">
        <ele>25.6000003814697265625</ele>
        <time>2026-09-06T09:59:03.000Z</time>
        <extensions>
          <ns3:TrackPointExtension>
            <ns3:hr>141</ns3:hr>
            <ns3:cad>84</ns3:cad>
          </ns3:TrackPointExtension>
        </extensions>
      </trkpt>
      <trkpt lat="37.51291620545089244842529296875" lon="127.06779138185083866119384765625">
        <ele>25.3999996185302734375</ele>
        <time>2026-09-06T09:59:04.000Z</time>
        <extensions>
          <ns3:TrackPointExtension>
            <ns3:hr>141</ns3:hr>
            <ns3:cad>84</ns3:cad>
          </ns3:TrackPointExtension>
        </extensions>
      </trkpt>
      <trkpt lat="37.51294068060815334320068359375" lon="127.067784927785396575927734375">
        <ele>25.200000762939453125</ele>
        <time>2026-09-06T09:59:05.000Z</time>
        <extensions>
          <ns3:TrackPointExtension>
            <ns3:hr>141</ns3:hr>
            <ns3:cad>84</ns3:cad>
          </ns3:TrackPointExtension>
        </extensions>
      </trkpt>
      <trkpt lat="37.512972615659236907958984375" lon="127.0677783899009227752685546875">
        <ele>25</ele>
        <time>2026-09-06T09:59:06.000Z</time>
        <extensions>
          <ns3:TrackPointExtension>
            <ns3:hr>141</ns3:hr>
            <ns3:cad>85</ns3:cad>
          </ns3:TrackPointExtension>
        </extensions>
      </trkpt>
      <trkpt lat="37.51300823874771595001220703125" lon="127.06778056919574737548828125">
        <ele>24.799999237060546875</ele>
        <time>2026-09-06T09:59:07.000Z</time>
        <extensions>
          <ns3:TrackPointExtension>
            <ns3:hr>141</ns3:hr>
            <ns3:cad>84</ns3:cad>
          </ns3:TrackPointExtension>
        </extensions>
      </trkpt>
      <trkpt lat="37.513034641742706298828125" lon="127.06777227111160755157470703125">
        <ele>24.799999237060546875</ele>
        <time>2026-09-06T09:59:08.000Z</time>
        <extensions>
          <ns3:TrackPointExtension>
            <ns3:hr>141</ns3:hr>
            <ns3:cad>84</ns3:cad>
          </ns3:TrackPointExtension>
        </extensions>
      </trkpt>
      <trkpt lat="37.51306858845055103302001953125" lon="127.06776154227554798126220703125">
        <ele>25</ele>
        <time>2026-09-06T09:59:09.000Z</time>
        <extensions>
          <ns3:TrackPointExtension>
            <ns3:hr>141</ns3:hr>
            <ns3:cad>83</ns3:cad>
          </ns3:TrackPointExtension>
        </extensions>
      </trkpt>
      <trkpt lat="37.51309339888393878936767578125" lon="127.06775584258139133453369140625">
        <ele>25</ele>
        <time>2026-09-06T09:59:10.000Z</time>
        <extensions>
          <ns3:TrackPointExtension>
            <ns3:hr>141</ns3:hr>
            <ns3:cad>83</ns3:cad>
          </ns3:TrackPointExtension>
        </extensions>
      </trkpt>
      <trkpt lat="37.5131303630769252777099609375" lon="127.06774880178272724151611328125">
        <ele>25</ele>
        <time>2026-09-06T09:59:11.000Z</time>
        <extensions>
          <ns3:TrackPointExtension>
            <ns3:hr>141</ns3:hr>
            <ns3:cad>83</ns3:cad>
          </ns3:TrackPointExtension>
        </extensions>
      </trkpt>
      <trkpt lat="37.513159029185771942138671875" lon="127.06774326972663402557373046875">
        <ele>25</ele>
        <time>2026-09-06T09:59:12.000Z</time>
        <extensions>
          <ns3:TrackPointExtension>
            <ns3:hr>141</ns3:hr>
            <ns3:cad>84</ns3:cad>
          </ns3:TrackPointExtension>
        </extensions>
      </trkpt>
      <trkpt lat="37.51318953931331634521484375" lon="127.067735306918621063232421875">
        <ele>24.799999237060546875</ele>
        <time>2026-09-06T09:59:13.000Z</time>
        <extensions>
          <ns3:TrackPointExtension>
            <ns3:hr>141</ns3:hr>
            <ns3:cad>84</ns3:cad>
          </ns3:TrackPointExtension>
        </extensions>
      </trkpt>
      <trkpt lat="37.513228766620159149169921875" lon="127.06774226389825344085693359375">
        <ele>24.799999237060546875</ele>
        <time>2026-09-06T09:59:14.000Z</time>
        <extensions>
          <ns3:TrackPointExtension>
            <ns3:hr>141</ns3:hr>
            <ns3:cad>84</ns3:cad>
          </ns3:TrackPointExtension>
        </extensions>
      </trkpt>
      <trkpt lat="37.513252906501293182373046875" lon="127.0677348040044307708740234375">
        <ele>24.799999237060546875</ele>
        <time>2026-09-06T09:59:15.000Z</time>
        <extensions>
          <ns3:TrackPointExtension>
            <ns3:hr>141</ns3:hr>
            <ns3:cad>85</ns3:cad>
          </ns3:TrackPointExtension>
        </extensions>
      </trkpt>
      <trkpt lat="37.51329389400780200958251953125" lon="127.067727930843830108642578125">
        <ele>25</ele>
        <time>2026-09-06T09:59:16.000Z</time>
        <extensions>
          <ns3:TrackPointExtension>
            <ns3:hr>141</ns3:hr>
            <ns3:cad>85</ns3:cad>
          </ns3:TrackPointExtension>
        </extensions>
      </trkpt>
      <trkpt lat="37.5133214704692363739013671875" lon="127.06772265024483203887939453125">
        <ele>25.3999996185302734375</ele>
        <time>2026-09-06T09:59:17.000Z</time>
        <extensions>
          <ns3:TrackPointExtension>
            <ns3:hr>141</ns3:hr>
            <ns3:cad>85</ns3:cad>
          </ns3:TrackPointExtension>
        </extensions>
      </trkpt>
      <trkpt lat="37.5133519805967807769775390625" lon="127.0677153579890727996826171875">
        <ele>25.799999237060546875</ele>
        <time>2026-09-06T09:59:18.000Z</time>
        <extensions>
          <ns3:TrackPointExtension>
            <ns3:hr>141</ns3:hr>
            <ns3:cad>85</ns3:cad>
          </ns3:TrackPointExtension>
        </extensions>
      </trkpt>
      <trkpt lat="37.5133902020752429962158203125" lon="127.06772231496870517730712890625">
        <ele>26.3999996185302734375</ele>
        <time>2026-09-06T09:59:19.000Z</time>
        <extensions>
          <ns3:TrackPointExtension>
            <ns3:hr>141</ns3:hr>
            <ns3:cad>85</ns3:cad>
          </ns3:TrackPointExtension>
        </extensions>
      </trkpt>
      <trkpt lat="37.51341157592833042144775390625" lon="127.0677141845226287841796875">
        <ele>26.3999996185302734375</ele>
        <time>2026-09-06T09:59:20.000Z</time>
        <extensions>
          <ns3:TrackPointExtension>
            <ns3:hr>141</ns3:hr>
            <ns3:cad>85</ns3:cad>
          </ns3:TrackPointExtension>
        </extensions>
      </trkpt>
      <trkpt lat="37.51345432363450527191162109375" lon="127.06770555116236209869384765625">
        <ele>26.3999996185302734375</ele>
        <time>2026-09-06T09:59:21.000Z</time>
        <extensions>
          <ns3:TrackPointExtension>
            <ns3:hr>141</ns3:hr>
            <ns3:cad>83</ns3:cad>
          </ns3:TrackPointExtension>
        </extensions>
      </trkpt>
      <trkpt lat="37.51347628422081470489501953125" lon="127.067695744335651397705078125">
        <ele>26.200000762939453125</ele>
        <time>2026-09-06T09:59:22.000Z</time>
        <extensions>
          <ns3:TrackPointExtension>
            <ns3:hr>141</ns3:hr>
            <ns3:cad>83</ns3:cad>
          </ns3:TrackPointExtension>
        </extensions>
      </trkpt>
      <trkpt lat="37.5135053694248199462890625" lon="127.06768543459475040435791015625">
        <ele>26</ele>
        <time>2026-09-06T09:59:23.000Z</time>
        <extensions>
          <ns3:TrackPointExtension>
            <ns3:hr>141</ns3:hr>
            <ns3:cad>83</ns3:cad>
          </ns3:TrackPointExtension>
        </extensions>
      </trkpt>
      <trkpt lat="37.51354065723717212677001953125" lon="127.0676878653466701507568359375">
        <ele>25.799999237060546875</ele>
        <time>2026-09-06T09:59:24.000Z</time>
        <extensions>
          <ns3:TrackPointExtension>
            <ns3:hr>141</ns3:hr>
            <ns3:cad>84</ns3:cad>
          </ns3:TrackPointExtension>
        </extensions>
      </trkpt>
      <trkpt lat="37.51356479711830615997314453125" lon="127.0676818303763866424560546875">
        <ele>25.6000003814697265625</ele>
        <time>2026-09-06T09:59:25.000Z</time>
        <extensions>
          <ns3:TrackPointExtension>
            <ns3:hr>141</ns3:hr>
            <ns3:cad>84</ns3:cad>
          </ns3:TrackPointExtension>
        </extensions>
      </trkpt>
      <trkpt lat="37.5136044435203075408935546875" lon="127.0676781423389911651611328125">
        <ele>25.6000003814697265625</ele>
        <time>2026-09-06T09:59:26.000Z</time>
        <extensions>
          <ns3:TrackPointExtension>
            <ns3:hr>141</ns3:hr>
            <ns3:cad>84</ns3:cad>
          </ns3:TrackPointExtension>
        </extensions>
      </trkpt>
      <trkpt lat="37.51362632028758525848388671875" lon="127.067669592797756195068359375">
        <ele>25.3999996185302734375</ele>
        <time>2026-09-06T09:59:27.000Z</time>
        <extensions>
          <ns3:TrackPointExtension>
            <ns3:hr>141</ns3:hr>
            <ns3:cad>84</ns3:cad>
          </ns3:TrackPointExtension>
        </extensions>
      </trkpt>
      <trkpt lat="37.51366504468023777008056640625" lon="127.06766263581812381744384765625">
        <ele>25.200000762939453125</ele>
        <time>2026-09-06T09:59:28.000Z</time>
        <extensions>
          <ns3:TrackPointExtension>
            <ns3:hr>141</ns3:hr>
            <ns3:cad>84</ns3:cad>
          </ns3:TrackPointExtension>
        </extensions>
      </trkpt>
      <trkpt lat="37.51370075158774852752685546875" lon="127.06766297109425067901611328125">
        <ele>25.200000762939453125</ele>
        <time>2026-09-06T09:59:29.000Z</time>
        <extensions>
          <ns3:TrackPointExtension>
            <ns3:hr>142</ns3:hr>
            <ns3:cad>84</ns3:cad>
          </ns3:TrackPointExtension>
        </extensions>
      </trkpt>
      <trkpt lat="37.51373025588691234588623046875" lon="127.06765509210526943206787109375">
        <ele>25.200000762939453125</ele>
        <time>2026-09-06T09:59:30.000Z</time>
        <extensions>
          <ns3:TrackPointExtension>
            <ns3:hr>141</ns3:hr>
            <ns3:cad>85</ns3:cad>
          </ns3:TrackPointExtension>
        </extensions>
      </trkpt>
      <trkpt lat="37.51377216540277004241943359375" lon="127.0676526613533496856689453125">
        <ele>25.200000762939453125</ele>
        <time>2026-09-06T09:59:31.000Z</time>
        <extensions>
          <ns3:TrackPointExtension>
            <ns3:hr>141</ns3:hr>
            <ns3:cad>85</ns3:cad>
          </ns3:TrackPointExtension>
        </extensions>
      </trkpt>
      <trkpt lat="37.5137955509126186370849609375" lon="127.0676449500024318695068359375">
        <ele>25.200000762939453125</ele>
        <time>2026-09-06T09:59:32.000Z</time>
        <extensions>
          <ns3:TrackPointExtension>
            <ns3:hr>141</ns3:hr>
            <ns3:cad>84</ns3:cad>
          </ns3:TrackPointExtension>
        </extensions>
      </trkpt>
      <trkpt lat="37.51382899470627307891845703125" lon="127.0676369033753871917724609375">
        <ele>25</ele>
        <time>2026-09-06T09:59:33.000Z</time>
        <extensions>
          <ns3:TrackPointExtension>
            <ns3:hr>141</ns3:hr>
            <ns3:cad>84</ns3:cad>
          </ns3:TrackPointExtension>
        </extensions>
      </trkpt>
      <trkpt lat="37.51385875046253204345703125" lon="127.0676337182521820068359375">
        <ele>25</ele>
        <time>2026-09-06T09:59:34.000Z</time>
        <extensions>
          <ns3:TrackPointExtension>
            <ns3:hr>141</ns3:hr>
            <ns3:cad>84</ns3:cad>
          </ns3:TrackPointExtension>
        </extensions>
      </trkpt>
      <trkpt lat="37.513886578381061553955078125" lon="127.067626677453517913818359375">
        <ele>25</ele>
        <time>2026-09-06T09:59:35.000Z</time>
        <extensions>
          <ns3:TrackPointExtension>
            <ns3:hr>141</ns3:hr>
            <ns3:cad>84</ns3:cad>
          </ns3:TrackPointExtension>
        </extensions>
      </trkpt>
      <trkpt lat="37.51392806880176067352294921875" lon="127.067627012729644775390625">
        <ele>25</ele>
        <time>2026-09-06T09:59:36.000Z</time>
        <extensions>
          <ns3:TrackPointExtension>
            <ns3:hr>141</ns3:hr>
            <ns3:cad>84</ns3:cad>
          </ns3:TrackPointExtension>
        </extensions>
      </trkpt>
      <trkpt lat="37.51395304687321186065673828125" lon="127.0676177926361560821533203125">
        <ele>25</ele>
        <time>2026-09-06T09:59:37.000Z</time>
        <extensions>
          <ns3:TrackPointExtension>
            <ns3:hr>141</ns3:hr>
            <ns3:cad>84</ns3:cad>
          </ns3:TrackPointExtension>
        </extensions>
      </trkpt>
      <trkpt lat="37.513994537293910980224609375" lon="127.06761167384684085845947265625">
        <ele>25</ele>
        <time>2026-09-06T09:59:38.000Z</time>
        <extensions>
          <ns3:TrackPointExtension>
            <ns3:hr>141</ns3:hr>
            <ns3:cad>84</ns3:cad>
          </ns3:TrackPointExtension>
        </extensions>
      </trkpt>
      <trkpt lat="37.51401691697537899017333984375" lon="127.067600525915622711181640625">
        <ele>25</ele>
        <time>2026-09-06T09:59:39.000Z</time>
        <extensions>
          <ns3:TrackPointExtension>
            <ns3:hr>141</ns3:hr>
            <ns3:cad>84</ns3:cad>
          </ns3:TrackPointExtension>
        </extensions>
      </trkpt>
      <trkpt lat="37.5140500254929065704345703125" lon="127.06759105436503887176513671875">
        <ele>24.799999237060546875</ele>
        <time>2026-09-06T09:59:40.000Z</time>
        <extensions>
          <ns3:TrackPointExtension>
            <ns3:hr>141</ns3:hr>
            <ns3:cad>85</ns3:cad>
          </ns3:TrackPointExtension>
        </extensions>
      </trkpt>
      <trkpt lat="37.5140838883817195892333984375" lon="127.0675913058221340179443359375">
        <ele>24.799999237060546875</ele>
        <time>2026-09-06T09:59:41.000Z</time>
        <extensions>
          <ns3:TrackPointExtension>
            <ns3:hr>140</ns3:hr>
            <ns3:cad>85</ns3:cad>
          </ns3:TrackPointExtension>
        </extensions>
      </trkpt>
      <trkpt lat="37.5141137279570102691650390625" lon="127.06758786924183368682861328125">
        <ele>24.799999237060546875</ele>
        <time>2026-09-06T09:59:42.000Z</time>
        <extensions>
          <ns3:TrackPointExtension>
            <ns3:hr>140</ns3:hr>
            <ns3:cad>85</ns3:cad>
          </ns3:TrackPointExtension>
        </extensions>
      </trkpt>
      <trkpt lat="37.5141536258161067962646484375" lon="127.0675882883369922637939453125">
        <ele>24.799999237060546875</ele>
        <time>2026-09-06T09:59:43.000Z</time>
        <extensions>
          <ns3:TrackPointExtension>
            <ns3:hr>140</ns3:hr>
            <ns3:cad>86</ns3:cad>
          </ns3:TrackPointExtension>
        </extensions>
      </trkpt>
      <trkpt lat="37.5141797773540019989013671875" lon="127.06758166663348674774169921875">
        <ele>24.799999237060546875</ele>
        <time>2026-09-06T09:59:44.000Z</time>
        <extensions>
          <ns3:TrackPointExtension>
            <ns3:hr>140</ns3:hr>
            <ns3:cad>86</ns3:cad>
          </ns3:TrackPointExtension>
        </extensions>
      </trkpt>
      <trkpt lat="37.51422277651727199554443359375" lon="127.06757412292063236236572265625">
        <ele>24.6000003814697265625</ele>
        <time>2026-09-06T09:59:45.000Z</time>
        <extensions>
          <ns3:TrackPointExtension>
            <ns3:hr>139</ns3:hr>
            <ns3:cad>86</ns3:cad>
          </ns3:TrackPointExtension>
        </extensions>
      </trkpt>
      <trkpt lat="37.51424507237970829010009765625" lon="127.0675611309707164764404296875">
        <ele>24.799999237060546875</ele>
        <time>2026-09-06T09:59:46.000Z</time>
        <extensions>
          <ns3:TrackPointExtension>
            <ns3:hr>140</ns3:hr>
            <ns3:cad>86</ns3:cad>
          </ns3:TrackPointExtension>
        </extensions>
      </trkpt>
      <trkpt lat="37.5142780132591724395751953125" lon="127.067549228668212890625">
        <ele>24.6000003814697265625</ele>
        <time>2026-09-06T09:59:47.000Z</time>
        <extensions>
          <ns3:TrackPointExtension>
            <ns3:hr>140</ns3:hr>
            <ns3:cad>86</ns3:cad>
          </ns3:TrackPointExtension>
        </extensions>
      </trkpt>
      <trkpt lat="37.514311037957668304443359375" lon="127.06754453480243682861328125">
        <ele>24.6000003814697265625</ele>
        <time>2026-09-06T09:59:48.000Z</time>
        <extensions>
          <ns3:TrackPointExtension>
            <ns3:hr>139</ns3:hr>
            <ns3:cad>86</ns3:cad>
          </ns3:TrackPointExtension>
        </extensions>
      </trkpt>
      <trkpt lat="37.51433626748621463775634765625" lon="127.06753782927989959716796875">
        <ele>24.799999237060546875</ele>
        <time>2026-09-06T09:59:49.000Z</time>
        <extensions>
          <ns3:TrackPointExtension>
            <ns3:hr>139</ns3:hr>
            <ns3:cad>85</ns3:cad>
          </ns3:TrackPointExtension>
        </extensions>
      </trkpt>
      <trkpt lat="37.5143752433359622955322265625" lon="127.06753305159509181976318359375">
        <ele>25</ele>
        <time>2026-09-06T09:59:50.000Z</time>
        <extensions>
          <ns3:TrackPointExtension>
            <ns3:hr>139</ns3:hr>
            <ns3:cad>85</ns3:cad>
          </ns3:TrackPointExtension>
        </extensions>
      </trkpt>
      <trkpt lat="37.51440131105482578277587890625" lon="127.06752978265285491943359375">
        <ele>25</ele>
        <time>2026-09-06T09:59:51.000Z</time>
        <extensions>
          <ns3:TrackPointExtension>
            <ns3:hr>139</ns3:hr>
            <ns3:cad>85</ns3:cad>
          </ns3:TrackPointExtension>
        </extensions>
      </trkpt>
      <trkpt lat="37.51444892026484012603759765625" lon="127.067528106272220611572265625">
        <ele>25</ele>
        <time>2026-09-06T09:59:52.000Z</time>
        <extensions>
          <ns3:TrackPointExtension>
            <ns3:hr>140</ns3:hr>
            <ns3:cad>85</ns3:cad>
          </ns3:TrackPointExtension>
        </extensions>
      </trkpt>
      <trkpt lat="37.514478005468845367431640625" lon="127.06751880235970020294189453125">
        <ele>25</ele>
        <time>2026-09-06T09:59:53.000Z</time>
        <extensions>
          <ns3:TrackPointExtension>
            <ns3:hr>140</ns3:hr>
            <ns3:cad>85</ns3:cad>
          </ns3:TrackPointExtension>
        </extensions>
      </trkpt>
      <trkpt lat="37.5145150534808635711669921875" lon="127.06750807352364063262939453125">
        <ele>24.799999237060546875</ele>
        <time>2026-09-06T09:59:54.000Z</time>
        <extensions>
          <ns3:TrackPointExtension>
            <ns3:hr>140</ns3:hr>
            <ns3:cad>85</ns3:cad>
          </ns3:TrackPointExtension>
        </extensions>
      </trkpt>
      <trkpt lat="37.51455034129321575164794921875" lon="127.0675078220665454864501953125">
        <ele>24.799999237060546875</ele>
        <time>2026-09-06T09:59:55.000Z</time>
        <extensions>
          <ns3:TrackPointExtension>
            <ns3:hr>139</ns3:hr>
            <ns3:cad>86</ns3:cad>
          </ns3:TrackPointExtension>
        </extensions>
      </trkpt>
      <trkpt lat="37.5145836174488067626953125" lon="127.06750094890594482421875">
        <ele>24.799999237060546875</ele>
        <time>2026-09-06T09:59:56.000Z</time>
        <extensions>
          <ns3:TrackPointExtension>
            <ns3:hr>140</ns3:hr>
            <ns3:cad>86</ns3:cad>
          </ns3:TrackPointExtension>
        </extensions>
      </trkpt>
      <trkpt lat="37.51462024636566638946533203125" lon="127.06750086508691310882568359375">
        <ele>24.6000003814697265625</ele>
        <time>2026-09-06T09:59:57.000Z</time>
        <extensions>
          <ns3:TrackPointExtension>
            <ns3:hr>140</ns3:hr>
            <ns3:cad>86</ns3:cad>
          </ns3:TrackPointExtension>
        </extensions>
      </trkpt>
      <trkpt lat="37.51464991830289363861083984375" lon="127.0674960874021053314208984375">
        <ele>24.6000003814697265625</ele>
        <time>2026-09-06T09:59:58.000Z</time>
        <extensions>
          <ns3:TrackPointExtension>
            <ns3:hr>139</ns3:hr>
            <ns3:cad>86</ns3:cad>
          </ns3:TrackPointExtension>
        </extensions>
      </trkpt>
      <trkpt lat="37.514689229428768157958984375" lon="127.06749198026955127716064453125">
        <ele>24.799999237060546875</ele>
        <time>2026-09-06T09:59:59.000Z</time>
        <extensions>
          <ns3:TrackPointExtension>
            <ns3:hr>140</ns3:hr>
            <ns3:cad>86</ns3:cad>
          </ns3:TrackPointExtension>
        </extensions>
      </trkpt>
      <trkpt lat="37.514720074832439422607421875" lon="127.06748192198574542999267578125">
        <ele>24.799999237060546875</ele>
        <time>2026-09-06T10:00:00.000Z</time>
        <extensions>
          <ns3:TrackPointExtension>
            <ns3:hr>140</ns3:hr>
            <ns3:cad>86</ns3:cad>
          </ns3:TrackPointExtension>
        </extensions>
      </trkpt>
      <trkpt lat="37.514755614101886749267578125" lon="127.06747747957706451416015625">
        <ele>24.6000003814697265625</ele>
        <time>2026-09-06T10:00:01.000Z</time>
        <extensions>
          <ns3:TrackPointExtension>
            <ns3:hr>141</ns3:hr>
            <ns3:cad>86</ns3:cad>
          </ns3:TrackPointExtension>
        </extensions>
      </trkpt>
      <trkpt lat="37.51478805206716060638427734375" lon="127.0674719475209712982177734375">
        <ele>24.799999237060546875</ele>
        <time>2026-09-06T10:00:02.000Z</time>
        <extensions>
          <ns3:TrackPointExtension>
            <ns3:hr>141</ns3:hr>
            <ns3:cad>87</ns3:cad>
          </ns3:TrackPointExtension>
        </extensions>
      </trkpt>
      <trkpt lat="37.5148194842040538787841796875" lon="127.06746633164584636688232421875">
        <ele>24.6000003814697265625</ele>
        <time>2026-09-06T10:00:03.000Z</time>
        <extensions>
          <ns3:TrackPointExtension>
            <ns3:hr>141</ns3:hr>
            <ns3:cad>87</ns3:cad>
          </ns3:TrackPointExtension>
        </extensions>
      </trkpt>
      <trkpt lat="37.5148536823689937591552734375" lon="127.06746951676905155181884765625">
        <ele>24.6000003814697265625</ele>
        <time>2026-09-06T10:00:04.000Z</time>
        <extensions>
          <ns3:TrackPointExtension>
            <ns3:hr>141</ns3:hr>
            <ns3:cad>87</ns3:cad>
          </ns3:TrackPointExtension>
        </extensions>
      </trkpt>
      <trkpt lat="37.5148858688771724700927734375" lon="127.06746582873165607452392578125">
        <ele>24.3999996185302734375</ele>
        <time>2026-09-06T10:00:05.000Z</time>
        <extensions>
          <ns3:TrackPointExtension>
            <ns3:hr>141</ns3:hr>
            <ns3:cad>87</ns3:cad>
          </ns3:TrackPointExtension>
        </extensions>
      </trkpt>
      <trkpt lat="37.514928616583347320556640625" lon="127.06747211515903472900390625">
        <ele>24.3999996185302734375</ele>
        <time>2026-09-06T10:00:06.000Z</time>
        <extensions>
          <ns3:TrackPointExtension>
            <ns3:hr>141</ns3:hr>
            <ns3:cad>87</ns3:cad>
          </ns3:TrackPointExtension>
        </extensions>
      </trkpt>
      <trkpt lat="37.51495736651122570037841796875" lon="127.06746540963649749755859375">
        <ele>24.6000003814697265625</ele>
        <time>2026-09-06T10:00:07.000Z</time>
        <extensions>
          <ns3:TrackPointExtension>
            <ns3:hr>141</ns3:hr>
            <ns3:cad>86</ns3:cad>
          </ns3:TrackPointExtension>
        </extensions>
      </trkpt>
      <trkpt lat="37.51500271260738372802734375" lon="127.06746113486588001251220703125">
        <ele>24.6000003814697265625</ele>
        <time>2026-09-06T10:00:08.000Z</time>
        <extensions>
          <ns3:TrackPointExtension>
            <ns3:hr>141</ns3:hr>
            <ns3:cad>86</ns3:cad>
          </ns3:TrackPointExtension>
        </extensions>
      </trkpt>
      <trkpt lat="37.51502819359302520751953125" lon="127.0674471370875835418701171875">
        <ele>24.799999237060546875</ele>
        <time>2026-09-06T10:00:09.000Z</time>
        <extensions>
          <ns3:TrackPointExtension>
            <ns3:hr>141</ns3:hr>
            <ns3:cad>86</ns3:cad>
          </ns3:TrackPointExtension>
        </extensions>
      </trkpt>
      <trkpt lat="37.515069432556629180908203125" lon="127.06743590533733367919921875">
        <ele>25</ele>
        <time>2026-09-06T10:00:10.000Z</time>
        <extensions>
          <ns3:TrackPointExtension>
            <ns3:hr>141</ns3:hr>
            <ns3:cad>86</ns3:cad>
          </ns3:TrackPointExtension>
        </extensions>
      </trkpt>
      <trkpt lat="37.51509818248450756072998046875" lon="127.067432217299938201904296875">
        <ele>24.799999237060546875</ele>
        <time>2026-09-06T10:00:11.000Z</time>
        <extensions>
          <ns3:TrackPointExtension>
            <ns3:hr>141</ns3:hr>
            <ns3:cad>86</ns3:cad>
          </ns3:TrackPointExtension>
        </extensions>
      </trkpt>
      <trkpt lat="37.51512668095529079437255859375" lon="127.0674271881580352783203125">
        <ele>24.3999996185302734375</ele>
        <time>2026-09-06T10:00:12.000Z</time>
        <extensions>
          <ns3:TrackPointExtension>
            <ns3:hr>141</ns3:hr>
            <ns3:cad>86</ns3:cad>
          </ns3:TrackPointExtension>
        </extensions>
      </trkpt>
      <trkpt lat="37.515164315700531005859375" lon="127.0674290321767330169677734375">
        <ele>24.200000762939453125</ele>
        <time>2026-09-06T10:00:13.000Z</time>
        <extensions>
          <ns3:TrackPointExtension>
            <ns3:hr>141</ns3:hr>
            <ns3:cad>87</ns3:cad>
          </ns3:TrackPointExtension>
        </extensions>
      </trkpt>
      <trkpt lat="37.5151929818093776702880859375" lon="127.06742249429225921630859375">
        <ele>24</ele>
        <time>2026-09-06T10:00:14.000Z</time>
        <extensions>
          <ns3:TrackPointExtension>
            <ns3:hr>141</ns3:hr>
            <ns3:cad>87</ns3:cad>
          </ns3:TrackPointExtension>
        </extensions>
      </trkpt>
      <trkpt lat="37.51523614861071109771728515625" lon="127.06742006354033946990966796875">
        <ele>23.799999237060546875</ele>
        <time>2026-09-06T10:00:15.000Z</time>
        <extensions>
          <ns3:TrackPointExtension>
            <ns3:hr>142</ns3:hr>
            <ns3:cad>87</ns3:cad>
          </ns3:TrackPointExtension>
        </extensions>
      </trkpt>
      <trkpt lat="37.515257187187671661376953125" lon="127.06741444766521453857421875">
        <ele>24</ele>
        <time>2026-09-06T10:00:16.000Z</time>
        <extensions>
          <ns3:TrackPointExtension>
            <ns3:hr>141</ns3:hr>
            <ns3:cad>85</ns3:cad>
          </ns3:TrackPointExtension>
        </extensions>
      </trkpt>
      <trkpt lat="37.5153002701699733734130859375" lon="127.067402042448520660400390625">
        <ele>24.200000762939453125</ele>
        <time>2026-09-06T10:00:17.000Z</time>
        <extensions>
          <ns3:TrackPointExtension>
            <ns3:hr>141</ns3:hr>
            <ns3:cad>85</ns3:cad>
          </ns3:TrackPointExtension>
        </extensions>
      </trkpt>
      <trkpt lat="37.51532684080302715301513671875" lon="127.0673908106982707977294921875">
        <ele>24.200000762939453125</ele>
        <time>2026-09-06T10:00:18.000Z</time>
        <extensions>
          <ns3:TrackPointExtension>
            <ns3:hr>142</ns3:hr>
            <ns3:cad>85</ns3:cad>
          </ns3:TrackPointExtension>
        </extensions>
      </trkpt>
      <trkpt lat="37.51536522991955280303955078125" lon="127.06738494336605072021484375">
        <ele>24.3999996185302734375</ele>
        <time>2026-09-06T10:00:19.000Z</time>
        <extensions>
          <ns3:TrackPointExtension>
            <ns3:hr>142</ns3:hr>
            <ns3:cad>85</ns3:cad>
          </ns3:TrackPointExtension>
        </extensions>
      </trkpt>
      <trkpt lat="37.51539775170385837554931640625" lon="127.067380249500274658203125">
        <ele>24.3999996185302734375</ele>
        <time>2026-09-06T10:00:20.000Z</time>
        <extensions>
          <ns3:TrackPointExtension>
            <ns3:hr>142</ns3:hr>
            <ns3:cad>86</ns3:cad>
          </ns3:TrackPointExtension>
        </extensions>
      </trkpt>
      <trkpt lat="37.515428848564624786376953125" lon="127.06737932749092578887939453125">
        <ele>24.3999996185302734375</ele>
        <time>2026-09-06T10:00:21.000Z</time>
        <extensions>
          <ns3:TrackPointExtension>
            <ns3:hr>141</ns3:hr>
            <ns3:cad>86</ns3:cad>
          </ns3:TrackPointExtension>
        </extensions>
      </trkpt>
      <trkpt lat="37.515459023416042327880859375" lon="127.06738066859543323516845703125">
        <ele>24.200000762939453125</ele>
        <time>2026-09-06T10:00:22.000Z</time>
        <extensions>
          <ns3:TrackPointExtension>
            <ns3:hr>142</ns3:hr>
            <ns3:cad>87</ns3:cad>
          </ns3:TrackPointExtension>
        </extensions>
      </trkpt>
      <trkpt lat="37.51548039726912975311279296875" lon="127.0673780702054500579833984375">
        <ele>24.200000762939453125</ele>
        <time>2026-09-06T10:00:23.000Z</time>
        <extensions>
          <ns3:TrackPointExtension>
            <ns3:hr>142</ns3:hr>
            <ns3:cad>87</ns3:cad>
          </ns3:TrackPointExtension>
        </extensions>
      </trkpt>
      <trkpt lat="37.51551945693790912628173828125" lon="127.06737681291997432708740234375">
        <ele>24.200000762939453125</ele>
        <time>2026-09-06T10:00:24.000Z</time>
        <extensions>
          <ns3:TrackPointExtension>
            <ns3:hr>141</ns3:hr>
            <ns3:cad>87</ns3:cad>
          </ns3:TrackPointExtension>
        </extensions>
      </trkpt>
      <trkpt lat="37.51555080525577068328857421875" lon="127.06735753454267978668212890625">
        <ele>24.200000762939453125</ele>
        <time>2026-09-06T10:00:25.000Z</time>
        <extensions>
          <ns3:TrackPointExtension>
            <ns3:hr>141</ns3:hr>
            <ns3:cad>87</ns3:cad>
          </ns3:TrackPointExtension>
        </extensions>
      </trkpt>
      <trkpt lat="37.51559305004775524139404296875" lon="127.06734948791563510894775390625">
        <ele>24</ele>
        <time>2026-09-06T10:00:26.000Z</time>
        <extensions>
          <ns3:TrackPointExtension>
            <ns3:hr>141</ns3:hr>
            <ns3:cad>87</ns3:cad>
          </ns3:TrackPointExtension>
        </extensions>
      </trkpt>
      <trkpt lat="37.51563571393489837646484375" lon="127.06734311766922473907470703125">
        <ele>24.200000762939453125</ele>
        <time>2026-09-06T10:00:27.000Z</time>
        <extensions>
          <ns3:TrackPointExtension>
            <ns3:hr>141</ns3:hr>
            <ns3:cad>87</ns3:cad>
          </ns3:TrackPointExtension>
        </extensions>
      </trkpt>
      <trkpt lat="37.51567703671753406524658203125" lon="127.06733406521379947662353515625">
        <ele>24.200000762939453125</ele>
        <time>2026-09-06T10:00:28.000Z</time>
        <extensions>
          <ns3:TrackPointExtension>
            <ns3:hr>141</ns3:hr>
            <ns3:cad>86</ns3:cad>
          </ns3:TrackPointExtension>
        </extensions>
      </trkpt>
      <trkpt lat="37.5157193653285503387451171875" lon="127.06733305938541889190673828125">
        <ele>24.200000762939453125</ele>
        <time>2026-09-06T10:00:29.000Z</time>
        <extensions>
          <ns3:TrackPointExtension>
            <ns3:hr>141</ns3:hr>
            <ns3:cad>86</ns3:cad>
          </ns3:TrackPointExtension>
        </extensions>
      </trkpt>
      <trkpt lat="37.51575146801769733428955078125" lon="127.06732618622481822967529296875">
        <ele>24</ele>
        <time>2026-09-06T10:00:30.000Z</time>
        <extensions>
          <ns3:TrackPointExtension>
            <ns3:hr>141</ns3:hr>
            <ns3:cad>86</ns3:cad>
          </ns3:TrackPointExtension>
        </extensions>
      </trkpt>
      <trkpt lat="37.51579807139933109283447265625" lon="127.06732903607189655303955078125">
        <ele>24.200000762939453125</ele>
        <time>2026-09-06T10:00:31.000Z</time>
        <extensions>
          <ns3:TrackPointExtension>
            <ns3:hr>141</ns3:hr>
            <ns3:cad>86</ns3:cad>
          </ns3:TrackPointExtension>
        </extensions>
      </trkpt>
      <trkpt lat="37.51583109609782695770263671875" lon="127.06732459366321563720703125">
        <ele>24.200000762939453125</ele>
        <time>2026-09-06T10:00:32.000Z</time>
        <extensions>
          <ns3:TrackPointExtension>
            <ns3:hr>141</ns3:hr>
            <ns3:cad>86</ns3:cad>
          </ns3:TrackPointExtension>
        </extensions>
      </trkpt>
      <trkpt lat="37.51587166450917720794677734375" lon="127.06732216291129589080810546875">
        <ele>24.3999996185302734375</ele>
        <time>2026-09-06T10:00:33.000Z</time>
        <extensions>
          <ns3:TrackPointExtension>
            <ns3:hr>141</ns3:hr>
            <ns3:cad>86</ns3:cad>
          </ns3:TrackPointExtension>
        </extensions>
      </trkpt>
      <trkpt lat="37.51590125262737274169921875" lon="127.06731562502682209014892578125">
        <ele>24.3999996185302734375</ele>
        <time>2026-09-06T10:00:34.000Z</time>
        <extensions>
          <ns3:TrackPointExtension>
            <ns3:hr>141</ns3:hr>
            <ns3:cad>87</ns3:cad>
          </ns3:TrackPointExtension>
        </extensions>
      </trkpt>
      <trkpt lat="37.51593804918229579925537109375" lon="127.0673043094575405120849609375">
        <ele>24.6000003814697265625</ele>
        <time>2026-09-06T10:00:35.000Z</time>
        <extensions>
          <ns3:TrackPointExtension>
            <ns3:hr>141</ns3:hr>
            <ns3:cad>87</ns3:cad>
          </ns3:TrackPointExtension>
        </extensions>
      </trkpt>
      <trkpt lat="37.51597325317561626434326171875" lon="127.067295424640178680419921875">
        <ele>24.6000003814697265625</ele>
        <time>2026-09-06T10:00:36.000Z</time>
        <extensions>
          <ns3:TrackPointExtension>
            <ns3:hr>142</ns3:hr>
            <ns3:cad>87</ns3:cad>
          </ns3:TrackPointExtension>
        </extensions>
      </trkpt>
      <trkpt lat="37.5160036794841289520263671875" lon="127.06728477962315082550048828125">
        <ele>24.6000003814697265625</ele>
        <time>2026-09-06T10:00:37.000Z</time>
        <extensions>
          <ns3:TrackPointExtension>
            <ns3:hr>142</ns3:hr>
            <ns3:cad>87</ns3:cad>
          </ns3:TrackPointExtension>
        </extensions>
      </trkpt>
      <trkpt lat="37.51603779383003711700439453125" lon="127.0672815106809139251708984375">
        <ele>24.6000003814697265625</ele>
        <time>2026-09-06T10:00:38.000Z</time>
        <extensions>
          <ns3:TrackPointExtension>
            <ns3:hr>142</ns3:hr>
            <ns3:cad>87</ns3:cad>
          </ns3:TrackPointExtension>
        </extensions>
      </trkpt>
      <trkpt lat="37.5160610117018222808837890625" lon="127.067276649177074432373046875">
        <ele>24.6000003814697265625</ele>
        <time>2026-09-06T10:00:39.000Z</time>
        <extensions>
          <ns3:TrackPointExtension>
            <ns3:hr>143</ns3:hr>
            <ns3:cad>87</ns3:cad>
          </ns3:TrackPointExtension>
        </extensions>
      </trkpt>
      <trkpt lat="37.516100071370601654052734375" lon="127.0672761462628841400146484375">
        <ele>24.6000003814697265625</ele>
        <time>2026-09-06T10:00:40.000Z</time>
        <extensions>
          <ns3:TrackPointExtension>
            <ns3:hr>143</ns3:hr>
            <ns3:cad>87</ns3:cad>
          </ns3:TrackPointExtension>
        </extensions>
      </trkpt>
      <trkpt lat="37.5161267258226871490478515625" lon="127.0672704465687274932861328125">
        <ele>24.3999996185302734375</ele>
        <time>2026-09-06T10:00:41.000Z</time>
        <extensions>
          <ns3:TrackPointExtension>
            <ns3:hr>143</ns3:hr>
            <ns3:cad>87</ns3:cad>
          </ns3:TrackPointExtension>
        </extensions>
      </trkpt>
      <trkpt lat="37.516169138252735137939453125" lon="127.067259214818477630615234375">
        <ele>24.3999996185302734375</ele>
        <time>2026-09-06T10:00:42.000Z</time>
        <extensions>
          <ns3:TrackPointExtension>
            <ns3:hr>143</ns3:hr>
            <ns3:cad>86</ns3:cad>
          </ns3:TrackPointExtension>
        </extensions>
      </trkpt>
      <trkpt lat="37.51619855873286724090576171875" lon="127.067248821258544921875">
        <ele>24.3999996185302734375</ele>
        <time>2026-09-06T10:00:43.000Z</time>
        <extensions>
          <ns3:TrackPointExtension>
            <ns3:hr>142</ns3:hr>
            <ns3:cad>86</ns3:cad>
          </ns3:TrackPointExtension>
        </extensions>
      </trkpt>
      <trkpt lat="37.51624080352485179901123046875" lon="127.0672365836799144744873046875">
        <ele>24.3999996185302734375</ele>
        <time>2026-09-06T10:00:44.000Z</time>
        <extensions>
          <ns3:TrackPointExtension>
            <ns3:hr>143</ns3:hr>
            <ns3:cad>86</ns3:cad>
          </ns3:TrackPointExtension>
        </extensions>
      </trkpt>
      <trkpt lat="37.51626678742468357086181640625" lon="127.06722778268158435821533203125">
        <ele>24.3999996185302734375</ele>
        <time>2026-09-06T10:00:45.000Z</time>
        <extensions>
          <ns3:TrackPointExtension>
            <ns3:hr>143</ns3:hr>
            <ns3:cad>87</ns3:cad>
          </ns3:TrackPointExtension>
        </extensions>
      </trkpt>
      <trkpt lat="37.5162990577518939971923828125" lon="127.0672178082168102264404296875">
        <ele>24.3999996185302734375</ele>
        <time>2026-09-06T10:00:46.000Z</time>
        <extensions>
          <ns3:TrackPointExtension>
            <ns3:hr>143</ns3:hr>
            <ns3:cad>87</ns3:cad>
          </ns3:TrackPointExtension>
        </extensions>
      </trkpt>
      <trkpt lat="37.51633451320230960845947265625" lon="127.067214958369731903076171875">
        <ele>24.6000003814697265625</ele>
        <time>2026-09-06T10:00:47.000Z</time>
        <extensions>
          <ns3:TrackPointExtension>
            <ns3:hr>143</ns3:hr>
            <ns3:cad>87</ns3:cad>
          </ns3:TrackPointExtension>
        </extensions>
      </trkpt>
      <trkpt lat="37.51636636443436145782470703125" lon="127.06720716319978237152099609375">
        <ele>24.6000003814697265625</ele>
        <time>2026-09-06T10:00:48.000Z</time>
        <extensions>
          <ns3:TrackPointExtension>
            <ns3:hr>143</ns3:hr>
            <ns3:cad>87</ns3:cad>
          </ns3:TrackPointExtension>
        </extensions>
      </trkpt>
      <trkpt lat="37.5164086930453777313232421875" lon="127.06719945184886455535888671875">
        <ele>24.6000003814697265625</ele>
        <time>2026-09-06T10:00:49.000Z</time>
        <extensions>
          <ns3:TrackPointExtension>
            <ns3:hr>144</ns3:hr>
            <ns3:cad>87</ns3:cad>
          </ns3:TrackPointExtension>
        </extensions>
      </trkpt>
      <trkpt lat="37.5164438970386981964111328125" lon="127.06719316542148590087890625">
        <ele>24.6000003814697265625</ele>
        <time>2026-09-06T10:00:50.000Z</time>
        <extensions>
          <ns3:TrackPointExtension>
            <ns3:hr>144</ns3:hr>
            <ns3:cad>86</ns3:cad>
          </ns3:TrackPointExtension>
        </extensions>
      </trkpt>
      <trkpt lat="37.5164925120770931243896484375" lon="127.067194841802120208740234375">
        <ele>24.6000003814697265625</ele>
        <time>2026-09-06T10:00:51.000Z</time>
        <extensions>
          <ns3:TrackPointExtension>
            <ns3:hr>144</ns3:hr>
            <ns3:cad>86</ns3:cad>
          </ns3:TrackPointExtension>
        </extensions>
      </trkpt>
      <trkpt lat="37.5165223516523838043212890625" lon="127.067186124622821807861328125">
        <ele>24.3999996185302734375</ele>
        <time>2026-09-06T10:00:52.000Z</time>
        <extensions>
          <ns3:TrackPointExtension>
            <ns3:hr>144</ns3:hr>
            <ns3:cad>86</ns3:cad>
          </ns3:TrackPointExtension>
        </extensions>
      </trkpt>
      <trkpt lat="37.516570799052715301513671875" lon="127.067176736891269683837890625">
        <ele>24.3999996185302734375</ele>
        <time>2026-09-06T10:00:53.000Z</time>
        <extensions>
          <ns3:TrackPointExtension>
            <ns3:hr>144</ns3:hr>
            <ns3:cad>86</ns3:cad>
          </ns3:TrackPointExtension>
        </extensions>
      </trkpt>
      <trkpt lat="37.51660089008510112762451171875" lon="127.06716642715036869049072265625">
        <ele>24.200000762939453125</ele>
        <time>2026-09-06T10:00:54.000Z</time>
        <extensions>
          <ns3:TrackPointExtension>
            <ns3:hr>145</ns3:hr>
            <ns3:cad>86</ns3:cad>
          </ns3:TrackPointExtension>
        </extensions>
      </trkpt>
      <trkpt lat="37.5166390277445316314697265625" lon="127.0671520940959453582763671875">
        <ele>24.3999996185302734375</ele>
        <time>2026-09-06T10:00:55.000Z</time>
        <extensions>
          <ns3:TrackPointExtension>
            <ns3:hr>145</ns3:hr>
            <ns3:cad>86</ns3:cad>
          </ns3:TrackPointExtension>
        </extensions>
      </trkpt>
      <trkpt lat="37.51667615957558155059814453125" lon="127.06715293228626251220703125">
        <ele>24.200000762939453125</ele>
        <time>2026-09-06T10:00:56.000Z</time>
        <extensions>
          <ns3:TrackPointExtension>
            <ns3:hr>145</ns3:hr>
            <ns3:cad>87</ns3:cad>
          </ns3:TrackPointExtension>
        </extensions>
      </trkpt>
      <trkpt lat="37.5167101062834262847900390625" lon="127.067143879830837249755859375">
        <ele>24.3999996185302734375</ele>
        <time>2026-09-06T10:00:57.000Z</time>
        <extensions>
          <ns3:TrackPointExtension>
            <ns3:hr>146</ns3:hr>
            <ns3:cad>87</ns3:cad>
          </ns3:TrackPointExtension>
        </extensions>
      </trkpt>
      <trkpt lat="37.5167516805231571197509765625" lon="127.06714689731597900390625">
        <ele>24.3999996185302734375</ele>
        <time>2026-09-06T10:00:58.000Z</time>
        <extensions>
          <ns3:TrackPointExtension>
            <ns3:hr>146</ns3:hr>
            <ns3:cad>87</ns3:cad>
          </ns3:TrackPointExtension>
        </extensions>
      </trkpt>
      <trkpt lat="37.5167811848223209381103515625" lon="127.06713893450796604156494140625">
        <ele>24.3999996185302734375</ele>
        <time>2026-09-06T10:00:59.000Z</time>
        <extensions>
          <ns3:TrackPointExtension>
            <ns3:hr>147</ns3:hr>
            <ns3:cad>87</ns3:cad>
          </ns3:TrackPointExtension>
        </extensions>
      </trkpt>
      <trkpt lat="37.51681831665337085723876953125" lon="127.0671349950134754180908203125">
        <ele>24.3999996185302734375</ele>
        <time>2026-09-06T10:01:00.000Z</time>
        <extensions>
          <ns3:TrackPointExtension>
            <ns3:hr>148</ns3:hr>
            <ns3:cad>87</ns3:cad>
          </ns3:TrackPointExtension>
        </extensions>
      </trkpt>
      <trkpt lat="37.51684463582932949066162109375" lon="127.067129127681255340576171875">
        <ele>24.3999996185302734375</ele>
        <time>2026-09-06T10:01:01.000Z</time>
        <extensions>
          <ns3:TrackPointExtension>
            <ns3:hr>148</ns3:hr>
            <ns3:cad>87</ns3:cad>
          </ns3:TrackPointExtension>
        </extensions>
      </trkpt>
      <trkpt lat="37.5168871320784091949462890625" lon="127.0671195723116397857666015625">
        <ele>24.6000003814697265625</ele>
        <time>2026-09-06T10:01:02.000Z</time>
        <extensions>
          <ns3:TrackPointExtension>
            <ns3:hr>149</ns3:hr>
            <ns3:cad>87</ns3:cad>
          </ns3:TrackPointExtension>
        </extensions>
      </trkpt>
      <trkpt lat="37.51691789366304874420166015625" lon="127.06711110658943653106689453125">
        <ele>24.799999237060546875</ele>
        <time>2026-09-06T10:01:03.000Z</time>
        <extensions>
          <ns3:TrackPointExtension>
            <ns3:hr>149</ns3:hr>
            <ns3:cad>87</ns3:cad>
          </ns3:TrackPointExtension>
        </extensions>
      </trkpt>
      <trkpt lat="37.516953013837337493896484375" lon="127.0671041496098041534423828125">
        <ele>25</ele>
        <time>2026-09-06T10:01:04.000Z</time>
        <extensions>
          <ns3:TrackPointExtension>
            <ns3:hr>149</ns3:hr>
            <ns3:cad>87</ns3:cad>
          </ns3:TrackPointExtension>
        </extensions>
      </trkpt>
      <trkpt lat="37.51698662526905536651611328125" lon="127.067097611725330352783203125">
        <ele>25.200000762939453125</ele>
        <time>2026-09-06T10:01:05.000Z</time>
        <extensions>
          <ns3:TrackPointExtension>
            <ns3:hr>150</ns3:hr>
            <ns3:cad>87</ns3:cad>
          </ns3:TrackPointExtension>
        </extensions>
      </trkpt>
      <trkpt lat="37.5170105136930942535400390625" lon="127.06707791425287723541259765625">
        <ele>25.3999996185302734375</ele>
        <time>2026-09-06T10:01:06.000Z</time>
        <extensions>
          <ns3:TrackPointExtension>
            <ns3:hr>151</ns3:hr>
            <ns3:cad>87</ns3:cad>
          </ns3:TrackPointExtension>
        </extensions>
      </trkpt>
      <trkpt lat="37.51704119145870208740234375" lon="127.0670548640191555023193359375">
        <ele>25.200000762939453125</ele>
        <time>2026-09-06T10:01:07.000Z</time>
        <extensions>
          <ns3:TrackPointExtension>
            <ns3:hr>152</ns3:hr>
            <ns3:cad>87</ns3:cad>
          </ns3:TrackPointExtension>
        </extensions>
      </trkpt>
      <trkpt lat="37.51705569215118885040283203125" lon="127.06703600473701953887939453125">
        <ele>25.200000762939453125</ele>
        <time>2026-09-06T10:01:08.000Z</time>
        <extensions>
          <ns3:TrackPointExtension>
            <ns3:hr>152</ns3:hr>
            <ns3:cad>86</ns3:cad>
          </ns3:TrackPointExtension>
        </extensions>
      </trkpt>
      <trkpt lat="37.5170893035829067230224609375" lon="127.06700432114303112030029296875">
        <ele>25.200000762939453125</ele>
        <time>2026-09-06T10:01:09.000Z</time>
        <extensions>
          <ns3:TrackPointExtension>
            <ns3:hr>152</ns3:hr>
            <ns3:cad>86</ns3:cad>
          </ns3:TrackPointExtension>
        </extensions>
      </trkpt>
      <trkpt lat="37.5171020440757274627685546875" lon="127.06698738969862461090087890625">
        <ele>25.200000762939453125</ele>
        <time>2026-09-06T10:01:10.000Z</time>
        <extensions>
          <ns3:TrackPointExtension>
            <ns3:hr>153</ns3:hr>
            <ns3:cad>86</ns3:cad>
          </ns3:TrackPointExtension>
        </extensions>
      </trkpt>
      <trkpt lat="37.51712945289909839630126953125" lon="127.06695805303752422332763671875">
        <ele>25.200000762939453125</ele>
        <time>2026-09-06T10:01:11.000Z</time>
        <extensions>
          <ns3:TrackPointExtension>
            <ns3:hr>153</ns3:hr>
            <ns3:cad>86</ns3:cad>
          </ns3:TrackPointExtension>
        </extensions>
      </trkpt>
      <trkpt lat="37.51715862192213535308837890625" lon="127.06693575717508792877197265625">
        <ele>25.200000762939453125</ele>
        <time>2026-09-06T10:01:12.000Z</time>
        <extensions>
          <ns3:TrackPointExtension>
            <ns3:hr>153</ns3:hr>
            <ns3:cad>86</ns3:cad>
          </ns3:TrackPointExtension>
        </extensions>
      </trkpt>
      <trkpt lat="37.5171828456223011016845703125" lon="127.06691346131265163421630859375">
        <ele>25.3999996185302734375</ele>
        <time>2026-09-06T10:01:13.000Z</time>
        <extensions>
          <ns3:TrackPointExtension>
            <ns3:hr>153</ns3:hr>
            <ns3:cad>86</ns3:cad>
          </ns3:TrackPointExtension>
        </extensions>
      </trkpt>
      <trkpt lat="37.51721327193081378936767578125" lon="127.06688680686056613922119140625">
        <ele>25.3999996185302734375</ele>
        <time>2026-09-06T10:01:14.000Z</time>
        <extensions>
          <ns3:TrackPointExtension>
            <ns3:hr>153</ns3:hr>
            <ns3:cad>86</ns3:cad>
          </ns3:TrackPointExtension>
        </extensions>
      </trkpt>
      <trkpt lat="37.51722450368106365203857421875" lon="127.0668550394475460052490234375">
        <ele>25.6000003814697265625</ele>
        <time>2026-09-06T10:01:15.000Z</time>
        <extensions>
          <ns3:TrackPointExtension>
            <ns3:hr>153</ns3:hr>
            <ns3:cad>86</ns3:cad>
          </ns3:TrackPointExtension>
        </extensions>
      </trkpt>
      <trkpt lat="37.51725333742797374725341796875" lon="127.06681824289262294769287109375">
        <ele>25.799999237060546875</ele>
        <time>2026-09-06T10:01:16.000Z</time>
        <extensions>
          <ns3:TrackPointExtension>
            <ns3:hr>152</ns3:hr>
            <ns3:cad>86</ns3:cad>
          </ns3:TrackPointExtension>
        </extensions>
      </trkpt>
      <trkpt lat="37.51726808957755565643310546875" lon="127.06679544411599636077880859375">
        <ele>26</ele>
        <time>2026-09-06T10:01:17.000Z</time>
        <extensions>
          <ns3:TrackPointExtension>
            <ns3:hr>153</ns3:hr>
            <ns3:cad>86</ns3:cad>
          </ns3:TrackPointExtension>
        </extensions>
      </trkpt>
      <trkpt lat="37.517299018800258636474609375" lon="127.066764347255229949951171875">
        <ele>26</ele>
        <time>2026-09-06T10:01:18.000Z</time>
        <extensions>
          <ns3:TrackPointExtension>
            <ns3:hr>153</ns3:hr>
            <ns3:cad>86</ns3:cad>
          </ns3:TrackPointExtension>
        </extensions>
      </trkpt>
      <trkpt lat="37.51732290722429752349853515625" lon="127.0667407102882862091064453125">
        <ele>26.200000762939453125</ele>
        <time>2026-09-06T10:01:19.000Z</time>
        <extensions>
          <ns3:TrackPointExtension>
            <ns3:hr>153</ns3:hr>
            <ns3:cad>86</ns3:cad>
          </ns3:TrackPointExtension>
        </extensions>
      </trkpt>
      <trkpt lat="37.5173409283161163330078125" lon="127.06672109663486480712890625">
        <ele>26.200000762939453125</ele>
        <time>2026-09-06T10:01:20.000Z</time>
        <extensions>
          <ns3:TrackPointExtension>
            <ns3:hr>153</ns3:hr>
            <ns3:cad>85</ns3:cad>
          </ns3:TrackPointExtension>
        </extensions>
      </trkpt>
      <trkpt lat="37.5173796527087688446044921875" lon="127.06669854931533336639404296875">
        <ele>26.200000762939453125</ele>
        <time>2026-09-06T10:01:21.000Z</time>
        <extensions>
          <ns3:TrackPointExtension>
            <ns3:hr>153</ns3:hr>
            <ns3:cad>85</ns3:cad>
          </ns3:TrackPointExtension>
        </extensions>
      </trkpt>
      <trkpt lat="37.51740756444633007049560546875" lon="127.0666763372719287872314453125">
        <ele>26.200000762939453125</ele>
        <time>2026-09-06T10:01:22.000Z</time>
        <extensions>
          <ns3:TrackPointExtension>
            <ns3:hr>153</ns3:hr>
            <ns3:cad>85</ns3:cad>
          </ns3:TrackPointExtension>
        </extensions>
      </trkpt>
      <trkpt lat="37.51744394190609455108642578125" lon="127.066651023924350738525390625">
        <ele>26.200000762939453125</ele>
        <time>2026-09-06T10:01:23.000Z</time>
        <extensions>
          <ns3:TrackPointExtension>
            <ns3:hr>152</ns3:hr>
            <ns3:cad>85</ns3:cad>
          </ns3:TrackPointExtension>
        </extensions>
      </trkpt>
      <trkpt lat="37.51747042872011661529541015625" lon="127.06662445329129695892333984375">
        <ele>26.200000762939453125</ele>
        <time>2026-09-06T10:01:24.000Z</time>
        <extensions>
          <ns3:TrackPointExtension>
            <ns3:hr>153</ns3:hr>
            <ns3:cad>85</ns3:cad>
          </ns3:TrackPointExtension>
        </extensions>
      </trkpt>
      <trkpt lat="37.51749473623931407928466796875" lon="127.0665908418595790863037109375">
        <ele>26.200000762939453125</ele>
        <time>2026-09-06T10:01:25.000Z</time>
        <extensions>
          <ns3:TrackPointExtension>
            <ns3:hr>153</ns3:hr>
            <ns3:cad>85</ns3:cad>
          </ns3:TrackPointExtension>
        </extensions>
      </trkpt>
      <trkpt lat="37.51752239651978015899658203125" lon="127.06655655987560749053955078125">
        <ele>26.3999996185302734375</ele>
        <time>2026-09-06T10:01:26.000Z</time>
        <extensions>
          <ns3:TrackPointExtension>
            <ns3:hr>153</ns3:hr>
            <ns3:cad>85</ns3:cad>
          </ns3:TrackPointExtension>
        </extensions>
      </trkpt>
      <trkpt lat="37.51754418946802616119384765625" lon="127.0665351860225200653076171875">
        <ele>26.200000762939453125</ele>
        <time>2026-09-06T10:01:27.000Z</time>
        <extensions>
          <ns3:TrackPointExtension>
            <ns3:hr>153</ns3:hr>
            <ns3:cad>85</ns3:cad>
          </ns3:TrackPointExtension>
        </extensions>
      </trkpt>
      <trkpt lat="37.5175823271274566650390625" lon="127.06651431508362293243408203125">
        <ele>26.200000762939453125</ele>
        <time>2026-09-06T10:01:28.000Z</time>
        <extensions>
          <ns3:TrackPointExtension>
            <ns3:hr>153</ns3:hr>
            <ns3:cad>85</ns3:cad>
          </ns3:TrackPointExtension>
        </extensions>
      </trkpt>
      <trkpt lat="37.5176119990646839141845703125" lon="127.0664999820291996002197265625">
        <ele>26.200000762939453125</ele>
        <time>2026-09-06T10:01:29.000Z</time>
        <extensions>
          <ns3:TrackPointExtension>
            <ns3:hr>153</ns3:hr>
            <ns3:cad>85</ns3:cad>
          </ns3:TrackPointExtension>
        </extensions>
      </trkpt>
      <trkpt lat="37.51764527522027492523193359375" lon="127.0664761774241924285888671875">
        <ele>26.200000762939453125</ele>
        <time>2026-09-06T10:01:30.000Z</time>
        <extensions>
          <ns3:TrackPointExtension>
            <ns3:hr>152</ns3:hr>
            <ns3:cad>84</ns3:cad>
          </ns3:TrackPointExtension>
        </extensions>
      </trkpt>
      <trkpt lat="37.5176736898720264434814453125" lon="127.06645597703754901885986328125">
        <ele>26.200000762939453125</ele>
        <time>2026-09-06T10:01:31.000Z</time>
        <extensions>
          <ns3:TrackPointExtension>
            <ns3:hr>152</ns3:hr>
            <ns3:cad>84</ns3:cad>
          </ns3:TrackPointExtension>
        </extensions>
      </trkpt>
      <trkpt lat="37.517701350152492523193359375" lon="127.06643200479447841644287109375">
        <ele>26.200000762939453125</ele>
        <time>2026-09-06T10:01:32.000Z</time>
        <extensions>
          <ns3:TrackPointExtension>
            <ns3:hr>152</ns3:hr>
            <ns3:cad>85</ns3:cad>
          </ns3:TrackPointExtension>
        </extensions>
      </trkpt>
      <trkpt lat="37.5177313573658466339111328125" lon="127.06639923155307769775390625">
        <ele>26.200000762939453125</ele>
        <time>2026-09-06T10:01:33.000Z</time>
        <extensions>
          <ns3:TrackPointExtension>
            <ns3:hr>152</ns3:hr>
            <ns3:cad>86</ns3:cad>
          </ns3:TrackPointExtension>
        </extensions>
      </trkpt>
      <trkpt lat="37.5177605263888835906982421875" lon="127.06637953408062458038330078125">
        <ele>26</ele>
        <time>2026-09-06T10:01:34.000Z</time>
        <extensions>
          <ns3:TrackPointExtension>
            <ns3:hr>151</ns3:hr>
            <ns3:cad>86</ns3:cad>
          </ns3:TrackPointExtension>
        </extensions>
      </trkpt>
      <trkpt lat="37.51779581420123577117919921875" lon="127.066345922648906707763671875">
        <ele>26.200000762939453125</ele>
        <time>2026-09-06T10:01:35.000Z</time>
        <extensions>
          <ns3:TrackPointExtension>
            <ns3:hr>151</ns3:hr>
            <ns3:cad>86</ns3:cad>
          </ns3:TrackPointExtension>
        </extensions>
      </trkpt>
      <trkpt lat="37.51781794242560863494873046875" lon="127.06630912609398365020751953125">
        <ele>26</ele>
        <time>2026-09-06T10:01:36.000Z</time>
        <extensions>
          <ns3:TrackPointExtension>
            <ns3:hr>151</ns3:hr>
            <ns3:cad>86</ns3:cad>
          </ns3:TrackPointExtension>
        </extensions>
      </trkpt>
      <trkpt lat="37.517840154469013214111328125" lon="127.06627811305224895477294921875">
        <ele>26.200000762939453125</ele>
        <time>2026-09-06T10:01:37.000Z</time>
        <extensions>
          <ns3:TrackPointExtension>
            <ns3:hr>151</ns3:hr>
            <ns3:cad>86</ns3:cad>
          </ns3:TrackPointExtension>
        </extensions>
      </trkpt>
      <trkpt lat="37.5178666412830352783203125" lon="127.06624307669699192047119140625">
        <ele>26.200000762939453125</ele>
        <time>2026-09-06T10:01:38.000Z</time>
        <extensions>
          <ns3:TrackPointExtension>
            <ns3:hr>151</ns3:hr>
            <ns3:cad>85</ns3:cad>
          </ns3:TrackPointExtension>
        </extensions>
      </trkpt>
      <trkpt lat="37.51789203844964504241943359375" lon="127.06621860153973102569580078125">
        <ele>26</ele>
        <time>2026-09-06T10:01:39.000Z</time>
        <extensions>
          <ns3:TrackPointExtension>
            <ns3:hr>150</ns3:hr>
            <ns3:cad>85</ns3:cad>
          </ns3:TrackPointExtension>
        </extensions>
      </trkpt>
      <trkpt lat="37.5179204531013965606689453125" lon="127.0661965571343898773193359375">
        <ele>26</ele>
        <time>2026-09-06T10:01:40.000Z</time>
        <extensions>
          <ns3:TrackPointExtension>
            <ns3:hr>150</ns3:hr>
            <ns3:cad>85</ns3:cad>
          </ns3:TrackPointExtension>
        </extensions>
      </trkpt>
      <trkpt lat="37.51794015057384967803955078125" lon="127.06617660820484161376953125">
        <ele>25.799999237060546875</ele>
        <time>2026-09-06T10:01:41.000Z</time>
        <extensions>
          <ns3:TrackPointExtension>
            <ns3:hr>151</ns3:hr>
            <ns3:cad>85</ns3:cad>
          </ns3:TrackPointExtension>
        </extensions>
      </trkpt>
      <trkpt lat="37.51797317527234554290771484375" lon="127.0661523006856441497802734375">
        <ele>25.6000003814697265625</ele>
        <time>2026-09-06T10:01:42.000Z</time>
        <extensions>
          <ns3:TrackPointExtension>
            <ns3:hr>151</ns3:hr>
            <ns3:cad>85</ns3:cad>
          </ns3:TrackPointExtension>
        </extensions>
      </trkpt>
      <trkpt lat="37.51799471676349639892578125" lon="127.06613712944090366363525390625">
        <ele>25.6000003814697265625</ele>
        <time>2026-09-06T10:01:43.000Z</time>
        <extensions>
          <ns3:TrackPointExtension>
            <ns3:hr>151</ns3:hr>
            <ns3:cad>85</ns3:cad>
          </ns3:TrackPointExtension>
        </extensions>
      </trkpt>
      <trkpt lat="37.51802564598619937896728515625" lon="127.06611969508230686187744140625">
        <ele>25.6000003814697265625</ele>
        <time>2026-09-06T10:01:44.000Z</time>
        <extensions>
          <ns3:TrackPointExtension>
            <ns3:hr>151</ns3:hr>
            <ns3:cad>86</ns3:cad>
          </ns3:TrackPointExtension>
        </extensions>
      </trkpt>
      <trkpt lat="37.518052048981189727783203125" lon="127.06610628403723239898681640625">
        <ele>25.6000003814697265625</ele>
        <time>2026-09-06T10:01:45.000Z</time>
        <extensions>
          <ns3:TrackPointExtension>
            <ns3:hr>151</ns3:hr>
            <ns3:cad>86</ns3:cad>
          </ns3:TrackPointExtension>
        </extensions>
      </trkpt>
      <trkpt lat="37.518076188862323760986328125" lon="127.066092453896999359130859375">
        <ele>25.799999237060546875</ele>
        <time>2026-09-06T10:01:46.000Z</time>
        <extensions>
          <ns3:TrackPointExtension>
            <ns3:hr>151</ns3:hr>
            <ns3:cad>86</ns3:cad>
          </ns3:TrackPointExtension>
        </extensions>
      </trkpt>
      <trkpt lat="37.5181085430085659027099609375" lon="127.0660808868706226348876953125">
        <ele>25.799999237060546875</ele>
        <time>2026-09-06T10:01:47.000Z</time>
        <extensions>
          <ns3:TrackPointExtension>
            <ns3:hr>152</ns3:hr>
            <ns3:cad>85</ns3:cad>
          </ns3:TrackPointExtension>
        </extensions>
      </trkpt>
      <trkpt lat="37.51813109032809734344482421875" lon="127.06607124768197536468505859375">
        <ele>25.799999237060546875</ele>
        <time>2026-09-06T10:01:48.000Z</time>
        <extensions>
          <ns3:TrackPointExtension>
            <ns3:hr>152</ns3:hr>
            <ns3:cad>85</ns3:cad>
          </ns3:TrackPointExtension>
        </extensions>
      </trkpt>
      <trkpt lat="37.51815740950405597686767578125" lon="127.066054902970790863037109375">
        <ele>25.799999237060546875</ele>
        <time>2026-09-06T10:01:49.000Z</time>
        <extensions>
          <ns3:TrackPointExtension>
            <ns3:hr>152</ns3:hr>
            <ns3:cad>85</ns3:cad>
          </ns3:TrackPointExtension>
        </extensions>
      </trkpt>
      <trkpt lat="37.51818515360355377197265625" lon="127.06604409031569957733154296875">
        <ele>25.6000003814697265625</ele>
        <time>2026-09-06T10:01:50.000Z</time>
        <extensions>
          <ns3:TrackPointExtension>
            <ns3:hr>151</ns3:hr>
            <ns3:cad>84</ns3:cad>
          </ns3:TrackPointExtension>
        </extensions>
      </trkpt>
      <trkpt lat="37.51821440644562244415283203125" lon="127.0660366304218769073486328125">
        <ele>25.6000003814697265625</ele>
        <time>2026-09-06T10:01:51.000Z</time>
        <extensions>
          <ns3:TrackPointExtension>
            <ns3:hr>151</ns3:hr>
            <ns3:cad>84</ns3:cad>
          </ns3:TrackPointExtension>
        </extensions>
      </trkpt>
      <trkpt lat="37.51822781749069690704345703125" lon="127.066030763089656829833984375">
        <ele>25.799999237060546875</ele>
        <time>2026-09-06T10:01:52.000Z</time>
        <extensions>
          <ns3:TrackPointExtension>
            <ns3:hr>151</ns3:hr>
            <ns3:cad>84</ns3:cad>
          </ns3:TrackPointExtension>
        </extensions>
      </trkpt>
      <trkpt lat="37.51824424602091312408447265625" lon="127.06601693294942378997802734375">
        <ele>25.799999237060546875</ele>
        <time>2026-09-06T10:01:53.000Z</time>
        <extensions>
          <ns3:TrackPointExtension>
            <ns3:hr>151</ns3:hr>
            <ns3:cad>84</ns3:cad>
          </ns3:TrackPointExtension>
        </extensions>
      </trkpt>
      <trkpt lat="37.51826553605496883392333984375" lon="127.066001929342746734619140625">
        <ele>26</ele>
        <time>2026-09-06T10:01:54.000Z</time>
        <extensions>
          <ns3:TrackPointExtension>
            <ns3:hr>152</ns3:hr>
            <ns3:cad>85</ns3:cad>
          </ns3:TrackPointExtension>
        </extensions>
      </trkpt>
      <trkpt lat="37.51828213222324848175048828125" lon="127.06598793156445026397705078125">
        <ele>26</ele>
        <time>2026-09-06T10:01:55.000Z</time>
        <extensions>
          <ns3:TrackPointExtension>
            <ns3:hr>151</ns3:hr>
            <ns3:cad>85</ns3:cad>
          </ns3:TrackPointExtension>
        </extensions>
      </trkpt>
      <trkpt lat="37.51830677501857280731201171875" lon="127.065971754491329193115234375">
        <ele>26</ele>
        <time>2026-09-06T10:01:56.000Z</time>
        <extensions>
          <ns3:TrackPointExtension>
            <ns3:hr>151</ns3:hr>
            <ns3:cad>85</ns3:cad>
          </ns3:TrackPointExtension>
        </extensions>
      </trkpt>
      <trkpt lat="37.5183402188122272491455078125" lon="127.06595289520919322967529296875">
        <ele>26</ele>
        <time>2026-09-06T10:01:57.000Z</time>
        <extensions>
          <ns3:TrackPointExtension>
            <ns3:hr>151</ns3:hr>
            <ns3:cad>85</ns3:cad>
          </ns3:TrackPointExtension>
        </extensions>
      </trkpt>
      <trkpt lat="37.518380619585514068603515625" lon="127.06591802649199962615966796875">
        <ele>26</ele>
        <time>2026-09-06T10:01:58.000Z</time>
        <extensions>
          <ns3:TrackPointExtension>
            <ns3:hr>151</ns3:hr>
            <ns3:cad>85</ns3:cad>
          </ns3:TrackPointExtension>
        </extensions>
      </trkpt>
      <trkpt lat="37.51842361874878406524658203125" lon="127.06589489243924617767333984375">
        <ele>26</ele>
        <time>2026-09-06T10:01:59.000Z</time>
        <extensions>
          <ns3:TrackPointExtension>
            <ns3:hr>152</ns3:hr>
            <ns3:cad>85</ns3:cad>
          </ns3:TrackPointExtension>
        </extensions>
      </trkpt>
      <trkpt lat="37.5184525363147258758544921875" lon="127.065883912146091461181640625">
        <ele>26</ele>
        <time>2026-09-06T10:02:00.000Z</time>
        <extensions>
          <ns3:TrackPointExtension>
            <ns3:hr>151</ns3:hr>
            <ns3:cad>84</ns3:cad>
          </ns3:TrackPointExtension>
        </extensions>
      </trkpt>
      <trkpt lat="37.51848748885095119476318359375" lon="127.06586186774075031280517578125">
        <ele>26</ele>
        <time>2026-09-06T10:02:01.000Z</time>
        <extensions>
          <ns3:TrackPointExtension>
            <ns3:hr>152</ns3:hr>
            <ns3:cad>84</ns3:cad>
          </ns3:TrackPointExtension>
        </extensions>
      </trkpt>
      <trkpt lat="37.51852185465395450592041015625" lon="127.06584862433373928070068359375">
        <ele>26.200000762939453125</ele>
        <time>2026-09-06T10:02:02.000Z</time>
        <extensions>
          <ns3:TrackPointExtension>
            <ns3:hr>152</ns3:hr>
            <ns3:cad>84</ns3:cad>
          </ns3:TrackPointExtension>
        </extensions>
      </trkpt>
      <trkpt lat="37.51855663955211639404296875" lon="127.06583789549767971038818359375">
        <ele>26.200000762939453125</ele>
        <time>2026-09-06T10:02:03.000Z</time>
        <extensions>
          <ns3:TrackPointExtension>
            <ns3:hr>152</ns3:hr>
            <ns3:cad>85</ns3:cad>
          </ns3:TrackPointExtension>
        </extensions>
      </trkpt>
      <trkpt lat="37.5185960344970226287841796875" lon="127.06582850776612758636474609375">
        <ele>26.200000762939453125</ele>
        <time>2026-09-06T10:02:04.000Z</time>
        <extensions>
          <ns3:TrackPointExtension>
            <ns3:hr>152</ns3:hr>
            <ns3:cad>85</ns3:cad>
          </ns3:TrackPointExtension>
        </extensions>
      </trkpt>
      <trkpt lat="37.518622688949108123779296875" lon="127.06581174395978450775146484375">
        <ele>26.200000762939453125</ele>
        <time>2026-09-06T10:02:05.000Z</time>
        <extensions>
          <ns3:TrackPointExtension>
            <ns3:hr>152</ns3:hr>
            <ns3:cad>84</ns3:cad>
          </ns3:TrackPointExtension>
        </extensions>
      </trkpt>
      <trkpt lat="37.5186543725430965423583984375" lon="127.0657979138195514678955078125">
        <ele>26.200000762939453125</ele>
        <time>2026-09-06T10:02:06.000Z</time>
        <extensions>
          <ns3:TrackPointExtension>
            <ns3:hr>151</ns3:hr>
            <ns3:cad>84</ns3:cad>
          </ns3:TrackPointExtension>
        </extensions>
      </trkpt>
      <trkpt lat="37.51868748106062412261962890625" lon="127.06578793935477733612060546875">
        <ele>26.200000762939453125</ele>
        <time>2026-09-06T10:02:07.000Z</time>
        <extensions>
          <ns3:TrackPointExtension>
            <ns3:hr>151</ns3:hr>
            <ns3:cad>84</ns3:cad>
          </ns3:TrackPointExtension>
        </extensions>
      </trkpt>
      <trkpt lat="37.5187153927981853485107421875" lon="127.06577653996646404266357421875">
        <ele>26.200000762939453125</ele>
        <time>2026-09-06T10:02:08.000Z</time>
        <extensions>
          <ns3:TrackPointExtension>
            <ns3:hr>151</ns3:hr>
            <ns3:cad>84</ns3:cad>
          </ns3:TrackPointExtension>
        </extensions>
      </trkpt>
      <trkpt lat="37.518745400011539459228515625" lon="127.06576128490269184112548828125">
        <ele>26.200000762939453125</ele>
        <time>2026-09-06T10:02:09.000Z</time>
        <extensions>
          <ns3:TrackPointExtension>
            <ns3:hr>150</ns3:hr>
            <ns3:cad>84</ns3:cad>
          </ns3:TrackPointExtension>
        </extensions>
      </trkpt>
      <trkpt lat="37.518776245415210723876953125" lon="127.0657509751617908477783203125">
        <ele>26.3999996185302734375</ele>
        <time>2026-09-06T10:02:10.000Z</time>
        <extensions>
          <ns3:TrackPointExtension>
            <ns3:hr>150</ns3:hr>
            <ns3:cad>84</ns3:cad>
          </ns3:TrackPointExtension>
        </extensions>
      </trkpt>
      <trkpt lat="37.5188035704195499420166015625" lon="127.0657375641167163848876953125">
        <ele>26.3999996185302734375</ele>
        <time>2026-09-06T10:02:11.000Z</time>
        <extensions>
          <ns3:TrackPointExtension>
            <ns3:hr>150</ns3:hr>
            <ns3:cad>84</ns3:cad>
          </ns3:TrackPointExtension>
        </extensions>
      </trkpt>
      <trkpt lat="37.5188362598419189453125" lon="127.06573228351771831512451171875">
        <ele>26.3999996185302734375</ele>
        <time>2026-09-06T10:02:12.000Z</time>
        <extensions>
          <ns3:TrackPointExtension>
            <ns3:hr>150</ns3:hr>
            <ns3:cad>84</ns3:cad>
          </ns3:TrackPointExtension>
        </extensions>
      </trkpt>
      <trkpt lat="37.518852688372135162353515625" lon="127.06572826020419597625732421875">
        <ele>26.200000762939453125</ele>
        <time>2026-09-06T10:02:13.000Z</time>
        <extensions>
          <ns3:TrackPointExtension>
            <ns3:hr>150</ns3:hr>
            <ns3:cad>84</ns3:cad>
          </ns3:TrackPointExtension>
        </extensions>
      </trkpt>
      <trkpt lat="37.51888847909867763519287109375" lon="127.06571795046329498291015625">
        <ele>26.200000762939453125</ele>
        <time>2026-09-06T10:02:14.000Z</time>
        <extensions>
          <ns3:TrackPointExtension>
            <ns3:hr>150</ns3:hr>
            <ns3:cad>84</ns3:cad>
          </ns3:TrackPointExtension>
        </extensions>
      </trkpt>
      <trkpt lat="37.5189195759594440460205078125" lon="127.0657105743885040283203125">
        <ele>26.200000762939453125</ele>
        <time>2026-09-06T10:02:15.000Z</time>
        <extensions>
          <ns3:TrackPointExtension>
            <ns3:hr>150</ns3:hr>
            <ns3:cad>84</ns3:cad>
          </ns3:TrackPointExtension>
        </extensions>
      </trkpt>
      <trkpt lat="37.5189621560275554656982421875" lon="127.06569640897214412689208984375">
        <ele>26.200000762939453125</ele>
        <time>2026-09-06T10:02:16.000Z</time>
        <extensions>
          <ns3:TrackPointExtension>
            <ns3:hr>150</ns3:hr>
            <ns3:cad>84</ns3:cad>
          </ns3:TrackPointExtension>
        </extensions>
      </trkpt>
      <trkpt lat="37.519000209867954254150390625" lon="127.06568819470703601837158203125">
        <ele>26.200000762939453125</ele>
        <time>2026-09-06T10:02:17.000Z</time>
        <extensions>
          <ns3:TrackPointExtension>
            <ns3:hr>150</ns3:hr>
            <ns3:cad>84</ns3:cad>
          </ns3:TrackPointExtension>
        </extensions>
      </trkpt>
      <trkpt lat="37.51903985626995563507080078125" lon="127.0656721852719783782958984375">
        <ele>26.200000762939453125</ele>
        <time>2026-09-06T10:02:18.000Z</time>
        <extensions>
          <ns3:TrackPointExtension>
            <ns3:hr>150</ns3:hr>
            <ns3:cad>84</ns3:cad>
          </ns3:TrackPointExtension>
        </extensions>
      </trkpt>
      <trkpt lat="37.51908847130835056304931640625" lon="127.06566321663558483123779296875">
        <ele>26.200000762939453125</ele>
        <time>2026-09-06T10:02:19.000Z</time>
        <extensions>
          <ns3:TrackPointExtension>
            <ns3:hr>150</ns3:hr>
            <ns3:cad>84</ns3:cad>
          </ns3:TrackPointExtension>
        </extensions>
      </trkpt>
      <trkpt lat="37.519123256206512451171875" lon="127.06564645282924175262451171875">
        <ele>26.200000762939453125</ele>
        <time>2026-09-06T10:02:20.000Z</time>
        <extensions>
          <ns3:TrackPointExtension>
            <ns3:hr>150</ns3:hr>
            <ns3:cad>84</ns3:cad>
          </ns3:TrackPointExtension>
        </extensions>
      </trkpt>
      <trkpt lat="37.51916407607495784759521484375" lon="127.06562851555645465850830078125">
        <ele>26.200000762939453125</ele>
        <time>2026-09-06T10:02:21.000Z</time>
        <extensions>
          <ns3:TrackPointExtension>
            <ns3:hr>149</ns3:hr>
            <ns3:cad>84</ns3:cad>
          </ns3:TrackPointExtension>
        </extensions>
      </trkpt>
      <trkpt lat="37.519189305603504180908203125" lon="127.06561309285461902618408203125">
        <ele>26.200000762939453125</ele>
        <time>2026-09-06T10:02:22.000Z</time>
        <extensions>
          <ns3:TrackPointExtension>
            <ns3:hr>149</ns3:hr>
            <ns3:cad>84</ns3:cad>
          </ns3:TrackPointExtension>
        </extensions>
      </trkpt>
      <trkpt lat="37.519219480454921722412109375" lon="127.06559565849602222442626953125">
        <ele>26.200000762939453125</ele>
        <time>2026-09-06T10:02:23.000Z</time>
        <extensions>
          <ns3:TrackPointExtension>
            <ns3:hr>149</ns3:hr>
            <ns3:cad>84</ns3:cad>
          </ns3:TrackPointExtension>
        </extensions>
      </trkpt>
      <trkpt lat="37.51924588344991207122802734375" lon="127.06558006815612316131591796875">
        <ele>26.200000762939453125</ele>
        <time>2026-09-06T10:02:24.000Z</time>
        <extensions>
          <ns3:TrackPointExtension>
            <ns3:hr>149</ns3:hr>
            <ns3:cad>84</ns3:cad>
          </ns3:TrackPointExtension>
        </extensions>
      </trkpt>
      <trkpt lat="37.51926331780850887298583984375" lon="127.065562047064304351806640625">
        <ele>26.200000762939453125</ele>
        <time>2026-09-06T10:02:25.000Z</time>
        <extensions>
          <ns3:TrackPointExtension>
            <ns3:hr>149</ns3:hr>
            <ns3:cad>84</ns3:cad>
          </ns3:TrackPointExtension>
        </extensions>
      </trkpt>
      <trkpt lat="37.51928360201418399810791015625" lon="127.06554251722991466522216796875">
        <ele>26.200000762939453125</ele>
        <time>2026-09-06T10:02:26.000Z</time>
        <extensions>
          <ns3:TrackPointExtension>
            <ns3:hr>149</ns3:hr>
            <ns3:cad>84</ns3:cad>
          </ns3:TrackPointExtension>
        </extensions>
      </trkpt>
      <trkpt lat="37.519296593964099884033203125" lon="127.06552474759519100189208984375">
        <ele>26.200000762939453125</ele>
        <time>2026-09-06T10:02:27.000Z</time>
        <extensions>
          <ns3:TrackPointExtension>
            <ns3:hr>149</ns3:hr>
            <ns3:cad>85</ns3:cad>
          </ns3:TrackPointExtension>
        </extensions>
      </trkpt>
      <trkpt lat="37.51931302249431610107421875" lon="127.06551142036914825439453125">
        <ele>26.200000762939453125</ele>
        <time>2026-09-06T10:02:28.000Z</time>
        <extensions>
          <ns3:TrackPointExtension>
            <ns3:hr>149</ns3:hr>
            <ns3:cad>85</ns3:cad>
          </ns3:TrackPointExtension>
        </extensions>
      </trkpt>
      <trkpt lat="37.51933523453772068023681640625" lon="127.06549457274377346038818359375">
        <ele>26.200000762939453125</ele>
        <time>2026-09-06T10:02:29.000Z</time>
        <extensions>
          <ns3:TrackPointExtension>
            <ns3:hr>149</ns3:hr>
            <ns3:cad>85</ns3:cad>
          </ns3:TrackPointExtension>
        </extensions>
      </trkpt>
      <trkpt lat="37.5193571113049983978271484375" lon="127.065476216375827789306640625">
        <ele>26.200000762939453125</ele>
        <time>2026-09-06T10:02:30.000Z</time>
        <extensions>
          <ns3:TrackPointExtension>
            <ns3:hr>148</ns3:hr>
            <ns3:cad>85</ns3:cad>
          </ns3:TrackPointExtension>
        </extensions>
      </trkpt>
      <trkpt lat="37.51938569359481334686279296875" lon="127.065458111464977264404296875">
        <ele>26.200000762939453125</ele>
        <time>2026-09-06T10:02:31.000Z</time>
        <extensions>
          <ns3:TrackPointExtension>
            <ns3:hr>148</ns3:hr>
            <ns3:cad>85</ns3:cad>
          </ns3:TrackPointExtension>
        </extensions>
      </trkpt>
      <trkpt lat="37.519407570362091064453125" lon="127.06543673761188983917236328125">
        <ele>26</ele>
        <time>2026-09-06T10:02:32.000Z</time>
        <extensions>
          <ns3:TrackPointExtension>
            <ns3:hr>148</ns3:hr>
            <ns3:cad>85</ns3:cad>
          </ns3:TrackPointExtension>
        </extensions>
      </trkpt>
      <trkpt lat="37.51944956369698047637939453125" lon="127.065417207777500152587890625">
        <ele>26</ele>
        <time>2026-09-06T10:02:33.000Z</time>
        <extensions>
          <ns3:TrackPointExtension>
            <ns3:hr>148</ns3:hr>
            <ns3:cad>85</ns3:cad>
          </ns3:TrackPointExtension>
        </extensions>
      </trkpt>
      <trkpt lat="37.51947588287293910980224609375" lon="127.06539876759052276611328125">
        <ele>26</ele>
        <time>2026-09-06T10:02:34.000Z</time>
        <extensions>
          <ns3:TrackPointExtension>
            <ns3:hr>147</ns3:hr>
            <ns3:cad>85</ns3:cad>
          </ns3:TrackPointExtension>
        </extensions>
      </trkpt>
      <trkpt lat="37.5195163674652576446533203125" lon="127.06537328660488128662109375">
        <ele>26</ele>
        <time>2026-09-06T10:02:35.000Z</time>
        <extensions>
          <ns3:TrackPointExtension>
            <ns3:hr>147</ns3:hr>
            <ns3:cad>86</ns3:cad>
          </ns3:TrackPointExtension>
        </extensions>
      </trkpt>
      <trkpt lat="37.519544698297977447509765625" lon="127.0653543435037136077880859375">
        <ele>26</ele>
        <time>2026-09-06T10:02:36.000Z</time>
        <extensions>
          <ns3:TrackPointExtension>
            <ns3:hr>147</ns3:hr>
            <ns3:cad>86</ns3:cad>
          </ns3:TrackPointExtension>
        </extensions>
      </trkpt>
      <trkpt lat="37.51957847736775875091552734375" lon="127.065332047641277313232421875">
        <ele>25.799999237060546875</ele>
        <time>2026-09-06T10:02:37.000Z</time>
        <extensions>
          <ns3:TrackPointExtension>
            <ns3:hr>147</ns3:hr>
            <ns3:cad>86</ns3:cad>
          </ns3:TrackPointExtension>
        </extensions>
      </trkpt>
      <trkpt lat="37.5196105800569057464599609375" lon="127.06532056443393230438232421875">
        <ele>26</ele>
        <time>2026-09-06T10:02:38.000Z</time>
        <extensions>
          <ns3:TrackPointExtension>
            <ns3:hr>148</ns3:hr>
            <ns3:cad>86</ns3:cad>
          </ns3:TrackPointExtension>
        </extensions>
      </trkpt>
      <trkpt lat="37.51963622868061065673828125" lon="127.065307237207889556884765625">
        <ele>26</ele>
        <time>2026-09-06T10:02:39.000Z</time>
        <extensions>
          <ns3:TrackPointExtension>
            <ns3:hr>148</ns3:hr>
            <ns3:cad>86</ns3:cad>
          </ns3:TrackPointExtension>
        </extensions>
      </trkpt>
      <trkpt lat="37.51967285759747028350830078125" lon="127.0653033815324306488037109375">
        <ele>26</ele>
        <time>2026-09-06T10:02:40.000Z</time>
        <extensions>
          <ns3:TrackPointExtension>
            <ns3:hr>148</ns3:hr>
            <ns3:cad>86</ns3:cad>
          </ns3:TrackPointExtension>
        </extensions>
      </trkpt>
      <trkpt lat="37.51969926059246063232421875" lon="127.06529273651540279388427734375">
        <ele>25.799999237060546875</ele>
        <time>2026-09-06T10:02:41.000Z</time>
        <extensions>
          <ns3:TrackPointExtension>
            <ns3:hr>148</ns3:hr>
            <ns3:cad>86</ns3:cad>
          </ns3:TrackPointExtension>
        </extensions>
      </trkpt>
      <trkpt lat="37.51973840408027172088623046875" lon="127.0652733743190765380859375">
        <ele>25.799999237060546875</ele>
        <time>2026-09-06T10:02:42.000Z</time>
        <extensions>
          <ns3:TrackPointExtension>
            <ns3:hr>148</ns3:hr>
            <ns3:cad>86</ns3:cad>
          </ns3:TrackPointExtension>
        </extensions>
      </trkpt>
      <trkpt lat="37.5197594426572322845458984375" lon="127.065255939960479736328125">
        <ele>25.799999237060546875</ele>
        <time>2026-09-06T10:02:43.000Z</time>
        <extensions>
          <ns3:TrackPointExtension>
            <ns3:hr>147</ns3:hr>
            <ns3:cad>86</ns3:cad>
          </ns3:TrackPointExtension>
        </extensions>
      </trkpt>
      <trkpt lat="37.51978919841349124908447265625" lon="127.06523473374545574188232421875">
        <ele>25.799999237060546875</ele>
        <time>2026-09-06T10:02:44.000Z</time>
        <extensions>
          <ns3:TrackPointExtension>
            <ns3:hr>147</ns3:hr>
            <ns3:cad>86</ns3:cad>
          </ns3:TrackPointExtension>
        </extensions>
      </trkpt>
      <trkpt lat="37.51981484703719615936279296875" lon="127.06521679647266864776611328125">
        <ele>25.799999237060546875</ele>
        <time>2026-09-06T10:02:45.000Z</time>
        <extensions>
          <ns3:TrackPointExtension>
            <ns3:hr>147</ns3:hr>
            <ns3:cad>84</ns3:cad>
          </ns3:TrackPointExtension>
        </extensions>
      </trkpt>
      <trkpt lat="37.51983697526156902313232421875" lon="127.06519768573343753814697265625">
        <ele>25.799999237060546875</ele>
        <time>2026-09-06T10:02:46.000Z</time>
        <extensions>
          <ns3:TrackPointExtension>
            <ns3:hr>147</ns3:hr>
            <ns3:cad>84</ns3:cad>
          </ns3:TrackPointExtension>
        </extensions>
      </trkpt>
      <trkpt lat="37.5198606960475444793701171875" lon="127.0651743002235889434814453125">
        <ele>26</ele>
        <time>2026-09-06T10:02:47.000Z</time>
        <extensions>
          <ns3:TrackPointExtension>
            <ns3:hr>147</ns3:hr>
            <ns3:cad>85</ns3:cad>
          </ns3:TrackPointExtension>
        </extensions>
      </trkpt>
      <trkpt lat="37.51987502910196781158447265625" lon="127.06515694968402385711669921875">
        <ele>26</ele>
        <time>2026-09-06T10:02:48.000Z</time>
        <extensions>
          <ns3:TrackPointExtension>
            <ns3:hr>147</ns3:hr>
            <ns3:cad>85</ns3:cad>
          </ns3:TrackPointExtension>
        </extensions>
      </trkpt>
      <trkpt lat="37.51990319229662418365478515625" lon="127.0651354081928730010986328125">
        <ele>26</ele>
        <time>2026-09-06T10:02:49.000Z</time>
        <extensions>
          <ns3:TrackPointExtension>
            <ns3:hr>147</ns3:hr>
            <ns3:cad>85</ns3:cad>
          </ns3:TrackPointExtension>
        </extensions>
      </trkpt>
      <trkpt lat="37.5199373066425323486328125" lon="127.06511789001524448394775390625">
        <ele>26</ele>
        <time>2026-09-06T10:02:50.000Z</time>
        <extensions>
          <ns3:TrackPointExtension>
            <ns3:hr>146</ns3:hr>
            <ns3:cad>85</ns3:cad>
          </ns3:TrackPointExtension>
        </extensions>
      </trkpt>
      <trkpt lat="37.519968487322330474853515625" lon="127.0651005394756793975830078125">
        <ele>26</ele>
        <time>2026-09-06T10:02:51.000Z</time>
        <extensions>
          <ns3:TrackPointExtension>
            <ns3:hr>146</ns3:hr>
            <ns3:cad>85</ns3:cad>
          </ns3:TrackPointExtension>
        </extensions>
      </trkpt>
      <trkpt lat="37.52000528387725353240966796875" lon="127.065086625516414642333984375">
        <ele>26</ele>
        <time>2026-09-06T10:02:52.000Z</time>
        <extensions>
          <ns3:TrackPointExtension>
            <ns3:hr>146</ns3:hr>
            <ns3:cad>85</ns3:cad>
          </ns3:TrackPointExtension>
        </extensions>
      </trkpt>
      <trkpt lat="37.52003227360546588897705078125" lon="127.0650676824152469635009765625">
        <ele>26</ele>
        <time>2026-09-06T10:02:53.000Z</time>
        <extensions>
          <ns3:TrackPointExtension>
            <ns3:hr>146</ns3:hr>
            <ns3:cad>84</ns3:cad>
          </ns3:TrackPointExtension>
        </extensions>
      </trkpt>
      <trkpt lat="37.5200668908655643463134765625" lon="127.06504949368536472320556640625">
        <ele>26</ele>
        <time>2026-09-06T10:02:54.000Z</time>
        <extensions>
          <ns3:TrackPointExtension>
            <ns3:hr>146</ns3:hr>
            <ns3:cad>84</ns3:cad>
          </ns3:TrackPointExtension>
        </extensions>
      </trkpt>
      <trkpt lat="37.520097903907299041748046875" lon="127.0650266110897064208984375">
        <ele>26</ele>
        <time>2026-09-06T10:02:55.000Z</time>
        <extensions>
          <ns3:TrackPointExtension>
            <ns3:hr>147</ns3:hr>
            <ns3:cad>84</ns3:cad>
          </ns3:TrackPointExtension>
        </extensions>
      </trkpt>
      <trkpt lat="37.5201309286057949066162109375" lon="127.06500858999788761138916015625">
        <ele>25.799999237060546875</ele>
        <time>2026-09-06T10:02:56.000Z</time>
        <extensions>
          <ns3:TrackPointExtension>
            <ns3:hr>147</ns3:hr>
            <ns3:cad>84</ns3:cad>
          </ns3:TrackPointExtension>
        </extensions>
      </trkpt>
      <trkpt lat="37.520165629684925079345703125" lon="127.0649831928312778472900390625">
        <ele>26</ele>
        <time>2026-09-06T10:02:57.000Z</time>
        <extensions>
          <ns3:TrackPointExtension>
            <ns3:hr>147</ns3:hr>
            <ns3:cad>85</ns3:cad>
          </ns3:TrackPointExtension>
        </extensions>
      </trkpt>
      <trkpt lat="37.520191110670566558837890625" lon="127.06495611928403377532958984375">
        <ele>26</ele>
        <time>2026-09-06T10:02:58.000Z</time>
        <extensions>
          <ns3:TrackPointExtension>
            <ns3:hr>147</ns3:hr>
            <ns3:cad>85</ns3:cad>
          </ns3:TrackPointExtension>
        </extensions>
      </trkpt>
      <trkpt lat="37.5202308408915996551513671875" lon="127.06493332050740718841552734375">
        <ele>26</ele>
        <time>2026-09-06T10:02:59.000Z</time>
        <extensions>
          <ns3:TrackPointExtension>
            <ns3:hr>147</ns3:hr>
            <ns3:cad>85</ns3:cad>
          </ns3:TrackPointExtension>
        </extensions>
      </trkpt>
      <trkpt lat="37.5202576629817485809326171875" lon="127.06491437740623950958251953125">
        <ele>25.799999237060546875</ele>
        <time>2026-09-06T10:03:00.000Z</time>
        <extensions>
          <ns3:TrackPointExtension>
            <ns3:hr>147</ns3:hr>
            <ns3:cad>85</ns3:cad>
          </ns3:TrackPointExtension>
        </extensions>
      </trkpt>
      <trkpt lat="37.52028708346188068389892578125" lon="127.0648889802396297454833984375">
        <ele>25.799999237060546875</ele>
        <time>2026-09-06T10:03:01.000Z</time>
        <extensions>
          <ns3:TrackPointExtension>
            <ns3:hr>147</ns3:hr>
            <ns3:cad>85</ns3:cad>
          </ns3:TrackPointExtension>
        </extensions>
      </trkpt>
      <trkpt lat="37.520314492285251617431640625" lon="127.064861319959163665771484375">
        <ele>25.6000003814697265625</ele>
        <time>2026-09-06T10:03:02.000Z</time>
        <extensions>
          <ns3:TrackPointExtension>
            <ns3:hr>147</ns3:hr>
            <ns3:cad>84</ns3:cad>
          </ns3:TrackPointExtension>
        </extensions>
      </trkpt>
      <trkpt lat="37.52034106291830539703369140625" lon="127.064826786518096923828125">
        <ele>25.6000003814697265625</ele>
        <time>2026-09-06T10:03:03.000Z</time>
        <extensions>
          <ns3:TrackPointExtension>
            <ns3:hr>147</ns3:hr>
            <ns3:cad>84</ns3:cad>
          </ns3:TrackPointExtension>
        </extensions>
      </trkpt>
      <trkpt lat="37.52037492580711841583251953125" lon="127.06480273045599460601806640625">
        <ele>25.3999996185302734375</ele>
        <time>2026-09-06T10:03:04.000Z</time>
        <extensions>
          <ns3:TrackPointExtension>
            <ns3:hr>147</ns3:hr>
            <ns3:cad>84</ns3:cad>
          </ns3:TrackPointExtension>
        </extensions>
      </trkpt>
      <trkpt lat="37.520396299660205841064453125" lon="127.06478345207870006561279296875">
        <ele>25.3999996185302734375</ele>
        <time>2026-09-06T10:03:05.000Z</time>
        <extensions>
          <ns3:TrackPointExtension>
            <ns3:hr>148</ns3:hr>
            <ns3:cad>84</ns3:cad>
          </ns3:TrackPointExtension>
        </extensions>
      </trkpt>
      <trkpt lat="37.52042789943516254425048828125" lon="127.0647565461695194244384765625">
        <ele>25.200000762939453125</ele>
        <time>2026-09-06T10:03:06.000Z</time>
        <extensions>
          <ns3:TrackPointExtension>
            <ns3:hr>148</ns3:hr>
            <ns3:cad>84</ns3:cad>
          </ns3:TrackPointExtension>
        </extensions>
      </trkpt>
      <trkpt lat="37.5204549729824066162109375" lon="127.06473626196384429931640625">
        <ele>25.200000762939453125</ele>
        <time>2026-09-06T10:03:07.000Z</time>
        <extensions>
          <ns3:TrackPointExtension>
            <ns3:hr>148</ns3:hr>
            <ns3:cad>84</ns3:cad>
          </ns3:TrackPointExtension>
        </extensions>
      </trkpt>
      <trkpt lat="37.52047844231128692626953125" lon="127.06471421755850315093994140625">
        <ele>25.200000762939453125</ele>
        <time>2026-09-06T10:03:08.000Z</time>
        <extensions>
          <ns3:TrackPointExtension>
            <ns3:hr>149</ns3:hr>
            <ns3:cad>84</ns3:cad>
          </ns3:TrackPointExtension>
        </extensions>
      </trkpt>
      <trkpt lat="37.52051037736237049102783203125" lon="127.0646940171718597412109375">
        <ele>25.200000762939453125</ele>
        <time>2026-09-06T10:03:09.000Z</time>
        <extensions>
          <ns3:TrackPointExtension>
            <ns3:hr>149</ns3:hr>
            <ns3:cad>84</ns3:cad>
          </ns3:TrackPointExtension>
        </extensions>
      </trkpt>
      <trkpt lat="37.52053451724350452423095703125" lon="127.06467431969940662384033203125">
        <ele>25.200000762939453125</ele>
        <time>2026-09-06T10:03:10.000Z</time>
        <extensions>
          <ns3:TrackPointExtension>
            <ns3:hr>149</ns3:hr>
            <ns3:cad>84</ns3:cad>
          </ns3:TrackPointExtension>
        </extensions>
      </trkpt>
      <trkpt lat="37.52057307399809360504150390625" lon="127.06465571187436580657958984375">
        <ele>25.200000762939453125</ele>
        <time>2026-09-06T10:03:11.000Z</time>
        <extensions>
          <ns3:TrackPointExtension>
            <ns3:hr>149</ns3:hr>
            <ns3:cad>84</ns3:cad>
          </ns3:TrackPointExtension>
        </extensions>
      </trkpt>
      <trkpt lat="37.5206060148775577545166015625" lon="127.06463743932545185089111328125">
        <ele>25.200000762939453125</ele>
        <time>2026-09-06T10:03:12.000Z</time>
        <extensions>
          <ns3:TrackPointExtension>
            <ns3:hr>149</ns3:hr>
            <ns3:cad>84</ns3:cad>
          </ns3:TrackPointExtension>
        </extensions>
      </trkpt>
      <trkpt lat="37.5206355191767215728759765625" lon="127.06461749039590358734130859375">
        <ele>25.200000762939453125</ele>
        <time>2026-09-06T10:03:13.000Z</time>
        <extensions>
          <ns3:TrackPointExtension>
            <ns3:hr>148</ns3:hr>
            <ns3:cad>84</ns3:cad>
          </ns3:TrackPointExtension>
        </extensions>
      </trkpt>
      <trkpt lat="37.5206636823713779449462890625" lon="127.06460173241794109344482421875">
        <ele>25.200000762939453125</ele>
        <time>2026-09-06T10:03:14.000Z</time>
        <extensions>
          <ns3:TrackPointExtension>
            <ns3:hr>148</ns3:hr>
            <ns3:cad>85</ns3:cad>
          </ns3:TrackPointExtension>
        </extensions>
      </trkpt>
      <trkpt lat="37.52068572677671909332275390625" lon="127.0645855553448200225830078125">
        <ele>25.200000762939453125</ele>
        <time>2026-09-06T10:03:15.000Z</time>
        <extensions>
          <ns3:TrackPointExtension>
            <ns3:hr>148</ns3:hr>
            <ns3:cad>84</ns3:cad>
          </ns3:TrackPointExtension>
        </extensions>
      </trkpt>
      <trkpt lat="37.520718164741992950439453125" lon="127.06456317566335201263427734375">
        <ele>25.200000762939453125</ele>
        <time>2026-09-06T10:03:16.000Z</time>
        <extensions>
          <ns3:TrackPointExtension>
            <ns3:hr>148</ns3:hr>
            <ns3:cad>84</ns3:cad>
          </ns3:TrackPointExtension>
        </extensions>
      </trkpt>
      <trkpt lat="37.52074263989925384521484375" lon="127.0645459927618503570556640625">
        <ele>25</ele>
        <time>2026-09-06T10:03:17.000Z</time>
        <extensions>
          <ns3:TrackPointExtension>
            <ns3:hr>149</ns3:hr>
            <ns3:cad>84</ns3:cad>
          </ns3:TrackPointExtension>
        </extensions>
      </trkpt>
      <trkpt lat="37.52077214419841766357421875" lon="127.0645278878509998321533203125">
        <ele>24.799999237060546875</ele>
        <time>2026-09-06T10:03:18.000Z</time>
        <extensions>
          <ns3:TrackPointExtension>
            <ns3:hr>148</ns3:hr>
            <ns3:cad>84</ns3:cad>
          </ns3:TrackPointExtension>
        </extensions>
      </trkpt>
      <trkpt lat="37.520807348191738128662109375" lon="127.0645174942910671234130859375">
        <ele>24.799999237060546875</ele>
        <time>2026-09-06T10:03:19.000Z</time>
        <extensions>
          <ns3:TrackPointExtension>
            <ns3:hr>148</ns3:hr>
            <ns3:cad>84</ns3:cad>
          </ns3:TrackPointExtension>
        </extensions>
      </trkpt>
      <trkpt lat="37.5208319909870624542236328125" lon="127.06449964083731174468994140625">
        <ele>24.6000003814697265625</ele>
        <time>2026-09-06T10:03:20.000Z</time>
        <extensions>
          <ns3:TrackPointExtension>
            <ns3:hr>149</ns3:hr>
            <ns3:cad>84</ns3:cad>
          </ns3:TrackPointExtension>
        </extensions>
      </trkpt>
      <trkpt lat="37.5208749063313007354736328125" lon="127.06448555923998355865478515625">
        <ele>24.6000003814697265625</ele>
        <time>2026-09-06T10:03:21.000Z</time>
        <extensions>
          <ns3:TrackPointExtension>
            <ns3:hr>148</ns3:hr>
            <ns3:cad>84</ns3:cad>
          </ns3:TrackPointExtension>
        </extensions>
      </trkpt>
      <trkpt lat="37.52089192159473896026611328125" lon="127.06446728669106960296630859375">
        <ele>24.6000003814697265625</ele>
        <time>2026-09-06T10:03:22.000Z</time>
        <extensions>
          <ns3:TrackPointExtension>
            <ns3:hr>148</ns3:hr>
            <ns3:cad>84</ns3:cad>
          </ns3:TrackPointExtension>
        </extensions>
      </trkpt>
      <trkpt lat="37.52092896960675716400146484375" lon="127.06444792449474334716796875">
        <ele>24.799999237060546875</ele>
        <time>2026-09-06T10:03:23.000Z</time>
        <extensions>
          <ns3:TrackPointExtension>
            <ns3:hr>148</ns3:hr>
            <ns3:cad>84</ns3:cad>
          </ns3:TrackPointExtension>
        </extensions>
      </trkpt>
      <trkpt lat="37.52095813862979412078857421875" lon="127.0644353516399860382080078125">
        <ele>25</ele>
        <time>2026-09-06T10:03:24.000Z</time>
        <extensions>
          <ns3:TrackPointExtension>
            <ns3:hr>148</ns3:hr>
            <ns3:cad>84</ns3:cad>
          </ns3:TrackPointExtension>
        </extensions>
      </trkpt>
      <trkpt lat="37.52098931930959224700927734375" lon="127.0644256286323070526123046875">
        <ele>25</ele>
        <time>2026-09-06T10:03:25.000Z</time>
        <extensions>
          <ns3:TrackPointExtension>
            <ns3:hr>148</ns3:hr>
            <ns3:cad>84</ns3:cad>
          </ns3:TrackPointExtension>
        </extensions>
      </trkpt>
      <trkpt lat="37.52102049998939037322998046875" lon="127.064420096576213836669921875">
        <ele>25.200000762939453125</ele>
        <time>2026-09-06T10:03:26.000Z</time>
        <extensions>
          <ns3:TrackPointExtension>
            <ns3:hr>148</ns3:hr>
            <ns3:cad>84</ns3:cad>
          </ns3:TrackPointExtension>
        </extensions>
      </trkpt>
      <trkpt lat="37.521040029823780059814453125" lon="127.0644035004079341888427734375">
        <ele>25.200000762939453125</ele>
        <time>2026-09-06T10:03:27.000Z</time>
        <extensions>
          <ns3:TrackPointExtension>
            <ns3:hr>148</ns3:hr>
            <ns3:cad>84</ns3:cad>
          </ns3:TrackPointExtension>
        </extensions>
      </trkpt>
      <trkpt lat="37.521078586578369140625" lon="127.064386904239654541015625">
        <ele>25.200000762939453125</ele>
        <time>2026-09-06T10:03:28.000Z</time>
        <extensions>
          <ns3:TrackPointExtension>
            <ns3:hr>149</ns3:hr>
            <ns3:cad>84</ns3:cad>
          </ns3:TrackPointExtension>
        </extensions>
      </trkpt>
      <trkpt lat="37.5211049057543277740478515625" lon="127.0643743313848972320556640625">
        <ele>25.200000762939453125</ele>
        <time>2026-09-06T10:03:29.000Z</time>
        <extensions>
          <ns3:TrackPointExtension>
            <ns3:hr>148</ns3:hr>
            <ns3:cad>84</ns3:cad>
          </ns3:TrackPointExtension>
        </extensions>
      </trkpt>
      <trkpt lat="37.52113382332026958465576171875" lon="127.064354717731475830078125">
        <ele>25</ele>
        <time>2026-09-06T10:03:30.000Z</time>
        <extensions>
          <ns3:TrackPointExtension>
            <ns3:hr>148</ns3:hr>
            <ns3:cad>84</ns3:cad>
          </ns3:TrackPointExtension>
        </extensions>
      </trkpt>
      <trkpt lat="37.52116299234330654144287109375" lon="127.06433502025902271270751953125">
        <ele>25</ele>
        <time>2026-09-06T10:03:31.000Z</time>
        <extensions>
          <ns3:TrackPointExtension>
            <ns3:hr>148</ns3:hr>
            <ns3:cad>84</ns3:cad>
          </ns3:TrackPointExtension>
        </extensions>
      </trkpt>
      <trkpt lat="37.52118227072060108184814453125" lon="127.06431104801595211029052734375">
        <ele>25</ele>
        <time>2026-09-06T10:03:32.000Z</time>
        <extensions>
          <ns3:TrackPointExtension>
            <ns3:hr>149</ns3:hr>
            <ns3:cad>84</ns3:cad>
          </ns3:TrackPointExtension>
        </extensions>
      </trkpt>
      <trkpt lat="37.52121470868587493896484375" lon="127.0642784424126148223876953125">
        <ele>25</ele>
        <time>2026-09-06T10:03:33.000Z</time>
        <extensions>
          <ns3:TrackPointExtension>
            <ns3:hr>148</ns3:hr>
            <ns3:cad>84</ns3:cad>
          </ns3:TrackPointExtension>
        </extensions>
      </trkpt>
      <trkpt lat="37.52122971229255199432373046875" lon="127.06425136886537075042724609375">
        <ele>25</ele>
        <time>2026-09-06T10:03:34.000Z</time>
        <extensions>
          <ns3:TrackPointExtension>
            <ns3:hr>148</ns3:hr>
            <ns3:cad>84</ns3:cad>
          </ns3:TrackPointExtension>
        </extensions>
      </trkpt>
      <trkpt lat="37.521256618201732635498046875" lon="127.06421448849141597747802734375">
        <ele>24.799999237060546875</ele>
        <time>2026-09-06T10:03:35.000Z</time>
        <extensions>
          <ns3:TrackPointExtension>
            <ns3:hr>148</ns3:hr>
            <ns3:cad>84</ns3:cad>
          </ns3:TrackPointExtension>
        </extensions>
      </trkpt>
      <trkpt lat="37.52127883024513721466064453125" lon="127.0641835592687129974365234375">
        <ele>24.799999237060546875</ele>
        <time>2026-09-06T10:03:36.000Z</time>
        <extensions>
          <ns3:TrackPointExtension>
            <ns3:hr>148</ns3:hr>
            <ns3:cad>86</ns3:cad>
          </ns3:TrackPointExtension>
        </extensions>
      </trkpt>
      <trkpt lat="37.52130229957401752471923828125" lon="127.06414609216153621673583984375">
        <ele>24.6000003814697265625</ele>
        <time>2026-09-06T10:03:37.000Z</time>
        <extensions>
          <ns3:TrackPointExtension>
            <ns3:hr>148</ns3:hr>
            <ns3:cad>86</ns3:cad>
          </ns3:TrackPointExtension>
        </extensions>
      </trkpt>
      <trkpt lat="37.52132945694029331207275390625" lon="127.06411340273916721343994140625">
        <ele>24.6000003814697265625</ele>
        <time>2026-09-06T10:03:38.000Z</time>
        <extensions>
          <ns3:TrackPointExtension>
            <ns3:hr>148</ns3:hr>
            <ns3:cad>86</ns3:cad>
          </ns3:TrackPointExtension>
        </extensions>
      </trkpt>
      <trkpt lat="37.5213509984314441680908203125" lon="127.0640839822590351104736328125">
        <ele>24.6000003814697265625</ele>
        <time>2026-09-06T10:03:39.000Z</time>
        <extensions>
          <ns3:TrackPointExtension>
            <ns3:hr>148</ns3:hr>
            <ns3:cad>86</ns3:cad>
          </ns3:TrackPointExtension>
        </extensions>
      </trkpt>
      <trkpt lat="37.52138092182576656341552734375" lon="127.0640476047992706298828125">
        <ele>24.6000003814697265625</ele>
        <time>2026-09-06T10:03:40.000Z</time>
        <extensions>
          <ns3:TrackPointExtension>
            <ns3:hr>148</ns3:hr>
            <ns3:cad>86</ns3:cad>
          </ns3:TrackPointExtension>
        </extensions>
      </trkpt>
      <trkpt lat="37.521394081413745880126953125" lon="127.0640196092426776885986328125">
        <ele>24.6000003814697265625</ele>
        <time>2026-09-06T10:03:41.000Z</time>
        <extensions>
          <ns3:TrackPointExtension>
            <ns3:hr>148</ns3:hr>
            <ns3:cad>86</ns3:cad>
          </ns3:TrackPointExtension>
        </extensions>
      </trkpt>
      <trkpt lat="37.521420903503894805908203125" lon="127.06397694535553455352783203125">
        <ele>24.6000003814697265625</ele>
        <time>2026-09-06T10:03:42.000Z</time>
        <extensions>
          <ns3:TrackPointExtension>
            <ns3:hr>148</ns3:hr>
            <ns3:cad>86</ns3:cad>
          </ns3:TrackPointExtension>
        </extensions>
      </trkpt>
      <trkpt lat="37.52143976278603076934814453125" lon="127.0639485307037830352783203125">
        <ele>24.6000003814697265625</ele>
        <time>2026-09-06T10:03:43.000Z</time>
        <extensions>
          <ns3:TrackPointExtension>
            <ns3:hr>147</ns3:hr>
            <ns3:cad>86</ns3:cad>
          </ns3:TrackPointExtension>
        </extensions>
      </trkpt>
      <trkpt lat="37.52146373502910137176513671875" lon="127.0639072917401790618896484375">
        <ele>24.6000003814697265625</ele>
        <time>2026-09-06T10:03:44.000Z</time>
        <extensions>
          <ns3:TrackPointExtension>
            <ns3:hr>147</ns3:hr>
            <ns3:cad>87</ns3:cad>
          </ns3:TrackPointExtension>
        </extensions>
      </trkpt>
      <trkpt lat="37.52148116938769817352294921875" lon="127.06386965699493885040283203125">
        <ele>24.6000003814697265625</ele>
        <time>2026-09-06T10:03:45.000Z</time>
        <extensions>
          <ns3:TrackPointExtension>
            <ns3:hr>147</ns3:hr>
            <ns3:cad>86</ns3:cad>
          </ns3:TrackPointExtension>
        </extensions>
      </trkpt>
      <trkpt lat="37.52149508334696292877197265625" lon="127.06382288597524166107177734375">
        <ele>24.6000003814697265625</ele>
        <time>2026-09-06T10:03:46.000Z</time>
        <extensions>
          <ns3:TrackPointExtension>
            <ns3:hr>147</ns3:hr>
            <ns3:cad>86</ns3:cad>
          </ns3:TrackPointExtension>
        </extensions>
      </trkpt>
      <trkpt lat="37.5215112604200839996337890625" lon="127.06378282047808170318603515625">
        <ele>24.6000003814697265625</ele>
        <time>2026-09-06T10:03:47.000Z</time>
        <extensions>
          <ns3:TrackPointExtension>
            <ns3:hr>148</ns3:hr>
            <ns3:cad>87</ns3:cad>
          </ns3:TrackPointExtension>
        </extensions>
      </trkpt>
      <trkpt lat="37.5215183012187480926513671875" lon="127.0637510530650615692138671875">
        <ele>24.6000003814697265625</ele>
        <time>2026-09-06T10:03:48.000Z</time>
        <extensions>
          <ns3:TrackPointExtension>
            <ns3:hr>147</ns3:hr>
            <ns3:cad>87</ns3:cad>
          </ns3:TrackPointExtension>
        </extensions>
      </trkpt>
      <trkpt lat="37.5215323828160762786865234375" lon="127.0637101493775844573974609375">
        <ele>24.799999237060546875</ele>
        <time>2026-09-06T10:03:49.000Z</time>
        <extensions>
          <ns3:TrackPointExtension>
            <ns3:hr>147</ns3:hr>
            <ns3:cad>87</ns3:cad>
          </ns3:TrackPointExtension>
        </extensions>
      </trkpt>
      <trkpt lat="37.521542273461818695068359375" lon="127.06367637030780315399169921875">
        <ele>24.799999237060546875</ele>
        <time>2026-09-06T10:03:50.000Z</time>
        <extensions>
          <ns3:TrackPointExtension>
            <ns3:hr>147</ns3:hr>
            <ns3:cad>86</ns3:cad>
          </ns3:TrackPointExtension>
        </extensions>
      </trkpt>
      <trkpt lat="37.5215538404881954193115234375" lon="127.06362021155655384063720703125">
        <ele>24.799999237060546875</ele>
        <time>2026-09-06T10:03:51.000Z</time>
        <extensions>
          <ns3:TrackPointExtension>
            <ns3:hr>147</ns3:hr>
            <ns3:cad>86</ns3:cad>
          </ns3:TrackPointExtension>
        </extensions>
      </trkpt>
      <trkpt lat="37.52156741917133331298828125" lon="127.06357813440263271331787109375">
        <ele>24.799999237060546875</ele>
        <time>2026-09-06T10:03:52.000Z</time>
        <extensions>
          <ns3:TrackPointExtension>
            <ns3:hr>147</ns3:hr>
            <ns3:cad>86</ns3:cad>
          </ns3:TrackPointExtension>
        </extensions>
      </trkpt>
      <trkpt lat="37.5215722806751728057861328125" lon="127.0635337941348552703857421875">
        <ele>24.6000003814697265625</ele>
        <time>2026-09-06T10:03:53.000Z</time>
        <extensions>
          <ns3:TrackPointExtension>
            <ns3:hr>147</ns3:hr>
            <ns3:cad>86</ns3:cad>
          </ns3:TrackPointExtension>
        </extensions>
      </trkpt>
      <trkpt lat="37.5215826742351055145263671875" lon="127.063494734466075897216796875">
        <ele>24.3999996185302734375</ele>
        <time>2026-09-06T10:03:54.000Z</time>
        <extensions>
          <ns3:TrackPointExtension>
            <ns3:hr>147</ns3:hr>
            <ns3:cad>86</ns3:cad>
          </ns3:TrackPointExtension>
        </extensions>
      </trkpt>
      <trkpt lat="37.521594576537609100341796875" lon="127.063462547957897186279296875">
        <ele>24.3999996185302734375</ele>
        <time>2026-09-06T10:03:55.000Z</time>
        <extensions>
          <ns3:TrackPointExtension>
            <ns3:hr>147</ns3:hr>
            <ns3:cad>86</ns3:cad>
          </ns3:TrackPointExtension>
        </extensions>
      </trkpt>
      <trkpt lat="37.5216244161128997802734375" lon="127.0634335465729236602783203125">
        <ele>24.6000003814697265625</ele>
        <time>2026-09-06T10:03:56.000Z</time>
        <extensions>
          <ns3:TrackPointExtension>
            <ns3:hr>147</ns3:hr>
            <ns3:cad>87</ns3:cad>
          </ns3:TrackPointExtension>
        </extensions>
      </trkpt>
      <trkpt lat="37.52164495177567005157470703125" lon="127.06340295262634754180908203125">
        <ele>24.6000003814697265625</ele>
        <time>2026-09-06T10:03:57.000Z</time>
        <extensions>
          <ns3:TrackPointExtension>
            <ns3:hr>147</ns3:hr>
            <ns3:cad>87</ns3:cad>
          </ns3:TrackPointExtension>
        </extensions>
      </trkpt>
      <trkpt lat="37.5216762162744998931884765625" lon="127.06340479664504528045654296875">
        <ele>24.6000003814697265625</ele>
        <time>2026-09-06T10:03:58.000Z</time>
        <extensions>
          <ns3:TrackPointExtension>
            <ns3:hr>147</ns3:hr>
            <ns3:cad>87</ns3:cad>
          </ns3:TrackPointExtension>
        </extensions>
      </trkpt>
      <trkpt lat="37.52170278690755367279052734375" lon="127.0633845962584018707275390625">
        <ele>24.6000003814697265625</ele>
        <time>2026-09-06T10:03:59.000Z</time>
        <extensions>
          <ns3:TrackPointExtension>
            <ns3:hr>147</ns3:hr>
            <ns3:cad>87</ns3:cad>
          </ns3:TrackPointExtension>
        </extensions>
      </trkpt>
      <trkpt lat="37.52173983491957187652587890625" lon="127.06336858682334423065185546875">
        <ele>24.6000003814697265625</ele>
        <time>2026-09-06T10:04:00.000Z</time>
        <extensions>
          <ns3:TrackPointExtension>
            <ns3:hr>147</ns3:hr>
            <ns3:cad>87</ns3:cad>
          </ns3:TrackPointExtension>
        </extensions>
      </trkpt>
      <trkpt lat="37.52177235670387744903564453125" lon="127.06335249356925487518310546875">
        <ele>24.6000003814697265625</ele>
        <time>2026-09-06T10:04:01.000Z</time>
        <extensions>
          <ns3:TrackPointExtension>
            <ns3:hr>147</ns3:hr>
            <ns3:cad>87</ns3:cad>
          </ns3:TrackPointExtension>
        </extensions>
      </trkpt>
      <trkpt lat="37.5218012742698192596435546875" lon="127.0633353106677532196044921875">
        <ele>24.6000003814697265625</ele>
        <time>2026-09-06T10:04:02.000Z</time>
        <extensions>
          <ns3:TrackPointExtension>
            <ns3:hr>147</ns3:hr>
            <ns3:cad>87</ns3:cad>
          </ns3:TrackPointExtension>
        </extensions>
      </trkpt>
      <trkpt lat="37.52183538861572742462158203125" lon="127.063319385051727294921875">
        <ele>24.799999237060546875</ele>
        <time>2026-09-06T10:04:03.000Z</time>
        <extensions>
          <ns3:TrackPointExtension>
            <ns3:hr>147</ns3:hr>
            <ns3:cad>86</ns3:cad>
          </ns3:TrackPointExtension>
        </extensions>
      </trkpt>
      <trkpt lat="37.5218643061816692352294921875" lon="127.06330974586308002471923828125">
        <ele>24.799999237060546875</ele>
        <time>2026-09-06T10:04:04.000Z</time>
        <extensions>
          <ns3:TrackPointExtension>
            <ns3:hr>147</ns3:hr>
            <ns3:cad>86</ns3:cad>
          </ns3:TrackPointExtension>
        </extensions>
      </trkpt>
      <trkpt lat="37.52189808525145053863525390625" lon="127.0632898807525634765625">
        <ele>24.799999237060546875</ele>
        <time>2026-09-06T10:04:05.000Z</time>
        <extensions>
          <ns3:TrackPointExtension>
            <ns3:hr>147</ns3:hr>
            <ns3:cad>86</ns3:cad>
          </ns3:TrackPointExtension>
        </extensions>
      </trkpt>
      <trkpt lat="37.52192071639001369476318359375" lon="127.06327118910849094390869140625">
        <ele>24.799999237060546875</ele>
        <time>2026-09-06T10:04:06.000Z</time>
        <extensions>
          <ns3:TrackPointExtension>
            <ns3:hr>147</ns3:hr>
            <ns3:cad>87</ns3:cad>
          </ns3:TrackPointExtension>
        </extensions>
      </trkpt>
      <trkpt lat="37.52195298671722412109375" lon="127.06324017606675624847412109375">
        <ele>24.799999237060546875</ele>
        <time>2026-09-06T10:04:07.000Z</time>
        <extensions>
          <ns3:TrackPointExtension>
            <ns3:hr>147</ns3:hr>
            <ns3:cad>87</ns3:cad>
          </ns3:TrackPointExtension>
        </extensions>
      </trkpt>
      <trkpt lat="37.5219772942364215850830078125" lon="127.0632159523665904998779296875">
        <ele>24.799999237060546875</ele>
        <time>2026-09-06T10:04:08.000Z</time>
        <extensions>
          <ns3:TrackPointExtension>
            <ns3:hr>147</ns3:hr>
            <ns3:cad>87</ns3:cad>
          </ns3:TrackPointExtension>
        </extensions>
      </trkpt>
      <trkpt lat="37.52200470305979251861572265625" lon="127.06319189630448818206787109375">
        <ele>25</ele>
        <time>2026-09-06T10:04:09.000Z</time>
        <extensions>
          <ns3:TrackPointExtension>
            <ns3:hr>147</ns3:hr>
            <ns3:cad>86</ns3:cad>
          </ns3:TrackPointExtension>
        </extensions>
      </trkpt>
      <trkpt lat="37.52203144133090972900390625" lon="127.06316440366208553314208984375">
        <ele>25</ele>
        <time>2026-09-06T10:04:10.000Z</time>
        <extensions>
          <ns3:TrackPointExtension>
            <ns3:hr>148</ns3:hr>
            <ns3:cad>86</ns3:cad>
          </ns3:TrackPointExtension>
        </extensions>
      </trkpt>
      <trkpt lat="37.52205214463174343109130859375" lon="127.06313808448612689971923828125">
        <ele>25</ele>
        <time>2026-09-06T10:04:11.000Z</time>
        <extensions>
          <ns3:TrackPointExtension>
            <ns3:hr>147</ns3:hr>
            <ns3:cad>86</ns3:cad>
          </ns3:TrackPointExtension>
        </extensions>
      </trkpt>
      <trkpt lat="37.52208500169217586517333984375" lon="127.0631096698343753814697265625">
        <ele>25</ele>
        <time>2026-09-06T10:04:12.000Z</time>
        <extensions>
          <ns3:TrackPointExtension>
            <ns3:hr>147</ns3:hr>
            <ns3:cad>86</ns3:cad>
          </ns3:TrackPointExtension>
        </extensions>
      </trkpt>
      <trkpt lat="37.522108890116214752197265625" lon="127.06308536231517791748046875">
        <ele>25</ele>
        <time>2026-09-06T10:04:13.000Z</time>
        <extensions>
          <ns3:TrackPointExtension>
            <ns3:hr>148</ns3:hr>
            <ns3:cad>86</ns3:cad>
          </ns3:TrackPointExtension>
        </extensions>
      </trkpt>
      <trkpt lat="37.5221388973295688629150390625" lon="127.06305627711117267608642578125">
        <ele>25</ele>
        <time>2026-09-06T10:04:14.000Z</time>
        <extensions>
          <ns3:TrackPointExtension>
            <ns3:hr>148</ns3:hr>
            <ns3:cad>86</ns3:cad>
          </ns3:TrackPointExtension>
        </extensions>
      </trkpt>
      <trkpt lat="37.52216496504843235015869140625" lon="127.06302761100232601165771484375">
        <ele>25</ele>
        <time>2026-09-06T10:04:15.000Z</time>
        <extensions>
          <ns3:TrackPointExtension>
            <ns3:hr>148</ns3:hr>
            <ns3:cad>86</ns3:cad>
          </ns3:TrackPointExtension>
        </extensions>
      </trkpt>
      <trkpt lat="37.52219161950051784515380859375" lon="127.06299592740833759307861328125">
        <ele>25</ele>
        <time>2026-09-06T10:04:16.000Z</time>
        <extensions>
          <ns3:TrackPointExtension>
            <ns3:hr>148</ns3:hr>
            <ns3:cad>86</ns3:cad>
          </ns3:TrackPointExtension>
        </extensions>
      </trkpt>
      <trkpt lat="37.52222120761871337890625" lon="127.0629634894430637359619140625">
        <ele>25</ele>
        <time>2026-09-06T10:04:17.000Z</time>
        <extensions>
          <ns3:TrackPointExtension>
            <ns3:hr>148</ns3:hr>
            <ns3:cad>87</ns3:cad>
          </ns3:TrackPointExtension>
        </extensions>
      </trkpt>
      <trkpt lat="37.522245347499847412109375" lon="127.0629329793155193328857421875">
        <ele>25</ele>
        <time>2026-09-06T10:04:18.000Z</time>
        <extensions>
          <ns3:TrackPointExtension>
            <ns3:hr>148</ns3:hr>
            <ns3:cad>87</ns3:cad>
          </ns3:TrackPointExtension>
        </extensions>
      </trkpt>
      <trkpt lat="37.52227359451353549957275390625" lon="127.06290104426443576812744140625">
        <ele>25</ele>
        <time>2026-09-06T10:04:19.000Z</time>
        <extensions>
          <ns3:TrackPointExtension>
            <ns3:hr>148</ns3:hr>
            <ns3:cad>87</ns3:cad>
          </ns3:TrackPointExtension>
        </extensions>
      </trkpt>
      <trkpt lat="37.52228616736829280853271484375" lon="127.062871120870113372802734375">
        <ele>25</ele>
        <time>2026-09-06T10:04:20.000Z</time>
        <extensions>
          <ns3:TrackPointExtension>
            <ns3:hr>148</ns3:hr>
            <ns3:cad>85</ns3:cad>
          </ns3:TrackPointExtension>
        </extensions>
      </trkpt>
      <trkpt lat="37.522317431867122650146484375" lon="127.06283767707645893096923828125">
        <ele>25</ele>
        <time>2026-09-06T10:04:21.000Z</time>
        <extensions>
          <ns3:TrackPointExtension>
            <ns3:hr>148</ns3:hr>
            <ns3:cad>86</ns3:cad>
          </ns3:TrackPointExtension>
        </extensions>
      </trkpt>
      <trkpt lat="37.5223350338637828826904296875" lon="127.06281219609081745147705078125">
        <ele>25</ele>
        <time>2026-09-06T10:04:22.000Z</time>
        <extensions>
          <ns3:TrackPointExtension>
            <ns3:hr>148</ns3:hr>
            <ns3:cad>86</ns3:cad>
          </ns3:TrackPointExtension>
        </extensions>
      </trkpt>
      <trkpt lat="37.522363029420375823974609375" lon="127.06278068013489246368408203125">
        <ele>24.799999237060546875</ele>
        <time>2026-09-06T10:04:23.000Z</time>
        <extensions>
          <ns3:TrackPointExtension>
            <ns3:hr>148</ns3:hr>
            <ns3:cad>86</ns3:cad>
          </ns3:TrackPointExtension>
        </extensions>
      </trkpt>
      <trkpt lat="37.522390186786651611328125" lon="127.06275603733956813812255859375">
        <ele>25</ele>
        <time>2026-09-06T10:04:24.000Z</time>
        <extensions>
          <ns3:TrackPointExtension>
            <ns3:hr>148</ns3:hr>
            <ns3:cad>86</ns3:cad>
          </ns3:TrackPointExtension>
        </extensions>
      </trkpt>
      <trkpt lat="37.52240887843072414398193359375" lon="127.062727622687816619873046875">
        <ele>25</ele>
        <time>2026-09-06T10:04:25.000Z</time>
        <extensions>
          <ns3:TrackPointExtension>
            <ns3:hr>148</ns3:hr>
            <ns3:cad>86</ns3:cad>
          </ns3:TrackPointExtension>
        </extensions>
      </trkpt>
      <trkpt lat="37.52243578433990478515625" lon="127.0626962743699550628662109375">
        <ele>25.200000762939453125</ele>
        <time>2026-09-06T10:04:26.000Z</time>
        <extensions>
          <ns3:TrackPointExtension>
            <ns3:hr>147</ns3:hr>
            <ns3:cad>86</ns3:cad>
          </ns3:TrackPointExtension>
        </extensions>
      </trkpt>
      <trkpt lat="37.52244852483272552490234375" lon="127.0626704581081867218017578125">
        <ele>25</ele>
        <time>2026-09-06T10:04:27.000Z</time>
        <extensions>
          <ns3:TrackPointExtension>
            <ns3:hr>147</ns3:hr>
            <ns3:cad>86</ns3:cad>
          </ns3:TrackPointExtension>
        </extensions>
      </trkpt>
      <trkpt lat="37.52247576601803302764892578125" lon="127.06263550557196140289306640625">
        <ele>25</ele>
        <time>2026-09-06T10:04:28.000Z</time>
        <extensions>
          <ns3:TrackPointExtension>
            <ns3:hr>147</ns3:hr>
            <ns3:cad>86</ns3:cad>
          </ns3:TrackPointExtension>
        </extensions>
      </trkpt>
      <trkpt lat="37.52249605022370815277099609375" lon="127.06260717473924160003662109375">
        <ele>24.799999237060546875</ele>
        <time>2026-09-06T10:04:29.000Z</time>
        <extensions>
          <ns3:TrackPointExtension>
            <ns3:hr>148</ns3:hr>
            <ns3:cad>86</ns3:cad>
          </ns3:TrackPointExtension>
        </extensions>
      </trkpt>
      <trkpt lat="37.5225264765322208404541015625" lon="127.06256492994725704193115234375">
        <ele>24.799999237060546875</ele>
        <time>2026-09-06T10:04:30.000Z</time>
        <extensions>
          <ns3:TrackPointExtension>
            <ns3:hr>147</ns3:hr>
            <ns3:cad>86</ns3:cad>
          </ns3:TrackPointExtension>
        </extensions>
      </trkpt>
      <trkpt lat="37.52254969440400600433349609375" lon="127.062531821429729461669921875">
        <ele>24.6000003814697265625</ele>
        <time>2026-09-06T10:04:31.000Z</time>
        <extensions>
          <ns3:TrackPointExtension>
            <ns3:hr>147</ns3:hr>
            <ns3:cad>86</ns3:cad>
          </ns3:TrackPointExtension>
        </extensions>
      </trkpt>
      <trkpt lat="37.5225750915706157684326171875" lon="127.06249653361737728118896484375">
        <ele>24.6000003814697265625</ele>
        <time>2026-09-06T10:04:32.000Z</time>
        <extensions>
          <ns3:TrackPointExtension>
            <ns3:hr>148</ns3:hr>
            <ns3:cad>86</ns3:cad>
          </ns3:TrackPointExtension>
        </extensions>
      </trkpt>
      <trkpt lat="37.52260006964206695556640625" lon="127.062460742890834808349609375">
        <ele>24.6000003814697265625</ele>
        <time>2026-09-06T10:04:33.000Z</time>
        <extensions>
          <ns3:TrackPointExtension>
            <ns3:hr>148</ns3:hr>
            <ns3:cad>87</ns3:cad>
          </ns3:TrackPointExtension>
        </extensions>
      </trkpt>
      <trkpt lat="37.52262152731418609619140625" lon="127.06242226995527744293212890625">
        <ele>24.799999237060546875</ele>
        <time>2026-09-06T10:04:34.000Z</time>
        <extensions>
          <ns3:TrackPointExtension>
            <ns3:hr>148</ns3:hr>
            <ns3:cad>87</ns3:cad>
          </ns3:TrackPointExtension>
        </extensions>
      </trkpt>
      <trkpt lat="37.52265078015625476837158203125" lon="127.06238262355327606201171875">
        <ele>24.799999237060546875</ele>
        <time>2026-09-06T10:04:35.000Z</time>
        <extensions>
          <ns3:TrackPointExtension>
            <ns3:hr>148</ns3:hr>
            <ns3:cad>87</ns3:cad>
          </ns3:TrackPointExtension>
        </extensions>
      </trkpt>
      <trkpt lat="37.5226662866771221160888671875" lon="127.0623516105115413665771484375">
        <ele>24.6000003814697265625</ele>
        <time>2026-09-06T10:04:36.000Z</time>
        <extensions>
          <ns3:TrackPointExtension>
            <ns3:hr>148</ns3:hr>
            <ns3:cad>87</ns3:cad>
          </ns3:TrackPointExtension>
        </extensions>
      </trkpt>
      <trkpt lat="37.52269403077661991119384765625" lon="127.062310539186000823974609375">
        <ele>24.6000003814697265625</ele>
        <time>2026-09-06T10:04:37.000Z</time>
        <extensions>
          <ns3:TrackPointExtension>
            <ns3:hr>148</ns3:hr>
            <ns3:cad>87</ns3:cad>
          </ns3:TrackPointExtension>
        </extensions>
      </trkpt>
      <trkpt lat="37.522707022726535797119140625" lon="127.0622853934764862060546875">
        <ele>24.3999996185302734375</ele>
        <time>2026-09-06T10:04:38.000Z</time>
        <extensions>
          <ns3:TrackPointExtension>
            <ns3:hr>148</ns3:hr>
            <ns3:cad>88</ns3:cad>
          </ns3:TrackPointExtension>
        </extensions>
      </trkpt>
      <trkpt lat="37.52273015677928924560546875" lon="127.0622423104941844940185546875">
        <ele>24.3999996185302734375</ele>
        <time>2026-09-06T10:04:39.000Z</time>
        <extensions>
          <ns3:TrackPointExtension>
            <ns3:hr>149</ns3:hr>
            <ns3:cad>88</ns3:cad>
          </ns3:TrackPointExtension>
        </extensions>
      </trkpt>
      <trkpt lat="37.5227457471191883087158203125" lon="127.062214650213718414306640625">
        <ele>24.6000003814697265625</ele>
        <time>2026-09-06T10:04:40.000Z</time>
        <extensions>
          <ns3:TrackPointExtension>
            <ns3:hr>149</ns3:hr>
            <ns3:cad>88</ns3:cad>
          </ns3:TrackPointExtension>
        </extensions>
      </trkpt>
      <trkpt lat="37.52276770770549774169921875" lon="127.06217944622039794921875">
        <ele>24.6000003814697265625</ele>
        <time>2026-09-06T10:04:41.000Z</time>
        <extensions>
          <ns3:TrackPointExtension>
            <ns3:hr>149</ns3:hr>
            <ns3:cad>86</ns3:cad>
          </ns3:TrackPointExtension>
        </extensions>
      </trkpt>
      <trkpt lat="37.5227889977395534515380859375" lon="127.06214885227382183074951171875">
        <ele>24.6000003814697265625</ele>
        <time>2026-09-06T10:04:42.000Z</time>
        <extensions>
          <ns3:TrackPointExtension>
            <ns3:hr>148</ns3:hr>
            <ns3:cad>86</ns3:cad>
          </ns3:TrackPointExtension>
        </extensions>
      </trkpt>
      <trkpt lat="37.52280483953654766082763671875" lon="127.0621137320995330810546875">
        <ele>24.6000003814697265625</ele>
        <time>2026-09-06T10:04:43.000Z</time>
        <extensions>
          <ns3:TrackPointExtension>
            <ns3:hr>149</ns3:hr>
            <ns3:cad>86</ns3:cad>
          </ns3:TrackPointExtension>
        </extensions>
      </trkpt>
      <trkpt lat="37.52283317036926746368408203125" lon="127.06207676790654659271240234375">
        <ele>24.6000003814697265625</ele>
        <time>2026-09-06T10:04:44.000Z</time>
        <extensions>
          <ns3:TrackPointExtension>
            <ns3:hr>149</ns3:hr>
            <ns3:cad>87</ns3:cad>
          </ns3:TrackPointExtension>
        </extensions>
      </trkpt>
      <trkpt lat="37.52284373156726360321044921875" lon="127.06204893998801708221435546875">
        <ele>24.3999996185302734375</ele>
        <time>2026-09-06T10:04:45.000Z</time>
        <extensions>
          <ns3:TrackPointExtension>
            <ns3:hr>148</ns3:hr>
            <ns3:cad>87</ns3:cad>
          </ns3:TrackPointExtension>
        </extensions>
      </trkpt>
      <trkpt lat="37.52286351285874843597412109375" lon="127.0620037615299224853515625">
        <ele>24.3999996185302734375</ele>
        <time>2026-09-06T10:04:46.000Z</time>
        <extensions>
          <ns3:TrackPointExtension>
            <ns3:hr>148</ns3:hr>
            <ns3:cad>87</ns3:cad>
          </ns3:TrackPointExtension>
        </extensions>
      </trkpt>
      <trkpt lat="37.5228758342564105987548828125" lon="127.061975263059139251708984375">
        <ele>24.3999996185302734375</ele>
        <time>2026-09-06T10:04:47.000Z</time>
        <extensions>
          <ns3:TrackPointExtension>
            <ns3:hr>149</ns3:hr>
            <ns3:cad>87</ns3:cad>
          </ns3:TrackPointExtension>
        </extensions>
      </trkpt>
      <trkpt lat="37.52290005795657634735107421875" lon="127.0619294978678226470947265625">
        <ele>24.3999996185302734375</ele>
        <time>2026-09-06T10:04:48.000Z</time>
        <extensions>
          <ns3:TrackPointExtension>
            <ns3:hr>149</ns3:hr>
            <ns3:cad>87</ns3:cad>
          </ns3:TrackPointExtension>
        </extensions>
      </trkpt>
      <trkpt lat="37.522918246686458587646484375" lon="127.06189789809286594390869140625">
        <ele>24.200000762939453125</ele>
        <time>2026-09-06T10:04:49.000Z</time>
        <extensions>
          <ns3:TrackPointExtension>
            <ns3:hr>149</ns3:hr>
            <ns3:cad>87</ns3:cad>
          </ns3:TrackPointExtension>
        </extensions>
      </trkpt>
      <trkpt lat="37.5229432247579097747802734375" lon="127.0618554018437862396240234375">
        <ele>24.200000762939453125</ele>
        <time>2026-09-06T10:04:50.000Z</time>
        <extensions>
          <ns3:TrackPointExtension>
            <ns3:hr>149</ns3:hr>
            <ns3:cad>87</ns3:cad>
          </ns3:TrackPointExtension>
        </extensions>
      </trkpt>
      <trkpt lat="37.52296443097293376922607421875" lon="127.0618225447833538055419921875">
        <ele>24.200000762939453125</ele>
        <time>2026-09-06T10:04:51.000Z</time>
        <extensions>
          <ns3:TrackPointExtension>
            <ns3:hr>149</ns3:hr>
            <ns3:cad>86</ns3:cad>
          </ns3:TrackPointExtension>
        </extensions>
      </trkpt>
      <trkpt lat="37.5229858048260211944580078125" lon="127.06179060973227024078369140625">
        <ele>24</ele>
        <time>2026-09-06T10:04:52.000Z</time>
        <extensions>
          <ns3:TrackPointExtension>
            <ns3:hr>149</ns3:hr>
            <ns3:cad>86</ns3:cad>
          </ns3:TrackPointExtension>
        </extensions>
      </trkpt>
      <trkpt lat="37.5230106152594089508056640625" lon="127.06175037659704685211181640625">
        <ele>23.799999237060546875</ele>
        <time>2026-09-06T10:04:53.000Z</time>
        <extensions>
          <ns3:TrackPointExtension>
            <ns3:hr>150</ns3:hr>
            <ns3:cad>86</ns3:cad>
          </ns3:TrackPointExtension>
        </extensions>
      </trkpt>
      <trkpt lat="37.523022852838039398193359375" lon="127.061718441545963287353515625">
        <ele>23.799999237060546875</ele>
        <time>2026-09-06T10:04:54.000Z</time>
        <extensions>
          <ns3:TrackPointExtension>
            <ns3:hr>150</ns3:hr>
            <ns3:cad>86</ns3:cad>
          </ns3:TrackPointExtension>
        </extensions>
      </trkpt>
      <trkpt lat="37.52304263412952423095703125" lon="127.06167125143110752105712890625">
        <ele>23.799999237060546875</ele>
        <time>2026-09-06T10:04:55.000Z</time>
        <extensions>
          <ns3:TrackPointExtension>
            <ns3:hr>150</ns3:hr>
            <ns3:cad>86</ns3:cad>
          </ns3:TrackPointExtension>
        </extensions>
      </trkpt>
      <trkpt lat="37.5230538658797740936279296875" lon="127.06164225004613399505615234375">
        <ele>23.799999237060546875</ele>
        <time>2026-09-06T10:04:56.000Z</time>
        <extensions>
          <ns3:TrackPointExtension>
            <ns3:hr>150</ns3:hr>
            <ns3:cad>86</ns3:cad>
          </ns3:TrackPointExtension>
        </extensions>
      </trkpt>
      <trkpt lat="37.523079849779605865478515625" lon="127.06159866414964199066162109375">
        <ele>24</ele>
        <time>2026-09-06T10:04:57.000Z</time>
        <extensions>
          <ns3:TrackPointExtension>
            <ns3:hr>150</ns3:hr>
            <ns3:cad>86</ns3:cad>
          </ns3:TrackPointExtension>
        </extensions>
      </trkpt>
      <trkpt lat="37.5230951048433780670166015625" lon="127.0615667290985584259033203125">
        <ele>23.799999237060546875</ele>
        <time>2026-09-06T10:04:58.000Z</time>
        <extensions>
          <ns3:TrackPointExtension>
            <ns3:hr>151</ns3:hr>
            <ns3:cad>86</ns3:cad>
          </ns3:TrackPointExtension>
        </extensions>
      </trkpt>
      <trkpt lat="37.52311371266841888427734375" lon="127.0615321956574916839599609375">
        <ele>23.799999237060546875</ele>
        <time>2026-09-06T10:04:59.000Z</time>
        <extensions>
          <ns3:TrackPointExtension>
            <ns3:hr>151</ns3:hr>
            <ns3:cad>86</ns3:cad>
          </ns3:TrackPointExtension>
        </extensions>
      </trkpt>
      <trkpt lat="37.5231371819972991943359375" lon="127.0614936389029026031494140625">
        <ele>23.799999237060546875</ele>
        <time>2026-09-06T10:05:00.000Z</time>
        <extensions>
          <ns3:TrackPointExtension>
            <ns3:hr>152</ns3:hr>
            <ns3:cad>86</ns3:cad>
          </ns3:TrackPointExtension>
        </extensions>
      </trkpt>
      <trkpt lat="37.5231490842998027801513671875" lon="127.061463631689548492431640625">
        <ele>23.799999237060546875</ele>
        <time>2026-09-06T10:05:01.000Z</time>
        <extensions>
          <ns3:TrackPointExtension>
            <ns3:hr>152</ns3:hr>
            <ns3:cad>86</ns3:cad>
          </ns3:TrackPointExtension>
        </extensions>
      </trkpt>
      <trkpt lat="37.52317163161933422088623046875" lon="127.06141845323145389556884765625">
        <ele>23.799999237060546875</ele>
        <time>2026-09-06T10:05:02.000Z</time>
        <extensions>
          <ns3:TrackPointExtension>
            <ns3:hr>152</ns3:hr>
            <ns3:cad>86</ns3:cad>
          </ns3:TrackPointExtension>
        </extensions>
      </trkpt>
      <trkpt lat="37.523179091513156890869140625" lon="127.061386518180370330810546875">
        <ele>23.6000003814697265625</ele>
        <time>2026-09-06T10:05:03.000Z</time>
        <extensions>
          <ns3:TrackPointExtension>
            <ns3:hr>152</ns3:hr>
            <ns3:cad>86</ns3:cad>
          </ns3:TrackPointExtension>
        </extensions>
      </trkpt>
      <trkpt lat="37.52320214174687862396240234375" lon="127.0613439381122589111328125">
        <ele>23.6000003814697265625</ele>
        <time>2026-09-06T10:05:04.000Z</time>
        <extensions>
          <ns3:TrackPointExtension>
            <ns3:hr>153</ns3:hr>
            <ns3:cad>86</ns3:cad>
          </ns3:TrackPointExtension>
        </extensions>
      </trkpt>
      <trkpt lat="37.52321907319128513336181640625" lon="127.061314098536968231201171875">
        <ele>23.6000003814697265625</ele>
        <time>2026-09-06T10:05:05.000Z</time>
        <extensions>
          <ns3:TrackPointExtension>
            <ns3:hr>153</ns3:hr>
            <ns3:cad>86</ns3:cad>
          </ns3:TrackPointExtension>
        </extensions>
      </trkpt>
      <trkpt lat="37.52324237488210201263427734375" lon="127.06127931363880634307861328125">
        <ele>23.3999996185302734375</ele>
        <time>2026-09-06T10:05:06.000Z</time>
        <extensions>
          <ns3:TrackPointExtension>
            <ns3:hr>153</ns3:hr>
            <ns3:cad>86</ns3:cad>
          </ns3:TrackPointExtension>
        </extensions>
      </trkpt>
      <trkpt lat="37.52326190471649169921875" lon="127.061245031654834747314453125">
        <ele>23.200000762939453125</ele>
        <time>2026-09-06T10:05:07.000Z</time>
        <extensions>
          <ns3:TrackPointExtension>
            <ns3:hr>153</ns3:hr>
            <ns3:cad>86</ns3:cad>
          </ns3:TrackPointExtension>
        </extensions>
      </trkpt>
      <trkpt lat="37.523275651037693023681640625" lon="127.06121175549924373626708984375">
        <ele>23.200000762939453125</ele>
        <time>2026-09-06T10:05:08.000Z</time>
        <extensions>
          <ns3:TrackPointExtension>
            <ns3:hr>153</ns3:hr>
            <ns3:cad>86</ns3:cad>
          </ns3:TrackPointExtension>
        </extensions>
      </trkpt>
      <trkpt lat="37.52329878509044647216796875" lon="127.06117269583046436309814453125">
        <ele>22.799999237060546875</ele>
        <time>2026-09-06T10:05:09.000Z</time>
        <extensions>
          <ns3:TrackPointExtension>
            <ns3:hr>153</ns3:hr>
            <ns3:cad>86</ns3:cad>
          </ns3:TrackPointExtension>
        </extensions>
      </trkpt>
      <trkpt lat="37.5233106873929500579833984375" lon="127.0611459575593471527099609375">
        <ele>22.799999237060546875</ele>
        <time>2026-09-06T10:05:10.000Z</time>
        <extensions>
          <ns3:TrackPointExtension>
            <ns3:hr>153</ns3:hr>
            <ns3:cad>86</ns3:cad>
          </ns3:TrackPointExtension>
        </extensions>
      </trkpt>
      <trkpt lat="37.5233321450650691986083984375" lon="127.06110262311995029449462890625">
        <ele>22.799999237060546875</ele>
        <time>2026-09-06T10:05:11.000Z</time>
        <extensions>
          <ns3:TrackPointExtension>
            <ns3:hr>152</ns3:hr>
            <ns3:cad>87</ns3:cad>
          </ns3:TrackPointExtension>
        </extensions>
      </trkpt>
      <trkpt lat="37.52334379591047763824462890625" lon="127.06107370555400848388671875">
        <ele>23</ele>
        <time>2026-09-06T10:05:12.000Z</time>
        <extensions>
          <ns3:TrackPointExtension>
            <ns3:hr>153</ns3:hr>
            <ns3:cad>87</ns3:cad>
          </ns3:TrackPointExtension>
        </extensions>
      </trkpt>
      <trkpt lat="37.5233680196106433868408203125" lon="127.06103137694299221038818359375">
        <ele>23</ele>
        <time>2026-09-06T10:05:13.000Z</time>
        <extensions>
          <ns3:TrackPointExtension>
            <ns3:hr>152</ns3:hr>
            <ns3:cad>87</ns3:cad>
          </ns3:TrackPointExtension>
        </extensions>
      </trkpt>
      <trkpt lat="37.52338503487408161163330078125" lon="127.06099701113998889923095703125">
        <ele>23</ele>
        <time>2026-09-06T10:05:14.000Z</time>
        <extensions>
          <ns3:TrackPointExtension>
            <ns3:hr>152</ns3:hr>
            <ns3:cad>86</ns3:cad>
          </ns3:TrackPointExtension>
        </extensions>
      </trkpt>
      <trkpt lat="37.52340699546039104461669921875" lon="127.0609578676521778106689453125">
        <ele>23</ele>
        <time>2026-09-06T10:05:15.000Z</time>
        <extensions>
          <ns3:TrackPointExtension>
            <ns3:hr>152</ns3:hr>
            <ns3:cad>86</ns3:cad>
          </ns3:TrackPointExtension>
        </extensions>
      </trkpt>
      <trkpt lat="37.52342996187508106231689453125" lon="127.06092174164950847625732421875">
        <ele>23</ele>
        <time>2026-09-06T10:05:16.000Z</time>
        <extensions>
          <ns3:TrackPointExtension>
            <ns3:hr>152</ns3:hr>
            <ns3:cad>86</ns3:cad>
          </ns3:TrackPointExtension>
        </extensions>
      </trkpt>
      <trkpt lat="37.52344521693885326385498046875" lon="127.06088519655168056488037109375">
        <ele>23</ele>
        <time>2026-09-06T10:05:17.000Z</time>
        <extensions>
          <ns3:TrackPointExtension>
            <ns3:hr>151</ns3:hr>
            <ns3:cad>86</ns3:cad>
          </ns3:TrackPointExtension>
        </extensions>
      </trkpt>
      <trkpt lat="37.52346868626773357391357421875" lon="127.06084362231194972991943359375">
        <ele>23.200000762939453125</ele>
        <time>2026-09-06T10:05:18.000Z</time>
        <extensions>
          <ns3:TrackPointExtension>
            <ns3:hr>151</ns3:hr>
            <ns3:cad>86</ns3:cad>
          </ns3:TrackPointExtension>
        </extensions>
      </trkpt>
      <trkpt lat="37.5234810076653957366943359375" lon="127.060815207660198211669921875">
        <ele>23.200000762939453125</ele>
        <time>2026-09-06T10:05:19.000Z</time>
        <extensions>
          <ns3:TrackPointExtension>
            <ns3:hr>152</ns3:hr>
            <ns3:cad>86</ns3:cad>
          </ns3:TrackPointExtension>
        </extensions>
      </trkpt>
      <trkpt lat="37.5235048122704029083251953125" lon="127.06077137030661106109619140625">
        <ele>23.200000762939453125</ele>
        <time>2026-09-06T10:05:20.000Z</time>
        <extensions>
          <ns3:TrackPointExtension>
            <ns3:hr>151</ns3:hr>
            <ns3:cad>87</ns3:cad>
          </ns3:TrackPointExtension>
        </extensions>
      </trkpt>
      <trkpt lat="37.52351813949644565582275390625" lon="127.0607399381697177886962890625">
        <ele>23.200000762939453125</ele>
        <time>2026-09-06T10:05:21.000Z</time>
        <extensions>
          <ns3:TrackPointExtension>
            <ns3:hr>151</ns3:hr>
            <ns3:cad>87</ns3:cad>
          </ns3:TrackPointExtension>
        </extensions>
      </trkpt>
      <trkpt lat="37.52354160882532596588134765625" lon="127.060692496597766876220703125">
        <ele>23.200000762939453125</ele>
        <time>2026-09-06T10:05:22.000Z</time>
        <extensions>
          <ns3:TrackPointExtension>
            <ns3:hr>151</ns3:hr>
            <ns3:cad>87</ns3:cad>
          </ns3:TrackPointExtension>
        </extensions>
      </trkpt>
      <trkpt lat="37.52355669625103473663330078125" lon="127.06065972335636615753173828125">
        <ele>23</ele>
        <time>2026-09-06T10:05:23.000Z</time>
        <extensions>
          <ns3:TrackPointExtension>
            <ns3:hr>151</ns3:hr>
            <ns3:cad>88</ns3:cad>
          </ns3:TrackPointExtension>
        </extensions>
      </trkpt>
      <trkpt lat="37.523584105074405670166015625" lon="127.06061664037406444549560546875">
        <ele>23</ele>
        <time>2026-09-06T10:05:24.000Z</time>
        <extensions>
          <ns3:TrackPointExtension>
            <ns3:hr>151</ns3:hr>
            <ns3:cad>88</ns3:cad>
          </ns3:TrackPointExtension>
        </extensions>
      </trkpt>
      <trkpt lat="37.5235970132052898406982421875" lon="127.06057523377239704132080078125">
        <ele>23</ele>
        <time>2026-09-06T10:05:25.000Z</time>
        <extensions>
          <ns3:TrackPointExtension>
            <ns3:hr>151</ns3:hr>
            <ns3:cad>88</ns3:cad>
          </ns3:TrackPointExtension>
        </extensions>
      </trkpt>
      <trkpt lat="37.52361771650612354278564453125" lon="127.0605324022471904754638671875">
        <ele>23</ele>
        <time>2026-09-06T10:05:26.000Z</time>
        <extensions>
          <ns3:TrackPointExtension>
            <ns3:hr>151</ns3:hr>
            <ns3:cad>87</ns3:cad>
          </ns3:TrackPointExtension>
        </extensions>
      </trkpt>
      <trkpt lat="37.52363481558859348297119140625" lon="127.0604918338358402252197265625">
        <ele>23</ele>
        <time>2026-09-06T10:05:27.000Z</time>
        <extensions>
          <ns3:TrackPointExtension>
            <ns3:hr>151</ns3:hr>
            <ns3:cad>87</ns3:cad>
          </ns3:TrackPointExtension>
        </extensions>
      </trkpt>
      <trkpt lat="37.523651160299777984619140625" lon="127.06045034341514110565185546875">
        <ele>23.200000762939453125</ele>
        <time>2026-09-06T10:05:28.000Z</time>
        <extensions>
          <ns3:TrackPointExtension>
            <ns3:hr>150</ns3:hr>
            <ns3:cad>87</ns3:cad>
          </ns3:TrackPointExtension>
        </extensions>
      </trkpt>
      <trkpt lat="37.523675970733165740966796875" lon="127.060409523546695709228515625">
        <ele>23.3999996185302734375</ele>
        <time>2026-09-06T10:05:29.000Z</time>
        <extensions>
          <ns3:TrackPointExtension>
            <ns3:hr>151</ns3:hr>
            <ns3:cad>87</ns3:cad>
          </ns3:TrackPointExtension>
        </extensions>
      </trkpt>
      <trkpt lat="37.52369080670177936553955078125" lon="127.060375325381755828857421875">
        <ele>23.3999996185302734375</ele>
        <time>2026-09-06T10:05:30.000Z</time>
        <extensions>
          <ns3:TrackPointExtension>
            <ns3:hr>151</ns3:hr>
            <ns3:cad>87</ns3:cad>
          </ns3:TrackPointExtension>
        </extensions>
      </trkpt>
      <trkpt lat="37.52371511422097682952880859375" lon="127.060326039791107177734375">
        <ele>23.6000003814697265625</ele>
        <time>2026-09-06T10:05:31.000Z</time>
        <extensions>
          <ns3:TrackPointExtension>
            <ns3:hr>151</ns3:hr>
            <ns3:cad>87</ns3:cad>
          </ns3:TrackPointExtension>
        </extensions>
      </trkpt>
      <trkpt lat="37.52372953109443187713623046875" lon="127.06029997207224369049072265625">
        <ele>23.3999996185302734375</ele>
        <time>2026-09-06T10:05:32.000Z</time>
        <extensions>
          <ns3:TrackPointExtension>
            <ns3:hr>150</ns3:hr>
            <ns3:cad>87</ns3:cad>
          </ns3:TrackPointExtension>
        </extensions>
      </trkpt>
      <trkpt lat="37.52375350333750247955322265625" lon="127.06025085411965847015380859375">
        <ele>23.3999996185302734375</ele>
        <time>2026-09-06T10:05:33.000Z</time>
        <extensions>
          <ns3:TrackPointExtension>
            <ns3:hr>150</ns3:hr>
            <ns3:cad>87</ns3:cad>
          </ns3:TrackPointExtension>
        </extensions>
      </trkpt>
      <trkpt lat="37.5237639807164669036865234375" lon="127.060221098363399505615234375">
        <ele>23.200000762939453125</ele>
        <time>2026-09-06T10:05:34.000Z</time>
        <extensions>
          <ns3:TrackPointExtension>
            <ns3:hr>151</ns3:hr>
            <ns3:cad>87</ns3:cad>
          </ns3:TrackPointExtension>
        </extensions>
      </trkpt>
      <trkpt lat="37.52378753386437892913818359375" lon="127.0601718127727508544921875">
        <ele>23.200000762939453125</ele>
        <time>2026-09-06T10:05:35.000Z</time>
        <extensions>
          <ns3:TrackPointExtension>
            <ns3:hr>151</ns3:hr>
            <ns3:cad>87</ns3:cad>
          </ns3:TrackPointExtension>
        </extensions>
      </trkpt>
      <trkpt lat="37.5238005258142948150634765625" lon="127.06013895571231842041015625">
        <ele>23.200000762939453125</ele>
        <time>2026-09-06T10:05:36.000Z</time>
        <extensions>
          <ns3:TrackPointExtension>
            <ns3:hr>151</ns3:hr>
            <ns3:cad>87</ns3:cad>
          </ns3:TrackPointExtension>
        </extensions>
      </trkpt>
      <trkpt lat="37.5238253362476825714111328125" lon="127.0600968785583972930908203125">
        <ele>23.200000762939453125</ele>
        <time>2026-09-06T10:05:37.000Z</time>
        <extensions>
          <ns3:TrackPointExtension>
            <ns3:hr>151</ns3:hr>
            <ns3:cad>87</ns3:cad>
          </ns3:TrackPointExtension>
        </extensions>
      </trkpt>
      <trkpt lat="37.5238447822630405426025390625" lon="127.06006729044020175933837890625">
        <ele>23.200000762939453125</ele>
        <time>2026-09-06T10:05:38.000Z</time>
        <extensions>
          <ns3:TrackPointExtension>
            <ns3:hr>151</ns3:hr>
            <ns3:cad>87</ns3:cad>
          </ns3:TrackPointExtension>
        </extensions>
      </trkpt>
      <trkpt lat="37.5238669104874134063720703125" lon="127.0600298233330249786376953125">
        <ele>23.200000762939453125</ele>
        <time>2026-09-06T10:05:39.000Z</time>
        <extensions>
          <ns3:TrackPointExtension>
            <ns3:hr>151</ns3:hr>
            <ns3:cad>87</ns3:cad>
          </ns3:TrackPointExtension>
        </extensions>
      </trkpt>
      <trkpt lat="37.5238813273608684539794921875" lon="127.05998967401683330535888671875">
        <ele>23.200000762939453125</ele>
        <time>2026-09-06T10:05:40.000Z</time>
        <extensions>
          <ns3:TrackPointExtension>
            <ns3:hr>150</ns3:hr>
            <ns3:cad>87</ns3:cad>
          </ns3:TrackPointExtension>
        </extensions>
      </trkpt>
      <trkpt lat="37.52389465458691120147705078125" lon="127.0599563978612422943115234375">
        <ele>23.3999996185302734375</ele>
        <time>2026-09-06T10:05:41.000Z</time>
        <extensions>
          <ns3:TrackPointExtension>
            <ns3:hr>151</ns3:hr>
            <ns3:cad>87</ns3:cad>
          </ns3:TrackPointExtension>
        </extensions>
      </trkpt>
      <trkpt lat="37.5239188782870769500732421875" lon="127.0599148236215114593505859375">
        <ele>23.3999996185302734375</ele>
        <time>2026-09-06T10:05:42.000Z</time>
        <extensions>
          <ns3:TrackPointExtension>
            <ns3:hr>151</ns3:hr>
            <ns3:cad>87</ns3:cad>
          </ns3:TrackPointExtension>
        </extensions>
      </trkpt>
      <trkpt lat="37.5239279307425022125244140625" lon="127.05988808535039424896240234375">
        <ele>23.3999996185302734375</ele>
        <time>2026-09-06T10:05:43.000Z</time>
        <extensions>
          <ns3:TrackPointExtension>
            <ns3:hr>150</ns3:hr>
            <ns3:cad>87</ns3:cad>
          </ns3:TrackPointExtension>
        </extensions>
      </trkpt>
      <trkpt lat="37.5239507295191287994384765625" lon="127.05984299071133136749267578125">
        <ele>23.200000762939453125</ele>
        <time>2026-09-06T10:05:44.000Z</time>
        <extensions>
          <ns3:TrackPointExtension>
            <ns3:hr>151</ns3:hr>
            <ns3:cad>88</ns3:cad>
          </ns3:TrackPointExtension>
        </extensions>
      </trkpt>
      <trkpt lat="37.5239614583551883697509765625" lon="127.05981440842151641845703125">
        <ele>23.200000762939453125</ele>
        <time>2026-09-06T10:05:45.000Z</time>
        <extensions>
          <ns3:TrackPointExtension>
            <ns3:hr>151</ns3:hr>
            <ns3:cad>87</ns3:cad>
          </ns3:TrackPointExtension>
        </extensions>
      </trkpt>
      <trkpt lat="37.5239869393408298492431640625" lon="127.0597667992115020751953125">
        <ele>23</ele>
        <time>2026-09-06T10:05:46.000Z</time>
        <extensions>
          <ns3:TrackPointExtension>
            <ns3:hr>151</ns3:hr>
            <ns3:cad>87</ns3:cad>
          </ns3:TrackPointExtension>
        </extensions>
      </trkpt>
      <trkpt lat="37.5240010209381580352783203125" lon="127.05973804928362369537353515625">
        <ele>22.799999237060546875</ele>
        <time>2026-09-06T10:05:47.000Z</time>
        <extensions>
          <ns3:TrackPointExtension>
            <ns3:hr>151</ns3:hr>
            <ns3:cad>87</ns3:cad>
          </ns3:TrackPointExtension>
        </extensions>
      </trkpt>
      <trkpt lat="37.52402507700026035308837890625" lon="127.05969831906259059906005859375">
        <ele>22.799999237060546875</ele>
        <time>2026-09-06T10:05:48.000Z</time>
        <extensions>
          <ns3:TrackPointExtension>
            <ns3:hr>151</ns3:hr>
            <ns3:cad>87</ns3:cad>
          </ns3:TrackPointExtension>
        </extensions>
      </trkpt>
      <trkpt lat="37.52403999678790569305419921875" lon="127.05966328270733356475830078125">
        <ele>22.799999237060546875</ele>
        <time>2026-09-06T10:05:49.000Z</time>
        <extensions>
          <ns3:TrackPointExtension>
            <ns3:hr>151</ns3:hr>
            <ns3:cad>87</ns3:cad>
          </ns3:TrackPointExtension>
        </extensions>
      </trkpt>
      <trkpt lat="37.5240583531558513641357421875" lon="127.059626989066600799560546875">
        <ele>22.799999237060546875</ele>
        <time>2026-09-06T10:05:50.000Z</time>
        <extensions>
          <ns3:TrackPointExtension>
            <ns3:hr>151</ns3:hr>
            <ns3:cad>87</ns3:cad>
          </ns3:TrackPointExtension>
        </extensions>
      </trkpt>
      <trkpt lat="37.52408090047538280487060546875" lon="127.0595899410545825958251953125">
        <ele>22.799999237060546875</ele>
        <time>2026-09-06T10:05:51.000Z</time>
        <extensions>
          <ns3:TrackPointExtension>
            <ns3:hr>152</ns3:hr>
            <ns3:cad>87</ns3:cad>
          </ns3:TrackPointExtension>
        </extensions>
      </trkpt>
      <trkpt lat="37.52409431152045726776123046875" lon="127.059555910527706146240234375">
        <ele>22.799999237060546875</ele>
        <time>2026-09-06T10:05:52.000Z</time>
        <extensions>
          <ns3:TrackPointExtension>
            <ns3:hr>152</ns3:hr>
            <ns3:cad>87</ns3:cad>
          </ns3:TrackPointExtension>
        </extensions>
      </trkpt>
      <trkpt lat="37.52411711029708385467529296875" lon="127.0595108158886432647705078125">
        <ele>22.799999237060546875</ele>
        <time>2026-09-06T10:05:53.000Z</time>
        <extensions>
          <ns3:TrackPointExtension>
            <ns3:hr>152</ns3:hr>
            <ns3:cad>87</ns3:cad>
          </ns3:TrackPointExtension>
        </extensions>
      </trkpt>
      <trkpt lat="37.52412532456219196319580078125" lon="127.05948181450366973876953125">
        <ele>22.799999237060546875</ele>
        <time>2026-09-06T10:05:54.000Z</time>
        <extensions>
          <ns3:TrackPointExtension>
            <ns3:hr>152</ns3:hr>
            <ns3:cad>87</ns3:cad>
          </ns3:TrackPointExtension>
        </extensions>
      </trkpt>
      <trkpt lat="37.52415013499557971954345703125" lon="127.059441246092319488525390625">
        <ele>23</ele>
        <time>2026-09-06T10:05:55.000Z</time>
        <extensions>
          <ns3:TrackPointExtension>
            <ns3:hr>152</ns3:hr>
            <ns3:cad>87</ns3:cad>
          </ns3:TrackPointExtension>
        </extensions>
      </trkpt>
      <trkpt lat="37.5241606123745441436767578125" lon="127.05941836349666118621826171875">
        <ele>23.3999996185302734375</ele>
        <time>2026-09-06T10:05:56.000Z</time>
        <extensions>
          <ns3:TrackPointExtension>
            <ns3:hr>152</ns3:hr>
            <ns3:cad>87</ns3:cad>
          </ns3:TrackPointExtension>
        </extensions>
      </trkpt>
      <trkpt lat="37.52418466843664646148681640625" lon="127.05937863327562808990478515625">
        <ele>23.3999996185302734375</ele>
        <time>2026-09-06T10:05:57.000Z</time>
        <extensions>
          <ns3:TrackPointExtension>
            <ns3:hr>152</ns3:hr>
            <ns3:cad>87</ns3:cad>
          </ns3:TrackPointExtension>
        </extensions>
      </trkpt>
      <trkpt lat="37.52420210279524326324462890625" lon="127.05934007652103900909423828125">
        <ele>23.3999996185302734375</ele>
        <time>2026-09-06T10:05:58.000Z</time>
        <extensions>
          <ns3:TrackPointExtension>
            <ns3:hr>152</ns3:hr>
            <ns3:cad>87</ns3:cad>
          </ns3:TrackPointExtension>
        </extensions>
      </trkpt>
      <trkpt lat="37.5242172740399837493896484375" lon="127.059306800365447998046875">
        <ele>23.3999996185302734375</ele>
        <time>2026-09-06T10:05:59.000Z</time>
        <extensions>
          <ns3:TrackPointExtension>
            <ns3:hr>152</ns3:hr>
            <ns3:cad>86</ns3:cad>
          </ns3:TrackPointExtension>
        </extensions>
      </trkpt>
      <trkpt lat="37.52423412166535854339599609375" lon="127.05926983617246150970458984375">
        <ele>23</ele>
        <time>2026-09-06T10:06:00.000Z</time>
        <extensions>
          <ns3:TrackPointExtension>
            <ns3:hr>152</ns3:hr>
            <ns3:cad>86</ns3:cad>
          </ns3:TrackPointExtension>
        </extensions>
      </trkpt>
      <trkpt lat="37.52424292266368865966796875" lon="127.059248127043247222900390625">
        <ele>22.799999237060546875</ele>
        <time>2026-09-06T10:06:01.000Z</time>
        <extensions>
          <ns3:TrackPointExtension>
            <ns3:hr>152</ns3:hr>
            <ns3:cad>86</ns3:cad>
          </ns3:TrackPointExtension>
        </extensions>
      </trkpt>
      <trkpt lat="37.524263374507427215576171875" lon="127.0592062175273895263671875">
        <ele>22.799999237060546875</ele>
        <time>2026-09-06T10:06:02.000Z</time>
        <extensions>
          <ns3:TrackPointExtension>
            <ns3:hr>152</ns3:hr>
            <ns3:cad>87</ns3:cad>
          </ns3:TrackPointExtension>
        </extensions>
      </trkpt>
      <trkpt lat="37.52427200786769390106201171875" lon="127.05918014980852603912353515625">
        <ele>22.799999237060546875</ele>
        <time>2026-09-06T10:06:03.000Z</time>
        <extensions>
          <ns3:TrackPointExtension>
            <ns3:hr>152</ns3:hr>
            <ns3:cad>87</ns3:cad>
          </ns3:TrackPointExtension>
        </extensions>
      </trkpt>
      <trkpt lat="37.52429732121527194976806640625" lon="127.0591379888355731964111328125">
        <ele>22.799999237060546875</ele>
        <time>2026-09-06T10:06:04.000Z</time>
        <extensions>
          <ns3:TrackPointExtension>
            <ns3:hr>152</ns3:hr>
            <ns3:cad>87</ns3:cad>
          </ns3:TrackPointExtension>
        </extensions>
      </trkpt>
      <trkpt lat="37.52431400120258331298828125" lon="127.059095241129398345947265625">
        <ele>22.6000003814697265625</ele>
        <time>2026-09-06T10:06:05.000Z</time>
        <extensions>
          <ns3:TrackPointExtension>
            <ns3:hr>152</ns3:hr>
            <ns3:cad>85</ns3:cad>
          </ns3:TrackPointExtension>
        </extensions>
      </trkpt>
      <trkpt lat="37.52432716079056262969970703125" lon="127.05905760638415813446044921875">
        <ele>22.3999996185302734375</ele>
        <time>2026-09-06T10:06:06.000Z</time>
        <extensions>
          <ns3:TrackPointExtension>
            <ns3:hr>152</ns3:hr>
            <ns3:cad>85</ns3:cad>
          </ns3:TrackPointExtension>
        </extensions>
      </trkpt>
      <trkpt lat="37.524351216852664947509765625" lon="127.05901703797280788421630859375">
        <ele>22.3999996185302734375</ele>
        <time>2026-09-06T10:06:07.000Z</time>
        <extensions>
          <ns3:TrackPointExtension>
            <ns3:hr>152</ns3:hr>
            <ns3:cad>85</ns3:cad>
          </ns3:TrackPointExtension>
        </extensions>
      </trkpt>
      <trkpt lat="37.52436471171677112579345703125" lon="127.0589951612055301666259765625">
        <ele>22.3999996185302734375</ele>
        <time>2026-09-06T10:06:08.000Z</time>
        <extensions>
          <ns3:TrackPointExtension>
            <ns3:hr>151</ns3:hr>
            <ns3:cad>85</ns3:cad>
          </ns3:TrackPointExtension>
        </extensions>
      </trkpt>
      <trkpt lat="37.52438868395984172821044921875" lon="127.05895635299384593963623046875">
        <ele>22.3999996185302734375</ele>
        <time>2026-09-06T10:06:09.000Z</time>
        <extensions>
          <ns3:TrackPointExtension>
            <ns3:hr>151</ns3:hr>
            <ns3:cad>85</ns3:cad>
          </ns3:TrackPointExtension>
        </extensions>
      </trkpt>
      <trkpt lat="37.524400837719440460205078125" lon="127.05892718397080898284912109375">
        <ele>22.3999996185302734375</ele>
        <time>2026-09-06T10:06:10.000Z</time>
        <extensions>
          <ns3:TrackPointExtension>
            <ns3:hr>151</ns3:hr>
            <ns3:cad>85</ns3:cad>
          </ns3:TrackPointExtension>
        </extensions>
      </trkpt>
      <trkpt lat="37.52442573197185993194580078125" lon="127.0588835142552852630615234375">
        <ele>22.3999996185302734375</ele>
        <time>2026-09-06T10:06:11.000Z</time>
        <extensions>
          <ns3:TrackPointExtension>
            <ns3:hr>151</ns3:hr>
            <ns3:cad>85</ns3:cad>
          </ns3:TrackPointExtension>
        </extensions>
      </trkpt>
      <trkpt lat="37.52443872392177581787109375" lon="127.058853171765804290771484375">
        <ele>22.3999996185302734375</ele>
        <time>2026-09-06T10:06:12.000Z</time>
        <extensions>
          <ns3:TrackPointExtension>
            <ns3:hr>151</ns3:hr>
            <ns3:cad>85</ns3:cad>
          </ns3:TrackPointExtension>
        </extensions>
      </trkpt>
      <trkpt lat="37.52445708028972148895263671875" lon="127.058812938630580902099609375">
        <ele>22.3999996185302734375</ele>
        <time>2026-09-06T10:06:13.000Z</time>
        <extensions>
          <ns3:TrackPointExtension>
            <ns3:hr>150</ns3:hr>
            <ns3:cad>85</ns3:cad>
          </ns3:TrackPointExtension>
        </extensions>
      </trkpt>
      <trkpt lat="37.52447686158120632171630859375" lon="127.0587762258946895599365234375">
        <ele>22.200000762939453125</ele>
        <time>2026-09-06T10:06:14.000Z</time>
        <extensions>
          <ns3:TrackPointExtension>
            <ns3:hr>150</ns3:hr>
            <ns3:cad>85</ns3:cad>
          </ns3:TrackPointExtension>
        </extensions>
      </trkpt>
      <trkpt lat="37.5244911946356296539306640625" lon="127.0587447099387645721435546875">
        <ele>22.200000762939453125</ele>
        <time>2026-09-06T10:06:15.000Z</time>
        <extensions>
          <ns3:TrackPointExtension>
            <ns3:hr>150</ns3:hr>
            <ns3:cad>86</ns3:cad>
          </ns3:TrackPointExtension>
        </extensions>
      </trkpt>
      <trkpt lat="37.52451541833579540252685546875" lon="127.058706320822238922119140625">
        <ele>22.3999996185302734375</ele>
        <time>2026-09-06T10:06:16.000Z</time>
        <extensions>
          <ns3:TrackPointExtension>
            <ns3:hr>150</ns3:hr>
            <ns3:cad>86</ns3:cad>
          </ns3:TrackPointExtension>
        </extensions>
      </trkpt>
      <trkpt lat="37.52452790737152099609375" lon="127.05867907963693141937255859375">
        <ele>22.200000762939453125</ele>
        <time>2026-09-06T10:06:17.000Z</time>
        <extensions>
          <ns3:TrackPointExtension>
            <ns3:hr>150</ns3:hr>
            <ns3:cad>87</ns3:cad>
          </ns3:TrackPointExtension>
        </extensions>
      </trkpt>
      <trkpt lat="37.5245491974055767059326171875" lon="127.0586374215781688690185546875">
        <ele>22.200000762939453125</ele>
        <time>2026-09-06T10:06:18.000Z</time>
        <extensions>
          <ns3:TrackPointExtension>
            <ns3:hr>150</ns3:hr>
            <ns3:cad>87</ns3:cad>
          </ns3:TrackPointExtension>
        </extensions>
      </trkpt>
      <trkpt lat="37.52456076443195343017578125" lon="127.05860565416514873504638671875">
        <ele>22</ele>
        <time>2026-09-06T10:06:19.000Z</time>
        <extensions>
          <ns3:TrackPointExtension>
            <ns3:hr>150</ns3:hr>
            <ns3:cad>87</ns3:cad>
          </ns3:TrackPointExtension>
        </extensions>
      </trkpt>
      <trkpt lat="37.52458180300891399383544921875" lon="127.0585633255541324615478515625">
        <ele>22</ele>
        <time>2026-09-06T10:06:20.000Z</time>
        <extensions>
          <ns3:TrackPointExtension>
            <ns3:hr>150</ns3:hr>
            <ns3:cad>86</ns3:cad>
          </ns3:TrackPointExtension>
        </extensions>
      </trkpt>
      <trkpt lat="37.5245981477200984954833984375" lon="127.05852963030338287353515625">
        <ele>22</ele>
        <time>2026-09-06T10:06:21.000Z</time>
        <extensions>
          <ns3:TrackPointExtension>
            <ns3:hr>150</ns3:hr>
            <ns3:cad>87</ns3:cad>
          </ns3:TrackPointExtension>
        </extensions>
      </trkpt>
      <trkpt lat="37.52461281605064868927001953125" lon="127.05849048681557178497314453125">
        <ele>22</ele>
        <time>2026-09-06T10:06:22.000Z</time>
        <extensions>
          <ns3:TrackPointExtension>
            <ns3:hr>151</ns3:hr>
            <ns3:cad>87</ns3:cad>
          </ns3:TrackPointExtension>
        </extensions>
      </trkpt>
      <trkpt lat="37.5246323458850383758544921875" lon="127.05845125950872898101806640625">
        <ele>22</ele>
        <time>2026-09-06T10:06:23.000Z</time>
        <extensions>
          <ns3:TrackPointExtension>
            <ns3:hr>151</ns3:hr>
            <ns3:cad>87</ns3:cad>
          </ns3:TrackPointExtension>
        </extensions>
      </trkpt>
      <trkpt lat="37.52464584074914455413818359375" lon="127.05842192284762859344482421875">
        <ele>22</ele>
        <time>2026-09-06T10:06:24.000Z</time>
        <extensions>
          <ns3:TrackPointExtension>
            <ns3:hr>151</ns3:hr>
            <ns3:cad>87</ns3:cad>
          </ns3:TrackPointExtension>
        </extensions>
      </trkpt>
      <trkpt lat="37.5246672146022319793701171875" lon="127.0583806000649929046630859375">
        <ele>22</ele>
        <time>2026-09-06T10:06:25.000Z</time>
        <extensions>
          <ns3:TrackPointExtension>
            <ns3:hr>152</ns3:hr>
            <ns3:cad>87</ns3:cad>
          </ns3:TrackPointExtension>
        </extensions>
      </trkpt>
      <trkpt lat="37.52467936836183071136474609375" lon="127.058355621993541717529296875">
        <ele>21.799999237060546875</ele>
        <time>2026-09-06T10:06:26.000Z</time>
        <extensions>
          <ns3:TrackPointExtension>
            <ns3:hr>152</ns3:hr>
            <ns3:cad>87</ns3:cad>
          </ns3:TrackPointExtension>
        </extensions>
      </trkpt>
      <trkpt lat="37.52469780854880809783935546875" lon="127.0583179034292697906494140625">
        <ele>21.799999237060546875</ele>
        <time>2026-09-06T10:06:27.000Z</time>
        <extensions>
          <ns3:TrackPointExtension>
            <ns3:hr>152</ns3:hr>
            <ns3:cad>87</ns3:cad>
          </ns3:TrackPointExtension>
        </extensions>
      </trkpt>
      <trkpt lat="37.5247154943645000457763671875" lon="127.05828898586332798004150390625">
        <ele>21.799999237060546875</ele>
        <time>2026-09-06T10:06:28.000Z</time>
        <extensions>
          <ns3:TrackPointExtension>
            <ns3:hr>152</ns3:hr>
            <ns3:cad>87</ns3:cad>
          </ns3:TrackPointExtension>
        </extensions>
      </trkpt>
      <trkpt lat="37.5247411429882049560546875" lon="127.05825394950807094573974609375">
        <ele>21.799999237060546875</ele>
        <time>2026-09-06T10:06:29.000Z</time>
        <extensions>
          <ns3:TrackPointExtension>
            <ns3:hr>152</ns3:hr>
            <ns3:cad>87</ns3:cad>
          </ns3:TrackPointExtension>
        </extensions>
      </trkpt>
      <trkpt lat="37.52475966699421405792236328125" lon="127.058220170438289642333984375">
        <ele>21.799999237060546875</ele>
        <time>2026-09-06T10:06:30.000Z</time>
        <extensions>
          <ns3:TrackPointExtension>
            <ns3:hr>152</ns3:hr>
            <ns3:cad>87</ns3:cad>
          </ns3:TrackPointExtension>
        </extensions>
      </trkpt>
      <trkpt lat="37.52477894537150859832763671875" lon="127.05818639136850833892822265625">
        <ele>22</ele>
        <time>2026-09-06T10:06:31.000Z</time>
        <extensions>
          <ns3:TrackPointExtension>
            <ns3:hr>152</ns3:hr>
            <ns3:cad>87</ns3:cad>
          </ns3:TrackPointExtension>
        </extensions>
      </trkpt>
      <trkpt lat="37.52480107359588146209716796875" lon="127.05815068446099758148193359375">
        <ele>22</ele>
        <time>2026-09-06T10:06:32.000Z</time>
        <extensions>
          <ns3:TrackPointExtension>
            <ns3:hr>152</ns3:hr>
            <ns3:cad>86</ns3:cad>
          </ns3:TrackPointExtension>
        </extensions>
      </trkpt>
      <trkpt lat="37.524813897907733917236328125" lon="127.0581167377531528472900390625">
        <ele>22</ele>
        <time>2026-09-06T10:06:33.000Z</time>
        <extensions>
          <ns3:TrackPointExtension>
            <ns3:hr>151</ns3:hr>
            <ns3:cad>86</ns3:cad>
          </ns3:TrackPointExtension>
        </extensions>
      </trkpt>
      <trkpt lat="37.524837367236614227294921875" lon="127.05807424150407314300537109375">
        <ele>22</ele>
        <time>2026-09-06T10:06:34.000Z</time>
        <extensions>
          <ns3:TrackPointExtension>
            <ns3:hr>152</ns3:hr>
            <ns3:cad>86</ns3:cad>
          </ns3:TrackPointExtension>
        </extensions>
      </trkpt>
      <trkpt lat="37.5248482637107372283935546875" lon="127.05804524011909961700439453125">
        <ele>22</ele>
        <time>2026-09-06T10:06:35.000Z</time>
        <extensions>
          <ns3:TrackPointExtension>
            <ns3:hr>152</ns3:hr>
            <ns3:cad>86</ns3:cad>
          </ns3:TrackPointExtension>
        </extensions>
      </trkpt>
      <trkpt lat="37.52487433142960071563720703125" lon="127.0580034144222736358642578125">
        <ele>22</ele>
        <time>2026-09-06T10:06:36.000Z</time>
        <extensions>
          <ns3:TrackPointExtension>
            <ns3:hr>151</ns3:hr>
            <ns3:cad>86</ns3:cad>
          </ns3:TrackPointExtension>
        </extensions>
      </trkpt>
      <trkpt lat="37.52488858066499233245849609375" lon="127.057973407208919525146484375">
        <ele>22</ele>
        <time>2026-09-06T10:06:37.000Z</time>
        <extensions>
          <ns3:TrackPointExtension>
            <ns3:hr>152</ns3:hr>
            <ns3:cad>86</ns3:cad>
          </ns3:TrackPointExtension>
        </extensions>
      </trkpt>
      <trkpt lat="37.5249159894883632659912109375" lon="127.05793543718755245208740234375">
        <ele>22</ele>
        <time>2026-09-06T10:06:38.000Z</time>
        <extensions>
          <ns3:TrackPointExtension>
            <ns3:hr>152</ns3:hr>
            <ns3:cad>86</ns3:cad>
          </ns3:TrackPointExtension>
        </extensions>
      </trkpt>
      <trkpt lat="37.52493359148502349853515625" lon="127.05790274776518344879150390625">
        <ele>22</ele>
        <time>2026-09-06T10:06:39.000Z</time>
        <extensions>
          <ns3:TrackPointExtension>
            <ns3:hr>152</ns3:hr>
            <ns3:cad>87</ns3:cad>
          </ns3:TrackPointExtension>
        </extensions>
      </trkpt>
      <trkpt lat="37.52495370805263519287109375" lon="127.05786838196218013763427734375">
        <ele>22</ele>
        <time>2026-09-06T10:06:40.000Z</time>
        <extensions>
          <ns3:TrackPointExtension>
            <ns3:hr>151</ns3:hr>
            <ns3:cad>87</ns3:cad>
          </ns3:TrackPointExtension>
        </extensions>
      </trkpt>
      <trkpt lat="37.5249773450195789337158203125" lon="127.05783619545400142669677734375">
        <ele>22</ele>
        <time>2026-09-06T10:06:41.000Z</time>
        <extensions>
          <ns3:TrackPointExtension>
            <ns3:hr>151</ns3:hr>
            <ns3:cad>87</ns3:cad>
          </ns3:TrackPointExtension>
        </extensions>
      </trkpt>
      <trkpt lat="37.524994276463985443115234375" lon="127.05780752934515476226806640625">
        <ele>21.799999237060546875</ele>
        <time>2026-09-06T10:06:42.000Z</time>
        <extensions>
          <ns3:TrackPointExtension>
            <ns3:hr>151</ns3:hr>
            <ns3:cad>87</ns3:cad>
          </ns3:TrackPointExtension>
        </extensions>
      </trkpt>
      <trkpt lat="37.52501917071640491485595703125" lon="127.05777148716151714324951171875">
        <ele>21.799999237060546875</ele>
        <time>2026-09-06T10:06:43.000Z</time>
        <extensions>
          <ns3:TrackPointExtension>
            <ns3:hr>152</ns3:hr>
            <ns3:cad>87</ns3:cad>
          </ns3:TrackPointExtension>
        </extensions>
      </trkpt>
      <trkpt lat="37.52503274939954280853271484375" lon="127.05774231813848018646240234375">
        <ele>21.799999237060546875</ele>
        <time>2026-09-06T10:06:44.000Z</time>
        <extensions>
          <ns3:TrackPointExtension>
            <ns3:hr>151</ns3:hr>
            <ns3:cad>87</ns3:cad>
          </ns3:TrackPointExtension>
        </extensions>
      </trkpt>
      <trkpt lat="37.52506057731807231903076171875" lon="127.05770342610776424407958984375">
        <ele>21.799999237060546875</ele>
        <time>2026-09-06T10:06:45.000Z</time>
        <extensions>
          <ns3:TrackPointExtension>
            <ns3:hr>151</ns3:hr>
            <ns3:cad>87</ns3:cad>
          </ns3:TrackPointExtension>
        </extensions>
      </trkpt>
      <trkpt lat="37.52507516182959079742431640625" lon="127.0576745085418224334716796875">
        <ele>21.799999237060546875</ele>
        <time>2026-09-06T10:06:46.000Z</time>
        <extensions>
          <ns3:TrackPointExtension>
            <ns3:hr>151</ns3:hr>
            <ns3:cad>87</ns3:cad>
          </ns3:TrackPointExtension>
        </extensions>
      </trkpt>
      <trkpt lat="37.52510315738618373870849609375" lon="127.05763201229274272918701171875">
        <ele>21.799999237060546875</ele>
        <time>2026-09-06T10:06:47.000Z</time>
        <extensions>
          <ns3:TrackPointExtension>
            <ns3:hr>150</ns3:hr>
            <ns3:cad>87</ns3:cad>
          </ns3:TrackPointExtension>
        </extensions>
      </trkpt>
      <trkpt lat="37.52512444742023944854736328125" lon="127.05760401673614978790283203125">
        <ele>21.799999237060546875</ele>
        <time>2026-09-06T10:06:48.000Z</time>
        <extensions>
          <ns3:TrackPointExtension>
            <ns3:hr>150</ns3:hr>
            <ns3:cad>87</ns3:cad>
          </ns3:TrackPointExtension>
        </extensions>
      </trkpt>
      <trkpt lat="37.52514976076781749725341796875" lon="127.0575675554573535919189453125">
        <ele>21.799999237060546875</ele>
        <time>2026-09-06T10:06:49.000Z</time>
        <extensions>
          <ns3:TrackPointExtension>
            <ns3:hr>150</ns3:hr>
            <ns3:cad>87</ns3:cad>
          </ns3:TrackPointExtension>
        </extensions>
      </trkpt>
      <trkpt lat="37.5251714698970317840576171875" lon="127.05753394402563571929931640625">
        <ele>21.799999237060546875</ele>
        <time>2026-09-06T10:06:50.000Z</time>
        <extensions>
          <ns3:TrackPointExtension>
            <ns3:hr>150</ns3:hr>
            <ns3:cad>87</ns3:cad>
          </ns3:TrackPointExtension>
        </extensions>
      </trkpt>
      <trkpt lat="37.52519049681723117828369140625" lon="127.0575008355081081390380859375">
        <ele>21.799999237060546875</ele>
        <time>2026-09-06T10:06:51.000Z</time>
        <extensions>
          <ns3:TrackPointExtension>
            <ns3:hr>150</ns3:hr>
            <ns3:cad>87</ns3:cad>
          </ns3:TrackPointExtension>
        </extensions>
      </trkpt>
      <trkpt lat="37.525217235088348388671875" lon="127.05746806226670742034912109375">
        <ele>21.799999237060546875</ele>
        <time>2026-09-06T10:06:52.000Z</time>
        <extensions>
          <ns3:TrackPointExtension>
            <ns3:hr>150</ns3:hr>
            <ns3:cad>87</ns3:cad>
          </ns3:TrackPointExtension>
        </extensions>
      </trkpt>
      <trkpt lat="37.5252355076372623443603515625" lon="127.05744199454784393310546875">
        <ele>21.799999237060546875</ele>
        <time>2026-09-06T10:06:53.000Z</time>
        <extensions>
          <ns3:TrackPointExtension>
            <ns3:hr>150</ns3:hr>
            <ns3:cad>87</ns3:cad>
          </ns3:TrackPointExtension>
        </extensions>
      </trkpt>
      <trkpt lat="37.52526241354644298553466796875" lon="127.05740486271679401397705078125">
        <ele>21.799999237060546875</ele>
        <time>2026-09-06T10:06:54.000Z</time>
        <extensions>
          <ns3:TrackPointExtension>
            <ns3:hr>150</ns3:hr>
            <ns3:cad>87</ns3:cad>
          </ns3:TrackPointExtension>
        </extensions>
      </trkpt>
      <trkpt lat="37.52527833916246891021728515625" lon="127.05738105811178684234619140625">
        <ele>21.799999237060546875</ele>
        <time>2026-09-06T10:06:55.000Z</time>
        <extensions>
          <ns3:TrackPointExtension>
            <ns3:hr>150</ns3:hr>
            <ns3:cad>87</ns3:cad>
          </ns3:TrackPointExtension>
        </extensions>
      </trkpt>
      <trkpt lat="37.525307424366474151611328125" lon="127.05733898095786571502685546875">
        <ele>21.6000003814697265625</ele>
        <time>2026-09-06T10:06:56.000Z</time>
        <extensions>
          <ns3:TrackPointExtension>
            <ns3:hr>150</ns3:hr>
            <ns3:cad>87</ns3:cad>
          </ns3:TrackPointExtension>
        </extensions>
      </trkpt>
      <trkpt lat="37.525322176516056060791015625" lon="127.057307548820972442626953125">
        <ele>21.6000003814697265625</ele>
        <time>2026-09-06T10:06:57.000Z</time>
        <extensions>
          <ns3:TrackPointExtension>
            <ns3:hr>150</ns3:hr>
            <ns3:cad>87</ns3:cad>
          </ns3:TrackPointExtension>
        </extensions>
      </trkpt>
      <trkpt lat="37.52535109408199787139892578125" lon="127.05726563930511474609375">
        <ele>21.3999996185302734375</ele>
        <time>2026-09-06T10:06:58.000Z</time>
        <extensions>
          <ns3:TrackPointExtension>
            <ns3:hr>150</ns3:hr>
            <ns3:cad>87</ns3:cad>
          </ns3:TrackPointExtension>
        </extensions>
      </trkpt>
      <trkpt lat="37.525369785726070404052734375" lon="127.0572346262633800506591796875">
        <ele>21.3999996185302734375</ele>
        <time>2026-09-06T10:06:59.000Z</time>
        <extensions>
          <ns3:TrackPointExtension>
            <ns3:hr>150</ns3:hr>
            <ns3:cad>87</ns3:cad>
          </ns3:TrackPointExtension>
        </extensions>
      </trkpt>
      <trkpt lat="37.52539752982556819915771484375" lon="127.05719682388007640838623046875">
        <ele>21.3999996185302734375</ele>
        <time>2026-09-06T10:07:00.000Z</time>
        <extensions>
          <ns3:TrackPointExtension>
            <ns3:hr>150</ns3:hr>
            <ns3:cad>88</ns3:cad>
          </ns3:TrackPointExtension>
        </extensions>
      </trkpt>
      <trkpt lat="37.5254189036786556243896484375" lon="127.05716497264802455902099609375">
        <ele>21.3999996185302734375</ele>
        <time>2026-09-06T10:07:01.000Z</time>
        <extensions>
          <ns3:TrackPointExtension>
            <ns3:hr>150</ns3:hr>
            <ns3:cad>88</ns3:cad>
          </ns3:TrackPointExtension>
        </extensions>
      </trkpt>
      <trkpt lat="37.525444217026233673095703125" lon="127.05712809227406978607177734375">
        <ele>21.6000003814697265625</ele>
        <time>2026-09-06T10:07:02.000Z</time>
        <extensions>
          <ns3:TrackPointExtension>
            <ns3:hr>150</ns3:hr>
            <ns3:cad>87</ns3:cad>
          </ns3:TrackPointExtension>
        </extensions>
      </trkpt>
      <trkpt lat="37.52547112293541431427001953125" lon="127.057094313204288482666015625">
        <ele>21.6000003814697265625</ele>
        <time>2026-09-06T10:07:03.000Z</time>
        <extensions>
          <ns3:TrackPointExtension>
            <ns3:hr>150</ns3:hr>
            <ns3:cad>87</ns3:cad>
          </ns3:TrackPointExtension>
        </extensions>
      </trkpt>
      <trkpt lat="37.52549325115978717803955078125" lon="127.057056091725826263427734375">
        <ele>21.6000003814697265625</ele>
        <time>2026-09-06T10:07:04.000Z</time>
        <extensions>
          <ns3:TrackPointExtension>
            <ns3:hr>150</ns3:hr>
            <ns3:cad>87</ns3:cad>
          </ns3:TrackPointExtension>
        </extensions>
      </trkpt>
      <trkpt lat="37.52552032470703125" lon="127.0570213906466960906982421875">
        <ele>21.799999237060546875</ele>
        <time>2026-09-06T10:07:05.000Z</time>
        <extensions>
          <ns3:TrackPointExtension>
            <ns3:hr>150</ns3:hr>
            <ns3:cad>87</ns3:cad>
          </ns3:TrackPointExtension>
        </extensions>
      </trkpt>
      <trkpt lat="37.5255379267036914825439453125" lon="127.05699331127107143402099609375">
        <ele>21.6000003814697265625</ele>
        <time>2026-09-06T10:07:06.000Z</time>
        <extensions>
          <ns3:TrackPointExtension>
            <ns3:hr>151</ns3:hr>
            <ns3:cad>88</ns3:cad>
          </ns3:TrackPointExtension>
        </extensions>
      </trkpt>
      <trkpt lat="37.525567598640918731689453125" lon="127.05695517361164093017578125">
        <ele>21.6000003814697265625</ele>
        <time>2026-09-06T10:07:07.000Z</time>
        <extensions>
          <ns3:TrackPointExtension>
            <ns3:hr>150</ns3:hr>
            <ns3:cad>88</ns3:cad>
          </ns3:TrackPointExtension>
        </extensions>
      </trkpt>
      <trkpt lat="37.5255878828465938568115234375" lon="127.0569278486073017120361328125">
        <ele>21.6000003814697265625</ele>
        <time>2026-09-06T10:07:08.000Z</time>
        <extensions>
          <ns3:TrackPointExtension>
            <ns3:hr>150</ns3:hr>
            <ns3:cad>87</ns3:cad>
          </ns3:TrackPointExtension>
        </extensions>
      </trkpt>
      <trkpt lat="37.52561889588832855224609375" lon="127.056887783110141754150390625">
        <ele>21.3999996185302734375</ele>
        <time>2026-09-06T10:07:09.000Z</time>
        <extensions>
          <ns3:TrackPointExtension>
            <ns3:hr>151</ns3:hr>
            <ns3:cad>87</ns3:cad>
          </ns3:TrackPointExtension>
        </extensions>
      </trkpt>
      <trkpt lat="37.52564110793173313140869140625" lon="127.05686439760029315948486328125">
        <ele>21.3999996185302734375</ele>
        <time>2026-09-06T10:07:10.000Z</time>
        <extensions>
          <ns3:TrackPointExtension>
            <ns3:hr>151</ns3:hr>
            <ns3:cad>87</ns3:cad>
          </ns3:TrackPointExtension>
        </extensions>
      </trkpt>
      <trkpt lat="37.52567589282989501953125" lon="127.05682768486440181732177734375">
        <ele>21.3999996185302734375</ele>
        <time>2026-09-06T10:07:11.000Z</time>
        <extensions>
          <ns3:TrackPointExtension>
            <ns3:hr>151</ns3:hr>
            <ns3:cad>88</ns3:cad>
          </ns3:TrackPointExtension>
        </extensions>
      </trkpt>
      <trkpt lat="37.5256978534162044525146484375" lon="127.0568017847836017608642578125">
        <ele>21.3999996185302734375</ele>
        <time>2026-09-06T10:07:12.000Z</time>
        <extensions>
          <ns3:TrackPointExtension>
            <ns3:hr>151</ns3:hr>
            <ns3:cad>88</ns3:cad>
          </ns3:TrackPointExtension>
        </extensions>
      </trkpt>
      <trkpt lat="37.52572459168732166290283203125" lon="127.05676951445639133453369140625">
        <ele>21.3999996185302734375</ele>
        <time>2026-09-06T10:07:13.000Z</time>
        <extensions>
          <ns3:TrackPointExtension>
            <ns3:hr>151</ns3:hr>
            <ns3:cad>88</ns3:cad>
          </ns3:TrackPointExtension>
        </extensions>
      </trkpt>
      <trkpt lat="37.52574604935944080352783203125" lon="127.056738920509815216064453125">
        <ele>21.200000762939453125</ele>
        <time>2026-09-06T10:07:14.000Z</time>
        <extensions>
          <ns3:TrackPointExtension>
            <ns3:hr>151</ns3:hr>
            <ns3:cad>89</ns3:cad>
          </ns3:TrackPointExtension>
        </extensions>
      </trkpt>
      <trkpt lat="37.525772787630558013916015625" lon="127.0567055605351924896240234375">
        <ele>21.3999996185302734375</ele>
        <time>2026-09-06T10:07:15.000Z</time>
        <extensions>
          <ns3:TrackPointExtension>
            <ns3:hr>151</ns3:hr>
            <ns3:cad>88</ns3:cad>
          </ns3:TrackPointExtension>
        </extensions>
      </trkpt>
      <trkpt lat="37.52579818479716777801513671875" lon="127.0566753856837749481201171875">
        <ele>21.200000762939453125</ele>
        <time>2026-09-06T10:07:16.000Z</time>
        <extensions>
          <ns3:TrackPointExtension>
            <ns3:hr>151</ns3:hr>
            <ns3:cad>88</ns3:cad>
          </ns3:TrackPointExtension>
        </extensions>
      </trkpt>
      <trkpt lat="37.52582534216344356536865234375" lon="127.056645713746547698974609375">
        <ele>21.200000762939453125</ele>
        <time>2026-09-06T10:07:17.000Z</time>
        <extensions>
          <ns3:TrackPointExtension>
            <ns3:hr>152</ns3:hr>
            <ns3:cad>88</ns3:cad>
          </ns3:TrackPointExtension>
        </extensions>
      </trkpt>
      <trkpt lat="37.52585451118648052215576171875" lon="127.0566204003989696502685546875">
        <ele>21.200000762939453125</ele>
        <time>2026-09-06T10:07:18.000Z</time>
        <extensions>
          <ns3:TrackPointExtension>
            <ns3:hr>152</ns3:hr>
            <ns3:cad>88</ns3:cad>
          </ns3:TrackPointExtension>
        </extensions>
      </trkpt>
      <trkpt lat="37.525874041020870208740234375" lon="127.0565942488610744476318359375">
        <ele>21.3999996185302734375</ele>
        <time>2026-09-06T10:07:19.000Z</time>
        <extensions>
          <ns3:TrackPointExtension>
            <ns3:hr>152</ns3:hr>
            <ns3:cad>88</ns3:cad>
          </ns3:TrackPointExtension>
        </extensions>
      </trkpt>
      <trkpt lat="37.525903880596160888671875" lon="127.05656549893319606781005859375">
        <ele>21.200000762939453125</ele>
        <time>2026-09-06T10:07:20.000Z</time>
        <extensions>
          <ns3:TrackPointExtension>
            <ns3:hr>152</ns3:hr>
            <ns3:cad>88</ns3:cad>
          </ns3:TrackPointExtension>
        </extensions>
      </trkpt>
      <trkpt lat="37.5259241648018360137939453125" lon="127.0565409399569034576416015625">
        <ele>21.200000762939453125</ele>
        <time>2026-09-06T10:07:21.000Z</time>
        <extensions>
          <ns3:TrackPointExtension>
            <ns3:hr>152</ns3:hr>
            <ns3:cad>88</ns3:cad>
          </ns3:TrackPointExtension>
        </extensions>
      </trkpt>
      <trkpt lat="37.52595710568130016326904296875" lon="127.05650850199162960052490234375">
        <ele>21.200000762939453125</ele>
        <time>2026-09-06T10:07:22.000Z</time>
        <extensions>
          <ns3:TrackPointExtension>
            <ns3:hr>152</ns3:hr>
            <ns3:cad>88</ns3:cad>
          </ns3:TrackPointExtension>
        </extensions>
      </trkpt>
      <trkpt lat="37.52597504295408725738525390625" lon="127.0564856193959712982177734375">
        <ele>21.200000762939453125</ele>
        <time>2026-09-06T10:07:23.000Z</time>
        <extensions>
          <ns3:TrackPointExtension>
            <ns3:hr>152</ns3:hr>
            <ns3:cad>87</ns3:cad>
          </ns3:TrackPointExtension>
        </extensions>
      </trkpt>
      <trkpt lat="37.52600873820483684539794921875" lon="127.0564489066600799560546875">
        <ele>21.200000762939453125</ele>
        <time>2026-09-06T10:07:24.000Z</time>
        <extensions>
          <ns3:TrackPointExtension>
            <ns3:hr>152</ns3:hr>
            <ns3:cad>87</ns3:cad>
          </ns3:TrackPointExtension>
        </extensions>
      </trkpt>
      <trkpt lat="37.526032291352748870849609375" lon="127.05641831271350383758544921875">
        <ele>21.200000762939453125</ele>
        <time>2026-09-06T10:07:25.000Z</time>
        <extensions>
          <ns3:TrackPointExtension>
            <ns3:hr>152</ns3:hr>
            <ns3:cad>87</ns3:cad>
          </ns3:TrackPointExtension>
        </extensions>
      </trkpt>
      <trkpt lat="37.526065148413181304931640625" lon="127.05637958832085132598876953125">
        <ele>21.200000762939453125</ele>
        <time>2026-09-06T10:07:26.000Z</time>
        <extensions>
          <ns3:TrackPointExtension>
            <ns3:hr>151</ns3:hr>
            <ns3:cad>87</ns3:cad>
          </ns3:TrackPointExtension>
        </extensions>
      </trkpt>
      <trkpt lat="37.5260849297046661376953125" lon="127.05634974874556064605712890625">
        <ele>21.3999996185302734375</ele>
        <time>2026-09-06T10:07:27.000Z</time>
        <extensions>
          <ns3:TrackPointExtension>
            <ns3:hr>152</ns3:hr>
            <ns3:cad>87</ns3:cad>
          </ns3:TrackPointExtension>
        </extensions>
      </trkpt>
      <trkpt lat="37.5261115841567516326904296875" lon="127.0563176460564136505126953125">
        <ele>21.200000762939453125</ele>
        <time>2026-09-06T10:07:28.000Z</time>
        <extensions>
          <ns3:TrackPointExtension>
            <ns3:hr>152</ns3:hr>
            <ns3:cad>87</ns3:cad>
          </ns3:TrackPointExtension>
        </extensions>
      </trkpt>
      <trkpt lat="37.5261387415230274200439453125" lon="127.05628856085240840911865234375">
        <ele>21.200000762939453125</ele>
        <time>2026-09-06T10:07:29.000Z</time>
        <extensions>
          <ns3:TrackPointExtension>
            <ns3:hr>152</ns3:hr>
            <ns3:cad>88</ns3:cad>
          </ns3:TrackPointExtension>
        </extensions>
      </trkpt>
      <trkpt lat="37.5261615402996540069580078125" lon="127.05625872127711772918701171875">
        <ele>21.200000762939453125</ele>
        <time>2026-09-06T10:07:30.000Z</time>
        <extensions>
          <ns3:TrackPointExtension>
            <ns3:hr>152</ns3:hr>
            <ns3:cad>88</ns3:cad>
          </ns3:TrackPointExtension>
        </extensions>
      </trkpt>
      <trkpt lat="37.52618844620883464813232421875" lon="127.05622963607311248779296875">
        <ele>21.200000762939453125</ele>
        <time>2026-09-06T10:07:31.000Z</time>
        <extensions>
          <ns3:TrackPointExtension>
            <ns3:hr>152</ns3:hr>
            <ns3:cad>88</ns3:cad>
          </ns3:TrackPointExtension>
        </extensions>
      </trkpt>
      <trkpt lat="37.52621158026158809661865234375" lon="127.056201808154582977294921875">
        <ele>21.200000762939453125</ele>
        <time>2026-09-06T10:07:32.000Z</time>
        <extensions>
          <ns3:TrackPointExtension>
            <ns3:hr>153</ns3:hr>
            <ns3:cad>87</ns3:cad>
          </ns3:TrackPointExtension>
        </extensions>
      </trkpt>
      <trkpt lat="37.526241838932037353515625" lon="127.056174315512180328369140625">
        <ele>21.200000762939453125</ele>
        <time>2026-09-06T10:07:33.000Z</time>
        <extensions>
          <ns3:TrackPointExtension>
            <ns3:hr>153</ns3:hr>
            <ns3:cad>87</ns3:cad>
          </ns3:TrackPointExtension>
        </extensions>
      </trkpt>
      <trkpt lat="37.52626187168061733245849609375" lon="127.05614623613655567169189453125">
        <ele>21.3999996185302734375</ele>
        <time>2026-09-06T10:07:34.000Z</time>
        <extensions>
          <ns3:TrackPointExtension>
            <ns3:hr>152</ns3:hr>
            <ns3:cad>87</ns3:cad>
          </ns3:TrackPointExtension>
        </extensions>
      </trkpt>
      <trkpt lat="37.52629187889397144317626953125" lon="127.056116648018360137939453125">
        <ele>21.3999996185302734375</ele>
        <time>2026-09-06T10:07:35.000Z</time>
        <extensions>
          <ns3:TrackPointExtension>
            <ns3:hr>153</ns3:hr>
            <ns3:cad>88</ns3:cad>
          </ns3:TrackPointExtension>
        </extensions>
      </trkpt>
      <trkpt lat="37.5263120792806148529052734375" lon="127.056089155375957489013671875">
        <ele>21.6000003814697265625</ele>
        <time>2026-09-06T10:07:36.000Z</time>
        <extensions>
          <ns3:TrackPointExtension>
            <ns3:hr>153</ns3:hr>
            <ns3:cad>88</ns3:cad>
          </ns3:TrackPointExtension>
        </extensions>
      </trkpt>
      <trkpt lat="37.52635004930198192596435546875" lon="127.05605705268681049346923828125">
        <ele>21.3999996185302734375</ele>
        <time>2026-09-06T10:07:37.000Z</time>
        <extensions>
          <ns3:TrackPointExtension>
            <ns3:hr>153</ns3:hr>
            <ns3:cad>88</ns3:cad>
          </ns3:TrackPointExtension>
        </extensions>
      </trkpt>
      <trkpt lat="37.526372931897640228271484375" lon="127.05603525973856449127197265625">
        <ele>21.3999996185302734375</ele>
        <time>2026-09-06T10:07:38.000Z</time>
        <extensions>
          <ns3:TrackPointExtension>
            <ns3:hr>153</ns3:hr>
            <ns3:cad>88</ns3:cad>
          </ns3:TrackPointExtension>
        </extensions>
      </trkpt>
      <trkpt lat="37.5264069624245166778564453125" lon="127.0560014806687831878662109375">
        <ele>21.6000003814697265625</ele>
        <time>2026-09-06T10:07:39.000Z</time>
        <extensions>
          <ns3:TrackPointExtension>
            <ns3:hr>153</ns3:hr>
            <ns3:cad>88</ns3:cad>
          </ns3:TrackPointExtension>
        </extensions>
      </trkpt>
      <trkpt lat="37.5264317728579044342041015625" lon="127.05597859807312488555908203125">
        <ele>21.6000003814697265625</ele>
        <time>2026-09-06T10:07:40.000Z</time>
        <extensions>
          <ns3:TrackPointExtension>
            <ns3:hr>153</ns3:hr>
            <ns3:cad>88</ns3:cad>
          </ns3:TrackPointExtension>
        </extensions>
      </trkpt>
      <trkpt lat="37.52646169625222682952880859375" lon="127.05594959668815135955810546875">
        <ele>21.799999237060546875</ele>
        <time>2026-09-06T10:07:41.000Z</time>
        <extensions>
          <ns3:TrackPointExtension>
            <ns3:hr>153</ns3:hr>
            <ns3:cad>88</ns3:cad>
          </ns3:TrackPointExtension>
        </extensions>
      </trkpt>
      <trkpt lat="37.52648298628628253936767578125" lon="127.05592277459800243377685546875">
        <ele>21.799999237060546875</ele>
        <time>2026-09-06T10:07:42.000Z</time>
        <extensions>
          <ns3:TrackPointExtension>
            <ns3:hr>153</ns3:hr>
            <ns3:cad>88</ns3:cad>
          </ns3:TrackPointExtension>
        </extensions>
      </trkpt>
      <trkpt lat="37.526509054005146026611328125" lon="127.0558925159275531768798828125">
        <ele>21.799999237060546875</ele>
        <time>2026-09-06T10:07:43.000Z</time>
        <extensions>
          <ns3:TrackPointExtension>
            <ns3:hr>153</ns3:hr>
            <ns3:cad>88</ns3:cad>
          </ns3:TrackPointExtension>
        </extensions>
      </trkpt>
      <trkpt lat="37.526535205543041229248046875" lon="127.05586829222738742828369140625">
        <ele>21.799999237060546875</ele>
        <time>2026-09-06T10:07:44.000Z</time>
        <extensions>
          <ns3:TrackPointExtension>
            <ns3:hr>152</ns3:hr>
            <ns3:cad>88</ns3:cad>
          </ns3:TrackPointExtension>
        </extensions>
      </trkpt>
      <trkpt lat="37.52656127326190471649169921875" lon="127.0558400452136993408203125">
        <ele>22</ele>
        <time>2026-09-06T10:07:45.000Z</time>
        <extensions>
          <ns3:TrackPointExtension>
            <ns3:hr>152</ns3:hr>
            <ns3:cad>88</ns3:cad>
          </ns3:TrackPointExtension>
        </extensions>
      </trkpt>
      <trkpt lat="37.52658943645656108856201171875" lon="127.0558110438287258148193359375">
        <ele>22</ele>
        <time>2026-09-06T10:07:46.000Z</time>
        <extensions>
          <ns3:TrackPointExtension>
            <ns3:hr>153</ns3:hr>
            <ns3:cad>88</ns3:cad>
          </ns3:TrackPointExtension>
        </extensions>
      </trkpt>
      <trkpt lat="37.52661039121448993682861328125" lon="127.0557798631489276885986328125">
        <ele>21.799999237060546875</ele>
        <time>2026-09-06T10:07:47.000Z</time>
        <extensions>
          <ns3:TrackPointExtension>
            <ns3:hr>153</ns3:hr>
            <ns3:cad>88</ns3:cad>
          </ns3:TrackPointExtension>
        </extensions>
      </trkpt>
      <trkpt lat="37.5266372971236705780029296875" lon="127.05574675463140010833740234375">
        <ele>21.799999237060546875</ele>
        <time>2026-09-06T10:07:48.000Z</time>
        <extensions>
          <ns3:TrackPointExtension>
            <ns3:hr>153</ns3:hr>
            <ns3:cad>88</ns3:cad>
          </ns3:TrackPointExtension>
        </extensions>
      </trkpt>
      <trkpt lat="37.52665691077709197998046875" lon="127.0557191781699657440185546875">
        <ele>21.6000003814697265625</ele>
        <time>2026-09-06T10:07:49.000Z</time>
        <extensions>
          <ns3:TrackPointExtension>
            <ns3:hr>153</ns3:hr>
            <ns3:cad>88</ns3:cad>
          </ns3:TrackPointExtension>
        </extensions>
      </trkpt>
      <trkpt lat="37.52669085748493671417236328125" lon="127.05569009296596050262451171875">
        <ele>21.200000762939453125</ele>
        <time>2026-09-06T10:07:50.000Z</time>
        <extensions>
          <ns3:TrackPointExtension>
            <ns3:hr>153</ns3:hr>
            <ns3:cad>87</ns3:cad>
          </ns3:TrackPointExtension>
        </extensions>
      </trkpt>
      <trkpt lat="37.526708543300628662109375" lon="127.05566503107547760009765625">
        <ele>21.200000762939453125</ele>
        <time>2026-09-06T10:07:51.000Z</time>
        <extensions>
          <ns3:TrackPointExtension>
            <ns3:hr>152</ns3:hr>
            <ns3:cad>87</ns3:cad>
          </ns3:TrackPointExtension>
        </extensions>
      </trkpt>
      <trkpt lat="37.5267321802675724029541015625" lon="127.05563242547214031219482421875">
        <ele>21.200000762939453125</ele>
        <time>2026-09-06T10:07:52.000Z</time>
        <extensions>
          <ns3:TrackPointExtension>
            <ns3:hr>152</ns3:hr>
            <ns3:cad>87</ns3:cad>
          </ns3:TrackPointExtension>
        </extensions>
      </trkpt>
      <trkpt lat="37.52675053663551807403564453125" lon="127.05560468137264251708984375">
        <ele>21.200000762939453125</ele>
        <time>2026-09-06T10:07:53.000Z</time>
        <extensions>
          <ns3:TrackPointExtension>
            <ns3:hr>152</ns3:hr>
            <ns3:cad>87</ns3:cad>
          </ns3:TrackPointExtension>
        </extensions>
      </trkpt>
      <trkpt lat="37.52678439952433109283447265625" lon="127.05557710491120815277099609375">
        <ele>21.200000762939453125</ele>
        <time>2026-09-06T10:07:54.000Z</time>
        <extensions>
          <ns3:TrackPointExtension>
            <ns3:hr>152</ns3:hr>
            <ns3:cad>87</ns3:cad>
          </ns3:TrackPointExtension>
        </extensions>
      </trkpt>
      <trkpt lat="37.52681155689060688018798828125" lon="127.05555380322039127349853515625">
        <ele>21.200000762939453125</ele>
        <time>2026-09-06T10:07:55.000Z</time>
        <extensions>
          <ns3:TrackPointExtension>
            <ns3:hr>153</ns3:hr>
            <ns3:cad>87</ns3:cad>
          </ns3:TrackPointExtension>
        </extensions>
      </trkpt>
      <trkpt lat="37.52683687023818492889404296875" lon="127.0555240474641323089599609375">
        <ele>21.200000762939453125</ele>
        <time>2026-09-06T10:07:56.000Z</time>
        <extensions>
          <ns3:TrackPointExtension>
            <ns3:hr>153</ns3:hr>
            <ns3:cad>87</ns3:cad>
          </ns3:TrackPointExtension>
        </extensions>
      </trkpt>
      <trkpt lat="37.5268646143376827239990234375" lon="127.05550099723041057586669921875">
        <ele>21</ele>
        <time>2026-09-06T10:07:57.000Z</time>
        <extensions>
          <ns3:TrackPointExtension>
            <ns3:hr>153</ns3:hr>
            <ns3:cad>87</ns3:cad>
          </ns3:TrackPointExtension>
        </extensions>
      </trkpt>
      <trkpt lat="37.5268823839724063873291015625" lon="127.05547593533992767333984375">
        <ele>21.200000762939453125</ele>
        <time>2026-09-06T10:07:58.000Z</time>
        <extensions>
          <ns3:TrackPointExtension>
            <ns3:hr>154</ns3:hr>
            <ns3:cad>87</ns3:cad>
          </ns3:TrackPointExtension>
        </extensions>
      </trkpt>
      <trkpt lat="37.52691281028091907501220703125" lon="127.0554457604885101318359375">
        <ele>21.200000762939453125</ele>
        <time>2026-09-06T10:07:59.000Z</time>
        <extensions>
          <ns3:TrackPointExtension>
            <ns3:hr>154</ns3:hr>
            <ns3:cad>87</ns3:cad>
          </ns3:TrackPointExtension>
        </extensions>
      </trkpt>
      <trkpt lat="37.52693627960979938507080078125" lon="127.0554207824170589447021484375">
        <ele>21.200000762939453125</ele>
        <time>2026-09-06T10:08:00.000Z</time>
        <extensions>
          <ns3:TrackPointExtension>
            <ns3:hr>154</ns3:hr>
            <ns3:cad>87</ns3:cad>
          </ns3:TrackPointExtension>
        </extensions>
      </trkpt>
      <trkpt lat="37.52697148360311985015869140625" lon="127.055385746061801910400390625">
        <ele>21.200000762939453125</ele>
        <time>2026-09-06T10:08:01.000Z</time>
        <extensions>
          <ns3:TrackPointExtension>
            <ns3:hr>154</ns3:hr>
            <ns3:cad>87</ns3:cad>
          </ns3:TrackPointExtension>
        </extensions>
      </trkpt>
      <trkpt lat="37.52699394710361957550048828125" lon="127.05536236055195331573486328125">
        <ele>21.200000762939453125</ele>
        <time>2026-09-06T10:08:02.000Z</time>
        <extensions>
          <ns3:TrackPointExtension>
            <ns3:hr>155</ns3:hr>
            <ns3:cad>87</ns3:cad>
          </ns3:TrackPointExtension>
        </extensions>
      </trkpt>
      <trkpt lat="37.527030073106288909912109375" lon="127.05534257926046848297119140625">
        <ele>21.200000762939453125</ele>
        <time>2026-09-06T10:08:03.000Z</time>
        <extensions>
          <ns3:TrackPointExtension>
            <ns3:hr>155</ns3:hr>
            <ns3:cad>87</ns3:cad>
          </ns3:TrackPointExtension>
        </extensions>
      </trkpt>
      <trkpt lat="37.52705253660678863525390625" lon="127.0553081296384334564208984375">
        <ele>21.200000762939453125</ele>
        <time>2026-09-06T10:08:04.000Z</time>
        <extensions>
          <ns3:TrackPointExtension>
            <ns3:hr>155</ns3:hr>
            <ns3:cad>87</ns3:cad>
          </ns3:TrackPointExtension>
        </extensions>
      </trkpt>
      <trkpt lat="37.5270795263350009918212890625" lon="127.05527619458734989166259765625">
        <ele>21</ele>
        <time>2026-09-06T10:08:05.000Z</time>
        <extensions>
          <ns3:TrackPointExtension>
            <ns3:hr>156</ns3:hr>
            <ns3:cad>87</ns3:cad>
          </ns3:TrackPointExtension>
        </extensions>
      </trkpt>
      <trkpt lat="37.527109198272228240966796875" lon="127.05525004304945468902587890625">
        <ele>21</ele>
        <time>2026-09-06T10:08:06.000Z</time>
        <extensions>
          <ns3:TrackPointExtension>
            <ns3:hr>156</ns3:hr>
            <ns3:cad>87</ns3:cad>
          </ns3:TrackPointExtension>
        </extensions>
      </trkpt>
      <trkpt lat="37.5271358527243137359619140625" lon="127.05522456206381320953369140625">
        <ele>20.799999237060546875</ele>
        <time>2026-09-06T10:08:07.000Z</time>
        <extensions>
          <ns3:TrackPointExtension>
            <ns3:hr>156</ns3:hr>
            <ns3:cad>87</ns3:cad>
          </ns3:TrackPointExtension>
        </extensions>
      </trkpt>
      <trkpt lat="37.527158148586750030517578125" lon="127.05519572831690311431884765625">
        <ele>21</ele>
        <time>2026-09-06T10:08:08.000Z</time>
        <extensions>
          <ns3:TrackPointExtension>
            <ns3:hr>156</ns3:hr>
            <ns3:cad>87</ns3:cad>
          </ns3:TrackPointExtension>
        </extensions>
      </trkpt>
      <trkpt lat="37.52717792987823486328125" lon="127.05516722984611988067626953125">
        <ele>21</ele>
        <time>2026-09-06T10:08:09.000Z</time>
        <extensions>
          <ns3:TrackPointExtension>
            <ns3:hr>156</ns3:hr>
            <ns3:cad>87</ns3:cad>
          </ns3:TrackPointExtension>
        </extensions>
      </trkpt>
      <trkpt lat="37.5272129662334918975830078125" lon="127.0551482029259204864501953125">
        <ele>21</ele>
        <time>2026-09-06T10:08:10.000Z</time>
        <extensions>
          <ns3:TrackPointExtension>
            <ns3:hr>156</ns3:hr>
            <ns3:cad>87</ns3:cad>
          </ns3:TrackPointExtension>
        </extensions>
      </trkpt>
      <trkpt lat="37.527229897677898406982421875" lon="127.0551287569105625152587890625">
        <ele>21</ele>
        <time>2026-09-06T10:08:11.000Z</time>
        <extensions>
          <ns3:TrackPointExtension>
            <ns3:hr>156</ns3:hr>
            <ns3:cad>87</ns3:cad>
          </ns3:TrackPointExtension>
        </extensions>
      </trkpt>
      <trkpt lat="37.52725864760577678680419921875" lon="127.0550962351262569427490234375">
        <ele>21.200000762939453125</ele>
        <time>2026-09-06T10:08:12.000Z</time>
        <extensions>
          <ns3:TrackPointExtension>
            <ns3:hr>155</ns3:hr>
            <ns3:cad>87</ns3:cad>
          </ns3:TrackPointExtension>
        </extensions>
      </trkpt>
      <trkpt lat="37.52727759070694446563720703125" lon="127.05506597645580768585205078125">
        <ele>21.200000762939453125</ele>
        <time>2026-09-06T10:08:13.000Z</time>
        <extensions>
          <ns3:TrackPointExtension>
            <ns3:hr>155</ns3:hr>
            <ns3:cad>87</ns3:cad>
          </ns3:TrackPointExtension>
        </extensions>
      </trkpt>
      <trkpt lat="37.5273055024445056915283203125" lon="127.05503026954829692840576171875">
        <ele>21.3999996185302734375</ele>
        <time>2026-09-06T10:08:14.000Z</time>
        <extensions>
          <ns3:TrackPointExtension>
            <ns3:hr>155</ns3:hr>
            <ns3:cad>87</ns3:cad>
          </ns3:TrackPointExtension>
        </extensions>
      </trkpt>
      <trkpt lat="37.5273215956985950469970703125" lon="127.05500210635364055633544921875">
        <ele>21.6000003814697265625</ele>
        <time>2026-09-06T10:08:15.000Z</time>
        <extensions>
          <ns3:TrackPointExtension>
            <ns3:hr>155</ns3:hr>
            <ns3:cad>87</ns3:cad>
          </ns3:TrackPointExtension>
        </extensions>
      </trkpt>
      <trkpt lat="37.52734959125518798828125" lon="127.054961286485195159912109375">
        <ele>21.3999996185302734375</ele>
        <time>2026-09-06T10:08:16.000Z</time>
        <extensions>
          <ns3:TrackPointExtension>
            <ns3:hr>155</ns3:hr>
            <ns3:cad>87</ns3:cad>
          </ns3:TrackPointExtension>
        </extensions>
      </trkpt>
      <trkpt lat="37.527373395860195159912109375" lon="127.05492717213928699493408203125">
        <ele>21.3999996185302734375</ele>
        <time>2026-09-06T10:08:17.000Z</time>
        <extensions>
          <ns3:TrackPointExtension>
            <ns3:hr>155</ns3:hr>
            <ns3:cad>87</ns3:cad>
          </ns3:TrackPointExtension>
        </extensions>
      </trkpt>
      <trkpt lat="37.5274050794541835784912109375" lon="127.0548853464424610137939453125">
        <ele>21.3999996185302734375</ele>
        <time>2026-09-06T10:08:18.000Z</time>
        <extensions>
          <ns3:TrackPointExtension>
            <ns3:hr>155</ns3:hr>
            <ns3:cad>87</ns3:cad>
          </ns3:TrackPointExtension>
        </extensions>
      </trkpt>
      <trkpt lat="37.527431063354015350341796875" lon="127.05485324375331401824951171875">
        <ele>21.200000762939453125</ele>
        <time>2026-09-06T10:08:19.000Z</time>
        <extensions>
          <ns3:TrackPointExtension>
            <ns3:hr>155</ns3:hr>
            <ns3:cad>86</ns3:cad>
          </ns3:TrackPointExtension>
        </extensions>
      </trkpt>
      <trkpt lat="37.5274607352912425994873046875" lon="127.05481686629354953765869140625">
        <ele>21</ele>
        <time>2026-09-06T10:08:20.000Z</time>
        <extensions>
          <ns3:TrackPointExtension>
            <ns3:hr>155</ns3:hr>
            <ns3:cad>86</ns3:cad>
          </ns3:TrackPointExtension>
        </extensions>
      </trkpt>
      <trkpt lat="37.52748965285718441009521484375" lon="127.05478660762310028076171875">
        <ele>20.799999237060546875</ele>
        <time>2026-09-06T10:08:21.000Z</time>
        <extensions>
          <ns3:TrackPointExtension>
            <ns3:hr>154</ns3:hr>
            <ns3:cad>86</ns3:cad>
          </ns3:TrackPointExtension>
        </extensions>
      </trkpt>
      <trkpt lat="37.52750926651060581207275390625" lon="127.0547592826187610626220703125">
        <ele>20.799999237060546875</ele>
        <time>2026-09-06T10:08:22.000Z</time>
        <extensions>
          <ns3:TrackPointExtension>
            <ns3:hr>154</ns3:hr>
            <ns3:cad>88</ns3:cad>
          </ns3:TrackPointExtension>
        </extensions>
      </trkpt>
      <trkpt lat="37.52754874527454376220703125" lon="127.05473966896533966064453125">
        <ele>20.799999237060546875</ele>
        <time>2026-09-06T10:08:23.000Z</time>
        <extensions>
          <ns3:TrackPointExtension>
            <ns3:hr>154</ns3:hr>
            <ns3:cad>88</ns3:cad>
          </ns3:TrackPointExtension>
        </extensions>
      </trkpt>
      <trkpt lat="37.5275640003383159637451171875" lon="127.054713182151317596435546875">
        <ele>20.799999237060546875</ele>
        <time>2026-09-06T10:08:24.000Z</time>
        <extensions>
          <ns3:TrackPointExtension>
            <ns3:hr>154</ns3:hr>
            <ns3:cad>88</ns3:cad>
          </ns3:TrackPointExtension>
        </extensions>
      </trkpt>
      <trkpt lat="37.52759434282779693603515625" lon="127.05468309111893177032470703125">
        <ele>21</ele>
        <time>2026-09-06T10:08:25.000Z</time>
        <extensions>
          <ns3:TrackPointExtension>
            <ns3:hr>153</ns3:hr>
            <ns3:cad>88</ns3:cad>
          </ns3:TrackPointExtension>
        </extensions>
      </trkpt>
      <trkpt lat="37.52761035226285457611083984375" lon="127.05465861596167087554931640625">
        <ele>20.799999237060546875</ele>
        <time>2026-09-06T10:08:26.000Z</time>
        <extensions>
          <ns3:TrackPointExtension>
            <ns3:hr>153</ns3:hr>
            <ns3:cad>88</ns3:cad>
          </ns3:TrackPointExtension>
        </extensions>
      </trkpt>
      <trkpt lat="37.527641616761684417724609375" lon="127.05462760291993618011474609375">
        <ele>20.6000003814697265625</ele>
        <time>2026-09-06T10:08:27.000Z</time>
        <extensions>
          <ns3:TrackPointExtension>
            <ns3:hr>153</ns3:hr>
            <ns3:cad>88</ns3:cad>
          </ns3:TrackPointExtension>
        </extensions>
      </trkpt>
      <trkpt lat="37.527661062777042388916015625" lon="127.05459876917302608489990234375">
        <ele>20.6000003814697265625</ele>
        <time>2026-09-06T10:08:28.000Z</time>
        <extensions>
          <ns3:TrackPointExtension>
            <ns3:hr>153</ns3:hr>
            <ns3:cad>87</ns3:cad>
          </ns3:TrackPointExtension>
        </extensions>
      </trkpt>
      <trkpt lat="37.5276888906955718994140625" lon="127.0545631460845470428466796875">
        <ele>20.6000003814697265625</ele>
        <time>2026-09-06T10:08:29.000Z</time>
        <extensions>
          <ns3:TrackPointExtension>
            <ns3:hr>153</ns3:hr>
            <ns3:cad>86</ns3:cad>
          </ns3:TrackPointExtension>
        </extensions>
      </trkpt>
      <trkpt lat="37.52771244384348392486572265625" lon="127.05453456379473209381103515625">
        <ele>20.6000003814697265625</ele>
        <time>2026-09-06T10:08:30.000Z</time>
        <extensions>
          <ns3:TrackPointExtension>
            <ns3:hr>153</ns3:hr>
            <ns3:cad>86</ns3:cad>
          </ns3:TrackPointExtension>
        </extensions>
      </trkpt>
      <trkpt lat="37.52773624844849109649658203125" lon="127.05450807698071002960205078125">
        <ele>20.799999237060546875</ele>
        <time>2026-09-06T10:08:31.000Z</time>
        <extensions>
          <ns3:TrackPointExtension>
            <ns3:hr>153</ns3:hr>
            <ns3:cad>86</ns3:cad>
          </ns3:TrackPointExtension>
        </extensions>
      </trkpt>
      <trkpt lat="37.52776323817670345306396484375" lon="127.05448075197637081146240234375">
        <ele>21</ele>
        <time>2026-09-06T10:08:32.000Z</time>
        <extensions>
          <ns3:TrackPointExtension>
            <ns3:hr>153</ns3:hr>
            <ns3:cad>86</ns3:cad>
          </ns3:TrackPointExtension>
        </extensions>
      </trkpt>
      <trkpt lat="37.527781762182712554931640625" lon="127.054451666772365570068359375">
        <ele>21</ele>
        <time>2026-09-06T10:08:33.000Z</time>
        <extensions>
          <ns3:TrackPointExtension>
            <ns3:hr>153</ns3:hr>
            <ns3:cad>86</ns3:cad>
          </ns3:TrackPointExtension>
        </extensions>
      </trkpt>
      <trkpt lat="37.52780757844448089599609375" lon="127.05441780388355255126953125">
        <ele>21.200000762939453125</ele>
        <time>2026-09-06T10:08:34.000Z</time>
        <extensions>
          <ns3:TrackPointExtension>
            <ns3:hr>153</ns3:hr>
            <ns3:cad>86</ns3:cad>
          </ns3:TrackPointExtension>
        </extensions>
      </trkpt>
      <trkpt lat="37.52782224677503108978271484375" lon="127.05439223907887935638427734375">
        <ele>21</ele>
        <time>2026-09-06T10:08:35.000Z</time>
        <extensions>
          <ns3:TrackPointExtension>
            <ns3:hr>152</ns3:hr>
            <ns3:cad>87</ns3:cad>
          </ns3:TrackPointExtension>
        </extensions>
      </trkpt>
      <trkpt lat="37.52784906886518001556396484375" lon="127.05435485579073429107666015625">
        <ele>21</ele>
        <time>2026-09-06T10:08:36.000Z</time>
        <extensions>
          <ns3:TrackPointExtension>
            <ns3:hr>153</ns3:hr>
            <ns3:cad>87</ns3:cad>
          </ns3:TrackPointExtension>
        </extensions>
      </trkpt>
      <trkpt lat="37.52786792814731597900390625" lon="127.0543287880718708038330078125">
        <ele>20.799999237060546875</ele>
        <time>2026-09-06T10:08:37.000Z</time>
        <extensions>
          <ns3:TrackPointExtension>
            <ns3:hr>153</ns3:hr>
            <ns3:cad>87</ns3:cad>
          </ns3:TrackPointExtension>
        </extensions>
      </trkpt>
      <trkpt lat="37.52788779325783252716064453125" lon="127.0543012954294681549072265625">
        <ele>20.799999237060546875</ele>
        <time>2026-09-06T10:08:38.000Z</time>
        <extensions>
          <ns3:TrackPointExtension>
            <ns3:hr>153</ns3:hr>
            <ns3:cad>87</ns3:cad>
          </ns3:TrackPointExtension>
        </extensions>
      </trkpt>
      <trkpt lat="37.5279110111296176910400390625" lon="127.05427204258739948272705078125">
        <ele>20.799999237060546875</ele>
        <time>2026-09-06T10:08:39.000Z</time>
        <extensions>
          <ns3:TrackPointExtension>
            <ns3:hr>153</ns3:hr>
            <ns3:cad>87</ns3:cad>
          </ns3:TrackPointExtension>
        </extensions>
      </trkpt>
      <trkpt lat="37.52792500890791416168212890625" lon="127.05424438230693340301513671875">
        <ele>20.799999237060546875</ele>
        <time>2026-09-06T10:08:40.000Z</time>
        <extensions>
          <ns3:TrackPointExtension>
            <ns3:hr>153</ns3:hr>
            <ns3:cad>86</ns3:cad>
          </ns3:TrackPointExtension>
        </extensions>
      </trkpt>
      <trkpt lat="37.5279512442648410797119140625" lon="127.05420817248523235321044921875">
        <ele>20.799999237060546875</ele>
        <time>2026-09-06T10:08:41.000Z</time>
        <extensions>
          <ns3:TrackPointExtension>
            <ns3:hr>152</ns3:hr>
            <ns3:cad>86</ns3:cad>
          </ns3:TrackPointExtension>
        </extensions>
      </trkpt>
      <trkpt lat="37.52796859480440616607666015625" lon="127.05418688245117664337158203125">
        <ele>20.6000003814697265625</ele>
        <time>2026-09-06T10:08:42.000Z</time>
        <extensions>
          <ns3:TrackPointExtension>
            <ns3:hr>153</ns3:hr>
            <ns3:cad>86</ns3:cad>
          </ns3:TrackPointExtension>
        </extensions>
      </trkpt>
      <trkpt lat="37.52799843437969684600830078125" lon="127.05415369011461734771728515625">
        <ele>20.799999237060546875</ele>
        <time>2026-09-06T10:08:43.000Z</time>
        <extensions>
          <ns3:TrackPointExtension>
            <ns3:hr>152</ns3:hr>
            <ns3:cad>86</ns3:cad>
          </ns3:TrackPointExtension>
        </extensions>
      </trkpt>
      <trkpt lat="37.5280182994902133941650390625" lon="127.054122425615787506103515625">
        <ele>21</ele>
        <time>2026-09-06T10:08:44.000Z</time>
        <extensions>
          <ns3:TrackPointExtension>
            <ns3:hr>152</ns3:hr>
            <ns3:cad>85</ns3:cad>
          </ns3:TrackPointExtension>
        </extensions>
      </trkpt>
      <trkpt lat="37.52803380601108074188232421875" lon="127.0540885627269744873046875">
        <ele>21.200000762939453125</ele>
        <time>2026-09-06T10:08:45.000Z</time>
        <extensions>
          <ns3:TrackPointExtension>
            <ns3:hr>152</ns3:hr>
            <ns3:cad>85</ns3:cad>
          </ns3:TrackPointExtension>
        </extensions>
      </trkpt>
      <trkpt lat="37.52805543132126331329345703125" lon="127.05405863933265209197998046875">
        <ele>21</ele>
        <time>2026-09-06T10:08:46.000Z</time>
        <extensions>
          <ns3:TrackPointExtension>
            <ns3:hr>152</ns3:hr>
            <ns3:cad>86</ns3:cad>
          </ns3:TrackPointExtension>
        </extensions>
      </trkpt>
      <trkpt lat="37.52806716598570346832275390625" lon="127.05402863211929798126220703125">
        <ele>21</ele>
        <time>2026-09-06T10:08:47.000Z</time>
        <extensions>
          <ns3:TrackPointExtension>
            <ns3:hr>152</ns3:hr>
            <ns3:cad>86</ns3:cad>
          </ns3:TrackPointExtension>
        </extensions>
      </trkpt>
      <trkpt lat="37.52808518707752227783203125" lon="127.05398286692798137664794921875">
        <ele>20.799999237060546875</ele>
        <time>2026-09-06T10:08:48.000Z</time>
        <extensions>
          <ns3:TrackPointExtension>
            <ns3:hr>152</ns3:hr>
            <ns3:cad>86</ns3:cad>
          </ns3:TrackPointExtension>
        </extensions>
      </trkpt>
      <trkpt lat="37.52810060977935791015625" lon="127.0539552904665470123291015625">
        <ele>20.6000003814697265625</ele>
        <time>2026-09-06T10:08:49.000Z</time>
        <extensions>
          <ns3:TrackPointExtension>
            <ns3:hr>152</ns3:hr>
            <ns3:cad>86</ns3:cad>
          </ns3:TrackPointExtension>
        </extensions>
      </trkpt>
      <trkpt lat="37.5281286053359508514404296875" lon="127.05391799099743366241455078125">
        <ele>20.3999996185302734375</ele>
        <time>2026-09-06T10:08:50.000Z</time>
        <extensions>
          <ns3:TrackPointExtension>
            <ns3:hr>152</ns3:hr>
            <ns3:cad>86</ns3:cad>
          </ns3:TrackPointExtension>
        </extensions>
      </trkpt>
      <trkpt lat="37.5281473807990550994873046875" lon="127.0538892410695552825927734375">
        <ele>20.3999996185302734375</ele>
        <time>2026-09-06T10:08:51.000Z</time>
        <extensions>
          <ns3:TrackPointExtension>
            <ns3:hr>152</ns3:hr>
            <ns3:cad>86</ns3:cad>
          </ns3:TrackPointExtension>
        </extensions>
      </trkpt>
      <trkpt lat="37.5281671620905399322509765625" lon="127.05385453999042510986328125">
        <ele>20.3999996185302734375</ele>
        <time>2026-09-06T10:08:52.000Z</time>
        <extensions>
          <ns3:TrackPointExtension>
            <ns3:hr>152</ns3:hr>
            <ns3:cad>85</ns3:cad>
          </ns3:TrackPointExtension>
        </extensions>
      </trkpt>
      <trkpt lat="37.5281913019716739654541015625" lon="127.053822688758373260498046875">
        <ele>20.3999996185302734375</ele>
        <time>2026-09-06T10:08:53.000Z</time>
        <extensions>
          <ns3:TrackPointExtension>
            <ns3:hr>152</ns3:hr>
            <ns3:cad>85</ns3:cad>
          </ns3:TrackPointExtension>
        </extensions>
      </trkpt>
      <trkpt lat="37.52820345573127269744873046875" lon="127.0537980459630489349365234375">
        <ele>20.6000003814697265625</ele>
        <time>2026-09-06T10:08:54.000Z</time>
        <extensions>
          <ns3:TrackPointExtension>
            <ns3:hr>152</ns3:hr>
            <ns3:cad>85</ns3:cad>
          </ns3:TrackPointExtension>
        </extensions>
      </trkpt>
      <trkpt lat="37.5282318703830242156982421875" lon="127.05376091413199901580810546875">
        <ele>20.6000003814697265625</ele>
        <time>2026-09-06T10:08:55.000Z</time>
        <extensions>
          <ns3:TrackPointExtension>
            <ns3:hr>152</ns3:hr>
            <ns3:cad>85</ns3:cad>
          </ns3:TrackPointExtension>
        </extensions>
      </trkpt>
      <trkpt lat="37.528237067162990570068359375" lon="127.053734175860881805419921875">
        <ele>20.799999237060546875</ele>
        <time>2026-09-06T10:08:56.000Z</time>
        <extensions>
          <ns3:TrackPointExtension>
            <ns3:hr>152</ns3:hr>
            <ns3:cad>85</ns3:cad>
          </ns3:TrackPointExtension>
        </extensions>
      </trkpt>
      <trkpt lat="37.52826095558702945709228515625" lon="127.05369100905954837799072265625">
        <ele>20.799999237060546875</ele>
        <time>2026-09-06T10:08:57.000Z</time>
        <extensions>
          <ns3:TrackPointExtension>
            <ns3:hr>152</ns3:hr>
            <ns3:cad>85</ns3:cad>
          </ns3:TrackPointExtension>
        </extensions>
      </trkpt>
      <trkpt lat="37.528271935880184173583984375" lon="127.0536602474749088287353515625">
        <ele>21</ele>
        <time>2026-09-06T10:08:58.000Z</time>
        <extensions>
          <ns3:TrackPointExtension>
            <ns3:hr>152</ns3:hr>
            <ns3:cad>87</ns3:cad>
          </ns3:TrackPointExtension>
        </extensions>
      </trkpt>
      <trkpt lat="37.5282888673245906829833984375" lon="127.05362479202449321746826171875">
        <ele>21.200000762939453125</ele>
        <time>2026-09-06T10:08:59.000Z</time>
        <extensions>
          <ns3:TrackPointExtension>
            <ns3:hr>151</ns3:hr>
            <ns3:cad>87</ns3:cad>
          </ns3:TrackPointExtension>
        </extensions>
      </trkpt>
      <trkpt lat="37.52830655314028263092041015625" lon="127.05359570682048797607421875">
        <ele>21.200000762939453125</ele>
        <time>2026-09-06T10:09:00.000Z</time>
        <extensions>
          <ns3:TrackPointExtension>
            <ns3:hr>151</ns3:hr>
            <ns3:cad>87</ns3:cad>
          </ns3:TrackPointExtension>
        </extensions>
      </trkpt>
      <trkpt lat="37.528320886194705963134765625" lon="127.053564526140689849853515625">
        <ele>21</ele>
        <time>2026-09-06T10:09:01.000Z</time>
        <extensions>
          <ns3:TrackPointExtension>
            <ns3:hr>151</ns3:hr>
            <ns3:cad>86</ns3:cad>
          </ns3:TrackPointExtension>
        </extensions>
      </trkpt>
      <trkpt lat="37.52833689562976360321044921875" lon="127.05352353863418102264404296875">
        <ele>21</ele>
        <time>2026-09-06T10:09:02.000Z</time>
        <extensions>
          <ns3:TrackPointExtension>
            <ns3:hr>150</ns3:hr>
            <ns3:cad>86</ns3:cad>
          </ns3:TrackPointExtension>
        </extensions>
      </trkpt>
      <trkpt lat="37.52834125421941280364990234375" lon="127.0535023324191570281982421875">
        <ele>21</ele>
        <time>2026-09-06T10:09:03.000Z</time>
        <extensions>
          <ns3:TrackPointExtension>
            <ns3:hr>150</ns3:hr>
            <ns3:cad>86</ns3:cad>
          </ns3:TrackPointExtension>
        </extensions>
      </trkpt>
      <trkpt lat="37.5283586047589778900146484375" lon="127.05345229245722293853759765625">
        <ele>20.799999237060546875</ele>
        <time>2026-09-06T10:09:04.000Z</time>
        <extensions>
          <ns3:TrackPointExtension>
            <ns3:hr>150</ns3:hr>
            <ns3:cad>85</ns3:cad>
          </ns3:TrackPointExtension>
        </extensions>
      </trkpt>
      <trkpt lat="37.52836757339537143707275390625" lon="127.05342136323451995849609375">
        <ele>20.6000003814697265625</ele>
        <time>2026-09-06T10:09:05.000Z</time>
        <extensions>
          <ns3:TrackPointExtension>
            <ns3:hr>150</ns3:hr>
            <ns3:cad>85</ns3:cad>
          </ns3:TrackPointExtension>
        </extensions>
      </trkpt>
      <trkpt lat="37.5283850915729999542236328125" lon="127.0533812977373600006103515625">
        <ele>20.6000003814697265625</ele>
        <time>2026-09-06T10:09:06.000Z</time>
        <extensions>
          <ns3:TrackPointExtension>
            <ns3:hr>150</ns3:hr>
            <ns3:cad>85</ns3:cad>
          </ns3:TrackPointExtension>
        </extensions>
      </trkpt>
      <trkpt lat="37.528400011360645294189453125" lon="127.0533504523336887359619140625">
        <ele>20.6000003814697265625</ele>
        <time>2026-09-06T10:09:07.000Z</time>
        <extensions>
          <ns3:TrackPointExtension>
            <ns3:hr>150</ns3:hr>
            <ns3:cad>86</ns3:cad>
          </ns3:TrackPointExtension>
        </extensions>
      </trkpt>
      <trkpt lat="37.52841375768184661865234375" lon="127.05331617034971714019775390625">
        <ele>20.799999237060546875</ele>
        <time>2026-09-06T10:09:08.000Z</time>
        <extensions>
          <ns3:TrackPointExtension>
            <ns3:hr>150</ns3:hr>
            <ns3:cad>87</ns3:cad>
          </ns3:TrackPointExtension>
        </extensions>
      </trkpt>
      <trkpt lat="37.5284293480217456817626953125" lon="127.053282223641872406005859375">
        <ele>20.799999237060546875</ele>
        <time>2026-09-06T10:09:09.000Z</time>
        <extensions>
          <ns3:TrackPointExtension>
            <ns3:hr>150</ns3:hr>
            <ns3:cad>87</ns3:cad>
          </ns3:TrackPointExtension>
        </extensions>
      </trkpt>
      <trkpt lat="37.52843655645847320556640625" lon="127.05325665883719921112060546875">
        <ele>20.799999237060546875</ele>
        <time>2026-09-06T10:09:10.000Z</time>
        <extensions>
          <ns3:TrackPointExtension>
            <ns3:hr>150</ns3:hr>
            <ns3:cad>87</ns3:cad>
          </ns3:TrackPointExtension>
        </extensions>
      </trkpt>
      <trkpt lat="37.5284531526267528533935546875" lon="127.0532170124351978302001953125">
        <ele>20.799999237060546875</ele>
        <time>2026-09-06T10:09:11.000Z</time>
        <extensions>
          <ns3:TrackPointExtension>
            <ns3:hr>150</ns3:hr>
            <ns3:cad>87</ns3:cad>
          </ns3:TrackPointExtension>
        </extensions>
      </trkpt>
      <trkpt lat="37.52846061252057552337646484375" lon="127.053185999393463134765625">
        <ele>20.6000003814697265625</ele>
        <time>2026-09-06T10:09:12.000Z</time>
        <extensions>
          <ns3:TrackPointExtension>
            <ns3:hr>150</ns3:hr>
            <ns3:cad>87</ns3:cad>
          </ns3:TrackPointExtension>
        </extensions>
      </trkpt>
      <trkpt lat="37.5284799747169017791748046875" lon="127.05314375460147857666015625">
        <ele>20.6000003814697265625</ele>
        <time>2026-09-06T10:09:13.000Z</time>
        <extensions>
          <ns3:TrackPointExtension>
            <ns3:hr>150</ns3:hr>
            <ns3:cad>85</ns3:cad>
          </ns3:TrackPointExtension>
        </extensions>
      </trkpt>
      <trkpt lat="37.52849414013326168060302734375" lon="127.05309924669563770294189453125">
        <ele>20.799999237060546875</ele>
        <time>2026-09-06T10:09:14.000Z</time>
        <extensions>
          <ns3:TrackPointExtension>
            <ns3:hr>150</ns3:hr>
            <ns3:cad>85</ns3:cad>
          </ns3:TrackPointExtension>
        </extensions>
      </trkpt>
      <trkpt lat="37.52850830554962158203125" lon="127.05305658280849456787109375">
        <ele>20.799999237060546875</ele>
        <time>2026-09-06T10:09:15.000Z</time>
        <extensions>
          <ns3:TrackPointExtension>
            <ns3:hr>150</ns3:hr>
            <ns3:cad>85</ns3:cad>
          </ns3:TrackPointExtension>
        </extensions>
      </trkpt>
      <trkpt lat="37.52852783538401126861572265625" lon="127.0530158467590808868408203125">
        <ele>20.799999237060546875</ele>
        <time>2026-09-06T10:09:16.000Z</time>
        <extensions>
          <ns3:TrackPointExtension>
            <ns3:hr>150</ns3:hr>
            <ns3:cad>85</ns3:cad>
          </ns3:TrackPointExtension>
        </extensions>
      </trkpt>
      <trkpt lat="37.52854376100003719329833984375" lon="127.0529856719076633453369140625">
        <ele>21</ele>
        <time>2026-09-06T10:09:17.000Z</time>
        <extensions>
          <ns3:TrackPointExtension>
            <ns3:hr>150</ns3:hr>
            <ns3:cad>85</ns3:cad>
          </ns3:TrackPointExtension>
        </extensions>
      </trkpt>
      <trkpt lat="37.52854275517165660858154296875" lon="127.0529742725193500518798828125">
        <ele>20.799999237060546875</ele>
        <time>2026-09-06T10:09:18.000Z</time>
        <extensions>
          <ns3:TrackPointExtension>
            <ns3:hr>150</ns3:hr>
            <ns3:cad>85</ns3:cad>
          </ns3:TrackPointExtension>
        </extensions>
      </trkpt>
      <trkpt lat="37.52852632664144039154052734375" lon="127.05299715511500835418701171875">
        <ele>20.3999996185302734375</ele>
        <time>2026-09-06T10:09:19.000Z</time>
        <extensions>
          <ns3:TrackPointExtension>
            <ns3:hr>149</ns3:hr>
            <ns3:cad>86</ns3:cad>
          </ns3:TrackPointExtension>
        </extensions>
      </trkpt>
      <trkpt lat="37.52852515317499637603759765625" lon="127.05301961861550807952880859375">
        <ele>20.200000762939453125</ele>
        <time>2026-09-06T10:09:20.000Z</time>
        <extensions>
          <ns3:TrackPointExtension>
            <ns3:hr>149</ns3:hr>
            <ns3:cad>86</ns3:cad>
          </ns3:TrackPointExtension>
        </extensions>
      </trkpt>
      <trkpt lat="37.5285121612250804901123046875" lon="127.0530584268271923065185546875">
        <ele>20</ele>
        <time>2026-09-06T10:09:21.000Z</time>
        <extensions>
          <ns3:TrackPointExtension>
            <ns3:hr>149</ns3:hr>
            <ns3:cad>86</ns3:cad>
          </ns3:TrackPointExtension>
        </extensions>
      </trkpt>
      <trkpt lat="37.528500258922576904296875" lon="127.05309404991567134857177734375">
        <ele>20</ele>
        <time>2026-09-06T10:09:22.000Z</time>
        <extensions>
          <ns3:TrackPointExtension>
            <ns3:hr>148</ns3:hr>
            <ns3:cad>81</ns3:cad>
          </ns3:TrackPointExtension>
        </extensions>
      </trkpt>
      <trkpt lat="37.52849246375262737274169921875" lon="127.05313344486057758331298828125">
        <ele>20</ele>
        <time>2026-09-06T10:09:23.000Z</time>
        <extensions>
          <ns3:TrackPointExtension>
            <ns3:hr>148</ns3:hr>
            <ns3:cad>81</ns3:cad>
          </ns3:TrackPointExtension>
        </extensions>
      </trkpt>
      <trkpt lat="37.5284736044704914093017578125" lon="127.05317267216742038726806640625">
        <ele>20</ele>
        <time>2026-09-06T10:09:24.000Z</time>
        <extensions>
          <ns3:TrackPointExtension>
            <ns3:hr>148</ns3:hr>
            <ns3:cad>81</ns3:cad>
          </ns3:TrackPointExtension>
        </extensions>
      </trkpt>
      <trkpt lat="37.5284662283957004547119140625" lon="127.05320636741816997528076171875">
        <ele>20</ele>
        <time>2026-09-06T10:09:25.000Z</time>
        <extensions>
          <ns3:TrackPointExtension>
            <ns3:hr>148</ns3:hr>
            <ns3:cad>83</ns3:cad>
          </ns3:TrackPointExtension>
        </extensions>
      </trkpt>
      <trkpt lat="37.528447620570659637451171875" lon="127.05325464718043804168701171875">
        <ele>20</ele>
        <time>2026-09-06T10:09:26.000Z</time>
        <extensions>
          <ns3:TrackPointExtension>
            <ns3:hr>148</ns3:hr>
            <ns3:cad>83</ns3:cad>
          </ns3:TrackPointExtension>
        </extensions>
      </trkpt>
      <trkpt lat="37.52843295224010944366455078125" lon="127.0532823912799358367919921875">
        <ele>20</ele>
        <time>2026-09-06T10:09:27.000Z</time>
        <extensions>
          <ns3:TrackPointExtension>
            <ns3:hr>148</ns3:hr>
            <ns3:cad>83</ns3:cad>
          </ns3:TrackPointExtension>
        </extensions>
      </trkpt>
      <trkpt lat="37.528412081301212310791015625" lon="127.05331943929195404052734375">
        <ele>20</ele>
        <time>2026-09-06T10:09:28.000Z</time>
        <extensions>
          <ns3:TrackPointExtension>
            <ns3:hr>148</ns3:hr>
            <ns3:cad>83</ns3:cad>
          </ns3:TrackPointExtension>
        </extensions>
      </trkpt>
      <trkpt lat="37.52839590422809123992919921875" lon="127.0533544756472110748291015625">
        <ele>20</ele>
        <time>2026-09-06T10:09:29.000Z</time>
        <extensions>
          <ns3:TrackPointExtension>
            <ns3:hr>148</ns3:hr>
            <ns3:cad>84</ns3:cad>
          </ns3:TrackPointExtension>
        </extensions>
      </trkpt>
      <trkpt lat="37.52838500775396823883056640625" lon="127.0533890090882778167724609375">
        <ele>20</ele>
        <time>2026-09-06T10:09:30.000Z</time>
        <extensions>
          <ns3:TrackPointExtension>
            <ns3:hr>147</ns3:hr>
            <ns3:cad>84</ns3:cad>
          </ns3:TrackPointExtension>
        </extensions>
      </trkpt>
      <trkpt lat="37.5283575989305973052978515625" lon="127.05342781729996204376220703125">
        <ele>19.799999237060546875</ele>
        <time>2026-09-06T10:09:31.000Z</time>
        <extensions>
          <ns3:TrackPointExtension>
            <ns3:hr>147</ns3:hr>
            <ns3:cad>85</ns3:cad>
          </ns3:TrackPointExtension>
        </extensions>
      </trkpt>
      <trkpt lat="37.52834410406649112701416015625" lon="127.05345623195171356201171875">
        <ele>19.799999237060546875</ele>
        <time>2026-09-06T10:09:32.000Z</time>
        <extensions>
          <ns3:TrackPointExtension>
            <ns3:hr>147</ns3:hr>
            <ns3:cad>85</ns3:cad>
          </ns3:TrackPointExtension>
        </extensions>
      </trkpt>
      <trkpt lat="37.5283203832805156707763671875" lon="127.0534996502101421356201171875">
        <ele>19.799999237060546875</ele>
        <time>2026-09-06T10:09:33.000Z</time>
        <extensions>
          <ns3:TrackPointExtension>
            <ns3:hr>147</ns3:hr>
            <ns3:cad>85</ns3:cad>
          </ns3:TrackPointExtension>
        </extensions>
      </trkpt>
      <trkpt lat="37.528311498463153839111328125" lon="127.05353158526122570037841796875">
        <ele>19.6000003814697265625</ele>
        <time>2026-09-06T10:09:34.000Z</time>
        <extensions>
          <ns3:TrackPointExtension>
            <ns3:hr>147</ns3:hr>
            <ns3:cad>86</ns3:cad>
          </ns3:TrackPointExtension>
        </extensions>
      </trkpt>
      <trkpt lat="37.528294734656810760498046875" lon="127.0535737462341785430908203125">
        <ele>19.6000003814697265625</ele>
        <time>2026-09-06T10:09:35.000Z</time>
        <extensions>
          <ns3:TrackPointExtension>
            <ns3:hr>147</ns3:hr>
            <ns3:cad>86</ns3:cad>
          </ns3:TrackPointExtension>
        </extensions>
      </trkpt>
      <trkpt lat="37.52827973105013370513916015625" lon="127.053610794246196746826171875">
        <ele>19.6000003814697265625</ele>
        <time>2026-09-06T10:09:36.000Z</time>
        <extensions>
          <ns3:TrackPointExtension>
            <ns3:hr>147</ns3:hr>
            <ns3:cad>86</ns3:cad>
          </ns3:TrackPointExtension>
        </extensions>
      </trkpt>
      <trkpt lat="37.5282670743763446807861328125" lon="127.05365044064819812774658203125">
        <ele>19.6000003814697265625</ele>
        <time>2026-09-06T10:09:37.000Z</time>
        <extensions>
          <ns3:TrackPointExtension>
            <ns3:hr>147</ns3:hr>
            <ns3:cad>86</ns3:cad>
          </ns3:TrackPointExtension>
        </extensions>
      </trkpt>
      <trkpt lat="37.52824234776198863983154296875" lon="127.05368916504085063934326171875">
        <ele>19.6000003814697265625</ele>
        <time>2026-09-06T10:09:38.000Z</time>
        <extensions>
          <ns3:TrackPointExtension>
            <ns3:hr>147</ns3:hr>
            <ns3:cad>85</ns3:cad>
          </ns3:TrackPointExtension>
        </extensions>
      </trkpt>
      <trkpt lat="37.52823580987751483917236328125" lon="127.05372235737740993499755859375">
        <ele>19.799999237060546875</ele>
        <time>2026-09-06T10:09:39.000Z</time>
        <extensions>
          <ns3:TrackPointExtension>
            <ns3:hr>147</ns3:hr>
            <ns3:cad>85</ns3:cad>
          </ns3:TrackPointExtension>
        </extensions>
      </trkpt>
      <trkpt lat="37.5282110832631587982177734375" lon="127.05376912839710712432861328125">
        <ele>19.6000003814697265625</ele>
        <time>2026-09-06T10:09:40.000Z</time>
        <extensions>
          <ns3:TrackPointExtension>
            <ns3:hr>147</ns3:hr>
            <ns3:cad>86</ns3:cad>
          </ns3:TrackPointExtension>
        </extensions>
      </trkpt>
      <trkpt lat="37.52819960005581378936767578125" lon="127.0537973754107952117919921875">
        <ele>19.6000003814697265625</ele>
        <time>2026-09-06T10:09:41.000Z</time>
        <extensions>
          <ns3:TrackPointExtension>
            <ns3:hr>147</ns3:hr>
            <ns3:cad>86</ns3:cad>
          </ns3:TrackPointExtension>
        </extensions>
      </trkpt>
      <trkpt lat="37.5281765498220920562744140625" lon="127.0538335852324962615966796875">
        <ele>19.6000003814697265625</ele>
        <time>2026-09-06T10:09:42.000Z</time>
        <extensions>
          <ns3:TrackPointExtension>
            <ns3:hr>147</ns3:hr>
            <ns3:cad>86</ns3:cad>
          </ns3:TrackPointExtension>
        </extensions>
      </trkpt>
      <trkpt lat="37.52816087566316127777099609375" lon="127.05386937595903873443603515625">
        <ele>19.799999237060546875</ele>
        <time>2026-09-06T10:09:43.000Z</time>
        <extensions>
          <ns3:TrackPointExtension>
            <ns3:hr>147</ns3:hr>
            <ns3:cad>86</ns3:cad>
          </ns3:TrackPointExtension>
        </extensions>
      </trkpt>
      <trkpt lat="37.52814360894262790679931640625" lon="127.05390122719109058380126953125">
        <ele>19.799999237060546875</ele>
        <time>2026-09-06T10:09:44.000Z</time>
        <extensions>
          <ns3:TrackPointExtension>
            <ns3:hr>147</ns3:hr>
            <ns3:cad>86</ns3:cad>
          </ns3:TrackPointExtension>
        </extensions>
      </trkpt>
      <trkpt lat="37.528117038309574127197265625" lon="127.0539351738989353179931640625">
        <ele>19.799999237060546875</ele>
        <time>2026-09-06T10:09:45.000Z</time>
        <extensions>
          <ns3:TrackPointExtension>
            <ns3:hr>147</ns3:hr>
            <ns3:cad>86</ns3:cad>
          </ns3:TrackPointExtension>
        </extensions>
      </trkpt>
      <trkpt lat="37.528102956712245941162109375" lon="127.0539630018174648284912109375">
        <ele>19.799999237060546875</ele>
        <time>2026-09-06T10:09:46.000Z</time>
        <extensions>
          <ns3:TrackPointExtension>
            <ns3:hr>147</ns3:hr>
            <ns3:cad>86</ns3:cad>
          </ns3:TrackPointExtension>
        </extensions>
      </trkpt>
      <trkpt lat="37.528074122965335845947265625" lon="127.054001726210117340087890625">
        <ele>19.6000003814697265625</ele>
        <time>2026-09-06T10:09:47.000Z</time>
        <extensions>
          <ns3:TrackPointExtension>
            <ns3:hr>148</ns3:hr>
            <ns3:cad>86</ns3:cad>
          </ns3:TrackPointExtension>
        </extensions>
      </trkpt>
      <trkpt lat="37.528059370815753936767578125" lon="127.0540250279009342193603515625">
        <ele>19.6000003814697265625</ele>
        <time>2026-09-06T10:09:48.000Z</time>
        <extensions>
          <ns3:TrackPointExtension>
            <ns3:hr>148</ns3:hr>
            <ns3:cad>86</ns3:cad>
          </ns3:TrackPointExtension>
        </extensions>
      </trkpt>
      <trkpt lat="37.5280327163636684417724609375" lon="127.05406182445585727691650390625">
        <ele>19.6000003814697265625</ele>
        <time>2026-09-06T10:09:49.000Z</time>
        <extensions>
          <ns3:TrackPointExtension>
            <ns3:hr>148</ns3:hr>
            <ns3:cad>86</ns3:cad>
          </ns3:TrackPointExtension>
        </extensions>
      </trkpt>
      <trkpt lat="37.52801620401442050933837890625" lon="127.05409183166921138763427734375">
        <ele>19.3999996185302734375</ele>
        <time>2026-09-06T10:09:50.000Z</time>
        <extensions>
          <ns3:TrackPointExtension>
            <ns3:hr>148</ns3:hr>
            <ns3:cad>86</ns3:cad>
          </ns3:TrackPointExtension>
        </extensions>
      </trkpt>
      <trkpt lat="37.52799625508487224578857421875" lon="127.0541282929480075836181640625">
        <ele>19.3999996185302734375</ele>
        <time>2026-09-06T10:09:51.000Z</time>
        <extensions>
          <ns3:TrackPointExtension>
            <ns3:hr>148</ns3:hr>
            <ns3:cad>86</ns3:cad>
          </ns3:TrackPointExtension>
        </extensions>
      </trkpt>
      <trkpt lat="37.5279753841459751129150390625" lon="127.054161988198757171630859375">
        <ele>19.6000003814697265625</ele>
        <time>2026-09-06T10:09:52.000Z</time>
        <extensions>
          <ns3:TrackPointExtension>
            <ns3:hr>148</ns3:hr>
            <ns3:cad>86</ns3:cad>
          </ns3:TrackPointExtension>
        </extensions>
      </trkpt>
      <trkpt lat="37.52796121872961521148681640625" lon="127.0541940070688724517822265625">
        <ele>19.6000003814697265625</ele>
        <time>2026-09-06T10:09:53.000Z</time>
        <extensions>
          <ns3:TrackPointExtension>
            <ns3:hr>149</ns3:hr>
            <ns3:cad>86</ns3:cad>
          </ns3:TrackPointExtension>
        </extensions>
      </trkpt>
      <trkpt lat="37.5279358215630054473876953125" lon="127.0542355813086032867431640625">
        <ele>19.6000003814697265625</ele>
        <time>2026-09-06T10:09:54.000Z</time>
        <extensions>
          <ns3:TrackPointExtension>
            <ns3:hr>148</ns3:hr>
            <ns3:cad>86</ns3:cad>
          </ns3:TrackPointExtension>
        </extensions>
      </trkpt>
      <trkpt lat="37.5279234163463115692138671875" lon="127.05426030792295932769775390625">
        <ele>19.6000003814697265625</ele>
        <time>2026-09-06T10:09:55.000Z</time>
        <extensions>
          <ns3:TrackPointExtension>
            <ns3:hr>149</ns3:hr>
            <ns3:cad>86</ns3:cad>
          </ns3:TrackPointExtension>
        </extensions>
      </trkpt>
      <trkpt lat="37.52789676189422607421875" lon="127.05429886467754840850830078125">
        <ele>19.6000003814697265625</ele>
        <time>2026-09-06T10:09:56.000Z</time>
        <extensions>
          <ns3:TrackPointExtension>
            <ns3:hr>149</ns3:hr>
            <ns3:cad>86</ns3:cad>
          </ns3:TrackPointExtension>
        </extensions>
      </trkpt>
      <trkpt lat="37.5278838537633419036865234375" lon="127.05432317219674587249755859375">
        <ele>19.6000003814697265625</ele>
        <time>2026-09-06T10:09:57.000Z</time>
        <extensions>
          <ns3:TrackPointExtension>
            <ns3:hr>149</ns3:hr>
            <ns3:cad>86</ns3:cad>
          </ns3:TrackPointExtension>
        </extensions>
      </trkpt>
      <trkpt lat="37.527864910662174224853515625" lon="127.05435468815267086029052734375">
        <ele>19.6000003814697265625</ele>
        <time>2026-09-06T10:09:58.000Z</time>
        <extensions>
          <ns3:TrackPointExtension>
            <ns3:hr>149</ns3:hr>
            <ns3:cad>86</ns3:cad>
          </ns3:TrackPointExtension>
        </extensions>
      </trkpt>
      <trkpt lat="37.52784068696200847625732421875" lon="127.054383940994739532470703125">
        <ele>19.6000003814697265625</ele>
        <time>2026-09-06T10:09:59.000Z</time>
        <extensions>
          <ns3:TrackPointExtension>
            <ns3:hr>150</ns3:hr>
            <ns3:cad>86</ns3:cad>
          </ns3:TrackPointExtension>
        </extensions>
      </trkpt>
      <trkpt lat="37.5278251804411411285400390625" lon="127.054407410323619842529296875">
        <ele>19.6000003814697265625</ele>
        <time>2026-09-06T10:10:00.000Z</time>
        <extensions>
          <ns3:TrackPointExtension>
            <ns3:hr>150</ns3:hr>
            <ns3:cad>86</ns3:cad>
          </ns3:TrackPointExtension>
        </extensions>
      </trkpt>
      <trkpt lat="37.5277976877987384796142578125" lon="127.05444060266017913818359375">
        <ele>19.6000003814697265625</ele>
        <time>2026-09-06T10:10:01.000Z</time>
        <extensions>
          <ns3:TrackPointExtension>
            <ns3:hr>150</ns3:hr>
            <ns3:cad>86</ns3:cad>
          </ns3:TrackPointExtension>
        </extensions>
      </trkpt>
      <trkpt lat="37.52778151072561740875244140625" lon="127.05446499399840831756591796875">
        <ele>19.6000003814697265625</ele>
        <time>2026-09-06T10:10:02.000Z</time>
        <extensions>
          <ns3:TrackPointExtension>
            <ns3:hr>150</ns3:hr>
            <ns3:cad>86</ns3:cad>
          </ns3:TrackPointExtension>
        </extensions>
      </trkpt>
      <trkpt lat="37.5277544371783733367919921875" lon="127.054502628743648529052734375">
        <ele>19.6000003814697265625</ele>
        <time>2026-09-06T10:10:03.000Z</time>
        <extensions>
          <ns3:TrackPointExtension>
            <ns3:hr>151</ns3:hr>
            <ns3:cad>85</ns3:cad>
          </ns3:TrackPointExtension>
        </extensions>
      </trkpt>
      <trkpt lat="37.52773809246718883514404296875" lon="127.054527103900909423828125">
        <ele>19.6000003814697265625</ele>
        <time>2026-09-06T10:10:04.000Z</time>
        <extensions>
          <ns3:TrackPointExtension>
            <ns3:hr>151</ns3:hr>
            <ns3:cad>85</ns3:cad>
          </ns3:TrackPointExtension>
        </extensions>
      </trkpt>
      <trkpt lat="37.52771210856735706329345703125" lon="127.05455920659005641937255859375">
        <ele>19.6000003814697265625</ele>
        <time>2026-09-06T10:10:05.000Z</time>
        <extensions>
          <ns3:TrackPointExtension>
            <ns3:hr>151</ns3:hr>
            <ns3:cad>85</ns3:cad>
          </ns3:TrackPointExtension>
        </extensions>
      </trkpt>
      <trkpt lat="37.527687214314937591552734375" lon="127.05458502285182476043701171875">
        <ele>19.6000003814697265625</ele>
        <time>2026-09-06T10:10:06.000Z</time>
        <extensions>
          <ns3:TrackPointExtension>
            <ns3:hr>152</ns3:hr>
            <ns3:cad>86</ns3:cad>
          </ns3:TrackPointExtension>
        </extensions>
      </trkpt>
      <trkpt lat="37.52766751684248447418212890625" lon="127.05460966564714908599853515625">
        <ele>19.6000003814697265625</ele>
        <time>2026-09-06T10:10:07.000Z</time>
        <extensions>
          <ns3:TrackPointExtension>
            <ns3:hr>152</ns3:hr>
            <ns3:cad>86</ns3:cad>
          </ns3:TrackPointExtension>
        </extensions>
      </trkpt>
      <trkpt lat="37.5276424549520015716552734375" lon="127.05463833175599575042724609375">
        <ele>19.6000003814697265625</ele>
        <time>2026-09-06T10:10:08.000Z</time>
        <extensions>
          <ns3:TrackPointExtension>
            <ns3:hr>152</ns3:hr>
            <ns3:cad>86</ns3:cad>
          </ns3:TrackPointExtension>
        </extensions>
      </trkpt>
      <trkpt lat="37.527621500194072723388671875" lon="127.05466456711292266845703125">
        <ele>19.6000003814697265625</ele>
        <time>2026-09-06T10:10:09.000Z</time>
        <extensions>
          <ns3:TrackPointExtension>
            <ns3:hr>152</ns3:hr>
            <ns3:cad>86</ns3:cad>
          </ns3:TrackPointExtension>
        </extensions>
      </trkpt>
      <trkpt lat="37.52759191207587718963623046875" lon="127.05470002256333827972412109375">
        <ele>19.6000003814697265625</ele>
        <time>2026-09-06T10:10:10.000Z</time>
        <extensions>
          <ns3:TrackPointExtension>
            <ns3:hr>152</ns3:hr>
            <ns3:cad>86</ns3:cad>
          </ns3:TrackPointExtension>
        </extensions>
      </trkpt>
      <trkpt lat="37.52757615409791469573974609375" lon="127.0547234080731868743896484375">
        <ele>19.6000003814697265625</ele>
        <time>2026-09-06T10:10:11.000Z</time>
        <extensions>
          <ns3:TrackPointExtension>
            <ns3:hr>151</ns3:hr>
            <ns3:cad>86</ns3:cad>
          </ns3:TrackPointExtension>
        </extensions>
      </trkpt>
      <trkpt lat="37.52754547633230686187744140625" lon="127.054752744734287261962890625">
        <ele>19.6000003814697265625</ele>
        <time>2026-09-06T10:10:12.000Z</time>
        <extensions>
          <ns3:TrackPointExtension>
            <ns3:hr>152</ns3:hr>
            <ns3:cad>86</ns3:cad>
          </ns3:TrackPointExtension>
        </extensions>
      </trkpt>
      <trkpt lat="37.52751924097537994384765625" lon="127.0547767169773578643798828125">
        <ele>19.6000003814697265625</ele>
        <time>2026-09-06T10:10:13.000Z</time>
        <extensions>
          <ns3:TrackPointExtension>
            <ns3:hr>152</ns3:hr>
            <ns3:cad>86</ns3:cad>
          </ns3:TrackPointExtension>
        </extensions>
      </trkpt>
      <trkpt lat="37.52749920822679996490478515625" lon="127.0548032037913799285888671875">
        <ele>19.6000003814697265625</ele>
        <time>2026-09-06T10:10:14.000Z</time>
        <extensions>
          <ns3:TrackPointExtension>
            <ns3:hr>151</ns3:hr>
            <ns3:cad>86</ns3:cad>
          </ns3:TrackPointExtension>
        </extensions>
      </trkpt>
      <trkpt lat="37.5274697877466678619384765625" lon="127.05482843331992626190185546875">
        <ele>19.3999996185302734375</ele>
        <time>2026-09-06T10:10:15.000Z</time>
        <extensions>
          <ns3:TrackPointExtension>
            <ns3:hr>151</ns3:hr>
            <ns3:cad>86</ns3:cad>
          </ns3:TrackPointExtension>
        </extensions>
      </trkpt>
      <trkpt lat="37.52745151519775390625" lon="127.0548529922962188720703125">
        <ele>19.3999996185302734375</ele>
        <time>2026-09-06T10:10:16.000Z</time>
        <extensions>
          <ns3:TrackPointExtension>
            <ns3:hr>151</ns3:hr>
            <ns3:cad>86</ns3:cad>
          </ns3:TrackPointExtension>
        </extensions>
      </trkpt>
      <trkpt lat="37.52741689793765544891357421875" lon="127.054884843528270721435546875">
        <ele>19.6000003814697265625</ele>
        <time>2026-09-06T10:10:17.000Z</time>
        <extensions>
          <ns3:TrackPointExtension>
            <ns3:hr>151</ns3:hr>
            <ns3:cad>86</ns3:cad>
          </ns3:TrackPointExtension>
        </extensions>
      </trkpt>
      <trkpt lat="37.52739451825618743896484375" lon="127.0549031160771846771240234375">
        <ele>19.6000003814697265625</ele>
        <time>2026-09-06T10:10:18.000Z</time>
        <extensions>
          <ns3:TrackPointExtension>
            <ns3:hr>151</ns3:hr>
            <ns3:cad>84</ns3:cad>
          </ns3:TrackPointExtension>
        </extensions>
      </trkpt>
      <trkpt lat="37.527368031442165374755859375" lon="127.05493287183344364166259765625">
        <ele>19.6000003814697265625</ele>
        <time>2026-09-06T10:10:19.000Z</time>
        <extensions>
          <ns3:TrackPointExtension>
            <ns3:hr>151</ns3:hr>
            <ns3:cad>84</ns3:cad>
          </ns3:TrackPointExtension>
        </extensions>
      </trkpt>
      <trkpt lat="37.527341879904270172119140625" lon="127.0549641363322734832763671875">
        <ele>19.6000003814697265625</ele>
        <time>2026-09-06T10:10:20.000Z</time>
        <extensions>
          <ns3:TrackPointExtension>
            <ns3:hr>150</ns3:hr>
            <ns3:cad>84</ns3:cad>
          </ns3:TrackPointExtension>
        </extensions>
      </trkpt>
      <trkpt lat="37.52731832675635814666748046875" lon="127.0549869351089000701904296875">
        <ele>19.799999237060546875</ele>
        <time>2026-09-06T10:10:21.000Z</time>
        <extensions>
          <ns3:TrackPointExtension>
            <ns3:hr>150</ns3:hr>
            <ns3:cad>86</ns3:cad>
          </ns3:TrackPointExtension>
        </extensions>
      </trkpt>
      <trkpt lat="37.52728982828557491302490234375" lon="127.05501065589487552642822265625">
        <ele>19.799999237060546875</ele>
        <time>2026-09-06T10:10:22.000Z</time>
        <extensions>
          <ns3:TrackPointExtension>
            <ns3:hr>150</ns3:hr>
            <ns3:cad>86</ns3:cad>
          </ns3:TrackPointExtension>
        </extensions>
      </trkpt>
      <trkpt lat="37.5272759981453418731689453125" lon="127.05503026954829692840576171875">
        <ele>19.6000003814697265625</ele>
        <time>2026-09-06T10:10:23.000Z</time>
        <extensions>
          <ns3:TrackPointExtension>
            <ns3:hr>150</ns3:hr>
            <ns3:cad>86</ns3:cad>
          </ns3:TrackPointExtension>
        </extensions>
      </trkpt>
      <trkpt lat="37.52724708057940006256103515625" lon="127.05506564117968082427978515625">
        <ele>19.6000003814697265625</ele>
        <time>2026-09-06T10:10:24.000Z</time>
        <extensions>
          <ns3:TrackPointExtension>
            <ns3:hr>149</ns3:hr>
            <ns3:cad>85</ns3:cad>
          </ns3:TrackPointExtension>
        </extensions>
      </trkpt>
      <trkpt lat="37.52721657045185565948486328125" lon="127.055086009204387664794921875">
        <ele>19.3999996185302734375</ele>
        <time>2026-09-06T10:10:25.000Z</time>
        <extensions>
          <ns3:TrackPointExtension>
            <ns3:hr>149</ns3:hr>
            <ns3:cad>85</ns3:cad>
          </ns3:TrackPointExtension>
        </extensions>
      </trkpt>
      <trkpt lat="37.52718471921980381011962890625" lon="127.05510989762842655181884765625">
        <ele>19.200000762939453125</ele>
        <time>2026-09-06T10:10:26.000Z</time>
        <extensions>
          <ns3:TrackPointExtension>
            <ns3:hr>149</ns3:hr>
            <ns3:cad>85</ns3:cad>
          </ns3:TrackPointExtension>
        </extensions>
      </trkpt>
      <trkpt lat="37.5271578133106231689453125" lon="127.05513127148151397705078125">
        <ele>19</ele>
        <time>2026-09-06T10:10:27.000Z</time>
        <extensions>
          <ns3:TrackPointExtension>
            <ns3:hr>149</ns3:hr>
            <ns3:cad>85</ns3:cad>
          </ns3:TrackPointExtension>
        </extensions>
      </trkpt>
      <trkpt lat="37.5271355174481868743896484375" lon="127.0551545731723308563232421875">
        <ele>18.799999237060546875</ele>
        <time>2026-09-06T10:10:28.000Z</time>
        <extensions>
          <ns3:TrackPointExtension>
            <ns3:hr>148</ns3:hr>
            <ns3:cad>85</ns3:cad>
          </ns3:TrackPointExtension>
        </extensions>
      </trkpt>
      <trkpt lat="37.52710375003516674041748046875" lon="127.055182568728923797607421875">
        <ele>18.799999237060546875</ele>
        <time>2026-09-06T10:10:29.000Z</time>
        <extensions>
          <ns3:TrackPointExtension>
            <ns3:hr>149</ns3:hr>
            <ns3:cad>85</ns3:cad>
          </ns3:TrackPointExtension>
        </extensions>
      </trkpt>
      <trkpt lat="37.5270862318575382232666015625" lon="127.05520360730588436126708984375">
        <ele>18.799999237060546875</ele>
        <time>2026-09-06T10:10:30.000Z</time>
        <extensions>
          <ns3:TrackPointExtension>
            <ns3:hr>149</ns3:hr>
            <ns3:cad>84</ns3:cad>
          </ns3:TrackPointExtension>
        </extensions>
      </trkpt>
      <trkpt lat="37.52706033177673816680908203125" lon="127.05523319542407989501953125">
        <ele>18.799999237060546875</ele>
        <time>2026-09-06T10:10:31.000Z</time>
        <extensions>
          <ns3:TrackPointExtension>
            <ns3:hr>148</ns3:hr>
            <ns3:cad>84</ns3:cad>
          </ns3:TrackPointExtension>
        </extensions>
      </trkpt>
      <trkpt lat="37.527036778628826141357421875" lon="127.05525993369519710540771484375">
        <ele>18.799999237060546875</ele>
        <time>2026-09-06T10:10:32.000Z</time>
        <extensions>
          <ns3:TrackPointExtension>
            <ns3:hr>148</ns3:hr>
            <ns3:cad>84</ns3:cad>
          </ns3:TrackPointExtension>
        </extensions>
      </trkpt>
      <trkpt lat="37.52701037563383579254150390625" lon="127.05529463477432727813720703125">
        <ele>18.799999237060546875</ele>
        <time>2026-09-06T10:10:33.000Z</time>
        <extensions>
          <ns3:TrackPointExtension>
            <ns3:hr>148</ns3:hr>
            <ns3:cad>86</ns3:cad>
          </ns3:TrackPointExtension>
        </extensions>
      </trkpt>
      <trkpt lat="37.526985146105289459228515625" lon="127.05532346852123737335205078125">
        <ele>18.799999237060546875</ele>
        <time>2026-09-06T10:10:34.000Z</time>
        <extensions>
          <ns3:TrackPointExtension>
            <ns3:hr>148</ns3:hr>
            <ns3:cad>87</ns3:cad>
          </ns3:TrackPointExtension>
        </extensions>
      </trkpt>
      <trkpt lat="37.52696092240512371063232421875" lon="127.0553500391542911529541015625">
        <ele>18.6000003814697265625</ele>
        <time>2026-09-06T10:10:35.000Z</time>
        <extensions>
          <ns3:TrackPointExtension>
            <ns3:hr>149</ns3:hr>
            <ns3:cad>87</ns3:cad>
          </ns3:TrackPointExtension>
        </extensions>
      </trkpt>
      <trkpt lat="37.52693158574402332305908203125" lon="127.05537736415863037109375">
        <ele>18.6000003814697265625</ele>
        <time>2026-09-06T10:10:36.000Z</time>
        <extensions>
          <ns3:TrackPointExtension>
            <ns3:hr>148</ns3:hr>
            <ns3:cad>87</ns3:cad>
          </ns3:TrackPointExtension>
        </extensions>
      </trkpt>
      <trkpt lat="37.52690945751965045928955078125" lon="127.055401839315891265869140625">
        <ele>18.6000003814697265625</ele>
        <time>2026-09-06T10:10:37.000Z</time>
        <extensions>
          <ns3:TrackPointExtension>
            <ns3:hr>148</ns3:hr>
            <ns3:cad>86</ns3:cad>
          </ns3:TrackPointExtension>
        </extensions>
      </trkpt>
      <trkpt lat="37.5268756784498691558837890625" lon="127.055430002510547637939453125">
        <ele>18.6000003814697265625</ele>
        <time>2026-09-06T10:10:38.000Z</time>
        <extensions>
          <ns3:TrackPointExtension>
            <ns3:hr>149</ns3:hr>
            <ns3:cad>86</ns3:cad>
          </ns3:TrackPointExtension>
        </extensions>
      </trkpt>
      <trkpt lat="37.52684860490262508392333984375" lon="127.055454812943935394287109375">
        <ele>18.6000003814697265625</ele>
        <time>2026-09-06T10:10:39.000Z</time>
        <extensions>
          <ns3:TrackPointExtension>
            <ns3:hr>148</ns3:hr>
            <ns3:cad>86</ns3:cad>
          </ns3:TrackPointExtension>
        </extensions>
      </trkpt>
      <trkpt lat="37.52682412974536418914794921875" lon="127.05548658035695552825927734375">
        <ele>18.799999237060546875</ele>
        <time>2026-09-06T10:10:40.000Z</time>
        <extensions>
          <ns3:TrackPointExtension>
            <ns3:hr>148</ns3:hr>
            <ns3:cad>86</ns3:cad>
          </ns3:TrackPointExtension>
        </extensions>
      </trkpt>
      <trkpt lat="37.5267935357987880706787109375" lon="127.0555096305906772613525390625">
        <ele>18.799999237060546875</ele>
        <time>2026-09-06T10:10:41.000Z</time>
        <extensions>
          <ns3:TrackPointExtension>
            <ns3:hr>149</ns3:hr>
            <ns3:cad>86</ns3:cad>
          </ns3:TrackPointExtension>
        </extensions>
      </trkpt>
      <trkpt lat="37.5267673842608928680419921875" lon="127.05554190091788768768310546875">
        <ele>18.799999237060546875</ele>
        <time>2026-09-06T10:10:42.000Z</time>
        <extensions>
          <ns3:TrackPointExtension>
            <ns3:hr>149</ns3:hr>
            <ns3:cad>86</ns3:cad>
          </ns3:TrackPointExtension>
        </extensions>
      </trkpt>
      <trkpt lat="37.52674232237040996551513671875" lon="127.05557115375995635986328125">
        <ele>19</ele>
        <time>2026-09-06T10:10:43.000Z</time>
        <extensions>
          <ns3:TrackPointExtension>
            <ns3:hr>149</ns3:hr>
            <ns3:cad>86</ns3:cad>
          </ns3:TrackPointExtension>
        </extensions>
      </trkpt>
      <trkpt lat="37.526724301278591156005859375" lon="127.0555957965552806854248046875">
        <ele>19</ele>
        <time>2026-09-06T10:10:44.000Z</time>
        <extensions>
          <ns3:TrackPointExtension>
            <ns3:hr>149</ns3:hr>
            <ns3:cad>86</ns3:cad>
          </ns3:TrackPointExtension>
        </extensions>
      </trkpt>
      <trkpt lat="37.52669605426490306854248046875" lon="127.0556199364364147186279296875">
        <ele>19</ele>
        <time>2026-09-06T10:10:45.000Z</time>
        <extensions>
          <ns3:TrackPointExtension>
            <ns3:hr>148</ns3:hr>
            <ns3:cad>86</ns3:cad>
          </ns3:TrackPointExtension>
        </extensions>
      </trkpt>
      <trkpt lat="37.52667761407792568206787109375" lon="127.05565036274492740631103515625">
        <ele>19</ele>
        <time>2026-09-06T10:10:46.000Z</time>
        <extensions>
          <ns3:TrackPointExtension>
            <ns3:hr>149</ns3:hr>
            <ns3:cad>86</ns3:cad>
          </ns3:TrackPointExtension>
        </extensions>
      </trkpt>
      <trkpt lat="37.52665095962584018707275390625" lon="127.055681459605693817138671875">
        <ele>19</ele>
        <time>2026-09-06T10:10:47.000Z</time>
        <extensions>
          <ns3:TrackPointExtension>
            <ns3:hr>149</ns3:hr>
            <ns3:cad>86</ns3:cad>
          </ns3:TrackPointExtension>
        </extensions>
      </trkpt>
      <trkpt lat="37.52662614919245243072509765625" lon="127.05570283345878124237060546875">
        <ele>18.799999237060546875</ele>
        <time>2026-09-06T10:10:48.000Z</time>
        <extensions>
          <ns3:TrackPointExtension>
            <ns3:hr>149</ns3:hr>
            <ns3:cad>87</ns3:cad>
          </ns3:TrackPointExtension>
        </extensions>
      </trkpt>
      <trkpt lat="37.52659698016941547393798828125" lon="127.05573904328048229217529296875">
        <ele>18.799999237060546875</ele>
        <time>2026-09-06T10:10:49.000Z</time>
        <extensions>
          <ns3:TrackPointExtension>
            <ns3:hr>149</ns3:hr>
            <ns3:cad>87</ns3:cad>
          </ns3:TrackPointExtension>
        </extensions>
      </trkpt>
      <trkpt lat="37.52657015807926654815673828125" lon="127.05576695501804351806640625">
        <ele>18.799999237060546875</ele>
        <time>2026-09-06T10:10:50.000Z</time>
        <extensions>
          <ns3:TrackPointExtension>
            <ns3:hr>150</ns3:hr>
            <ns3:cad>87</ns3:cad>
          </ns3:TrackPointExtension>
        </extensions>
      </trkpt>
      <trkpt lat="37.526545263826847076416015625" lon="127.05579956062138080596923828125">
        <ele>18.6000003814697265625</ele>
        <time>2026-09-06T10:10:51.000Z</time>
        <extensions>
          <ns3:TrackPointExtension>
            <ns3:hr>149</ns3:hr>
            <ns3:cad>86</ns3:cad>
          </ns3:TrackPointExtension>
        </extensions>
      </trkpt>
      <trkpt lat="37.52651299349963665008544921875" lon="127.05582998692989349365234375">
        <ele>18.6000003814697265625</ele>
        <time>2026-09-06T10:10:52.000Z</time>
        <extensions>
          <ns3:TrackPointExtension>
            <ns3:hr>149</ns3:hr>
            <ns3:cad>86</ns3:cad>
          </ns3:TrackPointExtension>
        </extensions>
      </trkpt>
      <trkpt lat="37.52649220637977123260498046875" lon="127.0558586530387401580810546875">
        <ele>18.3999996185302734375</ele>
        <time>2026-09-06T10:10:53.000Z</time>
        <extensions>
          <ns3:TrackPointExtension>
            <ns3:hr>149</ns3:hr>
            <ns3:cad>86</ns3:cad>
          </ns3:TrackPointExtension>
        </extensions>
      </trkpt>
      <trkpt lat="37.5264626182615756988525390625" lon="127.05588899552822113037109375">
        <ele>18.3999996185302734375</ele>
        <time>2026-09-06T10:10:54.000Z</time>
        <extensions>
          <ns3:TrackPointExtension>
            <ns3:hr>149</ns3:hr>
            <ns3:cad>87</ns3:cad>
          </ns3:TrackPointExtension>
        </extensions>
      </trkpt>
      <trkpt lat="37.526444010436534881591796875" lon="127.05591539852321147918701171875">
        <ele>18.3999996185302734375</ele>
        <time>2026-09-06T10:10:55.000Z</time>
        <extensions>
          <ns3:TrackPointExtension>
            <ns3:hr>149</ns3:hr>
            <ns3:cad>86</ns3:cad>
          </ns3:TrackPointExtension>
        </extensions>
      </trkpt>
      <trkpt lat="37.52641618251800537109375" lon="127.05594599246978759765625">
        <ele>18.3999996185302734375</ele>
        <time>2026-09-06T10:10:56.000Z</time>
        <extensions>
          <ns3:TrackPointExtension>
            <ns3:hr>149</ns3:hr>
            <ns3:cad>86</ns3:cad>
          </ns3:TrackPointExtension>
        </extensions>
      </trkpt>
      <trkpt lat="37.52639397047460079193115234375" lon="127.05597524531185626983642578125">
        <ele>18.6000003814697265625</ele>
        <time>2026-09-06T10:10:57.000Z</time>
        <extensions>
          <ns3:TrackPointExtension>
            <ns3:hr>149</ns3:hr>
            <ns3:cad>86</ns3:cad>
          </ns3:TrackPointExtension>
        </extensions>
      </trkpt>
      <trkpt lat="37.5263692438602447509765625" lon="127.05600759945809841156005859375">
        <ele>18.3999996185302734375</ele>
        <time>2026-09-06T10:10:58.000Z</time>
        <extensions>
          <ns3:TrackPointExtension>
            <ns3:hr>149</ns3:hr>
            <ns3:cad>86</ns3:cad>
          </ns3:TrackPointExtension>
        </extensions>
      </trkpt>
      <trkpt lat="37.52634711563587188720703125" lon="127.0560358464717864990234375">
        <ele>18.3999996185302734375</ele>
        <time>2026-09-06T10:10:59.000Z</time>
        <extensions>
          <ns3:TrackPointExtension>
            <ns3:hr>148</ns3:hr>
            <ns3:cad>86</ns3:cad>
          </ns3:TrackPointExtension>
        </extensions>
      </trkpt>
      <trkpt lat="37.52632574178278446197509765625" lon="127.05606342293322086334228515625">
        <ele>18.200000762939453125</ele>
        <time>2026-09-06T10:11:00.000Z</time>
        <extensions>
          <ns3:TrackPointExtension>
            <ns3:hr>149</ns3:hr>
            <ns3:cad>86</ns3:cad>
          </ns3:TrackPointExtension>
        </extensions>
      </trkpt>
      <trkpt lat="37.52629858441650867462158203125" lon="127.0560883171856403350830078125">
        <ele>18.200000762939453125</ele>
        <time>2026-09-06T10:11:01.000Z</time>
        <extensions>
          <ns3:TrackPointExtension>
            <ns3:hr>149</ns3:hr>
            <ns3:cad>86</ns3:cad>
          </ns3:TrackPointExtension>
        </extensions>
      </trkpt>
      <trkpt lat="37.52627469599246978759765625" lon="127.05611773766577243804931640625">
        <ele>18.200000762939453125</ele>
        <time>2026-09-06T10:11:02.000Z</time>
        <extensions>
          <ns3:TrackPointExtension>
            <ns3:hr>148</ns3:hr>
            <ns3:cad>86</ns3:cad>
          </ns3:TrackPointExtension>
        </extensions>
      </trkpt>
      <trkpt lat="37.5262440182268619537353515625" lon="127.05615093000233173370361328125">
        <ele>18.200000762939453125</ele>
        <time>2026-09-06T10:11:03.000Z</time>
        <extensions>
          <ns3:TrackPointExtension>
            <ns3:hr>149</ns3:hr>
            <ns3:cad>87</ns3:cad>
          </ns3:TrackPointExtension>
        </extensions>
      </trkpt>
      <trkpt lat="37.5262289308011531829833984375" lon="127.05618026666343212127685546875">
        <ele>18.200000762939453125</ele>
        <time>2026-09-06T10:11:04.000Z</time>
        <extensions>
          <ns3:TrackPointExtension>
            <ns3:hr>149</ns3:hr>
            <ns3:cad>87</ns3:cad>
          </ns3:TrackPointExtension>
        </extensions>
      </trkpt>
      <trkpt lat="37.52620370127260684967041015625" lon="127.0562264509499073028564453125">
        <ele>18.200000762939453125</ele>
        <time>2026-09-06T10:11:05.000Z</time>
        <extensions>
          <ns3:TrackPointExtension>
            <ns3:hr>148</ns3:hr>
            <ns3:cad>87</ns3:cad>
          </ns3:TrackPointExtension>
        </extensions>
      </trkpt>
      <trkpt lat="37.5261863507330417633056640625" lon="127.0562526024878025054931640625">
        <ele>18.3999996185302734375</ele>
        <time>2026-09-06T10:11:06.000Z</time>
        <extensions>
          <ns3:TrackPointExtension>
            <ns3:hr>149</ns3:hr>
            <ns3:cad>87</ns3:cad>
          </ns3:TrackPointExtension>
        </extensions>
      </trkpt>
      <trkpt lat="37.5261600315570831298828125" lon="127.05628587864339351654052734375">
        <ele>18.3999996185302734375</ele>
        <time>2026-09-06T10:11:07.000Z</time>
        <extensions>
          <ns3:TrackPointExtension>
            <ns3:hr>148</ns3:hr>
            <ns3:cad>87</ns3:cad>
          </ns3:TrackPointExtension>
        </extensions>
      </trkpt>
      <trkpt lat="37.526131533086299896240234375" lon="127.0563121140003204345703125">
        <ele>18.3999996185302734375</ele>
        <time>2026-09-06T10:11:08.000Z</time>
        <extensions>
          <ns3:TrackPointExtension>
            <ns3:hr>148</ns3:hr>
            <ns3:cad>87</ns3:cad>
          </ns3:TrackPointExtension>
        </extensions>
      </trkpt>
      <trkpt lat="37.52610814757645130157470703125" lon="127.0563394390046596527099609375">
        <ele>18.3999996185302734375</ele>
        <time>2026-09-06T10:11:09.000Z</time>
        <extensions>
          <ns3:TrackPointExtension>
            <ns3:hr>148</ns3:hr>
            <ns3:cad>87</ns3:cad>
          </ns3:TrackPointExtension>
        </extensions>
      </trkpt>
      <trkpt lat="37.5260780565440654754638671875" lon="127.0563639141619205474853515625">
        <ele>18.3999996185302734375</ele>
        <time>2026-09-06T10:11:10.000Z</time>
        <extensions>
          <ns3:TrackPointExtension>
            <ns3:hr>149</ns3:hr>
            <ns3:cad>87</ns3:cad>
          </ns3:TrackPointExtension>
        </extensions>
      </trkpt>
      <trkpt lat="37.52605936489999294281005859375" lon="127.05638864077627658843994140625">
        <ele>18.3999996185302734375</ele>
        <time>2026-09-06T10:11:11.000Z</time>
        <extensions>
          <ns3:TrackPointExtension>
            <ns3:hr>149</ns3:hr>
            <ns3:cad>87</ns3:cad>
          </ns3:TrackPointExtension>
        </extensions>
      </trkpt>
      <trkpt lat="37.52602885477244853973388671875" lon="127.056421749293804168701171875">
        <ele>18.3999996185302734375</ele>
        <time>2026-09-06T10:11:12.000Z</time>
        <extensions>
          <ns3:TrackPointExtension>
            <ns3:hr>149</ns3:hr>
            <ns3:cad>87</ns3:cad>
          </ns3:TrackPointExtension>
        </extensions>
      </trkpt>
      <trkpt lat="37.52601393498480319976806640625" lon="127.0564473979175090789794921875">
        <ele>18.3999996185302734375</ele>
        <time>2026-09-06T10:11:13.000Z</time>
        <extensions>
          <ns3:TrackPointExtension>
            <ns3:hr>149</ns3:hr>
            <ns3:cad>87</ns3:cad>
          </ns3:TrackPointExtension>
        </extensions>
      </trkpt>
      <trkpt lat="37.5259835086762905120849609375" lon="127.0564805902540683746337890625">
        <ele>18.3999996185302734375</ele>
        <time>2026-09-06T10:11:14.000Z</time>
        <extensions>
          <ns3:TrackPointExtension>
            <ns3:hr>149</ns3:hr>
            <ns3:cad>87</ns3:cad>
          </ns3:TrackPointExtension>
        </extensions>
      </trkpt>
      <trkpt lat="37.5259633921086788177490234375" lon="127.056506574153900146484375">
        <ele>18.3999996185302734375</ele>
        <time>2026-09-06T10:11:15.000Z</time>
        <extensions>
          <ns3:TrackPointExtension>
            <ns3:hr>148</ns3:hr>
            <ns3:cad>87</ns3:cad>
          </ns3:TrackPointExtension>
        </extensions>
      </trkpt>
      <trkpt lat="37.525939084589481353759765625" lon="127.05653733573853969573974609375">
        <ele>18.3999996185302734375</ele>
        <time>2026-09-06T10:11:16.000Z</time>
        <extensions>
          <ns3:TrackPointExtension>
            <ns3:hr>149</ns3:hr>
            <ns3:cad>87</ns3:cad>
          </ns3:TrackPointExtension>
        </extensions>
      </trkpt>
      <trkpt lat="37.52591150812804698944091796875" lon="127.05656616948544979095458984375">
        <ele>18.3999996185302734375</ele>
        <time>2026-09-06T10:11:17.000Z</time>
        <extensions>
          <ns3:TrackPointExtension>
            <ns3:hr>149</ns3:hr>
            <ns3:cad>87</ns3:cad>
          </ns3:TrackPointExtension>
        </extensions>
      </trkpt>
      <trkpt lat="37.525891475379467010498046875" lon="127.05659701488912105560302734375">
        <ele>18.3999996185302734375</ele>
        <time>2026-09-06T10:11:18.000Z</time>
        <extensions>
          <ns3:TrackPointExtension>
            <ns3:hr>148</ns3:hr>
            <ns3:cad>86</ns3:cad>
          </ns3:TrackPointExtension>
        </extensions>
      </trkpt>
      <trkpt lat="37.52586758695542812347412109375" lon="127.056629620492458343505859375">
        <ele>18.200000762939453125</ele>
        <time>2026-09-06T10:11:19.000Z</time>
        <extensions>
          <ns3:TrackPointExtension>
            <ns3:hr>149</ns3:hr>
            <ns3:cad>86</ns3:cad>
          </ns3:TrackPointExtension>
        </extensions>
      </trkpt>
      <trkpt lat="37.52584914676845073699951171875" lon="127.0566532574594020843505859375">
        <ele>18.200000762939453125</ele>
        <time>2026-09-06T10:11:20.000Z</time>
        <extensions>
          <ns3:TrackPointExtension>
            <ns3:hr>149</ns3:hr>
            <ns3:cad>86</ns3:cad>
          </ns3:TrackPointExtension>
        </extensions>
      </trkpt>
      <trkpt lat="37.5258168764412403106689453125" lon="127.05668401904404163360595703125">
        <ele>18.200000762939453125</ele>
        <time>2026-09-06T10:11:21.000Z</time>
        <extensions>
          <ns3:TrackPointExtension>
            <ns3:hr>149</ns3:hr>
            <ns3:cad>86</ns3:cad>
          </ns3:TrackPointExtension>
        </extensions>
      </trkpt>
      <trkpt lat="37.52579885534942150115966796875" lon="127.05670882947742938995361328125">
        <ele>18.200000762939453125</ele>
        <time>2026-09-06T10:11:22.000Z</time>
        <extensions>
          <ns3:TrackPointExtension>
            <ns3:hr>149</ns3:hr>
            <ns3:cad>86</ns3:cad>
          </ns3:TrackPointExtension>
        </extensions>
      </trkpt>
      <trkpt lat="37.525774128735065460205078125" lon="127.0567364059388637542724609375">
        <ele>18.200000762939453125</ele>
        <time>2026-09-06T10:11:23.000Z</time>
        <extensions>
          <ns3:TrackPointExtension>
            <ns3:hr>149</ns3:hr>
            <ns3:cad>86</ns3:cad>
          </ns3:TrackPointExtension>
        </extensions>
      </trkpt>
      <trkpt lat="37.525748647749423980712890625" lon="127.0567602105438709259033203125">
        <ele>18.3999996185302734375</ele>
        <time>2026-09-06T10:11:24.000Z</time>
        <extensions>
          <ns3:TrackPointExtension>
            <ns3:hr>149</ns3:hr>
            <ns3:cad>86</ns3:cad>
          </ns3:TrackPointExtension>
        </extensions>
      </trkpt>
      <trkpt lat="37.52572526223957538604736328125" lon="127.0567803271114826202392578125">
        <ele>18.3999996185302734375</ele>
        <time>2026-09-06T10:11:25.000Z</time>
        <extensions>
          <ns3:TrackPointExtension>
            <ns3:hr>149</ns3:hr>
            <ns3:cad>86</ns3:cad>
          </ns3:TrackPointExtension>
        </extensions>
      </trkpt>
      <trkpt lat="37.52569341100752353668212890625" lon="127.0568014495074748992919921875">
        <ele>18.3999996185302734375</ele>
        <time>2026-09-06T10:11:26.000Z</time>
        <extensions>
          <ns3:TrackPointExtension>
            <ns3:hr>149</ns3:hr>
            <ns3:cad>87</ns3:cad>
          </ns3:TrackPointExtension>
        </extensions>
      </trkpt>
      <trkpt lat="37.52566960640251636505126953125" lon="127.0568286068737506866455078125">
        <ele>18.200000762939453125</ele>
        <time>2026-09-06T10:11:27.000Z</time>
        <extensions>
          <ns3:TrackPointExtension>
            <ns3:hr>149</ns3:hr>
            <ns3:cad>87</ns3:cad>
          </ns3:TrackPointExtension>
        </extensions>
      </trkpt>
      <trkpt lat="37.52563842572271823883056640625" lon="127.05686154775321483612060546875">
        <ele>18.200000762939453125</ele>
        <time>2026-09-06T10:11:28.000Z</time>
        <extensions>
          <ns3:TrackPointExtension>
            <ns3:hr>150</ns3:hr>
            <ns3:cad>87</ns3:cad>
          </ns3:TrackPointExtension>
        </extensions>
      </trkpt>
      <trkpt lat="37.525620572268962860107421875" lon="127.05688543617725372314453125">
        <ele>18.200000762939453125</ele>
        <time>2026-09-06T10:11:29.000Z</time>
        <extensions>
          <ns3:TrackPointExtension>
            <ns3:hr>150</ns3:hr>
            <ns3:cad>85</ns3:cad>
          </ns3:TrackPointExtension>
        </extensions>
      </trkpt>
      <trkpt lat="37.525593079626560211181640625" lon="127.05691636539995670318603515625">
        <ele>18.200000762939453125</ele>
        <time>2026-09-06T10:11:30.000Z</time>
        <extensions>
          <ns3:TrackPointExtension>
            <ns3:hr>150</ns3:hr>
            <ns3:cad>85</ns3:cad>
          </ns3:TrackPointExtension>
        </extensions>
      </trkpt>
      <trkpt lat="37.52557438798248767852783203125" lon="127.05694301985204219818115234375">
        <ele>18</ele>
        <time>2026-09-06T10:11:31.000Z</time>
        <extensions>
          <ns3:TrackPointExtension>
            <ns3:hr>150</ns3:hr>
            <ns3:cad>85</ns3:cad>
          </ns3:TrackPointExtension>
        </extensions>
      </trkpt>
      <trkpt lat="37.5255525112152099609375" lon="127.0569774694740772247314453125">
        <ele>18</ele>
        <time>2026-09-06T10:11:32.000Z</time>
        <extensions>
          <ns3:TrackPointExtension>
            <ns3:hr>151</ns3:hr>
            <ns3:cad>87</ns3:cad>
          </ns3:TrackPointExtension>
        </extensions>
      </trkpt>
      <trkpt lat="37.52553046680986881256103515625" lon="127.05701359547674655914306640625">
        <ele>17.799999237060546875</ele>
        <time>2026-09-06T10:11:33.000Z</time>
        <extensions>
          <ns3:TrackPointExtension>
            <ns3:hr>151</ns3:hr>
            <ns3:cad>87</ns3:cad>
          </ns3:TrackPointExtension>
        </extensions>
      </trkpt>
      <trkpt lat="37.52550951205193996429443359375" lon="127.05704930238425731658935546875">
        <ele>17.799999237060546875</ele>
        <time>2026-09-06T10:11:34.000Z</time>
        <extensions>
          <ns3:TrackPointExtension>
            <ns3:hr>151</ns3:hr>
            <ns3:cad>87</ns3:cad>
          </ns3:TrackPointExtension>
        </extensions>
      </trkpt>
      <trkpt lat="37.52548051066696643829345703125" lon="127.05707679502665996551513671875">
        <ele>17.799999237060546875</ele>
        <time>2026-09-06T10:11:35.000Z</time>
        <extensions>
          <ns3:TrackPointExtension>
            <ns3:hr>151</ns3:hr>
            <ns3:cad>87</ns3:cad>
          </ns3:TrackPointExtension>
        </extensions>
      </trkpt>
      <trkpt lat="37.52546005882322788238525390625" lon="127.05710403621196746826171875">
        <ele>18</ele>
        <time>2026-09-06T10:11:36.000Z</time>
        <extensions>
          <ns3:TrackPointExtension>
            <ns3:hr>151</ns3:hr>
            <ns3:cad>87</ns3:cad>
          </ns3:TrackPointExtension>
        </extensions>
      </trkpt>
      <trkpt lat="37.52542971633374691009521484375" lon="127.05713664181530475616455078125">
        <ele>18.200000762939453125</ele>
        <time>2026-09-06T10:11:37.000Z</time>
        <extensions>
          <ns3:TrackPointExtension>
            <ns3:hr>150</ns3:hr>
            <ns3:cad>87</ns3:cad>
          </ns3:TrackPointExtension>
        </extensions>
      </trkpt>
      <trkpt lat="37.52541345544159412384033203125" lon="127.05715960822999477386474609375">
        <ele>18.200000762939453125</ele>
        <time>2026-09-06T10:11:38.000Z</time>
        <extensions>
          <ns3:TrackPointExtension>
            <ns3:hr>151</ns3:hr>
            <ns3:cad>87</ns3:cad>
          </ns3:TrackPointExtension>
        </extensions>
      </trkpt>
      <trkpt lat="37.52538529224693775177001953125" lon="127.05720034427940845489501953125">
        <ele>18.3999996185302734375</ele>
        <time>2026-09-06T10:11:39.000Z</time>
        <extensions>
          <ns3:TrackPointExtension>
            <ns3:hr>151</ns3:hr>
            <ns3:cad>87</ns3:cad>
          </ns3:TrackPointExtension>
        </extensions>
      </trkpt>
      <trkpt lat="37.525375150144100189208984375" lon="127.05722515471279621124267578125">
        <ele>18.3999996185302734375</ele>
        <time>2026-09-06T10:11:40.000Z</time>
        <extensions>
          <ns3:TrackPointExtension>
            <ns3:hr>150</ns3:hr>
            <ns3:cad>87</ns3:cad>
          </ns3:TrackPointExtension>
        </extensions>
      </trkpt>
      <trkpt lat="37.5253545306622982025146484375" lon="127.05725968815386295318603515625">
        <ele>18.3999996185302734375</ele>
        <time>2026-09-06T10:11:41.000Z</time>
        <extensions>
          <ns3:TrackPointExtension>
            <ns3:hr>151</ns3:hr>
            <ns3:cad>87</ns3:cad>
          </ns3:TrackPointExtension>
        </extensions>
      </trkpt>
      <trkpt lat="37.52534019760787487030029296875" lon="127.05729455687105655670166015625">
        <ele>18.3999996185302734375</ele>
        <time>2026-09-06T10:11:42.000Z</time>
        <extensions>
          <ns3:TrackPointExtension>
            <ns3:hr>151</ns3:hr>
            <ns3:cad>87</ns3:cad>
          </ns3:TrackPointExtension>
        </extensions>
      </trkpt>
      <trkpt lat="37.52532175742089748382568359375" lon="127.057326324284076690673828125">
        <ele>18.200000762939453125</ele>
        <time>2026-09-06T10:11:43.000Z</time>
        <extensions>
          <ns3:TrackPointExtension>
            <ns3:hr>151</ns3:hr>
            <ns3:cad>87</ns3:cad>
          </ns3:TrackPointExtension>
        </extensions>
      </trkpt>
      <trkpt lat="37.525297701358795166015625" lon="127.05735675059258937835693359375">
        <ele>18</ele>
        <time>2026-09-06T10:11:44.000Z</time>
        <extensions>
          <ns3:TrackPointExtension>
            <ns3:hr>151</ns3:hr>
            <ns3:cad>87</ns3:cad>
          </ns3:TrackPointExtension>
        </extensions>
      </trkpt>
      <trkpt lat="37.52528219483792781829833984375" lon="127.0573858357965946197509765625">
        <ele>18</ele>
        <time>2026-09-06T10:11:45.000Z</time>
        <extensions>
          <ns3:TrackPointExtension>
            <ns3:hr>151</ns3:hr>
            <ns3:cad>87</ns3:cad>
          </ns3:TrackPointExtension>
        </extensions>
      </trkpt>
      <trkpt lat="37.52525537274777889251708984375" lon="127.05741785466670989990234375">
        <ele>17.799999237060546875</ele>
        <time>2026-09-06T10:11:46.000Z</time>
        <extensions>
          <ns3:TrackPointExtension>
            <ns3:hr>151</ns3:hr>
            <ns3:cad>87</ns3:cad>
          </ns3:TrackPointExtension>
        </extensions>
      </trkpt>
      <trkpt lat="37.5252427160739898681640625" lon="127.057440318167209625244140625">
        <ele>18</ele>
        <time>2026-09-06T10:11:47.000Z</time>
        <extensions>
          <ns3:TrackPointExtension>
            <ns3:hr>151</ns3:hr>
            <ns3:cad>87</ns3:cad>
          </ns3:TrackPointExtension>
        </extensions>
      </trkpt>
      <trkpt lat="37.52521388232707977294921875" lon="127.05747392959892749786376953125">
        <ele>18.200000762939453125</ele>
        <time>2026-09-06T10:11:48.000Z</time>
        <extensions>
          <ns3:TrackPointExtension>
            <ns3:hr>150</ns3:hr>
            <ns3:cad>87</ns3:cad>
          </ns3:TrackPointExtension>
        </extensions>
      </trkpt>
      <trkpt lat="37.525200806558132171630859375" lon="127.0574981532990932464599609375">
        <ele>18.200000762939453125</ele>
        <time>2026-09-06T10:11:49.000Z</time>
        <extensions>
          <ns3:TrackPointExtension>
            <ns3:hr>150</ns3:hr>
            <ns3:cad>87</ns3:cad>
          </ns3:TrackPointExtension>
        </extensions>
      </trkpt>
      <trkpt lat="37.52517356537282466888427734375" lon="127.05753427930176258087158203125">
        <ele>18</ele>
        <time>2026-09-06T10:11:50.000Z</time>
        <extensions>
          <ns3:TrackPointExtension>
            <ns3:hr>150</ns3:hr>
            <ns3:cad>87</ns3:cad>
          </ns3:TrackPointExtension>
        </extensions>
      </trkpt>
      <trkpt lat="37.52515428699553012847900390625" lon="127.05756093375384807586669921875">
        <ele>17.799999237060546875</ele>
        <time>2026-09-06T10:11:51.000Z</time>
        <extensions>
          <ns3:TrackPointExtension>
            <ns3:hr>150</ns3:hr>
            <ns3:cad>87</ns3:cad>
          </ns3:TrackPointExtension>
        </extensions>
      </trkpt>
      <trkpt lat="37.52513215877115726470947265625" lon="127.05759228207170963287353515625">
        <ele>17.6000003814697265625</ele>
        <time>2026-09-06T10:11:52.000Z</time>
        <extensions>
          <ns3:TrackPointExtension>
            <ns3:hr>150</ns3:hr>
            <ns3:cad>87</ns3:cad>
          </ns3:TrackPointExtension>
        </extensions>
      </trkpt>
      <trkpt lat="37.52510902471840381622314453125" lon="127.05762379802763462066650390625">
        <ele>17.6000003814697265625</ele>
        <time>2026-09-06T10:11:53.000Z</time>
        <extensions>
          <ns3:TrackPointExtension>
            <ns3:hr>151</ns3:hr>
            <ns3:cad>87</ns3:cad>
          </ns3:TrackPointExtension>
        </extensions>
      </trkpt>
      <trkpt lat="37.525094188749790191650390625" lon="127.0576530508697032928466796875">
        <ele>17.6000003814697265625</ele>
        <time>2026-09-06T10:11:54.000Z</time>
        <extensions>
          <ns3:TrackPointExtension>
            <ns3:hr>150</ns3:hr>
            <ns3:cad>87</ns3:cad>
          </ns3:TrackPointExtension>
        </extensions>
      </trkpt>
      <trkpt lat="37.5250661931931972503662109375" lon="127.057685069739818572998046875">
        <ele>17.6000003814697265625</ele>
        <time>2026-09-06T10:11:55.000Z</time>
        <extensions>
          <ns3:TrackPointExtension>
            <ns3:hr>150</ns3:hr>
            <ns3:cad>87</ns3:cad>
          </ns3:TrackPointExtension>
        </extensions>
      </trkpt>
      <trkpt lat="37.52505202777683734893798828125" lon="127.0577077008783817291259765625">
        <ele>17.799999237060546875</ele>
        <time>2026-09-06T10:11:56.000Z</time>
        <extensions>
          <ns3:TrackPointExtension>
            <ns3:hr>150</ns3:hr>
            <ns3:cad>87</ns3:cad>
          </ns3:TrackPointExtension>
        </extensions>
      </trkpt>
      <trkpt lat="37.52502537332475185394287109375" lon="127.05774952657520771026611328125">
        <ele>17.799999237060546875</ele>
        <time>2026-09-06T10:11:57.000Z</time>
        <extensions>
          <ns3:TrackPointExtension>
            <ns3:hr>150</ns3:hr>
            <ns3:cad>87</ns3:cad>
          </ns3:TrackPointExtension>
        </extensions>
      </trkpt>
      <trkpt lat="37.52501271665096282958984375" lon="127.057777941226959228515625">
        <ele>17.799999237060546875</ele>
        <time>2026-09-06T10:11:58.000Z</time>
        <extensions>
          <ns3:TrackPointExtension>
            <ns3:hr>150</ns3:hr>
            <ns3:cad>87</ns3:cad>
          </ns3:TrackPointExtension>
        </extensions>
      </trkpt>
      <trkpt lat="37.524991929531097412109375" lon="127.05781624652445316314697265625">
        <ele>17.799999237060546875</ele>
        <time>2026-09-06T10:11:59.000Z</time>
        <extensions>
          <ns3:TrackPointExtension>
            <ns3:hr>150</ns3:hr>
            <ns3:cad>87</ns3:cad>
          </ns3:TrackPointExtension>
        </extensions>
      </trkpt>
      <trkpt lat="37.5249753333628177642822265625" lon="127.0578468404710292816162109375">
        <ele>17.799999237060546875</ele>
        <time>2026-09-06T10:12:00.000Z</time>
        <extensions>
          <ns3:TrackPointExtension>
            <ns3:hr>149</ns3:hr>
            <ns3:cad>87</ns3:cad>
          </ns3:TrackPointExtension>
        </extensions>
      </trkpt>
      <trkpt lat="37.52495496533811092376708984375" lon="127.057880200445652008056640625">
        <ele>17.799999237060546875</ele>
        <time>2026-09-06T10:12:01.000Z</time>
        <extensions>
          <ns3:TrackPointExtension>
            <ns3:hr>149</ns3:hr>
            <ns3:cad>87</ns3:cad>
          </ns3:TrackPointExtension>
        </extensions>
      </trkpt>
      <trkpt lat="37.52493501640856266021728515625" lon="127.0579128898680210113525390625">
        <ele>17.6000003814697265625</ele>
        <time>2026-09-06T10:12:02.000Z</time>
        <extensions>
          <ns3:TrackPointExtension>
            <ns3:hr>149</ns3:hr>
            <ns3:cad>87</ns3:cad>
          </ns3:TrackPointExtension>
        </extensions>
      </trkpt>
      <trkpt lat="37.524919174611568450927734375" lon="127.05794080160558223724365234375">
        <ele>17.6000003814697265625</ele>
        <time>2026-09-06T10:12:03.000Z</time>
        <extensions>
          <ns3:TrackPointExtension>
            <ns3:hr>149</ns3:hr>
            <ns3:cad>87</ns3:cad>
          </ns3:TrackPointExtension>
        </extensions>
      </trkpt>
      <trkpt lat="37.524894364178180694580078125" lon="127.05797701142728328704833984375">
        <ele>17.6000003814697265625</ele>
        <time>2026-09-06T10:12:04.000Z</time>
        <extensions>
          <ns3:TrackPointExtension>
            <ns3:hr>149</ns3:hr>
            <ns3:cad>87</ns3:cad>
          </ns3:TrackPointExtension>
        </extensions>
      </trkpt>
      <trkpt lat="37.524883635342121124267578125" lon="127.05800198949873447418212890625">
        <ele>17.6000003814697265625</ele>
        <time>2026-09-06T10:12:05.000Z</time>
        <extensions>
          <ns3:TrackPointExtension>
            <ns3:hr>149</ns3:hr>
            <ns3:cad>87</ns3:cad>
          </ns3:TrackPointExtension>
        </extensions>
      </trkpt>
      <trkpt lat="37.5248563103377819061279296875" lon="127.05804104916751384735107421875">
        <ele>17.6000003814697265625</ele>
        <time>2026-09-06T10:12:06.000Z</time>
        <extensions>
          <ns3:TrackPointExtension>
            <ns3:hr>149</ns3:hr>
            <ns3:cad>87</ns3:cad>
          </ns3:TrackPointExtension>
        </extensions>
      </trkpt>
      <trkpt lat="37.52484449185431003570556640625" lon="127.05807105638086795806884765625">
        <ele>17.3999996185302734375</ele>
        <time>2026-09-06T10:12:07.000Z</time>
        <extensions>
          <ns3:TrackPointExtension>
            <ns3:hr>148</ns3:hr>
            <ns3:cad>87</ns3:cad>
          </ns3:TrackPointExtension>
        </extensions>
      </trkpt>
      <trkpt lat="37.5248254649341106414794921875" lon="127.0581133849918842315673828125">
        <ele>17.3999996185302734375</ele>
        <time>2026-09-06T10:12:08.000Z</time>
        <extensions>
          <ns3:TrackPointExtension>
            <ns3:hr>148</ns3:hr>
            <ns3:cad>86</ns3:cad>
          </ns3:TrackPointExtension>
        </extensions>
      </trkpt>
      <trkpt lat="37.52480761148035526275634765625" lon="127.0581489242613315582275390625">
        <ele>17.3999996185302734375</ele>
        <time>2026-09-06T10:12:09.000Z</time>
        <extensions>
          <ns3:TrackPointExtension>
            <ns3:hr>148</ns3:hr>
            <ns3:cad>86</ns3:cad>
          </ns3:TrackPointExtension>
        </extensions>
      </trkpt>
      <trkpt lat="37.5247919373214244842529296875" lon="127.05819326452910900115966796875">
        <ele>17.200000762939453125</ele>
        <time>2026-09-06T10:12:10.000Z</time>
        <extensions>
          <ns3:TrackPointExtension>
            <ns3:hr>148</ns3:hr>
            <ns3:cad>86</ns3:cad>
          </ns3:TrackPointExtension>
        </extensions>
      </trkpt>
      <trkpt lat="37.5247671268880367279052734375" lon="127.05822846852242946624755859375">
        <ele>17.200000762939453125</ele>
        <time>2026-09-06T10:12:11.000Z</time>
        <extensions>
          <ns3:TrackPointExtension>
            <ns3:hr>148</ns3:hr>
            <ns3:cad>87</ns3:cad>
          </ns3:TrackPointExtension>
        </extensions>
      </trkpt>
      <trkpt lat="37.524750195443630218505859375" lon="127.05825998447835445404052734375">
        <ele>17</ele>
        <time>2026-09-06T10:12:12.000Z</time>
        <extensions>
          <ns3:TrackPointExtension>
            <ns3:hr>149</ns3:hr>
            <ns3:cad>87</ns3:cad>
          </ns3:TrackPointExtension>
        </extensions>
      </trkpt>
      <trkpt lat="37.52472035586833953857421875" lon="127.058293260633945465087890625">
        <ele>16.799999237060546875</ele>
        <time>2026-09-06T10:12:13.000Z</time>
        <extensions>
          <ns3:TrackPointExtension>
            <ns3:hr>148</ns3:hr>
            <ns3:cad>87</ns3:cad>
          </ns3:TrackPointExtension>
        </extensions>
      </trkpt>
      <trkpt lat="37.52470619045197963714599609375" lon="127.0583232678472995758056640625">
        <ele>16.6000003814697265625</ele>
        <time>2026-09-06T10:12:14.000Z</time>
        <extensions>
          <ns3:TrackPointExtension>
            <ns3:hr>148</ns3:hr>
            <ns3:cad>88</ns3:cad>
          </ns3:TrackPointExtension>
        </extensions>
      </trkpt>
      <trkpt lat="37.52468104474246501922607421875" lon="127.05837129615247249603271484375">
        <ele>16.6000003814697265625</ele>
        <time>2026-09-06T10:12:15.000Z</time>
        <extensions>
          <ns3:TrackPointExtension>
            <ns3:hr>149</ns3:hr>
            <ns3:cad>88</ns3:cad>
          </ns3:TrackPointExtension>
        </extensions>
      </trkpt>
      <trkpt lat="37.5246702320873737335205078125" lon="127.05840348266065120697021484375">
        <ele>16.799999237060546875</ele>
        <time>2026-09-06T10:12:16.000Z</time>
        <extensions>
          <ns3:TrackPointExtension>
            <ns3:hr>149</ns3:hr>
            <ns3:cad>88</ns3:cad>
          </ns3:TrackPointExtension>
        </extensions>
      </trkpt>
      <trkpt lat="37.5246491096913814544677734375" lon="127.0584456436336040496826171875">
        <ele>17</ele>
        <time>2026-09-06T10:12:17.000Z</time>
        <extensions>
          <ns3:TrackPointExtension>
            <ns3:hr>149</ns3:hr>
            <ns3:cad>87</ns3:cad>
          </ns3:TrackPointExtension>
        </extensions>
      </trkpt>
      <trkpt lat="37.52463720738887786865234375" lon="127.05847791396081447601318359375">
        <ele>17.200000762939453125</ele>
        <time>2026-09-06T10:12:18.000Z</time>
        <extensions>
          <ns3:TrackPointExtension>
            <ns3:hr>149</ns3:hr>
            <ns3:cad>86</ns3:cad>
          </ns3:TrackPointExtension>
        </extensions>
      </trkpt>
      <trkpt lat="37.524621784687042236328125" lon="127.05852703191339969635009765625">
        <ele>17.3999996185302734375</ele>
        <time>2026-09-06T10:12:19.000Z</time>
        <extensions>
          <ns3:TrackPointExtension>
            <ns3:hr>149</ns3:hr>
            <ns3:cad>86</ns3:cad>
          </ns3:TrackPointExtension>
        </extensions>
      </trkpt>
      <trkpt lat="37.52459789626300334930419921875" lon="127.0585579611361026763916015625">
        <ele>17.3999996185302734375</ele>
        <time>2026-09-06T10:12:20.000Z</time>
        <extensions>
          <ns3:TrackPointExtension>
            <ns3:hr>148</ns3:hr>
            <ns3:cad>87</ns3:cad>
          </ns3:TrackPointExtension>
        </extensions>
      </trkpt>
      <trkpt lat="37.52458130009472370147705078125" lon="127.0585938356816768646240234375">
        <ele>17.3999996185302734375</ele>
        <time>2026-09-06T10:12:21.000Z</time>
        <extensions>
          <ns3:TrackPointExtension>
            <ns3:hr>149</ns3:hr>
            <ns3:cad>87</ns3:cad>
          </ns3:TrackPointExtension>
        </extensions>
      </trkpt>
      <trkpt lat="37.52455447800457477569580078125" lon="127.05863197334110736846923828125">
        <ele>17.3999996185302734375</ele>
        <time>2026-09-06T10:12:22.000Z</time>
        <extensions>
          <ns3:TrackPointExtension>
            <ns3:hr>149</ns3:hr>
            <ns3:cad>87</ns3:cad>
          </ns3:TrackPointExtension>
        </extensions>
      </trkpt>
      <trkpt lat="37.52454056404531002044677734375" lon="127.05866483040153980255126953125">
        <ele>17.200000762939453125</ele>
        <time>2026-09-06T10:12:23.000Z</time>
        <extensions>
          <ns3:TrackPointExtension>
            <ns3:hr>149</ns3:hr>
            <ns3:cad>87</ns3:cad>
          </ns3:TrackPointExtension>
        </extensions>
      </trkpt>
      <trkpt lat="37.5245158374309539794921875" lon="127.05870875157415866851806640625">
        <ele>17</ele>
        <time>2026-09-06T10:12:24.000Z</time>
        <extensions>
          <ns3:TrackPointExtension>
            <ns3:hr>149</ns3:hr>
            <ns3:cad>87</ns3:cad>
          </ns3:TrackPointExtension>
        </extensions>
      </trkpt>
      <trkpt lat="37.5245039351284503936767578125" lon="127.05873741768300533294677734375">
        <ele>16.799999237060546875</ele>
        <time>2026-09-06T10:12:25.000Z</time>
        <extensions>
          <ns3:TrackPointExtension>
            <ns3:hr>150</ns3:hr>
            <ns3:cad>87</ns3:cad>
          </ns3:TrackPointExtension>
        </extensions>
      </trkpt>
      <trkpt lat="37.52448432147502899169921875" lon="127.05878670327365398406982421875">
        <ele>16.799999237060546875</ele>
        <time>2026-09-06T10:12:26.000Z</time>
        <extensions>
          <ns3:TrackPointExtension>
            <ns3:hr>150</ns3:hr>
            <ns3:cad>87</ns3:cad>
          </ns3:TrackPointExtension>
        </extensions>
      </trkpt>
      <trkpt lat="37.52447049133479595184326171875" lon="127.0588191412389278411865234375">
        <ele>16.6000003814697265625</ele>
        <time>2026-09-06T10:12:27.000Z</time>
        <extensions>
          <ns3:TrackPointExtension>
            <ns3:hr>150</ns3:hr>
            <ns3:cad>87</ns3:cad>
          </ns3:TrackPointExtension>
        </extensions>
      </trkpt>
      <trkpt lat="37.52445121295750141143798828125" lon="127.0588597096502780914306640625">
        <ele>16.6000003814697265625</ele>
        <time>2026-09-06T10:12:28.000Z</time>
        <extensions>
          <ns3:TrackPointExtension>
            <ns3:hr>150</ns3:hr>
            <ns3:cad>87</ns3:cad>
          </ns3:TrackPointExtension>
        </extensions>
      </trkpt>
      <trkpt lat="37.52442958764731884002685546875" lon="127.05889315344393253326416015625">
        <ele>16.6000003814697265625</ele>
        <time>2026-09-06T10:12:29.000Z</time>
        <extensions>
          <ns3:TrackPointExtension>
            <ns3:hr>149</ns3:hr>
            <ns3:cad>86</ns3:cad>
          </ns3:TrackPointExtension>
        </extensions>
      </trkpt>
      <trkpt lat="37.5244130752980709075927734375" lon="127.058927603065967559814453125">
        <ele>16.799999237060546875</ele>
        <time>2026-09-06T10:12:30.000Z</time>
        <extensions>
          <ns3:TrackPointExtension>
            <ns3:hr>150</ns3:hr>
            <ns3:cad>86</ns3:cad>
          </ns3:TrackPointExtension>
        </extensions>
      </trkpt>
      <trkpt lat="37.5243902765214443206787109375" lon="127.0589648187160491943359375">
        <ele>16.799999237060546875</ele>
        <time>2026-09-06T10:12:31.000Z</time>
        <extensions>
          <ns3:TrackPointExtension>
            <ns3:hr>150</ns3:hr>
            <ns3:cad>86</ns3:cad>
          </ns3:TrackPointExtension>
        </extensions>
      </trkpt>
      <trkpt lat="37.52437829039990901947021484375" lon="127.05899893306195735931396484375">
        <ele>17</ele>
        <time>2026-09-06T10:12:32.000Z</time>
        <extensions>
          <ns3:TrackPointExtension>
            <ns3:hr>150</ns3:hr>
            <ns3:cad>86</ns3:cad>
          </ns3:TrackPointExtension>
        </extensions>
      </trkpt>
      <trkpt lat="37.5243554078042507171630859375" lon="127.05904536880552768707275390625">
        <ele>17.200000762939453125</ele>
        <time>2026-09-06T10:12:33.000Z</time>
        <extensions>
          <ns3:TrackPointExtension>
            <ns3:hr>150</ns3:hr>
            <ns3:cad>86</ns3:cad>
          </ns3:TrackPointExtension>
        </extensions>
      </trkpt>
      <trkpt lat="37.52434828318655490875244140625" lon="127.059076465666294097900390625">
        <ele>17.3999996185302734375</ele>
        <time>2026-09-06T10:12:34.000Z</time>
        <extensions>
          <ns3:TrackPointExtension>
            <ns3:hr>150</ns3:hr>
            <ns3:cad>86</ns3:cad>
          </ns3:TrackPointExtension>
        </extensions>
      </trkpt>
      <trkpt lat="37.52432330511510372161865234375" lon="127.0591239072382450103759765625">
        <ele>17.3999996185302734375</ele>
        <time>2026-09-06T10:12:35.000Z</time>
        <extensions>
          <ns3:TrackPointExtension>
            <ns3:hr>150</ns3:hr>
            <ns3:cad>87</ns3:cad>
          </ns3:TrackPointExtension>
        </extensions>
      </trkpt>
      <trkpt lat="37.5243104808032512664794921875" lon="127.059152238070964813232421875">
        <ele>17.200000762939453125</ele>
        <time>2026-09-06T10:12:36.000Z</time>
        <extensions>
          <ns3:TrackPointExtension>
            <ns3:hr>150</ns3:hr>
            <ns3:cad>87</ns3:cad>
          </ns3:TrackPointExtension>
        </extensions>
      </trkpt>
      <trkpt lat="37.5242878496646881103515625" lon="127.0591929741203784942626953125">
        <ele>17.200000762939453125</ele>
        <time>2026-09-06T10:12:37.000Z</time>
        <extensions>
          <ns3:TrackPointExtension>
            <ns3:hr>150</ns3:hr>
            <ns3:cad>87</ns3:cad>
          </ns3:TrackPointExtension>
        </extensions>
      </trkpt>
      <trkpt lat="37.52426748163998126983642578125" lon="127.05922340042889118194580078125">
        <ele>17</ele>
        <time>2026-09-06T10:12:38.000Z</time>
        <extensions>
          <ns3:TrackPointExtension>
            <ns3:hr>149</ns3:hr>
            <ns3:cad>87</ns3:cad>
          </ns3:TrackPointExtension>
        </extensions>
      </trkpt>
      <trkpt lat="37.5242491252720355987548828125" lon="127.05926011316478252410888671875">
        <ele>16.799999237060546875</ele>
        <time>2026-09-06T10:12:39.000Z</time>
        <extensions>
          <ns3:TrackPointExtension>
            <ns3:hr>150</ns3:hr>
            <ns3:cad>87</ns3:cad>
          </ns3:TrackPointExtension>
        </extensions>
      </trkpt>
      <trkpt lat="37.52422641031444072723388671875" lon="127.05929565243422985076904296875">
        <ele>16.799999237060546875</ele>
        <time>2026-09-06T10:12:40.000Z</time>
        <extensions>
          <ns3:TrackPointExtension>
            <ns3:hr>150</ns3:hr>
            <ns3:cad>87</ns3:cad>
          </ns3:TrackPointExtension>
        </extensions>
      </trkpt>
      <trkpt lat="37.524211741983890533447265625" lon="127.0593240670859813690185546875">
        <ele>16.799999237060546875</ele>
        <time>2026-09-06T10:12:41.000Z</time>
        <extensions>
          <ns3:TrackPointExtension>
            <ns3:hr>150</ns3:hr>
            <ns3:cad>87</ns3:cad>
          </ns3:TrackPointExtension>
        </extensions>
      </trkpt>
      <trkpt lat="37.52418718300759792327880859375" lon="127.0593663118779659271240234375">
        <ele>17</ele>
        <time>2026-09-06T10:12:42.000Z</time>
        <extensions>
          <ns3:TrackPointExtension>
            <ns3:hr>150</ns3:hr>
            <ns3:cad>87</ns3:cad>
          </ns3:TrackPointExtension>
        </extensions>
      </trkpt>
      <trkpt lat="37.524175532162189483642578125" lon="127.05940067768096923828125">
        <ele>17</ele>
        <time>2026-09-06T10:12:43.000Z</time>
        <extensions>
          <ns3:TrackPointExtension>
            <ns3:hr>150</ns3:hr>
            <ns3:cad>87</ns3:cad>
          </ns3:TrackPointExtension>
        </extensions>
      </trkpt>
      <trkpt lat="37.52415172755718231201171875" lon="127.0594457723200321197509765625">
        <ele>17</ele>
        <time>2026-09-06T10:12:44.000Z</time>
        <extensions>
          <ns3:TrackPointExtension>
            <ns3:hr>151</ns3:hr>
            <ns3:cad>87</ns3:cad>
          </ns3:TrackPointExtension>
        </extensions>
      </trkpt>
      <trkpt lat="37.52414041198790073394775390625" lon="127.05947234295308589935302734375">
        <ele>17.200000762939453125</ele>
        <time>2026-09-06T10:12:45.000Z</time>
        <extensions>
          <ns3:TrackPointExtension>
            <ns3:hr>151</ns3:hr>
            <ns3:cad>87</ns3:cad>
          </ns3:TrackPointExtension>
        </extensions>
      </trkpt>
      <trkpt lat="37.52411694265902042388916015625" lon="127.05951475538313388824462890625">
        <ele>17.200000762939453125</ele>
        <time>2026-09-06T10:12:46.000Z</time>
        <extensions>
          <ns3:TrackPointExtension>
            <ns3:hr>151</ns3:hr>
            <ns3:cad>86</ns3:cad>
          </ns3:TrackPointExtension>
        </extensions>
      </trkpt>
      <trkpt lat="37.5240982510149478912353515625" lon="127.05954543314874172210693359375">
        <ele>17.200000762939453125</ele>
        <time>2026-09-06T10:12:47.000Z</time>
        <extensions>
          <ns3:TrackPointExtension>
            <ns3:hr>152</ns3:hr>
            <ns3:cad>86</ns3:cad>
          </ns3:TrackPointExtension>
        </extensions>
      </trkpt>
      <trkpt lat="37.5240828283131122589111328125" lon="127.0595842413604259490966796875">
        <ele>17.3999996185302734375</ele>
        <time>2026-09-06T10:12:48.000Z</time>
        <extensions>
          <ns3:TrackPointExtension>
            <ns3:hr>152</ns3:hr>
            <ns3:cad>86</ns3:cad>
          </ns3:TrackPointExtension>
        </extensions>
      </trkpt>
      <trkpt lat="37.5240600295364856719970703125" lon="127.05962774343788623809814453125">
        <ele>17.3999996185302734375</ele>
        <time>2026-09-06T10:12:49.000Z</time>
        <extensions>
          <ns3:TrackPointExtension>
            <ns3:hr>152</ns3:hr>
            <ns3:cad>86</ns3:cad>
          </ns3:TrackPointExtension>
        </extensions>
      </trkpt>
      <trkpt lat="37.524048797786235809326171875" lon="127.05966311506927013397216796875">
        <ele>17.3999996185302734375</ele>
        <time>2026-09-06T10:12:50.000Z</time>
        <extensions>
          <ns3:TrackPointExtension>
            <ns3:hr>152</ns3:hr>
            <ns3:cad>86</ns3:cad>
          </ns3:TrackPointExtension>
        </extensions>
      </trkpt>
      <trkpt lat="37.5240231491625308990478515625" lon="127.05970586277544498443603515625">
        <ele>17.3999996185302734375</ele>
        <time>2026-09-06T10:12:51.000Z</time>
        <extensions>
          <ns3:TrackPointExtension>
            <ns3:hr>152</ns3:hr>
            <ns3:cad>86</ns3:cad>
          </ns3:TrackPointExtension>
        </extensions>
      </trkpt>
      <trkpt lat="37.52401418052613735198974609375" lon="127.0597391389310359954833984375">
        <ele>17.3999996185302734375</ele>
        <time>2026-09-06T10:12:52.000Z</time>
        <extensions>
          <ns3:TrackPointExtension>
            <ns3:hr>152</ns3:hr>
            <ns3:cad>85</ns3:cad>
          </ns3:TrackPointExtension>
        </extensions>
      </trkpt>
      <trkpt lat="37.52399188466370105743408203125" lon="127.05978683196008205413818359375">
        <ele>17.3999996185302734375</ele>
        <time>2026-09-06T10:12:53.000Z</time>
        <extensions>
          <ns3:TrackPointExtension>
            <ns3:hr>152</ns3:hr>
            <ns3:cad>85</ns3:cad>
          </ns3:TrackPointExtension>
        </extensions>
      </trkpt>
      <trkpt lat="37.52398115582764148712158203125" lon="127.05981700681149959564208984375">
        <ele>17.3999996185302734375</ele>
        <time>2026-09-06T10:12:54.000Z</time>
        <extensions>
          <ns3:TrackPointExtension>
            <ns3:hr>152</ns3:hr>
            <ns3:cad>85</ns3:cad>
          </ns3:TrackPointExtension>
        </extensions>
      </trkpt>
      <trkpt lat="37.523965649306774139404296875" lon="127.05985539592802524566650390625">
        <ele>17.3999996185302734375</ele>
        <time>2026-09-06T10:12:55.000Z</time>
        <extensions>
          <ns3:TrackPointExtension>
            <ns3:hr>152</ns3:hr>
            <ns3:cad>85</ns3:cad>
          </ns3:TrackPointExtension>
        </extensions>
      </trkpt>
      <trkpt lat="37.523949556052684783935546875" lon="127.05988808535039424896240234375">
        <ele>17.200000762939453125</ele>
        <time>2026-09-06T10:12:56.000Z</time>
        <extensions>
          <ns3:TrackPointExtension>
            <ns3:hr>152</ns3:hr>
            <ns3:cad>85</ns3:cad>
          </ns3:TrackPointExtension>
        </extensions>
      </trkpt>
      <trkpt lat="37.5239356420934200286865234375" lon="127.0599282346665859222412109375">
        <ele>17.200000762939453125</ele>
        <time>2026-09-06T10:12:57.000Z</time>
        <extensions>
          <ns3:TrackPointExtension>
            <ns3:hr>152</ns3:hr>
            <ns3:cad>85</ns3:cad>
          </ns3:TrackPointExtension>
        </extensions>
      </trkpt>
      <trkpt lat="37.52391426824033260345458984375" lon="127.05996184609830379486083984375">
        <ele>17.200000762939453125</ele>
        <time>2026-09-06T10:12:58.000Z</time>
        <extensions>
          <ns3:TrackPointExtension>
            <ns3:hr>152</ns3:hr>
            <ns3:cad>86</ns3:cad>
          </ns3:TrackPointExtension>
        </extensions>
      </trkpt>
      <trkpt lat="37.52390018664300441741943359375" lon="127.0599921047687530517578125">
        <ele>17.200000762939453125</ele>
        <time>2026-09-06T10:12:59.000Z</time>
        <extensions>
          <ns3:TrackPointExtension>
            <ns3:hr>153</ns3:hr>
            <ns3:cad>86</ns3:cad>
          </ns3:TrackPointExtension>
        </extensions>
      </trkpt>
      <trkpt lat="37.52387219108641147613525390625" lon="127.06002890132367610931396484375">
        <ele>17.200000762939453125</ele>
        <time>2026-09-06T10:13:00.000Z</time>
        <extensions>
          <ns3:TrackPointExtension>
            <ns3:hr>153</ns3:hr>
            <ns3:cad>86</ns3:cad>
          </ns3:TrackPointExtension>
        </extensions>
      </trkpt>
      <trkpt lat="37.5238608755171298980712890625" lon="127.06005513668060302734375">
        <ele>17.200000762939453125</ele>
        <time>2026-09-06T10:13:01.000Z</time>
        <extensions>
          <ns3:TrackPointExtension>
            <ns3:hr>153</ns3:hr>
            <ns3:cad>87</ns3:cad>
          </ns3:TrackPointExtension>
        </extensions>
      </trkpt>
      <trkpt lat="37.52383296377956867218017578125" lon="127.060097046196460723876953125">
        <ele>17</ele>
        <time>2026-09-06T10:13:02.000Z</time>
        <extensions>
          <ns3:TrackPointExtension>
            <ns3:hr>153</ns3:hr>
            <ns3:cad>87</ns3:cad>
          </ns3:TrackPointExtension>
        </extensions>
      </trkpt>
      <trkpt lat="37.52382089383900165557861328125" lon="127.06013023853302001953125">
        <ele>17.200000762939453125</ele>
        <time>2026-09-06T10:13:03.000Z</time>
        <extensions>
          <ns3:TrackPointExtension>
            <ns3:hr>154</ns3:hr>
            <ns3:cad>87</ns3:cad>
          </ns3:TrackPointExtension>
        </extensions>
      </trkpt>
      <trkpt lat="37.52379633486270904541015625" lon="127.06017516553401947021484375">
        <ele>17.200000762939453125</ele>
        <time>2026-09-06T10:13:04.000Z</time>
        <extensions>
          <ns3:TrackPointExtension>
            <ns3:hr>153</ns3:hr>
            <ns3:cad>87</ns3:cad>
          </ns3:TrackPointExtension>
        </extensions>
      </trkpt>
      <trkpt lat="37.523780576884746551513671875" lon="127.06020592711865901947021484375">
        <ele>17.200000762939453125</ele>
        <time>2026-09-06T10:13:05.000Z</time>
        <extensions>
          <ns3:TrackPointExtension>
            <ns3:hr>153</ns3:hr>
            <ns3:cad>87</ns3:cad>
          </ns3:TrackPointExtension>
        </extensions>
      </trkpt>
      <trkpt lat="37.523760460317134857177734375" lon="127.06024364568293094635009765625">
        <ele>17.3999996185302734375</ele>
        <time>2026-09-06T10:13:06.000Z</time>
        <extensions>
          <ns3:TrackPointExtension>
            <ns3:hr>153</ns3:hr>
            <ns3:cad>87</ns3:cad>
          </ns3:TrackPointExtension>
        </extensions>
      </trkpt>
      <trkpt lat="37.52373757772147655487060546875" lon="127.06027734093368053436279296875">
        <ele>17.6000003814697265625</ele>
        <time>2026-09-06T10:13:07.000Z</time>
        <extensions>
          <ns3:TrackPointExtension>
            <ns3:hr>153</ns3:hr>
            <ns3:cad>88</ns3:cad>
          </ns3:TrackPointExtension>
        </extensions>
      </trkpt>
      <trkpt lat="37.52372014336287975311279296875" lon="127.06030818633735179901123046875">
        <ele>17.6000003814697265625</ele>
        <time>2026-09-06T10:13:08.000Z</time>
        <extensions>
          <ns3:TrackPointExtension>
            <ns3:hr>153</ns3:hr>
            <ns3:cad>88</ns3:cad>
          </ns3:TrackPointExtension>
        </extensions>
      </trkpt>
      <trkpt lat="37.52369835041463375091552734375" lon="127.06034816801548004150390625">
        <ele>17.6000003814697265625</ele>
        <time>2026-09-06T10:13:09.000Z</time>
        <extensions>
          <ns3:TrackPointExtension>
            <ns3:hr>154</ns3:hr>
            <ns3:cad>88</ns3:cad>
          </ns3:TrackPointExtension>
        </extensions>
      </trkpt>
      <trkpt lat="37.52368477173149585723876953125" lon="127.06038094125688076019287109375">
        <ele>17.3999996185302734375</ele>
        <time>2026-09-06T10:13:10.000Z</time>
        <extensions>
          <ns3:TrackPointExtension>
            <ns3:hr>153</ns3:hr>
            <ns3:cad>88</ns3:cad>
          </ns3:TrackPointExtension>
        </extensions>
      </trkpt>
      <trkpt lat="37.52366767264902591705322265625" lon="127.06042352132499217987060546875">
        <ele>17.3999996185302734375</ele>
        <time>2026-09-06T10:13:11.000Z</time>
        <extensions>
          <ns3:TrackPointExtension>
            <ns3:hr>153</ns3:hr>
            <ns3:cad>88</ns3:cad>
          </ns3:TrackPointExtension>
        </extensions>
      </trkpt>
      <trkpt lat="37.52365283668041229248046875" lon="127.0604574680328369140625">
        <ele>17.6000003814697265625</ele>
        <time>2026-09-06T10:13:12.000Z</time>
        <extensions>
          <ns3:TrackPointExtension>
            <ns3:hr>152</ns3:hr>
            <ns3:cad>88</ns3:cad>
          </ns3:TrackPointExtension>
        </extensions>
      </trkpt>
      <trkpt lat="37.52362626604735851287841796875" lon="127.06049610860645771026611328125">
        <ele>17.6000003814697265625</ele>
        <time>2026-09-06T10:13:13.000Z</time>
        <extensions>
          <ns3:TrackPointExtension>
            <ns3:hr>152</ns3:hr>
            <ns3:cad>87</ns3:cad>
          </ns3:TrackPointExtension>
        </extensions>
      </trkpt>
      <trkpt lat="37.52361905761063098907470703125" lon="127.06052192486822605133056640625">
        <ele>17.3999996185302734375</ele>
        <time>2026-09-06T10:13:14.000Z</time>
        <extensions>
          <ns3:TrackPointExtension>
            <ns3:hr>152</ns3:hr>
            <ns3:cad>86</ns3:cad>
          </ns3:TrackPointExtension>
        </extensions>
      </trkpt>
      <trkpt lat="37.52359927631914615631103515625" lon="127.06056500785052776336669921875">
        <ele>17.3999996185302734375</ele>
        <time>2026-09-06T10:13:15.000Z</time>
        <extensions>
          <ns3:TrackPointExtension>
            <ns3:hr>152</ns3:hr>
            <ns3:cad>86</ns3:cad>
          </ns3:TrackPointExtension>
        </extensions>
      </trkpt>
      <trkpt lat="37.52358502708375453948974609375" lon="127.06060222350060939788818359375">
        <ele>17.3999996185302734375</ele>
        <time>2026-09-06T10:13:16.000Z</time>
        <extensions>
          <ns3:TrackPointExtension>
            <ns3:hr>152</ns3:hr>
            <ns3:cad>86</ns3:cad>
          </ns3:TrackPointExtension>
        </extensions>
      </trkpt>
      <trkpt lat="37.5235688500106334686279296875" lon="127.0606400258839130401611328125">
        <ele>17.200000762939453125</ele>
        <time>2026-09-06T10:13:17.000Z</time>
        <extensions>
          <ns3:TrackPointExtension>
            <ns3:hr>152</ns3:hr>
            <ns3:cad>86</ns3:cad>
          </ns3:TrackPointExtension>
        </extensions>
      </trkpt>
      <trkpt lat="37.52354630269110202789306640625" lon="127.060675062239170074462890625">
        <ele>17</ele>
        <time>2026-09-06T10:13:18.000Z</time>
        <extensions>
          <ns3:TrackPointExtension>
            <ns3:hr>152</ns3:hr>
            <ns3:cad>86</ns3:cad>
          </ns3:TrackPointExtension>
        </extensions>
      </trkpt>
      <trkpt lat="37.5235323049128055572509765625" lon="127.06070867367088794708251953125">
        <ele>17.200000762939453125</ele>
        <time>2026-09-06T10:13:19.000Z</time>
        <extensions>
          <ns3:TrackPointExtension>
            <ns3:hr>152</ns3:hr>
            <ns3:cad>86</ns3:cad>
          </ns3:TrackPointExtension>
        </extensions>
      </trkpt>
      <trkpt lat="37.52350992523133754730224609375" lon="127.06075058318674564361572265625">
        <ele>17.3999996185302734375</ele>
        <time>2026-09-06T10:13:20.000Z</time>
        <extensions>
          <ns3:TrackPointExtension>
            <ns3:hr>152</ns3:hr>
            <ns3:cad>86</ns3:cad>
          </ns3:TrackPointExtension>
        </extensions>
      </trkpt>
      <trkpt lat="37.52349450252950191497802734375" lon="127.06077774055302143096923828125">
        <ele>17.200000762939453125</ele>
        <time>2026-09-06T10:13:21.000Z</time>
        <extensions>
          <ns3:TrackPointExtension>
            <ns3:hr>152</ns3:hr>
            <ns3:cad>86</ns3:cad>
          </ns3:TrackPointExtension>
        </extensions>
      </trkpt>
      <trkpt lat="37.52346508204936981201171875" lon="127.06082300283014774322509765625">
        <ele>17.3999996185302734375</ele>
        <time>2026-09-06T10:13:22.000Z</time>
        <extensions>
          <ns3:TrackPointExtension>
            <ns3:hr>152</ns3:hr>
            <ns3:cad>86</ns3:cad>
          </ns3:TrackPointExtension>
        </extensions>
      </trkpt>
      <trkpt lat="37.52345393411815166473388671875" lon="127.06085585989058017730712890625">
        <ele>17.3999996185302734375</ele>
        <time>2026-09-06T10:13:23.000Z</time>
        <extensions>
          <ns3:TrackPointExtension>
            <ns3:hr>151</ns3:hr>
            <ns3:cad>86</ns3:cad>
          </ns3:TrackPointExtension>
        </extensions>
      </trkpt>
      <trkpt lat="37.523431219160556793212890625" lon="127.06089802086353302001953125">
        <ele>17.200000762939453125</ele>
        <time>2026-09-06T10:13:24.000Z</time>
        <extensions>
          <ns3:TrackPointExtension>
            <ns3:hr>151</ns3:hr>
            <ns3:cad>86</ns3:cad>
          </ns3:TrackPointExtension>
        </extensions>
      </trkpt>
      <trkpt lat="37.523416467010974884033203125" lon="127.0609290339052677154541015625">
        <ele>17.200000762939453125</ele>
        <time>2026-09-06T10:13:25.000Z</time>
        <extensions>
          <ns3:TrackPointExtension>
            <ns3:hr>151</ns3:hr>
            <ns3:cad>86</ns3:cad>
          </ns3:TrackPointExtension>
        </extensions>
      </trkpt>
      <trkpt lat="37.52339626662433147430419921875" lon="127.06096566282212734222412109375">
        <ele>17.200000762939453125</ele>
        <time>2026-09-06T10:13:26.000Z</time>
        <extensions>
          <ns3:TrackPointExtension>
            <ns3:hr>151</ns3:hr>
            <ns3:cad>86</ns3:cad>
          </ns3:TrackPointExtension>
        </extensions>
      </trkpt>
      <trkpt lat="37.52337615005671977996826171875" lon="127.0609970949590206146240234375">
        <ele>17.200000762939453125</ele>
        <time>2026-09-06T10:13:27.000Z</time>
        <extensions>
          <ns3:TrackPointExtension>
            <ns3:hr>152</ns3:hr>
            <ns3:cad>86</ns3:cad>
          </ns3:TrackPointExtension>
        </extensions>
      </trkpt>
      <trkpt lat="37.52336047589778900146484375" lon="127.06102852709591388702392578125">
        <ele>17.200000762939453125</ele>
        <time>2026-09-06T10:13:28.000Z</time>
        <extensions>
          <ns3:TrackPointExtension>
            <ns3:hr>152</ns3:hr>
            <ns3:cad>87</ns3:cad>
          </ns3:TrackPointExtension>
        </extensions>
      </trkpt>
      <trkpt lat="37.5233391858637332916259765625" lon="127.06106959842145442962646484375">
        <ele>17</ele>
        <time>2026-09-06T10:13:29.000Z</time>
        <extensions>
          <ns3:TrackPointExtension>
            <ns3:hr>152</ns3:hr>
            <ns3:cad>87</ns3:cad>
          </ns3:TrackPointExtension>
        </extensions>
      </trkpt>
      <trkpt lat="37.52332736738026142120361328125" lon="127.0611006952822208404541015625">
        <ele>17</ele>
        <time>2026-09-06T10:13:30.000Z</time>
        <extensions>
          <ns3:TrackPointExtension>
            <ns3:hr>152</ns3:hr>
            <ns3:cad>87</ns3:cad>
          </ns3:TrackPointExtension>
        </extensions>
      </trkpt>
      <trkpt lat="37.5233002938330173492431640625" lon="127.06114151515066623687744140625">
        <ele>17</ele>
        <time>2026-09-06T10:13:31.000Z</time>
        <extensions>
          <ns3:TrackPointExtension>
            <ns3:hr>152</ns3:hr>
            <ns3:cad>87</ns3:cad>
          </ns3:TrackPointExtension>
        </extensions>
      </trkpt>
      <trkpt lat="37.5232912413775920867919921875" lon="127.061168588697910308837890625">
        <ele>16.799999237060546875</ele>
        <time>2026-09-06T10:13:32.000Z</time>
        <extensions>
          <ns3:TrackPointExtension>
            <ns3:hr>152</ns3:hr>
            <ns3:cad>87</ns3:cad>
          </ns3:TrackPointExtension>
        </extensions>
      </trkpt>
      <trkpt lat="37.5232717953622341156005859375" lon="127.0612143538892269134521484375">
        <ele>16.799999237060546875</ele>
        <time>2026-09-06T10:13:33.000Z</time>
        <extensions>
          <ns3:TrackPointExtension>
            <ns3:hr>152</ns3:hr>
            <ns3:cad>87</ns3:cad>
          </ns3:TrackPointExtension>
        </extensions>
      </trkpt>
      <trkpt lat="37.5232590548694133758544921875" lon="127.06124377436935901641845703125">
        <ele>16.799999237060546875</ele>
        <time>2026-09-06T10:13:34.000Z</time>
        <extensions>
          <ns3:TrackPointExtension>
            <ns3:hr>153</ns3:hr>
            <ns3:cad>87</ns3:cad>
          </ns3:TrackPointExtension>
        </extensions>
      </trkpt>
      <trkpt lat="37.5232396088540554046630859375" lon="127.06128115765750408172607421875">
        <ele>16.799999237060546875</ele>
        <time>2026-09-06T10:13:35.000Z</time>
        <extensions>
          <ns3:TrackPointExtension>
            <ns3:hr>153</ns3:hr>
            <ns3:cad>87</ns3:cad>
          </ns3:TrackPointExtension>
        </extensions>
      </trkpt>
      <trkpt lat="37.52322007901966571807861328125" lon="127.0613144338130950927734375">
        <ele>16.799999237060546875</ele>
        <time>2026-09-06T10:13:36.000Z</time>
        <extensions>
          <ns3:TrackPointExtension>
            <ns3:hr>154</ns3:hr>
            <ns3:cad>87</ns3:cad>
          </ns3:TrackPointExtension>
        </extensions>
      </trkpt>
      <trkpt lat="37.5232050754129886627197265625" lon="127.06134720705449581146240234375">
        <ele>16.799999237060546875</ele>
        <time>2026-09-06T10:13:37.000Z</time>
        <extensions>
          <ns3:TrackPointExtension>
            <ns3:hr>153</ns3:hr>
            <ns3:cad>87</ns3:cad>
          </ns3:TrackPointExtension>
        </extensions>
      </trkpt>
      <trkpt lat="37.523179762065410614013671875" lon="127.061383165419101715087890625">
        <ele>16.6000003814697265625</ele>
        <time>2026-09-06T10:13:38.000Z</time>
        <extensions>
          <ns3:TrackPointExtension>
            <ns3:hr>153</ns3:hr>
            <ns3:cad>87</ns3:cad>
          </ns3:TrackPointExtension>
        </extensions>
      </trkpt>
      <trkpt lat="37.523162998259067535400390625" lon="127.061413340270519256591796875">
        <ele>16.6000003814697265625</ele>
        <time>2026-09-06T10:13:39.000Z</time>
        <extensions>
          <ns3:TrackPointExtension>
            <ns3:hr>153</ns3:hr>
            <ns3:cad>87</ns3:cad>
          </ns3:TrackPointExtension>
        </extensions>
      </trkpt>
      <trkpt lat="37.52314246259629726409912109375" lon="127.0614564232528209686279296875">
        <ele>16.6000003814697265625</ele>
        <time>2026-09-06T10:13:40.000Z</time>
        <extensions>
          <ns3:TrackPointExtension>
            <ns3:hr>154</ns3:hr>
            <ns3:cad>86</ns3:cad>
          </ns3:TrackPointExtension>
        </extensions>
      </trkpt>
      <trkpt lat="37.5231326557695865631103515625" lon="127.0614865981042385101318359375">
        <ele>16.799999237060546875</ele>
        <time>2026-09-06T10:13:41.000Z</time>
        <extensions>
          <ns3:TrackPointExtension>
            <ns3:hr>153</ns3:hr>
            <ns3:cad>86</ns3:cad>
          </ns3:TrackPointExtension>
        </extensions>
      </trkpt>
      <trkpt lat="37.5231148861348628997802734375" lon="127.06152926199138164520263671875">
        <ele>16.799999237060546875</ele>
        <time>2026-09-06T10:13:42.000Z</time>
        <extensions>
          <ns3:TrackPointExtension>
            <ns3:hr>153</ns3:hr>
            <ns3:cad>86</ns3:cad>
          </ns3:TrackPointExtension>
        </extensions>
      </trkpt>
      <trkpt lat="37.52310097217559814453125" lon="127.0615630410611629486083984375">
        <ele>17</ele>
        <time>2026-09-06T10:13:43.000Z</time>
        <extensions>
          <ns3:TrackPointExtension>
            <ns3:hr>154</ns3:hr>
            <ns3:cad>86</ns3:cad>
          </ns3:TrackPointExtension>
        </extensions>
      </trkpt>
      <trkpt lat="37.5230830349028110504150390625" lon="127.06159329973161220550537109375">
        <ele>16.799999237060546875</ele>
        <time>2026-09-06T10:13:44.000Z</time>
        <extensions>
          <ns3:TrackPointExtension>
            <ns3:hr>154</ns3:hr>
            <ns3:cad>86</ns3:cad>
          </ns3:TrackPointExtension>
        </extensions>
      </trkpt>
      <trkpt lat="37.52306316979229450225830078125" lon="127.06162414513528347015380859375">
        <ele>16.799999237060546875</ele>
        <time>2026-09-06T10:13:45.000Z</time>
        <extensions>
          <ns3:TrackPointExtension>
            <ns3:hr>154</ns3:hr>
            <ns3:cad>86</ns3:cad>
          </ns3:TrackPointExtension>
        </extensions>
      </trkpt>
      <trkpt lat="37.52305068075656890869140625" lon="127.061654068529605865478515625">
        <ele>16.6000003814697265625</ele>
        <time>2026-09-06T10:13:46.000Z</time>
        <extensions>
          <ns3:TrackPointExtension>
            <ns3:hr>154</ns3:hr>
            <ns3:cad>86</ns3:cad>
          </ns3:TrackPointExtension>
        </extensions>
      </trkpt>
      <trkpt lat="37.5230260379612445831298828125" lon="127.06169220618903636932373046875">
        <ele>16.3999996185302734375</ele>
        <time>2026-09-06T10:13:47.000Z</time>
        <extensions>
          <ns3:TrackPointExtension>
            <ns3:hr>154</ns3:hr>
            <ns3:cad>86</ns3:cad>
          </ns3:TrackPointExtension>
        </extensions>
      </trkpt>
      <trkpt lat="37.5230126269161701202392578125" lon="127.06172145903110504150390625">
        <ele>16.3999996185302734375</ele>
        <time>2026-09-06T10:13:48.000Z</time>
        <extensions>
          <ns3:TrackPointExtension>
            <ns3:hr>154</ns3:hr>
            <ns3:cad>86</ns3:cad>
          </ns3:TrackPointExtension>
        </extensions>
      </trkpt>
      <trkpt lat="37.52298940904438495635986328125" lon="127.061763703823089599609375">
        <ele>16.3999996185302734375</ele>
        <time>2026-09-06T10:13:49.000Z</time>
        <extensions>
          <ns3:TrackPointExtension>
            <ns3:hr>154</ns3:hr>
            <ns3:cad>86</ns3:cad>
          </ns3:TrackPointExtension>
        </extensions>
      </trkpt>
      <trkpt lat="37.52297784201800823211669921875" lon="127.06179329194128513336181640625">
        <ele>16.3999996185302734375</ele>
        <time>2026-09-06T10:13:50.000Z</time>
        <extensions>
          <ns3:TrackPointExtension>
            <ns3:hr>155</ns3:hr>
            <ns3:cad>86</ns3:cad>
          </ns3:TrackPointExtension>
        </extensions>
      </trkpt>
      <trkpt lat="37.522957138717174530029296875" lon="127.06183536909520626068115234375">
        <ele>16.3999996185302734375</ele>
        <time>2026-09-06T10:13:51.000Z</time>
        <extensions>
          <ns3:TrackPointExtension>
            <ns3:hr>155</ns3:hr>
            <ns3:cad>87</ns3:cad>
          </ns3:TrackPointExtension>
        </extensions>
      </trkpt>
      <trkpt lat="37.5229388661682605743408203125" lon="127.06186956726014614105224609375">
        <ele>16.3999996185302734375</ele>
        <time>2026-09-06T10:13:52.000Z</time>
        <extensions>
          <ns3:TrackPointExtension>
            <ns3:hr>155</ns3:hr>
            <ns3:cad>87</ns3:cad>
          </ns3:TrackPointExtension>
        </extensions>
      </trkpt>
      <trkpt lat="37.52292201854288578033447265625" lon="127.0619040168821811676025390625">
        <ele>16.3999996185302734375</ele>
        <time>2026-09-06T10:13:53.000Z</time>
        <extensions>
          <ns3:TrackPointExtension>
            <ns3:hr>155</ns3:hr>
            <ns3:cad>87</ns3:cad>
          </ns3:TrackPointExtension>
        </extensions>
      </trkpt>
      <trkpt lat="37.5229026563465595245361328125" lon="127.06194316036999225616455078125">
        <ele>16.6000003814697265625</ele>
        <time>2026-09-06T10:13:54.000Z</time>
        <extensions>
          <ns3:TrackPointExtension>
            <ns3:hr>154</ns3:hr>
            <ns3:cad>87</ns3:cad>
          </ns3:TrackPointExtension>
        </extensions>
      </trkpt>
      <trkpt lat="37.5228942744433879852294921875" lon="127.061970569193363189697265625">
        <ele>16.6000003814697265625</ele>
        <time>2026-09-06T10:13:55.000Z</time>
        <extensions>
          <ns3:TrackPointExtension>
            <ns3:hr>155</ns3:hr>
            <ns3:cad>87</ns3:cad>
          </ns3:TrackPointExtension>
        </extensions>
      </trkpt>
      <trkpt lat="37.52287189476191997528076171875" lon="127.06200837157666683197021484375">
        <ele>16.6000003814697265625</ele>
        <time>2026-09-06T10:13:56.000Z</time>
        <extensions>
          <ns3:TrackPointExtension>
            <ns3:hr>154</ns3:hr>
            <ns3:cad>87</ns3:cad>
          </ns3:TrackPointExtension>
        </extensions>
      </trkpt>
      <trkpt lat="37.52286116592586040496826171875" lon="127.06203586421906948089599609375">
        <ele>16.6000003814697265625</ele>
        <time>2026-09-06T10:13:57.000Z</time>
        <extensions>
          <ns3:TrackPointExtension>
            <ns3:hr>154</ns3:hr>
            <ns3:cad>86</ns3:cad>
          </ns3:TrackPointExtension>
        </extensions>
      </trkpt>
      <trkpt lat="37.522837780416011810302734375" lon="127.06207961775362491607666015625">
        <ele>16.6000003814697265625</ele>
        <time>2026-09-06T10:13:58.000Z</time>
        <extensions>
          <ns3:TrackPointExtension>
            <ns3:hr>154</ns3:hr>
            <ns3:cad>86</ns3:cad>
          </ns3:TrackPointExtension>
        </extensions>
      </trkpt>
      <trkpt lat="37.52282311208546161651611328125" lon="127.06210928969085216522216796875">
        <ele>16.3999996185302734375</ele>
        <time>2026-09-06T10:13:59.000Z</time>
        <extensions>
          <ns3:TrackPointExtension>
            <ns3:hr>155</ns3:hr>
            <ns3:cad>86</ns3:cad>
          </ns3:TrackPointExtension>
        </extensions>
      </trkpt>
      <trkpt lat="37.52280668355524539947509765625" lon="127.06214650534093379974365234375">
        <ele>16.6000003814697265625</ele>
        <time>2026-09-06T10:14:00.000Z</time>
        <extensions>
          <ns3:TrackPointExtension>
            <ns3:hr>155</ns3:hr>
            <ns3:cad>86</ns3:cad>
          </ns3:TrackPointExtension>
        </extensions>
      </trkpt>
      <trkpt lat="37.5227903388440608978271484375" lon="127.062177769839763641357421875">
        <ele>16.799999237060546875</ele>
        <time>2026-09-06T10:14:01.000Z</time>
        <extensions>
          <ns3:TrackPointExtension>
            <ns3:hr>155</ns3:hr>
            <ns3:cad>86</ns3:cad>
          </ns3:TrackPointExtension>
        </extensions>
      </trkpt>
      <trkpt lat="37.52277567051351070404052734375" lon="127.06221163272857666015625">
        <ele>16.799999237060546875</ele>
        <time>2026-09-06T10:14:02.000Z</time>
        <extensions>
          <ns3:TrackPointExtension>
            <ns3:hr>155</ns3:hr>
            <ns3:cad>86</ns3:cad>
          </ns3:TrackPointExtension>
        </extensions>
      </trkpt>
      <trkpt lat="37.52275186590850353240966796875" lon="127.062248848378658294677734375">
        <ele>16.799999237060546875</ele>
        <time>2026-09-06T10:14:03.000Z</time>
        <extensions>
          <ns3:TrackPointExtension>
            <ns3:hr>155</ns3:hr>
            <ns3:cad>87</ns3:cad>
          </ns3:TrackPointExtension>
        </extensions>
      </trkpt>
      <trkpt lat="37.5227454118430614471435546875" lon="127.06228061579167842864990234375">
        <ele>17</ele>
        <time>2026-09-06T10:14:04.000Z</time>
        <extensions>
          <ns3:TrackPointExtension>
            <ns3:hr>155</ns3:hr>
            <ns3:cad>87</ns3:cad>
          </ns3:TrackPointExtension>
        </extensions>
      </trkpt>
      <trkpt lat="37.5227232836186885833740234375" lon="127.06232973374426364898681640625">
        <ele>17</ele>
        <time>2026-09-06T10:14:05.000Z</time>
        <extensions>
          <ns3:TrackPointExtension>
            <ns3:hr>155</ns3:hr>
            <ns3:cad>87</ns3:cad>
          </ns3:TrackPointExtension>
        </extensions>
      </trkpt>
      <trkpt lat="37.52271146513521671295166015625" lon="127.06235848367214202880859375">
        <ele>16.799999237060546875</ele>
        <time>2026-09-06T10:14:06.000Z</time>
        <extensions>
          <ns3:TrackPointExtension>
            <ns3:hr>155</ns3:hr>
            <ns3:cad>87</ns3:cad>
          </ns3:TrackPointExtension>
        </extensions>
      </trkpt>
      <trkpt lat="37.5226820446550846099853515625" lon="127.06239896826446056365966796875">
        <ele>16.799999237060546875</ele>
        <time>2026-09-06T10:14:07.000Z</time>
        <extensions>
          <ns3:TrackPointExtension>
            <ns3:hr>155</ns3:hr>
            <ns3:cad>87</ns3:cad>
          </ns3:TrackPointExtension>
        </extensions>
      </trkpt>
      <trkpt lat="37.52266670577228069305419921875" lon="127.06242159940302371978759765625">
        <ele>16.799999237060546875</ele>
        <time>2026-09-06T10:14:08.000Z</time>
        <extensions>
          <ns3:TrackPointExtension>
            <ns3:hr>155</ns3:hr>
            <ns3:cad>87</ns3:cad>
          </ns3:TrackPointExtension>
        </extensions>
      </trkpt>
      <trkpt lat="37.52263871021568775177001953125" lon="127.06244942732155323028564453125">
        <ele>16.799999237060546875</ele>
        <time>2026-09-06T10:14:09.000Z</time>
        <extensions>
          <ns3:TrackPointExtension>
            <ns3:hr>155</ns3:hr>
            <ns3:cad>87</ns3:cad>
          </ns3:TrackPointExtension>
        </extensions>
      </trkpt>
      <trkpt lat="37.52261574380099773406982421875" lon="127.0624759979546070098876953125">
        <ele>16.799999237060546875</ele>
        <time>2026-09-06T10:14:10.000Z</time>
        <extensions>
          <ns3:TrackPointExtension>
            <ns3:hr>155</ns3:hr>
            <ns3:cad>87</ns3:cad>
          </ns3:TrackPointExtension>
        </extensions>
      </trkpt>
      <trkpt lat="37.52259680069983005523681640625" lon="127.0625095255672931671142578125">
        <ele>16.799999237060546875</ele>
        <time>2026-09-06T10:14:11.000Z</time>
        <extensions>
          <ns3:TrackPointExtension>
            <ns3:hr>154</ns3:hr>
            <ns3:cad>87</ns3:cad>
          </ns3:TrackPointExtension>
        </extensions>
      </trkpt>
      <trkpt lat="37.5225754268467426300048828125" lon="127.0625460706651210784912109375">
        <ele>16.799999237060546875</ele>
        <time>2026-09-06T10:14:12.000Z</time>
        <extensions>
          <ns3:TrackPointExtension>
            <ns3:hr>154</ns3:hr>
            <ns3:cad>87</ns3:cad>
          </ns3:TrackPointExtension>
        </extensions>
      </trkpt>
      <trkpt lat="37.52255891449749469757080078125" lon="127.0625624991953372955322265625">
        <ele>16.799999237060546875</ele>
        <time>2026-09-06T10:14:13.000Z</time>
        <extensions>
          <ns3:TrackPointExtension>
            <ns3:hr>154</ns3:hr>
            <ns3:cad>87</ns3:cad>
          </ns3:TrackPointExtension>
        </extensions>
      </trkpt>
      <trkpt lat="37.52252572216093540191650390625" lon="127.0625965297222137451171875">
        <ele>16.6000003814697265625</ele>
        <time>2026-09-06T10:14:14.000Z</time>
        <extensions>
          <ns3:TrackPointExtension>
            <ns3:hr>154</ns3:hr>
            <ns3:cad>87</ns3:cad>
          </ns3:TrackPointExtension>
        </extensions>
      </trkpt>
      <trkpt lat="37.52251080237329006195068359375" lon="127.0626313984394073486328125">
        <ele>16.6000003814697265625</ele>
        <time>2026-09-06T10:14:15.000Z</time>
        <extensions>
          <ns3:TrackPointExtension>
            <ns3:hr>155</ns3:hr>
            <ns3:cad>87</ns3:cad>
          </ns3:TrackPointExtension>
        </extensions>
      </trkpt>
      <trkpt lat="37.52247844822704792022705078125" lon="127.06266769208014011383056640625">
        <ele>16.6000003814697265625</ele>
        <time>2026-09-06T10:14:16.000Z</time>
        <extensions>
          <ns3:TrackPointExtension>
            <ns3:hr>154</ns3:hr>
            <ns3:cad>87</ns3:cad>
          </ns3:TrackPointExtension>
        </extensions>
      </trkpt>
      <trkpt lat="37.5224584154784679412841796875" lon="127.0626902393996715545654296875">
        <ele>16.799999237060546875</ele>
        <time>2026-09-06T10:14:17.000Z</time>
        <extensions>
          <ns3:TrackPointExtension>
            <ns3:hr>155</ns3:hr>
            <ns3:cad>87</ns3:cad>
          </ns3:TrackPointExtension>
        </extensions>
      </trkpt>
      <trkpt lat="37.52242899499833583831787109375" lon="127.0627257786691188812255859375">
        <ele>16.799999237060546875</ele>
        <time>2026-09-06T10:14:18.000Z</time>
        <extensions>
          <ns3:TrackPointExtension>
            <ns3:hr>154</ns3:hr>
            <ns3:cad>87</ns3:cad>
          </ns3:TrackPointExtension>
        </extensions>
      </trkpt>
      <trkpt lat="37.5224098004400730133056640625" lon="127.06275285221636295318603515625">
        <ele>16.6000003814697265625</ele>
        <time>2026-09-06T10:14:19.000Z</time>
        <extensions>
          <ns3:TrackPointExtension>
            <ns3:hr>154</ns3:hr>
            <ns3:cad>87</ns3:cad>
          </ns3:TrackPointExtension>
        </extensions>
      </trkpt>
      <trkpt lat="37.52238239161670207977294921875" lon="127.062791325151920318603515625">
        <ele>16.6000003814697265625</ele>
        <time>2026-09-06T10:14:20.000Z</time>
        <extensions>
          <ns3:TrackPointExtension>
            <ns3:hr>154</ns3:hr>
            <ns3:cad>87</ns3:cad>
          </ns3:TrackPointExtension>
        </extensions>
      </trkpt>
      <trkpt lat="37.5223642028868198394775390625" lon="127.0628193207085132598876953125">
        <ele>16.6000003814697265625</ele>
        <time>2026-09-06T10:14:21.000Z</time>
        <extensions>
          <ns3:TrackPointExtension>
            <ns3:hr>154</ns3:hr>
            <ns3:cad>87</ns3:cad>
          </ns3:TrackPointExtension>
        </extensions>
      </trkpt>
      <trkpt lat="37.52234165556728839874267578125" lon="127.06285377033054828643798828125">
        <ele>16.6000003814697265625</ele>
        <time>2026-09-06T10:14:22.000Z</time>
        <extensions>
          <ns3:TrackPointExtension>
            <ns3:hr>154</ns3:hr>
            <ns3:cad>87</ns3:cad>
          </ns3:TrackPointExtension>
        </extensions>
      </trkpt>
      <trkpt lat="37.52231634221971035003662109375" lon="127.0628816820681095123291015625">
        <ele>16.6000003814697265625</ele>
        <time>2026-09-06T10:14:23.000Z</time>
        <extensions>
          <ns3:TrackPointExtension>
            <ns3:hr>153</ns3:hr>
            <ns3:cad>87</ns3:cad>
          </ns3:TrackPointExtension>
        </extensions>
      </trkpt>
      <trkpt lat="37.5222971476614475250244140625" lon="127.0629081688821315765380859375">
        <ele>16.6000003814697265625</ele>
        <time>2026-09-06T10:14:24.000Z</time>
        <extensions>
          <ns3:TrackPointExtension>
            <ns3:hr>153</ns3:hr>
            <ns3:cad>87</ns3:cad>
          </ns3:TrackPointExtension>
        </extensions>
      </trkpt>
      <trkpt lat="37.5222676433622837066650390625" lon="127.0629336498677730560302734375">
        <ele>16.6000003814697265625</ele>
        <time>2026-09-06T10:14:25.000Z</time>
        <extensions>
          <ns3:TrackPointExtension>
            <ns3:hr>153</ns3:hr>
            <ns3:cad>87</ns3:cad>
          </ns3:TrackPointExtension>
        </extensions>
      </trkpt>
      <trkpt lat="37.52224735915660858154296875" lon="127.06295820884406566619873046875">
        <ele>16.6000003814697265625</ele>
        <time>2026-09-06T10:14:26.000Z</time>
        <extensions>
          <ns3:TrackPointExtension>
            <ns3:hr>153</ns3:hr>
            <ns3:cad>87</ns3:cad>
          </ns3:TrackPointExtension>
        </extensions>
      </trkpt>
      <trkpt lat="37.52221877686679363250732421875" lon="127.0629894733428955078125">
        <ele>16.6000003814697265625</ele>
        <time>2026-09-06T10:14:27.000Z</time>
        <extensions>
          <ns3:TrackPointExtension>
            <ns3:hr>153</ns3:hr>
            <ns3:cad>87</ns3:cad>
          </ns3:TrackPointExtension>
        </extensions>
      </trkpt>
      <trkpt lat="37.5221972353756427764892578125" lon="127.06301973201334476470947265625">
        <ele>16.6000003814697265625</ele>
        <time>2026-09-06T10:14:28.000Z</time>
        <extensions>
          <ns3:TrackPointExtension>
            <ns3:hr>153</ns3:hr>
            <ns3:cad>87</ns3:cad>
          </ns3:TrackPointExtension>
        </extensions>
      </trkpt>
      <trkpt lat="37.52215574495494365692138671875" lon="127.063049487769603729248046875">
        <ele>16.6000003814697265625</ele>
        <time>2026-09-06T10:14:29.000Z</time>
        <extensions>
          <ns3:TrackPointExtension>
            <ns3:hr>153</ns3:hr>
            <ns3:cad>87</ns3:cad>
          </ns3:TrackPointExtension>
        </extensions>
      </trkpt>
      <trkpt lat="37.522134371101856231689453125" lon="127.06307639367878437042236328125">
        <ele>16.6000003814697265625</ele>
        <time>2026-09-06T10:14:30.000Z</time>
        <extensions>
          <ns3:TrackPointExtension>
            <ns3:hr>152</ns3:hr>
            <ns3:cad>87</ns3:cad>
          </ns3:TrackPointExtension>
        </extensions>
      </trkpt>
      <trkpt lat="37.522097490727901458740234375" lon="127.06310556270182132720947265625">
        <ele>16.6000003814697265625</ele>
        <time>2026-09-06T10:14:31.000Z</time>
        <extensions>
          <ns3:TrackPointExtension>
            <ns3:hr>152</ns3:hr>
            <ns3:cad>87</ns3:cad>
          </ns3:TrackPointExtension>
        </extensions>
      </trkpt>
      <trkpt lat="37.52206941135227680206298828125" lon="127.06313087604939937591552734375">
        <ele>16.6000003814697265625</ele>
        <time>2026-09-06T10:14:32.000Z</time>
        <extensions>
          <ns3:TrackPointExtension>
            <ns3:hr>152</ns3:hr>
            <ns3:cad>87</ns3:cad>
          </ns3:TrackPointExtension>
        </extensions>
      </trkpt>
      <trkpt lat="37.5220373086631298065185546875" lon="127.06316323019564151763916015625">
        <ele>16.6000003814697265625</ele>
        <time>2026-09-06T10:14:33.000Z</time>
        <extensions>
          <ns3:TrackPointExtension>
            <ns3:hr>152</ns3:hr>
            <ns3:cad>87</ns3:cad>
          </ns3:TrackPointExtension>
        </extensions>
      </trkpt>
      <trkpt lat="37.52201140858232975006103515625" lon="127.06319055519998073577880859375">
        <ele>16.6000003814697265625</ele>
        <time>2026-09-06T10:14:34.000Z</time>
        <extensions>
          <ns3:TrackPointExtension>
            <ns3:hr>152</ns3:hr>
            <ns3:cad>87</ns3:cad>
          </ns3:TrackPointExtension>
        </extensions>
      </trkpt>
      <trkpt lat="37.521973438560962677001953125" lon="127.0632188022136688232421875">
        <ele>16.6000003814697265625</ele>
        <time>2026-09-06T10:14:35.000Z</time>
        <extensions>
          <ns3:TrackPointExtension>
            <ns3:hr>152</ns3:hr>
            <ns3:cad>87</ns3:cad>
          </ns3:TrackPointExtension>
        </extensions>
      </trkpt>
      <trkpt lat="37.521940581500530242919921875" lon="127.0632444508373737335205078125">
        <ele>16.799999237060546875</ele>
        <time>2026-09-06T10:14:36.000Z</time>
        <extensions>
          <ns3:TrackPointExtension>
            <ns3:hr>151</ns3:hr>
            <ns3:cad>87</ns3:cad>
          </ns3:TrackPointExtension>
        </extensions>
      </trkpt>
      <trkpt lat="37.52190864644944667816162109375" lon="127.063271105289459228515625">
        <ele>16.6000003814697265625</ele>
        <time>2026-09-06T10:14:37.000Z</time>
        <extensions>
          <ns3:TrackPointExtension>
            <ns3:hr>151</ns3:hr>
            <ns3:cad>87</ns3:cad>
          </ns3:TrackPointExtension>
        </extensions>
      </trkpt>
      <trkpt lat="37.52186791040003299713134765625" lon="127.06329750828444957733154296875">
        <ele>16.6000003814697265625</ele>
        <time>2026-09-06T10:14:38.000Z</time>
        <extensions>
          <ns3:TrackPointExtension>
            <ns3:hr>152</ns3:hr>
            <ns3:cad>88</ns3:cad>
          </ns3:TrackPointExtension>
        </extensions>
      </trkpt>
      <trkpt lat="37.5218368135392665863037109375" lon="127.0633180439472198486328125">
        <ele>16.6000003814697265625</ele>
        <time>2026-09-06T10:14:39.000Z</time>
        <extensions>
          <ns3:TrackPointExtension>
            <ns3:hr>152</ns3:hr>
            <ns3:cad>88</ns3:cad>
          </ns3:TrackPointExtension>
        </extensions>
      </trkpt>
      <trkpt lat="37.52179850824177265167236328125" lon="127.06332986243069171905517578125">
        <ele>16.3999996185302734375</ele>
        <time>2026-09-06T10:14:40.000Z</time>
        <extensions>
          <ns3:TrackPointExtension>
            <ns3:hr>152</ns3:hr>
            <ns3:cad>88</ns3:cad>
          </ns3:TrackPointExtension>
        </extensions>
      </trkpt>
      <trkpt lat="37.521770931780338287353515625" lon="127.0633493922650814056396484375">
        <ele>16.3999996185302734375</ele>
        <time>2026-09-06T10:14:41.000Z</time>
        <extensions>
          <ns3:TrackPointExtension>
            <ns3:hr>152</ns3:hr>
            <ns3:cad>88</ns3:cad>
          </ns3:TrackPointExtension>
        </extensions>
      </trkpt>
      <trkpt lat="37.52172927372157573699951171875" lon="127.06336162984371185302734375">
        <ele>16.3999996185302734375</ele>
        <time>2026-09-06T10:14:42.000Z</time>
        <extensions>
          <ns3:TrackPointExtension>
            <ns3:hr>152</ns3:hr>
            <ns3:cad>88</ns3:cad>
          </ns3:TrackPointExtension>
        </extensions>
      </trkpt>
      <trkpt lat="37.5217033736407756805419921875" lon="127.06337814219295978546142578125">
        <ele>16.3999996185302734375</ele>
        <time>2026-09-06T10:14:43.000Z</time>
        <extensions>
          <ns3:TrackPointExtension>
            <ns3:hr>152</ns3:hr>
            <ns3:cad>88</ns3:cad>
          </ns3:TrackPointExtension>
        </extensions>
      </trkpt>
      <trkpt lat="37.5216658227145671844482421875" lon="127.0633933134377002716064453125">
        <ele>16.3999996185302734375</ele>
        <time>2026-09-06T10:14:44.000Z</time>
        <extensions>
          <ns3:TrackPointExtension>
            <ns3:hr>152</ns3:hr>
            <ns3:cad>87</ns3:cad>
          </ns3:TrackPointExtension>
        </extensions>
      </trkpt>
      <trkpt lat="37.52163975499570369720458984375" lon="127.06341016106307506561279296875">
        <ele>16.6000003814697265625</ele>
        <time>2026-09-06T10:14:45.000Z</time>
        <extensions>
          <ns3:TrackPointExtension>
            <ns3:hr>152</ns3:hr>
            <ns3:cad>87</ns3:cad>
          </ns3:TrackPointExtension>
        </extensions>
      </trkpt>
      <trkpt lat="37.52159734256565570831298828125" lon="127.06343539059162139892578125">
        <ele>16.6000003814697265625</ele>
        <time>2026-09-06T10:14:46.000Z</time>
        <extensions>
          <ns3:TrackPointExtension>
            <ns3:hr>151</ns3:hr>
            <ns3:cad>87</ns3:cad>
          </ns3:TrackPointExtension>
        </extensions>
      </trkpt>
      <trkpt lat="37.52158175222575664520263671875" lon="127.06346179358661174774169921875">
        <ele>16.6000003814697265625</ele>
        <time>2026-09-06T10:14:47.000Z</time>
        <extensions>
          <ns3:TrackPointExtension>
            <ns3:hr>152</ns3:hr>
            <ns3:cad>88</ns3:cad>
          </ns3:TrackPointExtension>
        </extensions>
      </trkpt>
      <trkpt lat="37.521553672850131988525390625" lon="127.06350521184504032135009765625">
        <ele>16.6000003814697265625</ele>
        <time>2026-09-06T10:14:48.000Z</time>
        <extensions>
          <ns3:TrackPointExtension>
            <ns3:hr>152</ns3:hr>
            <ns3:cad>88</ns3:cad>
          </ns3:TrackPointExtension>
        </extensions>
      </trkpt>
      <trkpt lat="37.52155006863176822662353515625" lon="127.0635482110083103179931640625">
        <ele>16.799999237060546875</ele>
        <time>2026-09-06T10:14:49.000Z</time>
        <extensions>
          <ns3:TrackPointExtension>
            <ns3:hr>151</ns3:hr>
            <ns3:cad>88</ns3:cad>
          </ns3:TrackPointExtension>
        </extensions>
      </trkpt>
      <trkpt lat="37.52155208028852939605712890625" lon="127.06360730342566967010498046875">
        <ele>16.799999237060546875</ele>
        <time>2026-09-06T10:14:50.000Z</time>
        <extensions>
          <ns3:TrackPointExtension>
            <ns3:hr>152</ns3:hr>
            <ns3:cad>88</ns3:cad>
          </ns3:TrackPointExtension>
        </extensions>
      </trkpt>
      <trkpt lat="37.52155174501240253448486328125" lon="127.0636554993689060211181640625">
        <ele>16.799999237060546875</ele>
        <time>2026-09-06T10:14:51.000Z</time>
        <extensions>
          <ns3:TrackPointExtension>
            <ns3:hr>152</ns3:hr>
            <ns3:cad>88</ns3:cad>
          </ns3:TrackPointExtension>
        </extensions>
      </trkpt>
      <trkpt lat="37.52154353074729442596435546875" lon="127.06370495259761810302734375">
        <ele>16.799999237060546875</ele>
        <time>2026-09-06T10:14:52.000Z</time>
        <extensions>
          <ns3:TrackPointExtension>
            <ns3:hr>152</ns3:hr>
            <ns3:cad>88</ns3:cad>
          </ns3:TrackPointExtension>
        </extensions>
      </trkpt>
      <trkpt lat="37.5215260125696659088134765625" lon="127.06374007277190685272216796875">
        <ele>17</ele>
        <time>2026-09-06T10:14:53.000Z</time>
        <extensions>
          <ns3:TrackPointExtension>
            <ns3:hr>152</ns3:hr>
            <ns3:cad>87</ns3:cad>
          </ns3:TrackPointExtension>
        </extensions>
      </trkpt>
      <trkpt lat="37.52151486463844776153564453125" lon="127.0637768693268299102783203125">
        <ele>17</ele>
        <time>2026-09-06T10:14:54.000Z</time>
        <extensions>
          <ns3:TrackPointExtension>
            <ns3:hr>152</ns3:hr>
            <ns3:cad>87</ns3:cad>
          </ns3:TrackPointExtension>
        </extensions>
      </trkpt>
      <trkpt lat="37.52149055711925029754638671875" lon="127.063812576234340667724609375">
        <ele>16.799999237060546875</ele>
        <time>2026-09-06T10:14:55.000Z</time>
        <extensions>
          <ns3:TrackPointExtension>
            <ns3:hr>152</ns3:hr>
            <ns3:cad>87</ns3:cad>
          </ns3:TrackPointExtension>
        </extensions>
      </trkpt>
      <trkpt lat="37.52147580496966838836669921875" lon="127.06384040415287017822265625">
        <ele>16.799999237060546875</ele>
        <time>2026-09-06T10:14:56.000Z</time>
        <extensions>
          <ns3:TrackPointExtension>
            <ns3:hr>152</ns3:hr>
            <ns3:cad>87</ns3:cad>
          </ns3:TrackPointExtension>
        </extensions>
      </trkpt>
      <trkpt lat="37.52144998870790004730224609375" lon="127.06387971527874469757080078125">
        <ele>16.6000003814697265625</ele>
        <time>2026-09-06T10:14:57.000Z</time>
        <extensions>
          <ns3:TrackPointExtension>
            <ns3:hr>152</ns3:hr>
            <ns3:cad>87</ns3:cad>
          </ns3:TrackPointExtension>
        </extensions>
      </trkpt>
      <trkpt lat="37.52143858931958675384521484375" lon="127.063905782997608184814453125">
        <ele>16.6000003814697265625</ele>
        <time>2026-09-06T10:14:58.000Z</time>
        <extensions>
          <ns3:TrackPointExtension>
            <ns3:hr>152</ns3:hr>
            <ns3:cad>87</ns3:cad>
          </ns3:TrackPointExtension>
        </extensions>
      </trkpt>
      <trkpt lat="37.52141310833394527435302734375" lon="127.06394232809543609619140625">
        <ele>16.6000003814697265625</ele>
        <time>2026-09-06T10:14:59.000Z</time>
        <extensions>
          <ns3:TrackPointExtension>
            <ns3:hr>152</ns3:hr>
            <ns3:cad>88</ns3:cad>
          </ns3:TrackPointExtension>
        </extensions>
      </trkpt>
      <trkpt lat="37.52140020020306110382080078125" lon="127.06397225148975849151611328125">
        <ele>16.6000003814697265625</ele>
        <time>2026-09-06T10:15:00.000Z</time>
        <extensions>
          <ns3:TrackPointExtension>
            <ns3:hr>151</ns3:hr>
            <ns3:cad>88</ns3:cad>
          </ns3:TrackPointExtension>
        </extensions>
      </trkpt>
      <trkpt lat="37.52137572504580020904541015625" lon="127.0640095509588718414306640625">
        <ele>16.3999996185302734375</ele>
        <time>2026-09-06T10:15:01.000Z</time>
        <extensions>
          <ns3:TrackPointExtension>
            <ns3:hr>152</ns3:hr>
            <ns3:cad>88</ns3:cad>
          </ns3:TrackPointExtension>
        </extensions>
      </trkpt>
      <trkpt lat="37.5213566981256008148193359375" lon="127.06404081545770168304443359375">
        <ele>16.3999996185302734375</ele>
        <time>2026-09-06T10:15:02.000Z</time>
        <extensions>
          <ns3:TrackPointExtension>
            <ns3:hr>152</ns3:hr>
            <ns3:cad>87</ns3:cad>
          </ns3:TrackPointExtension>
        </extensions>
      </trkpt>
      <trkpt lat="37.52133532427251338958740234375" lon="127.064075767993927001953125">
        <ele>16.3999996185302734375</ele>
        <time>2026-09-06T10:15:03.000Z</time>
        <extensions>
          <ns3:TrackPointExtension>
            <ns3:hr>152</ns3:hr>
            <ns3:cad>87</ns3:cad>
          </ns3:TrackPointExtension>
        </extensions>
      </trkpt>
      <trkpt lat="37.52131319604814052581787109375" lon="127.06410720013082027435302734375">
        <ele>16.3999996185302734375</ele>
        <time>2026-09-06T10:15:04.000Z</time>
        <extensions>
          <ns3:TrackPointExtension>
            <ns3:hr>151</ns3:hr>
            <ns3:cad>87</ns3:cad>
          </ns3:TrackPointExtension>
        </extensions>
      </trkpt>
      <trkpt lat="37.52128888852894306182861328125" lon="127.0641419850289821624755859375">
        <ele>16.200000762939453125</ele>
        <time>2026-09-06T10:15:05.000Z</time>
        <extensions>
          <ns3:TrackPointExtension>
            <ns3:hr>152</ns3:hr>
            <ns3:cad>87</ns3:cad>
          </ns3:TrackPointExtension>
        </extensions>
      </trkpt>
      <trkpt lat="37.52126692794263362884521484375" lon="127.064172327518463134765625">
        <ele>16.200000762939453125</ele>
        <time>2026-09-06T10:15:06.000Z</time>
        <extensions>
          <ns3:TrackPointExtension>
            <ns3:hr>153</ns3:hr>
            <ns3:cad>87</ns3:cad>
          </ns3:TrackPointExtension>
        </extensions>
      </trkpt>
      <trkpt lat="37.52124714665114879608154296875" lon="127.064199484884738922119140625">
        <ele>16.200000762939453125</ele>
        <time>2026-09-06T10:15:07.000Z</time>
        <extensions>
          <ns3:TrackPointExtension>
            <ns3:hr>153</ns3:hr>
            <ns3:cad>87</ns3:cad>
          </ns3:TrackPointExtension>
        </extensions>
      </trkpt>
      <trkpt lat="37.52122049219906330108642578125" lon="127.064231000840663909912109375">
        <ele>16.200000762939453125</ele>
        <time>2026-09-06T10:15:08.000Z</time>
        <extensions>
          <ns3:TrackPointExtension>
            <ns3:hr>154</ns3:hr>
            <ns3:cad>88</ns3:cad>
          </ns3:TrackPointExtension>
        </extensions>
      </trkpt>
      <trkpt lat="37.52120255492627620697021484375" lon="127.0642620138823986053466796875">
        <ele>16.200000762939453125</ele>
        <time>2026-09-06T10:15:09.000Z</time>
        <extensions>
          <ns3:TrackPointExtension>
            <ns3:hr>154</ns3:hr>
            <ns3:cad>88</ns3:cad>
          </ns3:TrackPointExtension>
        </extensions>
      </trkpt>
      <trkpt lat="37.52117338590323925018310546875" lon="127.06429503858089447021484375">
        <ele>16.3999996185302734375</ele>
        <time>2026-09-06T10:15:10.000Z</time>
        <extensions>
          <ns3:TrackPointExtension>
            <ns3:hr>154</ns3:hr>
            <ns3:cad>88</ns3:cad>
          </ns3:TrackPointExtension>
        </extensions>
      </trkpt>
      <trkpt lat="37.52115444280207157135009765625" lon="127.0643211901187896728515625">
        <ele>16.3999996185302734375</ele>
        <time>2026-09-06T10:15:11.000Z</time>
        <extensions>
          <ns3:TrackPointExtension>
            <ns3:hr>154</ns3:hr>
            <ns3:cad>88</ns3:cad>
          </ns3:TrackPointExtension>
        </extensions>
      </trkpt>
      <trkpt lat="37.5211270339787006378173828125" lon="127.06435136497020721435546875">
        <ele>16.3999996185302734375</ele>
        <time>2026-09-06T10:15:12.000Z</time>
        <extensions>
          <ns3:TrackPointExtension>
            <ns3:hr>154</ns3:hr>
            <ns3:cad>88</ns3:cad>
          </ns3:TrackPointExtension>
        </extensions>
      </trkpt>
      <trkpt lat="37.52110230736434459686279296875" lon="127.06437089480459690093994140625">
        <ele>16.3999996185302734375</ele>
        <time>2026-09-06T10:15:13.000Z</time>
        <extensions>
          <ns3:TrackPointExtension>
            <ns3:hr>154</ns3:hr>
            <ns3:cad>88</ns3:cad>
          </ns3:TrackPointExtension>
        </extensions>
      </trkpt>
      <trkpt lat="37.52106660045683383941650390625" lon="127.0643884129822254180908203125">
        <ele>16.3999996185302734375</ele>
        <time>2026-09-06T10:15:14.000Z</time>
        <extensions>
          <ns3:TrackPointExtension>
            <ns3:hr>154</ns3:hr>
            <ns3:cad>88</ns3:cad>
          </ns3:TrackPointExtension>
        </extensions>
      </trkpt>
      <trkpt lat="37.52103659324347972869873046875" lon="127.06440475769340991973876953125">
        <ele>16.3999996185302734375</ele>
        <time>2026-09-06T10:15:15.000Z</time>
        <extensions>
          <ns3:TrackPointExtension>
            <ns3:hr>154</ns3:hr>
            <ns3:cad>88</ns3:cad>
          </ns3:TrackPointExtension>
        </extensions>
      </trkpt>
      <trkpt lat="37.52100474201142787933349609375" lon="127.0644177496433258056640625">
        <ele>16.3999996185302734375</ele>
        <time>2026-09-06T10:15:16.000Z</time>
        <extensions>
          <ns3:TrackPointExtension>
            <ns3:hr>154</ns3:hr>
            <ns3:cad>88</ns3:cad>
          </ns3:TrackPointExtension>
        </extensions>
      </trkpt>
      <trkpt lat="37.5209691189229488372802734375" lon="127.06442856229841709136962890625">
        <ele>16.6000003814697265625</ele>
        <time>2026-09-06T10:15:17.000Z</time>
        <extensions>
          <ns3:TrackPointExtension>
            <ns3:hr>154</ns3:hr>
            <ns3:cad>88</ns3:cad>
          </ns3:TrackPointExtension>
        </extensions>
      </trkpt>
      <trkpt lat="37.520940117537975311279296875" lon="127.0644387044012546539306640625">
        <ele>16.6000003814697265625</ele>
        <time>2026-09-06T10:15:18.000Z</time>
        <extensions>
          <ns3:TrackPointExtension>
            <ns3:hr>154</ns3:hr>
            <ns3:cad>88</ns3:cad>
          </ns3:TrackPointExtension>
        </extensions>
      </trkpt>
      <trkpt lat="37.520901225507259368896484375" lon="127.0644490979611873626708984375">
        <ele>16.6000003814697265625</ele>
        <time>2026-09-06T10:15:19.000Z</time>
        <extensions>
          <ns3:TrackPointExtension>
            <ns3:hr>154</ns3:hr>
            <ns3:cad>87</ns3:cad>
          </ns3:TrackPointExtension>
        </extensions>
      </trkpt>
      <trkpt lat="37.5208755768835544586181640625" lon="127.06446644850075244903564453125">
        <ele>16.3999996185302734375</ele>
        <time>2026-09-06T10:15:20.000Z</time>
        <extensions>
          <ns3:TrackPointExtension>
            <ns3:hr>154</ns3:hr>
            <ns3:cad>87</ns3:cad>
          </ns3:TrackPointExtension>
        </extensions>
      </trkpt>
      <trkpt lat="37.52084280364215373992919921875" lon="127.06448656506836414337158203125">
        <ele>16.3999996185302734375</ele>
        <time>2026-09-06T10:15:21.000Z</time>
        <extensions>
          <ns3:TrackPointExtension>
            <ns3:hr>154</ns3:hr>
            <ns3:cad>87</ns3:cad>
          </ns3:TrackPointExtension>
        </extensions>
      </trkpt>
      <trkpt lat="37.52081816084682941436767578125" lon="127.0645074360072612762451171875">
        <ele>16.3999996185302734375</ele>
        <time>2026-09-06T10:15:22.000Z</time>
        <extensions>
          <ns3:TrackPointExtension>
            <ns3:hr>154</ns3:hr>
            <ns3:cad>87</ns3:cad>
          </ns3:TrackPointExtension>
        </extensions>
      </trkpt>
      <trkpt lat="37.52078010700643062591552734375" lon="127.0645268820226192474365234375">
        <ele>16.3999996185302734375</ele>
        <time>2026-09-06T10:15:23.000Z</time>
        <extensions>
          <ns3:TrackPointExtension>
            <ns3:hr>154</ns3:hr>
            <ns3:cad>87</ns3:cad>
          </ns3:TrackPointExtension>
        </extensions>
      </trkpt>
      <trkpt lat="37.520752362906932830810546875" lon="127.0645411312580108642578125">
        <ele>16.3999996185302734375</ele>
        <time>2026-09-06T10:15:24.000Z</time>
        <extensions>
          <ns3:TrackPointExtension>
            <ns3:hr>154</ns3:hr>
            <ns3:cad>87</ns3:cad>
          </ns3:TrackPointExtension>
        </extensions>
      </trkpt>
      <trkpt lat="37.5207169912755489349365234375" lon="127.06455613486468791961669921875">
        <ele>16.3999996185302734375</ele>
        <time>2026-09-06T10:15:25.000Z</time>
        <extensions>
          <ns3:TrackPointExtension>
            <ns3:hr>154</ns3:hr>
            <ns3:cad>87</ns3:cad>
          </ns3:TrackPointExtension>
        </extensions>
      </trkpt>
      <trkpt lat="37.520684301853179931640625" lon="127.064570970833301544189453125">
        <ele>16.6000003814697265625</ele>
        <time>2026-09-06T10:15:26.000Z</time>
        <extensions>
          <ns3:TrackPointExtension>
            <ns3:hr>154</ns3:hr>
            <ns3:cad>87</ns3:cad>
          </ns3:TrackPointExtension>
        </extensions>
      </trkpt>
      <trkpt lat="37.52065672539174556732177734375" lon="127.06458731554448604583740234375">
        <ele>16.6000003814697265625</ele>
        <time>2026-09-06T10:15:27.000Z</time>
        <extensions>
          <ns3:TrackPointExtension>
            <ns3:hr>154</ns3:hr>
            <ns3:cad>87</ns3:cad>
          </ns3:TrackPointExtension>
        </extensions>
      </trkpt>
      <trkpt lat="37.520616911351680755615234375" lon="127.06459946930408477783203125">
        <ele>16.3999996185302734375</ele>
        <time>2026-09-06T10:15:28.000Z</time>
        <extensions>
          <ns3:TrackPointExtension>
            <ns3:hr>154</ns3:hr>
            <ns3:cad>87</ns3:cad>
          </ns3:TrackPointExtension>
        </extensions>
      </trkpt>
      <trkpt lat="37.520592771470546722412109375" lon="127.0646164007484912872314453125">
        <ele>16.6000003814697265625</ele>
        <time>2026-09-06T10:15:29.000Z</time>
        <extensions>
          <ns3:TrackPointExtension>
            <ns3:hr>154</ns3:hr>
            <ns3:cad>87</ns3:cad>
          </ns3:TrackPointExtension>
        </extensions>
      </trkpt>
      <trkpt lat="37.520557232201099395751953125" lon="127.06464213319122791290283203125">
        <ele>16.6000003814697265625</ele>
        <time>2026-09-06T10:15:30.000Z</time>
        <extensions>
          <ns3:TrackPointExtension>
            <ns3:hr>154</ns3:hr>
            <ns3:cad>87</ns3:cad>
          </ns3:TrackPointExtension>
        </extensions>
      </trkpt>
      <trkpt lat="37.5205389596521854400634765625" lon="127.06465956754982471466064453125">
        <ele>16.3999996185302734375</ele>
        <time>2026-09-06T10:15:31.000Z</time>
        <extensions>
          <ns3:TrackPointExtension>
            <ns3:hr>153</ns3:hr>
            <ns3:cad>87</ns3:cad>
          </ns3:TrackPointExtension>
        </extensions>
      </trkpt>
      <trkpt lat="37.5205104611814022064208984375" lon="127.06468571908771991729736328125">
        <ele>16.3999996185302734375</ele>
        <time>2026-09-06T10:15:32.000Z</time>
        <extensions>
          <ns3:TrackPointExtension>
            <ns3:hr>154</ns3:hr>
            <ns3:cad>87</ns3:cad>
          </ns3:TrackPointExtension>
        </extensions>
      </trkpt>
      <trkpt lat="37.52048875205218791961669921875" lon="127.06470717675983905792236328125">
        <ele>16.3999996185302734375</ele>
        <time>2026-09-06T10:15:33.000Z</time>
        <extensions>
          <ns3:TrackPointExtension>
            <ns3:hr>154</ns3:hr>
            <ns3:cad>87</ns3:cad>
          </ns3:TrackPointExtension>
        </extensions>
      </trkpt>
      <trkpt lat="37.52046209760010242462158203125" lon="127.064727209508419036865234375">
        <ele>16.200000762939453125</ele>
        <time>2026-09-06T10:15:34.000Z</time>
        <extensions>
          <ns3:TrackPointExtension>
            <ns3:hr>153</ns3:hr>
            <ns3:cad>87</ns3:cad>
          </ns3:TrackPointExtension>
        </extensions>
      </trkpt>
      <trkpt lat="37.52043359912931919097900390625" lon="127.06474858336150646209716796875">
        <ele>16.200000762939453125</ele>
        <time>2026-09-06T10:15:35.000Z</time>
        <extensions>
          <ns3:TrackPointExtension>
            <ns3:hr>152</ns3:hr>
            <ns3:cad>86</ns3:cad>
          </ns3:TrackPointExtension>
        </extensions>
      </trkpt>
      <trkpt lat="37.52040736377239227294921875" lon="127.0647699572145938873291015625">
        <ele>16.3999996185302734375</ele>
        <time>2026-09-06T10:15:36.000Z</time>
        <extensions>
          <ns3:TrackPointExtension>
            <ns3:hr>152</ns3:hr>
            <ns3:cad>86</ns3:cad>
          </ns3:TrackPointExtension>
        </extensions>
      </trkpt>
      <trkpt lat="37.52037123776972293853759765625" lon="127.06478227861225605010986328125">
        <ele>16.3999996185302734375</ele>
        <time>2026-09-06T10:15:37.000Z</time>
        <extensions>
          <ns3:TrackPointExtension>
            <ns3:hr>152</ns3:hr>
            <ns3:cad>86</ns3:cad>
          </ns3:TrackPointExtension>
        </extensions>
      </trkpt>
      <trkpt lat="37.52034961245954036712646484375" lon="127.06480038352310657501220703125">
        <ele>16.3999996185302734375</ele>
        <time>2026-09-06T10:15:38.000Z</time>
        <extensions>
          <ns3:TrackPointExtension>
            <ns3:hr>152</ns3:hr>
            <ns3:cad>86</ns3:cad>
          </ns3:TrackPointExtension>
        </extensions>
      </trkpt>
      <trkpt lat="37.520313151180744171142578125" lon="127.0648269541561603546142578125">
        <ele>16.3999996185302734375</ele>
        <time>2026-09-06T10:15:39.000Z</time>
        <extensions>
          <ns3:TrackPointExtension>
            <ns3:hr>152</ns3:hr>
            <ns3:cad>86</ns3:cad>
          </ns3:TrackPointExtension>
        </extensions>
      </trkpt>
      <trkpt lat="37.520295716822147369384765625" lon="127.06484883092343807220458984375">
        <ele>16.3999996185302734375</ele>
        <time>2026-09-06T10:15:40.000Z</time>
        <extensions>
          <ns3:TrackPointExtension>
            <ns3:hr>152</ns3:hr>
            <ns3:cad>86</ns3:cad>
          </ns3:TrackPointExtension>
        </extensions>
      </trkpt>
      <trkpt lat="37.520267553627490997314453125" lon="127.06487900577485561370849609375">
        <ele>16.3999996185302734375</ele>
        <time>2026-09-06T10:15:41.000Z</time>
        <extensions>
          <ns3:TrackPointExtension>
            <ns3:hr>152</ns3:hr>
            <ns3:cad>86</ns3:cad>
          </ns3:TrackPointExtension>
        </extensions>
      </trkpt>
      <trkpt lat="37.52024416811764240264892578125" lon="127.06490281037986278533935546875">
        <ele>16.3999996185302734375</ele>
        <time>2026-09-06T10:15:42.000Z</time>
        <extensions>
          <ns3:TrackPointExtension>
            <ns3:hr>152</ns3:hr>
            <ns3:cad>86</ns3:cad>
          </ns3:TrackPointExtension>
        </extensions>
      </trkpt>
      <trkpt lat="37.520217597484588623046875" lon="127.06492695026099681854248046875">
        <ele>16.200000762939453125</ele>
        <time>2026-09-06T10:15:43.000Z</time>
        <extensions>
          <ns3:TrackPointExtension>
            <ns3:hr>152</ns3:hr>
            <ns3:cad>86</ns3:cad>
          </ns3:TrackPointExtension>
        </extensions>
      </trkpt>
      <trkpt lat="37.52018951810896396636962890625" lon="127.0649449713528156280517578125">
        <ele>16.200000762939453125</ele>
        <time>2026-09-06T10:15:44.000Z</time>
        <extensions>
          <ns3:TrackPointExtension>
            <ns3:hr>152</ns3:hr>
            <ns3:cad>86</ns3:cad>
          </ns3:TrackPointExtension>
        </extensions>
      </trkpt>
      <trkpt lat="37.5201694853603839874267578125" lon="127.06496215425431728363037109375">
        <ele>16.200000762939453125</ele>
        <time>2026-09-06T10:15:45.000Z</time>
        <extensions>
          <ns3:TrackPointExtension>
            <ns3:hr>152</ns3:hr>
            <ns3:cad>86</ns3:cad>
          </ns3:TrackPointExtension>
        </extensions>
      </trkpt>
      <trkpt lat="37.52013981342315673828125" lon="127.06498176790773868560791015625">
        <ele>16.200000762939453125</ele>
        <time>2026-09-06T10:15:46.000Z</time>
        <extensions>
          <ns3:TrackPointExtension>
            <ns3:hr>153</ns3:hr>
            <ns3:cad>86</ns3:cad>
          </ns3:TrackPointExtension>
        </extensions>
      </trkpt>
      <trkpt lat="37.52011810429394245147705078125" lon="127.06500305794179439544677734375">
        <ele>16.200000762939453125</ele>
        <time>2026-09-06T10:15:47.000Z</time>
        <extensions>
          <ns3:TrackPointExtension>
            <ns3:hr>152</ns3:hr>
            <ns3:cad>87</ns3:cad>
          </ns3:TrackPointExtension>
        </extensions>
      </trkpt>
      <trkpt lat="37.52007921226322650909423828125" lon="127.0650230906903743743896484375">
        <ele>16</ele>
        <time>2026-09-06T10:15:48.000Z</time>
        <extensions>
          <ns3:TrackPointExtension>
            <ns3:hr>152</ns3:hr>
            <ns3:cad>87</ns3:cad>
          </ns3:TrackPointExtension>
        </extensions>
      </trkpt>
      <trkpt lat="37.520049624145030975341796875" lon="127.0650465600192546844482421875">
        <ele>16</ele>
        <time>2026-09-06T10:15:49.000Z</time>
        <extensions>
          <ns3:TrackPointExtension>
            <ns3:hr>152</ns3:hr>
            <ns3:cad>87</ns3:cad>
          </ns3:TrackPointExtension>
        </extensions>
      </trkpt>
      <trkpt lat="37.52002188004553318023681640625" lon="127.06507019698619842529296875">
        <ele>16</ele>
        <time>2026-09-06T10:15:50.000Z</time>
        <extensions>
          <ns3:TrackPointExtension>
            <ns3:hr>152</ns3:hr>
            <ns3:cad>87</ns3:cad>
          </ns3:TrackPointExtension>
        </extensions>
      </trkpt>
      <trkpt lat="37.5199904479086399078369140625" lon="127.06509090028703212738037109375">
        <ele>16</ele>
        <time>2026-09-06T10:15:51.000Z</time>
        <extensions>
          <ns3:TrackPointExtension>
            <ns3:hr>152</ns3:hr>
            <ns3:cad>87</ns3:cad>
          </ns3:TrackPointExtension>
        </extensions>
      </trkpt>
      <trkpt lat="37.51996605657041072845458984375" lon="127.06511822529137134552001953125">
        <ele>16</ele>
        <time>2026-09-06T10:15:52.000Z</time>
        <extensions>
          <ns3:TrackPointExtension>
            <ns3:hr>152</ns3:hr>
            <ns3:cad>87</ns3:cad>
          </ns3:TrackPointExtension>
        </extensions>
      </trkpt>
      <trkpt lat="37.5199327804148197174072265625" lon="127.06513565964996814727783203125">
        <ele>16</ele>
        <time>2026-09-06T10:15:53.000Z</time>
        <extensions>
          <ns3:TrackPointExtension>
            <ns3:hr>152</ns3:hr>
            <ns3:cad>87</ns3:cad>
          </ns3:TrackPointExtension>
        </extensions>
      </trkpt>
      <trkpt lat="37.51991174183785915374755859375" lon="127.0651580393314361572265625">
        <ele>16</ele>
        <time>2026-09-06T10:15:54.000Z</time>
        <extensions>
          <ns3:TrackPointExtension>
            <ns3:hr>152</ns3:hr>
            <ns3:cad>87</ns3:cad>
          </ns3:TrackPointExtension>
        </extensions>
      </trkpt>
      <trkpt lat="37.5198809802532196044921875" lon="127.06518284976482391357421875">
        <ele>16</ele>
        <time>2026-09-06T10:15:55.000Z</time>
        <extensions>
          <ns3:TrackPointExtension>
            <ns3:hr>152</ns3:hr>
            <ns3:cad>86</ns3:cad>
          </ns3:TrackPointExtension>
        </extensions>
      </trkpt>
      <trkpt lat="37.51986362971365451812744140625" lon="127.06520791165530681610107421875">
        <ele>16</ele>
        <time>2026-09-06T10:15:56.000Z</time>
        <extensions>
          <ns3:TrackPointExtension>
            <ns3:hr>152</ns3:hr>
            <ns3:cad>86</ns3:cad>
          </ns3:TrackPointExtension>
        </extensions>
      </trkpt>
      <trkpt lat="37.51983429305255413055419921875" lon="127.06523456610739231109619140625">
        <ele>16</ele>
        <time>2026-09-06T10:15:57.000Z</time>
        <extensions>
          <ns3:TrackPointExtension>
            <ns3:hr>152</ns3:hr>
            <ns3:cad>86</ns3:cad>
          </ns3:TrackPointExtension>
        </extensions>
      </trkpt>
      <trkpt lat="37.51980847679078578948974609375" lon="127.06525417976081371307373046875">
        <ele>16</ele>
        <time>2026-09-06T10:15:58.000Z</time>
        <extensions>
          <ns3:TrackPointExtension>
            <ns3:hr>152</ns3:hr>
            <ns3:cad>87</ns3:cad>
          </ns3:TrackPointExtension>
        </extensions>
      </trkpt>
      <trkpt lat="37.519780732691287994384765625" lon="127.0652748830616474151611328125">
        <ele>16</ele>
        <time>2026-09-06T10:15:59.000Z</time>
        <extensions>
          <ns3:TrackPointExtension>
            <ns3:hr>151</ns3:hr>
            <ns3:cad>87</ns3:cad>
          </ns3:TrackPointExtension>
        </extensions>
      </trkpt>
      <trkpt lat="37.51974619925022125244140625" lon="127.06528619863092899322509765625">
        <ele>16</ele>
        <time>2026-09-06T10:16:00.000Z</time>
        <extensions>
          <ns3:TrackPointExtension>
            <ns3:hr>151</ns3:hr>
            <ns3:cad>87</ns3:cad>
          </ns3:TrackPointExtension>
        </extensions>
      </trkpt>
      <trkpt lat="37.5197222270071506500244140625" lon="127.065303213894367218017578125">
        <ele>16</ele>
        <time>2026-09-06T10:16:01.000Z</time>
        <extensions>
          <ns3:TrackPointExtension>
            <ns3:hr>151</ns3:hr>
            <ns3:cad>87</ns3:cad>
          </ns3:TrackPointExtension>
        </extensions>
      </trkpt>
      <trkpt lat="37.51968593336641788482666015625" lon="127.065313942730426788330078125">
        <ele>16</ele>
        <time>2026-09-06T10:16:02.000Z</time>
        <extensions>
          <ns3:TrackPointExtension>
            <ns3:hr>152</ns3:hr>
            <ns3:cad>87</ns3:cad>
          </ns3:TrackPointExtension>
        </extensions>
      </trkpt>
      <trkpt lat="37.5196605361998081207275390625" lon="127.06532911397516727447509765625">
        <ele>16</ele>
        <time>2026-09-06T10:16:03.000Z</time>
        <extensions>
          <ns3:TrackPointExtension>
            <ns3:hr>152</ns3:hr>
            <ns3:cad>87</ns3:cad>
          </ns3:TrackPointExtension>
        </extensions>
      </trkpt>
      <trkpt lat="37.519622147083282470703125" lon="127.06534403376281261444091796875">
        <ele>16</ele>
        <time>2026-09-06T10:16:04.000Z</time>
        <extensions>
          <ns3:TrackPointExtension>
            <ns3:hr>152</ns3:hr>
            <ns3:cad>87</ns3:cad>
          </ns3:TrackPointExtension>
        </extensions>
      </trkpt>
      <trkpt lat="37.519597001373767852783203125" lon="127.06536247394979000091552734375">
        <ele>16.200000762939453125</ele>
        <time>2026-09-06T10:16:05.000Z</time>
        <extensions>
          <ns3:TrackPointExtension>
            <ns3:hr>152</ns3:hr>
            <ns3:cad>87</ns3:cad>
          </ns3:TrackPointExtension>
        </extensions>
      </trkpt>
      <trkpt lat="37.51956003718078136444091796875" lon="127.06538527272641658782958984375">
        <ele>16.200000762939453125</ele>
        <time>2026-09-06T10:16:06.000Z</time>
        <extensions>
          <ns3:TrackPointExtension>
            <ns3:hr>152</ns3:hr>
            <ns3:cad>87</ns3:cad>
          </ns3:TrackPointExtension>
        </extensions>
      </trkpt>
      <trkpt lat="37.51952759921550750732421875" lon="127.0654076524078845977783203125">
        <ele>16.200000762939453125</ele>
        <time>2026-09-06T10:16:07.000Z</time>
        <extensions>
          <ns3:TrackPointExtension>
            <ns3:hr>152</ns3:hr>
            <ns3:cad>86</ns3:cad>
          </ns3:TrackPointExtension>
        </extensions>
      </trkpt>
      <trkpt lat="37.51949566416442394256591796875" lon="127.0654344744980335235595703125">
        <ele>16</ele>
        <time>2026-09-06T10:16:08.000Z</time>
        <extensions>
          <ns3:TrackPointExtension>
            <ns3:hr>152</ns3:hr>
            <ns3:cad>86</ns3:cad>
          </ns3:TrackPointExtension>
        </extensions>
      </trkpt>
      <trkpt lat="37.5194598734378814697265625" lon="127.0654559321701526641845703125">
        <ele>16</ele>
        <time>2026-09-06T10:16:09.000Z</time>
        <extensions>
          <ns3:TrackPointExtension>
            <ns3:hr>152</ns3:hr>
            <ns3:cad>86</ns3:cad>
          </ns3:TrackPointExtension>
        </extensions>
      </trkpt>
      <trkpt lat="37.51943062059581279754638671875" lon="127.06547982059419155120849609375">
        <ele>16</ele>
        <time>2026-09-06T10:16:10.000Z</time>
        <extensions>
          <ns3:TrackPointExtension>
            <ns3:hr>152</ns3:hr>
            <ns3:cad>87</ns3:cad>
          </ns3:TrackPointExtension>
        </extensions>
      </trkpt>
      <trkpt lat="37.51939793117344379425048828125" lon="127.06550077535212039947509765625">
        <ele>16</ele>
        <time>2026-09-06T10:16:11.000Z</time>
        <extensions>
          <ns3:TrackPointExtension>
            <ns3:hr>152</ns3:hr>
            <ns3:cad>87</ns3:cad>
          </ns3:TrackPointExtension>
        </extensions>
      </trkpt>
      <trkpt lat="37.51937295310199260711669921875" lon="127.06552206538617610931396484375">
        <ele>16.200000762939453125</ele>
        <time>2026-09-06T10:16:12.000Z</time>
        <extensions>
          <ns3:TrackPointExtension>
            <ns3:hr>152</ns3:hr>
            <ns3:cad>87</ns3:cad>
          </ns3:TrackPointExtension>
        </extensions>
      </trkpt>
      <trkpt lat="37.51934562809765338897705078125" lon="127.06554184667766094207763671875">
        <ele>16.200000762939453125</ele>
        <time>2026-09-06T10:16:13.000Z</time>
        <extensions>
          <ns3:TrackPointExtension>
            <ns3:hr>152</ns3:hr>
            <ns3:cad>87</ns3:cad>
          </ns3:TrackPointExtension>
        </extensions>
      </trkpt>
      <trkpt lat="37.5193202309310436248779296875" lon="127.06555894576013088226318359375">
        <ele>16.200000762939453125</ele>
        <time>2026-09-06T10:16:14.000Z</time>
        <extensions>
          <ns3:TrackPointExtension>
            <ns3:hr>152</ns3:hr>
            <ns3:cad>87</ns3:cad>
          </ns3:TrackPointExtension>
        </extensions>
      </trkpt>
      <trkpt lat="37.5192870385944843292236328125" lon="127.0655762962996959686279296875">
        <ele>16.200000762939453125</ele>
        <time>2026-09-06T10:16:15.000Z</time>
        <extensions>
          <ns3:TrackPointExtension>
            <ns3:hr>152</ns3:hr>
            <ns3:cad>86</ns3:cad>
          </ns3:TrackPointExtension>
        </extensions>
      </trkpt>
      <trkpt lat="37.51926315017044544219970703125" lon="127.0655944012105464935302734375">
        <ele>16.200000762939453125</ele>
        <time>2026-09-06T10:16:16.000Z</time>
        <extensions>
          <ns3:TrackPointExtension>
            <ns3:hr>152</ns3:hr>
            <ns3:cad>86</ns3:cad>
          </ns3:TrackPointExtension>
        </extensions>
      </trkpt>
      <trkpt lat="37.5192374177277088165283203125" lon="127.06561057828366756439208984375">
        <ele>16</ele>
        <time>2026-09-06T10:16:17.000Z</time>
        <extensions>
          <ns3:TrackPointExtension>
            <ns3:hr>152</ns3:hr>
            <ns3:cad>86</ns3:cad>
          </ns3:TrackPointExtension>
        </extensions>
      </trkpt>
      <trkpt lat="37.519212774932384490966796875" lon="127.06562398932874202728271484375">
        <ele>15.80000019073486328125</ele>
        <time>2026-09-06T10:16:18.000Z</time>
        <extensions>
          <ns3:TrackPointExtension>
            <ns3:hr>151</ns3:hr>
            <ns3:cad>86</ns3:cad>
          </ns3:TrackPointExtension>
        </extensions>
      </trkpt>
      <trkpt lat="37.5192005373537540435791015625" lon="127.0656346343457698822021484375">
        <ele>15.80000019073486328125</ele>
        <time>2026-09-06T10:16:19.000Z</time>
        <extensions>
          <ns3:TrackPointExtension>
            <ns3:hr>151</ns3:hr>
            <ns3:cad>86</ns3:cad>
          </ns3:TrackPointExtension>
        </extensions>
      </trkpt>
      <trkpt lat="37.5191706977784633636474609375" lon="127.0656477101147174835205078125">
        <ele>15.80000019073486328125</ele>
        <time>2026-09-06T10:16:20.000Z</time>
        <extensions>
          <ns3:TrackPointExtension>
            <ns3:hr>151</ns3:hr>
            <ns3:cad>86</ns3:cad>
          </ns3:TrackPointExtension>
        </extensions>
      </trkpt>
      <trkpt lat="37.51915074884891510009765625" lon="127.06566321663558483123779296875">
        <ele>15.80000019073486328125</ele>
        <time>2026-09-06T10:16:21.000Z</time>
        <extensions>
          <ns3:TrackPointExtension>
            <ns3:hr>151</ns3:hr>
            <ns3:cad>86</ns3:cad>
          </ns3:TrackPointExtension>
        </extensions>
      </trkpt>
      <trkpt lat="37.5191167183220386505126953125" lon="127.065677382051944732666015625">
        <ele>16</ele>
        <time>2026-09-06T10:16:22.000Z</time>
        <extensions>
          <ns3:TrackPointExtension>
            <ns3:hr>152</ns3:hr>
            <ns3:cad>86</ns3:cad>
          </ns3:TrackPointExtension>
        </extensions>
      </trkpt>
      <trkpt lat="37.5190925784409046173095703125" lon="127.065691463649272918701171875">
        <ele>16</ele>
        <time>2026-09-06T10:16:23.000Z</time>
        <extensions>
          <ns3:TrackPointExtension>
            <ns3:hr>151</ns3:hr>
            <ns3:cad>86</ns3:cad>
          </ns3:TrackPointExtension>
        </extensions>
      </trkpt>
      <trkpt lat="37.51906030811369419097900390625" lon="127.0657070539891719818115234375">
        <ele>16.200000762939453125</ele>
        <time>2026-09-06T10:16:24.000Z</time>
        <extensions>
          <ns3:TrackPointExtension>
            <ns3:hr>152</ns3:hr>
            <ns3:cad>86</ns3:cad>
          </ns3:TrackPointExtension>
        </extensions>
      </trkpt>
      <trkpt lat="37.5190275348722934722900390625" lon="127.0657186210155487060546875">
        <ele>16.200000762939453125</ele>
        <time>2026-09-06T10:16:25.000Z</time>
        <extensions>
          <ns3:TrackPointExtension>
            <ns3:hr>152</ns3:hr>
            <ns3:cad>86</ns3:cad>
          </ns3:TrackPointExtension>
        </extensions>
      </trkpt>
      <trkpt lat="37.5189963541924953460693359375" lon="127.0657281763851642608642578125">
        <ele>16</ele>
        <time>2026-09-06T10:16:26.000Z</time>
        <extensions>
          <ns3:TrackPointExtension>
            <ns3:hr>152</ns3:hr>
            <ns3:cad>86</ns3:cad>
          </ns3:TrackPointExtension>
        </extensions>
      </trkpt>
      <trkpt lat="37.518961988389492034912109375" lon="127.06573077477514743804931640625">
        <ele>16</ele>
        <time>2026-09-06T10:16:27.000Z</time>
        <extensions>
          <ns3:TrackPointExtension>
            <ns3:hr>151</ns3:hr>
            <ns3:cad>86</ns3:cad>
          </ns3:TrackPointExtension>
        </extensions>
      </trkpt>
      <trkpt lat="37.51893818378448486328125" lon="127.06573647446930408477783203125">
        <ele>16</ele>
        <time>2026-09-06T10:16:28.000Z</time>
        <extensions>
          <ns3:TrackPointExtension>
            <ns3:hr>151</ns3:hr>
            <ns3:cad>86</ns3:cad>
          </ns3:TrackPointExtension>
        </extensions>
      </trkpt>
      <trkpt lat="37.51890524290502071380615234375" lon="127.06574150361120700836181640625">
        <ele>16</ele>
        <time>2026-09-06T10:16:29.000Z</time>
        <extensions>
          <ns3:TrackPointExtension>
            <ns3:hr>151</ns3:hr>
            <ns3:cad>86</ns3:cad>
          </ns3:TrackPointExtension>
        </extensions>
      </trkpt>
      <trkpt lat="37.5188776664435863494873046875" lon="127.0657503046095371246337890625">
        <ele>16</ele>
        <time>2026-09-06T10:16:30.000Z</time>
        <extensions>
          <ns3:TrackPointExtension>
            <ns3:hr>151</ns3:hr>
            <ns3:cad>86</ns3:cad>
          </ns3:TrackPointExtension>
        </extensions>
      </trkpt>
      <trkpt lat="37.5188424624502658843994140625" lon="127.06576396711170673370361328125">
        <ele>16</ele>
        <time>2026-09-06T10:16:31.000Z</time>
        <extensions>
          <ns3:TrackPointExtension>
            <ns3:hr>151</ns3:hr>
            <ns3:cad>86</ns3:cad>
          </ns3:TrackPointExtension>
        </extensions>
      </trkpt>
      <trkpt lat="37.5188139639794826507568359375" lon="127.06577922217547893524169921875">
        <ele>16</ele>
        <time>2026-09-06T10:16:32.000Z</time>
        <extensions>
          <ns3:TrackPointExtension>
            <ns3:hr>151</ns3:hr>
            <ns3:cad>86</ns3:cad>
          </ns3:TrackPointExtension>
        </extensions>
      </trkpt>
      <trkpt lat="37.51878756098449230194091796875" lon="127.065794058144092559814453125">
        <ele>15.80000019073486328125</ele>
        <time>2026-09-06T10:16:33.000Z</time>
        <extensions>
          <ns3:TrackPointExtension>
            <ns3:hr>151</ns3:hr>
            <ns3:cad>86</ns3:cad>
          </ns3:TrackPointExtension>
        </extensions>
      </trkpt>
      <trkpt lat="37.518758811056613922119140625" lon="127.065806798636913299560546875">
        <ele>15.80000019073486328125</ele>
        <time>2026-09-06T10:16:34.000Z</time>
        <extensions>
          <ns3:TrackPointExtension>
            <ns3:hr>151</ns3:hr>
            <ns3:cad>86</ns3:cad>
          </ns3:TrackPointExtension>
        </extensions>
      </trkpt>
      <trkpt lat="37.51873232424259185791015625" lon="127.06582481972873210906982421875">
        <ele>15.80000019073486328125</ele>
        <time>2026-09-06T10:16:35.000Z</time>
        <extensions>
          <ns3:TrackPointExtension>
            <ns3:hr>150</ns3:hr>
            <ns3:cad>86</ns3:cad>
          </ns3:TrackPointExtension>
        </extensions>
      </trkpt>
      <trkpt lat="37.5186982937157154083251953125" lon="127.06584041006863117218017578125">
        <ele>15.80000019073486328125</ele>
        <time>2026-09-06T10:16:36.000Z</time>
        <extensions>
          <ns3:TrackPointExtension>
            <ns3:hr>150</ns3:hr>
            <ns3:cad>86</ns3:cad>
          </ns3:TrackPointExtension>
        </extensions>
      </trkpt>
      <trkpt lat="37.51867339946329593658447265625" lon="127.0658527314662933349609375">
        <ele>15.80000019073486328125</ele>
        <time>2026-09-06T10:16:37.000Z</time>
        <extensions>
          <ns3:TrackPointExtension>
            <ns3:hr>150</ns3:hr>
            <ns3:cad>86</ns3:cad>
          </ns3:TrackPointExtension>
        </extensions>
      </trkpt>
      <trkpt lat="37.51863953657448291778564453125" lon="127.0658676512539386749267578125">
        <ele>16</ele>
        <time>2026-09-06T10:16:38.000Z</time>
        <extensions>
          <ns3:TrackPointExtension>
            <ns3:hr>150</ns3:hr>
            <ns3:cad>86</ns3:cad>
          </ns3:TrackPointExtension>
        </extensions>
      </trkpt>
      <trkpt lat="37.51861070282757282257080078125" lon="127.06588097847998142242431640625">
        <ele>16</ele>
        <time>2026-09-06T10:16:39.000Z</time>
        <extensions>
          <ns3:TrackPointExtension>
            <ns3:hr>150</ns3:hr>
            <ns3:cad>86</ns3:cad>
          </ns3:TrackPointExtension>
        </extensions>
      </trkpt>
      <trkpt lat="37.51857533119618892669677734375" lon="127.0658991672098636627197265625">
        <ele>15.80000019073486328125</ele>
        <time>2026-09-06T10:16:40.000Z</time>
        <extensions>
          <ns3:TrackPointExtension>
            <ns3:hr>150</ns3:hr>
            <ns3:cad>86</ns3:cad>
          </ns3:TrackPointExtension>
        </extensions>
      </trkpt>
      <trkpt lat="37.51854482106864452362060546875" lon="127.0659139193594455718994140625">
        <ele>15.80000019073486328125</ele>
        <time>2026-09-06T10:16:41.000Z</time>
        <extensions>
          <ns3:TrackPointExtension>
            <ns3:hr>149</ns3:hr>
            <ns3:cad>86</ns3:cad>
          </ns3:TrackPointExtension>
        </extensions>
      </trkpt>
      <trkpt lat="37.51852051354944705963134765625" lon="127.0659303478896617889404296875">
        <ele>16</ele>
        <time>2026-09-06T10:16:42.000Z</time>
        <extensions>
          <ns3:TrackPointExtension>
            <ns3:hr>150</ns3:hr>
            <ns3:cad>86</ns3:cad>
          </ns3:TrackPointExtension>
        </extensions>
      </trkpt>
      <trkpt lat="37.51849268563091754913330078125" lon="127.06595155410468578338623046875">
        <ele>16</ele>
        <time>2026-09-06T10:16:43.000Z</time>
        <extensions>
          <ns3:TrackPointExtension>
            <ns3:hr>150</ns3:hr>
            <ns3:cad>86</ns3:cad>
          </ns3:TrackPointExtension>
        </extensions>
      </trkpt>
      <trkpt lat="37.5184701383113861083984375" lon="127.0659712515771389007568359375">
        <ele>16</ele>
        <time>2026-09-06T10:16:44.000Z</time>
        <extensions>
          <ns3:TrackPointExtension>
            <ns3:hr>150</ns3:hr>
            <ns3:cad>86</ns3:cad>
          </ns3:TrackPointExtension>
        </extensions>
      </trkpt>
      <trkpt lat="37.518436945974826812744140625" lon="127.0659762807190418243408203125">
        <ele>16</ele>
        <time>2026-09-06T10:16:45.000Z</time>
        <extensions>
          <ns3:TrackPointExtension>
            <ns3:hr>150</ns3:hr>
            <ns3:cad>86</ns3:cad>
          </ns3:TrackPointExtension>
        </extensions>
      </trkpt>
      <trkpt lat="37.51841045916080474853515625" lon="127.06598843447864055633544921875">
        <ele>16</ele>
        <time>2026-09-06T10:16:46.000Z</time>
        <extensions>
          <ns3:TrackPointExtension>
            <ns3:hr>151</ns3:hr>
            <ns3:cad>86</ns3:cad>
          </ns3:TrackPointExtension>
        </extensions>
      </trkpt>
      <trkpt lat="37.51837827265262603759765625" lon="127.06600000150501728057861328125">
        <ele>16</ele>
        <time>2026-09-06T10:16:47.000Z</time>
        <extensions>
          <ns3:TrackPointExtension>
            <ns3:hr>151</ns3:hr>
            <ns3:cad>86</ns3:cad>
          </ns3:TrackPointExtension>
        </extensions>
      </trkpt>
      <trkpt lat="37.518351115286350250244140625" lon="127.06601701676845550537109375">
        <ele>16</ele>
        <time>2026-09-06T10:16:48.000Z</time>
        <extensions>
          <ns3:TrackPointExtension>
            <ns3:hr>152</ns3:hr>
            <ns3:cad>86</ns3:cad>
          </ns3:TrackPointExtension>
        </extensions>
      </trkpt>
      <trkpt lat="37.51831767149269580841064453125" lon="127.06603202037513256072998046875">
        <ele>16</ele>
        <time>2026-09-06T10:16:49.000Z</time>
        <extensions>
          <ns3:TrackPointExtension>
            <ns3:hr>152</ns3:hr>
            <ns3:cad>86</ns3:cad>
          </ns3:TrackPointExtension>
        </extensions>
      </trkpt>
      <trkpt lat="37.5182835571467876434326171875" lon="127.0660483650863170623779296875">
        <ele>15.80000019073486328125</ele>
        <time>2026-09-06T10:16:50.000Z</time>
        <extensions>
          <ns3:TrackPointExtension>
            <ns3:hr>151</ns3:hr>
            <ns3:cad>86</ns3:cad>
          </ns3:TrackPointExtension>
        </extensions>
      </trkpt>
      <trkpt lat="37.51825581304728984832763671875" lon="127.066062949597835540771484375">
        <ele>15.80000019073486328125</ele>
        <time>2026-09-06T10:16:51.000Z</time>
        <extensions>
          <ns3:TrackPointExtension>
            <ns3:hr>151</ns3:hr>
            <ns3:cad>86</ns3:cad>
          </ns3:TrackPointExtension>
        </extensions>
      </trkpt>
      <trkpt lat="37.5182279013097286224365234375" lon="127.06607342697679996490478515625">
        <ele>15.80000019073486328125</ele>
        <time>2026-09-06T10:16:52.000Z</time>
        <extensions>
          <ns3:TrackPointExtension>
            <ns3:hr>151</ns3:hr>
            <ns3:cad>86</ns3:cad>
          </ns3:TrackPointExtension>
        </extensions>
      </trkpt>
      <trkpt lat="37.51820418052375316619873046875" lon="127.06607862375676631927490234375">
        <ele>15.80000019073486328125</ele>
        <time>2026-09-06T10:16:53.000Z</time>
        <extensions>
          <ns3:TrackPointExtension>
            <ns3:hr>150</ns3:hr>
            <ns3:cad>86</ns3:cad>
          </ns3:TrackPointExtension>
        </extensions>
      </trkpt>
      <trkpt lat="37.5181759335100650787353515625" lon="127.0660887658596038818359375">
        <ele>15.6000003814697265625</ele>
        <time>2026-09-06T10:16:54.000Z</time>
        <extensions>
          <ns3:TrackPointExtension>
            <ns3:hr>151</ns3:hr>
            <ns3:cad>86</ns3:cad>
          </ns3:TrackPointExtension>
        </extensions>
      </trkpt>
      <trkpt lat="37.51813997514545917510986328125" lon="127.06610410474240779876708984375">
        <ele>15.80000019073486328125</ele>
        <time>2026-09-06T10:16:55.000Z</time>
        <extensions>
          <ns3:TrackPointExtension>
            <ns3:hr>151</ns3:hr>
            <ns3:cad>86</ns3:cad>
          </ns3:TrackPointExtension>
        </extensions>
      </trkpt>
      <trkpt lat="37.51811265014111995697021484375" lon="127.066114246845245361328125">
        <ele>15.80000019073486328125</ele>
        <time>2026-09-06T10:16:56.000Z</time>
        <extensions>
          <ns3:TrackPointExtension>
            <ns3:hr>151</ns3:hr>
            <ns3:cad>86</ns3:cad>
          </ns3:TrackPointExtension>
        </extensions>
      </trkpt>
      <trkpt lat="37.5180750153958797454833984375" lon="127.06612070091068744659423828125">
        <ele>15.80000019073486328125</ele>
        <time>2026-09-06T10:16:57.000Z</time>
        <extensions>
          <ns3:TrackPointExtension>
            <ns3:hr>151</ns3:hr>
            <ns3:cad>86</ns3:cad>
          </ns3:TrackPointExtension>
        </extensions>
      </trkpt>
      <trkpt lat="37.5180468522012233734130859375" lon="127.06613025628030300140380859375">
        <ele>15.6000003814697265625</ele>
        <time>2026-09-06T10:16:58.000Z</time>
        <extensions>
          <ns3:TrackPointExtension>
            <ns3:hr>151</ns3:hr>
            <ns3:cad>86</ns3:cad>
          </ns3:TrackPointExtension>
        </extensions>
      </trkpt>
      <trkpt lat="37.518006451427936553955078125" lon="127.06614349968731403350830078125">
        <ele>15.80000019073486328125</ele>
        <time>2026-09-06T10:16:59.000Z</time>
        <extensions>
          <ns3:TrackPointExtension>
            <ns3:hr>151</ns3:hr>
            <ns3:cad>86</ns3:cad>
          </ns3:TrackPointExtension>
        </extensions>
      </trkpt>
      <trkpt lat="37.5179791264235973358154296875" lon="127.06615758128464221954345703125">
        <ele>15.80000019073486328125</ele>
        <time>2026-09-06T10:17:00.000Z</time>
        <extensions>
          <ns3:TrackPointExtension>
            <ns3:hr>150</ns3:hr>
            <ns3:cad>86</ns3:cad>
          </ns3:TrackPointExtension>
        </extensions>
      </trkpt>
      <trkpt lat="37.517944760620594024658203125" lon="127.066184990108013153076171875">
        <ele>15.80000019073486328125</ele>
        <time>2026-09-06T10:17:01.000Z</time>
        <extensions>
          <ns3:TrackPointExtension>
            <ns3:hr>150</ns3:hr>
            <ns3:cad>86</ns3:cad>
          </ns3:TrackPointExtension>
        </extensions>
      </trkpt>
      <trkpt lat="37.51791701652109622955322265625" lon="127.06620753742754459381103515625">
        <ele>15.80000019073486328125</ele>
        <time>2026-09-06T10:17:02.000Z</time>
        <extensions>
          <ns3:TrackPointExtension>
            <ns3:hr>150</ns3:hr>
            <ns3:cad>86</ns3:cad>
          </ns3:TrackPointExtension>
        </extensions>
      </trkpt>
      <trkpt lat="37.51789136789739131927490234375" lon="127.06623318605124950408935546875">
        <ele>15.80000019073486328125</ele>
        <time>2026-09-06T10:17:03.000Z</time>
        <extensions>
          <ns3:TrackPointExtension>
            <ns3:hr>150</ns3:hr>
            <ns3:cad>86</ns3:cad>
          </ns3:TrackPointExtension>
        </extensions>
      </trkpt>
      <trkpt lat="37.51786119304597377777099609375" lon="127.0662582479417324066162109375">
        <ele>15.6000003814697265625</ele>
        <time>2026-09-06T10:17:04.000Z</time>
        <extensions>
          <ns3:TrackPointExtension>
            <ns3:hr>151</ns3:hr>
            <ns3:cad>86</ns3:cad>
          </ns3:TrackPointExtension>
        </extensions>
      </trkpt>
      <trkpt lat="37.5178416632115840911865234375" lon="127.0662833936512470245361328125">
        <ele>15.6000003814697265625</ele>
        <time>2026-09-06T10:17:05.000Z</time>
        <extensions>
          <ns3:TrackPointExtension>
            <ns3:hr>151</ns3:hr>
            <ns3:cad>86</ns3:cad>
          </ns3:TrackPointExtension>
        </extensions>
      </trkpt>
      <trkpt lat="37.51780939288437366485595703125" lon="127.06631046719849109649658203125">
        <ele>15.6000003814697265625</ele>
        <time>2026-09-06T10:17:06.000Z</time>
        <extensions>
          <ns3:TrackPointExtension>
            <ns3:hr>151</ns3:hr>
            <ns3:cad>86</ns3:cad>
          </ns3:TrackPointExtension>
        </extensions>
      </trkpt>
      <trkpt lat="37.51779028214514255523681640625" lon="127.0663340203464031219482421875">
        <ele>15.3999996185302734375</ele>
        <time>2026-09-06T10:17:07.000Z</time>
        <extensions>
          <ns3:TrackPointExtension>
            <ns3:hr>150</ns3:hr>
            <ns3:cad>86</ns3:cad>
          </ns3:TrackPointExtension>
        </extensions>
      </trkpt>
      <trkpt lat="37.5177605263888835906982421875" lon="127.0663558132946491241455078125">
        <ele>15.3999996185302734375</ele>
        <time>2026-09-06T10:17:08.000Z</time>
        <extensions>
          <ns3:TrackPointExtension>
            <ns3:hr>150</ns3:hr>
            <ns3:cad>86</ns3:cad>
          </ns3:TrackPointExtension>
        </extensions>
      </trkpt>
      <trkpt lat="37.51774124801158905029296875" lon="127.0663811266422271728515625">
        <ele>15.6000003814697265625</ele>
        <time>2026-09-06T10:17:09.000Z</time>
        <extensions>
          <ns3:TrackPointExtension>
            <ns3:hr>149</ns3:hr>
            <ns3:cad>85</ns3:cad>
          </ns3:TrackPointExtension>
        </extensions>
      </trkpt>
      <trkpt lat="37.5177176110446453094482421875" lon="127.0664144866168498992919921875">
        <ele>15.6000003814697265625</ele>
        <time>2026-09-06T10:17:10.000Z</time>
        <extensions>
          <ns3:TrackPointExtension>
            <ns3:hr>149</ns3:hr>
            <ns3:cad>85</ns3:cad>
          </ns3:TrackPointExtension>
        </extensions>
      </trkpt>
      <trkpt lat="37.5176827423274517059326171875" lon="127.06644206307828426361083984375">
        <ele>15.6000003814697265625</ele>
        <time>2026-09-06T10:17:11.000Z</time>
        <extensions>
          <ns3:TrackPointExtension>
            <ns3:hr>149</ns3:hr>
            <ns3:cad>85</ns3:cad>
          </ns3:TrackPointExtension>
        </extensions>
      </trkpt>
      <trkpt lat="37.5176579318940639495849609375" lon="127.06647424958646297454833984375">
        <ele>15.80000019073486328125</ele>
        <time>2026-09-06T10:17:12.000Z</time>
        <extensions>
          <ns3:TrackPointExtension>
            <ns3:hr>149</ns3:hr>
            <ns3:cad>85</ns3:cad>
          </ns3:TrackPointExtension>
        </extensions>
      </trkpt>
      <trkpt lat="37.5176213867962360382080078125" lon="127.06649989821016788482666015625">
        <ele>15.80000019073486328125</ele>
        <time>2026-09-06T10:17:13.000Z</time>
        <extensions>
          <ns3:TrackPointExtension>
            <ns3:hr>148</ns3:hr>
            <ns3:cad>85</ns3:cad>
          </ns3:TrackPointExtension>
        </extensions>
      </trkpt>
      <trkpt lat="37.51759397797286510467529296875" lon="127.06652035005390644073486328125">
        <ele>15.80000019073486328125</ele>
        <time>2026-09-06T10:17:14.000Z</time>
        <extensions>
          <ns3:TrackPointExtension>
            <ns3:hr>149</ns3:hr>
            <ns3:cad>85</ns3:cad>
          </ns3:TrackPointExtension>
        </extensions>
      </trkpt>
      <trkpt lat="37.51756715588271617889404296875" lon="127.06654113717377185821533203125">
        <ele>15.80000019073486328125</ele>
        <time>2026-09-06T10:17:15.000Z</time>
        <extensions>
          <ns3:TrackPointExtension>
            <ns3:hr>149</ns3:hr>
            <ns3:cad>85</ns3:cad>
          </ns3:TrackPointExtension>
        </extensions>
      </trkpt>
      <trkpt lat="37.5175368972122669219970703125" lon="127.06656175665557384490966796875">
        <ele>15.80000019073486328125</ele>
        <time>2026-09-06T10:17:16.000Z</time>
        <extensions>
          <ns3:TrackPointExtension>
            <ns3:hr>148</ns3:hr>
            <ns3:cad>85</ns3:cad>
          </ns3:TrackPointExtension>
        </extensions>
      </trkpt>
      <trkpt lat="37.51751099713146686553955078125" lon="127.06658958457410335540771484375">
        <ele>15.80000019073486328125</ele>
        <time>2026-09-06T10:17:17.000Z</time>
        <extensions>
          <ns3:TrackPointExtension>
            <ns3:hr>149</ns3:hr>
            <ns3:cad>85</ns3:cad>
          </ns3:TrackPointExtension>
        </extensions>
      </trkpt>
      <trkpt lat="37.51748266629874706268310546875" lon="127.0666126348078250885009765625">
        <ele>15.80000019073486328125</ele>
        <time>2026-09-06T10:17:18.000Z</time>
        <extensions>
          <ns3:TrackPointExtension>
            <ns3:hr>149</ns3:hr>
            <ns3:cad>87</ns3:cad>
          </ns3:TrackPointExtension>
        </extensions>
      </trkpt>
      <trkpt lat="37.5174607895314693450927734375" lon="127.0666354335844516754150390625">
        <ele>15.80000019073486328125</ele>
        <time>2026-09-06T10:17:19.000Z</time>
        <extensions>
          <ns3:TrackPointExtension>
            <ns3:hr>149</ns3:hr>
            <ns3:cad>87</ns3:cad>
          </ns3:TrackPointExtension>
        </extensions>
      </trkpt>
      <trkpt lat="37.5174265913665294647216796875" lon="127.066659741103649139404296875">
        <ele>15.80000019073486328125</ele>
        <time>2026-09-06T10:17:20.000Z</time>
        <extensions>
          <ns3:TrackPointExtension>
            <ns3:hr>149</ns3:hr>
            <ns3:cad>87</ns3:cad>
          </ns3:TrackPointExtension>
        </extensions>
      </trkpt>
      <trkpt lat="37.5174064747989177703857421875" lon="127.0666842162609100341796875">
        <ele>15.80000019073486328125</ele>
        <time>2026-09-06T10:17:21.000Z</time>
        <extensions>
          <ns3:TrackPointExtension>
            <ns3:hr>149</ns3:hr>
            <ns3:cad>87</ns3:cad>
          </ns3:TrackPointExtension>
        </extensions>
      </trkpt>
      <trkpt lat="37.517374455928802490234375" lon="127.06671229563653469085693359375">
        <ele>15.80000019073486328125</ele>
        <time>2026-09-06T10:17:22.000Z</time>
        <extensions>
          <ns3:TrackPointExtension>
            <ns3:hr>148</ns3:hr>
            <ns3:cad>87</ns3:cad>
          </ns3:TrackPointExtension>
        </extensions>
      </trkpt>
      <trkpt lat="37.51735442318022251129150390625" lon="127.06673559732735157012939453125">
        <ele>15.80000019073486328125</ele>
        <time>2026-09-06T10:17:23.000Z</time>
        <extensions>
          <ns3:TrackPointExtension>
            <ns3:hr>149</ns3:hr>
            <ns3:cad>87</ns3:cad>
          </ns3:TrackPointExtension>
        </extensions>
      </trkpt>
      <trkpt lat="37.51732693053781986236572265625" lon="127.06677231006324291229248046875">
        <ele>15.6000003814697265625</ele>
        <time>2026-09-06T10:17:24.000Z</time>
        <extensions>
          <ns3:TrackPointExtension>
            <ns3:hr>149</ns3:hr>
            <ns3:cad>87</ns3:cad>
          </ns3:TrackPointExtension>
        </extensions>
      </trkpt>
      <trkpt lat="37.51730413176119327545166015625" lon="127.066800892353057861328125">
        <ele>15.6000003814697265625</ele>
        <time>2026-09-06T10:17:25.000Z</time>
        <extensions>
          <ns3:TrackPointExtension>
            <ns3:hr>149</ns3:hr>
            <ns3:cad>87</ns3:cad>
          </ns3:TrackPointExtension>
        </extensions>
      </trkpt>
      <trkpt lat="37.5172807462513446807861328125" lon="127.06683366559445858001708984375">
        <ele>15.6000003814697265625</ele>
        <time>2026-09-06T10:17:26.000Z</time>
        <extensions>
          <ns3:TrackPointExtension>
            <ns3:hr>149</ns3:hr>
            <ns3:cad>87</ns3:cad>
          </ns3:TrackPointExtension>
        </extensions>
      </trkpt>
      <trkpt lat="37.51724998466670513153076171875" lon="127.066857554018497467041015625">
        <ele>15.3999996185302734375</ele>
        <time>2026-09-06T10:17:27.000Z</time>
        <extensions>
          <ns3:TrackPointExtension>
            <ns3:hr>149</ns3:hr>
            <ns3:cad>87</ns3:cad>
          </ns3:TrackPointExtension>
        </extensions>
      </trkpt>
      <trkpt lat="37.517228610813617706298828125" lon="127.066881358623504638671875">
        <ele>15.19999980926513671875</ele>
        <time>2026-09-06T10:17:28.000Z</time>
        <extensions>
          <ns3:TrackPointExtension>
            <ns3:hr>150</ns3:hr>
            <ns3:cad>87</ns3:cad>
          </ns3:TrackPointExtension>
        </extensions>
      </trkpt>
      <trkpt lat="37.5171962566673755645751953125" lon="127.066909857094287872314453125">
        <ele>15.19999980926513671875</ele>
        <time>2026-09-06T10:17:29.000Z</time>
        <extensions>
          <ns3:TrackPointExtension>
            <ns3:hr>150</ns3:hr>
            <ns3:cad>87</ns3:cad>
          </ns3:TrackPointExtension>
        </extensions>
      </trkpt>
      <trkpt lat="37.51717672683298587799072265625" lon="127.06693391315639019012451171875">
        <ele>15</ele>
        <time>2026-09-06T10:17:30.000Z</time>
        <extensions>
          <ns3:TrackPointExtension>
            <ns3:hr>150</ns3:hr>
            <ns3:cad>87</ns3:cad>
          </ns3:TrackPointExtension>
        </extensions>
      </trkpt>
      <trkpt lat="37.51714001409709453582763671875" lon="127.06697397865355014801025390625">
        <ele>14.80000019073486328125</ele>
        <time>2026-09-06T10:17:31.000Z</time>
        <extensions>
          <ns3:TrackPointExtension>
            <ns3:hr>150</ns3:hr>
            <ns3:cad>87</ns3:cad>
          </ns3:TrackPointExtension>
        </extensions>
      </trkpt>
      <trkpt lat="37.51712056808173656463623046875" lon="127.067002393305301666259765625">
        <ele>14.80000019073486328125</ele>
        <time>2026-09-06T10:17:32.000Z</time>
        <extensions>
          <ns3:TrackPointExtension>
            <ns3:hr>150</ns3:hr>
            <ns3:cad>87</ns3:cad>
          </ns3:TrackPointExtension>
        </extensions>
      </trkpt>
      <trkpt lat="37.51708704046905040740966796875" lon="127.067045308649539947509765625">
        <ele>14.6000003814697265625</ele>
        <time>2026-09-06T10:17:33.000Z</time>
        <extensions>
          <ns3:TrackPointExtension>
            <ns3:hr>150</ns3:hr>
            <ns3:cad>86</ns3:cad>
          </ns3:TrackPointExtension>
        </extensions>
      </trkpt>
      <trkpt lat="37.51706256531178951263427734375" lon="127.06707892008125782012939453125">
        <ele>14.6000003814697265625</ele>
        <time>2026-09-06T10:17:34.000Z</time>
        <extensions>
          <ns3:TrackPointExtension>
            <ns3:hr>150</ns3:hr>
            <ns3:cad>86</ns3:cad>
          </ns3:TrackPointExtension>
        </extensions>
      </trkpt>
      <trkpt lat="37.51703222282230854034423828125" lon="127.06710590980947017669677734375">
        <ele>14.3999996185302734375</ele>
        <time>2026-09-06T10:17:35.000Z</time>
        <extensions>
          <ns3:TrackPointExtension>
            <ns3:hr>149</ns3:hr>
            <ns3:cad>86</ns3:cad>
          </ns3:TrackPointExtension>
        </extensions>
      </trkpt>
      <trkpt lat="37.51699416898190975189208984375" lon="127.06711898557841777801513671875">
        <ele>14.3999996185302734375</ele>
        <time>2026-09-06T10:17:36.000Z</time>
        <extensions>
          <ns3:TrackPointExtension>
            <ns3:hr>150</ns3:hr>
            <ns3:cad>86</ns3:cad>
          </ns3:TrackPointExtension>
        </extensions>
      </trkpt>
      <trkpt lat="37.51696617342531681060791015625" lon="127.06713013350963592529296875">
        <ele>14.3999996185302734375</ele>
        <time>2026-09-06T10:17:37.000Z</time>
        <extensions>
          <ns3:TrackPointExtension>
            <ns3:hr>150</ns3:hr>
            <ns3:cad>86</ns3:cad>
          </ns3:TrackPointExtension>
        </extensions>
      </trkpt>
      <trkpt lat="37.51692711375653743743896484375" lon="127.067138515412807464599609375">
        <ele>14.3999996185302734375</ele>
        <time>2026-09-06T10:17:38.000Z</time>
        <extensions>
          <ns3:TrackPointExtension>
            <ns3:hr>150</ns3:hr>
            <ns3:cad>86</ns3:cad>
          </ns3:TrackPointExtension>
        </extensions>
      </trkpt>
      <trkpt lat="37.51690037548542022705078125" lon="127.06714488565921783447265625">
        <ele>14.3999996185302734375</ele>
        <time>2026-09-06T10:17:39.000Z</time>
        <extensions>
          <ns3:TrackPointExtension>
            <ns3:hr>149</ns3:hr>
            <ns3:cad>86</ns3:cad>
          </ns3:TrackPointExtension>
        </extensions>
      </trkpt>
      <trkpt lat="37.51685888506472110748291015625" lon="127.06714890897274017333984375">
        <ele>14.3999996185302734375</ele>
        <time>2026-09-06T10:17:40.000Z</time>
        <extensions>
          <ns3:TrackPointExtension>
            <ns3:hr>150</ns3:hr>
            <ns3:cad>86</ns3:cad>
          </ns3:TrackPointExtension>
        </extensions>
      </trkpt>
      <trkpt lat="37.51682971604168415069580078125" lon="127.06716273911297321319580078125">
        <ele>14.6000003814697265625</ele>
        <time>2026-09-06T10:17:41.000Z</time>
        <extensions>
          <ns3:TrackPointExtension>
            <ns3:hr>150</ns3:hr>
            <ns3:cad>86</ns3:cad>
          </ns3:TrackPointExtension>
        </extensions>
      </trkpt>
      <trkpt lat="37.51679384149610996246337890625" lon="127.06717011518776416778564453125">
        <ele>14.6000003814697265625</ele>
        <time>2026-09-06T10:17:42.000Z</time>
        <extensions>
          <ns3:TrackPointExtension>
            <ns3:hr>150</ns3:hr>
            <ns3:cad>86</ns3:cad>
          </ns3:TrackPointExtension>
        </extensions>
      </trkpt>
      <trkpt lat="37.51676064915955066680908203125" lon="127.067172713577747344970703125">
        <ele>14.6000003814697265625</ele>
        <time>2026-09-06T10:17:43.000Z</time>
        <extensions>
          <ns3:TrackPointExtension>
            <ns3:hr>150</ns3:hr>
            <ns3:cad>86</ns3:cad>
          </ns3:TrackPointExtension>
        </extensions>
      </trkpt>
      <trkpt lat="37.51673148013651371002197265625" lon="127.0671832747757434844970703125">
        <ele>14.6000003814697265625</ele>
        <time>2026-09-06T10:17:44.000Z</time>
        <extensions>
          <ns3:TrackPointExtension>
            <ns3:hr>150</ns3:hr>
            <ns3:cad>85</ns3:cad>
          </ns3:TrackPointExtension>
        </extensions>
      </trkpt>
      <trkpt lat="37.5166956894099712371826171875" lon="127.06717682071030139923095703125">
        <ele>14.6000003814697265625</ele>
        <time>2026-09-06T10:17:45.000Z</time>
        <extensions>
          <ns3:TrackPointExtension>
            <ns3:hr>150</ns3:hr>
            <ns3:cad>85</ns3:cad>
          </ns3:TrackPointExtension>
        </extensions>
      </trkpt>
      <trkpt lat="37.516669370234012603759765625" lon="127.06718377768993377685546875">
        <ele>14.6000003814697265625</ele>
        <time>2026-09-06T10:17:46.000Z</time>
        <extensions>
          <ns3:TrackPointExtension>
            <ns3:hr>150</ns3:hr>
            <ns3:cad>85</ns3:cad>
          </ns3:TrackPointExtension>
        </extensions>
      </trkpt>
      <trkpt lat="37.51663005910813808441162109375" lon="127.0671831071376800537109375">
        <ele>14.6000003814697265625</ele>
        <time>2026-09-06T10:17:47.000Z</time>
        <extensions>
          <ns3:TrackPointExtension>
            <ns3:hr>151</ns3:hr>
            <ns3:cad>86</ns3:cad>
          </ns3:TrackPointExtension>
        </extensions>
      </trkpt>
      <trkpt lat="37.5166060030460357666015625" lon="127.06719224341213703155517578125">
        <ele>14.6000003814697265625</ele>
        <time>2026-09-06T10:17:48.000Z</time>
        <extensions>
          <ns3:TrackPointExtension>
            <ns3:hr>151</ns3:hr>
            <ns3:cad>86</ns3:cad>
          </ns3:TrackPointExtension>
        </extensions>
      </trkpt>
      <trkpt lat="37.51656451262533664703369140625" lon="127.06719257868826389312744140625">
        <ele>14.80000019073486328125</ele>
        <time>2026-09-06T10:17:49.000Z</time>
        <extensions>
          <ns3:TrackPointExtension>
            <ns3:hr>151</ns3:hr>
            <ns3:cad>86</ns3:cad>
          </ns3:TrackPointExtension>
        </extensions>
      </trkpt>
      <trkpt lat="37.5165404565632343292236328125" lon="127.0672054030001163482666015625">
        <ele>14.80000019073486328125</ele>
        <time>2026-09-06T10:17:50.000Z</time>
        <extensions>
          <ns3:TrackPointExtension>
            <ns3:hr>150</ns3:hr>
            <ns3:cad>86</ns3:cad>
          </ns3:TrackPointExtension>
        </extensions>
      </trkpt>
      <trkpt lat="37.5164987146854400634765625" lon="127.06721772439777851104736328125">
        <ele>14.80000019073486328125</ele>
        <time>2026-09-06T10:17:51.000Z</time>
        <extensions>
          <ns3:TrackPointExtension>
            <ns3:hr>151</ns3:hr>
            <ns3:cad>86</ns3:cad>
          </ns3:TrackPointExtension>
        </extensions>
      </trkpt>
      <trkpt lat="37.51646392978727817535400390625" lon="127.067222334444522857666015625">
        <ele>14.6000003814697265625</ele>
        <time>2026-09-06T10:17:52.000Z</time>
        <extensions>
          <ns3:TrackPointExtension>
            <ns3:hr>151</ns3:hr>
            <ns3:cad>86</ns3:cad>
          </ns3:TrackPointExtension>
        </extensions>
      </trkpt>
      <trkpt lat="37.51642956398427486419677734375" lon="127.06722727976739406585693359375">
        <ele>14.6000003814697265625</ele>
        <time>2026-09-06T10:17:53.000Z</time>
        <extensions>
          <ns3:TrackPointExtension>
            <ns3:hr>151</ns3:hr>
            <ns3:cad>87</ns3:cad>
          </ns3:TrackPointExtension>
        </extensions>
      </trkpt>
      <trkpt lat="37.51639704219996929168701171875" lon="127.06722644157707691192626953125">
        <ele>14.6000003814697265625</ele>
        <time>2026-09-06T10:17:54.000Z</time>
        <extensions>
          <ns3:TrackPointExtension>
            <ns3:hr>151</ns3:hr>
            <ns3:cad>87</ns3:cad>
          </ns3:TrackPointExtension>
        </extensions>
      </trkpt>
      <trkpt lat="37.516367621719837188720703125" lon="127.06723616458475589752197265625">
        <ele>14.6000003814697265625</ele>
        <time>2026-09-06T10:17:55.000Z</time>
        <extensions>
          <ns3:TrackPointExtension>
            <ns3:hr>151</ns3:hr>
            <ns3:cad>87</ns3:cad>
          </ns3:TrackPointExtension>
        </extensions>
      </trkpt>
      <trkpt lat="37.51632546074688434600830078125" lon="127.06723767332732677459716796875">
        <ele>14.6000003814697265625</ele>
        <time>2026-09-06T10:17:56.000Z</time>
        <extensions>
          <ns3:TrackPointExtension>
            <ns3:hr>151</ns3:hr>
            <ns3:cad>86</ns3:cad>
          </ns3:TrackPointExtension>
        </extensions>
      </trkpt>
      <trkpt lat="37.5163020752370357513427734375" lon="127.06724521704018115997314453125">
        <ele>14.3999996185302734375</ele>
        <time>2026-09-06T10:17:57.000Z</time>
        <extensions>
          <ns3:TrackPointExtension>
            <ns3:hr>151</ns3:hr>
            <ns3:cad>87</ns3:cad>
          </ns3:TrackPointExtension>
        </extensions>
      </trkpt>
      <trkpt lat="37.51625874079763889312744140625" lon="127.067255862057209014892578125">
        <ele>14.19999980926513671875</ele>
        <time>2026-09-06T10:17:58.000Z</time>
        <extensions>
          <ns3:TrackPointExtension>
            <ns3:hr>151</ns3:hr>
            <ns3:cad>87</ns3:cad>
          </ns3:TrackPointExtension>
        </extensions>
      </trkpt>
      <trkpt lat="37.51623250544071197509765625" lon="127.0672677643597126007080078125">
        <ele>14.19999980926513671875</ele>
        <time>2026-09-06T10:17:59.000Z</time>
        <extensions>
          <ns3:TrackPointExtension>
            <ns3:hr>151</ns3:hr>
            <ns3:cad>87</ns3:cad>
          </ns3:TrackPointExtension>
        </extensions>
      </trkpt>
      <trkpt lat="37.516196630895137786865234375" lon="127.06728209741413593292236328125">
        <ele>14</ele>
        <time>2026-09-06T10:18:00.000Z</time>
        <extensions>
          <ns3:TrackPointExtension>
            <ns3:hr>151</ns3:hr>
            <ns3:cad>87</ns3:cad>
          </ns3:TrackPointExtension>
        </extensions>
      </trkpt>
      <trkpt lat="37.5161634385585784912109375" lon="127.067294083535671234130859375">
        <ele>14</ele>
        <time>2026-09-06T10:18:01.000Z</time>
        <extensions>
          <ns3:TrackPointExtension>
            <ns3:hr>151</ns3:hr>
            <ns3:cad>87</ns3:cad>
          </ns3:TrackPointExtension>
        </extensions>
      </trkpt>
      <trkpt lat="37.51613217405974864959716796875" lon="127.067300118505954742431640625">
        <ele>14</ele>
        <time>2026-09-06T10:18:02.000Z</time>
        <extensions>
          <ns3:TrackPointExtension>
            <ns3:hr>151</ns3:hr>
            <ns3:cad>87</ns3:cad>
          </ns3:TrackPointExtension>
        </extensions>
      </trkpt>
      <trkpt lat="37.5160978920757770538330078125" lon="127.06729374825954437255859375">
        <ele>14</ele>
        <time>2026-09-06T10:18:03.000Z</time>
        <extensions>
          <ns3:TrackPointExtension>
            <ns3:hr>151</ns3:hr>
            <ns3:cad>87</ns3:cad>
          </ns3:TrackPointExtension>
        </extensions>
      </trkpt>
      <trkpt lat="37.516075931489467620849609375" lon="127.06729735247790813446044921875">
        <ele>14</ele>
        <time>2026-09-06T10:18:04.000Z</time>
        <extensions>
          <ns3:TrackPointExtension>
            <ns3:hr>151</ns3:hr>
            <ns3:cad>87</ns3:cad>
          </ns3:TrackPointExtension>
        </extensions>
      </trkpt>
      <trkpt lat="37.516035698354244232177734375" lon="127.06730154342949390411376953125">
        <ele>13.80000019073486328125</ele>
        <time>2026-09-06T10:18:05.000Z</time>
        <extensions>
          <ns3:TrackPointExtension>
            <ns3:hr>151</ns3:hr>
            <ns3:cad>87</ns3:cad>
          </ns3:TrackPointExtension>
        </extensions>
      </trkpt>
      <trkpt lat="37.5160113908350467681884765625" lon="127.067307494580745697021484375">
        <ele>13.80000019073486328125</ele>
        <time>2026-09-06T10:18:06.000Z</time>
        <extensions>
          <ns3:TrackPointExtension>
            <ns3:hr>151</ns3:hr>
            <ns3:cad>87</ns3:cad>
          </ns3:TrackPointExtension>
        </extensions>
      </trkpt>
      <trkpt lat="37.5159724988043308258056640625" lon="127.06731386482715606689453125">
        <ele>13.80000019073486328125</ele>
        <time>2026-09-06T10:18:07.000Z</time>
        <extensions>
          <ns3:TrackPointExtension>
            <ns3:hr>151</ns3:hr>
            <ns3:cad>87</ns3:cad>
          </ns3:TrackPointExtension>
        </extensions>
      </trkpt>
      <trkpt lat="37.51594358123838901519775390625" lon="127.0673227496445178985595703125">
        <ele>13.6000003814697265625</ele>
        <time>2026-09-06T10:18:08.000Z</time>
        <extensions>
          <ns3:TrackPointExtension>
            <ns3:hr>151</ns3:hr>
            <ns3:cad>87</ns3:cad>
          </ns3:TrackPointExtension>
        </extensions>
      </trkpt>
      <trkpt lat="37.51590938307344913482666015625" lon="127.06732970662415027618408203125">
        <ele>13.6000003814697265625</ele>
        <time>2026-09-06T10:18:09.000Z</time>
        <extensions>
          <ns3:TrackPointExtension>
            <ns3:hr>151</ns3:hr>
            <ns3:cad>87</ns3:cad>
          </ns3:TrackPointExtension>
        </extensions>
      </trkpt>
      <trkpt lat="37.51587736420333385467529296875" lon="127.06733339466154575347900390625">
        <ele>13.6000003814697265625</ele>
        <time>2026-09-06T10:18:10.000Z</time>
        <extensions>
          <ns3:TrackPointExtension>
            <ns3:hr>151</ns3:hr>
            <ns3:cad>87</ns3:cad>
          </ns3:TrackPointExtension>
        </extensions>
      </trkpt>
      <trkpt lat="37.515847943723201751708984375" lon="127.067337334156036376953125">
        <ele>13.6000003814697265625</ele>
        <time>2026-09-06T10:18:11.000Z</time>
        <extensions>
          <ns3:TrackPointExtension>
            <ns3:hr>151</ns3:hr>
            <ns3:cad>87</ns3:cad>
          </ns3:TrackPointExtension>
        </extensions>
      </trkpt>
      <trkpt lat="37.5158115662634372711181640625" lon="127.0673334784805774688720703125">
        <ele>13.3999996185302734375</ele>
        <time>2026-09-06T10:18:12.000Z</time>
        <extensions>
          <ns3:TrackPointExtension>
            <ns3:hr>150</ns3:hr>
            <ns3:cad>87</ns3:cad>
          </ns3:TrackPointExtension>
        </extensions>
      </trkpt>
      <trkpt lat="37.5157867558300495147705078125" lon="127.06733758561313152313232421875">
        <ele>13.3999996185302734375</ele>
        <time>2026-09-06T10:18:13.000Z</time>
        <extensions>
          <ns3:TrackPointExtension>
            <ns3:hr>151</ns3:hr>
            <ns3:cad>87</ns3:cad>
          </ns3:TrackPointExtension>
        </extensions>
      </trkpt>
      <trkpt lat="37.51574275083839893341064453125" lon="127.06733942963182926177978515625">
        <ele>13.19999980926513671875</ele>
        <time>2026-09-06T10:18:14.000Z</time>
        <extensions>
          <ns3:TrackPointExtension>
            <ns3:hr>151</ns3:hr>
            <ns3:cad>87</ns3:cad>
          </ns3:TrackPointExtension>
        </extensions>
      </trkpt>
      <trkpt lat="37.51572011969983577728271484375" lon="127.0673492364585399627685546875">
        <ele>13.19999980926513671875</ele>
        <time>2026-09-06T10:18:15.000Z</time>
        <extensions>
          <ns3:TrackPointExtension>
            <ns3:hr>151</ns3:hr>
            <ns3:cad>87</ns3:cad>
          </ns3:TrackPointExtension>
        </extensions>
      </trkpt>
      <trkpt lat="37.51567837782204151153564453125" lon="127.0673556067049503326416015625">
        <ele>13.19999980926513671875</ele>
        <time>2026-09-06T10:18:16.000Z</time>
        <extensions>
          <ns3:TrackPointExtension>
            <ns3:hr>151</ns3:hr>
            <ns3:cad>87</ns3:cad>
          </ns3:TrackPointExtension>
        </extensions>
      </trkpt>
      <trkpt lat="37.515650801360607147216796875" lon="127.0673690177500247955322265625">
        <ele>13.3999996185302734375</ele>
        <time>2026-09-06T10:18:17.000Z</time>
        <extensions>
          <ns3:TrackPointExtension>
            <ns3:hr>151</ns3:hr>
            <ns3:cad>87</ns3:cad>
          </ns3:TrackPointExtension>
        </extensions>
      </trkpt>
      <trkpt lat="37.51561467535793781280517578125" lon="127.0673780702054500579833984375">
        <ele>13.3999996185302734375</ele>
        <time>2026-09-06T10:18:18.000Z</time>
        <extensions>
          <ns3:TrackPointExtension>
            <ns3:hr>152</ns3:hr>
            <ns3:cad>87</ns3:cad>
          </ns3:TrackPointExtension>
        </extensions>
      </trkpt>
      <trkpt lat="37.5155819021165370941162109375" lon="127.06738586537539958953857421875">
        <ele>13.3999996185302734375</ele>
        <time>2026-09-06T10:18:19.000Z</time>
        <extensions>
          <ns3:TrackPointExtension>
            <ns3:hr>151</ns3:hr>
            <ns3:cad>87</ns3:cad>
          </ns3:TrackPointExtension>
        </extensions>
      </trkpt>
      <trkpt lat="37.51555197872221469879150390625" lon="127.06739692948758602142333984375">
        <ele>13.3999996185302734375</ele>
        <time>2026-09-06T10:18:20.000Z</time>
        <extensions>
          <ns3:TrackPointExtension>
            <ns3:hr>151</ns3:hr>
            <ns3:cad>87</ns3:cad>
          </ns3:TrackPointExtension>
        </extensions>
      </trkpt>
      <trkpt lat="37.51551526598632335662841796875" lon="127.0673923194408416748046875">
        <ele>13.3999996185302734375</ele>
        <time>2026-09-06T10:18:21.000Z</time>
        <extensions>
          <ns3:TrackPointExtension>
            <ns3:hr>152</ns3:hr>
            <ns3:cad>87</ns3:cad>
          </ns3:TrackPointExtension>
        </extensions>
      </trkpt>
      <trkpt lat="37.51548877917230129241943359375" lon="127.0673981867730617523193359375">
        <ele>13.3999996185302734375</ele>
        <time>2026-09-06T10:18:22.000Z</time>
        <extensions>
          <ns3:TrackPointExtension>
            <ns3:hr>152</ns3:hr>
            <ns3:cad>87</ns3:cad>
          </ns3:TrackPointExtension>
        </extensions>
      </trkpt>
      <trkpt lat="37.51544058322906494140625" lon="127.06740346737205982208251953125">
        <ele>13.6000003814697265625</ele>
        <time>2026-09-06T10:18:23.000Z</time>
        <extensions>
          <ns3:TrackPointExtension>
            <ns3:hr>152</ns3:hr>
            <ns3:cad>87</ns3:cad>
          </ns3:TrackPointExtension>
        </extensions>
      </trkpt>
      <trkpt lat="37.515409402549266815185546875" lon="127.0674095861613750457763671875">
        <ele>13.6000003814697265625</ele>
        <time>2026-09-06T10:18:24.000Z</time>
        <extensions>
          <ns3:TrackPointExtension>
            <ns3:hr>151</ns3:hr>
            <ns3:cad>87</ns3:cad>
          </ns3:TrackPointExtension>
        </extensions>
      </trkpt>
      <trkpt lat="37.515367157757282257080078125" lon="127.06741872243583202362060546875">
        <ele>13.6000003814697265625</ele>
        <time>2026-09-06T10:18:25.000Z</time>
        <extensions>
          <ns3:TrackPointExtension>
            <ns3:hr>152</ns3:hr>
            <ns3:cad>87</ns3:cad>
          </ns3:TrackPointExtension>
        </extensions>
      </trkpt>
      <trkpt lat="37.5153321214020252227783203125" lon="127.0674286969006061553955078125">
        <ele>13.6000003814697265625</ele>
        <time>2026-09-06T10:18:26.000Z</time>
        <extensions>
          <ns3:TrackPointExtension>
            <ns3:hr>152</ns3:hr>
            <ns3:cad>86</ns3:cad>
          </ns3:TrackPointExtension>
        </extensions>
      </trkpt>
      <trkpt lat="37.51530286855995655059814453125" lon="127.067433893680572509765625">
        <ele>13.6000003814697265625</ele>
        <time>2026-09-06T10:18:27.000Z</time>
        <extensions>
          <ns3:TrackPointExtension>
            <ns3:hr>152</ns3:hr>
            <ns3:cad>86</ns3:cad>
          </ns3:TrackPointExtension>
        </extensions>
      </trkpt>
      <trkpt lat="37.51526799984276294708251953125" lon="127.06742651760578155517578125">
        <ele>13.6000003814697265625</ele>
        <time>2026-09-06T10:18:28.000Z</time>
        <extensions>
          <ns3:TrackPointExtension>
            <ns3:hr>151</ns3:hr>
            <ns3:cad>86</ns3:cad>
          </ns3:TrackPointExtension>
        </extensions>
      </trkpt>
      <trkpt lat="37.51524670980870723724365234375" lon="127.06743456423282623291015625">
        <ele>13.6000003814697265625</ele>
        <time>2026-09-06T10:18:29.000Z</time>
        <extensions>
          <ns3:TrackPointExtension>
            <ns3:hr>152</ns3:hr>
            <ns3:cad>86</ns3:cad>
          </ns3:TrackPointExtension>
        </extensions>
      </trkpt>
      <trkpt lat="37.51520681194961071014404296875" lon="127.06743246875703334808349609375">
        <ele>13.6000003814697265625</ele>
        <time>2026-09-06T10:18:30.000Z</time>
        <extensions>
          <ns3:TrackPointExtension>
            <ns3:hr>151</ns3:hr>
            <ns3:cad>86</ns3:cad>
          </ns3:TrackPointExtension>
        </extensions>
      </trkpt>
      <trkpt lat="37.51518107950687408447265625" lon="127.067436911165714263916015625">
        <ele>13.3999996185302734375</ele>
        <time>2026-09-06T10:18:31.000Z</time>
        <extensions>
          <ns3:TrackPointExtension>
            <ns3:hr>151</ns3:hr>
            <ns3:cad>86</ns3:cad>
          </ns3:TrackPointExtension>
        </extensions>
      </trkpt>
      <trkpt lat="37.51514076255261898040771484375" lon="127.06744126975536346435546875">
        <ele>13.3999996185302734375</ele>
        <time>2026-09-06T10:18:32.000Z</time>
        <extensions>
          <ns3:TrackPointExtension>
            <ns3:hr>151</ns3:hr>
            <ns3:cad>86</ns3:cad>
          </ns3:TrackPointExtension>
        </extensions>
      </trkpt>
      <trkpt lat="37.51511000096797943115234375" lon="127.067452333867549896240234375">
        <ele>13.3999996185302734375</ele>
        <time>2026-09-06T10:18:33.000Z</time>
        <extensions>
          <ns3:TrackPointExtension>
            <ns3:hr>151</ns3:hr>
            <ns3:cad>86</ns3:cad>
          </ns3:TrackPointExtension>
        </extensions>
      </trkpt>
      <trkpt lat="37.51507647335529327392578125" lon="127.06746197305619716644287109375">
        <ele>13.3999996185302734375</ele>
        <time>2026-09-06T10:18:34.000Z</time>
        <extensions>
          <ns3:TrackPointExtension>
            <ns3:hr>151</ns3:hr>
            <ns3:cad>86</ns3:cad>
          </ns3:TrackPointExtension>
        </extensions>
      </trkpt>
      <trkpt lat="37.515044622123241424560546875" lon="127.06746314652264118194580078125">
        <ele>13.3999996185302734375</ele>
        <time>2026-09-06T10:18:35.000Z</time>
        <extensions>
          <ns3:TrackPointExtension>
            <ns3:hr>152</ns3:hr>
            <ns3:cad>86</ns3:cad>
          </ns3:TrackPointExtension>
        </extensions>
      </trkpt>
      <trkpt lat="37.51501872204244136810302734375" lon="127.06746784038841724395751953125">
        <ele>13.19999980926513671875</ele>
        <time>2026-09-06T10:18:36.000Z</time>
        <extensions>
          <ns3:TrackPointExtension>
            <ns3:hr>151</ns3:hr>
            <ns3:cad>87</ns3:cad>
          </ns3:TrackPointExtension>
        </extensions>
      </trkpt>
      <trkpt lat="37.51498502679169178009033203125" lon="127.06745929084718227386474609375">
        <ele>13.19999980926513671875</ele>
        <time>2026-09-06T10:18:37.000Z</time>
        <extensions>
          <ns3:TrackPointExtension>
            <ns3:hr>151</ns3:hr>
            <ns3:cad>87</ns3:cad>
          </ns3:TrackPointExtension>
        </extensions>
      </trkpt>
      <trkpt lat="37.51496021635830402374267578125" lon="127.06746599636971950531005859375">
        <ele>13.19999980926513671875</ele>
        <time>2026-09-06T10:18:38.000Z</time>
        <extensions>
          <ns3:TrackPointExtension>
            <ns3:hr>151</ns3:hr>
            <ns3:cad>86</ns3:cad>
          </ns3:TrackPointExtension>
        </extensions>
      </trkpt>
      <trkpt lat="37.51491746865212917327880859375" lon="127.06746675074100494384765625">
        <ele>13.19999980926513671875</ele>
        <time>2026-09-06T10:18:39.000Z</time>
        <extensions>
          <ns3:TrackPointExtension>
            <ns3:hr>151</ns3:hr>
            <ns3:cad>86</ns3:cad>
          </ns3:TrackPointExtension>
        </extensions>
      </trkpt>
      <trkpt lat="37.5148902274668216705322265625" lon="127.0674808323383331298828125">
        <ele>13</ele>
        <time>2026-09-06T10:18:40.000Z</time>
        <extensions>
          <ns3:TrackPointExtension>
            <ns3:hr>151</ns3:hr>
            <ns3:cad>86</ns3:cad>
          </ns3:TrackPointExtension>
        </extensions>
      </trkpt>
      <trkpt lat="37.514848150312900543212890625" lon="127.06748686730861663818359375">
        <ele>13</ele>
        <time>2026-09-06T10:18:41.000Z</time>
        <extensions>
          <ns3:TrackPointExtension>
            <ns3:hr>150</ns3:hr>
            <ns3:cad>86</ns3:cad>
          </ns3:TrackPointExtension>
        </extensions>
      </trkpt>
      <trkpt lat="37.51481973566114902496337890625" lon="127.067497931420803070068359375">
        <ele>13</ele>
        <time>2026-09-06T10:18:42.000Z</time>
        <extensions>
          <ns3:TrackPointExtension>
            <ns3:hr>150</ns3:hr>
            <ns3:cad>86</ns3:cad>
          </ns3:TrackPointExtension>
        </extensions>
      </trkpt>
      <trkpt lat="37.51477883197367191314697265625" lon="127.0675058104097843170166015625">
        <ele>13</ele>
        <time>2026-09-06T10:18:43.000Z</time>
        <extensions>
          <ns3:TrackPointExtension>
            <ns3:hr>151</ns3:hr>
            <ns3:cad>86</ns3:cad>
          </ns3:TrackPointExtension>
        </extensions>
      </trkpt>
      <trkpt lat="37.51474396325647830963134765625" lon="127.06751377321779727935791015625">
        <ele>13</ele>
        <time>2026-09-06T10:18:44.000Z</time>
        <extensions>
          <ns3:TrackPointExtension>
            <ns3:hr>151</ns3:hr>
            <ns3:cad>86</ns3:cad>
          </ns3:TrackPointExtension>
        </extensions>
      </trkpt>
      <trkpt lat="37.5147069990634918212890625" lon="127.067520059645175933837890625">
        <ele>13</ele>
        <time>2026-09-06T10:18:45.000Z</time>
        <extensions>
          <ns3:TrackPointExtension>
            <ns3:hr>151</ns3:hr>
            <ns3:cad>86</ns3:cad>
          </ns3:TrackPointExtension>
        </extensions>
      </trkpt>
      <trkpt lat="37.51467053778469562530517578125" lon="127.06752039492130279541015625">
        <ele>13</ele>
        <time>2026-09-06T10:18:46.000Z</time>
        <extensions>
          <ns3:TrackPointExtension>
            <ns3:hr>151</ns3:hr>
            <ns3:cad>86</ns3:cad>
          </ns3:TrackPointExtension>
        </extensions>
      </trkpt>
      <trkpt lat="37.51463835127651691436767578125" lon="127.06752584315836429595947265625">
        <ele>13</ele>
        <time>2026-09-06T10:18:47.000Z</time>
        <extensions>
          <ns3:TrackPointExtension>
            <ns3:hr>151</ns3:hr>
            <ns3:cad>86</ns3:cad>
          </ns3:TrackPointExtension>
        </extensions>
      </trkpt>
      <trkpt lat="37.51460113562643527984619140625" lon="127.0675222389400005340576171875">
        <ele>12.80000019073486328125</ele>
        <time>2026-09-06T10:18:48.000Z</time>
        <extensions>
          <ns3:TrackPointExtension>
            <ns3:hr>151</ns3:hr>
            <ns3:cad>86</ns3:cad>
          </ns3:TrackPointExtension>
        </extensions>
      </trkpt>
      <trkpt lat="37.5145730562508106231689453125" lon="127.06752701662480831146240234375">
        <ele>12.80000019073486328125</ele>
        <time>2026-09-06T10:18:49.000Z</time>
        <extensions>
          <ns3:TrackPointExtension>
            <ns3:hr>151</ns3:hr>
            <ns3:cad>86</ns3:cad>
          </ns3:TrackPointExtension>
        </extensions>
      </trkpt>
      <trkpt lat="37.51453391276299953460693359375" lon="127.06752265803515911102294921875">
        <ele>12.80000019073486328125</ele>
        <time>2026-09-06T10:18:50.000Z</time>
        <extensions>
          <ns3:TrackPointExtension>
            <ns3:hr>150</ns3:hr>
            <ns3:cad>87</ns3:cad>
          </ns3:TrackPointExtension>
        </extensions>
      </trkpt>
      <trkpt lat="37.5145080126821994781494140625" lon="127.06753103993833065032958984375">
        <ele>12.80000019073486328125</ele>
        <time>2026-09-06T10:18:51.000Z</time>
        <extensions>
          <ns3:TrackPointExtension>
            <ns3:hr>151</ns3:hr>
            <ns3:cad>87</ns3:cad>
          </ns3:TrackPointExtension>
        </extensions>
      </trkpt>
      <trkpt lat="37.51446350477635860443115234375" lon="127.06753187812864780426025390625">
        <ele>12.80000019073486328125</ele>
        <time>2026-09-06T10:18:52.000Z</time>
        <extensions>
          <ns3:TrackPointExtension>
            <ns3:hr>151</ns3:hr>
            <ns3:cad>88</ns3:cad>
          </ns3:TrackPointExtension>
        </extensions>
      </trkpt>
      <trkpt lat="37.5144392810761928558349609375" lon="127.067541517317295074462890625">
        <ele>12.80000019073486328125</ele>
        <time>2026-09-06T10:18:53.000Z</time>
        <extensions>
          <ns3:TrackPointExtension>
            <ns3:hr>151</ns3:hr>
            <ns3:cad>88</ns3:cad>
          </ns3:TrackPointExtension>
        </extensions>
      </trkpt>
      <trkpt lat="37.51439929939806461334228515625" lon="127.06754981540143489837646484375">
        <ele>12.80000019073486328125</ele>
        <time>2026-09-06T10:18:54.000Z</time>
        <extensions>
          <ns3:TrackPointExtension>
            <ns3:hr>151</ns3:hr>
            <ns3:cad>88</ns3:cad>
          </ns3:TrackPointExtension>
        </extensions>
      </trkpt>
      <trkpt lat="37.514366693794727325439453125" lon="127.0675631426274776458740234375">
        <ele>12.80000019073486328125</ele>
        <time>2026-09-06T10:18:55.000Z</time>
        <extensions>
          <ns3:TrackPointExtension>
            <ns3:hr>150</ns3:hr>
            <ns3:cad>88</ns3:cad>
          </ns3:TrackPointExtension>
        </extensions>
      </trkpt>
      <trkpt lat="37.5143296457827091217041015625" lon="127.067566327750682830810546875">
        <ele>12.80000019073486328125</ele>
        <time>2026-09-06T10:18:56.000Z</time>
        <extensions>
          <ns3:TrackPointExtension>
            <ns3:hr>151</ns3:hr>
            <ns3:cad>86</ns3:cad>
          </ns3:TrackPointExtension>
        </extensions>
      </trkpt>
      <trkpt lat="37.51429167576134204864501953125" lon="127.0675725303590297698974609375">
        <ele>12.80000019073486328125</ele>
        <time>2026-09-06T10:18:57.000Z</time>
        <extensions>
          <ns3:TrackPointExtension>
            <ns3:hr>151</ns3:hr>
            <ns3:cad>86</ns3:cad>
          </ns3:TrackPointExtension>
        </extensions>
      </trkpt>
      <trkpt lat="37.51425865106284618377685546875" lon="127.06758334301412105560302734375">
        <ele>12.80000019073486328125</ele>
        <time>2026-09-06T10:18:58.000Z</time>
        <extensions>
          <ns3:TrackPointExtension>
            <ns3:hr>150</ns3:hr>
            <ns3:cad>87</ns3:cad>
          </ns3:TrackPointExtension>
        </extensions>
      </trkpt>
      <trkpt lat="37.51422143541276454925537109375" lon="127.06758166663348674774169921875">
        <ele>12.80000019073486328125</ele>
        <time>2026-09-06T10:18:59.000Z</time>
        <extensions>
          <ns3:TrackPointExtension>
            <ns3:hr>151</ns3:hr>
            <ns3:cad>87</ns3:cad>
          </ns3:TrackPointExtension>
        </extensions>
      </trkpt>
      <trkpt lat="37.5141962058842182159423828125" lon="127.06758703105151653289794921875">
        <ele>12.80000019073486328125</ele>
        <time>2026-09-06T10:19:00.000Z</time>
        <extensions>
          <ns3:TrackPointExtension>
            <ns3:hr>151</ns3:hr>
            <ns3:cad>87</ns3:cad>
          </ns3:TrackPointExtension>
        </extensions>
      </trkpt>
      <trkpt lat="37.5141512788832187652587890625" lon="127.0675866119563579559326171875">
        <ele>12.80000019073486328125</ele>
        <time>2026-09-06T10:19:01.000Z</time>
        <extensions>
          <ns3:TrackPointExtension>
            <ns3:hr>150</ns3:hr>
            <ns3:cad>87</ns3:cad>
          </ns3:TrackPointExtension>
        </extensions>
      </trkpt>
      <trkpt lat="37.5141257978975772857666015625" lon="127.06759658642113208770751953125">
        <ele>12.80000019073486328125</ele>
        <time>2026-09-06T10:19:02.000Z</time>
        <extensions>
          <ns3:TrackPointExtension>
            <ns3:hr>151</ns3:hr>
            <ns3:cad>87</ns3:cad>
          </ns3:TrackPointExtension>
        </extensions>
      </trkpt>
      <trkpt lat="37.5140818767249584197998046875" lon="127.06759993918240070343017578125">
        <ele>12.80000019073486328125</ele>
        <time>2026-09-06T10:19:03.000Z</time>
        <extensions>
          <ns3:TrackPointExtension>
            <ns3:hr>150</ns3:hr>
            <ns3:cad>87</ns3:cad>
          </ns3:TrackPointExtension>
        </extensions>
      </trkpt>
      <trkpt lat="37.5140533782541751861572265625" lon="127.06760915927588939666748046875">
        <ele>12.80000019073486328125</ele>
        <time>2026-09-06T10:19:04.000Z</time>
        <extensions>
          <ns3:TrackPointExtension>
            <ns3:hr>151</ns3:hr>
            <ns3:cad>88</ns3:cad>
          </ns3:TrackPointExtension>
        </extensions>
      </trkpt>
      <trkpt lat="37.51401188783347606658935546875" lon="127.067615948617458343505859375">
        <ele>12.80000019073486328125</ele>
        <time>2026-09-06T10:19:05.000Z</time>
        <extensions>
          <ns3:TrackPointExtension>
            <ns3:hr>151</ns3:hr>
            <ns3:cad>88</ns3:cad>
          </ns3:TrackPointExtension>
        </extensions>
      </trkpt>
      <trkpt lat="37.51397768966853618621826171875" lon="127.067624665796756744384765625">
        <ele>13</ele>
        <time>2026-09-06T10:19:06.000Z</time>
        <extensions>
          <ns3:TrackPointExtension>
            <ns3:hr>151</ns3:hr>
            <ns3:cad>88</ns3:cad>
          </ns3:TrackPointExtension>
        </extensions>
      </trkpt>
      <trkpt lat="37.513939552009105682373046875" lon="127.067631371319293975830078125">
        <ele>13</ele>
        <time>2026-09-06T10:19:07.000Z</time>
        <extensions>
          <ns3:TrackPointExtension>
            <ns3:hr>151</ns3:hr>
            <ns3:cad>87</ns3:cad>
          </ns3:TrackPointExtension>
        </extensions>
      </trkpt>
      <trkpt lat="37.51390409655869007110595703125" lon="127.06763413734734058380126953125">
        <ele>13</ele>
        <time>2026-09-06T10:19:08.000Z</time>
        <extensions>
          <ns3:TrackPointExtension>
            <ns3:hr>151</ns3:hr>
            <ns3:cad>87</ns3:cad>
          </ns3:TrackPointExtension>
        </extensions>
      </trkpt>
      <trkpt lat="37.513871155679225921630859375" lon="127.0676399208605289459228515625">
        <ele>12.80000019073486328125</ele>
        <time>2026-09-06T10:19:09.000Z</time>
        <extensions>
          <ns3:TrackPointExtension>
            <ns3:hr>150</ns3:hr>
            <ns3:cad>87</ns3:cad>
          </ns3:TrackPointExtension>
        </extensions>
      </trkpt>
      <trkpt lat="37.51383326947689056396484375" lon="127.0676362328231334686279296875">
        <ele>12.80000019073486328125</ele>
        <time>2026-09-06T10:19:10.000Z</time>
        <extensions>
          <ns3:TrackPointExtension>
            <ns3:hr>151</ns3:hr>
            <ns3:cad>87</ns3:cad>
          </ns3:TrackPointExtension>
        </extensions>
      </trkpt>
      <trkpt lat="37.513800077140331268310546875" lon="127.067642770707607269287109375">
        <ele>12.80000019073486328125</ele>
        <time>2026-09-06T10:19:11.000Z</time>
        <extensions>
          <ns3:TrackPointExtension>
            <ns3:hr>151</ns3:hr>
            <ns3:cad>87</ns3:cad>
          </ns3:TrackPointExtension>
        </extensions>
      </trkpt>
      <trkpt lat="37.5137603469192981719970703125" lon="127.06763933412730693817138671875">
        <ele>12.80000019073486328125</ele>
        <time>2026-09-06T10:19:12.000Z</time>
        <extensions>
          <ns3:TrackPointExtension>
            <ns3:hr>151</ns3:hr>
            <ns3:cad>87</ns3:cad>
          </ns3:TrackPointExtension>
        </extensions>
      </trkpt>
      <trkpt lat="37.5137348659336566925048828125" lon="127.06764335744082927703857421875">
        <ele>12.80000019073486328125</ele>
        <time>2026-09-06T10:19:13.000Z</time>
        <extensions>
          <ns3:TrackPointExtension>
            <ns3:hr>151</ns3:hr>
            <ns3:cad>88</ns3:cad>
          </ns3:TrackPointExtension>
        </extensions>
      </trkpt>
      <trkpt lat="37.5136916153132915496826171875" lon="127.06764235161244869232177734375">
        <ele>12.80000019073486328125</ele>
        <time>2026-09-06T10:19:14.000Z</time>
        <extensions>
          <ns3:TrackPointExtension>
            <ns3:hr>151</ns3:hr>
            <ns3:cad>87</ns3:cad>
          </ns3:TrackPointExtension>
        </extensions>
      </trkpt>
      <trkpt lat="37.51366739161312580108642578125" lon="127.0676546730101108551025390625">
        <ele>12.80000019073486328125</ele>
        <time>2026-09-06T10:19:15.000Z</time>
        <extensions>
          <ns3:TrackPointExtension>
            <ns3:hr>151</ns3:hr>
            <ns3:cad>87</ns3:cad>
          </ns3:TrackPointExtension>
        </extensions>
      </trkpt>
      <trkpt lat="37.51362229697406291961669921875" lon="127.0676583610475063323974609375">
        <ele>12.80000019073486328125</ele>
        <time>2026-09-06T10:19:16.000Z</time>
        <extensions>
          <ns3:TrackPointExtension>
            <ns3:hr>151</ns3:hr>
            <ns3:cad>88</ns3:cad>
          </ns3:TrackPointExtension>
        </extensions>
      </trkpt>
      <trkpt lat="37.5135933794081211090087890625" lon="127.06767118535935878753662109375">
        <ele>12.80000019073486328125</ele>
        <time>2026-09-06T10:19:17.000Z</time>
        <extensions>
          <ns3:TrackPointExtension>
            <ns3:hr>151</ns3:hr>
            <ns3:cad>88</ns3:cad>
          </ns3:TrackPointExtension>
        </extensions>
      </trkpt>
      <trkpt lat="37.51355306245386600494384765625" lon="127.0676784776151180267333984375">
        <ele>12.80000019073486328125</ele>
        <time>2026-09-06T10:19:18.000Z</time>
        <extensions>
          <ns3:TrackPointExtension>
            <ns3:hr>152</ns3:hr>
            <ns3:cad>88</ns3:cad>
          </ns3:TrackPointExtension>
        </extensions>
      </trkpt>
      <trkpt lat="37.51352154649794101715087890625" lon="127.067689709365367889404296875">
        <ele>12.80000019073486328125</ele>
        <time>2026-09-06T10:19:19.000Z</time>
        <extensions>
          <ns3:TrackPointExtension>
            <ns3:hr>152</ns3:hr>
            <ns3:cad>88</ns3:cad>
          </ns3:TrackPointExtension>
        </extensions>
      </trkpt>
      <trkpt lat="37.5134860910475254058837890625" lon="127.06769783981144428253173828125">
        <ele>12.6000003814697265625</ele>
        <time>2026-09-06T10:19:20.000Z</time>
        <extensions>
          <ns3:TrackPointExtension>
            <ns3:hr>152</ns3:hr>
            <ns3:cad>87</ns3:cad>
          </ns3:TrackPointExtension>
        </extensions>
      </trkpt>
      <trkpt lat="37.5134515576064586639404296875" lon="127.06770236603915691375732421875">
        <ele>12.6000003814697265625</ele>
        <time>2026-09-06T10:19:21.000Z</time>
        <extensions>
          <ns3:TrackPointExtension>
            <ns3:hr>152</ns3:hr>
            <ns3:cad>87</ns3:cad>
          </ns3:TrackPointExtension>
        </extensions>
      </trkpt>
      <trkpt lat="37.513415515422821044921875" lon="127.0677073113620281219482421875">
        <ele>12.80000019073486328125</ele>
        <time>2026-09-06T10:19:22.000Z</time>
        <extensions>
          <ns3:TrackPointExtension>
            <ns3:hr>152</ns3:hr>
            <ns3:cad>87</ns3:cad>
          </ns3:TrackPointExtension>
        </extensions>
      </trkpt>
      <trkpt lat="37.51337729394435882568359375" lon="127.06770705990493297576904296875">
        <ele>12.80000019073486328125</ele>
        <time>2026-09-06T10:19:23.000Z</time>
        <extensions>
          <ns3:TrackPointExtension>
            <ns3:hr>151</ns3:hr>
            <ns3:cad>87</ns3:cad>
          </ns3:TrackPointExtension>
        </extensions>
      </trkpt>
      <trkpt lat="37.5133509747684001922607421875" lon="127.06771485507488250732421875">
        <ele>12.6000003814697265625</ele>
        <time>2026-09-06T10:19:24.000Z</time>
        <extensions>
          <ns3:TrackPointExtension>
            <ns3:hr>152</ns3:hr>
            <ns3:cad>87</ns3:cad>
          </ns3:TrackPointExtension>
        </extensions>
      </trkpt>
      <trkpt lat="37.51330981962382793426513671875" lon="127.067708484828472137451171875">
        <ele>12.80000019073486328125</ele>
        <time>2026-09-06T10:19:25.000Z</time>
        <extensions>
          <ns3:TrackPointExtension>
            <ns3:hr>152</ns3:hr>
            <ns3:cad>88</ns3:cad>
          </ns3:TrackPointExtension>
        </extensions>
      </trkpt>
      <trkpt lat="37.513283081352710723876953125" lon="127.06771728582680225372314453125">
        <ele>12.6000003814697265625</ele>
        <time>2026-09-06T10:19:26.000Z</time>
        <extensions>
          <ns3:TrackPointExtension>
            <ns3:hr>152</ns3:hr>
            <ns3:cad>87</ns3:cad>
          </ns3:TrackPointExtension>
        </extensions>
      </trkpt>
      <trkpt lat="37.51324108801782131195068359375" lon="127.06772197969257831573486328125">
        <ele>12.6000003814697265625</ele>
        <time>2026-09-06T10:19:27.000Z</time>
        <extensions>
          <ns3:TrackPointExtension>
            <ns3:hr>152</ns3:hr>
            <ns3:cad>87</ns3:cad>
          </ns3:TrackPointExtension>
        </extensions>
      </trkpt>
      <trkpt lat="37.51321393065154552459716796875" lon="127.06773488782346248626708984375">
        <ele>12.6000003814697265625</ele>
        <time>2026-09-06T10:19:28.000Z</time>
        <extensions>
          <ns3:TrackPointExtension>
            <ns3:hr>152</ns3:hr>
            <ns3:cad>87</ns3:cad>
          </ns3:TrackPointExtension>
        </extensions>
      </trkpt>
      <trkpt lat="37.51317235641181468963623046875" lon="127.06774234771728515625">
        <ele>12.6000003814697265625</ele>
        <time>2026-09-06T10:19:29.000Z</time>
        <extensions>
          <ns3:TrackPointExtension>
            <ns3:hr>152</ns3:hr>
            <ns3:cad>87</ns3:cad>
          </ns3:TrackPointExtension>
        </extensions>
      </trkpt>
      <trkpt lat="37.513139247894287109375" lon="127.0677522383630275726318359375">
        <ele>12.6000003814697265625</ele>
        <time>2026-09-06T10:19:30.000Z</time>
        <extensions>
          <ns3:TrackPointExtension>
            <ns3:hr>153</ns3:hr>
            <ns3:cad>87</ns3:cad>
          </ns3:TrackPointExtension>
        </extensions>
      </trkpt>
      <trkpt lat="37.51310144551098346710205078125" lon="127.0677606202661991119384765625">
        <ele>12.6000003814697265625</ele>
        <time>2026-09-06T10:19:31.000Z</time>
        <extensions>
          <ns3:TrackPointExtension>
            <ns3:hr>153</ns3:hr>
            <ns3:cad>87</ns3:cad>
          </ns3:TrackPointExtension>
        </extensions>
      </trkpt>
      <trkpt lat="37.5130641460418701171875" lon="127.0677622966468334197998046875">
        <ele>12.6000003814697265625</ele>
        <time>2026-09-06T10:19:32.000Z</time>
        <extensions>
          <ns3:TrackPointExtension>
            <ns3:hr>152</ns3:hr>
            <ns3:cad>87</ns3:cad>
          </ns3:TrackPointExtension>
        </extensions>
      </trkpt>
      <trkpt lat="37.5130321271717548370361328125" lon="127.067766822874546051025390625">
        <ele>12.6000003814697265625</ele>
        <time>2026-09-06T10:19:33.000Z</time>
        <extensions>
          <ns3:TrackPointExtension>
            <ns3:hr>152</ns3:hr>
            <ns3:cad>87</ns3:cad>
          </ns3:TrackPointExtension>
        </extensions>
      </trkpt>
      <trkpt lat="37.51299432478845119476318359375" lon="127.06776305101811885833740234375">
        <ele>12.6000003814697265625</ele>
        <time>2026-09-06T10:19:34.000Z</time>
        <extensions>
          <ns3:TrackPointExtension>
            <ns3:hr>152</ns3:hr>
            <ns3:cad>87</ns3:cad>
          </ns3:TrackPointExtension>
        </extensions>
      </trkpt>
      <trkpt lat="37.5129684247076511383056640625" lon="127.0677643083035945892333984375">
        <ele>12.6000003814697265625</ele>
        <time>2026-09-06T10:19:35.000Z</time>
        <extensions>
          <ns3:TrackPointExtension>
            <ns3:hr>152</ns3:hr>
            <ns3:cad>87</ns3:cad>
          </ns3:TrackPointExtension>
        </extensions>
      </trkpt>
      <trkpt lat="37.5129258446395397186279296875" lon="127.06776288338005542755126953125">
        <ele>12.6000003814697265625</ele>
        <time>2026-09-06T10:19:36.000Z</time>
        <extensions>
          <ns3:TrackPointExtension>
            <ns3:hr>153</ns3:hr>
            <ns3:cad>87</ns3:cad>
          </ns3:TrackPointExtension>
        </extensions>
      </trkpt>
      <trkpt lat="37.51290061511099338531494140625" lon="127.0677736960351467132568359375">
        <ele>12.6000003814697265625</ele>
        <time>2026-09-06T10:19:37.000Z</time>
        <extensions>
          <ns3:TrackPointExtension>
            <ns3:hr>152</ns3:hr>
            <ns3:cad>87</ns3:cad>
          </ns3:TrackPointExtension>
        </extensions>
      </trkpt>
      <trkpt lat="37.51286122016608715057373046875" lon="127.067782245576381683349609375">
        <ele>12.80000019073486328125</ele>
        <time>2026-09-06T10:19:38.000Z</time>
        <extensions>
          <ns3:TrackPointExtension>
            <ns3:hr>153</ns3:hr>
            <ns3:cad>87</ns3:cad>
          </ns3:TrackPointExtension>
        </extensions>
      </trkpt>
      <trkpt lat="37.5128292851150035858154296875" lon="127.067790962755680084228515625">
        <ele>12.80000019073486328125</ele>
        <time>2026-09-06T10:19:39.000Z</time>
        <extensions>
          <ns3:TrackPointExtension>
            <ns3:hr>153</ns3:hr>
            <ns3:cad>87</ns3:cad>
          </ns3:TrackPointExtension>
        </extensions>
      </trkpt>
      <trkpt lat="37.51279500313103199005126953125" lon="127.06779875792562961578369140625">
        <ele>12.80000019073486328125</ele>
        <time>2026-09-06T10:19:40.000Z</time>
        <extensions>
          <ns3:TrackPointExtension>
            <ns3:hr>153</ns3:hr>
            <ns3:cad>87</ns3:cad>
          </ns3:TrackPointExtension>
        </extensions>
      </trkpt>
      <trkpt lat="37.5127597153186798095703125" lon="127.0677981711924076080322265625">
        <ele>12.6000003814697265625</ele>
        <time>2026-09-06T10:19:41.000Z</time>
        <extensions>
          <ns3:TrackPointExtension>
            <ns3:hr>153</ns3:hr>
            <ns3:cad>87</ns3:cad>
          </ns3:TrackPointExtension>
        </extensions>
      </trkpt>
      <trkpt lat="37.5127357430756092071533203125" lon="127.067805044353008270263671875">
        <ele>12.6000003814697265625</ele>
        <time>2026-09-06T10:19:42.000Z</time>
        <extensions>
          <ns3:TrackPointExtension>
            <ns3:hr>154</ns3:hr>
            <ns3:cad>87</ns3:cad>
          </ns3:TrackPointExtension>
        </extensions>
      </trkpt>
      <trkpt lat="37.5126968510448932647705078125" lon="127.06780311651527881622314453125">
        <ele>12.3999996185302734375</ele>
        <time>2026-09-06T10:19:43.000Z</time>
        <extensions>
          <ns3:TrackPointExtension>
            <ns3:hr>154</ns3:hr>
            <ns3:cad>86</ns3:cad>
          </ns3:TrackPointExtension>
        </extensions>
      </trkpt>
      <trkpt lat="37.51267011277377605438232421875" lon="127.06781066022813320159912109375">
        <ele>12.3999996185302734375</ele>
        <time>2026-09-06T10:19:44.000Z</time>
        <extensions>
          <ns3:TrackPointExtension>
            <ns3:hr>155</ns3:hr>
            <ns3:cad>86</ns3:cad>
          </ns3:TrackPointExtension>
        </extensions>
      </trkpt>
      <trkpt lat="37.512627951800823211669921875" lon="127.06781267188489437103271484375">
        <ele>12.3999996185302734375</ele>
        <time>2026-09-06T10:19:45.000Z</time>
        <extensions>
          <ns3:TrackPointExtension>
            <ns3:hr>155</ns3:hr>
            <ns3:cad>86</ns3:cad>
          </ns3:TrackPointExtension>
        </extensions>
      </trkpt>
      <trkpt lat="37.51260071061551570892333984375" lon="127.06782641820609569549560546875">
        <ele>12.19999980926513671875</ele>
        <time>2026-09-06T10:19:46.000Z</time>
        <extensions>
          <ns3:TrackPointExtension>
            <ns3:hr>156</ns3:hr>
            <ns3:cad>87</ns3:cad>
          </ns3:TrackPointExtension>
        </extensions>
      </trkpt>
      <trkpt lat="37.51256131567060947418212890625" lon="127.06783630885183811187744140625">
        <ele>12.19999980926513671875</ele>
        <time>2026-09-06T10:19:47.000Z</time>
        <extensions>
          <ns3:TrackPointExtension>
            <ns3:hr>156</ns3:hr>
            <ns3:cad>87</ns3:cad>
          </ns3:TrackPointExtension>
        </extensions>
      </trkpt>
      <trkpt lat="37.51253130845725536346435546875" lon="127.06784066744148731231689453125">
        <ele>12.19999980926513671875</ele>
        <time>2026-09-06T10:19:48.000Z</time>
        <extensions>
          <ns3:TrackPointExtension>
            <ns3:hr>156</ns3:hr>
            <ns3:cad>87</ns3:cad>
          </ns3:TrackPointExtension>
        </extensions>
      </trkpt>
      <trkpt lat="37.51249861903488636016845703125" lon="127.0678457804024219512939453125">
        <ele>12.19999980926513671875</ele>
        <time>2026-09-06T10:19:49.000Z</time>
        <extensions>
          <ns3:TrackPointExtension>
            <ns3:hr>156</ns3:hr>
            <ns3:cad>87</ns3:cad>
          </ns3:TrackPointExtension>
        </extensions>
      </trkpt>
      <trkpt lat="37.51246442086994647979736328125" lon="127.0678420923650264739990234375">
        <ele>12.19999980926513671875</ele>
        <time>2026-09-06T10:19:50.000Z</time>
        <extensions>
          <ns3:TrackPointExtension>
            <ns3:hr>157</ns3:hr>
            <ns3:cad>87</ns3:cad>
          </ns3:TrackPointExtension>
        </extensions>
      </trkpt>
      <trkpt lat="37.5124363414943218231201171875" lon="127.067843936383724212646484375">
        <ele>12.3999996185302734375</ele>
        <time>2026-09-06T10:19:51.000Z</time>
        <extensions>
          <ns3:TrackPointExtension>
            <ns3:hr>157</ns3:hr>
            <ns3:cad>87</ns3:cad>
          </ns3:TrackPointExtension>
        </extensions>
      </trkpt>
      <trkpt lat="37.5123947672545909881591796875" lon="127.06783748231828212738037109375">
        <ele>12.3999996185302734375</ele>
        <time>2026-09-06T10:19:52.000Z</time>
        <extensions>
          <ns3:TrackPointExtension>
            <ns3:hr>157</ns3:hr>
            <ns3:cad>87</ns3:cad>
          </ns3:TrackPointExtension>
        </extensions>
      </trkpt>
      <trkpt lat="37.51236878335475921630859375" lon="127.067845948040485382080078125">
        <ele>12.3999996185302734375</ele>
        <time>2026-09-06T10:19:53.000Z</time>
        <extensions>
          <ns3:TrackPointExtension>
            <ns3:hr>157</ns3:hr>
            <ns3:cad>87</ns3:cad>
          </ns3:TrackPointExtension>
        </extensions>
      </trkpt>
      <trkpt lat="37.5123334117233753204345703125" lon="127.0678524859249591827392578125">
        <ele>12.3999996185302734375</ele>
        <time>2026-09-06T10:19:54.000Z</time>
        <extensions>
          <ns3:TrackPointExtension>
            <ns3:hr>156</ns3:hr>
            <ns3:cad>87</ns3:cad>
          </ns3:TrackPointExtension>
        </extensions>
      </trkpt>
      <trkpt lat="37.51230482943356037139892578125" lon="127.0678652264177799224853515625">
        <ele>12.3999996185302734375</ele>
        <time>2026-09-06T10:19:55.000Z</time>
        <extensions>
          <ns3:TrackPointExtension>
            <ns3:hr>156</ns3:hr>
            <ns3:cad>86</ns3:cad>
          </ns3:TrackPointExtension>
        </extensions>
      </trkpt>
      <trkpt lat="37.51226962544023990631103515625" lon="127.0678779669106006622314453125">
        <ele>12.3999996185302734375</ele>
        <time>2026-09-06T10:19:56.000Z</time>
        <extensions>
          <ns3:TrackPointExtension>
            <ns3:hr>156</ns3:hr>
            <ns3:cad>86</ns3:cad>
          </ns3:TrackPointExtension>
        </extensions>
      </trkpt>
      <trkpt lat="37.51223777420818805694580078125" lon="127.0678826607763767242431640625">
        <ele>12.6000003814697265625</ele>
        <time>2026-09-06T10:19:57.000Z</time>
        <extensions>
          <ns3:TrackPointExtension>
            <ns3:hr>156</ns3:hr>
            <ns3:cad>86</ns3:cad>
          </ns3:TrackPointExtension>
        </extensions>
      </trkpt>
      <trkpt lat="37.51220726408064365386962890625" lon="127.06789280287921428680419921875">
        <ele>12.6000003814697265625</ele>
        <time>2026-09-06T10:19:58.000Z</time>
        <extensions>
          <ns3:TrackPointExtension>
            <ns3:hr>156</ns3:hr>
            <ns3:cad>86</ns3:cad>
          </ns3:TrackPointExtension>
        </extensions>
      </trkpt>
      <trkpt lat="37.51217189244925975799560546875" lon="127.06789615564048290252685546875">
        <ele>12.6000003814697265625</ele>
        <time>2026-09-06T10:19:59.000Z</time>
        <extensions>
          <ns3:TrackPointExtension>
            <ns3:hr>156</ns3:hr>
            <ns3:cad>86</ns3:cad>
          </ns3:TrackPointExtension>
        </extensions>
      </trkpt>
      <trkpt lat="37.512147836387157440185546875" lon="127.06790126860141754150390625">
        <ele>12.6000003814697265625</ele>
        <time>2026-09-06T10:20:00.000Z</time>
        <extensions>
          <ns3:TrackPointExtension>
            <ns3:hr>156</ns3:hr>
            <ns3:cad>86</ns3:cad>
          </ns3:TrackPointExtension>
        </extensions>
      </trkpt>
      <trkpt lat="37.512106597423553466796875" lon="127.06790420226752758026123046875">
        <ele>12.6000003814697265625</ele>
        <time>2026-09-06T10:20:01.000Z</time>
        <extensions>
          <ns3:TrackPointExtension>
            <ns3:hr>156</ns3:hr>
            <ns3:cad>87</ns3:cad>
          </ns3:TrackPointExtension>
        </extensions>
      </trkpt>
      <trkpt lat="37.51208505593240261077880859375" lon="127.06791576929390430450439453125">
        <ele>12.6000003814697265625</ele>
        <time>2026-09-06T10:20:02.000Z</time>
        <extensions>
          <ns3:TrackPointExtension>
            <ns3:hr>156</ns3:hr>
            <ns3:cad>87</ns3:cad>
          </ns3:TrackPointExtension>
        </extensions>
      </trkpt>
      <trkpt lat="37.51204281114041805267333984375" lon="127.06792130134999752044677734375">
        <ele>12.6000003814697265625</ele>
        <time>2026-09-06T10:20:03.000Z</time>
        <extensions>
          <ns3:TrackPointExtension>
            <ns3:hr>156</ns3:hr>
            <ns3:cad>87</ns3:cad>
          </ns3:TrackPointExtension>
        </extensions>
      </trkpt>
      <trkpt lat="37.51201364211738109588623046875" lon="127.06792498938739299774169921875">
        <ele>12.80000019073486328125</ele>
        <time>2026-09-06T10:20:04.000Z</time>
        <extensions>
          <ns3:TrackPointExtension>
            <ns3:hr>156</ns3:hr>
            <ns3:cad>86</ns3:cad>
          </ns3:TrackPointExtension>
        </extensions>
      </trkpt>
      <trkpt lat="37.51197583973407745361328125" lon="127.06793035380542278289794921875">
        <ele>12.80000019073486328125</ele>
        <time>2026-09-06T10:20:05.000Z</time>
        <extensions>
          <ns3:TrackPointExtension>
            <ns3:hr>155</ns3:hr>
            <ns3:cad>86</ns3:cad>
          </ns3:TrackPointExtension>
        </extensions>
      </trkpt>
      <trkpt lat="37.51194122247397899627685546875" lon="127.06793655641376972198486328125">
        <ele>12.80000019073486328125</ele>
        <time>2026-09-06T10:20:06.000Z</time>
        <extensions>
          <ns3:TrackPointExtension>
            <ns3:hr>155</ns3:hr>
            <ns3:cad>86</ns3:cad>
          </ns3:TrackPointExtension>
        </extensions>
      </trkpt>
      <trkpt lat="37.51190819777548313140869140625" lon="127.0679426752030849456787109375">
        <ele>12.80000019073486328125</ele>
        <time>2026-09-06T10:20:07.000Z</time>
        <extensions>
          <ns3:TrackPointExtension>
            <ns3:hr>155</ns3:hr>
            <ns3:cad>86</ns3:cad>
          </ns3:TrackPointExtension>
        </extensions>
      </trkpt>
      <trkpt lat="37.51187148503959178924560546875" lon="127.0679349638521671295166015625">
        <ele>12.6000003814697265625</ele>
        <time>2026-09-06T10:20:08.000Z</time>
        <extensions>
          <ns3:TrackPointExtension>
            <ns3:hr>155</ns3:hr>
            <ns3:cad>86</ns3:cad>
          </ns3:TrackPointExtension>
        </extensions>
      </trkpt>
      <trkpt lat="37.5118462555110454559326171875" lon="127.0679369755089282989501953125">
        <ele>12.6000003814697265625</ele>
        <time>2026-09-06T10:20:09.000Z</time>
        <extensions>
          <ns3:TrackPointExtension>
            <ns3:hr>155</ns3:hr>
            <ns3:cad>86</ns3:cad>
          </ns3:TrackPointExtension>
        </extensions>
      </trkpt>
      <trkpt lat="37.51180610619485378265380859375" lon="127.0679295994341373443603515625">
        <ele>12.6000003814697265625</ele>
        <time>2026-09-06T10:20:10.000Z</time>
        <extensions>
          <ns3:TrackPointExtension>
            <ns3:hr>154</ns3:hr>
            <ns3:cad>87</ns3:cad>
          </ns3:TrackPointExtension>
        </extensions>
      </trkpt>
      <trkpt lat="37.511780373752117156982421875" lon="127.06793823279440402984619140625">
        <ele>12.6000003814697265625</ele>
        <time>2026-09-06T10:20:11.000Z</time>
        <extensions>
          <ns3:TrackPointExtension>
            <ns3:hr>155</ns3:hr>
            <ns3:cad>87</ns3:cad>
          </ns3:TrackPointExtension>
        </extensions>
      </trkpt>
      <trkpt lat="37.51174173317849636077880859375" lon="127.0679461956024169921875">
        <ele>12.6000003814697265625</ele>
        <time>2026-09-06T10:20:12.000Z</time>
        <extensions>
          <ns3:TrackPointExtension>
            <ns3:hr>155</ns3:hr>
            <ns3:cad>87</ns3:cad>
          </ns3:TrackPointExtension>
        </extensions>
      </trkpt>
      <trkpt lat="37.511711306869983673095703125" lon="127.06794954836368560791015625">
        <ele>12.6000003814697265625</ele>
        <time>2026-09-06T10:20:13.000Z</time>
        <extensions>
          <ns3:TrackPointExtension>
            <ns3:hr>154</ns3:hr>
            <ns3:cad>86</ns3:cad>
          </ns3:TrackPointExtension>
        </extensions>
      </trkpt>
      <trkpt lat="37.51167467795312404632568359375" lon="127.06795734353363513946533203125">
        <ele>12.80000019073486328125</ele>
        <time>2026-09-06T10:20:14.000Z</time>
        <extensions>
          <ns3:TrackPointExtension>
            <ns3:hr>154</ns3:hr>
            <ns3:cad>86</ns3:cad>
          </ns3:TrackPointExtension>
        </extensions>
      </trkpt>
      <trkpt lat="37.51163980923593044281005859375" lon="127.06795952282845973968505859375">
        <ele>12.80000019073486328125</ele>
        <time>2026-09-06T10:20:15.000Z</time>
        <extensions>
          <ns3:TrackPointExtension>
            <ns3:hr>154</ns3:hr>
            <ns3:cad>86</ns3:cad>
          </ns3:TrackPointExtension>
        </extensions>
      </trkpt>
      <trkpt lat="37.511608712375164031982421875" lon="127.067966647446155548095703125">
        <ele>12.6000003814697265625</ele>
        <time>2026-09-06T10:20:16.000Z</time>
        <extensions>
          <ns3:TrackPointExtension>
            <ns3:hr>155</ns3:hr>
            <ns3:cad>86</ns3:cad>
          </ns3:TrackPointExtension>
        </extensions>
      </trkpt>
      <trkpt lat="37.51157350838184356689453125" lon="127.06795801408588886260986328125">
        <ele>12.6000003814697265625</ele>
        <time>2026-09-06T10:20:17.000Z</time>
        <extensions>
          <ns3:TrackPointExtension>
            <ns3:hr>154</ns3:hr>
            <ns3:cad>86</ns3:cad>
          </ns3:TrackPointExtension>
        </extensions>
      </trkpt>
      <trkpt lat="37.5115492008626461029052734375" lon="127.06796036101877689361572265625">
        <ele>12.6000003814697265625</ele>
        <time>2026-09-06T10:20:18.000Z</time>
        <extensions>
          <ns3:TrackPointExtension>
            <ns3:hr>154</ns3:hr>
            <ns3:cad>86</ns3:cad>
          </ns3:TrackPointExtension>
        </extensions>
      </trkpt>
      <trkpt lat="37.51150703988969326019287109375" lon="127.06795868463814258575439453125">
        <ele>12.3999996185302734375</ele>
        <time>2026-09-06T10:20:19.000Z</time>
        <extensions>
          <ns3:TrackPointExtension>
            <ns3:hr>155</ns3:hr>
            <ns3:cad>87</ns3:cad>
          </ns3:TrackPointExtension>
        </extensions>
      </trkpt>
      <trkpt lat="37.51148357056081295013427734375" lon="127.067966647446155548095703125">
        <ele>12.3999996185302734375</ele>
        <time>2026-09-06T10:20:20.000Z</time>
        <extensions>
          <ns3:TrackPointExtension>
            <ns3:hr>154</ns3:hr>
            <ns3:cad>87</ns3:cad>
          </ns3:TrackPointExtension>
        </extensions>
      </trkpt>
      <trkpt lat="37.5114399008452892303466796875" lon="127.0679745264351367950439453125">
        <ele>12.3999996185302734375</ele>
        <time>2026-09-06T10:20:21.000Z</time>
        <extensions>
          <ns3:TrackPointExtension>
            <ns3:hr>154</ns3:hr>
            <ns3:cad>87</ns3:cad>
          </ns3:TrackPointExtension>
        </extensions>
      </trkpt>
      <trkpt lat="37.5114100612699985504150390625" lon="127.0679891109466552734375">
        <ele>12.3999996185302734375</ele>
        <time>2026-09-06T10:20:22.000Z</time>
        <extensions>
          <ns3:TrackPointExtension>
            <ns3:hr>154</ns3:hr>
            <ns3:cad>88</ns3:cad>
          </ns3:TrackPointExtension>
        </extensions>
      </trkpt>
      <trkpt lat="37.5114100612699985504150390625" lon="127.0679891109466552734375">
        <ele>12.3999996185302734375</ele>
        <time>2026-09-06T10:20:23.000Z</time>
        <extensions>
          <ns3:TrackPointExtension>
            <ns3:hr>154</ns3:hr>
            <ns3:cad>87</ns3:cad>
          </ns3:TrackPointExtension>
        </extensions>
      </trkpt>
      <trkpt lat="37.511336803436279296875" lon="127.068014927208423614501953125">
        <ele>12.3999996185302734375</ele>
        <time>2026-09-06T10:20:24.000Z</time>
        <extensions>
          <ns3:TrackPointExtension>
            <ns3:hr>155</ns3:hr>
            <ns3:cad>87</ns3:cad>
          </ns3:TrackPointExtension>
        </extensions>
      </trkpt>
      <trkpt lat="37.51130553893744945526123046875" lon="127.06802540458738803863525390625">
        <ele>12.3999996185302734375</ele>
        <time>2026-09-06T10:20:25.000Z</time>
        <extensions>
          <ns3:TrackPointExtension>
            <ns3:hr>154</ns3:hr>
            <ns3:cad>87</ns3:cad>
          </ns3:TrackPointExtension>
        </extensions>
      </trkpt>
      <trkpt lat="37.51126782037317752838134765625" lon="127.06802741624414920806884765625">
        <ele>12.3999996185302734375</ele>
        <time>2026-09-06T10:20:26.000Z</time>
        <extensions>
          <ns3:TrackPointExtension>
            <ns3:hr>154</ns3:hr>
            <ns3:cad>87</ns3:cad>
          </ns3:TrackPointExtension>
        </extensions>
      </trkpt>
      <trkpt lat="37.511241920292377471923828125" lon="127.06803428940474987030029296875">
        <ele>12.3999996185302734375</ele>
        <time>2026-09-06T10:20:27.000Z</time>
        <extensions>
          <ns3:TrackPointExtension>
            <ns3:hr>154</ns3:hr>
            <ns3:cad>87</ns3:cad>
          </ns3:TrackPointExtension>
        </extensions>
      </trkpt>
      <trkpt lat="37.51119925640523433685302734375" lon="127.06803697161376476287841796875">
        <ele>12.19999980926513671875</ele>
        <time>2026-09-06T10:20:28.000Z</time>
        <extensions>
          <ns3:TrackPointExtension>
            <ns3:hr>154</ns3:hr>
            <ns3:cad>86</ns3:cad>
          </ns3:TrackPointExtension>
        </extensions>
      </trkpt>
      <trkpt lat="37.51117494888603687286376953125" lon="127.06804770044982433319091796875">
        <ele>12.19999980926513671875</ele>
        <time>2026-09-06T10:20:29.000Z</time>
        <extensions>
          <ns3:TrackPointExtension>
            <ns3:hr>154</ns3:hr>
            <ns3:cad>86</ns3:cad>
          </ns3:TrackPointExtension>
        </extensions>
      </trkpt>
      <trkpt lat="37.51113086007535457611083984375" lon="127.068050801753997802734375">
        <ele>12</ele>
        <time>2026-09-06T10:20:30.000Z</time>
        <extensions>
          <ns3:TrackPointExtension>
            <ns3:hr>154</ns3:hr>
            <ns3:cad>86</ns3:cad>
          </ns3:TrackPointExtension>
        </extensions>
      </trkpt>
      <trkpt lat="37.511097751557826995849609375" lon="127.06806211732327938079833984375">
        <ele>12</ele>
        <time>2026-09-06T10:20:31.000Z</time>
        <extensions>
          <ns3:TrackPointExtension>
            <ns3:hr>154</ns3:hr>
            <ns3:cad>87</ns3:cad>
          </ns3:TrackPointExtension>
        </extensions>
      </trkpt>
      <trkpt lat="37.511056847870349884033203125" lon="127.0680596865713596343994140625">
        <ele>12.19999980926513671875</ele>
        <time>2026-09-06T10:20:32.000Z</time>
        <extensions>
          <ns3:TrackPointExtension>
            <ns3:hr>154</ns3:hr>
            <ns3:cad>87</ns3:cad>
          </ns3:TrackPointExtension>
        </extensions>
      </trkpt>
      <trkpt lat="37.51102373935282230377197265625" lon="127.068050801753997802734375">
        <ele>12.19999980926513671875</ele>
        <time>2026-09-06T10:20:33.000Z</time>
        <extensions>
          <ns3:TrackPointExtension>
            <ns3:hr>154</ns3:hr>
            <ns3:cad>87</ns3:cad>
          </ns3:TrackPointExtension>
        </extensions>
      </trkpt>
      <trkpt lat="37.5109894573688507080078125" lon="127.0680405758321285247802734375">
        <ele>12.3999996185302734375</ele>
        <time>2026-09-06T10:20:34.000Z</time>
        <extensions>
          <ns3:TrackPointExtension>
            <ns3:hr>154</ns3:hr>
            <ns3:cad>87</ns3:cad>
          </ns3:TrackPointExtension>
        </extensions>
      </trkpt>
      <trkpt lat="37.510957606136798858642578125" lon="127.068016938865184783935546875">
        <ele>12.3999996185302734375</ele>
        <time>2026-09-06T10:20:35.000Z</time>
        <extensions>
          <ns3:TrackPointExtension>
            <ns3:hr>154</ns3:hr>
            <ns3:cad>87</ns3:cad>
          </ns3:TrackPointExtension>
        </extensions>
      </trkpt>
      <trkpt lat="37.510927431285381317138671875" lon="127.06800126470625400543212890625">
        <ele>12.6000003814697265625</ele>
        <time>2026-09-06T10:20:36.000Z</time>
        <extensions>
          <ns3:TrackPointExtension>
            <ns3:hr>154</ns3:hr>
            <ns3:cad>87</ns3:cad>
          </ns3:TrackPointExtension>
        </extensions>
      </trkpt>
      <trkpt lat="37.51089281402528285980224609375" lon="127.06797310151159763336181640625">
        <ele>12.80000019073486328125</ele>
        <time>2026-09-06T10:20:37.000Z</time>
        <extensions>
          <ns3:TrackPointExtension>
            <ns3:hr>154</ns3:hr>
            <ns3:cad>87</ns3:cad>
          </ns3:TrackPointExtension>
        </extensions>
      </trkpt>
      <trkpt lat="37.5108682550489902496337890625" lon="127.067965976893901824951171875">
        <ele>12.80000019073486328125</ele>
        <time>2026-09-06T10:20:38.000Z</time>
        <extensions>
          <ns3:TrackPointExtension>
            <ns3:hr>154</ns3:hr>
            <ns3:cad>87</ns3:cad>
          </ns3:TrackPointExtension>
        </extensions>
      </trkpt>
      <trkpt lat="37.51082777045667171478271484375" lon="127.06794577650725841522216796875">
        <ele>13</ele>
        <time>2026-09-06T10:20:39.000Z</time>
        <extensions>
          <ns3:TrackPointExtension>
            <ns3:hr>154</ns3:hr>
            <ns3:cad>87</ns3:cad>
          </ns3:TrackPointExtension>
        </extensions>
      </trkpt>
      <trkpt lat="37.51080044545233249664306640625" lon="127.06794443540275096893310546875">
        <ele>13.19999980926513671875</ele>
        <time>2026-09-06T10:20:40.000Z</time>
        <extensions>
          <ns3:TrackPointExtension>
            <ns3:hr>154</ns3:hr>
            <ns3:cad>87</ns3:cad>
          </ns3:TrackPointExtension>
        </extensions>
      </trkpt>
      <trkpt lat="37.510763145983219146728515625" lon="127.06794158555567264556884765625">
        <ele>13.3999996185302734375</ele>
        <time>2026-09-06T10:20:41.000Z</time>
        <extensions>
          <ns3:TrackPointExtension>
            <ns3:hr>154</ns3:hr>
            <ns3:cad>87</ns3:cad>
          </ns3:TrackPointExtension>
        </extensions>
      </trkpt>
      <trkpt lat="37.5107301212847232818603515625" lon="127.067950554192066192626953125">
        <ele>13.3999996185302734375</ele>
        <time>2026-09-06T10:20:42.000Z</time>
        <extensions>
          <ns3:TrackPointExtension>
            <ns3:hr>154</ns3:hr>
            <ns3:cad>87</ns3:cad>
          </ns3:TrackPointExtension>
        </extensions>
      </trkpt>
      <trkpt lat="37.5106979347765445709228515625" lon="127.06795583479106426239013671875">
        <ele>13.3999996185302734375</ele>
        <time>2026-09-06T10:20:43.000Z</time>
        <extensions>
          <ns3:TrackPointExtension>
            <ns3:hr>154</ns3:hr>
            <ns3:cad>87</ns3:cad>
          </ns3:TrackPointExtension>
        </extensions>
      </trkpt>
      <trkpt lat="37.5106622278690338134765625" lon="127.0679624564945697784423828125">
        <ele>13.3999996185302734375</ele>
        <time>2026-09-06T10:20:44.000Z</time>
        <extensions>
          <ns3:TrackPointExtension>
            <ns3:hr>154</ns3:hr>
            <ns3:cad>87</ns3:cad>
          </ns3:TrackPointExtension>
        </extensions>
      </trkpt>
      <trkpt lat="37.5106281973421573638916015625" lon="127.06796564161777496337890625">
        <ele>13.3999996185302734375</ele>
        <time>2026-09-06T10:20:45.000Z</time>
        <extensions>
          <ns3:TrackPointExtension>
            <ns3:hr>154</ns3:hr>
            <ns3:cad>87</ns3:cad>
          </ns3:TrackPointExtension>
        </extensions>
      </trkpt>
      <trkpt lat="37.51059240661561489105224609375" lon="127.06797192804515361785888671875">
        <ele>13.6000003814697265625</ele>
        <time>2026-09-06T10:20:46.000Z</time>
        <extensions>
          <ns3:TrackPointExtension>
            <ns3:hr>154</ns3:hr>
            <ns3:cad>87</ns3:cad>
          </ns3:TrackPointExtension>
        </extensions>
      </trkpt>
      <trkpt lat="37.51056625507771968841552734375" lon="127.0679758675396442413330078125">
        <ele>13.6000003814697265625</ele>
        <time>2026-09-06T10:20:47.000Z</time>
        <extensions>
          <ns3:TrackPointExtension>
            <ns3:hr>155</ns3:hr>
            <ns3:cad>87</ns3:cad>
          </ns3:TrackPointExtension>
        </extensions>
      </trkpt>
      <trkpt lat="37.5105281174182891845703125" lon="127.06797377206385135650634765625">
        <ele>13.80000019073486328125</ele>
        <time>2026-09-06T10:20:48.000Z</time>
        <extensions>
          <ns3:TrackPointExtension>
            <ns3:hr>155</ns3:hr>
            <ns3:cad>88</ns3:cad>
          </ns3:TrackPointExtension>
        </extensions>
      </trkpt>
      <trkpt lat="37.51050221733748912811279296875" lon="127.0679782144725322723388671875">
        <ele>14</ele>
        <time>2026-09-06T10:20:49.000Z</time>
        <extensions>
          <ns3:TrackPointExtension>
            <ns3:hr>155</ns3:hr>
            <ns3:cad>88</ns3:cad>
          </ns3:TrackPointExtension>
        </extensions>
      </trkpt>
      <trkpt lat="37.51046575605869293212890625" lon="127.06796857528388500213623046875">
        <ele>14.3999996185302734375</ele>
        <time>2026-09-06T10:20:50.000Z</time>
        <extensions>
          <ns3:TrackPointExtension>
            <ns3:hr>155</ns3:hr>
            <ns3:cad>88</ns3:cad>
          </ns3:TrackPointExtension>
        </extensions>
      </trkpt>
      <trkpt lat="37.510436587035655975341796875" lon="127.06798802129924297332763671875">
        <ele>14.6000003814697265625</ele>
        <time>2026-09-06T10:20:51.000Z</time>
        <extensions>
          <ns3:TrackPointExtension>
            <ns3:hr>155</ns3:hr>
            <ns3:cad>87</ns3:cad>
          </ns3:TrackPointExtension>
        </extensions>
      </trkpt>
      <trkpt lat="37.5104079209268093109130859375" lon="127.06798441708087921142578125">
        <ele>14.80000019073486328125</ele>
        <time>2026-09-06T10:20:52.000Z</time>
        <extensions>
          <ns3:TrackPointExtension>
            <ns3:hr>155</ns3:hr>
            <ns3:cad>86</ns3:cad>
          </ns3:TrackPointExtension>
        </extensions>
      </trkpt>
      <trkpt lat="37.51037095673382282257080078125" lon="127.067993469536304473876953125">
        <ele>14.80000019073486328125</ele>
        <time>2026-09-06T10:20:53.000Z</time>
        <extensions>
          <ns3:TrackPointExtension>
            <ns3:hr>155</ns3:hr>
            <ns3:cad>86</ns3:cad>
          </ns3:TrackPointExtension>
        </extensions>
      </trkpt>
      <trkpt lat="37.5103458948433399200439453125" lon="127.06800478510558605194091796875">
        <ele>15</ele>
        <time>2026-09-06T10:20:54.000Z</time>
        <extensions>
          <ns3:TrackPointExtension>
            <ns3:hr>155</ns3:hr>
            <ns3:cad>85</ns3:cad>
          </ns3:TrackPointExtension>
        </extensions>
      </trkpt>
      <trkpt lat="37.51030105166137218475341796875" lon="127.0680228061974048614501953125">
        <ele>15</ele>
        <time>2026-09-06T10:20:55.000Z</time>
        <extensions>
          <ns3:TrackPointExtension>
            <ns3:hr>155</ns3:hr>
            <ns3:cad>85</ns3:cad>
          </ns3:TrackPointExtension>
        </extensions>
      </trkpt>
      <trkpt lat="37.51027104444801807403564453125" lon="127.0680387318134307861328125">
        <ele>14.80000019073486328125</ele>
        <time>2026-09-06T10:20:56.000Z</time>
        <extensions>
          <ns3:TrackPointExtension>
            <ns3:hr>155</ns3:hr>
            <ns3:cad>85</ns3:cad>
          </ns3:TrackPointExtension>
        </extensions>
      </trkpt>
      <trkpt lat="37.51023869030177593231201171875" lon="127.06804468296468257904052734375">
        <ele>14.80000019073486328125</ele>
        <time>2026-09-06T10:20:57.000Z</time>
        <extensions>
          <ns3:TrackPointExtension>
            <ns3:hr>156</ns3:hr>
            <ns3:cad>86</ns3:cad>
          </ns3:TrackPointExtension>
        </extensions>
      </trkpt>
      <trkpt lat="37.51020482741296291351318359375" lon="127.06805407069623470306396484375">
        <ele>14.80000019073486328125</ele>
        <time>2026-09-06T10:20:58.000Z</time>
        <extensions>
          <ns3:TrackPointExtension>
            <ns3:hr>156</ns3:hr>
            <ns3:cad>86</ns3:cad>
          </ns3:TrackPointExtension>
        </extensions>
      </trkpt>
      <trkpt lat="37.51018010079860687255859375" lon="127.068062536418437957763671875">
        <ele>14.80000019073486328125</ele>
        <time>2026-09-06T10:20:59.000Z</time>
        <extensions>
          <ns3:TrackPointExtension>
            <ns3:hr>155</ns3:hr>
            <ns3:cad>86</ns3:cad>
          </ns3:TrackPointExtension>
        </extensions>
      </trkpt>
      <trkpt lat="37.5101499259471893310546875" lon="127.0680727623403072357177734375">
        <ele>14.80000019073486328125</ele>
        <time>2026-09-06T10:21:00.000Z</time>
        <extensions>
          <ns3:TrackPointExtension>
            <ns3:hr>155</ns3:hr>
            <ns3:cad>85</ns3:cad>
          </ns3:TrackPointExtension>
        </extensions>
      </trkpt>
      <trkpt lat="37.51012352295219898223876953125" lon="127.0680724270641803741455078125">
        <ele>14.80000019073486328125</ele>
        <time>2026-09-06T10:21:01.000Z</time>
        <extensions>
          <ns3:TrackPointExtension>
            <ns3:hr>155</ns3:hr>
            <ns3:cad>85</ns3:cad>
          </ns3:TrackPointExtension>
        </extensions>
      </trkpt>
      <trkpt lat="37.510100640356540679931640625" lon="127.06806614063680171966552734375">
        <ele>15</ele>
        <time>2026-09-06T10:21:02.000Z</time>
        <extensions>
          <ns3:TrackPointExtension>
            <ns3:hr>156</ns3:hr>
            <ns3:cad>85</ns3:cad>
          </ns3:TrackPointExtension>
        </extensions>
      </trkpt>
      <trkpt lat="37.51008027233183383941650390625" lon="127.06806362606585025787353515625">
        <ele>15</ele>
        <time>2026-09-06T10:21:03.000Z</time>
        <extensions>
          <ns3:TrackPointExtension>
            <ns3:hr>156</ns3:hr>
            <ns3:cad>85</ns3:cad>
          </ns3:TrackPointExtension>
        </extensions>
      </trkpt>
      <trkpt lat="37.510053701698780059814453125" lon="127.06804267130792140960693359375">
        <ele>15</ele>
        <time>2026-09-06T10:21:04.000Z</time>
        <extensions>
          <ns3:TrackPointExtension>
            <ns3:hr>156</ns3:hr>
            <ns3:cad>85</ns3:cad>
          </ns3:TrackPointExtension>
        </extensions>
      </trkpt>
      <trkpt lat="37.51001154072582721710205078125" lon="127.06798307597637176513671875">
        <ele>15</ele>
        <time>2026-09-06T10:21:05.000Z</time>
        <extensions>
          <ns3:TrackPointExtension>
            <ns3:hr>156</ns3:hr>
            <ns3:cad>85</ns3:cad>
          </ns3:TrackPointExtension>
        </extensions>
      </trkpt>
      <trkpt lat="37.50998253934085369110107421875" lon="127.06796689890325069427490234375">
        <ele>15</ele>
        <time>2026-09-06T10:21:06.000Z</time>
        <extensions>
          <ns3:TrackPointExtension>
            <ns3:hr>156</ns3:hr>
            <ns3:cad>85</ns3:cad>
          </ns3:TrackPointExtension>
        </extensions>
      </trkpt>
      <trkpt lat="37.50994968228042125701904296875" lon="127.06793236546218395233154296875">
        <ele>15</ele>
        <time>2026-09-06T10:21:07.000Z</time>
        <extensions>
          <ns3:TrackPointExtension>
            <ns3:hr>156</ns3:hr>
            <ns3:cad>85</ns3:cad>
          </ns3:TrackPointExtension>
        </extensions>
      </trkpt>
      <trkpt lat="37.50991682521998882293701171875" lon="127.06790504045784473419189453125">
        <ele>15</ele>
        <time>2026-09-06T10:21:08.000Z</time>
        <extensions>
          <ns3:TrackPointExtension>
            <ns3:hr>156</ns3:hr>
            <ns3:cad>85</ns3:cad>
          </ns3:TrackPointExtension>
        </extensions>
      </trkpt>
      <trkpt lat="37.50988597981631755828857421875" lon="127.06788676790893077850341796875">
        <ele>14.80000019073486328125</ele>
        <time>2026-09-06T10:21:09.000Z</time>
        <extensions>
          <ns3:TrackPointExtension>
            <ns3:hr>155</ns3:hr>
            <ns3:cad>85</ns3:cad>
          </ns3:TrackPointExtension>
        </extensions>
      </trkpt>
      <trkpt lat="37.5098496861755847930908203125" lon="127.0678601972758769989013671875">
        <ele>14.80000019073486328125</ele>
        <time>2026-09-06T10:21:10.000Z</time>
        <extensions>
          <ns3:TrackPointExtension>
            <ns3:hr>156</ns3:hr>
            <ns3:cad>85</ns3:cad>
          </ns3:TrackPointExtension>
        </extensions>
      </trkpt>
      <trkpt lat="37.50982479192316532135009765625" lon="127.06785793416202068328857421875">
        <ele>14.80000019073486328125</ele>
        <time>2026-09-06T10:21:11.000Z</time>
        <extensions>
          <ns3:TrackPointExtension>
            <ns3:hr>156</ns3:hr>
            <ns3:cad>85</ns3:cad>
          </ns3:TrackPointExtension>
        </extensions>
      </trkpt>
      <trkpt lat="37.5098989717662334442138671875" lon="127.06752307713031768798828125">
        <ele>26.6000003814697265625</ele>
        <time>2026-09-06T10:23:08.000Z</time>
        <extensions>
          <ns3:TrackPointExtension>
            <ns3:hr>107</ns3:hr>
            <ns3:cad>0</ns3:cad>
          </ns3:TrackPointExtension>
        </extensions>
      </trkpt>
      <trkpt lat="37.50989000312983989715576171875" lon="127.0675061456859111785888671875">
        <ele>26.6000003814697265625</ele>
        <time>2026-09-06T10:23:09.000Z</time>
        <extensions>
          <ns3:TrackPointExtension>
            <ns3:hr>107</ns3:hr>
            <ns3:cad>0</ns3:cad>
          </ns3:TrackPointExtension>
        </extensions>
      </trkpt>
      <trkpt lat="37.50988413579761981964111328125" lon="127.067482508718967437744140625">
        <ele>26.3999996185302734375</ele>
        <time>2026-09-06T10:23:10.000Z</time>
        <extensions>
          <ns3:TrackPointExtension>
            <ns3:hr>107</ns3:hr>
            <ns3:cad>0</ns3:cad>
          </ns3:TrackPointExtension>
        </extensions>
      </trkpt>
      <trkpt lat="37.50987659208476543426513671875" lon="127.06744252704083919525146484375">
        <ele>26.3999996185302734375</ele>
        <time>2026-09-06T10:23:11.000Z</time>
        <extensions>
          <ns3:TrackPointExtension>
            <ns3:hr>106</ns3:hr>
            <ns3:cad>0</ns3:cad>
          </ns3:TrackPointExtension>
        </extensions>
      </trkpt>
      <trkpt lat="37.50986351631581783294677734375" lon="127.06741939298808574676513671875">
        <ele>26.200000762939453125</ele>
        <time>2026-09-06T10:23:12.000Z</time>
        <extensions>
          <ns3:TrackPointExtension>
            <ns3:hr>106</ns3:hr>
            <ns3:cad>0</ns3:cad>
          </ns3:TrackPointExtension>
        </extensions>
      </trkpt>
      <trkpt lat="37.50984708778560161590576171875" lon="127.06737019121646881103515625">
        <ele>26.200000762939453125</ele>
        <time>2026-09-06T10:23:13.000Z</time>
        <extensions>
          <ns3:TrackPointExtension>
            <ns3:hr>106</ns3:hr>
            <ns3:cad>0</ns3:cad>
          </ns3:TrackPointExtension>
        </extensions>
      </trkpt>
      <trkpt lat="37.50983250327408313751220703125" lon="127.06734144128859043121337890625">
        <ele>26</ele>
        <time>2026-09-06T10:23:14.000Z</time>
        <extensions>
          <ns3:TrackPointExtension>
            <ns3:hr>106</ns3:hr>
            <ns3:cad>0</ns3:cad>
          </ns3:TrackPointExtension>
        </extensions>
      </trkpt>
      <trkpt lat="37.50981741584837436676025390625" lon="127.0672912336885929107666015625">
        <ele>26</ele>
        <time>2026-09-06T10:23:15.000Z</time>
        <extensions>
          <ns3:TrackPointExtension>
            <ns3:hr>106</ns3:hr>
            <ns3:cad>0</ns3:cad>
          </ns3:TrackPointExtension>
        </extensions>
      </trkpt>
      <trkpt lat="37.5098107941448688507080078125" lon="127.06724337302148342132568359375">
        <ele>25.799999237060546875</ele>
        <time>2026-09-06T10:23:16.000Z</time>
        <extensions>
          <ns3:TrackPointExtension>
            <ns3:hr>106</ns3:hr>
            <ns3:cad>0</ns3:cad>
          </ns3:TrackPointExtension>
        </extensions>
      </trkpt>
      <trkpt lat="37.50980702228844165802001953125" lon="127.06720582209527492523193359375">
        <ele>26</ele>
        <time>2026-09-06T10:23:17.000Z</time>
        <extensions>
          <ns3:TrackPointExtension>
            <ns3:hr>107</ns3:hr>
            <ns3:cad>0</ns3:cad>
          </ns3:TrackPointExtension>
        </extensions>
      </trkpt>
      <trkpt lat="37.509801574051380157470703125" lon="127.06715427339076995849609375">
        <ele>26</ele>
        <time>2026-09-06T10:23:18.000Z</time>
        <extensions>
          <ns3:TrackPointExtension>
            <ns3:hr>108</ns3:hr>
            <ns3:cad>0</ns3:cad>
          </ns3:TrackPointExtension>
        </extensions>
      </trkpt>
      <trkpt lat="37.509790174663066864013671875" lon="127.06712116487324237823486328125">
        <ele>25.799999237060546875</ele>
        <time>2026-09-06T10:23:19.000Z</time>
        <extensions>
          <ns3:TrackPointExtension>
            <ns3:hr>110</ns3:hr>
            <ns3:cad>0</ns3:cad>
          </ns3:TrackPointExtension>
        </extensions>
      </trkpt>
      <trkpt lat="37.50977215357124805450439453125" lon="127.0670758187770843505859375">
        <ele>25.799999237060546875</ele>
        <time>2026-09-06T10:23:20.000Z</time>
        <extensions>
          <ns3:TrackPointExtension>
            <ns3:hr>111</ns3:hr>
            <ns3:cad>86</ns3:cad>
          </ns3:TrackPointExtension>
        </extensions>
      </trkpt>
      <trkpt lat="37.509757988154888153076171875" lon="127.06703625619411468505859375">
        <ele>25.799999237060546875</ele>
        <time>2026-09-06T10:23:21.000Z</time>
        <extensions>
          <ns3:TrackPointExtension>
            <ns3:hr>113</ns3:hr>
            <ns3:cad>86</ns3:cad>
          </ns3:TrackPointExtension>
        </extensions>
      </trkpt>
      <trkpt lat="37.5097427330911159515380859375" lon="127.066992335021495819091796875">
        <ele>25.6000003814697265625</ele>
        <time>2026-09-06T10:23:22.000Z</time>
        <extensions>
          <ns3:TrackPointExtension>
            <ns3:hr>114</ns3:hr>
            <ns3:cad>86</ns3:cad>
          </ns3:TrackPointExtension>
        </extensions>
      </trkpt>
      <trkpt lat="37.50973275862634181976318359375" lon="127.066936008632183074951171875">
        <ele>25.6000003814697265625</ele>
        <time>2026-09-06T10:23:23.000Z</time>
        <extensions>
          <ns3:TrackPointExtension>
            <ns3:hr>115</ns3:hr>
            <ns3:cad>86</ns3:cad>
          </ns3:TrackPointExtension>
        </extensions>
      </trkpt>
      <trkpt lat="37.5097216106951236724853515625" lon="127.06689233891665935516357421875">
        <ele>25.3999996185302734375</ele>
        <time>2026-09-06T10:23:24.000Z</time>
        <extensions>
          <ns3:TrackPointExtension>
            <ns3:hr>116</ns3:hr>
            <ns3:cad>87</ns3:cad>
          </ns3:TrackPointExtension>
        </extensions>
      </trkpt>
      <trkpt lat="37.509715072810649871826171875" lon="127.066836096346378326416015625">
        <ele>25.3999996185302734375</ele>
        <time>2026-09-06T10:23:25.000Z</time>
        <extensions>
          <ns3:TrackPointExtension>
            <ns3:hr>117</ns3:hr>
            <ns3:cad>87</ns3:cad>
          </ns3:TrackPointExtension>
        </extensions>
      </trkpt>
      <trkpt lat="37.5097071938216686248779296875" lon="127.06679745577275753021240234375">
        <ele>25.200000762939453125</ele>
        <time>2026-09-06T10:23:26.000Z</time>
        <extensions>
          <ns3:TrackPointExtension>
            <ns3:hr>117</ns3:hr>
            <ns3:cad>87</ns3:cad>
          </ns3:TrackPointExtension>
        </extensions>
      </trkpt>
      <trkpt lat="37.5097035057842731475830078125" lon="127.06673987209796905517578125">
        <ele>25</ele>
        <time>2026-09-06T10:23:27.000Z</time>
        <extensions>
          <ns3:TrackPointExtension>
            <ns3:hr>119</ns3:hr>
            <ns3:cad>87</ns3:cad>
          </ns3:TrackPointExtension>
        </extensions>
      </trkpt>
      <trkpt lat="37.50969571061432361602783203125" lon="127.06670709885656833648681640625">
        <ele>25</ele>
        <time>2026-09-06T10:23:28.000Z</time>
        <extensions>
          <ns3:TrackPointExtension>
            <ns3:hr>120</ns3:hr>
            <ns3:cad>87</ns3:cad>
          </ns3:TrackPointExtension>
        </extensions>
      </trkpt>
      <trkpt lat="37.5096751749515533447265625" lon="127.066655047237873077392578125">
        <ele>25</ele>
        <time>2026-09-06T10:23:29.000Z</time>
        <extensions>
          <ns3:TrackPointExtension>
            <ns3:hr>121</ns3:hr>
            <ns3:cad>86</ns3:cad>
          </ns3:TrackPointExtension>
        </extensions>
      </trkpt>
      <trkpt lat="37.50965707004070281982421875" lon="127.06661456264555454254150390625">
        <ele>25</ele>
        <time>2026-09-06T10:23:30.000Z</time>
        <extensions>
          <ns3:TrackPointExtension>
            <ns3:hr>122</ns3:hr>
            <ns3:cad>86</ns3:cad>
          </ns3:TrackPointExtension>
        </extensions>
      </trkpt>
      <trkpt lat="37.50963184051215648651123046875" lon="127.06657784990966320037841796875">
        <ele>24.799999237060546875</ele>
        <time>2026-09-06T10:23:31.000Z</time>
        <extensions>
          <ns3:TrackPointExtension>
            <ns3:hr>123</ns3:hr>
            <ns3:cad>86</ns3:cad>
          </ns3:TrackPointExtension>
        </extensions>
      </trkpt>
      <trkpt lat="37.5096180103719234466552734375" lon="127.0665325038135051727294921875">
        <ele>24.799999237060546875</ele>
        <time>2026-09-06T10:23:32.000Z</time>
        <extensions>
          <ns3:TrackPointExtension>
            <ns3:hr>124</ns3:hr>
            <ns3:cad>86</ns3:cad>
          </ns3:TrackPointExtension>
        </extensions>
      </trkpt>
      <trkpt lat="37.50960074365139007568359375" lon="127.0664991438388824462890625">
        <ele>24.6000003814697265625</ele>
        <time>2026-09-06T10:23:33.000Z</time>
        <extensions>
          <ns3:TrackPointExtension>
            <ns3:hr>124</ns3:hr>
            <ns3:cad>86</ns3:cad>
          </ns3:TrackPointExtension>
        </extensions>
      </trkpt>
      <trkpt lat="37.50958733260631561279296875" lon="127.06645228900015354156494140625">
        <ele>24.6000003814697265625</ele>
        <time>2026-09-06T10:23:34.000Z</time>
        <extensions>
          <ns3:TrackPointExtension>
            <ns3:hr>125</ns3:hr>
            <ns3:cad>86</ns3:cad>
          </ns3:TrackPointExtension>
        </extensions>
      </trkpt>
      <trkpt lat="37.5095848180353641510009765625" lon="127.06642664037644863128662109375">
        <ele>24.6000003814697265625</ele>
        <time>2026-09-06T10:23:35.000Z</time>
        <extensions>
          <ns3:TrackPointExtension>
            <ns3:hr>126</ns3:hr>
            <ns3:cad>86</ns3:cad>
          </ns3:TrackPointExtension>
        </extensions>
      </trkpt>
      <trkpt lat="37.50957526266574859619140625" lon="127.06638858653604984283447265625">
        <ele>24.6000003814697265625</ele>
        <time>2026-09-06T10:23:36.000Z</time>
        <extensions>
          <ns3:TrackPointExtension>
            <ns3:hr>126</ns3:hr>
            <ns3:cad>86</ns3:cad>
          </ns3:TrackPointExtension>
        </extensions>
      </trkpt>
      <trkpt lat="37.50956377945840358734130859375" lon="127.0663568191230297088623046875">
        <ele>24.799999237060546875</ele>
        <time>2026-09-06T10:23:37.000Z</time>
        <extensions>
          <ns3:TrackPointExtension>
            <ns3:hr>127</ns3:hr>
            <ns3:cad>86</ns3:cad>
          </ns3:TrackPointExtension>
        </extensions>
      </trkpt>
      <trkpt lat="37.50955045223236083984375" lon="127.0663202740252017974853515625">
        <ele>24.799999237060546875</ele>
        <time>2026-09-06T10:23:38.000Z</time>
        <extensions>
          <ns3:TrackPointExtension>
            <ns3:hr>128</ns3:hr>
            <ns3:cad>86</ns3:cad>
          </ns3:TrackPointExtension>
        </extensions>
      </trkpt>
      <trkpt lat="37.509532012045383453369140625" lon="127.0662874169647693634033203125">
        <ele>25</ele>
        <time>2026-09-06T10:23:39.000Z</time>
        <extensions>
          <ns3:TrackPointExtension>
            <ns3:hr>128</ns3:hr>
            <ns3:cad>86</ns3:cad>
          </ns3:TrackPointExtension>
        </extensions>
      </trkpt>
      <trkpt lat="37.5095207802951335906982421875" lon="127.06625950522720813751220703125">
        <ele>25</ele>
        <time>2026-09-06T10:23:40.000Z</time>
        <extensions>
          <ns3:TrackPointExtension>
            <ns3:hr>129</ns3:hr>
            <ns3:cad>86</ns3:cad>
          </ns3:TrackPointExtension>
        </extensions>
      </trkpt>
      <trkpt lat="37.50950795598328113555908203125" lon="127.0662173442542552947998046875">
        <ele>25.200000762939453125</ele>
        <time>2026-09-06T10:23:41.000Z</time>
        <extensions>
          <ns3:TrackPointExtension>
            <ns3:hr>129</ns3:hr>
            <ns3:cad>86</ns3:cad>
          </ns3:TrackPointExtension>
        </extensions>
      </trkpt>
      <trkpt lat="37.5094956345856189727783203125" lon="127.0661918632686138153076171875">
        <ele>25.3999996185302734375</ele>
        <time>2026-09-06T10:23:42.000Z</time>
        <extensions>
          <ns3:TrackPointExtension>
            <ns3:hr>130</ns3:hr>
            <ns3:cad>86</ns3:cad>
          </ns3:TrackPointExtension>
        </extensions>
      </trkpt>
      <trkpt lat="37.5094802118837833404541015625" lon="127.066151462495326995849609375">
        <ele>25.3999996185302734375</ele>
        <time>2026-09-06T10:23:43.000Z</time>
        <extensions>
          <ns3:TrackPointExtension>
            <ns3:hr>130</ns3:hr>
            <ns3:cad>86</ns3:cad>
          </ns3:TrackPointExtension>
        </extensions>
      </trkpt>
      <trkpt lat="37.50947342254221439361572265625" lon="127.06612137146294116973876953125">
        <ele>25.200000762939453125</ele>
        <time>2026-09-06T10:23:44.000Z</time>
        <extensions>
          <ns3:TrackPointExtension>
            <ns3:hr>131</ns3:hr>
            <ns3:cad>86</ns3:cad>
          </ns3:TrackPointExtension>
        </extensions>
      </trkpt>
      <trkpt lat="37.5094654597342014312744140625" lon="127.0660771988332271575927734375">
        <ele>25.200000762939453125</ele>
        <time>2026-09-06T10:23:45.000Z</time>
        <extensions>
          <ns3:TrackPointExtension>
            <ns3:hr>131</ns3:hr>
            <ns3:cad>86</ns3:cad>
          </ns3:TrackPointExtension>
        </extensions>
      </trkpt>
      <trkpt lat="37.50945330597460269927978515625" lon="127.06604140810668468475341796875">
        <ele>25</ele>
        <time>2026-09-06T10:23:46.000Z</time>
        <extensions>
          <ns3:TrackPointExtension>
            <ns3:hr>131</ns3:hr>
            <ns3:cad>86</ns3:cad>
          </ns3:TrackPointExtension>
        </extensions>
      </trkpt>
      <trkpt lat="37.5094409845769405364990234375" lon="127.06599715165793895721435546875">
        <ele>25</ele>
        <time>2026-09-06T10:23:47.000Z</time>
        <extensions>
          <ns3:TrackPointExtension>
            <ns3:hr>132</ns3:hr>
            <ns3:cad>86</ns3:cad>
          </ns3:TrackPointExtension>
        </extensions>
      </trkpt>
      <trkpt lat="37.50942329876124858856201171875" lon="127.0659564994275569915771484375">
        <ele>25</ele>
        <time>2026-09-06T10:23:48.000Z</time>
        <extensions>
          <ns3:TrackPointExtension>
            <ns3:hr>132</ns3:hr>
            <ns3:cad>86</ns3:cad>
          </ns3:TrackPointExtension>
        </extensions>
      </trkpt>
      <trkpt lat="37.5094134919345378875732421875" lon="127.06592121161520481109619140625">
        <ele>25</ele>
        <time>2026-09-06T10:23:49.000Z</time>
        <extensions>
          <ns3:TrackPointExtension>
            <ns3:hr>132</ns3:hr>
            <ns3:cad>86</ns3:cad>
          </ns3:TrackPointExtension>
        </extensions>
      </trkpt>
      <trkpt lat="37.50939899124205112457275390625" lon="127.06587879918515682220458984375">
        <ele>25</ele>
        <time>2026-09-06T10:23:50.000Z</time>
        <extensions>
          <ns3:TrackPointExtension>
            <ns3:hr>132</ns3:hr>
            <ns3:cad>87</ns3:cad>
          </ns3:TrackPointExtension>
        </extensions>
      </trkpt>
      <trkpt lat="37.50939262099564075469970703125" lon="127.06583923660218715667724609375">
        <ele>24.799999237060546875</ele>
        <time>2026-09-06T10:23:51.000Z</time>
        <extensions>
          <ns3:TrackPointExtension>
            <ns3:hr>133</ns3:hr>
            <ns3:cad>87</ns3:cad>
          </ns3:TrackPointExtension>
        </extensions>
      </trkpt>
      <trkpt lat="37.5093776173889636993408203125" lon="127.065792717039585113525390625">
        <ele>24.6000003814697265625</ele>
        <time>2026-09-06T10:23:52.000Z</time>
        <extensions>
          <ns3:TrackPointExtension>
            <ns3:hr>133</ns3:hr>
            <ns3:cad>87</ns3:cad>
          </ns3:TrackPointExtension>
        </extensions>
      </trkpt>
      <trkpt lat="37.5093682296574115753173828125" lon="127.06575038842856884002685546875">
        <ele>24.6000003814697265625</ele>
        <time>2026-09-06T10:23:53.000Z</time>
        <extensions>
          <ns3:TrackPointExtension>
            <ns3:hr>134</ns3:hr>
            <ns3:cad>87</ns3:cad>
          </ns3:TrackPointExtension>
        </extensions>
      </trkpt>
      <trkpt lat="37.50934886746108531951904296875" lon="127.0657067187130451202392578125">
        <ele>24.3999996185302734375</ele>
        <time>2026-09-06T10:23:54.000Z</time>
        <extensions>
          <ns3:TrackPointExtension>
            <ns3:hr>134</ns3:hr>
            <ns3:cad>87</ns3:cad>
          </ns3:TrackPointExtension>
        </extensions>
      </trkpt>
      <trkpt lat="37.5093398988246917724609375" lon="127.06566439010202884674072265625">
        <ele>24.3999996185302734375</ele>
        <time>2026-09-06T10:23:55.000Z</time>
        <extensions>
          <ns3:TrackPointExtension>
            <ns3:hr>135</ns3:hr>
            <ns3:cad>87</ns3:cad>
          </ns3:TrackPointExtension>
        </extensions>
      </trkpt>
      <trkpt lat="37.50932975672185420989990234375" lon="127.06562549807131290435791015625">
        <ele>24.3999996185302734375</ele>
        <time>2026-09-06T10:23:56.000Z</time>
        <extensions>
          <ns3:TrackPointExtension>
            <ns3:hr>136</ns3:hr>
            <ns3:cad>87</ns3:cad>
          </ns3:TrackPointExtension>
        </extensions>
      </trkpt>
      <trkpt lat="37.50931718386709690093994140625" lon="127.065575122833251953125">
        <ele>24.3999996185302734375</ele>
        <time>2026-09-06T10:23:57.000Z</time>
        <extensions>
          <ns3:TrackPointExtension>
            <ns3:hr>136</ns3:hr>
            <ns3:cad>86</ns3:cad>
          </ns3:TrackPointExtension>
        </extensions>
      </trkpt>
      <trkpt lat="37.5093055330216884613037109375" lon="127.0655397512018680572509765625">
        <ele>24.200000762939453125</ele>
        <time>2026-09-06T10:23:58.000Z</time>
        <extensions>
          <ns3:TrackPointExtension>
            <ns3:hr>137</ns3:hr>
            <ns3:cad>86</ns3:cad>
          </ns3:TrackPointExtension>
        </extensions>
      </trkpt>
      <trkpt lat="37.50930176116526126861572265625" lon="127.06549373455345630645751953125">
        <ele>24.200000762939453125</ele>
        <time>2026-09-06T10:23:59.000Z</time>
        <extensions>
          <ns3:TrackPointExtension>
            <ns3:hr>137</ns3:hr>
            <ns3:cad>87</ns3:cad>
          </ns3:TrackPointExtension>
        </extensions>
      </trkpt>
      <trkpt lat="37.50929237343370914459228515625" lon="127.065454088151454925537109375">
        <ele>24.200000762939453125</ele>
        <time>2026-09-06T10:24:00.000Z</time>
        <extensions>
          <ns3:TrackPointExtension>
            <ns3:hr>138</ns3:hr>
            <ns3:cad>87</ns3:cad>
          </ns3:TrackPointExtension>
        </extensions>
      </trkpt>
      <trkpt lat="37.50927996821701526641845703125" lon="127.06541326828300952911376953125">
        <ele>24.200000762939453125</ele>
        <time>2026-09-06T10:24:01.000Z</time>
        <extensions>
          <ns3:TrackPointExtension>
            <ns3:hr>138</ns3:hr>
            <ns3:cad>87</ns3:cad>
          </ns3:TrackPointExtension>
        </extensions>
      </trkpt>
      <trkpt lat="37.509271167218685150146484375" lon="127.06537001766264438629150390625">
        <ele>24.200000762939453125</ele>
        <time>2026-09-06T10:24:02.000Z</time>
        <extensions>
          <ns3:TrackPointExtension>
            <ns3:hr>139</ns3:hr>
            <ns3:cad>87</ns3:cad>
          </ns3:TrackPointExtension>
        </extensions>
      </trkpt>
      <trkpt lat="37.50926203094422817230224609375" lon="127.06533414311707019805908203125">
        <ele>24</ele>
        <time>2026-09-06T10:24:03.000Z</time>
        <extensions>
          <ns3:TrackPointExtension>
            <ns3:hr>141</ns3:hr>
            <ns3:cad>86</ns3:cad>
          </ns3:TrackPointExtension>
        </extensions>
      </trkpt>
      <trkpt lat="37.50924744643270969390869140625" lon="127.0653000287711620330810546875">
        <ele>24</ele>
        <time>2026-09-06T10:24:04.000Z</time>
        <extensions>
          <ns3:TrackPointExtension>
            <ns3:hr>142</ns3:hr>
            <ns3:cad>86</ns3:cad>
          </ns3:TrackPointExtension>
        </extensions>
      </trkpt>
      <trkpt lat="37.50923688523471355438232421875" lon="127.0652701891958713531494140625">
        <ele>24</ele>
        <time>2026-09-06T10:24:05.000Z</time>
        <extensions>
          <ns3:TrackPointExtension>
            <ns3:hr>143</ns3:hr>
            <ns3:cad>86</ns3:cad>
          </ns3:TrackPointExtension>
        </extensions>
      </trkpt>
      <trkpt lat="37.50922900624573230743408203125" lon="127.06522651948034763336181640625">
        <ele>24</ele>
        <time>2026-09-06T10:24:06.000Z</time>
        <extensions>
          <ns3:TrackPointExtension>
            <ns3:hr>143</ns3:hr>
            <ns3:cad>86</ns3:cad>
          </ns3:TrackPointExtension>
        </extensions>
      </trkpt>
      <trkpt lat="37.5092143379151821136474609375" lon="127.06519349478185176849365234375">
        <ele>23.799999237060546875</ele>
        <time>2026-09-06T10:24:07.000Z</time>
        <extensions>
          <ns3:TrackPointExtension>
            <ns3:hr>143</ns3:hr>
            <ns3:cad>86</ns3:cad>
          </ns3:TrackPointExtension>
        </extensions>
      </trkpt>
      <trkpt lat="37.5092052854597568511962890625" lon="127.06515242345631122589111328125">
        <ele>23.799999237060546875</ele>
        <time>2026-09-06T10:24:08.000Z</time>
        <extensions>
          <ns3:TrackPointExtension>
            <ns3:hr>144</ns3:hr>
            <ns3:cad>85</ns3:cad>
          </ns3:TrackPointExtension>
        </extensions>
      </trkpt>
      <trkpt lat="37.5091962330043315887451171875" lon="127.0651186443865299224853515625">
        <ele>23.6000003814697265625</ele>
        <time>2026-09-06T10:24:09.000Z</time>
        <extensions>
          <ns3:TrackPointExtension>
            <ns3:hr>143</ns3:hr>
            <ns3:cad>85</ns3:cad>
          </ns3:TrackPointExtension>
        </extensions>
      </trkpt>
      <trkpt lat="37.50918290577828884124755859375" lon="127.06508335657417774200439453125">
        <ele>23.3999996185302734375</ele>
        <time>2026-09-06T10:24:10.000Z</time>
        <extensions>
          <ns3:TrackPointExtension>
            <ns3:hr>143</ns3:hr>
            <ns3:cad>85</ns3:cad>
          </ns3:TrackPointExtension>
        </extensions>
      </trkpt>
      <trkpt lat="37.5091633759438991546630859375" lon="127.065047062933444976806640625">
        <ele>23.3999996185302734375</ele>
        <time>2026-09-06T10:24:11.000Z</time>
        <extensions>
          <ns3:TrackPointExtension>
            <ns3:hr>143</ns3:hr>
            <ns3:cad>85</ns3:cad>
          </ns3:TrackPointExtension>
        </extensions>
      </trkpt>
      <trkpt lat="37.509147785604000091552734375" lon="127.06501713953912258148193359375">
        <ele>23.3999996185302734375</ele>
        <time>2026-09-06T10:24:12.000Z</time>
        <extensions>
          <ns3:TrackPointExtension>
            <ns3:hr>143</ns3:hr>
            <ns3:cad>86</ns3:cad>
          </ns3:TrackPointExtension>
        </extensions>
      </trkpt>
      <trkpt lat="37.509126327931880950927734375" lon="127.06497724168002605438232421875">
        <ele>23.3999996185302734375</ele>
        <time>2026-09-06T10:24:13.000Z</time>
        <extensions>
          <ns3:TrackPointExtension>
            <ns3:hr>143</ns3:hr>
            <ns3:cad>86</ns3:cad>
          </ns3:TrackPointExtension>
        </extensions>
      </trkpt>
      <trkpt lat="37.50910897739231586456298828125" lon="127.06494723446667194366455078125">
        <ele>23.3999996185302734375</ele>
        <time>2026-09-06T10:24:14.000Z</time>
        <extensions>
          <ns3:TrackPointExtension>
            <ns3:hr>144</ns3:hr>
            <ns3:cad>86</ns3:cad>
          </ns3:TrackPointExtension>
        </extensions>
      </trkpt>
      <trkpt lat="37.509088777005672454833984375" lon="127.0649101026356220245361328125">
        <ele>23.6000003814697265625</ele>
        <time>2026-09-06T10:24:15.000Z</time>
        <extensions>
          <ns3:TrackPointExtension>
            <ns3:hr>144</ns3:hr>
            <ns3:cad>86</ns3:cad>
          </ns3:TrackPointExtension>
        </extensions>
      </trkpt>
      <trkpt lat="37.50906723551452159881591796875" lon="127.064872048795223236083984375">
        <ele>23.6000003814697265625</ele>
        <time>2026-09-06T10:24:16.000Z</time>
        <extensions>
          <ns3:TrackPointExtension>
            <ns3:hr>144</ns3:hr>
            <ns3:cad>86</ns3:cad>
          </ns3:TrackPointExtension>
        </extensions>
      </trkpt>
      <trkpt lat="37.50905013643205165863037109375" lon="127.06484598107635974884033203125">
        <ele>23.6000003814697265625</ele>
        <time>2026-09-06T10:24:17.000Z</time>
        <extensions>
          <ns3:TrackPointExtension>
            <ns3:hr>144</ns3:hr>
            <ns3:cad>86</ns3:cad>
          </ns3:TrackPointExtension>
        </extensions>
      </trkpt>
      <trkpt lat="37.50903488136827945709228515625" lon="127.06479434855282306671142578125">
        <ele>23.6000003814697265625</ele>
        <time>2026-09-06T10:24:18.000Z</time>
        <extensions>
          <ns3:TrackPointExtension>
            <ns3:hr>144</ns3:hr>
            <ns3:cad>86</ns3:cad>
          </ns3:TrackPointExtension>
        </extensions>
      </trkpt>
      <trkpt lat="37.5090249069035053253173828125" lon="127.064769454300403594970703125">
        <ele>23.6000003814697265625</ele>
        <time>2026-09-06T10:24:19.000Z</time>
        <extensions>
          <ns3:TrackPointExtension>
            <ns3:hr>144</ns3:hr>
            <ns3:cad>86</ns3:cad>
          </ns3:TrackPointExtension>
        </extensions>
      </trkpt>
      <trkpt lat="37.50901199877262115478515625" lon="127.064725868403911590576171875">
        <ele>23.3999996185302734375</ele>
        <time>2026-09-06T10:24:20.000Z</time>
        <extensions>
          <ns3:TrackPointExtension>
            <ns3:hr>144</ns3:hr>
            <ns3:cad>84</ns3:cad>
          </ns3:TrackPointExtension>
        </extensions>
      </trkpt>
      <trkpt lat="37.50900303013622760772705078125" lon="127.0646951906383037567138671875">
        <ele>23.3999996185302734375</ele>
        <time>2026-09-06T10:24:21.000Z</time>
        <extensions>
          <ns3:TrackPointExtension>
            <ns3:hr>144</ns3:hr>
            <ns3:cad>84</ns3:cad>
          </ns3:TrackPointExtension>
        </extensions>
      </trkpt>
      <trkpt lat="37.50898651778697967529296875" lon="127.06466007046401500701904296875">
        <ele>23.200000762939453125</ele>
        <time>2026-09-06T10:24:22.000Z</time>
        <extensions>
          <ns3:TrackPointExtension>
            <ns3:hr>144</ns3:hr>
            <ns3:cad>84</ns3:cad>
          </ns3:TrackPointExtension>
        </extensions>
      </trkpt>
      <trkpt lat="37.508972771465778350830078125" lon="127.06462360918521881103515625">
        <ele>23.200000762939453125</ele>
        <time>2026-09-06T10:24:23.000Z</time>
        <extensions>
          <ns3:TrackPointExtension>
            <ns3:hr>144</ns3:hr>
            <ns3:cad>85</ns3:cad>
          </ns3:TrackPointExtension>
        </extensions>
      </trkpt>
      <trkpt lat="37.5089612044394016265869140625" lon="127.0645962841808795928955078125">
        <ele>23.3999996185302734375</ele>
        <time>2026-09-06T10:24:24.000Z</time>
        <extensions>
          <ns3:TrackPointExtension>
            <ns3:hr>144</ns3:hr>
            <ns3:cad>85</ns3:cad>
          </ns3:TrackPointExtension>
        </extensions>
      </trkpt>
      <trkpt lat="37.50894871540367603302001953125" lon="127.06455730833113193511962890625">
        <ele>23.3999996185302734375</ele>
        <time>2026-09-06T10:24:25.000Z</time>
        <extensions>
          <ns3:TrackPointExtension>
            <ns3:hr>144</ns3:hr>
            <ns3:cad>85</ns3:cad>
          </ns3:TrackPointExtension>
        </extensions>
      </trkpt>
      <trkpt lat="37.5089430995285511016845703125" lon="127.064527384936809539794921875">
        <ele>23.3999996185302734375</ele>
        <time>2026-09-06T10:24:26.000Z</time>
        <extensions>
          <ns3:TrackPointExtension>
            <ns3:hr>145</ns3:hr>
            <ns3:cad>85</ns3:cad>
          </ns3:TrackPointExtension>
        </extensions>
      </trkpt>
      <trkpt lat="37.5089303590357303619384765625" lon="127.06448505632579326629638671875">
        <ele>23.3999996185302734375</ele>
        <time>2026-09-06T10:24:27.000Z</time>
        <extensions>
          <ns3:TrackPointExtension>
            <ns3:hr>145</ns3:hr>
            <ns3:cad>85</ns3:cad>
          </ns3:TrackPointExtension>
        </extensions>
      </trkpt>
      <trkpt lat="37.50891636125743389129638671875" lon="127.06444256007671356201171875">
        <ele>23.3999996185302734375</ele>
        <time>2026-09-06T10:24:28.000Z</time>
        <extensions>
          <ns3:TrackPointExtension>
            <ns3:hr>145</ns3:hr>
            <ns3:cad>85</ns3:cad>
          </ns3:TrackPointExtension>
        </extensions>
      </trkpt>
      <trkpt lat="37.50890445895493030548095703125" lon="127.064408697187900543212890625">
        <ele>23.3999996185302734375</ele>
        <time>2026-09-06T10:24:29.000Z</time>
        <extensions>
          <ns3:TrackPointExtension>
            <ns3:hr>144</ns3:hr>
            <ns3:cad>85</ns3:cad>
          </ns3:TrackPointExtension>
        </extensions>
      </trkpt>
      <trkpt lat="37.508892975747585296630859375" lon="127.06436519511044025421142578125">
        <ele>23.6000003814697265625</ele>
        <time>2026-09-06T10:24:30.000Z</time>
        <extensions>
          <ns3:TrackPointExtension>
            <ns3:hr>145</ns3:hr>
            <ns3:cad>85</ns3:cad>
          </ns3:TrackPointExtension>
        </extensions>
      </trkpt>
      <trkpt lat="37.5088874436914920806884765625" lon="127.064338289201259613037109375">
        <ele>23.6000003814697265625</ele>
        <time>2026-09-06T10:24:31.000Z</time>
        <extensions>
          <ns3:TrackPointExtension>
            <ns3:hr>145</ns3:hr>
            <ns3:cad>85</ns3:cad>
          </ns3:TrackPointExtension>
        </extensions>
      </trkpt>
      <trkpt lat="37.50886724330484867095947265625" lon="127.0642992295324802398681640625">
        <ele>23.6000003814697265625</ele>
        <time>2026-09-06T10:24:32.000Z</time>
        <extensions>
          <ns3:TrackPointExtension>
            <ns3:hr>145</ns3:hr>
            <ns3:cad>85</ns3:cad>
          </ns3:TrackPointExtension>
        </extensions>
      </trkpt>
      <trkpt lat="37.50885014422237873077392578125" lon="127.064276598393917083740234375">
        <ele>23.6000003814697265625</ele>
        <time>2026-09-06T10:24:33.000Z</time>
        <extensions>
          <ns3:TrackPointExtension>
            <ns3:hr>145</ns3:hr>
            <ns3:cad>84</ns3:cad>
          </ns3:TrackPointExtension>
        </extensions>
      </trkpt>
      <trkpt lat="37.50883069820702075958251953125" lon="127.0642519555985927581787109375">
        <ele>23.799999237060546875</ele>
        <time>2026-09-06T10:24:34.000Z</time>
        <extensions>
          <ns3:TrackPointExtension>
            <ns3:hr>145</ns3:hr>
            <ns3:cad>84</ns3:cad>
          </ns3:TrackPointExtension>
        </extensions>
      </trkpt>
      <trkpt lat="37.5087942369282245635986328125" lon="127.06423661671578884124755859375">
        <ele>23.799999237060546875</ele>
        <time>2026-09-06T10:24:35.000Z</time>
        <extensions>
          <ns3:TrackPointExtension>
            <ns3:hr>145</ns3:hr>
            <ns3:cad>84</ns3:cad>
          </ns3:TrackPointExtension>
        </extensions>
      </trkpt>
      <trkpt lat="37.5087768025696277618408203125" lon="127.06423058174550533294677734375">
        <ele>24</ele>
        <time>2026-09-06T10:24:36.000Z</time>
        <extensions>
          <ns3:TrackPointExtension>
            <ns3:hr>146</ns3:hr>
            <ns3:cad>84</ns3:cad>
          </ns3:TrackPointExtension>
        </extensions>
      </trkpt>
      <trkpt lat="37.50874386169016361236572265625" lon="127.0642110519111156463623046875">
        <ele>24</ele>
        <time>2026-09-06T10:24:37.000Z</time>
        <extensions>
          <ns3:TrackPointExtension>
            <ns3:hr>146</ns3:hr>
            <ns3:cad>84</ns3:cad>
          </ns3:TrackPointExtension>
        </extensions>
      </trkpt>
      <trkpt lat="37.508718632161617279052734375" lon="127.06420258618891239166259765625">
        <ele>24.200000762939453125</ele>
        <time>2026-09-06T10:24:38.000Z</time>
        <extensions>
          <ns3:TrackPointExtension>
            <ns3:hr>146</ns3:hr>
            <ns3:cad>84</ns3:cad>
          </ns3:TrackPointExtension>
        </extensions>
      </trkpt>
      <trkpt lat="37.5087003596127033233642578125" lon="127.064194791018962860107421875">
        <ele>24.3999996185302734375</ele>
        <time>2026-09-06T10:24:39.000Z</time>
        <extensions>
          <ns3:TrackPointExtension>
            <ns3:hr>146</ns3:hr>
            <ns3:cad>83</ns3:cad>
          </ns3:TrackPointExtension>
        </extensions>
      </trkpt>
      <trkpt lat="37.50867269933223724365234375" lon="127.06418615765869617462158203125">
        <ele>24.3999996185302734375</ele>
        <time>2026-09-06T10:24:40.000Z</time>
        <extensions>
          <ns3:TrackPointExtension>
            <ns3:hr>146</ns3:hr>
            <ns3:cad>83</ns3:cad>
          </ns3:TrackPointExtension>
        </extensions>
      </trkpt>
      <trkpt lat="37.508657611906528472900390625" lon="127.06417459063231945037841796875">
        <ele>24.6000003814697265625</ele>
        <time>2026-09-06T10:24:41.000Z</time>
        <extensions>
          <ns3:TrackPointExtension>
            <ns3:hr>146</ns3:hr>
            <ns3:cad>83</ns3:cad>
          </ns3:TrackPointExtension>
        </extensions>
      </trkpt>
      <trkpt lat="37.508628778159618377685546875" lon="127.064158581197261810302734375">
        <ele>24.6000003814697265625</ele>
        <time>2026-09-06T10:24:42.000Z</time>
        <extensions>
          <ns3:TrackPointExtension>
            <ns3:hr>146</ns3:hr>
            <ns3:cad>83</ns3:cad>
          </ns3:TrackPointExtension>
        </extensions>
      </trkpt>
      <trkpt lat="37.5085994414985179901123046875" lon="127.0641406439244747161865234375">
        <ele>24.6000003814697265625</ele>
        <time>2026-09-06T10:24:43.000Z</time>
        <extensions>
          <ns3:TrackPointExtension>
            <ns3:hr>146</ns3:hr>
            <ns3:cad>83</ns3:cad>
          </ns3:TrackPointExtension>
        </extensions>
      </trkpt>
      <trkpt lat="37.50858552753925323486328125" lon="127.064111642539501190185546875">
        <ele>24.799999237060546875</ele>
        <time>2026-09-06T10:24:44.000Z</time>
        <extensions>
          <ns3:TrackPointExtension>
            <ns3:hr>146</ns3:hr>
            <ns3:cad>83</ns3:cad>
          </ns3:TrackPointExtension>
        </extensions>
      </trkpt>
      <trkpt lat="37.50858058221638202667236328125" lon="127.06410284154117107391357421875">
        <ele>24.799999237060546875</ele>
        <time>2026-09-06T10:24:45.000Z</time>
        <extensions>
          <ns3:TrackPointExtension>
            <ns3:hr>146</ns3:hr>
            <ns3:cad>83</ns3:cad>
          </ns3:TrackPointExtension>
        </extensions>
      </trkpt>
      <trkpt lat="37.5085759721696376800537109375" lon="127.064076103270053863525390625">
        <ele>25</ele>
        <time>2026-09-06T10:24:46.000Z</time>
        <extensions>
          <ns3:TrackPointExtension>
            <ns3:hr>147</ns3:hr>
            <ns3:cad>83</ns3:cad>
          </ns3:TrackPointExtension>
        </extensions>
      </trkpt>
      <trkpt lat="37.508585862815380096435546875" lon="127.064045928418636322021484375">
        <ele>25</ele>
        <time>2026-09-06T10:24:47.000Z</time>
        <extensions>
          <ns3:TrackPointExtension>
            <ns3:hr>146</ns3:hr>
            <ns3:cad>83</ns3:cad>
          </ns3:TrackPointExtension>
        </extensions>
      </trkpt>
      <trkpt lat="37.5086098350584506988525390625" lon="127.0640001632273197174072265625">
        <ele>25</ele>
        <time>2026-09-06T10:24:48.000Z</time>
        <extensions>
          <ns3:TrackPointExtension>
            <ns3:hr>146</ns3:hr>
            <ns3:cad>83</ns3:cad>
          </ns3:TrackPointExtension>
        </extensions>
      </trkpt>
      <trkpt lat="37.50862500630319118499755859375" lon="127.063954733312129974365234375">
        <ele>24.799999237060546875</ele>
        <time>2026-09-06T10:24:49.000Z</time>
        <extensions>
          <ns3:TrackPointExtension>
            <ns3:hr>146</ns3:hr>
            <ns3:cad>83</ns3:cad>
          </ns3:TrackPointExtension>
        </extensions>
      </trkpt>
      <trkpt lat="37.50863959081470966339111328125" lon="127.06392045132815837860107421875">
        <ele>24.3999996185302734375</ele>
        <time>2026-09-06T10:24:50.000Z</time>
        <extensions>
          <ns3:TrackPointExtension>
            <ns3:hr>147</ns3:hr>
            <ns3:cad>80</ns3:cad>
          </ns3:TrackPointExtension>
        </extensions>
      </trkpt>
      <trkpt lat="37.50865300185978412628173828125" lon="127.063891701400279998779296875">
        <ele>24</ele>
        <time>2026-09-06T10:24:51.000Z</time>
        <extensions>
          <ns3:TrackPointExtension>
            <ns3:hr>146</ns3:hr>
            <ns3:cad>80</ns3:cad>
          </ns3:TrackPointExtension>
        </extensions>
      </trkpt>
      <trkpt lat="37.5086892955005168914794921875" lon="127.0636397413909435272216796875">
        <ele>20.6000003814697265625</ele>
        <time>2026-09-06T10:27:19.000Z</time>
        <extensions>
          <ns3:TrackPointExtension>
            <ns3:hr>96</ns3:hr>
            <ns3:cad>0</ns3:cad>
          </ns3:TrackPointExtension>
        </extensions>
      </trkpt>
      <trkpt lat="37.50868518836796283721923828125" lon="127.0636062137782573699951171875">
        <ele>20.799999237060546875</ele>
        <time>2026-09-06T10:27:20.000Z</time>
        <extensions>
          <ns3:TrackPointExtension>
            <ns3:hr>95</ns3:hr>
            <ns3:cad>0</ns3:cad>
          </ns3:TrackPointExtension>
        </extensions>
      </trkpt>
      <trkpt lat="37.50867814756929874420166015625" lon="127.06357729621231555938720703125">
        <ele>20.799999237060546875</ele>
        <time>2026-09-06T10:27:21.000Z</time>
        <extensions>
          <ns3:TrackPointExtension>
            <ns3:hr>96</ns3:hr>
            <ns3:cad>0</ns3:cad>
          </ns3:TrackPointExtension>
        </extensions>
      </trkpt>
      <trkpt lat="37.5086653232574462890625" lon="127.0635327883064746856689453125">
        <ele>21</ele>
        <time>2026-09-06T10:27:22.000Z</time>
        <extensions>
          <ns3:TrackPointExtension>
            <ns3:hr>96</ns3:hr>
            <ns3:cad>0</ns3:cad>
          </ns3:TrackPointExtension>
        </extensions>
      </trkpt>
      <trkpt lat="37.508650235831737518310546875" lon="127.063486017286777496337890625">
        <ele>21</ele>
        <time>2026-09-06T10:27:23.000Z</time>
        <extensions>
          <ns3:TrackPointExtension>
            <ns3:hr>96</ns3:hr>
            <ns3:cad>0</ns3:cad>
          </ns3:TrackPointExtension>
        </extensions>
      </trkpt>
      <trkpt lat="37.5086353160440921783447265625" lon="127.06345140002667903900146484375">
        <ele>21.200000762939453125</ele>
        <time>2026-09-06T10:27:24.000Z</time>
        <extensions>
          <ns3:TrackPointExtension>
            <ns3:hr>97</ns3:hr>
            <ns3:cad>0</ns3:cad>
          </ns3:TrackPointExtension>
        </extensions>
      </trkpt>
      <trkpt lat="37.50861763022840023040771484375" lon="127.06340798176825046539306640625">
        <ele>21.200000762939453125</ele>
        <time>2026-09-06T10:27:25.000Z</time>
        <extensions>
          <ns3:TrackPointExtension>
            <ns3:hr>98</ns3:hr>
            <ns3:cad>0</ns3:cad>
          </ns3:TrackPointExtension>
        </extensions>
      </trkpt>
      <trkpt lat="37.508603967726230621337890625" lon="127.063369341194629669189453125">
        <ele>21.200000762939453125</ele>
        <time>2026-09-06T10:27:26.000Z</time>
        <extensions>
          <ns3:TrackPointExtension>
            <ns3:hr>99</ns3:hr>
            <ns3:cad>83</ns3:cad>
          </ns3:TrackPointExtension>
        </extensions>
      </trkpt>
      <trkpt lat="37.5085910595953464508056640625" lon="127.06332047469913959503173828125">
        <ele>21.200000762939453125</ele>
        <time>2026-09-06T10:27:27.000Z</time>
        <extensions>
          <ns3:TrackPointExtension>
            <ns3:hr>100</ns3:hr>
            <ns3:cad>83</ns3:cad>
          </ns3:TrackPointExtension>
        </extensions>
      </trkpt>
      <trkpt lat="37.50857370905578136444091796875" lon="127.06329055130481719970703125">
        <ele>21.200000762939453125</ele>
        <time>2026-09-06T10:27:28.000Z</time>
        <extensions>
          <ns3:TrackPointExtension>
            <ns3:hr>101</ns3:hr>
            <ns3:cad>83</ns3:cad>
          </ns3:TrackPointExtension>
        </extensions>
      </trkpt>
      <trkpt lat="37.50854688696563243865966796875" lon="127.06324118189513683319091796875">
        <ele>21.200000762939453125</ele>
        <time>2026-09-06T10:27:29.000Z</time>
        <extensions>
          <ns3:TrackPointExtension>
            <ns3:hr>102</ns3:hr>
            <ns3:cad>85</ns3:cad>
          </ns3:TrackPointExtension>
        </extensions>
      </trkpt>
      <trkpt lat="37.5085293687880039215087890625" lon="127.06320606172084808349609375">
        <ele>21.200000762939453125</ele>
        <time>2026-09-06T10:27:30.000Z</time>
        <extensions>
          <ns3:TrackPointExtension>
            <ns3:hr>104</ns3:hr>
            <ns3:cad>85</ns3:cad>
          </ns3:TrackPointExtension>
        </extensions>
      </trkpt>
      <trkpt lat="37.50850715674459934234619140625" lon="127.063160128891468048095703125">
        <ele>21.200000762939453125</ele>
        <time>2026-09-06T10:27:31.000Z</time>
        <extensions>
          <ns3:TrackPointExtension>
            <ns3:hr>105</ns3:hr>
            <ns3:cad>85</ns3:cad>
          </ns3:TrackPointExtension>
        </extensions>
      </trkpt>
      <trkpt lat="37.5084958411753177642822265625" lon="127.06311327405273914337158203125">
        <ele>21.200000762939453125</ele>
        <time>2026-09-06T10:27:32.000Z</time>
        <extensions>
          <ns3:TrackPointExtension>
            <ns3:hr>106</ns3:hr>
            <ns3:cad>87</ns3:cad>
          </ns3:TrackPointExtension>
        </extensions>
      </trkpt>
      <trkpt lat="37.5084804184734821319580078125" lon="127.06307991407811641693115234375">
        <ele>21.200000762939453125</ele>
        <time>2026-09-06T10:27:33.000Z</time>
        <extensions>
          <ns3:TrackPointExtension>
            <ns3:hr>107</ns3:hr>
            <ns3:cad>87</ns3:cad>
          </ns3:TrackPointExtension>
        </extensions>
      </trkpt>
      <trkpt lat="37.50845854170620441436767578125" lon="127.06305225379765033721923828125">
        <ele>21.200000762939453125</ele>
        <time>2026-09-06T10:27:34.000Z</time>
        <extensions>
          <ns3:TrackPointExtension>
            <ns3:hr>108</ns3:hr>
            <ns3:cad>87</ns3:cad>
          </ns3:TrackPointExtension>
        </extensions>
      </trkpt>
      <trkpt lat="37.5084375031292438507080078125" lon="127.06304890103638172149658203125">
        <ele>21.3999996185302734375</ele>
        <time>2026-09-06T10:27:35.000Z</time>
        <extensions>
          <ns3:TrackPointExtension>
            <ns3:hr>109</ns3:hr>
            <ns3:cad>87</ns3:cad>
          </ns3:TrackPointExtension>
        </extensions>
      </trkpt>
      <trkpt lat="37.50840791501104831695556640625" lon="127.06304085440933704376220703125">
        <ele>21.200000762939453125</ele>
        <time>2026-09-06T10:27:36.000Z</time>
        <extensions>
          <ns3:TrackPointExtension>
            <ns3:hr>111</ns3:hr>
            <ns3:cad>87</ns3:cad>
          </ns3:TrackPointExtension>
        </extensions>
      </trkpt>
      <trkpt lat="37.508391402661800384521484375" lon="127.0630580373108386993408203125">
        <ele>21.200000762939453125</ele>
        <time>2026-09-06T10:27:37.000Z</time>
        <extensions>
          <ns3:TrackPointExtension>
            <ns3:hr>112</ns3:hr>
            <ns3:cad>87</ns3:cad>
          </ns3:TrackPointExtension>
        </extensions>
      </trkpt>
      <trkpt lat="37.508368603885173797607421875" lon="127.06308066844940185546875">
        <ele>21.200000762939453125</ele>
        <time>2026-09-06T10:27:38.000Z</time>
        <extensions>
          <ns3:TrackPointExtension>
            <ns3:hr>112</ns3:hr>
            <ns3:cad>87</ns3:cad>
          </ns3:TrackPointExtension>
        </extensions>
      </trkpt>
      <trkpt lat="37.50834085978567600250244140625" lon="127.06310019828379154205322265625">
        <ele>21.200000762939453125</ele>
        <time>2026-09-06T10:27:39.000Z</time>
        <extensions>
          <ns3:TrackPointExtension>
            <ns3:hr>113</ns3:hr>
            <ns3:cad>85</ns3:cad>
          </ns3:TrackPointExtension>
        </extensions>
      </trkpt>
      <trkpt lat="37.50831864774227142333984375" lon="127.063117884099483489990234375">
        <ele>21.200000762939453125</ele>
        <time>2026-09-06T10:27:40.000Z</time>
        <extensions>
          <ns3:TrackPointExtension>
            <ns3:hr>114</ns3:hr>
            <ns3:cad>85</ns3:cad>
          </ns3:TrackPointExtension>
        </extensions>
      </trkpt>
      <trkpt lat="37.50828520394861698150634765625" lon="127.06313288770616054534912109375">
        <ele>21.3999996185302734375</ele>
        <time>2026-09-06T10:27:41.000Z</time>
        <extensions>
          <ns3:TrackPointExtension>
            <ns3:hr>114</ns3:hr>
            <ns3:cad>85</ns3:cad>
          </ns3:TrackPointExtension>
        </extensions>
      </trkpt>
      <trkpt lat="37.5082574598491191864013671875" lon="127.06314864568412303924560546875">
        <ele>21.6000003814697265625</ele>
        <time>2026-09-06T10:27:42.000Z</time>
        <extensions>
          <ns3:TrackPointExtension>
            <ns3:hr>115</ns3:hr>
            <ns3:cad>85</ns3:cad>
          </ns3:TrackPointExtension>
        </extensions>
      </trkpt>
      <trkpt lat="37.5082229264080524444580078125" lon="127.0631586201488971710205078125">
        <ele>21.799999237060546875</ele>
        <time>2026-09-06T10:27:43.000Z</time>
        <extensions>
          <ns3:TrackPointExtension>
            <ns3:hr>115</ns3:hr>
            <ns3:cad>85</ns3:cad>
          </ns3:TrackPointExtension>
        </extensions>
      </trkpt>
      <trkpt lat="37.50817992724478244781494140625" lon="127.0631673373281955718994140625">
        <ele>22</ele>
        <time>2026-09-06T10:27:44.000Z</time>
        <extensions>
          <ns3:TrackPointExtension>
            <ns3:hr>115</ns3:hr>
            <ns3:cad>84</ns3:cad>
          </ns3:TrackPointExtension>
        </extensions>
      </trkpt>
      <trkpt lat="37.5081478245556354522705078125" lon="127.06315618939697742462158203125">
        <ele>22.200000762939453125</ele>
        <time>2026-09-06T10:27:45.000Z</time>
        <extensions>
          <ns3:TrackPointExtension>
            <ns3:hr>116</ns3:hr>
            <ns3:cad>84</ns3:cad>
          </ns3:TrackPointExtension>
        </extensions>
      </trkpt>
      <trkpt lat="37.50811991281807422637939453125" lon="127.06314034759998321533203125">
        <ele>22.3999996185302734375</ele>
        <time>2026-09-06T10:27:46.000Z</time>
        <extensions>
          <ns3:TrackPointExtension>
            <ns3:hr>116</ns3:hr>
            <ns3:cad>84</ns3:cad>
          </ns3:TrackPointExtension>
        </extensions>
      </trkpt>
      <trkpt lat="37.50812695361673831939697265625" lon="127.063126601278781890869140625">
        <ele>22.3999996185302734375</ele>
        <time>2026-09-06T10:27:47.000Z</time>
        <extensions>
          <ns3:TrackPointExtension>
            <ns3:hr>117</ns3:hr>
            <ns3:cad>84</ns3:cad>
          </ns3:TrackPointExtension>
        </extensions>
      </trkpt>
      <trkpt lat="37.50813751481473445892333984375" lon="127.06310505978763103485107421875">
        <ele>22.3999996185302734375</ele>
        <time>2026-09-06T10:27:48.000Z</time>
        <extensions>
          <ns3:TrackPointExtension>
            <ns3:hr>119</ns3:hr>
            <ns3:cad>84</ns3:cad>
          </ns3:TrackPointExtension>
        </extensions>
      </trkpt>
      <trkpt lat="37.50815369188785552978515625" lon="127.0630627311766147613525390625">
        <ele>22.3999996185302734375</ele>
        <time>2026-09-06T10:27:49.000Z</time>
        <extensions>
          <ns3:TrackPointExtension>
            <ns3:hr>120</ns3:hr>
            <ns3:cad>84</ns3:cad>
          </ns3:TrackPointExtension>
        </extensions>
      </trkpt>
      <trkpt lat="37.50816173851490020751953125" lon="127.06303649581968784332275390625">
        <ele>22.3999996185302734375</ele>
        <time>2026-09-06T10:27:50.000Z</time>
        <extensions>
          <ns3:TrackPointExtension>
            <ns3:hr>122</ns3:hr>
            <ns3:cad>84</ns3:cad>
          </ns3:TrackPointExtension>
        </extensions>
      </trkpt>
      <trkpt lat="37.5081830285489559173583984375" lon="127.0629939995706081390380859375">
        <ele>22.200000762939453125</ele>
        <time>2026-09-06T10:27:51.000Z</time>
        <extensions>
          <ns3:TrackPointExtension>
            <ns3:hr>123</ns3:hr>
            <ns3:cad>84</ns3:cad>
          </ns3:TrackPointExtension>
        </extensions>
      </trkpt>
      <trkpt lat="37.50819166190922260284423828125" lon="127.06296508200466632843017578125">
        <ele>22.200000762939453125</ele>
        <time>2026-09-06T10:27:52.000Z</time>
        <extensions>
          <ns3:TrackPointExtension>
            <ns3:hr>123</ns3:hr>
            <ns3:cad>84</ns3:cad>
          </ns3:TrackPointExtension>
        </extensions>
      </trkpt>
      <trkpt lat="37.50820490531623363494873046875" lon="127.0629205740988254547119140625">
        <ele>22</ele>
        <time>2026-09-06T10:27:53.000Z</time>
        <extensions>
          <ns3:TrackPointExtension>
            <ns3:hr>124</ns3:hr>
            <ns3:cad>84</ns3:cad>
          </ns3:TrackPointExtension>
        </extensions>
      </trkpt>
      <trkpt lat="37.50821001827716827392578125" lon="127.062874138355255126953125">
        <ele>22</ele>
        <time>2026-09-06T10:27:54.000Z</time>
        <extensions>
          <ns3:TrackPointExtension>
            <ns3:hr>124</ns3:hr>
            <ns3:cad>84</ns3:cad>
          </ns3:TrackPointExtension>
        </extensions>
      </trkpt>
      <trkpt lat="37.50822284258902072906494140625" lon="127.06283449195325374603271484375">
        <ele>22</ele>
        <time>2026-09-06T10:27:55.000Z</time>
        <extensions>
          <ns3:TrackPointExtension>
            <ns3:hr>124</ns3:hr>
            <ns3:cad>84</ns3:cad>
          </ns3:TrackPointExtension>
        </extensions>
      </trkpt>
      <trkpt lat="37.50822535715997219085693359375" lon="127.06278369762003421783447265625">
        <ele>22</ele>
        <time>2026-09-06T10:27:56.000Z</time>
        <extensions>
          <ns3:TrackPointExtension>
            <ns3:hr>125</ns3:hr>
            <ns3:cad>85</ns3:cad>
          </ns3:TrackPointExtension>
        </extensions>
      </trkpt>
      <trkpt lat="37.50823021866381168365478515625" lon="127.06274799071252346038818359375">
        <ele>22.200000762939453125</ele>
        <time>2026-09-06T10:27:57.000Z</time>
        <extensions>
          <ns3:TrackPointExtension>
            <ns3:hr>125</ns3:hr>
            <ns3:cad>85</ns3:cad>
          </ns3:TrackPointExtension>
        </extensions>
      </trkpt>
      <trkpt lat="37.5082450546324253082275390625" lon="127.06269049085676670074462890625">
        <ele>22.200000762939453125</ele>
        <time>2026-09-06T10:27:58.000Z</time>
        <extensions>
          <ns3:TrackPointExtension>
            <ns3:hr>124</ns3:hr>
            <ns3:cad>85</ns3:cad>
          </ns3:TrackPointExtension>
        </extensions>
      </trkpt>
      <trkpt lat="37.50824756920337677001953125" lon="127.0626570470631122589111328125">
        <ele>22.200000762939453125</ele>
        <time>2026-09-06T10:27:59.000Z</time>
        <extensions>
          <ns3:TrackPointExtension>
            <ns3:hr>125</ns3:hr>
            <ns3:cad>84</ns3:cad>
          </ns3:TrackPointExtension>
        </extensions>
      </trkpt>
      <trkpt lat="37.5082614831626415252685546875" lon="127.0626040734350681304931640625">
        <ele>22.200000762939453125</ele>
        <time>2026-09-06T10:28:00.000Z</time>
        <extensions>
          <ns3:TrackPointExtension>
            <ns3:hr>126</ns3:hr>
            <ns3:cad>84</ns3:cad>
          </ns3:TrackPointExtension>
        </extensions>
      </trkpt>
      <trkpt lat="37.50827346928417682647705078125" lon="127.0625616610050201416015625">
        <ele>22.200000762939453125</ele>
        <time>2026-09-06T10:28:01.000Z</time>
        <extensions>
          <ns3:TrackPointExtension>
            <ns3:hr>126</ns3:hr>
            <ns3:cad>84</ns3:cad>
          </ns3:TrackPointExtension>
        </extensions>
      </trkpt>
      <trkpt lat="37.50828168354928493499755859375" lon="127.06252335570752620697021484375">
        <ele>22.200000762939453125</ele>
        <time>2026-09-06T10:28:02.000Z</time>
        <extensions>
          <ns3:TrackPointExtension>
            <ns3:hr>127</ns3:hr>
            <ns3:cad>84</ns3:cad>
          </ns3:TrackPointExtension>
        </extensions>
      </trkpt>
      <trkpt lat="37.5082940049469470977783203125" lon="127.06247624941170215606689453125">
        <ele>22</ele>
        <time>2026-09-06T10:28:03.000Z</time>
        <extensions>
          <ns3:TrackPointExtension>
            <ns3:hr>128</ns3:hr>
            <ns3:cad>84</ns3:cad>
          </ns3:TrackPointExtension>
        </extensions>
      </trkpt>
      <trkpt lat="37.508303225040435791015625" lon="127.062445320188999176025390625">
        <ele>21.799999237060546875</ele>
        <time>2026-09-06T10:28:04.000Z</time>
        <extensions>
          <ns3:TrackPointExtension>
            <ns3:hr>129</ns3:hr>
            <ns3:cad>84</ns3:cad>
          </ns3:TrackPointExtension>
        </extensions>
      </trkpt>
      <trkpt lat="37.5083060748875141143798828125" lon="127.0624079369008541107177734375">
        <ele>21.6000003814697265625</ele>
        <time>2026-09-06T10:28:05.000Z</time>
        <extensions>
          <ns3:TrackPointExtension>
            <ns3:hr>132</ns3:hr>
            <ns3:cad>85</ns3:cad>
          </ns3:TrackPointExtension>
        </extensions>
      </trkpt>
      <trkpt lat="37.50831806100904941558837890625" lon="127.06237046979367733001708984375">
        <ele>21.3999996185302734375</ele>
        <time>2026-09-06T10:28:06.000Z</time>
        <extensions>
          <ns3:TrackPointExtension>
            <ns3:hr>132</ns3:hr>
            <ns3:cad>85</ns3:cad>
          </ns3:TrackPointExtension>
        </extensions>
      </trkpt>
      <trkpt lat="37.50831085257232189178466796875" lon="127.06233995966613292694091796875">
        <ele>21.200000762939453125</ele>
        <time>2026-09-06T10:28:07.000Z</time>
        <extensions>
          <ns3:TrackPointExtension>
            <ns3:hr>133</ns3:hr>
            <ns3:cad>85</ns3:cad>
          </ns3:TrackPointExtension>
        </extensions>
      </trkpt>
      <trkpt lat="37.50829341821372509002685546875" lon="127.06229603849351406097412109375">
        <ele>21</ele>
        <time>2026-09-06T10:28:08.000Z</time>
        <extensions>
          <ns3:TrackPointExtension>
            <ns3:hr>133</ns3:hr>
            <ns3:cad>84</ns3:cad>
          </ns3:TrackPointExtension>
        </extensions>
      </trkpt>
      <trkpt lat="37.50828503631055355072021484375" lon="127.062270306050777435302734375">
        <ele>21</ele>
        <time>2026-09-06T10:28:09.000Z</time>
        <extensions>
          <ns3:TrackPointExtension>
            <ns3:hr>134</ns3:hr>
            <ns3:cad>83</ns3:cad>
          </ns3:TrackPointExtension>
        </extensions>
      </trkpt>
      <trkpt lat="37.50827766023576259613037109375" lon="127.06223669461905956268310546875">
        <ele>21</ele>
        <time>2026-09-06T10:28:10.000Z</time>
        <extensions>
          <ns3:TrackPointExtension>
            <ns3:hr>134</ns3:hr>
            <ns3:cad>83</ns3:cad>
          </ns3:TrackPointExtension>
        </extensions>
      </trkpt>
      <trkpt lat="37.50826206989586353302001953125" lon="127.06219621002674102783203125">
        <ele>21</ele>
        <time>2026-09-06T10:28:11.000Z</time>
        <extensions>
          <ns3:TrackPointExtension>
            <ns3:hr>134</ns3:hr>
            <ns3:cad>83</ns3:cad>
          </ns3:TrackPointExtension>
        </extensions>
      </trkpt>
      <trkpt lat="37.508241198956966400146484375" lon="127.06217232160270214080810546875">
        <ele>21</ele>
        <time>2026-09-06T10:28:12.000Z</time>
        <extensions>
          <ns3:TrackPointExtension>
            <ns3:hr>134</ns3:hr>
            <ns3:cad>84</ns3:cad>
          </ns3:TrackPointExtension>
        </extensions>
      </trkpt>
      <trkpt lat="37.50822317786514759063720703125" lon="127.062127478420734405517578125">
        <ele>20.799999237060546875</ele>
        <time>2026-09-06T10:28:13.000Z</time>
        <extensions>
          <ns3:TrackPointExtension>
            <ns3:hr>134</ns3:hr>
            <ns3:cad>84</ns3:cad>
          </ns3:TrackPointExtension>
        </extensions>
      </trkpt>
      <trkpt lat="37.50821462832391262054443359375" lon="127.0621011592447757720947265625">
        <ele>20.6000003814697265625</ele>
        <time>2026-09-06T10:28:14.000Z</time>
        <extensions>
          <ns3:TrackPointExtension>
            <ns3:hr>134</ns3:hr>
            <ns3:cad>84</ns3:cad>
          </ns3:TrackPointExtension>
        </extensions>
      </trkpt>
      <trkpt lat="37.50820389948785305023193359375" lon="127.0620679669082164764404296875">
        <ele>20.6000003814697265625</ele>
        <time>2026-09-06T10:28:15.000Z</time>
        <extensions>
          <ns3:TrackPointExtension>
            <ns3:hr>135</ns3:hr>
            <ns3:cad>84</ns3:cad>
          </ns3:TrackPointExtension>
        </extensions>
      </trkpt>
      <trkpt lat="37.5081934221088886260986328125" lon="127.06202697940170764923095703125">
        <ele>20.6000003814697265625</ele>
        <time>2026-09-06T10:28:16.000Z</time>
        <extensions>
          <ns3:TrackPointExtension>
            <ns3:hr>135</ns3:hr>
            <ns3:cad>84</ns3:cad>
          </ns3:TrackPointExtension>
        </extensions>
      </trkpt>
      <trkpt lat="37.5081836991012096405029296875" lon="127.0619983971118927001953125">
        <ele>20.799999237060546875</ele>
        <time>2026-09-06T10:28:17.000Z</time>
        <extensions>
          <ns3:TrackPointExtension>
            <ns3:hr>135</ns3:hr>
            <ns3:cad>84</ns3:cad>
          </ns3:TrackPointExtension>
        </extensions>
      </trkpt>
      <trkpt lat="37.508173473179340362548828125" lon="127.06195657141506671905517578125">
        <ele>21</ele>
        <time>2026-09-06T10:28:18.000Z</time>
        <extensions>
          <ns3:TrackPointExtension>
            <ns3:hr>135</ns3:hr>
            <ns3:cad>84</ns3:cad>
          </ns3:TrackPointExtension>
        </extensions>
      </trkpt>
      <trkpt lat="37.50816643238067626953125" lon="127.06192438490688800811767578125">
        <ele>21.200000762939453125</ele>
        <time>2026-09-06T10:28:19.000Z</time>
        <extensions>
          <ns3:TrackPointExtension>
            <ns3:hr>135</ns3:hr>
            <ns3:cad>84</ns3:cad>
          </ns3:TrackPointExtension>
        </extensions>
      </trkpt>
      <trkpt lat="37.50815478153526782989501953125" lon="127.06188532523810863494873046875">
        <ele>21.3999996185302734375</ele>
        <time>2026-09-06T10:28:20.000Z</time>
        <extensions>
          <ns3:TrackPointExtension>
            <ns3:hr>135</ns3:hr>
            <ns3:cad>84</ns3:cad>
          </ns3:TrackPointExtension>
        </extensions>
      </trkpt>
      <trkpt lat="37.50814405269920825958251953125" lon="127.061844170093536376953125">
        <ele>21.3999996185302734375</ele>
        <time>2026-09-06T10:28:21.000Z</time>
        <extensions>
          <ns3:TrackPointExtension>
            <ns3:hr>136</ns3:hr>
            <ns3:cad>84</ns3:cad>
          </ns3:TrackPointExtension>
        </extensions>
      </trkpt>
      <trkpt lat="37.50813164748251438140869140625" lon="127.06180301494896411895751953125">
        <ele>21.6000003814697265625</ele>
        <time>2026-09-06T10:28:22.000Z</time>
        <extensions>
          <ns3:TrackPointExtension>
            <ns3:hr>136</ns3:hr>
            <ns3:cad>84</ns3:cad>
          </ns3:TrackPointExtension>
        </extensions>
      </trkpt>
      <trkpt lat="37.508126534521579742431640625" lon="127.06176512874662876129150390625">
        <ele>21.6000003814697265625</ele>
        <time>2026-09-06T10:28:23.000Z</time>
        <extensions>
          <ns3:TrackPointExtension>
            <ns3:hr>136</ns3:hr>
            <ns3:cad>84</ns3:cad>
          </ns3:TrackPointExtension>
        </extensions>
      </trkpt>
      <trkpt lat="37.50811656005680561065673828125" lon="127.0617387257516384124755859375">
        <ele>21.6000003814697265625</ele>
        <time>2026-09-06T10:28:24.000Z</time>
        <extensions>
          <ns3:TrackPointExtension>
            <ns3:hr>136</ns3:hr>
            <ns3:cad>85</ns3:cad>
          </ns3:TrackPointExtension>
        </extensions>
      </trkpt>
      <trkpt lat="37.5081060826778411865234375" lon="127.061693966388702392578125">
        <ele>21.799999237060546875</ele>
        <time>2026-09-06T10:28:25.000Z</time>
        <extensions>
          <ns3:TrackPointExtension>
            <ns3:hr>136</ns3:hr>
            <ns3:cad>85</ns3:cad>
          </ns3:TrackPointExtension>
        </extensions>
      </trkpt>
      <trkpt lat="37.50809334218502044677734375" lon="127.06165172159671783447265625">
        <ele>21.6000003814697265625</ele>
        <time>2026-09-06T10:28:26.000Z</time>
        <extensions>
          <ns3:TrackPointExtension>
            <ns3:hr>136</ns3:hr>
            <ns3:cad>85</ns3:cad>
          </ns3:TrackPointExtension>
        </extensions>
      </trkpt>
      <trkpt lat="37.50808303244411945343017578125" lon="127.06160956062376499176025390625">
        <ele>21.6000003814697265625</ele>
        <time>2026-09-06T10:28:27.000Z</time>
        <extensions>
          <ns3:TrackPointExtension>
            <ns3:hr>137</ns3:hr>
            <ns3:cad>85</ns3:cad>
          </ns3:TrackPointExtension>
        </extensions>
      </trkpt>
      <trkpt lat="37.5080733932554721832275390625" lon="127.06156899221241474151611328125">
        <ele>21.6000003814697265625</ele>
        <time>2026-09-06T10:28:28.000Z</time>
        <extensions>
          <ns3:TrackPointExtension>
            <ns3:hr>137</ns3:hr>
            <ns3:cad>85</ns3:cad>
          </ns3:TrackPointExtension>
        </extensions>
      </trkpt>
      <trkpt lat="37.50806073658168315887451171875" lon="127.0615368895232677459716796875">
        <ele>21.3999996185302734375</ele>
        <time>2026-09-06T10:28:29.000Z</time>
        <extensions>
          <ns3:TrackPointExtension>
            <ns3:hr>137</ns3:hr>
            <ns3:cad>85</ns3:cad>
          </ns3:TrackPointExtension>
        </extensions>
      </trkpt>
      <trkpt lat="37.5080465711653232574462890625" lon="127.061493806540966033935546875">
        <ele>21.3999996185302734375</ele>
        <time>2026-09-06T10:28:30.000Z</time>
        <extensions>
          <ns3:TrackPointExtension>
            <ns3:hr>138</ns3:hr>
            <ns3:cad>85</ns3:cad>
          </ns3:TrackPointExtension>
        </extensions>
      </trkpt>
      <trkpt lat="37.508044056594371795654296875" lon="127.06146958284080028533935546875">
        <ele>21.200000762939453125</ele>
        <time>2026-09-06T10:28:31.000Z</time>
        <extensions>
          <ns3:TrackPointExtension>
            <ns3:hr>138</ns3:hr>
            <ns3:cad>85</ns3:cad>
          </ns3:TrackPointExtension>
        </extensions>
      </trkpt>
      <trkpt lat="37.508031316101551055908203125" lon="127.0614265836775302886962890625">
        <ele>21.200000762939453125</ele>
        <time>2026-09-06T10:28:32.000Z</time>
        <extensions>
          <ns3:TrackPointExtension>
            <ns3:hr>138</ns3:hr>
            <ns3:cad>85</ns3:cad>
          </ns3:TrackPointExtension>
        </extensions>
      </trkpt>
      <trkpt lat="37.5080244429409503936767578125" lon="127.06138693727552890777587890625">
        <ele>21.200000762939453125</ele>
        <time>2026-09-06T10:28:33.000Z</time>
        <extensions>
          <ns3:TrackPointExtension>
            <ns3:hr>138</ns3:hr>
            <ns3:cad>85</ns3:cad>
          </ns3:TrackPointExtension>
        </extensions>
      </trkpt>
      <trkpt lat="37.50801564194262027740478515625" lon="127.061350978910923004150390625">
        <ele>21.3999996185302734375</ele>
        <time>2026-09-06T10:28:34.000Z</time>
        <extensions>
          <ns3:TrackPointExtension>
            <ns3:hr>137</ns3:hr>
            <ns3:cad>85</ns3:cad>
          </ns3:TrackPointExtension>
        </extensions>
      </trkpt>
      <trkpt lat="37.5080122053623199462890625" lon="127.06131619401276111602783203125">
        <ele>21.3999996185302734375</ele>
        <time>2026-09-06T10:28:35.000Z</time>
        <extensions>
          <ns3:TrackPointExtension>
            <ns3:hr>138</ns3:hr>
            <ns3:cad>85</ns3:cad>
          </ns3:TrackPointExtension>
        </extensions>
      </trkpt>
      <trkpt lat="37.5080023147165775299072265625" lon="127.06127713434398174285888671875">
        <ele>21.3999996185302734375</ele>
        <time>2026-09-06T10:28:36.000Z</time>
        <extensions>
          <ns3:TrackPointExtension>
            <ns3:hr>138</ns3:hr>
            <ns3:cad>85</ns3:cad>
          </ns3:TrackPointExtension>
        </extensions>
      </trkpt>
      <trkpt lat="37.50799334608018398284912109375" lon="127.06122667528688907623291015625">
        <ele>21.3999996185302734375</ele>
        <time>2026-09-06T10:28:37.000Z</time>
        <extensions>
          <ns3:TrackPointExtension>
            <ns3:hr>138</ns3:hr>
            <ns3:cad>86</ns3:cad>
          </ns3:TrackPointExtension>
        </extensions>
      </trkpt>
      <trkpt lat="37.5079798512160778045654296875" lon="127.06119851209223270416259765625">
        <ele>21.3999996185302734375</ele>
        <time>2026-09-06T10:28:38.000Z</time>
        <extensions>
          <ns3:TrackPointExtension>
            <ns3:hr>139</ns3:hr>
            <ns3:cad>86</ns3:cad>
          </ns3:TrackPointExtension>
        </extensions>
      </trkpt>
      <trkpt lat="37.50796250067651271820068359375" lon="127.0611586980521678924560546875">
        <ele>21.3999996185302734375</ele>
        <time>2026-09-06T10:28:39.000Z</time>
        <extensions>
          <ns3:TrackPointExtension>
            <ns3:hr>139</ns3:hr>
            <ns3:cad>86</ns3:cad>
          </ns3:TrackPointExtension>
        </extensions>
      </trkpt>
      <trkpt lat="37.50795680098235607147216796875" lon="127.06112978048622608184814453125">
        <ele>21.200000762939453125</ele>
        <time>2026-09-06T10:28:40.000Z</time>
        <extensions>
          <ns3:TrackPointExtension>
            <ns3:hr>139</ns3:hr>
            <ns3:cad>86</ns3:cad>
          </ns3:TrackPointExtension>
        </extensions>
      </trkpt>
      <trkpt lat="37.507940120995044708251953125" lon="127.06109290011227130889892578125">
        <ele>21.200000762939453125</ele>
        <time>2026-09-06T10:28:41.000Z</time>
        <extensions>
          <ns3:TrackPointExtension>
            <ns3:hr>139</ns3:hr>
            <ns3:cad>86</ns3:cad>
          </ns3:TrackPointExtension>
        </extensions>
      </trkpt>
      <trkpt lat="37.5079288892447948455810546875" lon="127.0610581152141094207763671875">
        <ele>21.3999996185302734375</ele>
        <time>2026-09-06T10:28:42.000Z</time>
        <extensions>
          <ns3:TrackPointExtension>
            <ns3:hr>139</ns3:hr>
            <ns3:cad>86</ns3:cad>
          </ns3:TrackPointExtension>
        </extensions>
      </trkpt>
      <trkpt lat="37.50791958533227443695068359375" lon="127.0610269345343112945556640625">
        <ele>21.6000003814697265625</ele>
        <time>2026-09-06T10:28:43.000Z</time>
        <extensions>
          <ns3:TrackPointExtension>
            <ns3:hr>138</ns3:hr>
            <ns3:cad>86</ns3:cad>
          </ns3:TrackPointExtension>
        </extensions>
      </trkpt>
      <trkpt lat="37.50790835358202457427978515625" lon="127.06099164672195911407470703125">
        <ele>21.6000003814697265625</ele>
        <time>2026-09-06T10:28:44.000Z</time>
        <extensions>
          <ns3:TrackPointExtension>
            <ns3:hr>138</ns3:hr>
            <ns3:cad>86</ns3:cad>
          </ns3:TrackPointExtension>
        </extensions>
      </trkpt>
      <trkpt lat="37.50790013931691646575927734375" lon="127.06096750684082508087158203125">
        <ele>21.6000003814697265625</ele>
        <time>2026-09-06T10:28:45.000Z</time>
        <extensions>
          <ns3:TrackPointExtension>
            <ns3:hr>138</ns3:hr>
            <ns3:cad>87</ns3:cad>
          </ns3:TrackPointExtension>
        </extensions>
      </trkpt>
      <trkpt lat="37.5078910030424594879150390625" lon="127.06092593260109424591064453125">
        <ele>21.799999237060546875</ele>
        <time>2026-09-06T10:28:46.000Z</time>
        <extensions>
          <ns3:TrackPointExtension>
            <ns3:hr>138</ns3:hr>
            <ns3:cad>87</ns3:cad>
          </ns3:TrackPointExtension>
        </extensions>
      </trkpt>
      <trkpt lat="37.507881112396717071533203125" lon="127.06089198589324951171875">
        <ele>21.6000003814697265625</ele>
        <time>2026-09-06T10:28:47.000Z</time>
        <extensions>
          <ns3:TrackPointExtension>
            <ns3:hr>139</ns3:hr>
            <ns3:cad>87</ns3:cad>
          </ns3:TrackPointExtension>
        </extensions>
      </trkpt>
      <trkpt lat="37.507872395217418670654296875" lon="127.06084915436804294586181640625">
        <ele>21.6000003814697265625</ele>
        <time>2026-09-06T10:28:48.000Z</time>
        <extensions>
          <ns3:TrackPointExtension>
            <ns3:hr>139</ns3:hr>
            <ns3:cad>86</ns3:cad>
          </ns3:TrackPointExtension>
        </extensions>
      </trkpt>
      <trkpt lat="37.50786309130489826202392578125" lon="127.06080825068056583404541015625">
        <ele>21.6000003814697265625</ele>
        <time>2026-09-06T10:28:49.000Z</time>
        <extensions>
          <ns3:TrackPointExtension>
            <ns3:hr>139</ns3:hr>
            <ns3:cad>85</ns3:cad>
          </ns3:TrackPointExtension>
        </extensions>
      </trkpt>
      <trkpt lat="37.50784934498369693756103515625" lon="127.06077396869659423828125">
        <ele>21.6000003814697265625</ele>
        <time>2026-09-06T10:28:50.000Z</time>
        <extensions>
          <ns3:TrackPointExtension>
            <ns3:hr>140</ns3:hr>
            <ns3:cad>85</ns3:cad>
          </ns3:TrackPointExtension>
        </extensions>
      </trkpt>
      <trkpt lat="37.5078319944441318511962890625" lon="127.0607308857142925262451171875">
        <ele>21.799999237060546875</ele>
        <time>2026-09-06T10:28:51.000Z</time>
        <extensions>
          <ns3:TrackPointExtension>
            <ns3:hr>140</ns3:hr>
            <ns3:cad>85</ns3:cad>
          </ns3:TrackPointExtension>
        </extensions>
      </trkpt>
      <trkpt lat="37.5078192539513111114501953125" lon="127.06069828011095523834228515625">
        <ele>21.799999237060546875</ele>
        <time>2026-09-06T10:28:52.000Z</time>
        <extensions>
          <ns3:TrackPointExtension>
            <ns3:hr>140</ns3:hr>
            <ns3:cad>85</ns3:cad>
          </ns3:TrackPointExtension>
        </extensions>
      </trkpt>
      <trkpt lat="37.50780223868787288665771484375" lon="127.06065502949059009552001953125">
        <ele>21.799999237060546875</ele>
        <time>2026-09-06T10:28:53.000Z</time>
        <extensions>
          <ns3:TrackPointExtension>
            <ns3:hr>140</ns3:hr>
            <ns3:cad>85</ns3:cad>
          </ns3:TrackPointExtension>
        </extensions>
      </trkpt>
      <trkpt lat="37.507787905633449554443359375" lon="127.060620747506618499755859375">
        <ele>21.799999237060546875</ele>
        <time>2026-09-06T10:28:54.000Z</time>
        <extensions>
          <ns3:TrackPointExtension>
            <ns3:hr>140</ns3:hr>
            <ns3:cad>85</ns3:cad>
          </ns3:TrackPointExtension>
        </extensions>
      </trkpt>
      <trkpt lat="37.5077761709690093994140625" lon="127.060583867132663726806640625">
        <ele>21.6000003814697265625</ele>
        <time>2026-09-06T10:28:55.000Z</time>
        <extensions>
          <ns3:TrackPointExtension>
            <ns3:hr>141</ns3:hr>
            <ns3:cad>85</ns3:cad>
          </ns3:TrackPointExtension>
        </extensions>
      </trkpt>
      <trkpt lat="37.5077641010284423828125" lon="127.06054405309259891510009765625">
        <ele>21.6000003814697265625</ele>
        <time>2026-09-06T10:28:56.000Z</time>
        <extensions>
          <ns3:TrackPointExtension>
            <ns3:hr>141</ns3:hr>
            <ns3:cad>85</ns3:cad>
          </ns3:TrackPointExtension>
        </extensions>
      </trkpt>
      <trkpt lat="37.50775060616433620452880859375" lon="127.0605089329183101654052734375">
        <ele>21.3999996185302734375</ele>
        <time>2026-09-06T10:28:57.000Z</time>
        <extensions>
          <ns3:TrackPointExtension>
            <ns3:hr>141</ns3:hr>
            <ns3:cad>85</ns3:cad>
          </ns3:TrackPointExtension>
        </extensions>
      </trkpt>
      <trkpt lat="37.50773870386183261871337890625" lon="127.06046392209827899932861328125">
        <ele>21.3999996185302734375</ele>
        <time>2026-09-06T10:28:58.000Z</time>
        <extensions>
          <ns3:TrackPointExtension>
            <ns3:hr>141</ns3:hr>
            <ns3:cad>85</ns3:cad>
          </ns3:TrackPointExtension>
        </extensions>
      </trkpt>
      <trkpt lat="37.507730238139629364013671875" lon="127.060429640114307403564453125">
        <ele>21.6000003814697265625</ele>
        <time>2026-09-06T10:28:59.000Z</time>
        <extensions>
          <ns3:TrackPointExtension>
            <ns3:hr>142</ns3:hr>
            <ns3:cad>85</ns3:cad>
          </ns3:TrackPointExtension>
        </extensions>
      </trkpt>
      <trkpt lat="37.50771406106650829315185546875" lon="127.06038169562816619873046875">
        <ele>21.6000003814697265625</ele>
        <time>2026-09-06T10:29:00.000Z</time>
        <extensions>
          <ns3:TrackPointExtension>
            <ns3:hr>142</ns3:hr>
            <ns3:cad>87</ns3:cad>
          </ns3:TrackPointExtension>
        </extensions>
      </trkpt>
      <trkpt lat="37.50770601443946361541748046875" lon="127.06034674309194087982177734375">
        <ele>21.799999237060546875</ele>
        <time>2026-09-06T10:29:01.000Z</time>
        <extensions>
          <ns3:TrackPointExtension>
            <ns3:hr>142</ns3:hr>
            <ns3:cad>87</ns3:cad>
          </ns3:TrackPointExtension>
        </extensions>
      </trkpt>
      <trkpt lat="37.5076925195753574371337890625" lon="127.06030751578509807586669921875">
        <ele>21.799999237060546875</ele>
        <time>2026-09-06T10:29:02.000Z</time>
        <extensions>
          <ns3:TrackPointExtension>
            <ns3:hr>141</ns3:hr>
            <ns3:cad>87</ns3:cad>
          </ns3:TrackPointExtension>
        </extensions>
      </trkpt>
      <trkpt lat="37.5076814554631710052490234375" lon="127.0602782629430294036865234375">
        <ele>21.799999237060546875</ele>
        <time>2026-09-06T10:29:03.000Z</time>
        <extensions>
          <ns3:TrackPointExtension>
            <ns3:hr>142</ns3:hr>
            <ns3:cad>87</ns3:cad>
          </ns3:TrackPointExtension>
        </extensions>
      </trkpt>
      <trkpt lat="37.5076767615973949432373046875" lon="127.0602420531213283538818359375">
        <ele>22</ele>
        <time>2026-09-06T10:29:04.000Z</time>
        <extensions>
          <ns3:TrackPointExtension>
            <ns3:hr>142</ns3:hr>
            <ns3:cad>87</ns3:cad>
          </ns3:TrackPointExtension>
        </extensions>
      </trkpt>
      <trkpt lat="37.50767265446484088897705078125" lon="127.0602048374712467193603515625">
        <ele>22</ele>
        <time>2026-09-06T10:29:05.000Z</time>
        <extensions>
          <ns3:TrackPointExtension>
            <ns3:hr>143</ns3:hr>
            <ns3:cad>87</ns3:cad>
          </ns3:TrackPointExtension>
        </extensions>
      </trkpt>
      <trkpt lat="37.50766376964747905731201171875" lon="127.06017776392400264739990234375">
        <ele>22</ele>
        <time>2026-09-06T10:29:06.000Z</time>
        <extensions>
          <ns3:TrackPointExtension>
            <ns3:hr>143</ns3:hr>
            <ns3:cad>87</ns3:cad>
          </ns3:TrackPointExtension>
        </extensions>
      </trkpt>
      <trkpt lat="37.50765077769756317138671875" lon="127.0601361058652400970458984375">
        <ele>22</ele>
        <time>2026-09-06T10:29:07.000Z</time>
        <extensions>
          <ns3:TrackPointExtension>
            <ns3:hr>144</ns3:hr>
            <ns3:cad>86</ns3:cad>
          </ns3:TrackPointExtension>
        </extensions>
      </trkpt>
      <trkpt lat="37.50764407217502593994140625" lon="127.060107775032520294189453125">
        <ele>22.200000762939453125</ele>
        <time>2026-09-06T10:29:08.000Z</time>
        <extensions>
          <ns3:TrackPointExtension>
            <ns3:hr>144</ns3:hr>
            <ns3:cad>86</ns3:cad>
          </ns3:TrackPointExtension>
        </extensions>
      </trkpt>
      <trkpt lat="37.5076340138912200927734375" lon="127.06006913445889949798583984375">
        <ele>22</ele>
        <time>2026-09-06T10:29:09.000Z</time>
        <extensions>
          <ns3:TrackPointExtension>
            <ns3:hr>143</ns3:hr>
            <ns3:cad>86</ns3:cad>
          </ns3:TrackPointExtension>
        </extensions>
      </trkpt>
      <trkpt lat="37.5076251290738582611083984375" lon="127.06003376282751560211181640625">
        <ele>22.200000762939453125</ele>
        <time>2026-09-06T10:29:10.000Z</time>
        <extensions>
          <ns3:TrackPointExtension>
            <ns3:hr>143</ns3:hr>
            <ns3:cad>86</ns3:cad>
          </ns3:TrackPointExtension>
        </extensions>
      </trkpt>
      <trkpt lat="37.50761632807552814483642578125" lon="127.05998648889362812042236328125">
        <ele>22</ele>
        <time>2026-09-06T10:29:11.000Z</time>
        <extensions>
          <ns3:TrackPointExtension>
            <ns3:hr>143</ns3:hr>
            <ns3:cad>86</ns3:cad>
          </ns3:TrackPointExtension>
        </extensions>
      </trkpt>
      <trkpt lat="37.50760744325816631317138671875" lon="127.05994793213903903961181640625">
        <ele>22</ele>
        <time>2026-09-06T10:29:12.000Z</time>
        <extensions>
          <ns3:TrackPointExtension>
            <ns3:hr>143</ns3:hr>
            <ns3:cad>87</ns3:cad>
          </ns3:TrackPointExtension>
        </extensions>
      </trkpt>
      <trkpt lat="37.50759336166083812713623046875" lon="127.0599161647260189056396484375">
        <ele>22</ele>
        <time>2026-09-06T10:29:13.000Z</time>
        <extensions>
          <ns3:TrackPointExtension>
            <ns3:hr>144</ns3:hr>
            <ns3:cad>87</ns3:cad>
          </ns3:TrackPointExtension>
        </extensions>
      </trkpt>
      <trkpt lat="37.50757575966417789459228515625" lon="127.0598749257624149322509765625">
        <ele>22</ele>
        <time>2026-09-06T10:29:14.000Z</time>
        <extensions>
          <ns3:TrackPointExtension>
            <ns3:hr>144</ns3:hr>
            <ns3:cad>87</ns3:cad>
          </ns3:TrackPointExtension>
        </extensions>
      </trkpt>
      <trkpt lat="37.5075392983853816986083984375" lon="127.05979697406291961669921875">
        <ele>22</ele>
        <time>2026-09-06T10:29:15.000Z</time>
        <extensions>
          <ns3:TrackPointExtension>
            <ns3:hr>144</ns3:hr>
            <ns3:cad>87</ns3:cad>
          </ns3:TrackPointExtension>
        </extensions>
      </trkpt>
      <trkpt lat="37.5075245462357997894287109375" lon="127.05977819859981536865234375">
        <ele>22</ele>
        <time>2026-09-06T10:29:16.000Z</time>
        <extensions>
          <ns3:TrackPointExtension>
            <ns3:hr>144</ns3:hr>
            <ns3:cad>86</ns3:cad>
          </ns3:TrackPointExtension>
        </extensions>
      </trkpt>
      <trkpt lat="37.5074997358024120330810546875" lon="127.0597468502819538116455078125">
        <ele>22</ele>
        <time>2026-09-06T10:29:17.000Z</time>
        <extensions>
          <ns3:TrackPointExtension>
            <ns3:hr>144</ns3:hr>
            <ns3:cad>86</ns3:cad>
          </ns3:TrackPointExtension>
        </extensions>
      </trkpt>
      <trkpt lat="37.50748573802411556243896484375" lon="127.0597233809530735015869140625">
        <ele>22</ele>
        <time>2026-09-06T10:29:18.000Z</time>
        <extensions>
          <ns3:TrackPointExtension>
            <ns3:hr>144</ns3:hr>
            <ns3:cad>86</ns3:cad>
          </ns3:TrackPointExtension>
        </extensions>
      </trkpt>
      <trkpt lat="37.50746327452361583709716796875" lon="127.05968976952135562896728515625">
        <ele>22.200000762939453125</ele>
        <time>2026-09-06T10:29:19.000Z</time>
        <extensions>
          <ns3:TrackPointExtension>
            <ns3:hr>144</ns3:hr>
            <ns3:cad>86</ns3:cad>
          </ns3:TrackPointExtension>
        </extensions>
      </trkpt>
      <trkpt lat="37.50744181685149669647216796875" lon="127.0596643723547458648681640625">
        <ele>22</ele>
        <time>2026-09-06T10:29:20.000Z</time>
        <extensions>
          <ns3:TrackPointExtension>
            <ns3:hr>144</ns3:hr>
            <ns3:cad>86</ns3:cad>
          </ns3:TrackPointExtension>
        </extensions>
      </trkpt>
      <trkpt lat="37.50743712298572063446044921875" lon="127.05964433960616588592529296875">
        <ele>22</ele>
        <time>2026-09-06T10:29:21.000Z</time>
        <extensions>
          <ns3:TrackPointExtension>
            <ns3:hr>144</ns3:hr>
            <ns3:cad>86</ns3:cad>
          </ns3:TrackPointExtension>
        </extensions>
      </trkpt>
    </trkseg>
  </trk>
</gpx>
